frame_index,wall_ms,preprocess_ms,inference_ms,postprocess_ms
11,81.08021400403231,1.0810780004248954,78.31687299767509,0.29131599876563996
12,83.44346300145844,1.1105030062026344,81.20895599859068,0.29779699980281293
13,82.00068099540658,0.9570030015311204,79.9401000040234,0.28800099971704185
14,85.04641200124752,1.5509869990637526,82.35353299824055,0.29366800299612805
15,85.43493199977092,1.1416699999244884,83.11966600012966,0.287926995952148
16,81.07099300104892,0.92987300013192,78.81559700035723,0.2945380037999712
17,89.3211849979707,1.0297810003976338,87.14584500557976,0.2932969946414232
18,81.65677200304344,1.0243549986626022,79.51939499616856,0.2999639982590452
19,92.72232499642996,1.2290040031075478,90.34068800247042,0.2842229951056652
20,84.53648500290001,1.0934660022030585,82.30479199846741,0.31711200426798314
21,82.3517550015822,0.9595770025043748,78.63604099838994,0.29698299476876855
22,92.99267800088273,1.0353179968660697,90.83507800096413,0.2905750006902963
23,81.06415899965214,1.103096001315862,78.7675220053643,0.29355700098676607
24,89.75676100089913,0.9195950042339973,86.73636199819157,0.28814899997087196
25,80.79493599507259,0.9728549994179048,78.71768900076859,0.29464899853337556
26,87.04499200393911,1.0593370025162585,84.87778199923923,0.2968339977087453
27,81.2719189998461,1.086891999875661,79.01265300461091,0.29466699925251305
28,83.62055599718587,0.9384649965795688,80.66613900155062,0.29399999766610563
29,84.35091099818237,1.0006320007960312,82.23888499924215,0.28818700229749084
30,82.02012500260025,0.9468920034123585,79.00582000002032,0.2873150006053038
31,85.71259900054429,1.046780998876784,83.51627799856942,0.28790799842681736
32,82.51840499724494,1.0897440006374381,80.31499000207987,0.2960010024253279
33,82.77107200410683,0.9808359973249026,80.62541700201109,0.30894500378053635
34,88.50907099986216,1.9271169949206524,84.06570599618135,0.32811200071591884
35,82.29221800138475,1.063133000570815,80.0672859986662,0.2904459979617968
36,97.28230299515417,1.0505210011615418,95.13014699768974,0.2872789991670288
37,88.00747700297507,0.9006879990920424,84.4126879965188,0.31648200092604384
38,98.81682499690214,1.2837440008297563,93.91499600315001,0.29820499912602827
39,82.23983000061708,1.780894999683369,79.24911699956283,0.29689000075450167
40,85.5381360015599,1.2198920012451708,83.20479500252986,0.2951120040961541
41,82.96190499822842,1.7624500032979995,80.03908200043952,0.29420499777188525
42,81.89038400450954,1.0609110031509772,78.59104000090156,0.2843149995896965
43,96.10933599469718,1.0712069997680373,93.81258799839998,0.3039270013687201
44,82.0932360002189,1.0917809995589778,79.83439599775011,0.29431599978124723
45,89.27505600149743,1.5700599979027174,86.55726900178706,0.2930749978986569
46,82.43029299774207,0.9448370037716813,79.47454300301615,0.29235299734864384
47,92.93573300237767,1.0943549932562746,90.65409700269811,0.2936489981948398
48,82.91586799896322,1.0574110056040809,80.73628800048027,0.2982419973704964
49,86.0404710037983,1.5478189961868338,83.3116659996449,0.3166489987052046
50,89.38812999986112,1.3643189959111623,86.2831010017544,0.2979079945362173
51,82.07647699600784,1.0872989951167256,79.80004399723839,0.29748299857601523
52,85.16782000515377,1.316689005761873,82.69157200265909,0.29553799686254933
53,82.10232899727998,1.0344850015826523,78.33081699936884,0.28529800329124555
54,84.08748399961041,1.7477459987276234,81.24671499535907,0.3031310043297708
55,82.76884900260484,1.196780998725444,80.41484199929982,0.29414999880827963
56,81.18782699602889,1.198374004161451,78.86824500019429,0.2869460004149005
57,84.56709600432077,0.9186690003843978,82.541236995894,0.2882049957406707
58,81.8581979983719,0.9395770030096173,78.58265200047754,0.3409079945413396
59,88.70501699857414,0.9155769948847592,85.63604400114855,0.2981119978358038
60,80.92512100120075,1.0683369982871227,78.46894799877191,0.27894599770661443
61,91.18750599736813,1.6240050026681274,88.42495900171343,0.28863099578302354
62,84.39204000023892,1.0168549997615628,82.26019999710843,0.2938720062957145
63,82.7965159987798,1.1782260044128634,80.4363610004657,0.31963099900167435
64,87.11688200128265,1.2079660009476356,84.81385599588975,0.29505600105039775
65,88.92059099889593,3.024619996722322,84.44207700085826,0.3350749975652434
66,88.46192300552502,1.913820997287985,85.464376003074,0.2996120019815862
67,82.34819999779575,1.060188005794771,80.14174900017679,0.28916799783473834
68,86.24469400092494,1.0859670001082122,84.05851999850711,0.2893150012823753
69,83.8817600015318,0.9623549995012581,81.78368000517366,0.2924269938375801
70,81.65214299515355,0.9937259965226986,79.56956200359855,0.29144500149413943
71,86.12967500084778,0.9543359992676415,83.29046300059417,0.29542699485318735
72,82.85479400365148,0.959984005021397,79.45919100166066,0.29127900052117184
73,91.36596899770666,0.9626879982533865,89.2360730067594,0.29103799897711724
74,81.37292000174057,1.0451519992784597,79.22633900307119,0.2975009992951527
75,89.45933299401077,1.0142069950234145,87.13543700287119,0.4261499998392537
76,86.75108400348108,1.7661719975876622,83.39574000274297,0.3053339969483204
77,82.17649599828292,1.7035049968399107,79.32187600090401,0.2944269945146516
78,93.1334560009418,1.9175249981344678,90.07879799901275,0.33750099828466773
79,94.45007100293878,1.773487005266361,91.52726599859307,0.29172299400670454
80,86.77082500071265,1.0418919991934672,84.58713300206,0.2908340029534884
81,82.02749599877279,0.9607809988665394,79.90687799610896,0.29648200143128633
82,86.97862199915107,1.0122620005859062,84.82824500242714,0.30839000100968406
83,81.88716199947521,1.0456519958097488,79.6141179962433,0.37290799809852615
84,137.72248299937928,1.0117630008608103,134.50375200045528,0.3241119993617758
85,81.73825399717316,1.598283000930678,79.00563500152202,0.2957230026368052
86,90.72130000276957,1.2818010000046343,88.25588499894366,0.2942610008176416
87,84.52909599873237,0.9545400025672279,81.23484500538325,0.2896489968406968
88,81.48925300338306,1.0731889997259714,79.29556100134505,0.2935189986601472
89,91.30320999975083,2.0531170011963695,88.10527400055435,0.294167002721224
90,85.73502500075847,1.7208569988724776,82.8760720032733,0.2974259987240657
91,94.64433099492453,1.8690789947868325,91.38683999481145,0.3242980019422248
92,93.15182700083824,1.0129659931408241,91.03954199963482,0.2934459989774041
93,91.30139500484802,0.8977809993666597,87.23456699954113,0.29087199800414965
94,80.7421949939453,0.9854110030573793,78.67541099403752,0.2912230047513731
95,94.85912800300866,1.0023549984907731,92.66504800325492,0.3313530032755807
96,82.32477399724303,1.0162809994653799,80.21711999754189,0.29103799897711724
97,82.23764400463551,0.9821140047279187,80.12952699937159,0.299204999464564
98,104.32632399897557,1.793283001461532,101.45018499315483,0.29287199868122116
99,83.05575799749931,1.7277639999520034,80.13273100368679,0.32889000431168824
100,89.75046400155406,1.0181149991694838,87.61973500077147,0.2965749954455532
101,82.92194300156552,1.6434680001111701,80.12143400264904,0.29616800020448864
102,85.55559899832588,0.9535029967082664,81.90842099429574,0.3303159974166192
103,83.02512799855322,1.4670980017399415,80.29989799979376,0.2956669995910488
104,82.826591002231,1.0040400011348538,80.63065799797187,0.34505700023146346
105,90.07448399643181,0.9420209971722215,87.98505199956708,0.29144500149413943
106,85.32561600441113,1.0034660008386709,83.20225899660727,0.29687100322917104
107,87.75425399653614,0.9578539975336753,84.20859499892686,0.2862229957827367
108,81.36832700256491,1.006206999591086,79.21837599860737,0.2919089965871535
109,82.2161629985203,0.931392001803033,80.14652699785074,0.31666699942434207
110,89.13136999763083,1.3902079954277724,85.88030399550917,0.295316000119783
111,83.0945720008458,0.9400769995409064,79.7107290054555,0.2875200007110834
112,85.44247000099858,1.546856998174917,82.82846099609742,0.2964450031868182
113,82.5066820034408,2.3062480031512678,79.09287499933271,0.29298300069058314
114,88.78723900124896,1.0343920002924278,86.57241699984297,0.34359400160610676
115,83.88674199522939,1.0597259970381856,81.63793900166638,0.2859820015146397
116,82.43958900129655,1.0290769932908006,80.2616009968915,0.29881600494263694
117,84.4026880004094,0.9619849952287041,82.31471900217002,0.2924820000771433
118,86.46908400260145,1.0042810026789084,84.34939199651126,0.29557500238297507
119,93.9135879962123,1.742726999509614,90.90855999966152,0.385685998480767
120,86.61856500111753,1.6320610011462122,83.23011000175029,0.3431859950069338
121,92.26586099975975,1.145911002822686,87.96782800345682,0.2960189958685078
122,83.19675800157711,0.885521003510803,79.59443199797533,0.29557500238297507
123,80.8752140001161,1.0362989996792749,78.65178100473713,0.29625999741256237
124,86.0278229956748,1.5275980040314607,83.35633300157497,0.2936489981948398
125,84.29405800416134,0.9211510041495785,80.16565700381761,0.33577900467207655
126,92.17782299674582,0.9816509991651401,90.08761300356127,0.30307500128401443
127,82.85986899863929,1.7314680007984862,79.98334099829663,0.29064899717923254
128,87.85821700439556,2.030597999691963,84.67154100071639,0.28852000104961917
129,81.35449399560457,0.957355005084537,79.28319100028602,0.2949639965663664
130,83.67266700224718,0.9947439975803718,81.52578999579418,0.32442699739476666
131,91.29937599936966,1.0079099956783466,89.17764700163389,0.2889829993364401
132,85.16311700077495,0.9629099949961528,81.61480900162132,0.2942790015367791
133,91.63485799945192,1.974136001081206,88.51716299977852,0.3108890014118515
134,80.71867700346047,0.979520998953376,78.62922600179445,0.2984080056194216
135,92.74912099499488,1.571209002577234,89.98674200120149,0.3148340038023889
136,82.00444000249263,1.7280789979849942,78.57020699884742,0.2918719983426854
137,81.48310500109801,1.2171330017736182,79.06030099547934,0.2922040002886206
138,88.37534899794264,1.8578579984023236,85.4163760013762,0.29701900348300114
139,81.95206899836194,1.5435239984071814,79.18933900509728,0.3672969978651963
140,86.05737900506938,1.5436530011356808,83.25135099585168,0.38598299579462036
141,83.28490699932445,0.9201330030919053,79.26071000110824,0.2911300034611486
142,88.17523600009736,1.6678570027579553,85.41969100042479,0.2940940030384809
143,83.9306689958903,0.9367439997731708,80.36984200589359,0.2922970015788451
144,81.51545700093266,1.0006140000768937,79.43467199947918,0.28785299946321175
145,83.03899800375802,0.9811690033529885,79.86985900060972,0.29885299591114745
146,82.59731200087117,0.994428999547381,80.46119399659801,0.3291670000180602
147,92.7207329950761,1.3316149997990578,88.63010799541371,0.29557500238297507
148,82.67844199872343,2.1666180036845617,79.4312100042589,0.294056000711862
149,90.35385500465054,0.9495400008745492,88.24660800019046,0.29722299950663
150,82.48699599789688,1.1509849937283434,79.4948580005439,0.29225999605841935
151,81.734403000155,0.9932989996741526,79.58406200486934,0.3003719975822605
152,86.78604700253345,1.0132069946848787,84.66759600560181,0.2937780009233393
153,84.33833599701757,0.9387429963680916,82.25799699721392,0.2935189986601472
154,86.01602599810576,1.0055590028059669,83.90248299838277,0.2991680012200959
155,82.93770200543804,1.0180219978792593,80.72510299825808,0.28809400100726634
156,86.98480799648678,1.0350400043535046,84.83022700238507,0.2946679960587062
157,83.56114799971692,0.93642900174018,81.48266100033652,0.2935010052169673
158,81.47280900448095,1.0131520029972307,79.36532000167063,0.2928340036305599
159,101.70683400065172,1.0118739955942146,99.54367900354555,0.2967239997815341
160,84.75987499696203,0.9549660026095808,81.09358500223607,0.2859270025510341
161,86.44228699995438,0.9352999986731447,84.18127999902936,0.4432799978530966
162,83.16922099766089,2.040153995039873,79.35954300046433,0.36674200237030163
163,86.92930699908175,1.0508359991945326,84.61050399637315,0.40220400114776567
164,81.94932900369167,1.0300959984306246,79.86621099553304,0.28785300673916936
165,83.23914699576562,0.9666510013630614,81.1123819948989,0.29935299971839413
166,85.4988030041568,1.938895002240315,82.46651599620236,0.2878340019378811
167,81.70599400182255,1.0084469977300614,79.50395099760499,0.2981120051117614
168,85.00967199506704,1.0093919991049916,82.9338870025822,0.2944089937955141
169,83.68776000133948,1.9852839977829717,80.5414349961211,0.2940379999927245
170,81.26397400337737,1.004522004222963,79.14439399610274,0.29029700090177357
171,86.75163999578217,1.0552620005910285,84.53387399640633,0.2862600013031624
172,82.22195900452789,0.929650996113196,78.95789300528122,0.2926679953816347
173,86.72038099757629,0.8890950048225932,82.69055299751926,0.2971680005430244
174,82.75538699672325,1.9689140026457608,79.67115499923239,0.2948519977508113
175,84.90554099989822,1.4642079986515455,82.25769999990007,0.31992699950933456
176,85.65233999979682,1.013613997201901,81.76462399569573,0.2893899945775047
177,81.5414940007031,1.0090959985973313,79.45215499785263,0.2949639965663664
178,94.47560900298413,1.0077249971800484,92.33634300471749,0.2932420029537752
179,81.51134500076296,1.0656880040187389,79.36606099974597,0.3008339990628883
180,84.74356000078842,1.0133550022146665,82.5812010007212,0.2937600002042018
181,83.3337029980612,0.9624659942346625,81.2725860014325,0.29861200164305046
182,81.1295120001887,1.0157810029340908,78.92502300092019,0.31501900230068713
183,84.19705699634505,1.198280995595269,81.39862299867673,0.29422300576698035
184,81.13069700630149,0.9948369988705963,78.93883799988544,0.30796400096733123
185,86.95254799386021,0.9673550011939369,84.92700399801834,0.2862600013031624
186,81.56556800531689,0.9941329990397207,79.42487599939341,0.2963530059787445
187,87.95412499603117,0.97902199922828,84.47331799834501,0.2956669995910488
188,82.38269999856129,0.928501998714637,79.03026399435475,0.28844500047853217
189,82.64620100089815,0.9692990061012097,80.55789799982449,0.2954640003736131
190,88.80679499998223,0.9766879957169294,86.7082129989285,0.2935189986601472
191,83.23299900075654,1.0232620043097995,80.49893499992322,0.28903799830004573
192,94.05271799914772,0.8974099982879125,90.76720699522411,0.33470500056864694
193,80.09617499919841,0.9381880008731969,78.0579089987441,0.3455760015640408
194,83.34712900250452,1.034152002830524,81.21156800189056,0.3012790039065294
195,83.14279600017471,1.2915039988001809,80.73352900100872,0.30098199931671843
196,82.14292099728482,0.9132069972110912,79.24674600508297,0.3581119963200763
197,85.30374700058019,1.004706005915068,83.20720300253015,0.2913709977292456
198,81.50879000459099,1.0586889984551817,79.23176499753026,0.3563349964679219
199,88.93214699492091,1.1689660022966564,86.61776899680262,0.29476000054273754
200,81.62279000680428,1.1771520003094338,79.01724600378657,0.5001870013074949
201,83.04703599424101,1.0065579990623519,79.71541400183924,0.31113099976209924
202,85.56597000278998,1.111448000301607,81.66882700606948,0.2987789994222112
203,81.22741900297115,1.095743995392695,78.98215200111736,0.3287229992565699
204,88.2930889929412,0.9156879968941212,84.89292999729514,0.3018709976458922
205,82.26045900664758,0.958317999902647,80.1709520019358,0.3317779992357828
206,86.2508229984087,1.074539999535773,83.12453600228764,0.2920929982792586
207,89.09579600003781,1.6362270034733228,86.30349000304705,0.34170399885624647
208,81.49953099928098,1.0524669996812008,79.32874700054526,0.28466799994930625
209,86.94126999762375,2.5034339996636845,83.32320299814455,0.29840900242561474
210,84.06222399935359,2.0614139939425513,80.85628800472477,0.29235299734864384
211,85.13578300335212,1.6374119950341992,82.38912699744105,0.29318599990801886
212,83.46146300027613,0.99413199495757,81.3514559995383,0.29279699811013415
213,92.44202799891355,0.9518549995846115,90.01977900334168,0.2949820045614615
214,82.24784799676854,1.0010589976445772,80.05045200116001,0.31248200684785843
215,81.32510400173487,1.0278920017299242,79.18069000152173,0.29963099950691685
216,86.63395499752369,0.9967430014512502,84.4583549987874,0.2927980021922849
217,82.00673600367736,0.9884660030365922,79.93037800042657,0.296389996947255
218,84.22626100218622,0.9772990015335381,82.043700000213,0.32724100310588256
219,84.08418799808715,0.9989110039896332,81.9432170028449,0.3190380011801608
220,88.70368300267728,1.0203920028288849,86.52063900080975,0.29646400071214885
221,106.73127599875443,0.9426699980394915,104.71491800126387,0.2924449945567176
222,83.74487100081751,0.9321879988419823,79.87702600075863,0.3241500016883947
223,83.65255600074306,1.7791170030250214,80.4340270042303,0.29242599703138694
224,82.88205399730941,1.0640399996191263,80.63532399683027,0.29177800024626777
225,84.40094700199552,0.9487069983151741,82.34562600409845,0.29631600045831874
226,83.01438799389871,0.9448369964957237,79.6094510005787,0.29129700124030933
227,90.01183500367915,1.7344310035696253,86.92919599707238,0.4787419966305606
228,83.42333300242899,1.9098760021734051,79.83726599923102,0.2960010024253279
229,80.53628699417459,0.9933920009643771,78.46837300166953,0.29211200308054686
230,84.3719470067299,1.0046329989563674,82.21294100076193,0.29053800244582817
231,81.43421599379508,0.9535209974274039,77.90848299919162,0.3000940050696954
232,91.31863600487122,1.0274109954480082,89.11523999995552,0.2947609973489307
233,90.84150399576174,2.105599000060465,87.58230900275521,0.2989830027217977
234,86.41097300278489,0.9447249976801686,84.32192799955374,0.2982970036100596
235,88.33799599960912,2.328321999812033,84.84022600168828,0.29925999842816964
236,82.50620099715889,1.0257260000798851,80.29234200512292,0.32762999762780964
237,85.73009999963688,2.78058199910447,81.76738399924943,0.3029830040759407
238,83.13529500446748,0.9246510016964749,79.67302500037476,0.30148299993015826
239,84.17716899566585,1.0045399976661429,82.09234800597187,0.29881600494263694
240,81.25693700276315,1.0611699981382117,79.02155999909155,0.2904089997173287
241,87.6074760017218,0.9732249964145012,85.50843199918745,0.3022980017703958
242,83.60562999587273,1.032095002301503,81.4170860030572,0.29753800481557846
243,82.80744300282095,0.9164840012090281,79.3791539981612,0.2947789980680682
244,84.68339200044284,1.0082810040330514,82.50762700481573,0.2955939999083057
245,80.93588100018678,0.9766139992279932,78.8370419977582,0.28737099637510255
246,89.6323159977328,0.9718740038806573,87.50623499508947,0.29598199762403965
247,86.1529160029022,0.9906699997372925,84.05892800510628,0.31127900001592934
248,95.35057399625657,2.5484340003458783,90.15007600100944,0.30151900136843324
249,87.28853000502568,1.1380219948478043,84.97811499546515,0.2889829993364401
250,84.74276299966732,1.1321330021019094,82.39938599581365,0.37976000021444634
251,88.17155200085836,1.0740590005298145,83.91775999916717,0.3123339993180707
252,81.77277299546404,0.9987439989345148,79.64946900028735,0.29172300128266215
253,90.41509500093525,1.7416160044376738,87.48978999938117,0.3020189978997223
254,81.98771799652604,1.014335997751914,79.84937699802686,0.2965569947264157
255,90.12278000591323,0.9644840029068291,87.974772999587,0.3035930058103986
256,83.47668499482097,2.457784998114221,79.80376599880401,0.3148340038023889
257,80.59393599978648,1.320966999628581,77.81527799670584,0.29381600324995816
258,85.27472800051328,1.0319480061298236,83.1266100067296,0.2937789977295324
259,83.67200000066077,1.1680959942168556,81.29227099561831,0.2908710011979565
260,92.5251209991984,1.190262999443803,89.79683499637758,0.29063100373605266
261,90.07700200163526,0.960447003308218,86.66308399551781,0.29157500102883205
262,111.46460600139108,1.5617460012435913,108.68235700036166,0.29038999491604045
263,93.74008700251579,1.8348209996474907,90.08116900076857,0.8647069989820011
264,93.77549499913584,1.416336999682244,90.48305799660739,0.292871001875028
265,89.68077899771743,1.0859670001082122,87.44280899554724,0.29538999660871923
266,91.97021099680569,0.9241320003638975,88.84466499875998,0.2961489954032004
267,86.47943600226426,0.9859840065473691,84.26439100003336,0.29144500149413943
268,91.36808000039309,1.688264004769735,87.59203200315824,1.2322629991103895
269,89.8953350042575,1.5046709959278814,84.97867100231815,0.298407998343464
270,94.45262599911075,1.0062619985546917,92.33226800279226,0.2961860009236261
271,87.52282799832756,0.9702059978735633,85.39000599557767,0.2824080002028495
272,83.44192599906819,1.8150979958591051,80.52721300191479,0.2913710050052032
273,86.1937299996498,1.062744006048888,83.87405699613737,0.2925749940914102
274,84.30715100257657,1.971803001652006,81.17358600429725,0.35166800080332905
275,83.0644809975638,1.0103919994435273,78.86017100099707,0.2920010010711849
276,92.8148989987676,0.9859480051090941,88.94364600564586,0.28864900377811864
277,87.26373399986187,1.0147070061066188,85.08961600455223,0.2946680033346638
278,85.67576600034954,0.9478919964749366,82.22425499843666,0.29764900682494044
279,83.09312900382793,0.9645950049161911,80.98736299871234,0.31900099565973505
280,84.50261399411829,1.093261998903472,82.28783000231488,0.3020939984708093
281,106.09566300263396,1.8283019962836988,102.69229999539675,0.30702000367455184
282,84.52253999712411,0.9876879994408228,81.00154799467418,0.32414899760624394
283,85.73376700223889,2.265711002110038,82.26058899890631,0.29920399538241327
284,85.60852499795146,1.0297619955963455,83.46772200457053,0.2955009986180812
285,87.00017800583737,1.0278179979650304,84.82896700297715,0.2843340043909848
286,83.35381399956532,1.2963749977643602,80.72765799443005,0.2900569961639121
287,83.49307399475947,1.2087450013495982,81.1416780052241,0.29103799897711724
288,83.44368500547716,1.5026719993329607,78.68048499949509,0.38013100129319355
289,83.29766699898755,2.829508994182106,79.29239499935647,0.28761199791915715
290,88.17847699538106,2.763953001704067,84.30229799705558,0.2899269966292195
291,85.55100700323237,0.9526880021439865,83.42622299824143,0.29559300310211256
292,89.08748000249034,1.028429003781639,86.93132500047795,0.2973890004795976
293,83.18914700066671,1.0139289952348918,81.02501099347137,0.2923339998233132
294,85.40183999866713,0.9898729986161925,82.63312700000824,0.32546400325372815
295,83.0725909981993,0.9615579983801581,80.9996960015269,0.290853000478819
296,81.7248280000058,1.040670002112165,79.53517300484236,0.2958900004159659
297,86.29078700323589,1.5225789975374937,83.60031600022921,0.2896490041166544
298,81.20706699992297,1.3103929959470406,78.75200400303584,0.28840800223406404
299,85.01970799989067,0.9469469951000065,82.93960900482489,0.2920749975601211
300,82.02695899672108,1.0014290019171312,79.8922290050541,0.3004449972650036
301,81.5959390019998,1.0394659984740429,79.33613500063075,0.29933499899925664
302,86.15280399681069,0.9167070020339452,82.94077600294258,0.29237099806778133
303,83.07725800113985,0.9281509992433712,81.00223299697973,0.2882230037357658
304,84.72020799672464,1.0034850056399591,82.62627600197447,0.2925750013673678
305,83.86261200212175,1.656394000747241,80.98790000076406,0.3116120060440153
306,94.99746200162917,1.3464850053424016,91.90880400274182,0.2994460010086186
307,81.50456799921812,0.9603910002624616,79.394690998015,0.29881600494263694
308,80.75678800378228,1.0089290008181706,78.61298500210978,0.29390900454018265
309,87.66816099523567,1.0289850033586845,85.44180200260598,0.28955699963262305
310,81.03017800021917,1.0316890038666315,78.88674500281923,0.3031129963346757
311,84.48326300276676,0.9574469950166531,82.40788600232918,0.2931670023826882
312,81.73338299820898,1.0035950035671704,79.61832099681487,0.3018160059582442
313,86.23736099980306,1.0687620015232824,83.95398300490342,0.32909299625316635
314,82.35855199745856,1.0931330034509301,80.07993399951374,0.28702000417979434
315,80.61565800016979,0.9662619995651767,78.4803920032573,0.29964900022605434
316,84.83733700268203,1.0217630042461678,82.70727500348585,0.28892699629068375
317,84.0147609997075,1.0335409970139153,81.63664199673804,0.44394600263331085
318,85.4626919972361,1.0443179999128915,81.8494949999149,0.29613000515382737
319,83.72192600654671,0.9813180004130118,81.59019800223177,0.30227899696910754
320,84.82237499993062,1.0126699999091215,82.71681300539058,0.28918599855387583
321,86.631601996487,1.1731890044757165,84.06100200227229,0.29031500162091106
322,84.33830000285525,1.096651001716964,80.70963899808703,0.37898200389463454
323,85.07559699501144,0.9926880011335015,82.83936800580705,0.4021499989903532
324,82.33323700551409,1.175688004877884,79.59370999742532,0.2986489998875186
325,87.35817900014808,1.8402469941065647,84.38041000044905,0.2926679953816347
326,82.49757099838462,0.9684850010671653,79.07191299455008,0.29513100162148476
327,80.9939190003206,0.9612630019546486,78.8918010002817,0.2942409992101602
328,86.18532300170045,0.9731700047268532,84.17996500065783,0.2838709988282062
329,83.05099899735069,0.9748730008141138,80.10156400268897,0.29264900513226166
330,87.80925400060369,0.9970589962904342,85.70698800031096,0.29226000333437696
331,82.97162799863145,0.9508729999652132,80.90300999901956,0.3065939963562414
332,85.13930199842434,0.873744000273291,81.59410599910188,0.3177600010531023
333,86.63275000435533,1.1137070032418706,82.81749799789395,0.2945000014733523
334,85.43976600049064,1.0223549979855306,83.30248099809978,0.30594599957112223
335,87.59132699924521,0.9751510006026365,85.50024699798087,0.29451899899868295
336,82.0340509962989,1.0100589934154414,79.9330439986079,0.2951669957838021
337,85.63591499842005,1.00674299756065,83.55818600102793,0.28770499920938164
338,82.46638600394363,0.9748550000949763,80.38156499969773,0.2874450001399964
339,81.16821500152582,1.0341519955545664,78.98661599756451,0.3085009957430884
340,86.05804499529768,1.0371700045652688,83.89057599561056,0.2934639996965416
341,82.52705199993216,1.0826149955391884,80.3306009984226,0.2988159976666793
342,83.99952100444352,0.9978359958040528,81.84662499843398,0.2956489988719113
343,98.886918000062,1.0178179945796728,96.7190590017708,0.33222300407942384
344,82.50031199713703,1.2344669958110899,80.07530400209362,0.3202230000169948
345,86.86804799799575,1.9743580050999299,83.65600099932635,0.2971680005430244
346,83.91490800568135,0.9887630003504455,81.78308800415834,0.2953529983642511
347,87.23893799469806,1.0072619988932274,85.09539400256472,0.3209079950465821
348,82.31190399965271,1.0626699950080365,80.09991499420721,0.29224199533928186
349,95.94465000554919,1.096503998269327,93.71669899701374,0.2993339949171059
350,83.17888799501816,1.0148180008400232,80.99908500298625,0.29724200430791825
351,83.65805599896703,1.0445029984111898,81.4464750001207,0.3252969981986098
352,87.33812300488353,1.0562440002104267,83.31722199363867,0.3035749978153035
353,82.25386699632509,1.048336001986172,80.09965700330213,0.2923339998233132
354,85.54467299836688,0.983298996288795,83.36816700466443,0.2896860023611225
355,85.6682660014485,1.5278939972631633,83.04379500623327,0.29344500217121094
356,86.30002800055081,1.3789680015179329,83.69002000108594,0.2983529993798584
357,87.22406699962448,2.0134700025664642,84.01235299970722,0.3399640045245178
358,82.22720000048866,0.9885590043268166,80.19000800413778,0.3007600025739521
359,92.41697200195631,1.0299109999323264,90.27509600127814,0.29411199648166075
360,86.96917800261872,1.5872090007178485,84.27870600280585,0.2958710028906353
361,95.29559199290816,1.0049839984276332,93.0979179975111,0.3242050006520003
362,83.90752000559587,2.230063000752125,80.52706500166096,0.29420499777188525
363,92.01532299630344,1.8583940036478452,88.88618399942061,0.4023349974886514
364,81.96460600447608,1.134504003857728,79.22413499909453,0.2995190006913617
365,80.59652899828507,1.0359299994888715,78.4646700049052,0.28762999863829464
366,90.96446699550143,2.0849880020250566,87.75471699482296,0.2975009992951527
367,92.03223100485047,0.9879480057861656,89.94091000204207,0.30629699904238805
368,146.9779559993185,2.3656369958189316,141.17106800404144,0.28750099590979517
369,116.997438002727,0.989557993307244,112.80196100415196,0.2972790025523864
370,84.70089299953543,1.1640040029305965,82.42947899998398,0.2965929961646907
371,81.58688299590722,1.05150300078094,79.45767299679574,0.29637100669788197
372,91.77187699970091,1.0093919991049916,89.58718500070972,0.3055380002479069
373,84.28035500401165,0.9390029954374768,82.23468100186437,0.3020189978997223
374,90.62278099736432,0.987039995379746,88.48507199581945,0.294019999273587
375,89.90542800165713,1.0591140016913414,87.47277200018289,0.5060570038040169
376,96.51770699565532,2.031821000855416,92.87458500330104,0.2888529998017475
377,85.1243200013414,1.0939480052911676,82.92929500021273,0.30663100187666714
378,86.18632300203899,1.1032620022888295,83.21155500016175,0.3368719990248792
379,88.43864600203233,1.1054849965148605,84.72731800429756,0.29538999660871923
380,83.58598099584924,0.9939850060618483,81.4401600000565,0.29753800481557846
381,87.66699500120012,0.9398179972777143,85.6224880044465,0.30335299379657954
382,86.08660099707777,1.0546519988565706,82.28970100026345,0.2903709973907098
383,94.04614400409628,1.5690419968450442,91.35746899846708,0.2954460069304332
384,82.0884959975956,1.0284669988323003,79.90945200435817,0.29802000062773004
385,84.56939199822955,0.9916700000758283,82.4406999963685,0.331926996295806
386,86.99041799991392,1.8999879976036027,83.89666799484985,0.2882229964598082
387,83.57127900671912,1.0825039935298264,81.37569700193126,0.2922229978139512
388,142.10145999822998,1.294021996727679,139.54287800152088,0.365667998266872
389,125.31079600012163,1.0465029990882613,121.18228399776854,0.2970749992527999
390,94.21388599730562,1.8948759970953688,91.17613499984145,0.2927790046669543
391,84.6585769977537,1.4704860004712828,82.05206899583573,0.31142700026975945
392,85.49552500335267,1.4848749997327104,82.38175600126851,0.2961670033982955
393,82.80736899905605,0.9615219969418831,80.72917700337712,0.2957969991257414
394,87.3062340033357,1.6293020016746596,84.48054100153968,0.3460380030446686
395,81.55843799613649,1.0161330064875074,79.44324699928984,0.29538999660871923
396,92.60180700221099,1.0324100003344938,90.41276299831225,0.30457499815383926
397,83.5880559970974,1.0324850009055808,81.46606800437439,0.30198299646144733
398,87.9507729987381,1.0068550036521628,85.62439600063954,0.4524830001173541
399,84.54407700628508,1.7999869960476644,81.50347499758936,0.2889640018111095
400,82.43934899655869,1.1370400025043637,80.11391499894671,0.31542700162390247
401,92.4162500014063,0.9503549954388291,90.34326200344367,0.3597229951992631
402,86.15665700199315,1.5634679948561825,83.25786999921547,0.29466699925251305
403,93.67854999436531,1.0681880012270994,91.4541169986478,0.30516800325131044
404,82.9171280056471,1.7141909993370064,79.95189700159244,0.30325999978231266
405,81.19999299378833,0.9606140010873787,79.12178299739026,0.29479699878720567
406,89.42753700102912,0.9261879968107678,87.36427099938737,0.2947790053440258
407,84.59043000038946,1.1536699967109598,82.24271799554117,0.2939080004580319
408,88.04664300259901,1.0820030001923442,85.76909900148166,0.29211200308054686
409,82.31562699802453,1.0008919998654164,80.22991499456111,0.2954639930976555
410,82.29782900161808,1.0376700010965578,80.05361899995478,0.34292700001969934
411,85.48758099641418,1.068669997039251,82.10569900256814,0.31250099709723145
412,84.64824400289217,1.2365410002530552,82.24510699801613,0.2919079997809604
413,90.82833799766377,0.9636510003474541,88.77992400084622,0.29548300517490134
414,84.45496600324987,1.4810229986323975,81.82173500244971,0.30194500141078606
415,90.10202100034803,0.9348179955850355,86.97297400067328,0.29053800244582817
416,85.98852599970996,1.0516699985601008,83.76075999694876,0.2879820021917112
417,95.53096399758942,0.9397250032634474,91.74537799844984,0.296278994937893
418,81.791680000606,0.9955209970939904,79.66126599785639,0.29394599550869316
419,83.15325799776474,1.0649660034687258,80.99062200199114,0.291851996735204
420,87.25188200332923,1.2514300033217296,84.84611500171013,0.2936119999503717
421,82.06058799987659,0.946910004131496,80.0236369977938,0.289944997348357
422,91.44682199985255,1.0862809940590523,89.16051800042624,0.3463159955572337
423,83.48922200093511,1.6697090031811967,79.79528499708977,0.3261859965277836
424,86.79051000217441,1.3894849980715662,84.23546500125667,0.29513099434552714
425,83.92157599882921,1.8140609972761013,81.04632599861361,0.29411199648166075
426,82.86899799713865,2.0236729978933,79.70420999481576,0.2929640031652525
427,87.71134699782124,1.7174680033349432,84.84730100462912,0.29301999893505126
428,81.41534500464331,1.4954119978938252,78.72889300051611,0.30185200012056157
429,89.15201800118666,2.0163950030109845,86.05695299775107,0.29355700098676607
430,85.06357899750583,1.5971160028129816,82.32510800007731,0.2883349952753633
431,87.22417800163385,1.013225999486167,84.52392899926053,0.29409300623228773
432,84.98535699618515,1.0177439980907366,82.79651700286195,0.29635299870278686
433,80.64925100188702,1.0047620016848668,78.54252200195333,0.31098299950826913
434,84.86207800160628,1.100152003346011,82.36210799805121,0.4510569997364655
435,81.3489380016108,1.7184129974339157,78.04850200045621,0.29294499836396426
436,86.4938800004893,0.9840030033956282,84.33011399756651,0.31194600160233676
437,87.28132699616253,1.6857829978107475,84.48824399965815,0.3033899993170053
438,83.1239059989457,0.9829850023379549,80.96373299486004,0.2899270039051771
439,86.37993500451557,1.0959479986922815,84.05022399529116,0.31266699807019904
440,81.71103199856589,1.0086510010296479,79.56089500657981,0.2944080042652786
441,86.00752599886619,0.9581140038790181,83.95359400310554,0.3012229935848154
442,86.73706599802244,0.9786699956748635,84.61967099719914,0.288648996502161
443,94.63188700465253,1.3834490018780343,90.64385600504465,0.2849449956556782
444,91.99847099807812,1.0068740011774935,89.77392700035125,0.3627050027716905
445,82.38868099579122,1.0238920003757812,80.24704499985091,0.3167970062349923
446,91.48452500085114,2.1902109947404824,88.09584800474113,0.33500100107630715
447,82.0467740049935,0.9882439990178682,79.973248000897,0.2931120034190826
448,86.93643699371023,1.0183550039073452,84.33427999989362,0.29851900035282597
449,81.43812300113495,0.888799004314933,79.46519100369187,0.29894599720137194
450,81.57238300191239,0.9820769992074929,78.54981900163693,0.34020400198642164
451,85.359413002152,1.003966994176153,83.25733299716376,0.2924450018326752
452,82.8773499961244,0.8730949994060211,78.94580100401072,0.2880929969251156
453,86.2300650042016,0.9212249933625571,81.75162499537691,0.2874269994208589
454,84.97539300151402,1.0003920033341274,82.79142399987904,0.29394599550869316
455,80.76036199781811,0.9781690023373812,78.66394799930276,0.2983529993798584
456,87.84138399641961,0.8431700043729506,84.02183499856619,0.33855700166895986
457,83.14357400377048,0.9557069934089668,80.98028899985366,0.4152789988438599
458,95.73340800125152,1.1143560041091405,93.29021599842235,0.2992610025103204
459,86.08230499521596,1.0200399992754683,83.93577899551019,0.2918899990618229
460,132.41274400206748,1.7530429977341555,129.51862499903655,0.2916310040745884
461,102.94491300010122,0.9520769963273779,100.9373510023579,0.2981490033562295
462,116.60902899893699,1.11231800110545,114.32431899447693,0.29372300195973366
463,85.24207900336478,1.0452249989612028,83.0845730015426,0.30614899878855795
464,87.32645699637942,1.6739870043238625,83.79751999746077,0.29764900682494044
465,84.99156000470975,1.72069099789951,82.1794029980083,0.2931489943875931
466,86.21417499671225,2.196803005062975,82.74158999847714,0.2977980038849637
467,84.15137299743947,1.0308369965059683,82.00538399978541,0.29411199648166075
468,84.23585400305456,0.9450400029891171,80.52758400299354,0.29476000054273754
469,87.39128999877721,0.9861510043265298,85.30107999831671,0.2930750051746145
470,82.68999800202437,0.96559600206092,80.65680700383382,0.2886119982576929
471,86.47349099919666,2.1561730027315207,83.12149899575161,0.34557499748189
472,85.35376499639824,1.7163570009870455,81.73423499829369,0.29605699819512665
473,89.84820500336355,1.024928998958785,87.68953200342366,0.3148529940517619
474,87.86553199752234,1.0944480018224567,84.11057600460481,0.302705004287418
475,82.79268399928696,0.9498550061834976,80.77321400196524,0.2834269980667159
476,91.57813600177178,1.9831909958156757,88.42242299579084,0.2974819944938645
477,82.59299700148404,1.047132995154243,80.43754599930253,0.2985560058732517
478,89.56187099829549,1.5077819989528507,86.7867689958075,0.40540899499319494
479,84.5987819993752,2.1784880009363405,81.28164099616697,0.319463993946556
480,85.76724700105842,1.0022249989560805,83.63098199333763,0.28698199457721785
481,90.85952400346287,1.0056510000140406,87.12858500075527,0.3011309963767417
482,83.09760999691207,0.9812249991227873,80.96969599864678,0.2965560051961802
483,93.60854999977164,0.9284100015065633,89.44533299654722,0.30933399830246344
484,84.86752300086664,2.921917002822738,80.80991799943149,0.2870940006687306
485,86.86267700250028,1.0128180001629516,84.62833699741168,0.38942700484767556
486,84.12222399783786,1.0405029970570467,81.93186599964974,0.30003800202393904
487,86.68732499791076,0.928853994992096,84.47857700230088,0.45563100138679147
488,95.50803800084395,1.9853949997923337,92.34491600363981,0.2990749999298714
489,80.53471300081583,1.0086510010296479,78.36976199905621,0.33396399521734565
490,87.78073499706807,1.1546329988050275,83.65877799951704,0.3625570025178604
491,81.30269699904602,0.9775770013220608,79.21052400342887,0.2999819989781827
492,82.39883100031875,1.0093550008605234,80.18943399656564,0.3415929968468845
493,87.00102900183992,1.9997650015284307,83.78716799779795,0.2921309933299199
494,83.41166700120084,0.9750589961186051,80.2768420035136,0.2937600002042018
495,124.13429300067946,0.9806689995457418,121.94447100046091,0.3593159999581985
496,131.5040190020227,2.069320995360613,128.06861999706598,0.32690900115994737
497,111.26751299889293,2.252211001177784,107.83029800222721,0.30546400375897065
498,103.48602500016568,0.9543549967929721,99.74245799821801,0.31018700246931985
499,84.09202099574031,1.0449849942233413,81.84558700304478,0.29303799965418875
500,89.55966700159479,1.0163920014747418,87.34841999830678,0.3763900022022426
501,84.10326100420207,1.4495599971269257,81.40919700235827,0.2940010017482564
502,82.97823899920331,2.1370429967646487,79.34526500321226,0.2945379965240136
503,83.95724299771246,1.095132996852044,81.6878089972306,0.3299080053693615
504,82.04182900226442,1.020169998810161,78.30905800074106,0.2958900004159659
505,85.61533999454696,1.1327809988870285,83.05631399707636,0.5127229960635304
506,84.66570699965814,1.6070050041889772,81.4926969978842,0.2977050025947392
507,83.85668700066162,0.9876319963950664,80.04282299953047,0.3297780058346689
508,87.12465900316602,1.1248000009800307,83.21836999675725,0.30468599288724363
509,83.22151799802668,0.9447619959246367,81.16164099919843,0.2954259980469942
510,95.22548100358108,0.9512069955235347,91.36278399819275,0.2964819941553287
511,81.43466099863872,0.9953920016414486,78.48935500078369,0.3302039986010641
512,94.97009099868592,1.1473740014480427,92.62038000451867,0.2936669989139773
513,84.14479799830588,0.9888549975585192,82.1177180041559,0.2928339963546023
514,88.82527600508183,1.0069659983855672,86.48032399651129,0.4569829980027862
515,85.97474899579538,2.7133420007885434,81.05069599696435,0.28985300014028326
516,80.72926900058519,0.9854289965005592,78.59513300354593,0.30229700496420264
517,86.62547299900325,1.020577001327183,83.83079699706286,0.30066799808992073
518,80.41206499910913,0.9820769992074929,78.27687299868558,0.3052409956580959
519,86.14178599964362,1.0463549988344312,83.95872399705695,0.33005700242938474
520,82.49047900608275,1.0194290007348172,80.31700900028227,0.30003800202393904
521,99.12277099647326,0.9841330029303208,97.0151529982104,0.3095009960816242
522,86.22247099992819,1.082651004253421,82.31475600041449,0.29935299971839413
523,81.41966100083664,1.07644699892262,79.16274599847384,0.2932050047093071
524,85.17104200291215,0.9122070041485131,81.95068000350147,0.3039639996131882
525,80.98338099807734,0.9806149973883294,78.90574500197545,0.28453800041461363
526,90.4297070010216,1.0440960031701252,88.14666300168028,0.2930190021288581
527,87.31990099477116,0.9776150036486797,84.10842800367391,0.2983900049002841
528,88.00573600456119,1.521227000921499,85.31917200161843,0.29940799868199974
529,88.62218300055247,1.217799996084068,86.32217499689432,0.29875999462092295
530,82.73096099583199,0.9603729995433241,79.13624600041658,0.29283500043675303
531,85.58354400156531,1.0682439969968982,83.39168499514926,0.30805599817540497
532,82.4863110028673,1.1207260031369515,80.30254599725595,0.2958530021714978
533,85.21909899718594,0.9352810011478141,81.21173399558757,0.31816800037631765
534,85.50974699755898,1.4902270049788058,81.75821699842345,0.2896489968406968
535,82.27310700021917,1.0189289969275706,80.11267399706412,0.29288999940035865
536,85.85254500212613,1.019743998767808,83.73196400498273,0.2944090010714717
537,82.70071999868378,2.267358999233693,79.334153997479,0.30355600028997287
538,85.23083900217898,0.942928993026726,81.81838400196284,0.2952779977931641
539,81.36545599700185,1.0527249978622422,79.17648700095015,0.2976120013045147
540,84.0714280057,1.0596880019875243,81.88608799537178,0.29676000121980906
541,85.83841499785194,1.9829880038741976,82.7535349963,0.31196400232147425
542,82.52421899669571,1.92559899733169,79.31239499885123,0.28300099802436307
543,90.32681800454156,1.0533179956837557,88.16073700290872,0.29396399622783065
544,83.2296660009888,1.0576700005913153,81.0571410038392,0.2944080042652786
545,82.83151700015878,1.0051139979623258,80.70773199870018,0.3171119969920255
546,85.5058579982142,1.1103369979537092,81.75182799459435,0.29518599330913275
547,81.60767899971688,1.062985000316985,79.42332099628402,0.2978710035677068
548,86.7566960005206,1.0530770014156587,84.60098499926971,0.29809300031047314
549,81.8615129974205,0.9753740014275536,79.75956299924292,0.2888529998017475
550,85.27626500290353,0.9419470006832853,81.85103200230515,0.29033500322839245
551,83.07870299904607,1.0556139968684874,80.89708500483539,0.295204998110421
552,81.8803649963229,1.3793010002700612,79.39663599972846,0.2916670055128634
553,84.55039300315548,0.9674660032032989,82.43703300104244,0.33229800465051085
554,81.69406800152501,1.530911998997908,79.0364119966398,0.2874269994208589
555,91.86834099818952,1.0270400016452186,89.72220500436379,0.29250100487843156
556,84.15589200012619,2.0178220001980662,80.75991799705662,0.3046300043934025
557,93.03778899629833,1.011021995509509,90.92417100328021,0.29574100335594267
558,83.14525800233241,1.0245029989164323,80.34534199396148,0.2981490033562295
559,83.00359100394417,0.9420959977433085,79.67408100375906,0.302483000268694
560,87.00445599970408,1.0548179998295382,84.802393001155,0.3332779961056076
561,83.20009199815104,2.043913998932112,80.0977850012714,0.29670500225620344
562,93.45934500015574,1.0075770042021759,91.30585799721302,0.2999259959324263
563,80.45382500131382,1.3035599986324087,78.08074300555745,0.2946679960587062
564,86.61680599470856,1.0330410004826263,84.47783599694958,0.29935299971839413
565,84.11628000612836,0.9550030008540489,82.05125499807764,0.2932779971160926
566,83.48970299994107,0.9534650016576052,79.81537799787475,0.2911120027420111
567,84.3971519934712,1.0260220005875453,82.220533004147,0.29818600160069764
568,84.3184100012877,0.9323169942945242,80.93797400215408,0.3270379966124892
569,96.64191100455355,0.9665769975981675,94.5923129984294,0.30307500128401443
570,84.49689199915156,2.2675260042888112,81.12080799764954,0.30003800202393904
571,93.12843799852999,1.0104850007337518,90.65178200398805,0.591465002798941
572,84.71229999850038,1.7277840015594848,81.24640099413227,0.29527900187531486
573,82.33184800337767,1.278948999242857,79.44337600201834,0.3366489981999621
574,88.73566499823937,1.0119479993591085,84.99565300007816,0.29650099895661697
575,81.87014300347073,1.018873997963965,79.70611799828475,0.297111997497268
576,87.23249399918132,1.0216520022368059,85.14633899903856,0.2967789987451397
577,84.31407599709928,0.9806509988266043,81.94710699899588,0.29226000333437696
578,83.40935200249078,0.9232810043613426,79.66674800263718,0.2859640007955022
579,86.38654599781148,1.0525589968892746,84.18664999771863,0.29529700259445235
580,83.52855600242037,1.7451349995099008,80.7133620037348,0.2989269996760413
581,86.02293399599148,1.0503000012249686,81.84486500249477,0.29292699764482677
582,83.15725799911888,1.7455240013077855,79.44841300195549,0.29405700479401276
583,105.64258800150128,2.3438220014213584,102.17541000019992,0.297111997497268
584,87.43103100277949,2.7341010063537396,83.58146400132682,0.28561200451804325
585,97.19065399985993,2.003765999688767,94.04858900234103,0.3363530049682595
586,90.79389299586182,1.7261719985981472,87.95764399837935,0.2944080042652786
587,81.26266000181204,1.0444479994475842,79.1003760023159,0.2967239997815341
588,85.92993300408125,1.021114003378898,83.8173709998955,0.28468600066844374
589,83.32114799850387,1.7161350042442791,79.49506199656753,0.29009400168433785
590,84.1930210008286,1.8983390036737546,81.1361969972495,0.351111993950326
591,83.96120499673998,1.6874680004548281,81.1503260047175,0.2998709969688207
592,81.76182900206186,1.164245004474651,79.50415400409838,0.2912599957198836
593,84.38900300097885,0.9530030001769774,82.31908900052076,0.29407499823719263
594,82.1224399987841,0.9781519984244369,80.02122999459971,0.2916670055128634
595,84.57663300214335,1.0269479971611872,80.97064000321552,0.2976670002681203
596,81.61404999555089,2.018635997956153,78.43880000291392,0.34320499980822206
597,82.72638700145762,0.9603920043446124,78.6495409993222,0.2930749978986569
598,85.24200499959989,0.9896889969240874,83.11766499537043,0.34796399995684624
599,83.33790700271493,1.9021359985345043,80.33348999742884,0.2875379941542633
600,96.25302199856378,1.027150996378623,94.10632899380289,0.2916309967986308
601,83.78268600063166,0.9725029958644882,81.72942099918146,0.28876100259367377
602,85.32089499931317,0.9812069984036498,83.24646300025051,0.29798199830111116
603,84.93787499901373,1.721264998195693,82.12384799844585,0.28781499713659286
604,81.9130870004301,1.1299849938950501,79.63711799675366,0.2958529948955402
605,84.8959310023929,0.9547250010655262,82.86177600530209,0.29992700001457706
606,81.72417999594472,0.9976879955502227,79.66784000018379,0.2882779954234138
607,84.34452099754708,1.7448389990022406,81.4759939967189,0.3011859953403473
608,82.2569960000692,1.8077839995385148,79.336376998981,0.29320400062715635
609,84.52528199995868,0.9370030020363629,82.42671900370624,0.36768699646927416
610,83.88253800512757,1.1335769959259778,79.85526700213086,0.29064900445519015
611,81.46993799891789,1.2713559990515932,79.07163500203751,0.2956489988719113
612,99.24662399862427,1.6513939990545623,96.47346600104356,0.2908340029534884
613,84.01633500034222,2.1762100004707463,80.75543599989032,0.297463993774727
614,84.27222399768652,0.9716700005810708,82.21034799498739,0.2889259994844906
615,88.39318300306331,1.5138009985093959,85.75667299737688,0.3013160021509975
616,90.30900200014003,1.6270240012090653,87.57266100292327,0.29451899899868295
617,82.6280159963062,0.96822500199778,80.57838000240736,0.29387100221356377
618,82.00801400380442,0.9707429999252781,79.9044520026655,0.2964079976663925
619,85.43617300165351,1.6483389990753494,82.66436800477095,0.29855700267944485
620,86.86351099458989,1.7971729976125062,83.94942800077843,0.2948159963125363
621,85.04002300469438,0.9367800012114458,82.98505399579881,0.298482998914551
622,81.65334699879168,1.0249840051983483,79.52896899951156,0.2958350014523603
623,83.83644500281662,1.7168569975183345,80.9548260003794,0.35353800194570795
624,83.4929079937865,1.4242269971873611,80.56282500183443,0.32892699528019875
625,82.33146000566194,0.9540210012346506,80.32426799763925,0.2901679981732741
626,93.30951199808624,1.0275580061716028,91.18283900170354,0.2916489975177683
627,82.97292399947764,1.0001330010709353,80.8477140017203,0.2952229988295585
628,85.19641299790237,1.0262439973303117,83.03412899840623,0.30085299658821896
629,89.80602000519866,0.8957989994087256,85.65469200402731,0.2957969991257414
630,84.15172399691073,1.0424659994896501,81.99182899988955,0.31672300247009844
631,82.70264600287192,1.0434849973535165,80.54578700102866,0.2885750000132248
632,83.02636899315985,1.2765409992425703,80.64376899710624,0.2876490034395829
633,84.49128100619419,0.9425030002603307,82.4327189984615,0.3136300001642667
634,81.35760499862954,0.9175769955618307,79.39667199389078,0.28609400033019483
635,85.52367299853358,0.9952990003512241,83.44077700166963,0.2904459979617968
636,82.73409100365825,2.0614690001821145,79.57458100281656,0.2904270004364662
637,81.66671599610709,0.9851889990386553,79.58841400250094,0.2899269966292195
638,91.36496899736812,0.991225999314338,89.29173999786144,0.28809400100726634
639,82.39977500488749,1.0496699978830293,80.24891600507544,0.2985199971590191
640,87.54484599921852,0.9523359985905699,84.00042699940968,0.2929640031652525
641,83.4986299960292,0.9736880019772798,81.42490099999122,0.31979699997464195
642,88.0126440024469,0.9673550011939369,85.93434199428884,0.32913099857978523
643,86.19387900398578,0.928465997276362,82.61747899814509,0.29674200050067157
644,101.10181399795692,1.2539300005300902,98.72949199780123,0.29520399402827024
645,82.36353300162591,1.1926890001632273,79.82011800049804,0.29455599724315107
646,82.46490499732317,1.6531710061826743,79.64421100041363,0.33470500056864694
647,85.6222290021833,1.0034849983640015,83.44703699549427,0.3425570030231029
648,83.55587099504191,0.9675210021669045,79.88326600025175,0.3592409993871115
649,85.55889499984914,1.9876539954566397,82.28338499611709,0.3967239972553216
650,85.3788020031061,1.0515589965507388,82.70609099417925,0.29861199436709285
651,81.4100130010047,1.008726001600735,79.23013499384979,0.32814899896038696
652,85.52059900102904,1.1048929954995401,81.66312400135212,0.29964900022605434
653,83.70964899950195,1.9853020057780668,80.59749099629698,0.2956120006274432
654,85.97058199666208,1.0435770018375479,83.80500100611243,0.29437099874485284
655,83.50638900446938,1.0135589982382953,81.41336399421562,0.2855380007531494
656,96.07624299678719,0.9211689975927584,92.77306599688018,0.2950749985757284
657,82.01053200173192,0.970299995969981,79.80317399778869,0.4188530001556501
658,87.57673500076635,1.1878369987243786,84.19776200025808,0.30588999652536586
659,86.88789999723667,1.3520229986170307,82.92649900249671,0.29237099806778133
660,82.10584799962817,1.7060239988495596,79.31669100071304,0.2922229978139512
661,88.37697799754096,1.0158730001421645,86.26948999881279,0.2932230054284446
662,82.29692200256977,1.005596001050435,80.11169299425092,0.33642700145719573
663,89.36188900406705,0.9362800046801567,87.20012300182134,0.40214900218416005
664,82.88251699559623,1.0467259999131784,80.20523099548882,0.2986489998875186
665,81.77430999785429,0.942522005061619,79.64296899444889,0.4049829949508421
666,88.32871900085593,3.579973999876529,83.52413000102388,0.33283499942626804
667,82.21355100249639,1.314948000072036,79.7986179968575,0.29133399948477745
668,85.1267830003053,1.0283369992976077,83.00805400358513,0.28431599639588967
669,86.19810199888889,0.9174480001092888,82.07025499723386,0.29844600067008287
670,92.50645399879431,2.5013230042532086,88.53559000272071,0.5935759982094169
671,85.3122650005389,1.7662280006334186,81.98742200329434,0.29539000388467684
672,98.72943600203143,1.0116139965248294,96.4787439952488,0.4082969971932471
673,89.84585299913306,1.8833200010703877,86.60941800189903,0.33557499409653246
674,81.28262300306233,0.989578002190683,79.19485700404039,0.2929639958892949
675,89.79831599572208,1.5635419986210763,87.12716000445653,0.2987420011777431
676,82.62853499763878,1.0321139998268336,80.45747200230835,0.28946399834239855
677,89.70198200404411,0.966892002907116,87.4977349958499,0.4098530043847859
678,82.3267189989565,1.160708001407329,79.55783999932464,0.30626000079791993
679,84.32613300101366,1.0081890068249777,82.22995899996022,0.2969459965243004
680,83.84535300137941,1.013613997201901,81.73973499651765,0.2936309974757023
681,80.27567499811994,0.9329660024377517,78.25396599946544,0.294964003842324
682,86.49047299695667,1.0848180027096532,84.24079899850767,0.2833899998222478
683,86.4414720053901,0.929410001845099,84.15216900175437,0.5642979958793148
684,85.74034000048414,0.9935769994626753,82.25812599994242,0.2935369993792847
685,84.50311499473173,0.9343179990537465,82.49679299478885,0.28698200185317546
686,86.30112000537338,0.9889470020425506,84.02533500338905,0.44198300020070747
687,84.83483699819772,0.9980030008591712,80.74186200246913,0.29118599923094735
688,81.82412500173086,1.478911995945964,79.27715299592819,0.2982970036100596
689,87.10054899711395,0.9634289963287301,85.05820899881655,0.2970929999719374
690,82.9370170031325,1.0105399996973574,79.21285699558211,0.29803800134686753
691,84.54896599869244,1.7940609977813438,81.52488299674587,0.37040800089016557
692,83.81813099549618,1.7248759977519512,80.4383240028983,0.3123900023638271
693,81.38406700163614,0.9617249961593188,79.33919099741615,0.2946860040538013
694,86.4948620001087,1.1560230050235987,82.77664599881973,0.306630005070474
695,82.20412600348936,1.3642269987030886,79.77889599715127,0.29807499959133565
696,87.00413999758894,1.3102439988870174,84.62478100409498,0.2943340005003847
697,81.92629199766088,0.9319109958596528,79.90574900031788,0.29881499358452857
698,86.4008240023395,0.922781000554096,82.93614600552246,0.39024100260576233
699,83.11029500328004,1.3182440015953034,80.71671400102787,0.2879449966712855
700,81.75673599907896,1.3405040008365177,79.3060610012617,0.3051859966944903
701,90.4977069949382,1.3391149987000972,87.5189760045032,0.2948710025520995
702,82.19225500215543,0.9742799957166426,78.67478200205369,0.28481600020313635
703,90.5761519970838,1.0393000047770329,88.1907740040333,0.5030199972679839
704,86.30169400566956,1.7361719947075471,82.953571996768,0.30664900259580463
705,106.53903499769513,1.6746719993534498,103.77639599755639,0.30388999584829435
706,83.20088800246594,1.8552839974290691,80.28867499524495,0.29127900052117184
707,81.92858799884561,1.5581900006509386,79.24680200085277,0.29650099895661697
708,86.06850799696986,1.0061879947897978,83.96283500042045,0.29096299840603024
709,84.84220800164621,0.9639839990995824,82.79646099981619,0.28337100229691714
710,90.13046600011876,1.0098370039486326,87.94899500207976,0.2990380016854033
711,82.30419999745209,1.0560590017121285,80.12415599660017,0.30405599682126194
712,96.6685410021455,1.0595769999781623,94.50125700095668,0.2967239997815341
713,85.09882000362268,2.3489699960919097,81.57588299945928,0.31124099768931046
714,82.84714599722065,1.0112620002473705,80.6895470013842,0.34796399995684624
715,79.88561900128843,1.051706996804569,77.69590799580328,0.327797002682928
716,88.9316280008643,1.0208550011157058,86.7964729986852,0.29420499777188525
717,81.76051299960818,1.6659859975334257,79.00048599549336,0.3064819975406863
718,85.37469199654879,1.349762998870574,82.88359099969966,0.35157500678906217
719,83.06299800460692,1.037244001054205,80.94558499578852,0.285592999716755
720,83.58224199764663,1.073503000952769,81.36153100349475,0.2962970029329881
721,86.02754499588627,1.0038369946414605,83.92853899567854,0.291129996185191
722,82.51923799980432,0.9610950000933371,79.03361500211759,0.29318599990801886
723,85.64315500552766,1.0142069950234145,83.51122299791314,0.2946679960587062
724,81.68325400038157,1.0497260009287857,79.54934000008507,0.2995570030179806
725,83.52964799996698,2.0964689974789508,80.27886099444004,0.321241001074668
726,88.99140599532984,1.1124849988846108,85.45904300262919,0.2937239987659268
727,81.985810000333,1.4441340026678517,79.41972800472286,0.29972400079714134
728,87.58849500009092,1.0025219962699339,85.45371000218438,0.296224003250245
729,92.02799000195228,0.926207001612056,90.0312239973573,0.2892970005632378
730,87.29104899975937,0.9955590066965669,85.13943100115284,0.33342700044158846
731,83.99918599752709,1.0232810018351302,81.83784699940588,0.33137200080091134
732,82.90720300283283,1.019150993670337,80.78675100114197,0.2914449942181818
733,86.42702700308291,1.7607830013730563,83.55024100455921,0.31129700073506683
734,82.16292199358577,1.7666720013949089,79.30983899859712,0.28537100297398865
735,85.08496800641296,1.5535229977103882,82.39503399818204,0.28605599800357595
736,84.3775029934477,1.625337994482834,81.64143899921328,0.2911489937105216
737,83.84585400199285,0.9253909956896678,81.85036600480089,0.29548199381679296
738,83.75488899764605,1.2712259995169006,81.36228999501327,0.2863709960365668
739,81.9739770013257,1.5137079972191714,78.99193000048399,0.3019270006916486
740,87.58916100487113,1.7926540022017434,84.68728100706358,0.29000100039411336
741,82.97135099564912,0.9572249982738867,80.93699200253468,0.2954079973278567
742,88.46553400508128,1.7165800018119626,85.66419200360542,0.2954829978989437
743,83.80231599585386,0.9973169944714755,81.71362400025828,0.290853000478819
744,89.77468599914573,1.0150770031032152,87.6514209958259,0.2937969984486699
745,83.08299900090788,1.8178570026066154,80.11752700258512,0.29040799563517794
746,80.66812100150855,0.9557989978929982,78.62889199896017,0.2924450018326752
747,87.08969700091984,0.9867810003925115,85.03174500219757,0.28190800367156044
748,80.99986299930606,0.9843369989539497,78.89276399509981,0.29463099781423807
749,85.7659879984567,1.0070220014313236,83.62475899775745,0.29120399995008484
750,84.54061500378884,2.1434330046758987,81.25471600214951,0.30164900090312585
751,83.15846199548105,0.9713729959912598,79.0304499969352,0.2957969991257414
752,87.04958500311477,2.951860995381139,82.97909099928802,0.29564900614786893
753,80.89514099992812,1.0066329996334389,78.74817099946085,0.33607500517973676
754,83.81166799517814,1.0096890036948025,81.46740100346506,0.4817610024474561
755,89.49890700023388,0.950688001466915,85.18183800333645,0.2903720014728606
756,97.14543200243497,1.8947099961224012,92.4938249954721,0.30755699845030904
757,84.00735299801454,1.7996160022448748,81.08123300189618,0.31553800363326445
758,87.16104899940547,2.140600001439452,83.88494600512786,0.31779699929757044
759,85.00244900642429,1.1860410013468936,80.52424999914365,0.2937969984486699
760,82.13931099453475,0.9989290047087707,79.98243399924831,0.287574999674689
761,88.60173800349003,1.6651900004944764,85.85139700153377,0.29272399842739105
762,81.66555099887773,1.0295219981344417,79.53513599932194,0.29264900513226166
763,89.27260999917053,1.2368370007607155,84.75517000624677,0.3951490070903674
764,85.99498999683419,2.0284139973227866,82.41923800233053,0.2972790025523864
765,86.79626900266157,1.075096006388776,84.57174400246004,0.339427002472803
766,113.09546299889917,1.171448006061837,110.66232500161277,0.3662050003185868
767,127.44098900293466,2.120284996635746,124.0729779965477,0.3230380025343038
768,112.66427599912276,1.7349870031466708,109.72606299765175,0.2910570037784055
769,133.01169100304833,1.7543759968248196,130.05227500252659,0.3878350034938194
770,95.12109199567931,1.0151700043934397,92.96080700005405,0.30055700335651636
771,89.82820500386879,0.9908360007102601,87.75660600076662,0.296314996376168
772,82.92649799841456,1.0017250024247915,80.80673199583543,0.29357499442994595
773,81.37454900133889,1.0280219939886592,79.16724599635927,0.28826000198023394
774,88.21101499779616,0.9585959996911697,84.80035600223346,0.2948519977508113
775,81.67984699684894,0.9967619989765808,79.5833029987989,0.294964003842324
776,191.23452000349062,1.041707000695169,189.06660599895986,0.3258340002503246
777,92.22221199888736,1.0993370015057735,88.4607749976567,0.3029450017493218
778,82.7479610015871,1.0605779971228912,80.65212099609198,0.2861860048142262
779,82.31453399639577,1.000781005132012,80.16245299950242,0.29435299802571535
780,91.89821100153495,0.9799850013223477,89.59313000377733,0.5170950025785714
781,83.87448300345568,1.9198020017938688,80.76758399693063,0.3022050004801713
782,85.29700600047363,1.3630419998662546,82.79444200161379,0.29694600380025804
783,83.49766699393513,0.958540003921371,81.40966099745128,0.33300100039923564
784,83.305055006349,1.040224997268524,81.1825479977415,0.2916489975177683
785,87.39364199573174,1.047466001182329,85.22998700209428,0.28901999758090824
786,81.89793999918038,0.9826880050241016,79.07626500673359,0.2933899959316477
787,87.49212299881037,0.9825030065258034,85.37483899999643,0.339427002472803
788,82.45466399966972,1.0437439996167086,80.30210099968826,0.2977600015583448
789,83.4056480016443,0.9657620030338876,80.40795399574563,0.3121859990642406
790,81.07275200018194,1.2123919950681739,78.46211499418132,0.2888529998017475
791,83.60209300008137,0.9848740010056645,81.54273500258569,0.2913529970101081
792,94.8054980035522,1.0754109971458092,92.63123299751896,0.2969459965243004
793,94.26157100097043,1.0830959945451468,92.05156400275882,0.3015929978573695
794,101.39037099725101,3.672364000522066,95.8032229973469,0.5121119975228794
795,99.06986299756682,1.641635004489217,94.25764499610523,0.43372400250518695
796,116.43608400481753,1.513263996457681,112.0536259986693,0.3376860040589236
797,87.01447399653262,2.390062996710185,82.87179400213063,0.28946399834239855
798,83.41138900141232,1.0475769959157333,81.21849299641326,0.3084639974986203
799,86.6192140019848,2.2019879979779944,83.16499899956398,0.2947039974969812
800,82.50071899965405,0.9638550036470406,78.92607800022233,0.3304089987068437
801,83.67038999858778,1.0275029999320395,81.54214300157037,0.2940010017482564
802,83.96944600099232,0.9514470002613962,80.71947300049942,0.2890559990191832
803,88.89455399912549,0.9075220004888251,86.87808499962557,0.29292699764482677
804,83.71192699996755,1.0040399938588962,81.60747600049945,0.29533500492107123
805,81.24077099637361,1.0391329997219145,79.088339000009,0.29025999538134784
806,87.26666000438854,0.9511330063105561,83.86289099871647,0.29733499832218513
807,83.99776100122835,2.1173770001041703,80.8109540012083,0.29303799965418875
808,86.74647299631033,1.2038549975841306,84.01653900364181,0.6245210024644621
809,84.26155800407287,1.370614998450037,79.71797000209335,0.2886119982576929
810,94.33951599930879,1.034985005389899,92.22910099924775,0.2901499974541366
811,88.11656999750994,0.964465994911734,86.04713800013997,0.3014820031239651
812,83.08290599961765,1.9537289990694262,79.99248900159728,0.3186309986631386
813,91.26315399771556,4.33173499914119,84.16731699981028,0.299316001473926
814,82.22707000095397,1.0220960029982962,80.11093399545643,0.291204996756278
815,85.37446900299983,1.0084469977300614,83.27038800052833,0.2959640041808598
816,82.28882999537745,1.0227809980278835,80.16910099831875,0.2902409978560172
817,84.80163400236052,1.0611890029395,82.64488699933281,0.2935009979410097
818,83.1212030025199,1.046892000886146,80.95175200287485,0.28848300280515105
819,81.46262299851514,0.9801140040508471,79.33019099436933,0.3387420001672581
820,88.01331099675735,0.9845590029726736,85.87961900047958,0.3492050018394366
821,82.01762500539189,1.033854998240713,79.89476600050693,0.2867599978344515
822,87.15286399819888,1.0063179943244904,85.00639399426291,0.3244090039515868
823,83.40566600236343,1.6199309975490905,79.93991599505534,0.353075003658887
824,108.09622499800753,1.0510409993003123,105.90194100223016,0.2957050019176677
825,85.7457849997445,1.0157990036532283,83.61320400581462,0.2933149953605607
826,92.87763999600429,1.0105399996973574,90.48128200083738,0.5448530064313672
827,85.70713700464694,0.9695209955680184,81.63143900310388,0.28674100030912086
828,80.52058400062378,0.9902439996949397,78.41376200667582,0.30177900043781847
829,86.07385999494,1.0582260001683608,83.88522399764042,0.29938999796286225
830,83.06207300483948,0.9356139998999424,79.5918959993287,0.2953340008389205
831,84.52585499617271,0.9933170003932901,82.44471900252393,0.28961199859622866
832,83.95287200255552,1.011391999782063,81.82621699961601,0.2909079994424246
833,84.03898299729917,1.0020960035035387,81.87099500355544,0.30072300432948396
834,85.12569100275869,1.2111889955122024,82.7463679961511,0.2929459951701574
835,80.63028699689312,0.9542810003040358,78.58663299703039,0.28907499654451385
836,90.59159699972952,1.0017620006692596,88.52271900104824,0.2903159984271042
837,83.11705400410574,1.0384479974163696,80.93951100454433,0.29553800413850695
838,93.61938399524661,1.0624479982652701,91.42065500054741,0.3062780015170574
839,87.06090000487166,0.9533360062050633,84.99850500083994,0.2994640017277561
840,83.38907399593154,0.9894290051306598,81.25795600062702,0.3103709968854673
841,90.1794650053489,1.1422260067774914,87.01215999462875,0.3223710009478964
842,81.42527199379401,1.0470769993844442,79.25235699804034,0.29259399889269844
843,92.72771399992052,1.0301700021955185,90.4250410021632,0.29259399889269844
844,85.3522840043297,1.811745998566039,82.40747800300596,0.2977050025947392
845,93.25541900034295,1.494764001108706,90.64915199996904,0.29303799965418875
846,82.88523899682332,1.7531170014990494,79.9982300013653,0.30194500141078606
847,83.64990800328087,0.9346139995614067,79.52737700543366,0.32833499426487833
848,87.88219899724936,1.8548570005805232,84.90807799535105,0.3159460029564798
849,81.75881000352092,1.0217809976893477,79.61130300100194,0.3062050018343143
850,85.44533999520354,1.0272810031892732,83.30579600442434,0.28839000151492655
851,82.73166400613263,0.9679840004537255,80.65169500332559,0.29124100547051057
852,89.01831399998628,1.0218180032097735,86.88938200066332,0.29568600439233705
853,85.50583999749506,1.9803579998551868,82.35699599754298,0.3344449942233041
854,80.41912000044249,1.069706995622255,78.19154000026174,0.2910010007326491
855,90.539077995345,0.9659659990575165,88.49236800597282,0.2942600040114485
856,83.97403800336178,1.0068359988508746,81.85455000057118,0.2869460004149005
857,94.40792300301837,1.020095995045267,92.23254599783104,0.31333399965660647
858,83.48151899554068,2.2665069991489872,79.78352599457139,0.29357499442994595
859,83.34188900334993,1.5589860049658455,80.17191600083606,0.29220499709481373
860,86.08178600115934,1.0232999993604608,81.8112540000584,0.29327899392228574
861,81.01760299905436,1.0500770004000515,78.85854100459255,0.3006670012837276
862,84.93444899795577,1.061226001183968,82.43834799941396,0.4307790004531853
863,82.32771899929503,1.330078004684765,79.36545000120532,0.3853900052490644
864,81.2943639975856,1.0489480046089739,79.16035699599888,0.29166800231905654
865,85.09346800565254,1.0164099949179217,82.86323900392745,0.37520500336540863
866,83.27388899488142,1.0493180016055703,81.02960299584083,0.342519000696484
867,88.24775500397664,3.8241040019784123,83.04949900048086,0.29250099760247394
868,85.98091599560576,0.981316996330861,83.93390899436781,0.2897600061260164
869,86.65071300492855,1.0625959985191002,84.46030000050087,0.31344500166596845
870,85.37057999637909,1.1807259943452664,81.1469379987102,0.29677800193894655
871,82.27127500140341,1.6518569973413832,79.0768750011921,0.290019997919444
872,92.78134399937699,2.042543994321022,89.630351998494,0.29303799965418875
873,82.5975900006597,1.3990779989399016,80.08684100059327,0.2962040016427636
874,85.03868999832775,1.0135769989574328,82.9100720002316,0.2949820045614615
875,81.93955100432504,0.9433000013814308,79.90263700048672,0.28848299552919343
876,81.4826229980099,0.9712619939818978,79.37906100414693,0.28711199411191046
877,84.63046699762344,1.0006699958466925,82.54888599913102,0.28961199859622866
878,81.63788299862063,1.0113000025739893,79.5147469980293,0.2956300013465807
879,86.36532400123542,0.9596879972377792,84.2845959996339,0.2904270004364662
880,83.76577900344273,0.9258920035790652,81.75540199590614,0.29313100094441324
881,85.18339500005823,0.9286140048061498,83.12673900218215,0.31264900462701917
882,89.27809199667536,3.466882000793703,84.56496599683305,0.3221669976483099
883,86.61478700378211,0.9766139992279932,84.51259600406047,0.31287199817597866
884,88.63560899771983,1.0300580033799633,86.49882500321837,0.29999999969732016
885,84.09478000248782,0.975409995589871,81.8283100015833,0.44461299694376066
886,93.6544949945528,2.951898000901565,89.46918600122444,0.29477800126187503
887,83.64313000492984,1.8240980061818846,80.2727859991137,0.3308160012238659
888,84.85180099523859,1.059132999216672,82.63153499865439,0.30096400587353855
889,81.34171600249829,0.9694109976408072,79.30833900172729,0.29000100039411336
890,82.38347800215706,2.3578410036861897,78.65607800340513,0.29251899832161143
891,89.30240699555725,1.4796899995417334,85.95976699871244,0.29714900301769376
892,82.63764600269496,1.0112810050486587,80.55013899866026,0.2844639966497198
893,85.92263700120384,1.6493759976583533,83.2133510048152,0.28574199677677825
894,82.2849230025895,0.988170002528932,80.22254499519477,0.29146399901947007
895,85.00252299563726,0.9987619996536523,82.8715169991483,0.3107779994024895
896,86.21828600007575,1.176560006570071,82.73920200008433,0.2995570030179806
897,82.32497800054261,1.0131700037163682,80.23197199509013,0.29290800011949614
898,94.34512699954212,1.2659670028369874,91.98691599885933,0.29752000409644097
899,82.13510699715698,1.7404129976057447,79.30774599662982,0.2916669982369058
900,87.56086500216043,1.0371879980084486,85.3853029984748,0.29646400071214885
901,83.3136290020775,1.0360209998907521,81.17091900203377,0.2988720007124357
902,82.17145899834577,0.9928549989126623,80.06854500126792,0.2897420054068789
903,87.81158800411504,1.8581170006655157,84.81980000215117,0.3365560041856952
904,80.80608399905032,1.0307440024917014,78.67387399892323,0.3005379985552281
905,92.68147400143789,0.9959469971363433,90.58213300158968,0.30116700509097427
906,80.76984299987089,0.9860589998424985,78.63561499834759,0.29522400291170925
907,84.6374479951919,0.9991139959311113,82.54820100410143,0.28442699840525165
908,81.8241989982198,1.033817999996245,79.66391399531858,0.298723993182648
909,84.58459600660717,0.9960589959518984,82.49859000352444,0.2987789994222112
910,88.3205159989302,1.2999480022699572,85.93715599999996,0.2883709967136383
911,80.95665899600135,0.9955400018952787,78.85146700573387,0.3070940001634881
912,98.15219300071476,1.8457830010447651,95.20940700167557,0.29094500496285036
913,83.63363100215793,1.7163949960377067,79.72243299445836,0.30111199885141104
914,81.027380998421,1.1263549968134612,78.78142999834381,0.2962970029329881
915,88.02158899925416,1.8782280021696351,84.96852400276111,0.3136489976895973
916,81.94581000134349,1.0220210024272092,79.74493300571339,0.3615749956225045
917,87.19056699919747,1.0502439981792122,84.98846800648607,0.3033150060218759
918,82.20414399693254,0.9881320002023131,79.4360610016156,0.29587099561467767
919,88.62701700127218,1.002892000542488,86.4861390000442,0.29340900073293597
920,85.22970900230575,1.0123369938810356,83.09429600194562,0.2987970001413487
921,85.63193299778504,1.0478729964233935,83.47683400643291,0.29357500170590356
922,86.46497200243175,0.9525399946141988,84.43744800024433,0.2931120034190826
923,80.9004550028476,1.2117809965275228,78.55067000491545,0.3018349962076172
924,94.2235519978567,0.9953179978765547,92.0723410017672,0.29401899519143626
925,84.18418799556093,1.3913380025769584,81.71201300137909,0.2954459996544756
926,95.8909270048025,2.1242660004645586,92.66173200012418,0.3035749978153035
927,83.42205599910812,1.7628580026212148,80.5576389975613,0.28868600202258676
928,82.44499700231245,1.2784489954356104,80.02778599620797,0.33964899921556935
929,86.2188419996528,1.0219479954685085,84.09046500310069,0.2947610046248883
930,83.34803699835902,1.6976529950625263,80.56847300031222,0.28574200405273587
931,86.42845400027,1.749634997395333,83.53796300070826,0.3393900042283349
932,86.45661999617005,1.7328009998891503,83.63659300084691,0.2910569965024479
933,83.13203600118868,1.0110769944731146,80.94384399737464,0.3619269991759211
934,84.4594660011353,0.9910950029734522,80.44478700321633,0.30246399546740577
935,81.27738300390774,0.9796140002436005,79.19352400494972,0.28546399698825553
936,85.7426549991942,1.0327999989385717,83.55550099804532,0.30027900356799364
937,82.01007000025129,1.0087069967994466,79.91219300311059,0.29233500390546396
938,90.28952099470189,0.9866140026133507,88.0774589968496,0.39789000584278256
939,84.061539004324,1.0234469955321401,81.68190200376557,0.30226099624997005
940,81.38499399501598,1.0415779979666695,79.18522699765163,0.3227789929951541
941,90.63741100544576,3.928419995645527,84.81768899946474,0.2944080042652786
942,81.86327300063567,0.9745400020619854,79.78780299890786,0.295129997539334
943,86.17313799913973,1.0142069950234145,84.02148300228873,0.2932969946414232
944,84.62026299821446,1.0230030020466074,82.49186699686106,0.2920749975601211
945,82.49870099825785,1.0561509989202023,80.13482300157193,0.44170500041218475
946,83.86207500007004,1.2066710041835904,81.35173499613302,0.2944270017906092
947,101.26275999937207,0.934335999772884,99.22721600014484,0.2874830024666153
948,85.82452600239776,0.9935589987435378,83.72744500229601,0.29409300623228773
949,82.41664499655599,1.3572079988080077,79.94017399323639,0.28614900656975806
950,87.90543900249759,1.0473000002093613,85.60002499871189,0.40472399996360764
951,82.46118300303351,1.1935590009670705,79.68447000166634,0.3153709985781461
952,83.85211199492915,1.0187809966737404,81.62995699967723,0.39005700091365725
953,93.27142000256572,1.2182999998913147,90.76296700368403,0.29398200422292575
954,81.76467999874149,1.0076329999719746,79.65141399472486,0.29387100221356377
955,99.42934600258013,0.9759289969224483,97.30611700069858,0.2977410040330142
956,81.78649500041502,1.0369480005465448,79.63685900176642,0.2953529983642511
957,84.81524499802617,1.0279100024490617,82.68799799407134,0.2942040009656921
958,83.71531499869889,1.018410999677144,81.57727199431974,0.3007420018548146
959,81.61142100288998,1.0207810046267696,79.49756200105185,0.29729700327152386
960,87.83088399650296,1.07068799843546,85.63082199543715,0.2935190059361048
961,83.6906859985902,1.0873179999180138,81.40206700045383,0.29964900022605434
962,90.70906000124523,1.0495959941181354,88.53481199912494,0.29868700221413746
963,81.56356800463982,0.957855001615826,79.55878400389338,0.2873899939004332
964,86.34745299787028,0.9690029983175918,83.15840599971125,0.29596399690490216
965,83.96179800183745,0.9421319991815835,80.60712100268574,0.2978710035677068
966,84.12441000109538,1.4795970055274665,81.58549499785295,0.2991860019392334
967,90.92046799923992,1.9570059957914054,87.78660600364674,0.38318600127240643
968,84.99767099419842,3.0460650013992563,79.40478400269058,0.28642699908232316
969,92.62086200033082,1.2300590024096891,90.26522500062129,0.29157500102883205
970,83.48548200592631,1.004224999633152,81.35669699549908,0.293222998152487
971,83.54087099723984,0.9536330035189167,81.47314199595712,0.3235379990655929
972,85.19537500251317,1.8275789989274926,82.11884699994698,0.2948339970316738
973,84.3207439975231,1.0298729976057075,82.15353300329298,0.2976120013045147
974,85.69076599815162,1.3787999996566214,83.20536999963224,0.29194600210757926
975,82.45244200224988,1.9252659985795617,79.38844999443972,0.29885299591114745
976,86.73615800216794,1.8029500060947612,83.79170500120381,0.29077899671392515
977,83.5045749990968,1.2918369975523092,80.56991700141225,0.3623349984991364
978,81.98992099642055,1.4823199962847866,79.24328299850458,0.28848300280515105
979,85.51589499984402,2.0991359997424297,82.24088499991922,0.38437199691543356
980,81.49051300279098,1.5990419997251593,78.7737080027,0.2819820001604967
981,90.81035599956522,1.1410220031393692,88.52390499669127,0.317075006023515
982,84.417965998,1.0460030025569722,82.25536700047087,0.29103799897711724
983,83.94703899830347,1.6839500021887943,81.19675200578058,0.29222300508990884
984,82.13792200695025,1.617079004063271,79.1431539983023,0.5188720024307258
985,90.61833699524868,1.1760589986806735,87.20419699966442,0.34874200355261564
986,81.46271599980537,1.0198179952567443,79.28346900007455,0.30442699790000916
987,87.07160400081193,0.9811329946387559,85.0130420003552,0.30281599902082235
988,81.53330899949651,1.561449003929738,78.80363400181523,0.2924270011135377
989,84.83115299895871,1.0345770060666837,82.44175699655898,0.3412410005694255
990,83.17686900409171,1.808654000342358,80.25004599767271,0.286852999124676
991,83.08231399860233,2.180876996135339,79.77669200045057,0.29544500284828246
992,85.86256299895467,1.8727279966697097,82.83625699550612,0.3290010063210502
993,80.71177000238094,1.02737399720354,78.61131899699103,0.2918339960160665
994,91.08274599566357,1.3074849994154647,88.6365719998139,0.3262410027673468
995,88.16071800538339,1.369005003653001,85.64559899969026,0.3399640045245178
996,89.87459399941145,0.9201879947795533,87.86497600522125,0.3055569977732375
997,90.30628099571913,1.1540960040292703,87.0718819933245,0.305926994769834
998,89.54868600267218,1.7235979976248927,86.7016399934073,0.29318599990801886
999,85.3539500021725,1.4885790005791932,82.73885000380687,0.28868600202258676
1000,81.98773599724518,1.6364309994969517,79.11950499692466,0.30050100031076
1001,87.29253100318601,0.9701509989099577,83.08620300522307,0.4186309961369261
1002,83.64257499488303,1.3106160040479153,80.68799199827481,0.3551679983502254
1003,82.00119899993297,1.0667999958968721,79.53945000190288,0.344501000654418
1004,85.04733800509712,1.9737650000024587,81.89316200150643,0.29437099874485284
1005,82.81199799966998,1.8523580001783557,79.63719200051855,0.29940799868199974
1006,90.21422499790788,0.9515030033071525,86.7266950008343,0.29807499959133565
1007,81.75914300227305,1.0129660004167818,79.63193300383864,0.30005600274307653
1008,105.14265999518102,0.9143169954768382,101.70733400445897,0.30240899650380015
1009,85.10837599897059,0.9782630004337989,82.9980729977251,0.28777799889212474
1010,88.66462700098054,1.908395002828911,85.62413600157015,0.29264900513226166
1011,85.66561800398631,1.0093360033351928,83.52272299816832,0.32872399606276304
1012,83.70070499950089,1.0466889943927526,80.65838000038639,0.2907230009441264
1013,86.4328609968652,1.2551700056064874,84.09929899789859,0.290019997919444
1014,83.41288899828214,1.7368379994877614,80.527935999271,0.3324819990666583
1015,85.82554500026163,1.495226999395527,83.21735099889338,0.29531500331358984
1016,83.65107400459237,1.4803750018472783,81.06701100041391,0.29609299963340163
1017,80.72438099770807,0.9632989967940375,78.67554100084817,0.2879270032281056
1018,88.07762600190472,0.9779659958439879,84.87452299596043,0.2900379986385815
1019,81.03328799916198,1.5772830010973848,78.31652199820383,0.28720500267809257
1020,87.33721599855926,0.8961330022430047,83.99016799376113,0.2895380021072924
1021,81.30325299862307,1.575597001647111,78.57689299999038,0.3306680009700358
1022,81.91842100495705,1.0019289984484203,79.80130299984012,0.29557500238297507
1023,88.13734800060047,1.0362259999965318,85.59137800330063,0.6731510002282448
1024,82.1105329960119,1.1930219989153557,79.54748799966183,0.29796399758197367
1025,91.1646539971116,1.4119120023678988,88.65960899856873,0.29290800011949614
1026,86.95910400274443,1.0058920015580952,84.80815299844835,0.28690900217043236
1027,83.97920500283362,1.577356997586321,81.23278999846661,0.3497790021356195
1028,84.27155800018227,1.8472099982318468,81.09975200204644,0.2922409985330887
1029,81.55536499543814,1.270560002012644,79.1543199957232,0.33403900306439027
1030,86.83682500122814,1.5958570002112538,84.11687300394988,0.29524200363084674
1031,90.61154100345448,1.417596999090165,88.07257000444224,0.28629699954763055
1032,87.43473499635002,1.3683740035048686,84.97981899563456,0.2830559969879687
1033,83.76822300488129,1.8981910034199245,80.76914000412216,0.29887100390624255
1034,83.63085299788509,1.0312070007785223,81.46873499936191,0.3149269978166558
1035,84.84765199682442,1.1459289962658659,82.57840500300517,0.3028720020665787
1036,81.99408800282981,1.0270579950883985,79.85830399411498,0.2916669982369058
1037,88.79853600228671,1.8814680006471463,85.77491500182077,0.3241869999328628
1038,88.2162369962316,0.9558180026942864,86.14054600184318,0.2998529962496832
1039,93.43880900269141,1.3632080008392222,90.98120900307549,0.2914460055762902
1040,83.40081400092458,1.0424850042909384,81.2279000019771,0.28811200172640383
1041,89.30894499644637,0.9706329947221093,87.19728999858489,0.3352229978190735
1042,83.88750100129982,1.083114002540242,81.66112400067504,0.29344500217121094
1043,82.26568200188922,1.0510039937798865,79.92117500543827,0.3957049993914552
1044,86.89626999694156,1.045707002049312,84.30146599857835,0.29244599863886833
1045,81.35777099960251,0.9751879988471046,79.25496800453402,0.28987100085942075
1046,86.33941700099967,0.9893370006466284,84.22750200406881,0.2894449935411103
1047,82.91907199600246,1.061373004631605,80.64628700230969,0.29294499836396426
1048,80.8104000025196,1.0602070033201016,78.598170002806,0.3199819984729402
1049,84.18194600380957,2.2573399983230047,80.75263899809215,0.29257400456117466
1050,84.73076399968704,1.0444660001667216,82.52677499694983,0.30074099777266383
1051,85.8345999949961,1.5773380000609905,83.11518400296336,0.3021299999090843
1052,83.92272399942158,1.0155769996345043,81.78806900104973,0.30137100111460313
1053,91.38882100523915,0.9796140002436005,89.21018499677302,0.3686860000016168
1054,90.61565199954202,0.9832259966060519,86.31148999847937,0.30785299895796925
1055,87.24839999922551,1.0228550017927773,85.10783800011268,0.3221299994038418
1056,85.57850700162817,2.022783999564126,81.936033006059,0.2936119999503717
1057,82.07845899596578,2.35172900283942,78.63713299593655,0.29609299963340163
1058,85.66641400102526,1.009096005873289,83.52055599971209,0.32429699786007404
1059,80.71254799870076,1.0283369992976077,78.59726300375769,0.2827040007105097
1060,84.22135400178377,0.9525399946141988,80.82941699831281,0.30153799889376387
1061,82.87631299754139,2.1491739971679635,79.61072900070576,0.3391680002096109
1062,81.12954800162697,1.0172440015594475,79.00409699504962,0.28972300060559064
1063,86.13930499996059,1.0428370005683973,83.98051999392919,0.29503800033126026
1064,81.39671599928988,1.0462619975442067,79.23535799636738,0.2850189994205721
1065,91.58239600219531,0.96983699768316,87.48897600162309,0.49429699720349163
1066,88.42864500184078,1.6650230027153157,85.42095099983271,0.28703800489893183
1067,91.85993400024017,1.415597005689051,89.18735199404182,0.44068599527236074
1068,85.15818999876501,1.1882249964401126,80.80080599756911,0.31814999965718016
1069,87.14734499517363,0.9418550034752116,84.911338002712,0.5225940039963461
1070,98.43445400474593,3.2373619978898205,92.36578699346865,0.3002969970111735
1071,81.26686399918981,1.046281002345495,79.06209700013278,0.30200100445654243
1072,86.2384159991052,0.9246330009773374,82.83505399595015,0.29479699878720567
1073,80.5233249993762,0.9860220015980303,78.45207700302126,0.30090799555182457
1074,84.20389099774184,1.043965996359475,82.01099600410089,0.3145200025755912
1075,82.63868300127797,1.062187999195885,80.44760099437553,0.29900100344093516
1076,80.92821400350658,1.0373559998697601,78.76698600011878,0.3454449979471974
1077,85.48122899810551,1.025243996991776,82.99510999495396,0.2914079959737137
1078,81.40977100265445,1.0254109947709367,79.23180099896854,0.3470379961072467
1079,88.21747799811419,1.0513179950066842,86.02387899736641,0.2943720028270036
1080,85.84008199977688,0.9552429983159527,82.48079300392419,0.3339830000186339
1081,84.85256000130903,1.9855800055665895,81.7763279992505,0.3154820005875081
1082,87.5915869983146,1.16876199899707,84.57696600089548,0.29542699485318735
1083,85.74963700084481,1.7184120006277226,82.92670200171415,0.2937969984486699
1084,86.92419600265566,1.9467650054139085,83.85594600258628,0.2971680005430244
1085,81.5437529963674,0.9332070039818063,79.49633999669459,0.32166700111702085
1086,90.06913199846167,1.0743550010374747,87.88099499361124,0.30101899756118655
1087,82.97129499987932,1.0206139995716512,80.83567800349556,0.29411200375761837
1088,89.65729700139491,1.059355003235396,87.4154199991608,0.29500100208679214
1089,83.35446300043259,1.1747070020646788,80.94341799733229,0.29585199808934703
1090,84.16509500239044,1.0424100037198514,81.61767899582628,0.29485300183296204
1091,87.5989389969618,1.0167439977522008,85.5137110047508,0.3010200016433373
1092,80.86578800430289,1.7363579972879961,78.07505699747708,0.30100099684204906
1093,92.54291799879866,1.0433729985379614,89.93714999814983,0.29289000667631626
1094,83.19509099965217,1.0098179991473444,81.05858500493923,0.2952230061055161
1095,87.70784700027434,1.006929000141099,85.50943300360814,0.36135299887973815
1096,84.05672400112962,1.0276520042680204,80.37148999574129,0.29713099502259865
1097,86.40450999519089,0.9659290008130483,84.24981699499767,0.390094006434083
1098,92.83188100380357,1.6403940026066266,89.4170559986378,0.32262999593513086
1099,81.27023399720201,1.0253740038024262,79.131171994959,0.2899090031860396
1100,86.75699200102827,1.0225209989584982,84.58215199789265,0.3310570027679205
1101,81.46271599980537,0.965114995779004,79.42626499425387,0.28877900331281126
1102,84.26379899901804,0.9787620001588948,82.14803300506901,0.31040800240589306
1103,83.23488799942425,2.0099870016565546,80.01815600437112,0.30829699971945956
1104,82.1977000014158,1.029355000355281,80.04928500304231,0.29568599711637944
1105,88.37064499675762,0.9582799975760281,86.28117600164842,0.2902049964177422
1106,81.8575880039134,1.021280993882101,79.67745100177126,0.292037999315653
1107,84.20820599712897,1.0469109984114766,82.04642100463388,0.28951899730600417
1108,82.84510900557507,1.0178180018556304,80.68139899842208,0.2983519952977076
1109,83.78281599289039,0.9641509968787432,80.04702600010205,0.29705600172746927
1110,92.91423300601309,1.7586159956408665,90.03698299784446,0.29370499396463856
1111,90.8468380002887,1.016966998577118,88.72583100310294,0.3351869963807985
1112,86.57534399389988,0.9795029982342385,83.0658510021749,0.3283720070612617
1113,82.43612600199413,1.039448005030863,79.55202499579173,0.2925200024037622
1114,91.9267490025959,1.853301997471135,88.91073999984656,0.29783400532323867
1115,81.76980999996886,1.0054289959953167,79.65571000386262,0.294242003292311
1116,82.28616300038993,1.5140780014917254,79.64139599789632,0.31464899802813306
1117,90.10626099916408,1.9677649979712442,84.65830000204733,0.3025010009878315
1118,81.72732799721416,1.0320770015823655,79.54596899799071,0.2933709984063171
1119,85.92328600207111,1.0062059955089353,83.78798199555604,0.2919450053013861
1120,81.51319799799239,1.0589299999992363,79.33930199942552,0.2932420029537752
1121,83.87739000318106,0.956946998485364,81.82553299411666,0.2975570023409091
1122,83.15181399666471,0.997855000605341,81.0304369952064,0.29905599512858316
1123,83.43575899925781,1.0398359954706393,81.22312199702719,0.30135300039546564
1124,88.45401600410696,1.0830589963006787,86.18312000180595,0.3735569989657961
1125,83.56020399514819,1.0620219982229173,81.17558599769836,0.34888999653048813
1126,114.72122700070031,1.6906170058064163,111.28317900147522,0.29513100162148476
1127,130.87325900414726,1.965357005246915,127.66991600074107,0.3074260021094233
1128,133.6506930019823,1.290244996198453,131.26383400231134,0.28731599741149694
1129,137.53485299821477,1.7474499982199632,134.63193600182422,0.33285300014540553
1130,103.30372899625218,2.2432670011767186,99.52868000254966,0.5384830001275986
1131,103.7011930020526,1.402189998771064,100.64651700668037,0.35964899871032685
1132,103.22948700195411,1.0012999991886318,100.3064969991101,0.3017049966729246
1133,101.312129998405,0.9622440047678538,99.2449929981376,0.2944629959529266
1134,110.01447099988582,1.7765249940566719,107.08988799888175,0.3164080044371076
1135,102.14689200074645,1.660505004110746,99.1619010019349,0.39392699545715004
1136,87.87594000023091,1.4059480017749593,85.24148799915565,0.3036119960597716
1137,215.99539300223114,0.9728169970912859,213.52477400068892,0.45300100464373827
1138,168.23891199601348,1.39363400376169,165.2397910002037,0.2942409992101602
1139,116.59717700240435,1.0264480006298982,114.44431899872143,0.3296490031061694
1140,103.60587800096255,1.5985980062396266,100.89209099533036,0.2994460010086186
1141,107.01986899948679,2.0701920002466068,103.50602599646663,0.4182599950581789
1142,89.60220500011928,1.0740029974840581,86.6401949970168,0.29781599732814357
1143,97.67765499418601,1.0286140022799373,95.5212409971864,0.2994450042024255
1144,83.04751800460508,0.9430959980818443,79.67296900460497,0.29503800033126026
1145,86.80932499555638,0.9611139976186678,84.73794900055509,0.28598299832083285
1146,85.82463700440712,1.3617450022138655,81.73345799878007,0.3011679946212098
1147,84.81563399982406,1.3976340051158331,82.04475499951513,0.3600749987526797
1148,102.59117100213189,2.198117996158544,97.3815250035841,0.5611870001303032
1149,117.46945799677633,2.647396999236662,113.46100099763134,0.31227800354827195
1150,111.64031000225805,1.8063199968310073,107.5714090038673,0.29450099827954546
1151,85.43565400032094,1.0671329946490005,83.25966599659296,0.2897970043704845
1152,81.47717899555573,1.062411000020802,79.20709800237091,0.3337969974381849
1153,100.90424000372877,1.1371519940439612,96.25248399970587,0.48076100210892037
1154,101.09479499806184,1.7008199938572943,97.511525003938,0.49559400213183835
1155,139.23115500074346,1.924302996485494,135.15525399998296,0.35090799792669713
1156,137.3696309965453,1.3309670030139387,133.39450700004818,0.4600570027832873
1157,161.37440900638467,2.5447670050198212,157.1195990036358,0.30920499557396397
1158,119.42333399929339,2.0387290060170926,116.18308300239732,0.28942700009793043
1159,114.4406710009207,1.8025989993475378,111.48973499803105,0.3071310056839138
1160,107.9235389988753,1.6847090009832755,104.9684929967043,0.3192610020050779
1161,109.6983219977119,2.3316559963859618,105.86944099486573,0.2959079938591458
1162,93.90243999951053,1.0214110006927513,91.75087699986761,0.3112050035269931
1163,85.23687600245466,1.0507249971851707,83.0558320012642,0.32405599631601945
1164,126.3347630010685,1.1208370051463135,122.51819599623559,0.3215930046280846
1165,117.84069999703206,2.3064880006131716,114.29443000088213,0.32659299904480577
1166,100.13877399615012,2.0953769999323413,93.0145120000816,0.33727899426594377
1167,107.31872300675604,1.0586150019662455,104.96147399680922,0.4357610014267266
1168,95.64375999616459,1.900931994896382,92.14137800154276,0.3022050004801713
1169,98.41504700307269,1.001244003418833,96.30011400440708,0.3136309969704598
1170,124.66229499841575,3.4756220047711395,119.51277899788693,0.3256310010328889
1171,104.59101000014925,1.9361720042070374,101.42576000362169,0.2985200044349767
1172,91.20581999741262,1.06972500361735,89.02694300195435,0.30772299942327663
1173,93.62125400366494,1.2094299963791855,91.11850499903085,0.29116799851180986
1174,90.22331799496897,1.2174669973319396,86.25674899667501,0.3041119998670183
1175,80.50941700639669,1.0847809971892275,78.30578099674312,0.3054269982385449
1176,87.70662399911089,1.069578000169713,85.53909900365397,0.2987420011777431
1177,83.83113099989714,0.941854996199254,81.81034699373413,0.29113100026734173
1178,81.44104899838567,1.0208180028712377,79.24983900011284,0.3867980049108155
1179,103.47146999993129,6.11183400178561,94.16766300273594,0.31720500555820763
1180,86.19728699704865,1.968450000276789,83.00173900352092,0.2892599950428121
1181,84.16200200008461,0.9338359959656373,82.11936700536171,0.30876100208843127
1182,92.48556500097038,0.9766319999471307,90.4568370024208,0.299316001473926
1183,84.97104200068861,1.004299003398046,82.69783099967754,0.4276489999028854
1184,88.05805200245231,1.0981699961121194,85.36033999553183,0.30266799876699224
1185,86.62789899972267,1.0265949968015775,84.48502200189978,0.2970569985336624
1186,107.96637200110126,1.0035209998022765,105.85177399480017,0.2973709997604601
1187,91.09346799959894,1.6880419934750535,88.25314499699743,0.3389269986655563
1188,86.41969499876723,1.7343569998047315,83.60185199853731,0.28985300014028326
1189,112.62607199751073,1.1258739978075027,110.40304700145498,0.2872969998861663
1190,88.54010899813147,1.7266900031245314,85.68498900422128,0.30174200219335034
1191,91.86767400387907,1.131132994487416,87.9724400001578,0.3035379995708354
1192,86.10947200213559,1.6478760007885285,83.35950000036974,0.2901859988924116
1193,96.8295969942119,1.6669129981892183,94.0629400065518,0.31165000109467655
1194,90.35194700118154,1.0534479952184483,87.31736399931833,0.29833400185452774
1195,84.79443100077333,1.2935779959661886,81.44347499910509,0.2944270017906092
1196,82.81512700341409,1.1067070008721203,80.43993500177749,0.31127900001592934
1197,90.56654099549633,1.3207080046413466,85.63987699744757,0.29566800367319956
1198,82.55949800513918,1.8959130029543303,79.50961800088407,0.29146399901947007
1199,89.00246099801734,0.9728180011734366,85.51748799800407,0.2933159994427115
1200,100.46671999589307,1.8338020017836243,97.5326919942745,0.31396400299854577
1201,85.63047000643564,1.9859690000885166,82.20268199511338,0.30164900090312585
1202,83.68894500017632,1.0098549973918125,81.5641430017422,0.29876000189688057
1203,93.0846039991593,1.6632460028631613,90.34359499491984,0.2878339946619235
1204,85.0552650008467,2.322710999578703,81.64008699532133,0.2903159984271042
1205,89.81640899582999,2.264711001771502,86.45471400086535,0.2982419973704964
1206,85.4720429997542,2.8287679961067624,81.47736399405403,0.2928159956354648
1207,81.05319600144867,1.5855599995120429,78.38676199753536,0.2891120020649396
1208,85.41039499687031,1.1857260033139028,83.05459199618781,0.3498520018183626
1209,92.34189900598722,1.1153559971717186,87.93856999545824,0.296389996947255
1210,86.1279899982037,0.977039999270346,84.02700199803803,0.29701900348300114
1211,88.62655299890321,1.0598369990475476,86.44258300046204,0.2925750013673678
1212,89.19761000288418,1.0071879951283336,87.07049299846403,0.3495380005915649
1213,98.78223299892852,1.1975220040767454,96.02916900621494,0.3556119991117157
1214,107.20187099650502,1.1137629990116693,104.52389900456183,0.2971680005430244
1215,101.20659200038062,0.9895589973893948,98.28615699370857,0.29342700145207345
1216,99.78903199953493,1.6572280001128092,97.03693100163946,0.2912419950007461
1217,87.92560700385366,0.949966000916902,85.86486000422155,0.2925570006482303
1218,81.85738400061382,0.9108730009756982,78.06911299849162,0.3255199990235269
1219,87.46740199421765,1.0198739983025007,85.35331999883056,0.2944080042652786
1220,81.74386500468245,1.0010209953179583,79.65574699483113,0.2887419977923855
1221,90.26307699969038,0.9532630065223202,88.20053299859865,0.3009450010722503
1222,82.53399699606234,1.0014479994424619,80.43123200332047,0.29301999893505126
1223,93.75073599949246,0.9605950035620481,91.6767480011913,0.2930200062110089
1224,84.083706002275,0.9812249991227873,80.32352800364606,0.29079699743306264
1225,83.28068399714539,0.9982070041587576,81.21147500060033,0.2905939982156269
1226,91.45048800564837,1.0228180035483092,89.26438900380163,0.3344449942233041
1227,82.69899799779523,0.9588359971530735,80.65126900328323,0.28681600088020787
1228,84.54509599687299,1.054892003594432,82.3864960038918,0.29355699371080846
1229,83.24251800513593,0.9641509968787432,81.16278999659698,0.2933159994427115
1230,85.12178299861262,1.0135589982382953,82.95042499958072,0.3490939998300746
1231,83.35144499869784,1.3875229997211136,80.68613899376942,0.2922970015788451
1232,81.87697600078536,2.030451003520284,78.79231900005834,0.284648995148018
1233,87.69399500306463,1.5301339954021387,85.08628299750853,0.3317599985166453
1234,82.12208899931284,0.963725004112348,78.99268999608466,0.29392700525932014
1235,85.04604199697496,1.0642630004440434,82.31538599648047,0.2959449993795715
1236,81.9107540010009,0.9950029998435639,79.81748899328522,0.2867980001610704
1237,86.19536100013647,1.112521997129079,83.56579700193834,0.35259399737697095
1238,106.80472099920735,4.149327003688086,101.32061100011924,0.29807499959133565
1239,89.0111100015929,1.2998369929846376,86.61219500208972,0.29094499768689275
1240,87.0838629998616,1.000411000859458,84.9638750005397,0.2941860002465546
1241,81.4014200004749,1.053225998475682,79.16881999699399,0.3689640070660971
1242,90.28483599831816,0.9453550010221079,87.07103000051575,0.2997600022354163
1243,81.26814199931687,1.2371150005492382,78.90613400377333,0.29159300174796954
1244,85.7621180039132,1.2870229984400794,83.3539630039013,0.2899269966292195
1245,119.39255600009346,1.0493180016055703,117.23751299723517,0.29581600392702967
1246,97.8393409968703,2.6162860012846068,94.15997799806064,0.29611199715873227
1247,104.48526999971364,0.967779997154139,101.61785200034501,0.2838159998646006
1248,111.4260309987003,1.0352440003771335,109.21111799689243,0.30537100246874616
1249,91.63321099913446,1.5540050007984973,88.71785000519594,0.36955699761165306
1250,92.29043500090484,1.3184479976189323,89.85472300264519,0.3019079958903603
1251,83.86890900146682,0.9494100013398565,80.83460299530998,0.2906119989347644
1252,97.08569000213174,0.9683739990578033,93.8662549961009,0.29159300174796954
1253,81.87751399964327,1.2732070026686415,79.45730200299295,0.2962790022138506
1254,87.68736499769147,1.0864479991141707,85.47919199918397,0.29211200308054686
1255,92.49550999811618,0.9322440018877387,88.64368300419301,0.5164840040379204
1256,83.93916800559964,1.6541900040465407,80.6366219985648,0.3012789966305718
1257,88.05582999775652,1.2221520009916276,85.71243299957132,0.2953709990833886
1258,87.27491900208406,1.0777989955386147,85.06541299720993,0.32433399610454217
1259,109.54546999710146,1.1542259962880053,105.19521599781001,0.6784840006730519
1260,143.76685499883024,1.5151900006458163,139.94436099892482,0.29846400138922036
1261,84.27348399709444,1.259281998500228,81.9141239990131,0.2886500005843118
1262,87.89958800480235,1.0771879969979636,85.18252400244819,0.7652989952475764
1263,214.9537049990613,1.6038009998737834,211.27643499494297,0.41829700057860464
1264,134.25932500103954,2.8874720010207966,123.51218000549125,0.3142790010315366
1265,89.46496299904538,1.0836150031536818,87.25549399969168,0.29948299925308675
1266,86.24617500026943,1.0682809952413663,84.01992799917934,0.337409001076594
1267,87.50305000285152,1.8010060011874884,84.57592900231248,0.28601899975910783
1268,83.7407609942602,1.0509099956834689,81.58862400159705,0.29079700470902026
1269,85.96206299989717,2.111655005137436,82.69738699891604,0.3260930025135167
1270,94.52627500286326,1.1918000018340535,91.66698899935,0.2905750006902963
1271,110.36089900153456,1.0052999932668172,108.01520600216463,0.5012420006096363
1272,96.01050199853489,1.6061339993029833,92.75369600072736,0.46450099762296304
1273,98.3584349960438,1.82920899533201,94.59457200136967,0.361778998922091
1274,92.05506400030572,2.6226740010315552,86.05437900405377,0.29918700602138415
1275,81.66003200312844,0.9666700061643496,79.59311699960381,0.28990799910388887
1276,88.12955200119177,0.9673920067143627,84.85711600224022,0.32870500581339
1277,83.97894600057043,1.4724859938723966,81.21008500165772,0.28890900284750387
1278,91.97447099722922,1.7750049955793656,89.11599899875,0.2979640048579313
1279,85.2826170012122,1.7538389947731048,82.42081200296525,0.29498300136765465
1280,83.06868399813538,1.0595220010145567,80.91169600083958,0.312055999529548
1281,86.52658400387736,1.4821160002611578,83.83257500099717,0.29450100555550307
1282,81.49304899416165,1.2273739994270727,79.15239400608698,0.28598300559679046
1283,86.32699100417085,0.9643919984227978,84.22972499829484,0.3320199975860305
1284,82.02960700145923,1.3826900030835532,79.51291400240734,0.2927050009020604
1285,86.01002599607455,0.8920580003177747,82.85420200263616,0.32042699604062364
1286,84.32963299856056,1.2901520021841861,81.80336499935947,0.29296299908310175
1287,82.41846000601072,0.9934109984897077,80.33889799844474,0.29196399555075914
1288,87.23799300059909,1.0664479996194132,85.08348699979251,0.29350000113481656
1289,80.86143699620152,1.2873560044681653,78.36305800447008,0.279574996966403
1290,90.09044599952176,1.0922620058408938,87.75430999958189,0.37894599518040195
1291,91.49243299907539,0.9556700024404563,87.84862500033341,0.29133399948477745
1292,91.14715400210116,1.717172002827283,88.22060800594045,0.39202000334626064
1293,91.93306299857795,0.9438730048714206,88.65246000641491,0.2915939985541627
1294,87.27960500254994,1.2527450016932562,84.82115300284931,0.35890799335902557
1295,85.79054399888264,1.122799003496766,82.69405299506616,0.2934639996965416
1296,82.52870100113796,1.4453939947998151,79.91159999801312,0.3662610033643432
1297,85.01772800082108,1.0441510021337308,82.85127599810949,0.3089460005867295
1298,81.42580799903953,1.041818002704531,79.16576499701478,0.38814899744465947
1299,83.88642800127855,1.0123920001205988,81.56905000214465,0.48990899813361466
1300,84.87335599784274,0.9625960010453127,80.97984500636812,0.29264899785630405
1301,81.24803000100655,1.087355994968675,78.97707899974193,0.36259300395613536
1302,91.89486000104807,3.6122149977018125,87.00091799983056,0.36835300124948844
1303,82.2228479955811,1.9352649978827685,79.2010980003397,0.287574999674689
1304,92.16130500135478,1.5984500059857965,89.42546299658716,0.3237409982830286
1305,85.53867400041781,0.9626879982533865,82.02362500014715,0.29955599893582985
1306,85.97665600245818,0.9389850019942969,83.98816800036002,0.2777599947876297
1307,83.5452039973461,0.9620589989935979,79.56133999687154,0.2866119975806214
1308,80.9427330023027,1.5276350022759289,78.2672060013283,0.3209079950465821
1309,86.86989999841899,1.1585400061449036,83.05505499447463,0.2885939975385554
1310,83.03647999855457,0.9870219946606085,80.9188439961872,0.2924639993580058
1311,90.24179900006857,0.985854996542912,88.17503300087992,0.28548200498335063
1312,85.14926500356523,1.0371879980084486,82.9763500005356,0.30155599961290136
1313,86.82841799600283,1.003577999654226,84.52089300408261,0.44831600098405033
1314,84.6359850038425,1.4112259959802032,81.6497160049039,0.2939080004580319
1315,93.48456799489213,1.0185959981754422,90.52730000257725,0.41709400102263317
1316,84.56426300108433,1.1058179952669889,80.62188100302592,0.2975750030600466
1317,87.57212400087155,2.0862279998254962,84.3835960040451,0.299667997751385
1318,93.93218100012746,1.020077004795894,90.04789100436028,0.2943900035461411
1319,90.96459799911827,1.0461330020916648,88.78462799475528,0.28727800236083567
1320,106.10860700398916,0.9432249935343862,102.59670700179413,0.378482996893581
1321,100.44475699396571,2.4354150009457953,96.71042999980273,0.2867229995899834
1322,87.57592000620207,0.9540579994791187,83.8158169935923,0.2999819989781827
1323,81.80644000094617,1.6343200040864758,79.06509700114839,0.28970499988645315
1324,86.73339899542043,1.0151140013476834,84.5646140005556,0.32109399762703106
1325,87.42404999793507,2.742915996350348,83.52783400187036,0.29396400350378826
1326,87.50440100266133,1.0270769998896867,85.28050599852577,0.30453799990937114
1327,85.49145099823363,2.0695249986601993,82.23407100012992,0.2946500026155263
1328,81.72523599932902,1.0104660032084212,79.58513600169681,0.30279800557764247
1329,87.91295800619991,0.9470400036661886,84.52466999733588,0.28668600134551525
1330,85.42348799528554,0.9526329959044233,81.93347699852893,0.2945750020444393
1331,86.9906220032135,1.702967994788196,83.99822399951518,0.42850099998759106
1332,84.14370600075927,1.606152996828314,80.99623400630662,0.2932599963969551
1333,85.5765629967209,1.2725409978884272,83.11755500471918,0.3838159973383881
1334,87.03552900260547,1.0851699989871122,83.21266600250965,0.2902229971368797
1335,81.18240100156981,1.3762450034846552,78.66105900029652,0.2964079976663925
1336,87.15028899314348,0.9458170025027357,83.98829799989471,0.2928530011558905
1337,84.03596500284038,2.0160060012131,80.89454799483065,0.30109399813227355
1338,85.83722999901511,0.9667069971328601,82.30495900352253,0.29348200041567907
1339,82.6922390042455,1.3545779947889969,80.19369300018298,0.32850100251380354
1340,83.24442499724682,0.935484997171443,80.0191559974337,0.30053800583118573
1341,86.14632300304947,1.984894995985087,83.04149800096639,0.292149001325015
1342,81.7466799999238,1.0119479993591085,78.11296499858145,0.2969449997181073
1343,90.03176199621521,1.3611710019176826,87.51312400272582,0.30229700496420264
1344,83.54194500134327,0.9393729997100309,80.30875000258675,0.2922970015788451
1345,92.28574900043895,0.9461329973419197,88.35655200527981,0.2995190006913617
1346,84.22672499727923,0.9387070022057742,80.75786199333379,0.29953800549265
1347,85.22291300323559,1.213595998706296,81.71421700535575,0.2971299982164055
1348,88.93949900084408,1.162726002803538,85.61445100349374,0.288982002530247
1349,81.4934199952404,0.9743550035636872,79.40519099793164,0.3130940021947026
1350,85.05307900486514,1.0164470004383475,82.94210999883944,0.2951119968201965
1351,80.97510399966268,1.0162070029764436,78.83356000093045,0.28946399834239855
1352,84.6223549960996,1.0613190024741925,82.44731200102251,0.2911120027420111
1353,83.90728000085801,2.0851179942837916,80.71363899944117,0.28922300407430157
1354,94.41857100318884,1.0213550049229525,92.2631569992518,0.287686001684051
1355,86.4306579969707,1.5259869978763163,83.79279800283257,0.29687100322917104
1356,82.02699499815935,1.0546880002948456,79.79448900005082,0.36877900129184127
1357,86.82690000568982,1.9826919960905798,83.7365939951269,0.3035750050912611
1358,82.35123699705582,0.957169002504088,79.01461599976756,0.2923900028690696
1359,90.0375580022228,1.0645959991961718,87.81964299851097,0.29742699553025886
1360,86.00302699778695,1.2279120055609383,83.65563100232976,0.29711200477322564
1361,84.94531900214497,0.991262000752613,82.8159609955037,0.28816700069000944
1362,88.53534999798285,1.022374002786819,86.38710100058233,0.29620499844895676
1363,81.40873399679549,1.2307069991948083,78.99485700181685,0.36996400012867525
1364,84.07942800113233,1.2772080008289777,81.4101970026968,0.5047610029578209
1365,83.76050100196153,1.5061160011100583,80.60586100327782,0.3639269998529926
1366,81.10488200327381,1.0482620054972358,78.94554099766538,0.2929090042016469
1367,89.12975799466949,1.2705039989668876,86.389768999652,0.297111997497268
1368,81.02843799861148,1.2438739940989763,78.67239299957873,0.29994500073371455
1369,88.17495900439098,2.586804002930876,84.5085039982223,0.298371996905189
1370,81.61566100170603,1.0336139966966584,79.46987700415775,0.29070400341879576
1371,87.44001199374907,1.272115005122032,85.0417639958323,0.2947789980680682
1372,83.46826000342844,1.079150999430567,81.25943800405366,0.2987970001413487
1373,84.15766899997834,0.9926509956130758,82.06264400359942,0.28853800176875666
1374,87.55995699902996,1.0313359962310642,85.41700700152433,0.29226000333437696
1375,82.47859000402968,1.6729120034142397,79.67574700160185,0.2932599963969551
1376,94.65218299737899,1.0703369989641942,92.46693500608671,0.2944090010714717
1377,84.64226299838629,1.910801998747047,81.62417999847094,0.2946680033346638
1378,84.41826300258981,1.4532080022036098,81.7268469982082,0.37668699951609597
1379,85.59782100201119,0.9791519987629727,82.17279199743643,0.29213000379968435
1380,81.28554899303708,1.070113998139277,79.0841710040695,0.29616800020448864
1381,89.58776000508806,0.9866699983831495,87.50393799709855,0.2978160046041012
1382,83.42942599847447,0.9067249993677251,80.09728600154631,0.3438159983488731
1383,89.41146299912361,1.0501329961698502,87.30025299882982,0.2942790015367791
1384,86.19552799791563,1.056411005265545,84.00876100495225,0.29552000341936946
1385,82.48738600377692,0.9522070031380281,80.41841700469377,0.302483000268694
1386,87.53047599748243,1.2340410030446947,83.60509300109698,0.29466699925251305
1387,83.10846200038213,1.0650769982021302,80.94112199614756,0.29292699764482677
1388,89.81151899934048,1.2635599996428937,87.42566099681426,0.29924200498498976
1389,82.88890599942533,1.9253020000178367,79.87785900331801,0.28090799605706707
1390,90.98237600119319,1.0225590012851171,88.83640600106446,0.3101679976680316
1391,83.52824100438738,1.0627630035742186,81.30036399961682,0.33779699879232794
1392,81.76006899884669,1.0576330023468472,79.5983959978912,0.29411199648166075
1393,88.23403299902566,1.6170789967873134,85.51963700301712,0.2984259990626015
1394,81.76082900172332,1.353152998490259,79.2686729982961,0.2966489992104471
1395,91.8300810008077,1.0557989953667857,89.60424200631678,0.30198300373740494
1396,82.22912599740084,0.9269470028812066,79.10743100364925,0.3023350000148639
1397,88.60749800078338,0.9503920009592548,86.56184300343739,0.30414899811148643
1398,87.84497699525673,0.9670400031609461,84.75385600468144,0.30105699988780543
1399,81.3108820002526,1.0594670020509511,79.15611699718283,0.2941860002465546
1400,86.21475000109058,1.060280999809038,84.01792799850227,0.2945380037999712
1401,81.60530900204321,1.5847449976718053,78.92733799963025,0.2969819979625754
1402,87.11449299880769,1.0339100044802763,84.94978299859213,0.2976120013045147
1403,84.18261299812002,1.7351170026813634,81.16738199896645,0.34076099836966023
1404,85.17563600616995,1.3211339974077418,82.4086449938477,0.44702000013785437
1405,86.73101000022143,1.9952099974034354,82.99118300055852,0.28996400214964524
1406,80.88491799571784,1.060041002347134,78.69026399566792,0.2992230001837015
1407,90.38961400074186,1.3199300010455772,87.94842100178357,0.29857500339858234
1408,80.98773399979109,1.037466005072929,78.81226299650734,0.2925000007962808
1409,82.66721999825677,1.0061329958261922,80.53043499967316,0.32770499819889665
1410,87.37973400275223,1.2381699998513795,83.56650100176921,0.2930750051746145
1411,83.10425899981055,1.0338739957660437,80.94038099807221,0.32531600299989805
1412,88.52868199755903,1.0648000024957582,86.34484299545875,0.2944820007542148
1413,81.56040200265124,1.1468000011518598,79.24180199916009,0.2969269989989698
1414,90.63070800038986,1.6972640005405992,87.77745800034609,0.30320499354274943
1415,93.32591899874387,0.9246140034520067,90.14896600274369,0.3194269957020879
1416,97.57832199829863,1.675467996392399,94.66360900114523,0.2872420009225607
1417,85.51891399838496,2.039598999544978,82.40547799505293,0.2924639993580058
1418,89.28437000577105,1.2395590019878,86.88238200556953,0.31244599813362584
1419,88.83834999869578,0.938224999117665,85.80906400311505,0.300741994578857
1420,84.69689299818128,1.0781889941426925,82.24903299560538,0.3356119996169582
1421,94.2695339981583,0.9499290026724339,92.20989800087409,0.2936309974757023
1422,82.0599590006168,1.8679880013223737,79.05989400023827,0.2977600015583448
1423,85.90569299849449,1.0412249976070598,83.73222299996996,0.31724200380267575
1424,85.90721100335941,1.9286729948362336,81.5557349997107,0.3315010035294108
1425,117.39140200370457,0.9250579969375394,115.2393399970606,0.4147970030317083
1426,99.07169699727092,2.266729003167711,95.4469810021692,0.31429799855686724
1427,112.97062900121091,1.6917269967962056,110.07243399944855,0.3052789979847148
1428,149.45007599453675,1.804838997486513,145.86543499899562,0.29792699933750555
1429,104.58538100647274,1.01739199453732,102.4755219987128,0.29970399918965995
1430,86.99354800046422,1.5541899992967956,84.32309499767143,0.29470500157913193
1431,97.40578399942024,4.111920003197156,92.11173099902226,0.3351859995746054
1432,88.20932999515207,1.6085239985841326,85.49882100487594,0.29103799897711724
1433,96.87196800223319,1.6180050006369129,91.65300799941178,0.2889829993364401
1434,88.64729399647331,1.8349689999013208,85.54982100031339,0.38766799843870103
1435,88.70031300466508,1.6318199996021576,84.78205999563215,0.32135299989022315
1436,93.92905099957716,1.9535989995347336,89.78848299739184,0.3131120029138401
1437,90.11607599677518,1.1165780015289783,87.78612400055863,0.2964080049423501
1438,93.03951200126903,1.0484480008017272,90.89437499642372,0.30942699959268793
1439,93.85042099893326,1.338893998763524,89.40914800041355,0.3124639988527633
1440,91.61876600410324,1.0536330009927042,89.23736999713583,0.4979090008419007
1441,92.14523099944927,1.179614002467133,89.28453699627426,0.40968599932966754
1442,93.43584599992028,1.0342809982830659,91.22502399986843,0.3382419963600114
1443,86.57612100068945,1.0605960051179864,84.39804000227014,0.2957239994429983
1444,93.61049499420915,0.9959099988918751,91.29002400004538,0.4685200037783943
1445,85.7282480064896,1.535226998385042,82.49564599827863,0.37827900086995214
1446,82.63125699886587,2.075190997857135,79.46685799834086,0.29538999660871923
1447,91.2288580002496,1.018170005409047,89.09005400346359,0.28859300073236227
1448,87.13656699546846,0.9941320022335276,83.94731700536795,0.29357500170590356
1449,89.50885200465564,1.0395950012025423,87.36653099913383,0.29874199390178546
1450,162.36793099960778,1.0275949971401133,160.272924003948,0.292149001325015
1451,92.32271299697459,1.8837660027202219,88.91648099961458,0.2990380016854033
1452,127.91321200347738,1.034077002259437,125.36440799885895,0.6289830052992329
1453,137.64209499640856,2.5640450039645657,133.16604399733478,0.29970399918965995
1454,92.32712000084575,1.0211699991486967,90.12365100352326,0.3248529974371195
1455,82.11755200318294,1.2102260006940924,79.02907900279388,0.2880750034819357
1456,95.32214799401117,1.5646350002498366,92.6300290011568,0.2966679967357777
1457,82.25638500152854,0.986522005405277,80.1559149986133,0.2955009986180812
1458,103.14278399891919,1.8424309964757413,100.1710330019705,0.29061200621072203
1459,93.25101200374775,1.0211519984295592,91.09607899881667,0.3026490012416616
1460,84.40181799960556,0.9603740036254749,80.85786299488973,0.34796399995684624
1461,85.87558200088097,2.4380449976888485,82.23881100275321,0.28944599762326106
1462,81.80632800213061,0.9975950015359558,79.64934000483481,0.29779699980281293
1463,103.66706299828365,1.012152002658695,101.5290939976694,0.28664900310104713
1464,90.95039399835514,1.0090209980262443,88.85738800017862,0.2945749947684817
1465,88.55433099961374,0.9802070053410716,86.49087999947369,0.2936870005214587
1466,80.89278799889144,1.0336330014979467,78.74594900204102,0.2925749940914102
1467,92.96612199977972,1.0053919977508485,90.80750399880344,0.2944629959529266
1468,89.97489100147504,1.6519120035809465,85.35530299559468,0.40159399941330776
1469,109.05367299710633,3.0082309967838228,103.26185799931409,0.29161199927330017
1470,89.83307500602677,0.9936889982782304,87.71721700031776,0.2961670033982955
1471,101.40972299996065,2.7324159964337014,97.5369879961363,0.33159300073748454
1472,85.58335899579106,1.2485409970395267,83.07233200321207,0.295240999548696
1473,87.57449399854522,0.9584849976818077,85.43678400019417,0.36864900175714865
1474,92.46780600369675,0.9571319969836622,88.51886699994793,0.2948340043076314
1475,86.01145300053759,1.0078920022351667,83.90763100032927,0.2945000014733523
1476,88.62786799727473,1.0074099991470575,86.54132499941625,0.2924820000771433
1477,82.79096100159222,2.1470439969561994,79.51419099845225,0.2937419994850643
1478,88.18895900185453,1.016985006572213,84.69731899822364,0.29050099692540243
1479,80.90058499510633,1.1020219972124323,78.40783699793974,0.2899270039051771
1480,83.55814900278347,1.5082270037964918,80.86875200388022,0.30935199902160093
1481,90.70742999756476,1.2696709964075126,88.12623700214317,0.301223000860773
1482,84.69524400425144,0.999800002318807,82.60538600006839,0.2939449987025
1483,92.14106499712216,1.2104479974368587,89.80963099747896,0.2880380052374676
1484,81.51904900296358,1.0607439980958588,79.34407999709947,0.297111997497268
1485,85.86834099696716,0.9589109977241606,83.760538000206,0.2982419973704964
1486,85.59385900298366,1.7879129954962991,82.44481200381415,0.30518700077664107
1487,83.19574000051944,1.7628760033403523,80.25197199458489,0.3258889992139302
1488,85.14520899916533,2.0241169986547902,81.93627299624495,0.29763099882984534
1489,85.27480199700221,0.9341879995190538,81.26556799834361,0.29959299718029797
1490,87.58875400235411,1.8205619999207556,84.69285599858267,0.2840939996531233
1491,81.44529099809006,0.9932809989550151,79.36119100486394,0.3098899978795089
1492,85.88210000016261,1.0528179991524667,83.74292699591024,0.2957969991257414
1493,85.4563210014021,1.4604859970859252,82.89157300168881,0.2987409970955923
1494,83.16651800123509,1.0164850027649663,81.01526999962516,0.2935560041805729
1495,95.79496399965137,1.0014660001615994,93.68438400269952,0.2959640041808598
1496,83.01396200113231,0.8685579960001633,81.08591900236206,0.28772299992851913
1497,96.46679999423213,0.9954659981303848,94.31382999900961,0.31226000282913446
1498,85.0401720017544,1.81235699710669,82.0862920008949,0.29544500284828246
1499,88.23151500109816,0.947984000958968,84.84915200097021,0.29357499442994595
1500,83.380666001176,1.0319290013285354,81.24827100255061,0.29894600447732955
1501,90.57800399750704,1.7285230060224421,87.70919800008414,0.32683400058886036
1502,95.43648199905874,2.037320999079384,91.55702499992913,0.2830200028256513
1503,85.80371100106277,1.035799999954179,83.61581499775639,0.3180009953211993
1504,91.0069130040938,1.893562002805993,87.99212499434361,0.2938899997388944
1505,82.8020349945291,0.9875039977487177,80.68926999840187,0.2915940058301203
1506,93.70584700081963,0.8866510033840314,90.30470700236037,0.2955559975816868
1507,101.97731700463919,1.623912998184096,98.60449100233382,0.4007239986094646
1508,98.69376999995438,1.2147259985795245,95.62150100100553,0.4963160026818514
1509,111.43175399774918,1.1290769980405457,102.48855900135823,0.3157780010951683
1510,95.33846299746074,2.0553580034174956,92.0241010026075,0.29672300297534093
1511,96.63444800389698,1.3796899947919883,94.10377400490688,0.3121490008197725
1512,110.12750899681123,1.1642809986369684,104.41706500569126,0.28437199944164604
1513,82.35396000236506,0.9584109939169139,80.29223100311356,0.31000099988887087
1514,82.99075799732236,0.95152100402629,79.51602499815635,0.30057500407565385
1515,86.01300800364697,1.0797069990076125,83.79874199454207,0.28522299544420093
1516,86.16680499835638,1.7937460070243105,83.29560999845853,0.2906119989347644
1517,89.59655599755934,0.9601880010450259,85.58065500255907,0.2944080042652786
1518,87.02677100518486,0.9424289964954369,83.50846300163539,0.3302979966974817
1519,88.44490399496863,1.0310219950042665,86.29465700505534,0.3058340007555671
1520,82.47173800191376,1.722820001305081,79.42956199985929,0.2924450018326752
1521,81.04604900290724,1.39268900238676,78.5129110008711,0.33025999437086284
1522,100.76581299654208,0.9487809948041104,97.28391400130931,0.30670399428345263
1523,84.10335399821633,1.0318919958081096,81.96516200405313,0.2948340043076314
1524,88.77018299972406,1.0757449999800883,86.57634399423841,0.2943900035461411
1525,96.56543000164675,0.9726330026751384,94.37162699759938,0.38092700560810044
1526,114.50293000234524,1.2978000013390556,110.43602800054941,0.2973529990413226
1527,111.74958799529122,1.1267259978922084,109.48130299948389,0.3159830012009479
1528,109.31495100521715,1.0558550056884997,107.03749999811407,0.3851870060316287
1529,105.84064399881754,6.218260001332965,98.18111999629764,0.3016679984284565
1530,85.32915399700869,1.03050399775384,83.15305500582326,0.28772299992851913
1531,81.2279009987833,1.0709480047808029,79.02754200040363,0.29014900064794347
1532,94.08390300086467,1.1360399948898703,91.82391499780351,0.3030009975191206
1533,84.32635500503238,1.9522470029187389,81.31091900577303,0.3043159958906472
1534,86.88751099543879,1.02465100644622,84.73422600218328,0.32374199508922175
1535,89.13562900124816,1.0273549996782094,85.4333030001726,0.2911870033130981
1536,83.41494500200497,1.0859850008273497,81.18225199723383,0.3258340002503246
1537,94.12447700015036,0.9651700020185672,92.07774899550714,0.29514900234062225
1538,86.38099100062391,1.1365960017428733,84.14057600020897,0.29598199762403965
1539,85.55215499654878,1.0671890049707144,83.36581500043394,0.2915009972639382
1540,87.75886500370689,1.160910993348807,85.45928399689728,0.2995190006913617
1541,114.43946699728258,1.649265002924949,111.08240099565592,0.3022419987246394
1542,149.19157500116853,1.3339300057850778,146.5524369996274,0.42222399497404695
1543,155.14539000287186,1.788321002095472,151.2489699962316,0.5764650049968623
1544,120.24637399736093,1.5878189951763488,116.82347399619175,0.2965750027215108
1545,82.02447700023185,0.9913920002873056,79.92321199708385,0.29676000121980906
1546,95.74129799875664,1.0812629989231937,93.49999400001252,0.31040800240589306
1547,86.57823200337589,1.6901900016819127,82.95181299763499,0.3316859947517514
1548,83.3204999944428,1.8095800041919574,80.3641759994207,0.29463000100804493
1549,90.63713300565723,0.9428359990124591,88.6543119995622,0.2927050009020604
1550,86.1106749944156,1.0193920024903491,83.97952000086661,0.2974460003315471
1551,104.20221300591948,1.0539659997448325,101.73126099834917,0.5426679999800399
1552,101.5262229993823,1.850320004450623,97.84632300579688,0.3043350006919354
1553,148.327683993557,2.4778040024102665,143.47805700526806,1.1019849989679642
1554,115.03776500467211,1.0938360064756125,107.9879839962814,0.3751119947992265
1555,114.67859699769178,2.738027003942989,110.84491899964632,0.30383499688468874
1556,108.07194700464606,1.2258739952812903,105.64458800217835,0.3707610012497753
1557,91.62422899680678,2.0327279999037273,88.5060720029287,0.2944270017906092
1558,85.98211900243768,0.9941509997588582,83.88463099981891,0.29724200430791825
1559,98.29997299675597,0.9676330009824596,94.08375599741703,0.2965930034406483
1560,102.51931800303282,1.420688997313846,99.88325500307838,0.3812609938904643
1561,110.0274909986183,2.001857996219769,105.47649500222178,0.2887049995479174
1562,94.3841260013869,0.9901330049615353,92.27300900238333,0.33137200080091134
1563,87.97338499425678,1.0158550066989847,85.87171199906152,0.32316800206899643
1564,99.1354930010857,1.0393740012659691,96.92696799902478,0.2970569985336624
1565,89.29968500160612,2.2708769974997267,85.9531380046974,0.3019639989361167
1566,89.19022200279869,1.044873999489937,85.07402399845887,0.4915389945381321
1567,83.73401999415364,1.3156519999029115,81.3293090031948,0.3009080028277822
1568,82.40996000677114,1.0039099943242036,80.30778700049268,0.2882790067815222
1569,86.14941599807935,0.9769470052560791,84.06802099489141,0.3164269946864806
1570,81.65782700234558,0.991836997854989,79.54402499308344,0.2931300041382201
1571,85.6716369962669,1.004670004476793,83.53822299977764,0.2949820045614615
1572,84.96748699690215,1.0466880048625171,82.82859100290807,0.29527900187531486
1573,89.9359090035432,0.9745770003064536,87.84351400390733,0.328982001519762
1574,105.77534700132674,1.0208730018348433,103.50363599718548,0.443445002019871
1575,134.9701979997917,1.4675410056952387,130.55318300030194,0.44437100586947054
1576,141.48436499817763,2.187803002016153,135.68988400220405,0.30468600016320124
1577,123.79994100047043,1.7140240015578456,120.87193099432625,0.3040750016225502
1578,87.50212399900192,1.0081700020236894,85.39974699669983,0.2873339981306344
1579,86.98397400439717,1.040113995259162,84.78911500424147,0.34057500306516886
1580,83.44318499439396,1.0348549985792488,81.27695700386539,0.33885299490066245
1581,84.3268180033192,0.9544109998387285,82.2631260016351,0.3241119993617758
1582,98.03695300070103,1.0311700025340542,95.86307599965949,0.28829700022470206
1583,82.67529399745399,1.1675040004774928,80.41174999380019,0.2895200013881549
1584,84.12585400219541,1.8327649959246628,81.18664100038586,0.3075190033996478
1585,86.3158790016314,1.7564689987921156,83.4465750012896,0.2980009958264418
1586,95.66955699847313,1.8920619986602105,92.64897400134942,0.29785199876641855
1587,83.44770399708068,0.942947001021821,81.3306600030046,0.3067600046051666
1588,93.07682600046974,2.854286998626776,89.02268399833702,0.3954459971282631
1589,81.74419900024077,1.0213549976469949,79.33422799396794,0.322741994750686
1590,82.032774000254,0.921298997127451,77.98552000167547,0.3433149977354333
1591,87.01230699807638,1.0982809981214814,82.11253300396493,0.2966680040117353
1592,80.95214100467274,0.9542439947836101,78.90600499376887,0.2903709973907098
1593,85.94191500014858,0.9765220020199195,83.86451999831479,0.29938999796286225
1594,80.49058399774367,1.0254290027660318,78.33818800281733,0.30190800316631794
1595,86.60863900149707,0.9883370003080927,84.52389200101607,0.29911200545029715
1596,85.2314869989641,0.9004280000226572,80.89856700098608,0.29444599931593984
1597,81.75495800242061,0.9648919949540868,79.67889599967748,0.2947410030174069
1598,86.7045289996895,0.8776699978625402,83.0668880007579,0.2849829979822971
1599,85.30843199696392,1.0420030012028292,83.1607400032226,0.30111199885141104
1600,91.64237799996044,1.664857001742348,88.83255399996415,0.31948300602380186
1601,84.27094700164162,1.517800999863539,81.21779000066454,0.2947779939859174
1602,95.93659399979515,1.0207250015810132,93.80023599806009,0.29085200367262587
1603,82.1854780006106,2.0178949998808093,78.97963400318986,0.2996120019815862
1604,81.87180999811972,0.9375770023325458,79.8575439985143,0.3057229987462051
1605,88.10382999945432,0.9913370013237,85.95152699854225,0.3164449954056181
1606,82.20855100080371,0.9019470016937703,78.70585599448532,0.2935939992312342
1607,88.38212699629366,2.344451000681147,84.85224500327604,0.2878900049836375
1608,80.91780700488016,0.9688549980637617,78.89437500125496,0.2974640010506846
1609,84.44722599961096,2.095543000905309,81.22932699916419,0.2976680043502711
1610,84.20422399649397,1.0097809936269186,82.10662600322394,0.2887230002670549
1611,83.35601900034817,1.0044290029327385,81.23393799905898,0.2934830044978298
1612,84.43091100343736,0.9617260002414696,81.98797699878924,0.2959449993795715
1613,82.39516300091054,2.1471549989655614,79.12589400075376,0.30151900136843324
1614,94.91507300117519,0.9553179988870397,91.28734000114491,0.29950099997222424
1615,85.69530299428152,2.38856299984036,82.12840399937704,0.3016860064235516
1616,89.17479600495426,0.9832249997998588,86.13458299805643,0.29757499578408897
1617,86.80228899902431,1.0003740026149899,84.67285599908791,0.29316799918888137
1618,80.48925000184681,1.0632069970597513,78.28402100130916,0.29877800261601806
1619,86.45952799997758,1.050281003699638,84.27061399561353,0.29540800460381433
1620,82.77646099304548,0.9428179982933216,80.69786200212548,0.31966700043994933
1621,93.46660500159487,0.9730220044730231,91.40037700126413,0.29172300128266215
1622,81.67999500437872,0.995373004116118,79.58034000330372,0.2946679960587062
1623,92.50317599799018,1.0236140005872585,90.35574400331825,0.2956119933514856
1624,84.28189199912595,2.315858997462783,80.81538099941099,0.33842700213426724
1625,83.3649999985937,0.9453370003029704,79.62884000153281,0.2898719976656139
1626,85.54124700458487,1.0340399967390113,83.35975999943912,0.28816700069000944
1627,81.80025500041666,1.0207070008618757,79.6693590018549,0.29490800079656765
1628,95.870297998772,0.9832990035647526,93.80638400034513,0.29194600210757926
1629,82.52166400052374,0.9990960024879314,80.42356500664027,0.29655700200237334
1630,88.95497999765212,0.8864100018399768,85.69859999988694,0.2881859982153401
1631,83.2927590017789,2.6078039954882115,79.55708000372397,0.2943350045825355
1632,80.70597299956717,0.9490029988228343,78.64294799946947,0.2918149984907359
1633,87.50864299508976,0.9592070055077784,85.46030299476115,0.2971299982164055
1634,81.40871600335231,1.183319000119809,79.15159800177207,0.28933400608366355
1635,90.41817000252195,1.0356330021750182,88.30836799461395,0.2858709995052777
1636,81.84999499644618,1.7220059962710366,79.03689399972791,0.2908710011979565
1637,81.05021499795839,0.9819109982345253,78.8735039968742,0.34600099752424285
1638,87.26958600163925,1.109817996621132,83.24446199549129,0.30229699768824503
1639,81.41751200309955,1.9004880014108494,78.42422599787824,0.294964003842324
1640,85.3100429958431,0.9563729981891811,83.28075800091028,0.2912600029958412
1641,81.33317900501424,0.970483997662086,79.2762099954416,0.29966700094519183
1642,90.27859599882504,0.8937430029618554,86.636770000041,0.2932599963969551
1643,97.59587699954864,1.8264129976159893,94.65451599680819,0.28859300073236227
1644,88.70755400130292,3.9718089974485338,83.43661099934252,0.3262230020482093
1645,84.80794899514876,1.9478400063235313,81.41573500324739,0.2959830017061904
1646,83.83744500315515,0.9557250014040619,81.80806900054449,0.29637099942192435
1647,86.86889999808045,1.0458370015840046,82.92764600628288,0.38244499592110515
1648,81.05632600199897,1.0092250013258308,78.91881999967154,0.29790899861836806
1649,86.76828900206601,1.0032249992946163,82.52418300253339,0.2987789994222112
1650,84.18274299765471,0.9001330035971478,80.38430500164395,0.2950749985757284
1651,82.04364399716724,0.9537249934510328,80.00919299956877,0.29029700090177357
1652,86.41569400060689,0.9396509994985536,84.41041100013535,0.3038340000784956
1653,84.57085600093706,0.9413730003871024,80.56263999606017,0.293297998723574
1654,86.87808499962557,0.9168549950118177,83.00035100546665,0.2968339977087453
1655,82.34818200435257,0.9477069979766384,80.30152800347423,0.2898899983847514
1656,84.67192999523832,0.9647070037317462,82.63486800569808,0.29844600067008287
1657,100.03984800277976,2.4058220005827025,96.53672599961283,0.28681600088020787
1658,84.76496699586278,1.0244110017083585,82.64529400184983,0.2989269996760413
1659,94.91020200221101,2.1263769958750345,91.64659999805735,0.29466699925251305
1660,82.47977500286652,1.7446909987484105,79.63224799459567,0.29253799584694207
1661,87.6678099957644,1.7383939994033426,84.79261599859456,0.2950569978565909
1662,84.96752300561639,0.9946329955710098,82.90351700270548,0.29487199935829267
1663,83.40503699582769,0.9403000003658235,79.32522799819708,0.28542599466163665
1664,84.38770700013265,0.9910579974530265,82.33068099798402,0.2911120027420111
1665,81.20741900347639,0.99804100318579,79.11398699798156,0.2953709990833886
1666,84.60457799810683,0.9911150045809336,82.53825699648587,0.3000569995492697
1667,83.31185200222535,0.9893740061670542,80.99128900357755,0.3046490019187331
1668,81.3026039977558,1.0136700002476573,79.18598700052826,0.28111199935665354
1669,84.70526400196832,1.0050400014733896,82.55410900164861,0.30381500255316496
1670,83.20524000009755,0.9922059980453923,81.12980800069636,0.294296994979959
1671,89.29225899919402,1.3165039999876171,84.84244900319027,0.3456310005276464
1672,85.14817199466052,1.656634995015338,81.79395800107159,0.29279700538609177
1673,86.70073300163494,1.0624300048220903,84.53487399674486,0.3215749966329895
1674,88.07042200351134,1.1220960004720837,84.18563200393692,0.29766799707431346
1675,81.09247399988817,0.9553359996061772,79.0370239992626,0.28970499988645315
1676,87.54740199947264,1.0064480011351407,85.43821000057505,0.28472299891291186
1677,83.19290699728299,1.0074109959532507,81.07656700303778,0.28951899730600417
1678,87.13256700139027,0.9249470022041351,83.52768600161653,0.29209399508545175
1679,85.6335249991389,2.3288410011446103,82.09903299575672,0.306723995890934
1680,86.40921299956972,1.0178919983445667,84.25509600056102,0.32231499790214
1681,88.02773700153921,1.0203920028288849,85.85452599800192,0.3271300010965206
1682,81.76725399971474,0.9482800014666282,79.7731369966641,0.2943899962701835
1683,91.09761699801311,0.9773739948286675,89.02927600138355,0.3007970008184202
1684,81.37480800360208,0.9853920055320486,79.33274600509321,0.28946399834239855
1685,91.08704300160753,0.948059001530055,87.63497700419975,0.4708159976871684
1686,85.93909999763127,0.9759099993971176,82.15021800424438,0.29685299523407593
1687,86.03113800199935,1.6464680011267774,83.24922199972207,0.2948160035884939
1688,85.52587699523428,1.0312070007785223,83.367093000561,0.2878160012187436
1689,82.2488859994337,1.0069479976664297,80.13186099560698,0.2934829972218722
1690,88.72549800435081,0.9316510040662251,86.72402900265297,0.29237099806778133
1691,83.08029500039993,1.138521998655051,80.263638003089,0.29638900014106184
1692,88.19342200149549,1.9115430040983483,85.10967199981678,0.3252969981986098
1693,85.02880199375795,0.9685209952294827,82.98883199313423,0.2903529966715723
1694,81.35345600021537,1.0548179998295382,79.19207999657374,0.2987970001413487
1695,88.23812700575218,1.0204100035480224,86.09454600082245,0.30153799889376387
1696,83.05147999635665,1.6300049974233843,80.27595300518442,0.2961310019600205
1697,87.19136400031857,2.0324139986769296,83.89401999738766,0.3038709983229637
1698,83.03235100174788,1.5309680020436645,80.40250899648527,0.2916490047937259
1699,87.15245599887567,0.9946689970092848,84.86876400274923,0.4805749995284714
1700,85.85189600125886,0.9750399985932745,82.34562599682249,0.29724200430791825
1701,81.35606799623929,1.477762998547405,78.77065199863864,0.31024200143292546
1702,94.3815530044958,1.0509480052860454,90.40139200078556,0.29116799851180986
1703,81.30373399762902,1.0054290032712743,79.16696899337694,0.29542699485318735
1704,101.73365000082413,1.0892999998759478,99.49469799903454,0.2892050033551641
1705,86.8237879985827,1.9073389994446188,83.70977899903664,0.2983900049002841
1706,93.8894029968651,1.0410589966340922,90.01737200014759,0.30213099671527743
1707,85.47274700686103,1.6292639993480407,82.73833099519834,0.2915009972639382
1708,82.5153869955102,1.093484999728389,80.30034200055525,0.2892420015996322
1709,84.27590999781387,0.9662800002843142,82.21020000200951,0.29370499396463856
1710,82.66544200159842,1.7689309970592149,79.74006299627945,0.2979820055770688
1711,86.38002799852984,1.031984000292141,84.2149279997102,0.29437099874485284
1712,82.67407200037269,1.0525589968892746,80.58404699841049,0.28918599855387583
1713,87.15956700325478,1.028521997795906,85.0099119998049,0.30298199999378994
1714,87.37953099625884,1.6392079996876419,84.52602200122783,0.30814899946562946
1715,82.86662800674094,0.9395029992447235,79.6368769952096,0.3023530007340014
1716,89.96298299462069,1.3878190002287738,87.498790002428,0.29807499959133565
1717,82.0149589999346,0.9573369970894419,79.98761900671525,0.29855700267944485
1718,84.32266900490504,1.085559000784997,82.06331099790987,0.29374100267887115
1719,84.29833699483424,1.0380960011389107,81.82195799599867,0.29533500492107123
1720,82.45686699956423,1.3609679954242893,79.95182299782755,0.2932230054284446
1721,85.5424330002279,0.964113998634275,83.47362899803557,0.2926679953816347
1722,83.29764800146222,1.0115400000358932,81.13684500131058,0.2886869988287799
1723,87.23566000116989,1.4265970021369867,84.7032629972091,0.2850379969459027
1724,81.56023499759613,1.466893998440355,78.98224599921377,0.2904270004364662
1725,84.96341200225288,0.9518180013401434,82.7906089980388,0.38820500049041584
1726,82.39992299786536,1.7710050015011802,79.50022900331533,0.28957500035176054
1727,81.92138400045224,1.1051699984818697,79.70835900050588,0.29170500056352466
1728,90.22670700505842,1.0376699938206002,88.04470000177389,0.30203800270101056
1729,83.06414699472953,1.0082070002681576,80.95414099807385,0.29581599665107206
1730,93.37010500166798,1.0275399981765077,91.23539500433253,0.284705005469732
1731,83.09557299799053,1.054558997566346,80.89828800439136,0.2967229956993833
1732,82.86479500384303,1.0911139979725704,80.6461020038114,0.290130999928806
1733,86.97280699561816,0.9562620034557767,84.92591200047173,0.29526000434998423
1734,83.5547230017255,1.9426910002948716,80.46650899632368,0.3241680024075322
1735,83.55322299757972,1.1981330026173964,81.18632599507691,0.2847969954018481
1736,82.67994200286921,1.721412998449523,79.79724799952237,0.2965199964819476
1737,81.2342159988475,0.980780998361297,79.17520900082309,0.287797003693413
1738,89.3089810051606,0.9986689983634278,85.57456200651359,0.2899270039051771
1739,82.12403299694415,1.0229659965261817,80.00117400661111,0.2948159963125363
1740,92.08856400073273,1.0531700027058832,89.91946499736514,0.29148199973860756
1741,82.7348320017336,1.7289499955950305,79.91537799534854,0.28853800176875666
1742,85.68461799586657,0.9523549961159006,81.93703200231539,0.3897600035998039
1743,85.22674599953461,1.4353750011650845,82.48562699736794,0.2885750000132248
1744,87.39408700057538,1.0428370005683973,85.2100049960427,0.3220750004402362
1745,86.89540000341367,1.0084850000566803,84.77130000392208,0.2894450008170679
1746,81.17625199520262,0.9564849970047362,79.1300790006062,0.3297420043963939
1747,84.87257900560508,0.9548730013193563,82.83742399362382,0.3000569995492697
1748,87.84945799561683,0.9928180006681941,85.76156200433616,0.29481499950634316
1749,81.52545700431801,1.023187993268948,79.39406099467305,0.28627899882849306
1750,87.39028999843867,1.581208998686634,84.67178200226044,0.30116699781501666
1751,83.63267399545293,0.943596001889091,81.60035200126003,0.2980009958264418
1752,86.28583600511774,0.9975029970519245,84.18519899714738,0.2965749954455532
1753,81.89911699446384,1.4746719971299171,79.2904229965643,0.2859820015146397
1754,83.31460300541949,1.7485800053691491,80.42372299678391,0.31848200160311535
1755,84.10958799504442,1.9065249944105744,80.7785020006122,0.29989000177010894
1756,84.56329299951904,0.9814290024223737,82.46360000339337,0.3018339994014241
1757,98.54882200306747,1.1479110034997575,95.06308799609542,0.31805699836695567
1758,80.66707599937217,1.0119669968844391,78.55251200089697,0.2978900010930374
1759,90.76153700152645,0.9575770018273033,88.69865899760043,0.30150100064929575
1760,82.89856500050519,0.9567809975123964,79.11112599686021,0.3002419980475679
1761,88.29883400176186,1.0536890040384606,86.13554899784504,0.2903540007537231
1762,83.49896599975182,0.9976529981940985,80.61928400275065,0.29250099760247394
1763,84.92080799624091,0.9886159969028085,82.831924999482,0.2998159980052151
1764,87.20167099818354,1.0353199977544136,85.10312299767975,0.29007600096520036
1765,82.00536500226008,1.5890830036369152,79.29338800022379,0.30779799999436364
1766,106.9352769991383,0.9004859966807999,103.48061100376071,0.3558349999366328
1767,81.30665800126735,0.9923940015141852,79.21757199801505,0.2941130005638115
1768,85.5047180011752,1.0567280041868798,83.19813200068893,0.41815100121311843
1769,85.12738200079184,1.1482469999464229,81.2124349977239,0.29948299925308675
1770,85.00917800120078,1.0318200002075173,82.72833199589513,0.3890759981004521
1771,87.21146799507551,1.1062839985243045,82.94090799608966,0.2932049974333495
1772,81.08756400179118,0.9848389963735826,78.96951600559987,0.2937050012405962
1773,91.50575000239769,0.9372279964736663,88.01461900293361,0.32320500031346455
1774,85.24293799564475,1.7131200002040714,81.01911899575498,0.28457499865908176
1775,86.98870700027328,2.4523100000806153,83.1668529935996,0.41176100057782605
1776,84.11724700272316,0.9236909972969443,80.27302200207487,0.31118599872570485
1777,81.88560500275344,0.9509500014246441,78.41899400227703,0.3040569936274551
1778,87.32228299777489,0.9130789985647425,84.05959899391746,0.2886689981096424
1779,83.69207799842115,1.9075480013270862,80.69785800034879,0.2959650009870529
1780,84.45978500094498,0.990227003057953,82.37107100285357,0.2964829982374795
1781,83.45955899858382,1.0262649957439862,81.3290650039562,0.29116800578776747
1782,81.96042000054149,1.0014500003308058,79.83820499794092,0.29348400130402297
1783,88.649716002692,0.9764130008989014,86.59483399969758,0.29379800253082067
1784,81.94921699760016,0.9850610003923066,79.85565000126371,0.2923540014307946
1785,86.42936999967787,2.050382005108986,83.24964900384657,0.32668600033503026
1786,86.07859000039753,1.0115430050063878,83.97980199515587,0.29646399343619123
1787,90.28427999874111,1.7499730020062998,86.81422399968142,0.3611310021369718
1788,83.11409300222294,1.144302004831843,80.65935800550506,0.2846869974746369
1789,81.86091999959899,1.567785999213811,79.15962699917145,0.29357500170590356
1790,88.91832800145494,1.0163940023630857,86.77872399857733,0.29698300204472616
1791,81.74173400038853,0.9648940031183884,79.64561100379797,0.3260390003561042
1792,85.43277200078592,0.9933210021699779,83.34587200079113,0.2938349934993312
1793,84.04800499556586,0.9995239961426705,81.94169800117379,0.3017230046680197
1794,80.84474800125463,1.0272279978380539,78.72256999689853,0.2840939996531233
1795,89.82598099828465,2.1497889974853024,86.57335300085833,0.2976690011564642
1796,82.36040400515776,1.0189679960603826,78.48575299431104,0.2905569999711588
1797,87.80615399882663,1.0520610012463294,85.49925399711356,0.4075580000062473
1798,84.4197849946795,1.5044710016809404,81.34371299820486,0.286687005427666
1799,87.214078004763,0.9836719982558861,85.12873300060164,0.291039003059268
1800,85.30258599785157,0.9980239992728457,83.21305600111373,0.29220499709481373
1801,91.85354699729942,1.65978600125527,89.04306899785297,0.2896309961215593
1802,92.23862300132168,1.0337279964005575,90.0758530042367,0.28981600189581513
1803,80.98715600499418,0.9642649965826422,78.92257100320421,0.29311300022527575
1804,87.45357899897499,0.892356998519972,83.7712630018359,0.2957420001621358
1805,82.87579500029096,1.009264997264836,80.76794999942649,0.2843160036718473
1806,88.90991999942344,1.0839690003194846,86.60081500420347,0.37479800084838644
1807,84.79223099857336,0.9774129939614795,80.24052199471043,0.29883499519200996
1808,81.57128899620147,1.0068570045405068,79.4571279984666,0.31522400240646675
1809,88.76543700171169,1.0854499996639788,86.32662899617571,0.2845759954652749
1810,83.04205500462558,1.4639340006397106,80.44457800133387,0.29796500166412443
1811,84.06074599770363,0.9580240002833307,82.01597600418609,0.2983349986607209
1812,83.04794399737148,1.5150640028878115,80.43904100486543,0.295093996101059
1813,84.0108929987764,0.9528939990559593,80.69848699960858,0.2928159956354648
1814,87.08209600445116,1.390303994412534,84.52241500344826,0.3355939988978207
1815,81.42310199764324,0.963839003816247,79.3404610012658,0.2980389981530607
1816,87.69195000058971,1.0272459985571913,85.55384600185789,0.2908349997596815
1817,80.40468899707776,1.0212649940513074,78.26327099610353,0.29933499899925664
1818,82.7885350008728,1.2919509972562082,80.31942899833666,0.3283539990661666
1819,88.01530400523916,1.9719359988812357,84.84565700200619,0.29365000227699056
1820,81.59654699556995,0.9917459974531084,79.52975799707929,0.2927050009020604
1821,86.10944200336235,0.9246900008292869,82.91999900393421,0.321391002216842
1822,82.10499399865512,1.0535619949223474,79.95483499689726,0.2973160007968545
1823,83.58311300253263,0.9840610000537708,81.49380500253756,0.2935009979410097
1824,82.44466299947817,0.9932089960784651,80.27804000448668,0.3526130021782592
1825,82.08716099761659,1.0255980014335364,79.96063099562889,0.29131599876563996
1826,89.74129400303354,1.4763599974685349,87.1378360025119,0.31985399982659146
1827,107.6606489950791,0.9391529965796508,105.64984200027538,0.28670600295299664
1828,89.77962800418027,1.7442689932067879,86.89838999998756,0.2921310006058775
1829,83.304797000892,1.0132650058949366,79.89688999805367,0.29300100140972063
1830,87.11140999366762,1.1343209989718162,84.59821099677356,0.47855800221441314
1831,83.84976200613892,1.4069519966142252,80.78289400145877,0.3028530045412481
1832,86.41803600039566,1.0505990067031235,84.0177640056936,0.2890940013458021
1833,84.74469299835619,0.9370420011691749,81.49008300097194,0.29196400282671675
1834,81.89141899492824,1.0571540042292327,79.69861099991249,0.2979279961436987
1835,85.68725400255062,0.9840060010901652,83.60705700033577,0.29883500246796757
1836,91.24920899921563,1.0367099966970272,89.10441999614704,0.29033500322839245
1837,89.9514429984265,1.1811540025519207,87.50650399451843,0.28890899557154626
1838,83.07174000219675,1.0128569992957637,80.89369200024521,0.29252099920995533
1839,87.2179470025003,0.9874130046227947,85.08928799710702,0.3171130010741763
1840,84.93395400000736,1.2495620030676946,82.39108799898531,0.29322400223463774
1841,81.93862199550495,1.323377997323405,79.54149900615448,0.2967609980260022
1842,90.81544800574193,1.0176719952141866,88.66032600053586,0.30500200227834284
1843,83.22453699656762,2.001787994231563,80.08492799854139,0.32750199898146093
1844,85.10367599956226,1.0460419944138266,82.75834900268819,0.44218700350029394
1845,87.79961700201966,2.926626999396831,83.27527799701784,0.29918699874542654
1846,82.96433099894784,1.0121350060217083,80.82185699458933,0.30577999859815463
1847,88.15932200377574,3.222239000024274,83.15244300320046,0.29629799973918125
1848,82.41423599974951,1.0454130024299957,80.25218699913239,0.29013200401095673
1849,92.96840399474604,1.1241169995628297,90.70629900088534,0.2988720007124357
1850,82.35386500018649,0.9498009967501275,79.14908899692819,0.297409002087079
1851,85.9138290034025,0.9402830037288368,83.90150400373386,0.2997049959958531
1852,82.57436599524226,1.0251720013911836,80.45229900017148,0.2950749985757284
1853,82.56844100105809,0.9454310056753457,79.1839970042929,0.28837200079578906
1854,89.0087340012542,1.007393999316264,86.87314900453202,0.29772400012006983
1855,82.00704800401581,0.9370970001327805,79.97764899482718,0.29738999728579074
1856,91.34013499715365,1.0182089972659014,89.22266100125853,0.2872609984478913
1857,85.61423500214005,2.3766800004523247,80.59887400304433,0.29472399910446256
1858,83.7888909954927,1.7502870032330975,80.91654300369555,0.29879800422349945
1859,95.789621998847,2.219919995695818,92.4711039988324,0.29314900166355073
1860,81.79510300396942,1.0376720019849017,79.59496100374963,0.29050100420136005
1861,87.50216999760596,0.9553380004945211,83.75161299773026,0.3792610004893504
1862,83.57937099935953,1.6247680032392964,80.17952099908143,0.40064999484457076
1863,85.76845800416777,0.9820240011322312,83.65044600213878,0.31218699587043375
1864,83.59442700020736,0.9871910006040707,81.52378699742258,0.2951319984276779
1865,81.45871199667454,0.9950230014510453,79.37375699839322,0.2965010062325746
1866,85.7351419981569,1.3735259999521077,82.81218199408613,0.2906500012613833
1867,83.46840800368227,0.9380049959872849,79.46407099370845,0.341649996698834
1868,86.44820100016659,0.9864499952527694,84.41185699484777,0.29111299954820424
1869,83.56325999920955,0.9731339960126206,81.53523100190796,0.2877239967347123
1870,83.09712800109992,1.009412997518666,80.95572699676268,0.3213539966964163
1871,87.79517199582187,1.8896959954872727,84.74571099941386,0.28138999914517626
1872,88.34204400045564,0.9838569967541844,86.22697799728485,0.3096309956163168
1873,93.11236700159498,0.9577090022503398,89.31964300427353,0.2975390016217716
1874,84.3789860009565,0.9891539957607165,82.29686399863567,0.2901679981732741
1875,87.84941300109494,0.9915240007103421,85.7225669969921,0.2958350014523603
1876,82.46217999840155,2.014233003137633,79.32329300092533,0.2950389971374534
1877,86.53138700174168,1.916028995765373,83.50464799877955,0.28813099925173447
1878,84.76778499607462,1.1906540021300316,82.33090199792059,0.29713100229855627
1879,82.40667900099652,1.005635000183247,80.32539099804126,0.28588999703060836
1880,87.66909700352699,1.079950001440011,85.44469600019511,0.29872300365241244
1881,83.54231499833986,1.752639000187628,80.66172599501442,0.29085400456096977
1882,84.91850800055545,0.9414489977643825,82.88701499986928,0.30481599969789386
1883,84.6118019981077,1.5555080026388168,81.57791600388009,0.2967059990623966
1884,86.69381299841916,1.733508994220756,83.797298000718,0.3167239992762916
1885,85.3578620008193,1.054895001288969,82.95060799719067,0.2890940013458021
1886,82.43564300209982,1.0156909993384033,80.29648400406586,0.29211199580458924
1887,96.19666000071447,1.6642500049783848,93.38933099934366,0.2978900010930374
1888,106.18250999687007,1.039839000441134,104.03940600372152,0.2947609973489307
1889,86.89809199859155,1.9942880026064813,83.77635299984831,0.2982599980896339
1890,81.9848440005444,1.0278940026182681,79.82068399724085,0.2941679995274171
1891,87.07613000296988,1.011856998957228,84.96941499470267,0.30200100445654243
1892,81.8770650002989,0.9936169954016805,79.72503499331651,0.2965949970530346
1893,81.96393599791918,0.9666160040069371,79.91038799809758,0.29307600198080763
1894,86.80135100439657,0.8927449962357059,83.2967579990509,0.2923339998233132
1895,82.41216099850135,1.0067100010928698,80.2552419991116,0.29152000206522644
1896,88.11619100015378,0.961968005867675,86.06679100194015,0.2949270055978559
1897,82.75505100027658,1.004116995318327,80.60489199851872,0.2947240063804202
1898,83.78416799678234,0.9010229987325147,80.70155900350073,0.33616799919400364
1899,86.7685920020449,1.713637997454498,83.03629299916793,0.2768159974948503
1900,82.78790299664252,1.0109119975822978,80.7628000038676,0.2900389954447746
1901,89.9606080056401,0.9941169992089272,87.6474840042647,0.48787299601826817
1902,83.38281399483094,1.3976920017739758,80.22898199851625,0.2941679995274171
1903,89.26286300265929,1.0758019998320378,87.07040699664503,0.2932049974333495
1904,84.44698600214906,1.6600829985691234,81.69552699837368,0.28600100631592795
1905,82.90440400014631,1.43322999792872,80.34287100599613,0.30698400223627687
1906,88.30848799698288,1.9116030016448349,83.94200199836632,0.33531700319144875
1907,82.04321400262415,1.0363579931436107,79.94748000055552,0.28863100305898115
1908,86.76249899872346,0.9541350009385496,83.35185099713271,0.28926099912496284
1909,80.94200400228146,1.0467270039953291,78.77432599343592,0.29514900234062225
1910,84.53561599890236,1.0667839960660785,82.35947499633767,0.2866869981517084
1911,84.53489399835235,1.5993610068107955,80.70520700130146,0.28957500035176054
1912,81.88858399807941,1.0570980011834763,79.22731000144267,0.2916489975177683
1913,92.19965599913849,1.0374870034866035,90.05071900173789,0.29209400236140937
1914,85.86903100513155,1.0667459937394597,83.68364800116979,0.2852429970516823
1915,86.48144099424826,1.1023020051652566,84.26035600132309,0.292946002446115
1916,83.95422400644748,1.8707320050452836,80.99580099951709,0.29268700018292293
1917,83.78668599470984,1.0113570024259388,81.65900799940573,0.2873530029319227
1918,83.41131300403504,0.9274299954995513,80.35438999650069,0.3020389995072037
1919,82.02273200004129,1.0709500056691468,79.80697899620282,0.2830019948305562
1920,86.46233000035863,0.9584500003256835,83.42979500594083,0.29209399508545175
1921,81.44661799451569,1.1770810015150346,79.14742000139086,0.28846499481005594
1922,91.9846190008684,1.0717650002334267,89.776458000415,0.2950389971374534
1923,80.51879800041206,1.056283996149432,78.39293500001077,0.3017599956365302
1924,85.45332400535699,1.023357006488368,83.35107199673075,0.29153899959055707
1925,81.47683999413857,1.0937650004052557,79.2807920006453,0.2923540014307946
1926,85.08952600095654,1.0573389954515733,82.92132899805438,0.29298300069058314
1927,85.81443699949887,1.0797840004670434,83.67585099767894,0.2895380021072924
1928,83.90915000200039,0.9935429989127442,81.82578600099077,0.29589100449811667
1929,87.20864800125128,1.017987000523135,85.08646999689518,0.29205700411694124
1930,86.24338400113629,1.0872100028791465,84.00698300101794,0.28707499586744234
1931,90.24610900087282,0.9583559949533083,88.2267100023455,0.2986309991683811
1932,85.91749299375806,2.2364370015566237,82.577085995581,0.29953799821669236
1933,82.09089900628896,1.064671996573452,79.88416500302264,0.28968699916731566
1934,90.7967599996482,1.056690998666454,88.64245199947618,0.28109399863751605
1935,82.05904599890346,1.0005789954448119,79.95120200212114,0.28876100259367377
1936,91.99319199979072,0.9901349985739216,89.91377300117165,0.29351999546634033
1937,81.13372699881438,1.0403199994470924,78.98684500105446,0.29298300069058314
1938,87.85654100211104,1.0215610018349253,85.7582890021149,0.2914459983003326
1939,82.90486499754479,0.893689997610636,79.84718300576787,0.29135400109225884
1940,82.01349100272637,0.9788940005819313,79.95466599822976,0.28903799830004573
1941,85.4936949981493,1.0610980025376193,83.3011089998763,0.28661300166277215
1942,82.89430999866454,0.90143099805573,79.87598000181606,0.29194599483162165
1943,89.45712300192099,1.0624319984344766,87.28350000455976,0.2856130013242364
1944,84.97341399925062,0.9823569998843595,82.90703200327698,0.2950749985757284
1945,89.80842099845177,1.0699869962991215,87.63703900331166,0.289057003101334
1946,83.37177499925019,0.9713009931147099,80.72902099956991,0.2883160050259903
1947,82.12991800246527,1.4556189998984337,79.61207100015599,0.28607599961105734
1948,88.75206299853744,0.9389680053573102,85.18654400540981,0.2897240046877414
1949,82.2933989984449,1.0093200035043992,80.19110999885015,0.29933499899925664
1950,107.02499400213128,1.0645240035955794,104.84531499969307,0.29337199521251023
1951,81.8218779968447,1.0931540018646047,79.58790400152793,0.2837229985743761
1952,85.35236000170698,0.9294119954574853,83.35529400210362,0.2965949970530346
1953,83.05308900162345,1.0682279971661046,80.91435499954969,0.286741997115314
1954,81.89549000235274,1.4461930040852167,79.32714299386134,0.2874830024666153
1955,88.9064889997826,1.0770610024337657,86.63581099972362,0.31135399331105873
1956,84.04074199643219,0.9966910001821816,81.98032299696933,0.30098400020506233
1957,93.50090400403133,1.0435980002512224,91.34965099656256,0.2977420008392073
1958,83.36549699743045,1.0083570014103316,80.15544299996691,0.3799460027948953
1959,88.97647199773928,1.7848429997684434,85.90903000003891,0.43426099728094414
1960,83.83598100044765,1.3647290033986792,80.81731700076489,0.28822400054195896
1961,84.20878000470111,0.9302459948230535,80.90137299586786,0.315222998324316
1962,88.71783999347826,1.0770240041892976,85.33861899923068,0.287574999674689
1963,84.43265200185124,1.1008950023096986,82.22275000298396,0.2896130026783794
1964,88.22352300194325,1.0056539977085777,86.08806700067362,0.2974460003315471
1965,82.0817679996253,1.4747669993084855,79.43838399660308,0.31153800227912143
1966,91.14507600315847,0.9801900014281273,89.05039700039197,0.29933499899925664
1967,83.2548299949849,1.1308389948680997,80.97305800038157,0.3402049987926148
1968,85.66210199933266,0.9468200005358085,82.0164710021345,0.3140940025332384
1969,86.18317900254624,1.2583770003402606,82.38808500027517,0.33576100395293906
1970,84.84293099900242,1.2644329981412739,82.46356699964963,0.2967609980260022
1971,88.80674799729604,1.0575240012258291,86.59534699836513,0.3327790036564693
1972,83.25542200327618,2.205197000876069,79.89208999788389,0.3118349995929748
1973,92.54497200163314,0.8824120013741776,90.53236900217598,0.2886680013034493
1974,81.4085609963513,1.089913996111136,79.2031599994516,0.2867799994419329
1975,83.11143999890191,1.1189689976163208,80.83839099708712,0.3284269987489097
1976,84.74083700275514,1.1352650035405532,82.42891800182406,0.2950019988929853
1977,82.19739900232526,0.9505049965810031,79.36047600378515,0.2874650017474778
1978,85.95204699668102,1.0716910037444904,83.74803599872394,0.29772400012006983
1979,81.7649890013854,1.1111540006822906,79.53243899828522,0.28992800071137026
1980,85.7819360026042,1.2757469958160073,83.40920099726645,0.2979640048579313
1981,84.80798600066919,1.0418379970360547,82.66564099903917,0.2917060046456754
1982,82.0918419994996,1.1048390006180853,79.81364500301424,0.29107499722158536
1983,88.7348030009889,0.9598020042176358,85.62012000038521,0.30914999661035836
1984,81.31317099469015,1.082431997929234,78.92106600047555,0.29527900187531486
1985,90.34120000433177,1.7496569998911582,87.44596299948171,0.294964003842324
1986,81.73493299545953,1.0615430001053028,79.56964400364086,0.28666800062637776
1987,93.03725200152257,1.0569500009296462,90.8570370011148,0.28750099590979517
1988,87.27875800104812,1.6942500005825423,84.36392799922032,0.40048300434136763
1989,80.8171129974653,1.0648759998730384,78.55991600081325,0.2907429952756502
1990,84.60461399954511,1.2922480018460192,82.22436100186314,0.28120500064687803
1991,81.63743200566387,1.4937309970264323,79.03658499708399,0.2848900039680302
1992,89.80010499362834,1.0360430023865774,87.5756109962822,0.3865769976982847
1993,86.81488500587875,0.9070970045286231,83.60049800103297,0.28757500695064664
1994,88.77230399957625,1.256950999959372,86.26147500035586,0.3920210001524538
1995,84.28935299889417,1.176580997707788,81.66183900175383,0.29576100496342406
1996,82.76778899744386,0.9033940004883334,80.7700380028109,0.2972799993585795
1997,90.94646300218301,1.4580819988623261,88.18281799904071,0.2851309982361272
1998,82.81627100222977,1.0657460006768815,80.63853799831122,0.28629699954763055
1999,90.15871799783781,1.0518389972276054,87.99405799800297,0.29018699569860473
2000,86.37340099812718,2.300012005434837,82.93147600488737,0.2986129984492436
2001,85.52559999952791,0.9661530057201162,83.46418200380867,0.3057229987462051
2002,85.21530299913138,1.1816179976449348,82.81504899787251,0.38859399501234293
2003,81.53337499970803,1.0660240004654042,79.37786399998004,0.2815939951688051
2004,84.72285600146279,1.6421749969595112,81.9009510014439,0.3324089993839152
2005,83.50773800339084,1.5815080041647889,80.20746099646203,0.3427060000831261
2006,83.90153599611949,1.0255980014335364,81.77263600373408,0.2956500029540621
2007,82.6277329979348,1.120209002692718,80.3753130021505,0.33272399741690606
2008,84.99054200365208,1.683620001131203,82.2638059980818,0.2740199997788295
2009,83.78829400317045,0.9315420029452071,81.82509899779689,0.28916799783473834
2010,80.36527699732687,0.9977270019589923,78.2886730012251,0.28727900644298643
2011,104.98022200044943,0.944022998737637,102.95576600037748,0.2882979970308952
2012,82.01061799627496,1.9035279983654618,79.00893599435221,0.290130999928806
2013,90.18256900162669,0.9968939993996173,88.0927249963861,0.2898169987020083
2014,87.65057499840623,1.6901390044949949,84.86393000202952,0.29098300001351163
2015,81.73130200157175,0.9861350044957362,79.57360599539243,0.37257599615259096
2016,92.85269400425022,1.1417839996283874,88.69580200553173,0.2928159956354648
2017,81.18715199816506,1.0244500008411705,79.08288100588834,0.28790799842681736
2018,88.65193100064062,1.0242270000162534,86.53908699488966,0.2861120010493323
2019,82.98693799588364,1.0131719973287545,80.9180380019825,0.2914829965448007
2020,90.68059000128414,1.5066370033309795,88.06624299904797,0.30161200265865773
2021,84.73705899814377,2.2131599980639294,81.30580000579357,0.3690390003612265
2022,81.83587700477801,1.7818429987528361,78.96178699593293,0.28385399491526186
2023,86.83312499488238,2.3896979982964694,83.29579199926229,0.2906680019805208
2024,83.40327400219394,0.9969309976440854,81.33241099858424,0.29088999872328714
2025,87.2717200036277,1.0487279942026362,85.13648700318299,0.28827899950556457
2026,83.02880900009768,1.0106530025950633,80.92527899862034,0.2904639986809343
2027,90.3351439992548,0.9086529971682467,88.24703999562189,0.3687429998535663
2028,85.88513799622888,1.0650979966158047,83.66779400239466,0.2848720032488927
2029,82.02711900230497,1.8890479987021536,78.99689899932127,0.3022239980055019
2030,93.80260599573376,1.3080809949315153,91.3620009960141,0.28902000485686585
2031,82.73210300103528,0.9728389995871112,80.65168499888387,0.2840570014086552
2032,86.14964000298642,1.177414000267163,83.8146830064943,0.2931499984697439
2033,83.13538299989887,1.5894349999143742,80.46451699919999,0.29285399796208367
2034,89.74151100119343,1.3327299966476858,87.24612800142495,0.32050200388766825
2035,82.71473299828358,1.7005270055960864,79.37684500211617,0.306834997900296
2036,82.44545399793424,1.11193200427806,79.29508500092197,0.2905750006902963
2037,89.95271500316449,2.387605003605131,86.442066996824,0.3037979986402206
2038,80.94537199940532,1.0444680010550655,78.77869300136808,0.30559399601770565
2039,86.98806999746012,0.919190002605319,84.96520799963037,0.29283500043675303
2040,83.87436900375178,0.9796720041777007,80.20616399880964,0.28207499417476356
2041,82.9818999991403,0.9869310015346855,80.63399999809917,0.5224659980740398
2042,86.36986299825367,2.578605999588035,82.60610300203552,0.29300100140972063
2043,86.74562499800231,0.9581539998180233,84.6540390048176,0.3023910030606203
2044,95.67117100232281,0.9390229970449582,92.10085700033233,0.3335389992571436
2045,81.13087200035807,1.4934329956304282,78.54313599818852,0.2926680026575923
2046,85.58391500264406,1.298118004342541,83.16840099723777,0.29248299688333645
2047,83.43851399695268,0.9887650012387894,81.3721699960297,0.2885009962483309
2048,83.37666199804517,1.0298760025762022,81.18281699717045,0.3202799998689443
2049,84.95722600491717,2.045936998911202,81.71331999619724,0.29224200261523947
2050,81.30752099532401,1.0503569938009605,79.07686199905584,0.33453899959567934
2051,89.74828800273826,0.9565240034135059,87.67533299396746,0.2904640059568919
2052,82.66715899662813,0.966820000030566,79.0505840050173,0.29300100140972063
2053,83.92894200369483,1.0551909945206717,81.74813500227174,0.29090899624861777
2054,81.33698399615241,1.0544320030021481,79.15993600181537,0.2991130022564903
2055,83.61936700384831,0.9566349981469102,81.58685600210447,0.28900199686177075
2056,90.61182900040876,0.9847830006037839,87.11964399844874,0.2958170007332228
2057,82.32313799817348,1.0482100042281672,80.2032749998034,0.2957980032078922
2058,92.05044800182804,1.0395049976068549,89.95010400394676,0.2910760013037361
2059,84.70040999964112,0.9428939956706017,81.49696700274944,0.29542700212914497
2060,87.11303299787687,1.050338993081823,84.48603800206911,0.3076310022152029
2061,84.13568400283111,1.8974729973706417,80.36168300168356,0.38252000376814976
2062,80.45927599596325,1.3416370056802407,78.07439300086116,0.2971130015794188
2063,82.78138100286014,0.9951719985110685,80.69162900210358,0.29472399910446256
2064,84.03955399990082,1.0451170019223355,81.89809799659997,0.29938999796286225
2065,87.51723900059005,1.0633199999574572,85.2076709998073,0.4016129969386384
2066,84.96476199798053,1.2486550040193833,82.12071000161814,0.2910569965024479
2067,86.76432700303849,0.953394002863206,84.7165759987547,0.2903529966715723
2068,82.51913899584906,1.0643580026226118,80.36042399908183,0.2936489981948398
2069,81.69476300099632,1.0101169973495416,79.53162299963878,0.2968160042655654
2070,89.8036030048388,1.5625460000592284,87.12219999870285,0.29670499498024583
2071,88.71785599330906,2.1308439972926863,85.46298700093757,0.3067229990847409
2072,114.14317600429058,1.0669869952835143,111.83992300357204,0.28989100246690214
2073,85.23509700171417,1.0465980012668297,83.0777709998074,0.29403900407487527
2074,86.43943599599879,1.072858001862187,83.45614399877377,0.3970569960074499
2075,82.51261999976123,1.4527669991366565,79.31138099957025,0.2928540052380413
2076,85.07854100025725,1.0054310041596182,82.97051100089448,0.30331600282806903
2077,83.3836239980883,1.6402679975726642,80.62635000533191,0.3105389987467788
2078,82.28374800091842,1.0458390024723485,80.1597550016595,0.2927050009020604
2079,85.26063400495332,0.975745999312494,83.1729190031183,0.3011680018971674
2080,82.07150599628221,1.897120993817225,79.03061899560271,0.2948159963125363
2081,86.52451100351755,1.0360240048612468,84.37374100321904,0.28827899950556457
2082,82.10300599603215,1.0057640029117465,80.03780999570154,0.2920760016422719
2083,82.32923000468872,1.10619099723408,79.19382399995811,0.32374200236517936
2084,89.90315799746895,1.0795249982038513,85.11246700072661,0.2854269987437874
2085,84.77831700292882,1.379617999191396,82.22148899949389,0.28979799390072003
2086,85.31450499867788,1.0000420006690547,83.19245700113242,0.29896400519646704
2087,86.35052799945697,2.0540099940262735,83.13317799911601,0.3395390012883581
2088,87.57694200176047,1.776732002326753,84.6404820040334,0.2937969984486699
2089,83.05884499714011,1.0730980066000484,80.87859200168168,0.29463099781423807
2090,83.93599699775223,0.9567460001562722,80.62096100184135,0.3131869962089695
2091,84.30242499889573,0.9657080008764751,82.2114699985832,0.29751999682048336
2092,81.50592900346965,1.0344129987061024,79.3632510030875,0.293186996714212
2093,85.50981999724172,1.0143199979211204,83.37462400231743,0.29215000540716574
2094,83.37449400278274,0.9673009990365244,79.96362500125542,0.28818700229749084
2095,83.83712599606952,0.9628009938751347,81.77296700159786,0.3071870014537126
2096,84.12381300149718,0.9675969995441847,82.05254199856427,0.2897240046877414
2097,82.07341300294502,0.9372639979119413,78.6899880040437,0.2869079980882816
2098,85.5986539972946,1.6706019960111007,82.8137139978935,0.331093993736431
2099,84.65433400124311,0.9596899981261231,82.6122119979118,0.292001997877378
2100,86.07756400306243,1.0066160029964522,83.95446000213269,0.30216800223570317
2101,86.48045500012813,1.0422650011605583,83.72719900216907,0.2864079942810349
2102,86.86191900051199,2.1826599986525252,83.49310499761486,0.32766899676062167
2103,83.05475199449575,0.9836539975367486,80.97207399987383,0.2896489968406968
2104,81.98826399893733,1.6809349981485866,79.15634200617205,0.2991310029756278
2105,91.55246300360886,1.5255260004778393,88.92248600022867,0.2983529993798584
2106,80.65971999894828,1.0677649988792837,78.48524599830853,0.2884459972847253
2107,87.40318199852481,0.8890239987522364,83.5343090002425,0.2925389999290928
2108,82.35895100369817,1.3072109941276722,79.93758600059664,0.2961310019600205
2109,83.11277099710423,1.4820819997112267,80.46646000002511,0.3172430006088689
2110,85.21317000122508,1.8408620016998611,82.1911539969733,0.2934639996965416
2111,81.63231799699133,0.9546529981889762,79.61073399928864,0.28979800117667764
2112,88.52309400390368,0.976116003585048,85.0815399971907,0.28822400054195896
2113,88.21511200221721,1.0915609964285977,86.00528499664506,0.2917599995271303
2114,93.56621399638243,1.0601350004435517,91.40279499843018,0.2931319977506064
2115,89.81599000253482,1.5166560042416677,85.27639300154988,0.310224000713788
2116,89.67743399989558,2.3116049997042865,86.13208300084807,0.2956500029540621
2117,83.16630699846428,1.0840239992830902,80.97473999805516,0.2859460000763647
2118,82.42289599729702,0.9255420009139925,79.10554500267608,0.2975759998662397
2119,88.18866700312356,0.9510980016784742,86.20765600062441,0.28492700221249834
2120,82.75175000017043,1.0029870027210563,80.62336800503545,0.29796500166412443
2121,89.60676699643955,1.0477090036147274,87.26801399461692,0.40350200288230553
2122,82.08689399907598,1.01620899658883,79.01458199921763,0.30464999872492626
2123,95.00909200141905,0.9705789998406544,92.96841399918776,0.299742998322472
2124,82.76456400199095,1.0000050024245866,80.68918299977668,0.2994269962073304
2125,83.38240099692484,1.4926559961168095,80.7810350015643,0.30129800143186003
2126,85.26022500154795,1.0366350034018978,83.12304799619596,0.2894829958677292
2127,86.08608200302115,0.9549860042170621,84.04384800087428,0.3167789982398972
2128,97.08649099775357,1.0493570007383823,94.79466499760747,0.2999639982590452
2129,81.79702200141037,1.4205820043571293,79.26208300341386,0.31576099718222395
2130,94.0485120008816,1.0833019987330772,90.91033000004245,0.2999829957843758
2131,81.60344699717825,0.9702089955681004,79.56184299837332,0.29029800498392433
2132,86.69106600427767,0.9658199996920303,83.36858600523556,0.3079649977735244
2133,104.89595800027018,1.9808260040008463,101.74699700291967,0.3000760043505579
2134,84.21271999395685,0.9483020039624535,80.52449700335274,0.308687005599495
2135,88.65755800070474,0.9920420052367263,86.52387899928726,0.2885750000132248
2136,83.36106700153323,1.0669499970390461,81.16837100533303,0.3062980031245388
2137,130.32460900285514,1.0734500028775074,128.12030199711444,0.3087800068897195
2138,83.10189899930265,1.180653998744674,80.68247899791459,0.2983349986607209
2139,81.84066999820061,0.9694489999674261,79.70871499856003,0.2900379986385815
2140,83.99484900292009,1.7628240020712838,81.12564800103428,0.28846500208601356
2141,88.949650998984,1.9039179969695397,85.91917299781926,0.300687002891209
2142,83.2760849953047,1.4655820050393231,80.69840499956626,0.28779800049960613
2143,93.11060000618454,0.9606530002201907,91.04349599510897,0.2967059990623966
2144,82.0626339991577,1.0268580008414574,79.95154899981571,0.29366800299612805
2145,82.81511999666691,0.9477640051045455,79.50613999855705,0.29692799580516294
2146,86.55358300165972,1.032431006024126,84.3903679997311,0.28911299887113273
2147,82.64091499586357,1.305673002207186,80.23775399487931,0.2948529945570044
2148,88.37874100572662,1.9176950008841231,85.26166900264798,0.39726200338918716
2149,83.2704369968269,1.0539319991949014,80.78266499796882,0.3052239990211092
2150,81.76409500447335,1.027523998345714,79.61449099821039,0.32635399838909507
2151,91.2311639986001,1.1651169988908805,88.86694700049702,0.29542699485318735
2152,81.52350100135664,1.0165060011786409,79.44969399977708,0.28653800109168515
2153,87.32945799420122,0.999616997432895,84.6441110043088,0.2949269983218983
2154,80.66607100045076,1.0267089965054765,78.53181899554329,0.2854649937944487
2155,90.28543699969305,1.02633899950888,88.1646659981925,0.289908995910082
2156,85.16890900500584,1.5458230045624077,80.43719999841414,0.31811300141271204
2157,84.06301499780966,1.068061996193137,81.90153999748873,0.2900380059145391
2158,90.83606799686095,1.0412089977762662,88.66737200150965,0.2919649996329099
2159,84.92463000584394,0.8985599997686222,80.89140599622624,0.2933159994427115
2160,87.50205199612537,0.953634997131303,84.11805200012168,0.30613100534537807
2161,82.64489599969238,1.0220789990853518,80.51327399880392,0.2959460034617223
2162,91.03005100041628,1.0325420007575303,88.87839099770645,0.2999829957843758
2163,83.40521399804857,1.7248790027224459,80.47455100313528,0.2994089954881929
2164,81.48005700059002,1.0546159974182956,79.26924899948062,0.34179900103481486
2165,89.42243100318592,0.9219679996022023,85.92559799581068,0.29311300022527575
2166,80.77597899682587,1.735138997901231,77.94813000509748,0.2923159991041757
2167,84.98003800195875,0.969911998254247,82.91693500359543,0.29352000274229795
2168,82.87476799887372,1.0011170015786774,80.7358120000572,0.29855700267944485
2169,87.03402899845969,0.9555240030749701,84.9717419987428,0.31611199665348977
2170,86.36245300294831,1.1631360030150972,82.58983900304884,0.2932969946414232
2171,82.45837599679362,1.1441349997767247,80.2049390040338,0.294019999273587
2172,91.40221900452161,1.0143390027224086,89.25519000331406,0.3010200016433373
2173,81.63829799741507,1.0412280025775544,79.47815700026695,0.296113001240883
2174,85.29463200102327,1.0302459995727986,83.12558400211856,0.29087200528010726
2175,82.35165299993241,0.9446350013604388,80.31936499901349,0.2977800031658262
2176,81.5300379981636,0.9643940065870993,79.45965700491797,0.30811200122116134
2177,90.36619600374252,1.7338609977741726,87.54153199697612,0.292946002446115
2178,82.10426299774554,1.052765001077205,79.92162299342453,0.2987059997394681
2179,85.55515199986985,0.9466720002819784,83.51197500451235,0.29339000320760533
2180,82.72739600215573,0.9761159963090904,80.66166400385555,0.3045940029551275
2181,84.93931499833707,0.995987000351306,82.80113699584035,0.33059399720514193
2182,85.66942899778951,1.4294150023488328,82.58061800006544,0.29046500276308507
2183,81.81339099974139,0.9543940032017417,79.7550279967254,0.28305700107011944
2184,93.00220900331624,0.9058750001713634,91.01634599937825,0.2901499974541366
2185,82.12704100151313,1.061005998053588,79.97253000212368,0.291075004497543
2186,92.78054099559085,1.0286169999744743,90.65364100388251,0.3006490005645901
2187,85.41922500444343,1.8931580052594654,80.41205100016668,0.2952979994006455
2188,84.67205399938393,1.8671580037334934,81.45661099842982,0.3393359947949648
2189,81.57794499857118,1.0312840022379532,79.43571200303268,0.29896399792050943
2190,83.72836399939843,1.046819998009596,80.47784699738258,0.29659400024684146
2191,86.82363999832887,1.0450979971210472,82.74384000105783,0.2907800007960759
2192,82.76476600440219,0.929689995246008,79.21822900243569,0.28677899535978213
2193,90.66501099732704,0.9541350009385496,87.52834599727066,0.2999280040967278
2194,97.48527000192553,1.029967999784276,95.34553599951323,0.30027900356799364
2195,90.93391899659764,0.9889680004562251,87.95119999558665,0.295204998110421
2196,84.79870299925096,1.6253600042546168,80.49669900356093,0.2922610001405701
2197,82.10089200292714,1.0493200024939142,78.81041200016625,0.29096500657033175
2198,89.07876299781492,1.4139889972284436,86.53652700013481,0.3018349962076172
2199,85.04748099949211,1.9433069974184036,82.01183700293768,0.30266799876699224
2200,90.34786200209055,0.998654002614785,87.30089999880875,0.296224003250245
2201,82.06326200161129,1.0277649998897687,79.92897400254151,0.288871000520885
2202,85.39639099763008,1.0685059969546273,83.22167600272223,0.2897419981309213
2203,83.88886500324588,1.9560470027499832,80.76499700109707,0.34672400215640664
2204,83.12778599793091,1.6280819982057437,80.37186499859672,0.2992430017911829
2205,88.93335399625357,1.0706169996410608,86.62800800084369,0.3073719999520108
2206,84.42727400688455,0.948393004364334,82.42506100214086,0.28883499908261
2207,87.46491999772843,0.9600050034350716,85.39166799891973,0.33322400122415274
2208,81.43766700231936,1.590582003700547,78.72917100030463,0.3041870004381053
2209,84.91672099626157,0.9749680029926822,81.5916850042413,0.2965760068036616
2210,80.67332900100155,1.0714320014812984,78.46609500120394,0.29366800299612805
2211,83.29415800108109,0.9826530003920197,81.17197999672499,0.290130999928806
2212,86.93306499480968,1.0474130031070672,84.7629429990775,0.29653900128323585
2213,82.80872900650138,1.2248589991941117,80.4100860041217,0.34085299557773396
2214,85.8213559986325,1.0507650004001334,83.65256700199097,0.2964829982374795
2215,87.47397599654505,1.90012100210879,84.47955299925525,0.30120500014163554
2216,84.21592100057751,1.0213389978162013,82.1297799993772,0.2895940051530488
2217,87.69464299984975,1.286915001401212,85.17440799914766,0.3662430026452057
2218,82.39733800292015,1.0571160019026138,80.24378900154261,0.289854004222434
2219,85.12155499920482,0.976819996139966,83.03372999944258,0.2859640007955022
2220,82.16065199667355,0.960837998718489,78.57252099347534,0.28829700022470206
2221,86.2566540017724,1.416322003933601,83.7125659963931,0.2994460010086186
2222,81.60133300407324,1.0302099981345236,79.4588230055524,0.2903540007537231
2223,82.89004399557598,1.011931999528315,80.75001399993198,0.31207500433083624
2224,85.77917100046761,2.075232994684484,82.52796799934004,0.2912420022767037
2225,84.80353499908233,1.7175089960801415,81.99355800024932,0.2904459979617968
2226,92.06801799882669,1.0586729986243881,89.91187700303271,0.2941860002465546
2227,80.77818099991418,0.9775610014912672,78.65679899987299,0.31983500230126083
2228,85.00155500223627,1.005135003651958,82.8911920034443,0.29366800299612805
2229,87.24877000349807,2.073843999824021,84.08612399944104,0.29948299925308675
2230,81.53581399528775,1.0147829962079413,79.31909900071332,0.3715210041264072
2231,86.26389499841025,1.1611909940256737,83.57613999396563,0.28877900331281126
2232,81.1767570048687,1.0169310044148006,78.98157899762737,0.3539280005497858
2233,87.04791699710768,0.953394002863206,84.01038300507935,0.3023530007340014
2234,82.54146800027229,0.9223199958796613,79.08713499637088,0.3328160019009374
2235,84.75105300021823,0.9771710028871894,82.68663500348339,0.312853000650648
2236,84.68073899712181,1.0290419959346764,82.56061599968234,0.28461300098570064
2237,82.14413200039417,1.0381899992353283,79.99912100058282,0.28779800049960613
2238,86.1192270022002,1.0210239997832105,84.01097600290086,0.287650000245776
2239,82.90300700173248,0.9685240001999773,80.83362499746727,0.2975390016217716
2240,87.10967699880712,0.9590420013410039,83.48354599729646,0.296464997518342
2241,87.09039800305618,1.520044999779202,84.43242199427914,0.30050200439291075
2242,91.83527499408228,1.1871730021084659,89.5056890003616,0.30237199825933203
2243,87.88536600332009,1.0255239976686426,85.77241100283572,0.29342700145207345
2244,83.72599200083641,1.7539909968036227,80.88895899709314,0.2895200013881549
2245,91.80984999693464,1.045709999743849,89.65411499957554,0.2942240025731735
2246,81.50405400374439,0.9192270008497871,79.52532199851703,0.29161199927330017
2247,87.9224219970638,0.9649120038375258,85.8246700008749,0.29022400121903047
2248,82.23341000120854,1.83602800098015,79.24608000030275,0.30105699988780543
2249,84.06729099806398,1.0180969984503463,81.80835300299805,0.40755699592409655
2250,82.40376300091157,1.0549309954512864,80.22989999881247,0.3027240018127486
2251,83.78354799788212,1.6830449967528693,80.97860799898626,0.3346310040797107
2252,87.01152700086823,0.9312270049122162,85.0182210051571,0.2964089944725856
2253,84.99972100253217,1.043839001795277,82.77756099414546,0.3419460044824518
2254,86.44220999849495,1.764582993928343,83.5802869987674,0.2906680019805208
2255,85.19088799948804,2.539977002015803,81.554183998378,0.3045940029551275
2256,107.1117250030511,3.8931679955567233,100.02778100169962,0.2902609994634986
2257,89.29140999680385,1.8203610015916638,86.34348700434202,0.3261680030846037
2258,86.6333960002521,1.038320995576214,84.43706999969436,0.32148299942491576
2259,92.19531399867265,1.965139999811072,88.44212799886009,0.3000009965035133
2260,81.0254040043219,1.0450420013512485,78.34559400362195,0.33703900407999754
2261,88.20208899851423,1.0080050051328726,86.0543559974758,0.33198399614775553
2262,81.97337199817412,1.0161719983443618,79.86326800164534,0.2867420043912716
2263,88.01405100530246,0.9637819966883399,84.67358899360988,0.2874650017474778
2264,84.81229299650295,2.510161000827793,81.19260799867334,0.29033500322839245
2265,87.96592099679401,2.0387879994814284,84.74699699581834,0.29976099904160947
2266,82.77596900006756,1.042579002387356,80.64912400004687,0.2940379999927245
2267,80.788791005034,0.9509680021437816,78.6856330014416,0.34211300226161256
2268,86.29805999953533,2.5173829999403097,82.69763499993132,0.30179700115695596
2269,84.94488699943759,0.9711899983813055,82.88165400153957,0.2916689991252497
2270,91.98381299938774,2.049789000011515,88.77440699870931,0.29507599538192153
2271,83.28626699949382,0.9904500038828701,81.20147899899166,0.2871310061891563
2272,93.40122700086795,1.7036569988704287,90.62037999683525,0.30251999851316214
2273,84.52440299879527,0.9903009995468892,82.43361500353785,0.290130999928806
2274,81.62785100284964,1.0242829957860522,79.0037629994913,0.2932600036729127
2275,89.69542999693658,1.012504995742347,87.59310399909737,0.2895200013881549
2276,85.0808320028591,0.9879319986794144,82.99637599702692,0.29724199703196064
2277,89.93193099740893,1.7973430003621615,86.95917399745667,0.2903720014728606
2278,83.49789799831342,1.9249359975219704,80.49501200002851,0.2958719996968284
2279,83.96351100236643,1.2943210022058338,81.5605539974058,0.2967059990623966
2280,82.36937299807323,1.1229689989704639,79.73419300105888,0.2959640041808598
2281,82.2705950049567,2.206956000009086,78.65896500152303,0.2964089944725856
2282,82.02820499718655,0.9617270043236203,79.96919399738545,0.2949279951280914
2283,85.22470299794804,0.9518199949525297,82.86800499627134,0.5575400064117275
2284,84.75945900136139,1.1438939982326701,82.03279699955601,0.29081699904054403
2285,83.67678800277645,1.9699729964486323,80.60658600152237,0.29928000003565103
2286,84.96277499943972,0.9638560004532337,82.88215300126467,0.3168719995301217
2287,87.22841699636774,1.8288060018676333,84.21651300159283,0.29644599999301136
2288,86.32144900184358,0.9832459982135333,84.22153100400465,0.2961310019600205
2289,86.73698799975682,2.2976969994488172,83.32737800083123,0.30255699675763026
2290,80.71851300337585,1.041321003867779,78.58861299609998,0.2980389981530607
2291,83.74843499768758,1.042617004713975,81.60840599884978,0.2925019944086671
2292,83.76712100289296,2.4950869992608204,80.12123199296184,0.2981309953611344
2293,82.48352199734654,2.5817909991019405,78.7612620042637,0.2966129977721721
2294,84.51636500103632,0.9407830002601258,82.47103999747196,0.2992230001837015
2295,81.42353499715682,1.032931002555415,79.2262090035365,0.2917789970524609
2296,89.56711400242057,1.012802000332158,87.4372879989096,0.2945570013253018
2297,82.74957899993751,1.0110980001627468,80.6443639958161,0.2947609973489307
2298,84.97292299580295,0.9620609998819418,82.83613400271861,0.33248299587285146
2299,91.68795800360385,2.03145499835955,88.44038600364001,0.3354459986439906
2300,84.6533290023217,1.1965059966314584,80.8426790026715,0.2905020010075532
2301,93.86780299973907,1.728269002342131,91.03067700198153,0.30122399766696617
2302,82.40063199627912,0.9885800027404912,80.30047299689613,0.2968160042655654
2303,86.47702400048729,0.9759500026120804,84.39305000501918,0.29576099768746644
2304,83.33589600078994,1.9678989992826246,80.26256499579176,0.29666900081792846
2305,82.83118999679573,1.0130610025953501,80.66884500294691,0.3420209977775812
2306,86.83991400175728,1.0258940019411966,82.37478000228293,0.29787200037389994
2307,82.552633000887,2.172975000576116,79.30519000365166,0.2907980015152134
2308,85.01916399836773,1.0368939983891323,82.83335700252792,0.32707500213291496
2309,81.92922200396424,0.9645419995649718,78.25772200158099,0.2933349969680421
2310,85.98196499951882,0.9726160060381517,83.90906600106973,0.287039001705125
2311,86.40728300088085,1.7801020003389567,82.79150399903301,0.30568699730793014
2312,96.27727799670538,0.9756719955476001,92.9436490041553,0.32627899781800807
2313,85.05970099940896,2.2326039979816414,81.6862020001281,0.33268699917243794
2314,82.71091100323247,2.0289549938752316,79.46880200324813,0.3867429986712523
2315,87.92203100165352,1.15454299520934,84.38379099970916,0.29639100102940574
2316,81.04740199632943,1.0458019969519228,78.91392799501773,0.29376099701039493
2317,112.62297399662202,2.600457999506034,108.71680499985814,0.28940899937879294
2318,84.23747500637546,2.1397890013759024,80.95930999843404,0.3310210013296455
2319,84.84929299447685,2.08664100500755,81.53960899653612,0.37490999966394156
2320,85.2087390012457,0.9912090026773512,81.70264700311236,0.2938350007752888
2321,82.26068600197323,0.9473200043430552,78.91024299897254,0.3268159998697229
2322,90.31071000208613,1.9311219948576763,87.16221200302243,0.2994460010086186
2323,82.3925570002757,1.0483390069566667,80.24967599340016,0.28939100593561307
2324,85.850704999757,1.0351349992561154,83.69074900110718,0.2948160035884939
2325,82.77948499744525,1.0386530047981068,80.67104800284142,0.29064899717923254
2326,84.39610499772243,1.0917089966824278,82.19070499762893,0.3155570011585951
2327,95.7395900040865,1.300265997997485,93.33913299633423,0.2979830023832619
2328,83.27280199591769,0.9644679958000779,79.71928500046488,0.3159830012009479
2329,98.46360400115373,1.8281209995620884,95.49271799915005,0.28592799935722724
2330,81.5258310030913,1.744398003211245,78.67313000315335,0.2996869952767156
2331,88.14893900125753,0.9197079998557456,84.45927099819528,0.2930019982159138
2332,83.96319500025129,1.0201350014540367,81.82540600682842,0.29190900386311114
2333,84.6996059990488,1.0305980031262152,82.49041000090074,0.31316799868363887
2334,85.32610999827739,2.0137699975748546,82.04985100019258,0.28309399931458756
2335,81.73316399916075,0.9914869951899163,79.63863499753643,0.2819279980030842
2336,91.05245400132844,1.015059999190271,88.88433100219117,0.3280749951954931
2337,80.77675299864495,1.0259870032314211,78.64122300088638,0.2976869945996441
2338,89.00514699780615,1.55813799938187,86.37870699749328,0.29301999893505126
2339,82.78061400051229,0.992820001556538,80.67519700125558,0.29779699980281293
2340,84.8443299983046,1.7246389979845844,81.9697209954029,0.32370500412071124
2341,87.79682500608033,1.071598999260459,83.66669300448848,0.2977980038849637
2342,81.28627399855759,0.9763570051291026,79.20096599991666,0.29313100094441324
2343,89.72774299763842,1.0216910013696179,87.56799199909437,0.3034090041182935
2344,84.16828900226392,1.7485270000179298,79.96358099626377,0.2947980028693564
2345,86.16653899662197,1.0386159992776811,83.75598999555223,0.532298996404279
2346,84.55243900243659,1.7701940014376305,81.70948000042699,0.29196399555075914
2347,81.88831299776211,1.754897995851934,78.91533499787329,0.3606129976105876
2348,87.81947399984347,1.7391569999745116,84.9798670024029,0.2903909989981912
2349,81.46016300452175,1.0402830012026243,79.33704100287287,0.29655700200237334
2350,90.67293299449375,0.9611159985070117,87.55202800239203,0.29087200528010726
2351,82.01618500606855,1.0382100008428097,79.85450699925423,0.2907050002249889
2352,82.4045199988177,1.069728001311887,80.15274899662472,0.3115199942840263
2353,85.00853299483424,1.4986000023782253,82.30033500149148,0.2955939999083057
2354,82.69665100669954,2.0396949985297397,79.5672280000872,0.2905020010075532
2355,90.5348949963809,1.6189710004255176,87.74569600063842,0.35433599987300113
2356,84.10167699912563,0.9857080003712326,80.68240000284277,0.34026099456241354
2357,88.35242100030882,1.1274499993305653,86.00029700028244,0.3299269956187345
2358,81.7599970032461,0.9818010003073141,79.66615300392732,0.297111997497268
2359,83.99986199947307,1.006708997010719,81.84475699817995,0.3208350026397966
2360,84.64625299529871,1.575674999912735,81.83488700160524,0.2897609956562519
2361,82.10627700464102,1.0620609973557293,79.95572900108527,0.2996499970322475
2362,86.7248569993535,1.7400459983036853,83.87848999700509,0.2938530014944263
2363,82.12787000229582,1.7467860016040504,79.25931800127728,0.2905939982156269
2364,84.45860399660887,1.3177110013202764,82.01764700061176,0.29698299476876855
2365,81.44273699872429,1.0244130025967024,79.33600300020771,0.2964829982374795
2366,83.09354200173402,0.9668569982750341,81.00925300095696,0.29352000274229795
2367,89.05557199614123,1.0233749999315478,86.90337599546183,0.29139099933672696
2368,82.33190800092416,1.0490979984751903,80.14706300309626,0.2926680026575923
2369,89.37985200464027,0.9538200029055588,85.93826000287663,0.32511300378246233
2370,89.10805399500532,0.9718569999677129,84.57464200182585,0.2927609966718592
2371,82.61970600142376,0.9987640005419962,80.4611570056295,0.34631699963938445
2372,88.06917800393421,2.770478000456933,84.05861999926856,0.28827899950556457
2373,82.44431599450763,1.0826349971466698,80.27815700188512,0.3007600025739521
2374,92.84122100507375,0.9839490012382157,90.74371099995915,0.2919830003520474
2375,81.42864399997052,1.0345050031901337,79.27965099952416,0.3196320030838251
2376,87.915547999728,0.9698200010461733,84.56971499981591,0.28813099925173447
2377,86.34598399657989,2.3471419990528375,82.89772499847459,0.2994460010086186
2378,101.85891699802596,1.3351929956115782,99.34910700394539,0.32155799999600276
2379,85.64775800186908,1.3553949975175783,83.08639299502829,0.29140900005586445
2380,83.51304299867479,0.9853389929048717,80.2070450008614,0.29390899726422504
2381,87.42013800656423,1.0367640061303973,85.29773700138321,0.29748299857601523
2382,81.24264199432218,1.0380789972259663,78.64703700033715,0.29733499832218513
2383,90.31133800453972,1.0086160036735237,88.11854899977334,0.3313900015200488
2384,85.49283100001048,0.9359129981021397,82.04038799885893,0.2838910004356876
2385,82.63955800066469,0.9980419999919832,80.51654599694302,0.33340899972245097
2386,94.38672899705125,0.9717639986774884,92.2274769982323,0.3785759981838055
2387,80.54604600329185,1.0904500013566576,78.31655399786541,0.28783499874407426
2388,84.3298629988567,0.9445230025448836,82.25572200171882,0.29316799918888137
2389,85.94388899655314,1.5597120000165887,81.40760700189276,0.3106680014752783
2390,94.77497199986828,0.9855239986791275,92.66329499951098,0.33831600012490526
2391,83.94761900126468,1.019135001115501,81.76971899956698,0.337520003085956
2392,84.33893600158626,0.9424859963473864,81.28827199834632,0.29268700018292293
2393,85.84786999563221,0.9992830018745735,83.71358099975623,0.3441869994276203
2394,81.39723600470461,1.0395239951321855,79.14331700158073,0.2948710025520995
2395,84.74762299738359,1.0533570020925254,82.53990900266217,0.29698300204472616
2396,83.23996800027089,1.7475089989602566,80.31491499423282,0.29859400092391297
2397,91.36021300219,0.9928759973263368,87.7217129964265,0.3047049976885319
2398,84.72364200133597,0.9604129954823293,80.6055830034893,0.3071120008826256
2399,83.90522999980021,0.9860610007308424,81.76303399523022,0.2945200030808337
2400,87.70413899765117,0.9329120002803393,84.23856500303373,0.2901499974541366
2401,84.98442100244574,1.0343389949412085,82.86705800128402,0.29772400012006983
2402,98.08287799387472,1.1664320045383647,95.80703300161986,0.3472419994068332
2403,83.10754000558518,1.7722500051604584,80.21017399732955,0.28876099531771615
2404,86.8334490005509,1.4600819995393977,84.25865799654275,0.3256130003137514
2405,83.85282199742505,1.7516389998490922,80.30417400004808,0.39816799835534766
2406,80.84239999880083,0.9959309973055497,78.76820300589316,0.3025759942829609
2407,85.09001300262753,1.000561002001632,82.9703179988428,0.29416899633361027
2408,82.62890899641206,1.0293019950040616,79.22070499625988,0.2893350028898567
2409,88.40080899972236,0.9957459988072515,84.87684599822387,0.3042419994017109
2410,88.17786299914587,2.143807003449183,84.96840199950384,0.29996500234119594
2411,83.35207900381647,0.9059499934664927,79.6580050009652,0.31292800122173503
2412,87.44480399764143,1.5934899929561652,82.91939099581214,0.32583499705651775
2413,82.68990900251083,1.6313230007654056,79.98685799975647,0.2937050012405962
2414,87.78376800182741,2.238029999716673,84.40293699823087,0.32039100187830627
2415,86.0470549960155,1.6659899993101135,82.19825800188119,0.2953169969259761
2416,90.99617400352145,2.55203199776588,87.1717100017122,0.30066799808992073
2417,83.62682099686936,1.749249997374136,80.78239900351036,0.29844600067008287
2418,91.88503000041237,2.216418994066771,88.40125300048385,0.4488359991228208
2419,89.19451600377215,1.1211360033485107,85.02582900109701,0.2989830027217977
2420,82.40246299828868,1.0384869965491816,80.24680300150067,0.29624300077557564
2421,87.04046799539356,1.0520789946895093,84.87666000291938,0.28788999770767987
2422,81.69999600067968,0.9575049989507534,79.65396699728444,0.2965019957628101
2423,87.89834300114308,1.0002089984482154,85.7649060053518,0.2917599995271303
2424,84.01767499890411,1.0376350037404336,81.85270000103628,0.2934649965027347
2425,83.02127999922959,1.7203789975610562,80.1365799998166,0.30226099624997005
2426,88.93884800636442,1.7794719969970174,86.06072200200288,0.296113001240883
2427,91.77895599714248,1.0423939966131002,89.59922199574066,0.29948299925308675
2428,93.60985300008906,1.0352829995099455,91.42204600357218,0.2963169972645119
2429,82.95370599807939,1.014320005197078,80.82952900440432,0.2991680012200959
2430,87.50061900354922,0.9740969981066883,85.37482999963686,0.295093996101059
2431,83.23378099885304,1.0098760030814447,80.94952899409691,0.2965199964819476
2432,83.14263299689628,1.0462470017955638,80.94736199564068,0.310946001263801
2433,87.795935003669,1.16589500248665,84.5332699973369,0.3025760015589185
2434,81.53429099911591,0.9681340015958995,79.4599470027606,0.304927998513449
2435,88.72558699658839,1.0411900002509356,86.50472400040599,0.3690759986056946
2436,81.83147800446022,1.0324870017939247,79.69350399798714,0.2896310033975169
2437,84.08763799525332,1.0982829990098253,81.76362599624554,0.34455800050636753
2438,84.08167400193634,1.6642860064166598,80.74224900337867,0.376335003238637
2439,104.36439100158168,0.9963010015781038,102.26104599860264,0.2905569999711588
2440,87.24476499628508,1.0232280037598684,83.72165400214726,0.3030759980902076
2441,82.21159000095213,1.03952300560195,79.93546700163279,0.30266799876699224
2442,90.04044600442285,0.9194679951178841,85.94810999784386,0.29653900128323585
2443,85.71564599697012,1.6850450047058985,80.69797200005269,0.3227790002711117
2444,85.36455200373894,1.052375002473127,83.03190999868093,0.39185399509733543
2445,81.60643899464048,1.171228002931457,78.78664699819637,0.36916800308972597
2446,83.91072900121799,1.0204309946857393,81.75314399704803,0.3571499983081594
2447,87.66039700276451,1.0232459972030483,84.24276699952316,0.30172399419825524
2448,82.26414599630516,2.0443989997147582,79.04268599668285,0.3753730052267201
2449,85.9157770028105,1.7200270012835972,83.08729899727041,0.2961870050057769
2450,83.64707900182111,1.8566770013421774,80.68636000098195,0.28666800062637776
2451,87.08704199671047,1.7287500013480894,84.25900799920782,0.2918539976235479
2452,83.40905899967765,1.7011010058922693,80.55832300306065,0.3371679995325394
2453,87.19741299864836,1.6531189976376481,84.45424999808893,0.2970569985336624
2454,87.1626340012881,2.402938000159338,83.66135699907318,0.29342700145207345
2455,85.21116200427059,1.8912870000349358,82.2243869988597,0.2950019988929853
2456,85.43618099793093,1.6261380005744286,82.68416699866066,0.2955009986180812
2457,85.44140299636638,1.5404340010718442,82.80805600224994,0.28874299459857866
2458,88.9637920045061,1.9960469944635406,85.88611000595847,0.28978000045754015
2459,82.6674079944496,0.9879310018732212,80.55691499612294,0.29890900623286143
2460,84.8794560006354,0.9286339991376735,81.61192000261508,0.3001119985128753
2461,82.69329600443598,1.2314880004851148,80.29976599937072,0.3000940050696954
2462,84.39595399977406,0.9659120041760616,82.31635000265669,0.2917609963333234
2463,86.98346599703655,1.6532490044482984,84.2288970015943,0.29314900166355073
2464,82.29496100102551,1.0414500065962784,80.15265399444615,0.2972049987874925
2465,95.13273100310471,1.0327460040571168,93.00610899663297,0.28570499853231013
2466,83.4371149976505,1.7253980040550232,80.61082299536793,0.2910570037784055
2467,82.1849240019219,1.3750250000157394,79.69779900304275,0.29844600067008287
2468,91.32767399569275,1.025893994665239,89.19949600385735,0.29224200261523947
2469,83.70550499967067,1.0331529992981814,81.5336980012944,0.2965199964819476
2470,88.1203250028193,0.9779120009625331,86.00675799971214,0.2968720000353642
2471,85.37180999701377,1.990379998460412,82.26731299509993,0.29335399449337274
2472,87.89193400298245,1.0262830037390813,85.68403399840463,0.3527979934005998
2473,83.79491300001973,1.6670080003677867,81.02171299833572,0.2932420029537752
2474,84.98486300231889,1.710880002065096,80.82830499915872,0.35913199826609343
2475,91.81717699539149,0.9723939947434701,89.78340600151569,0.2837799984263256
2476,82.49025799887022,1.7791939972084947,79.62992799730273,0.2845390044967644
2477,86.0092570001143,0.9843199950410053,83.90028400026495,0.2956870011985302
2478,85.49773700360674,1.6550459986319765,82.74842600076227,0.28542800282593817
2479,81.42060400132323,1.0426720036775805,79.25901899579912,0.29081699904054403
2480,95.13391599466559,0.9412459985469468,91.36967400263529,0.28177900094306096
2481,85.81968300131848,1.029505001497455,83.70013500098139,0.2912240015575662
2482,88.30443600163562,1.0523579985601828,86.08129499771167,0.2902790001826361
2483,81.59816099941963,1.0385419955127873,79.48796499840682,0.28055700386175886
2484,88.51675099867862,1.7185459946631454,85.6111070024781,0.3665020049083978
2485,90.87517200532602,1.9112139998469502,87.30163400468882,0.28451999969547614
2486,85.97731199552072,1.1865620035678148,83.61742999841226,0.29566800367319956
2487,85.56769999995595,1.174358003481757,82.00892199965892,0.2883540000766516
2488,81.70041999983368,1.0203760029980913,79.57844599877717,0.31114999728742987
2489,86.3090370039572,1.045486998918932,84.19526599755045,0.2838159998646006
2490,80.72204500058433,1.3304890017025173,78.30045800074004,0.2960010024253279
2491,85.89357199525693,1.0154500050703064,83.73174599546473,0.2946129970951006
2492,81.91003200045088,0.9641720025683753,79.83298500039382,0.2919830003520474
2493,81.2760300032096,1.1540060004335828,79.00361000065459,0.29755799914710224
2494,85.48460599558894,1.0390790048404597,83.3257800040883,0.29459399956976995
2495,82.19116400141502,0.9316340001532808,78.92651700240094,0.33403899578843266
2496,86.82777899957728,0.9090039966395125,84.85576999373734,0.2921679988503456
2497,85.72803399874829,1.010633997793775,83.58383800077718,0.3262610043748282
2498,88.37188000325114,0.9485050031798892,85.21510499849683,0.3098899978795089
2499,89.83405499748187,0.9275229967897758,86.74674299982144,0.2887419977923855
2500,103.88947799947346,1.0934129968518391,101.57829999661772,0.38248399505391717
2501,85.07999300491065,1.166394999017939,82.40129399928264,0.3021870070369914
2502,81.00856500095688,1.0365980051574297,78.82123900344595,0.3000940050696954
2503,86.64724199479679,1.1159870045958087,84.09491399652325,0.30240899650380015
2504,82.17049700033385,1.0604119961499237,79.97179999802029,0.2995019967784174
2505,87.02720599831082,2.697995994822122,83.24877999984892,0.2983529993798584
2506,83.42726300179493,1.7600089995539747,80.52237700030673,0.3411499928915873
2507,81.79512400238309,0.8829489961499348,78.45245900534792,0.29244599863886833
2508,87.68767299625324,0.9528569935355335,84.15002500260016,0.28109399863751605
2509,86.26205400651088,2.019713996560313,83.18603900261223,0.2847600044333376
2510,85.89786699303659,0.9947459984687157,83.80304199818056,0.2931499984697439
2511,88.44725100061623,0.9224860041285865,84.98306600085925,0.2907050002249889
2512,88.02185999957146,1.5228970005409792,85.42156899784459,0.2903529966715723
2513,88.33000900631305,0.9521899992250837,86.26746200025082,0.293297998723574
2514,83.03285299916752,1.061839000612963,80.86026700038929,0.28970499988645315
2515,86.95198399800574,0.9936170026776381,83.35255799465813,0.2923909996752627
2516,81.90004999778466,1.013635002891533,79.77146600023843,0.2915939985541627
2517,84.19906299968716,0.9916900016833097,82.10219899774529,0.29283500043675303
2518,82.64455400058068,1.9986769984825514,79.51553799648536,0.28698200185317546
2519,85.64373600529507,1.0194679998676293,81.89173600112554,0.3357050009071827
2520,88.32432399503887,1.9447880040388554,85.17065899650333,0.29487199935829267
2521,81.60756700090133,0.9826160021475516,79.57046400406398,0.28809400100726634
2522,85.79583000391722,1.0025789961218834,83.69598499848507,0.29250099760247394
2523,84.27824699901976,1.0361719978391193,82.14571799908299,0.28451999969547614
2524,88.37871399737196,1.3571730014518835,85.9084790063207,0.2892789998441003
2525,85.24015999864787,1.2494330003391951,82.82914799929131,0.2977799958898686
2526,95.21834000042873,1.8347310033277608,92.27212199766655,0.2964829982374795
2527,84.8677329995553,0.8807639969745651,81.38484400114976,0.2946319946204312
2528,86.54762899823254,1.0292090009897947,84.3901560001541,0.29546499717980623
2529,84.63256500544958,0.9966899961000308,82.53638700261945,0.2864459966076538
2530,82.46677499846555,1.2766729996656068,80.05450299970107,0.2947049943031743
2531,86.82405600120546,1.4118230028543621,82.98225899488898,0.2983529993798584
2532,85.54527299565962,1.2280989976716228,81.04150900180684,0.29259399889269844
2533,84.91704700281844,0.9355419970233925,82.93633299763314,0.2904639986809343
2534,82.73657300014747,1.2755439965985715,80.37889399565756,0.29816800088156015
2535,82.35060700098984,1.0287269979016855,80.20680100162281,0.29916899802628905
2536,86.34635099588195,0.9570050024194643,82.98150000337046,0.28587199631147087
2537,81.82988300541183,1.0106539994012564,79.71848399756709,0.29918700602138415
2538,87.28911499929382,1.0241909985779785,85.11754799837945,0.324594002449885
2539,84.46610000100918,1.0395790013717487,82.22566299809841,0.376575997506734
2540,81.90406799985794,1.4053780032554641,79.28088799963007,0.32438999915029854
2541,88.56478799862089,1.3979700015624985,84.90917699964484,0.29179800185374916
2542,85.50062400172465,1.038116002746392,83.3288529975107,0.2991679939441383
2543,84.19289499579463,1.0270229977322742,82.04456899693469,0.3034089968423359
2544,84.92508400377119,2.517068998713512,81.1160649973317,0.3333350032335147
2545,86.16359000006923,0.9934859990607947,83.92598600039491,0.3947430013795383
2546,82.22910699987551,1.0530610015848652,79.8931690005702,0.3148719988530502
2547,81.6150850005215,1.0437089949846268,79.40540700656129,0.3381500064278953
2548,89.09162299823947,2.352475006773602,85.44677099416731,0.2957050019176677
2549,81.91347599495202,0.9662830052548088,79.8625949973939,0.2992609952343628
2550,86.91563100001076,1.076412998372689,84.71091599494684,0.29631600045831874
2551,82.2995330017875,1.0282270013703965,80.1493559993105,0.302705004287418
2552,89.63247900101123,1.7210829973919317,86.77631500177085,0.29031700250925496
2553,82.85583199904067,0.9799489998840727,80.73483999760356,0.2977419935632497
2554,83.02936999825761,1.0221900010947138,80.89682200079551,0.2951870046672411
2555,87.08174300409155,1.0313570019206963,84.88311999826692,0.3106860021944158
2556,86.10644099826459,1.7506759977550246,82.53744200192159,0.2935939992312342
2557,88.28521199757233,2.5556620021234266,84.623767004814,0.2971680005430244
2558,81.76919700053986,1.035763998515904,79.6172780028428,0.3024459947482683
2559,88.00374700513203,1.0501719953026623,85.8536629966693,0.28359400312183425
2560,82.93261099606752,1.0889869954553433,80.72726499813143,0.2871870019589551
2561,112.3678900039522,1.7126570019172505,109.55665499932365,0.31155699980445206
2562,84.64150800136849,1.2400250052451156,82.29138499882538,0.28852000104961917
2563,81.23830599652138,1.0055419988930225,79.12903500255197,0.2967979962704703
2564,89.75368199753575,1.2823029974242672,87.33783599745948,0.28459400346037
2565,81.30330499989213,0.9595049996278249,79.25420300307451,0.28901999758090824
2566,86.14396000484703,1.09932100167498,83.91615199798252,0.29337200248846784
2567,83.3003709994955,1.0041530040325597,81.17713800311321,0.337649995344691
2568,85.20793700154172,1.2792280031135306,82.80673900299007,0.3000010037794709
2569,83.93976299703354,1.5777119988342747,81.26784199703252,0.29644599999301136
2570,87.89706199604552,1.0622459958540276,85.69693900062703,0.30052000511204824
2571,89.19088200491387,1.9996949995402247,86.01703299791552,0.2870759999495931
2572,81.17189799668267,1.285155005462002,78.76443999703042,0.2954829978989437
2573,91.47711600235198,1.684082999418024,88.66473200032488,0.2889829993364401
2574,81.79919699614402,1.0905980016104877,79.60116700269282,0.2896499936468899
2575,83.52455800195457,1.0364129993831739,81.39256499998737,0.30624200007878244
2576,82.60870099911699,1.250358996912837,80.24702299735509,0.2871489996323362
2577,82.7962200055481,1.2922280002385378,80.41694900020957,0.29268700018292293
2578,92.85241999896243,2.0365660020615906,89.70858899556333,0.29063100373605266
2579,82.64421900094021,1.0427649976918474,80.52237499941839,0.29640900174854323
2580,85.11556499433937,1.254172995686531,82.73053399898345,0.2969459965243004
2581,83.06798100238666,1.2563210038933903,80.69732099829707,0.30237199825933203
2582,84.5451920031337,1.0083200031658635,82.40832899900852,0.3115939980489202
2583,93.63001699966844,1.5417670001625083,90.81102100026328,0.38142799894558266
2584,81.47671299957437,1.0662459972081706,79.29296100337524,0.29155700030969456
2585,90.11727599863661,1.1015240015694872,87.91280099831056,0.2923900028690696
2586,82.0267539966153,1.03633899561828,79.83113099908223,0.3042419994017109
2587,87.39111400063848,1.0272459985571913,85.27725199382985,0.29692799580516294
2588,83.69887300068513,1.2893769962829538,81.29743500467157,0.28598300559679046
2589,83.15011000377126,0.9666350015322678,81.105582001328,0.29322400223463774
2590,87.58891099569155,1.0137459976249374,85.44015900406521,0.2904639986809343
2591,83.09120299963979,1.0352090030210093,80.59800499904668,0.3031680025742389
2592,90.187332003552,1.0470799970789813,87.8859860022203,0.40059499588096514
2593,82.68318200134672,1.0005239964812063,80.1149839971913,0.29489000007743016
2594,82.14591999421827,1.0555239932728,79.87952000257792,0.3980210021836683
2595,86.04147800360806,1.778176003426779,83.06775799428578,0.2957600008812733
2596,96.0105280028074,1.7348979963571765,93.13245800149161,0.29339000320760533
2597,88.53030499449233,2.2708079995936714,85.0495470003807,0.3061120005440898
2598,83.63655699940864,1.769805996445939,80.7445429963991,0.2954829978989437
2599,88.77423200465273,1.5741749957669526,86.03995899466099,0.3269280059612356
2600,84.42013600142673,1.5104699996300042,81.81239999976242,0.2908160022343509
2601,82.8867939999327,0.9468569987802766,80.83267299662111,0.2944650041172281
2602,86.29371899587568,0.9530239985906519,82.48730999912368,0.30207499366952106
2603,82.18605000001844,1.0044309965451248,78.60147599421907,0.3265939958509989
2604,85.08912000252167,1.031763997161761,82.94396100245649,0.2952979994006455
2605,82.35873599915067,0.9741160029079765,80.28915100294398,0.298482998914551
2606,85.02419399883365,1.0248940016026609,81.23050799622433,0.30015000083949417
2607,84.14905999961775,1.1780429995269515,80.35218800068833,0.29748300585197285
2608,81.9734190008603,1.7290640025748871,79.09031199960737,0.28479799948399886
2609,83.65168699674541,0.9967090009013191,81.56739799596835,0.2967609980260022
2610,83.36799999960931,0.984931000857614,79.70599999680417,0.2920200058724731
2611,92.04561900696717,1.0244869990856387,89.91642299952218,0.2976120013045147
2612,87.24805699603166,1.0243380020256154,85.11649000138277,0.2936489981948398
2613,93.21866199752549,1.665694006078411,90.47318499506218,0.29185300081735477
2614,83.634594004252,1.0347639981773682,81.46515699627344,0.2953529983642511
2615,81.65067600202747,1.006133999908343,79.5450739969965,0.3006689948961139
2616,85.20469499489991,1.0436899974592961,83.01740500610322,0.2917240053648129
2617,81.74832499935292,0.9491159944445826,79.72342599532567,0.2955759991891682
2618,87.84900400496554,1.022578995616641,85.70180900278501,0.2915939985541627
2619,83.94952199887484,1.0561170056462288,81.7828989966074,0.29977899976074696
2620,84.583190997364,1.324358003330417,81.95701099612052,0.46455800475087017
2621,86.38827499817125,1.928879995830357,82.57619999494636,0.29389100382104516
2622,88.19863600365352,0.9960050010704435,86.04782900511054,0.3730749958776869
2623,91.75439499813365,1.1780990025727078,88.0738760024542,0.2873170014936477
2624,82.66525500221178,0.9954679990187287,79.27458999620285,0.29857500339858234
2625,89.74121799838031,1.9794550025835633,86.6498129980755,0.2937600002042018
2626,84.52859800308943,2.248603996122256,81.15171100507723,0.29057599749648944
2627,93.09025299444329,1.0884689982049167,90.50753600604367,0.2854089980246499
2628,85.16006500576623,1.7144540033768862,82.30455000011716,0.3031129963346757
2629,83.53961099783191,1.2480069999583066,81.20102500106441,0.2991310029756278
2630,86.10797699657269,0.9367090024170466,82.49451399751706,0.29551999614341184
2631,81.54749100503977,1.019171999359969,79.38175699382555,0.3095010033575818
2632,86.58153400028823,1.3445439981296659,84.14055899629602,0.29724200430791825
2633,83.3593520001159,2.5109939961112104,79.7427970028366,0.29481700039468706
2634,81.21152599778725,1.8570829997770488,78.1838990005781,0.29644599999301136
2635,87.81637399806641,1.0520610012463294,85.66071499808459,0.2952229988295585
2636,84.0961520007113,0.9736720021464862,80.95652400515974,0.3000579963554628
2637,91.99450600135606,0.976467999862507,89.95182899525389,0.2831859965226613
2638,81.68117600143887,1.0690240014810115,79.43333200091729,0.3628910053521395
2639,90.49366600083886,0.9772089979378507,87.32353799859993,0.2961310019600205
2640,88.08735699858516,1.0302459995727986,85.34684299957007,0.29190900386311114
2641,85.49523200053954,1.760305000061635,82.44805100548547,0.4497990012168884
2642,89.80280999821844,1.7457309950259514,86.89288800087525,0.2929270049207844
2643,82.06986400182359,1.2648210031329654,79.64368400280364,0.33268699917243794
2644,87.99156000168296,1.7240460001630709,85.12271200015675,0.33076099498430267
2645,83.23799899517326,1.5653779992135242,79.60133199958364,0.29155700030969456
2646,81.10715400107438,1.1973389991908334,78.71149400307331,0.2916489975177683
2647,85.65649299998768,1.015042005747091,83.50344499922357,0.2953169969259761
2648,85.8764560034615,2.183584998419974,82.42279099795269,0.3311319960630499
2649,94.80176199576817,1.0915239981841296,92.65038000012282,0.2859450032701716
2650,82.91842300241115,1.0420420003356412,80.1381310011493,0.2968159969896078
2651,86.62247799657052,0.9370050029247068,83.16327600186924,0.34031599352601916
2652,85.69240000360878,1.6868050006451085,82.43299499736167,0.29601999995065853
2653,89.376085998083,0.9568749956088141,87.2841669988702,0.33535400143591687
2654,89.06897300039418,2.267252995807212,85.44199099560501,0.30309399880934507
2655,81.99202900141245,1.5464709940715693,79.31560900033219,0.32524299604119733
2656,89.91638499719556,2.092936003464274,85.59980700374581,0.2969459965243004
2657,81.7951200006064,2.005139998800587,78.66334600112168,0.34892700205091387
2658,94.82970600220142,0.9640229982323945,91.51128200028324,0.2925389999290928
2659,81.88145500025712,1.5710630032117479,79.21625600283733,0.28755699895555153
2660,87.93681799579645,1.0312270023860037,85.81643800425809,0.3107230004388839
2661,83.57379700464662,1.8345830030739307,79.82042599905981,0.2884089990402572
2662,81.98841699777404,1.7992130015045404,79.02231100160861,0.29572299536084756
2663,84.6956359964679,1.754545999574475,81.83656600158429,0.30164900090312585
2664,83.14185000199359,2.2714930018992163,79.64755399734713,0.3075010026805103
2665,88.41743200173369,1.20769099885365,86.05545700265793,0.3033719985978678
2666,86.05190100206528,0.9197460021823645,82.12425199599238,0.29644599999301136
2667,86.76101699529681,1.012450004054699,84.60172700142721,0.31927999953040853
2668,85.31632300582714,1.6161750027094968,82.20593699661549,0.29342700145207345
2669,82.34940199326957,1.7521749978186563,79.50238599732984,0.289908995910082
2670,94.38759200565983,0.9430420032003894,92.3573230029433,0.3080379974562675
2671,82.5287159968866,1.0486169994692318,80.36096500291023,0.29033500322839245
2672,89.61691999866161,0.9405609962414019,86.5729779980029,0.2976870018756017
2673,82.2828450036468,1.024838005832862,80.14500100398436,0.2989450003951788
2674,83.52372200170066,0.928004999877885,81.47819300211268,0.330205999489408
2675,85.3603049981757,1.1533759970916435,81.42445200064685,0.29146399901947007
2676,82.67797599546611,0.9900229997583665,79.96225899842102,0.29677999555133283
2677,87.22596300503938,1.459452003473416,84.63652399950661,0.29153899959055707
2678,83.26536900131032,2.2936780005693436,79.78212900343351,0.3450390067882836
2679,85.29769399319775,1.9487500030663796,82.02912200067658,0.4619659957825206
2680,84.10007600468816,1.6780829973868094,80.80037499894388,0.2957980032078922
2681,82.62769899738487,1.0242650023428723,80.37363100447692,0.4067250047228299
2682,92.21835800417466,1.3039879995631054,87.47872299863957,0.30639000033261254
2683,98.86752199963666,1.0044869995908812,96.7011780012399,0.2951870046672411
2684,91.9355789956171,2.300141000887379,88.41743099765154,0.3685019983095117
2685,81.17278400459327,1.118320993555244,78.89140200131806,0.3088349985773675
2686,87.1429429971613,1.4357480031321757,84.47102300124243,0.3960940011893399
2687,81.89051000226755,1.2158030003774911,79.06130999617744,0.3196870020474307
2688,94.35451700119302,1.2799879987142049,91.9756170042092,0.2870199969038367
2689,84.3273179998505,1.0713020019466057,82.04951100196922,0.31459399906452745
2690,82.09626999450848,0.9755790015333332,80.03888899838785,0.29433499730657786
2691,85.55599100509426,1.382581001962535,83.06142299989006,0.2970389978145249
2692,82.32595599838533,1.0675049998098984,80.09992600273108,0.2914830038207583
2693,82.7970140016987,1.0447829990880564,80.63342900277348,0.29101999825797975
2694,83.5600739956135,1.8615649969433434,80.59433600283228,0.3110940015176311
2695,83.69598100398434,0.9572650014888495,80.74841100460617,0.3278540025348775
2696,91.08848199684871,1.2098759980290197,88.78330399602419,0.28942700009793043
2697,85.50611999817193,1.2800059994333424,83.0764780039317,0.3003349993377924
2698,93.79238499968778,0.9606160019757226,91.69281800132012,0.31666900031268597
2699,83.77044400549494,1.7719169991323724,80.23650100221857,0.3524470012052916
2700,90.84864799660863,1.1392279993742704,88.51974600111134,0.2913900025305338
2701,82.63838299899362,1.2276179986656643,80.29424199776258,0.2997419942403212
2702,86.89222000248265,0.97063399880426,84.71517099678749,0.374130999261979
2703,83.03719999821624,1.1017650031135418,80.81013400078518,0.29277899739099666
2704,82.14704800047912,1.0695979945012368,79.94851799594471,0.29487199935829267
2705,86.97681299963733,1.0899500048253685,84.74120900064008,0.29911199817433953
2706,81.76750800339505,1.0150790039915591,79.64110900502419,0.29355700098676607
2707,92.5755999996909,1.0200429969700053,90.4123670043191,0.3064090051339008
2708,82.56749399879482,0.925337997614406,79.54742300353246,0.28979800117667764
2709,83.17992299998878,1.3287110050441697,80.71448400005465,0.34913099807454273
2710,88.4158760018181,1.9492870051180944,85.29611899575684,0.29272399842739105
2711,82.62304899835726,1.0523570017539896,80.37403799971798,0.299316001473926
2712,88.34693099925062,1.102524001908023,86.13475299353013,0.2825379997375421
2713,84.32720600103494,1.0675049998098984,82.12567600276088,0.2994090027641505
2714,84.97109900054056,1.2679689971264452,82.59797500068089,0.29581600392702967
2715,82.23288099543424,1.9843059999402612,79.05416099674767,0.29133399948477745
2716,82.38382600393379,1.0968580027110875,80.13518500229111,0.32701999589335173
2717,85.68508399912389,1.0575239939498715,83.51322000089567,0.29372300195973366
2718,83.74181399994995,1.1637469942797907,81.479822001711,0.29539000388467684
2719,87.00259099714458,2.004750997002702,83.6865180026507,0.4010390039184131
2720,81.27576400147518,1.0974309989251196,78.50812099786708,0.3587239989428781
2721,88.84847000445006,1.066115997673478,86.63149500353029,0.3285749990027398
2722,82.48727099999087,1.013487002637703,80.38453799963463,0.2961310019600205
2723,81.79006399586797,1.6664150025462732,79.03143799921963,0.2882050030166283
2724,93.45075300370809,1.042431998939719,91.28518700163113,0.2991680012200959
2725,80.99589299672516,1.0113009993801825,78.88532699871575,0.2903159984271042
2726,86.75719999882858,2.5559019995853305,83.05042199935997,0.3286319988546893
2727,87.4820000026375,1.619192997168284,84.74254199973075,0.2966499960166402
2728,84.51928100112127,1.003393997962121,82.36186300200643,0.336037999659311
2729,83.15181099897018,1.1388390048523434,80.91965199855622,0.2873539997381158
2730,86.2601420012652,1.9752500011236407,83.16803300112952,0.3002059966092929
2731,88.10979899863014,1.0386349968030117,85.97247400030028,0.29307600198080763
2732,81.58252599969273,0.9980980030377395,79.48714400117751,0.2903909989981912
2733,90.78214599867351,1.034467997669708,88.52585699787596,0.3534089992172085
2734,82.7140870023868,1.716119993943721,79.20642100361874,0.29735399584751576
2735,89.8148259948357,1.15948700113222,87.23710999765899,0.31674199999542907
2736,82.12680600263411,1.4022469986230135,79.59797800140223,0.2977050025947392
2737,81.88580500427634,1.00539400591515,79.78586799436016,0.2997419942403212
2738,93.79814299609279,0.9754310012795031,91.72459600085858,0.3096679938607849
2739,83.5141650022706,2.139732998330146,80.19840700580971,0.29366800299612805
2740,89.56258399848593,1.175320998299867,85.96090000355616,0.3796500022872351
2741,94.86374099651584,1.50978600140661,92.28002400050173,0.29709400405408815
2742,88.82709900353802,1.5443790034623817,86.0845290008001,0.31018700246931985
2743,83.30820000264794,1.703064001048915,80.48672400036594,0.3037979986402206
2744,81.32156099600252,1.4690999960293993,78.7150109972572,0.3113900020252913
2745,102.9673000011826,1.160061998234596,99.36857899447205,0.2935009979410097
2746,84.52991100057261,0.919412006624043,79.77849799499381,0.2935009979410097
2747,91.24235199851682,0.9234859971911646,87.26892399863573,0.3020939984708093
2748,82.62634499988053,1.0000790061894804,80.5373349940055,0.29103799897711724
2749,89.78399300394813,1.0273389998474158,87.49322200310417,0.40203900425694883
2750,81.47982099762885,1.0333570025977679,79.11978999618441,0.3002049998030998
2751,86.26649300276767,0.9694680047687143,84.22855700337095,0.29433499730657786
2752,85.56767499976559,1.8603799981065094,82.53177000005962,0.3025570040335879
2753,83.52375699905679,1.0193380003329366,81.41021000483306,0.29259399889269844
2754,87.43227599916281,1.0114679971593432,85.318395998911,0.2882980043068528
2755,90.60551499715075,0.9506900023552589,88.32272599829594,0.4884649970335886
2756,87.89801999955671,1.2973220000276342,84.96894899872132,0.2946310050901957
2757,82.47786300489679,1.045172000885941,80.29101799911587,0.2861499960999936
2758,86.0762509983033,0.9257269994122908,82.83729099639459,0.32913199538597837
2759,87.43933300138451,0.9339300013380125,85.41948899801355,0.29439100035233423
2760,81.97341599588981,1.0338200008845888,79.81992400164017,0.2938530014944263
2761,85.79619399824878,1.0230420011794195,83.65512800082797,0.2957600008812733
2762,83.64366500609322,1.3896370001020841,81.17183700233,0.2934830044978298
2763,84.86963399627712,0.9884860046440735,82.76247599860653,0.3237429991713725
2764,84.1385750027257,1.0623759953887202,81.93832200049656,0.3274460032116622
2765,87.77813000051538,1.2020440044580027,85.44843400159152,0.29629799973918125
2766,83.40625599521445,1.056765002431348,81.27489400067134,0.29403899679891765
2767,85.75750900490675,0.9639490017434582,83.6686090042349,0.2878900049836375
2768,88.45863299939083,1.0036910025519319,86.34814099787036,0.2975570023409091
2769,90.00295599980745,0.9364120051031932,86.68414300336735,0.5158540006959811
2770,91.92187399457907,1.641638002183754,88.68635700491723,0.2917419988079928
2771,81.59893200354418,0.947800996073056,79.55121800478082,0.2903529966715723
2772,84.49246500094887,1.013635002891533,82.35789900209056,0.2945570013253018
2773,83.22477399633499,1.0131339950021356,81.09926299948711,0.29872299637645483
2774,82.50752900494263,1.252987996849697,80.14994300174294,0.28994600143050775
2775,89.35254500102019,1.8049350037472323,86.2254000021494,0.3075580025324598
2776,84.0704999936861,1.031652995152399,81.93110000138404,0.29379799525486305
2777,88.0490940035088,1.0696350000216626,85.73430399701465,0.4052620060974732
2778,82.67280799918808,0.9293379989685491,79.37997599947266,0.2996680050273426
2779,85.93615800054977,0.9501149979769252,83.87055500497809,0.29459399956976995
2780,83.17912500206148,1.9766019977396354,80.08555400010664,0.29751999682048336
2781,84.22870399954263,1.0528950006118976,82.06648999475874,0.30290900031104684
2782,89.0603590014507,1.2683390013989992,86.72169799683616,0.29713100229855627
2783,82.44930599903455,0.9260419974452816,80.39490700321039,0.36520499998005107
2784,95.51044699765043,1.1375059984857216,91.77864999946905,0.2918350000982173
2785,81.99217500077793,1.0432090057292953,79.85938599449582,0.29615000676130876
2786,84.25696299673291,1.0612459955154918,81.9109519943595,0.45976199908182025
2787,84.8602820042288,1.0091719959746115,82.7565669969772,0.29077899671392515
2788,84.05120299721602,1.5929709988995455,81.34493100078544,0.3020389995072037
2789,87.73457400093321,1.6458790050819516,84.3246119984542,0.2890010000555776
2790,82.32308299920987,0.9610790002625436,79.42317999550141,0.29474199982360005
2791,91.79759499966167,0.9512269971310161,89.6210089995293,0.40289099706569687
2792,82.44625000224914,1.0275609965901822,79.96471899969038,0.29544499557232484
2793,86.73484699829714,1.0357829960412346,84.19988900277531,0.42231700354022905
2794,82.5621219992172,0.971782996202819,80.51829600299243,0.3054650005651638
2795,87.75190699816449,0.9440790017833933,85.69317500223406,0.30081599834375083
2796,87.0122180058388,0.9863570012385026,84.92954100074712,0.2930569971795194
2797,83.28279199486133,1.7258430016227067,80.42401800048538,0.289057003101334
2798,92.78509900468634,0.9811159980017692,90.74571800010744,0.29390899726422504
2799,81.78102500096429,0.9327820007456467,79.72831100050826,0.30692699510836974
2800,83.35545899899444,0.9915979971992783,81.18315100000473,0.353390998498071
2801,85.18289399944479,1.8616759989527054,82.1453600001405,0.2958350014523603
2802,81.58413499768358,1.0217649978585541,79.45673500216799,0.2897609956562519
2803,87.77485100290505,0.9297090000472963,85.71261799806962,0.2910010007326491
2804,82.06632299697958,1.9483810028759763,79.01317800133256,0.2892789998441003
2805,88.09470500273164,0.9984130010707304,85.99913900252432,0.2886680013034493
2806,102.05203499936033,0.9042270030477084,98.58603600150673,0.2932419956778176
2807,92.04113199666608,2.1863079964532517,88.68330100085586,0.2913910066126846
2808,85.6439519993728,1.7055459975381382,82.76788199873408,0.2991500005009584
2809,85.86404500238132,1.0084489986184053,83.74168300360907,0.2846490024239756
2810,88.54568900278537,0.8781149954302236,85.05191199947149,0.2938719990197569
2811,85.26620899647241,1.135580001573544,82.9344379963004,0.2930389964603819
2812,91.38199900189647,0.9953379994840361,89.1865619996679,0.32579800608800724
2813,83.24851300130831,1.7353979928884655,80.41860999946948,0.2864829948521219
2814,90.78662599495146,0.9408189944224432,88.69852300267667,0.32831700082169846
2815,84.22818500548601,1.7007120040943846,80.83687200269196,0.3013719979207963
2816,81.53332000074442,0.9499499938101508,78.239766000479,0.2809650031849742
2817,87.04845899774227,2.1959560035611503,83.65808899543481,0.3039639996131882
2818,81.59376399999019,0.9257269994122908,79.55075399513589,0.30820599931757897
2819,86.17576899996493,0.9402089999639429,82.65073299844516,0.2975020033773035
2820,82.34273100242717,1.0132090028491803,80.25673899828689,0.2964270024676807
2821,82.89477099606302,1.702545996522531,80.05555300042033,0.3273350012023002
2822,85.91871200042078,1.6248969986918382,82.43502699770033,0.2951499991468154
2823,84.88702199974796,0.9915049959090538,82.80077000381425,0.3031310043297708
2824,86.44104700215394,1.123264999478124,84.12083300208906,0.3051309977308847
2825,84.06225899670972,1.0320430010324344,81.930709995504,0.2947240063804202
2826,92.76426499855006,1.8517130010877736,89.66943500126945,0.3765760047826916
2827,83.19988300354453,0.9347830055048689,79.65206899825716,0.29665000329259783
2828,81.70308000262594,1.0310610014130361,79.55012399906991,0.2945570013253018
2829,84.84944699739572,1.5356559961219318,82.27280499704648,0.2839090011548251
2830,80.59723999758717,0.9717649954836816,78.36804399994435,0.3991690027760342
2831,87.64807300030952,0.9623010046198033,85.56948800105602,0.29831600113539025
2832,81.69731999805663,1.0208009989582933,79.56904999446124,0.28729799669235945
2833,81.76741300121648,0.9333940033684485,79.78880999871762,0.30872399656800553
2834,92.40355899964925,1.1535059966263361,90.05128799617523,0.2881680047721602
2835,85.1779120057472,1.0009679972426966,83.06971500132931,0.29922399698989466
2836,148.2750449940795,1.0333389946026728,146.13701600319473,0.29435299802571535
2837,96.94524900260149,1.0780610027723014,93.60845499759307,0.28883499908261
2838,84.81991000007838,0.9775790022104047,82.71950999915134,0.311057003273163
2839,81.95743199757999,1.04456100234529,79.81023599859327,0.2812980019371025
2840,88.32709499984048,1.8663609953364357,85.39274600479985,0.2907980015152134
2841,81.62991200515535,0.9682640011305921,79.54280900594313,0.30066799808992073
2842,86.28052799758734,1.0127819987246767,84.17881400237093,0.2828350043273531
2843,83.32569900085218,1.009448998956941,81.24061400303617,0.2765750032267533
2844,84.77957599825459,1.0050420023617335,82.71008399606217,0.2968159969896078
2845,83.6307920035324,1.1512459968798794,81.34481800516369,0.3206129986210726
2846,83.42738400097005,2.0627329940907657,80.0732749994495,0.3017049966729246
2847,87.00669899553759,2.1919189966865815,83.67264400294516,0.30129800143186003
2848,82.35021200380288,1.031523999699857,80.17745999677572,0.2988909982377663
2849,85.57113499409752,1.0118010031874292,83.44995800143806,0.3009829961229116
2850,81.85585799947148,0.9399490008945577,79.77708800171968,0.2950570051325485
2851,81.51237400306854,1.0149869995075278,79.21208500192733,0.4738909992738627
2852,89.39521000138484,2.321307998499833,85.08141100173816,0.3337239977554418
2853,82.15054500033148,1.0028760007116944,80.05703399976483,0.2921499981312081
2854,90.84160599741153,0.958281998464372,87.49977499974193,0.29866800468880683
2855,83.05330800067168,0.9863939994829707,80.91101900208741,0.3275950002716854
2856,88.3726129977731,1.017042995954398,85.93984099570662,0.5695770014426671
2857,86.03015600237995,0.9575980002409779,81.98732099845074,0.2897419981309213
2858,89.84300900192466,2.1653439980582334,86.60447399597615,0.30648300162283704
2859,84.45564800058492,0.9811540003283881,82.35576700099045,0.29650099895661697
2860,82.20928499940783,1.6176189965335652,79.49004900001455,0.2842979956767522
2861,86.22539800126106,1.7083979982999153,83.41712399851531,0.2947980028693564
2862,83.3189759941888,0.9965229983208701,79.23167700209888,0.2925750013673678
2863,85.99350700387731,1.0290240024914965,82.19980399735505,0.29685299523407593
2864,83.63529299822403,2.6297169970348477,79.86155099933967,0.29826100217178464
2865,81.21040900005028,1.642062998143956,78.15885700256331,0.2945570013253018
2866,106.42711100081215,0.9385980010847561,104.39387900260044,0.2982239966513589
2867,82.77399199869251,0.9753199992701411,80.67375900282059,0.30851999326841906
2868,92.40689100261079,1.0094859972014092,90.28271499846596,0.2914460055762902
2869,84.40442600112874,1.0160419988096692,82.27219300169963,0.289854004222434
2870,90.70712399989134,0.9754679995239712,88.54118700401159,0.3415570026845671
2871,85.00605799781624,1.7928609959199093,82.10380299715325,0.3014269968844019
2872,88.05275899794651,1.5266550035448745,85.43026400002418,0.2949269983218983
2873,83.99251600349089,1.0096719997818582,81.87189399905037,0.2937419994850643
2874,81.36059499520343,0.974227994447574,79.31404800183373,0.300278996292036
2875,86.70080700539984,1.043005999235902,84.53109300171491,0.2985199971590191
2876,81.4847439978621,1.0438940007588826,79.31888200255344,0.29481700039468706
2877,86.04737900168402,1.0418019955977798,83.90162700379733,0.28455699793994427
2878,82.42384099867195,0.9773940037121065,80.37329399667215,0.2925389999290928
2879,85.49602299899561,1.0021900015999563,83.35369799897308,0.3050939994864166
2880,84.15338700433495,1.0395610006526113,81.97530100005679,0.3302789991721511
2881,85.61937599733938,1.680194000073243,82.70725000329548,0.30646500090369955
2882,92.49674400052754,1.7465650016674772,89.66634100215742,0.29146399901947007
2883,85.58002399513498,1.743175002047792,82.70076800545212,0.2972790025523864
2884,86.24250800494337,1.0111160008818842,84.12203500483884,0.3149089970975183
2885,82.21626599697629,1.9526210016920231,79.15819500340149,0.290130999928806
2886,84.83229800185654,0.9305790008511394,82.81175000593066,0.30372399487532675
2887,81.44629900198197,2.0684549963334575,78.21559799776878,0.2895379948313348
2888,84.00107099441811,1.0312269951100461,81.80122699559433,0.29268599610077217
2889,84.01347900507972,1.0665790032362565,81.80070800153771,0.28800099971704185
2890,81.94946900039213,2.0557140014716424,78.76667399978032,0.2925750013673678
2891,87.24579100089613,1.070987003913615,83.35901200189255,0.5379659996833652
2892,84.76411199808354,1.6629340025247075,81.33366899710381,0.4236309978296049
2893,83.18684400001075,1.0678569960873574,80.84038800006965,0.34505700023146346
2894,86.59115900081815,2.101380996464286,83.29373400192708,0.2860019958461635
2895,82.10107999911997,1.5420259951497428,79.42758499848424,0.3008540006703697
2896,84.92716799810296,1.3598219957202673,82.40661899617407,0.2924270011135377
2897,86.32267500070157,1.4015070046298206,83.83897699968657,0.30305700056487694
2898,87.93931300169788,0.9755049977684394,85.87448800244601,0.3060020026168786
2899,82.4154889996862,1.0168389999307692,80.30723800038686,0.29583399737020954
2900,80.84055600193096,1.1291910050204024,78.59982099762419,0.2927050009020604
2901,86.22691499476787,0.9195789971272461,83.18523400521372,0.2983349986607209
2902,81.16702000552323,0.957096999627538,79.09676899726037,0.2990749999298714
2903,92.37976099393563,1.0906160023296252,90.00937900418648,0.44296499982010573
2904,83.81607000046642,1.096987005439587,81.48679899750277,0.29857500339858234
2905,86.43167600530433,0.9844489977695048,83.98197800124763,0.3057790017919615
2906,86.01370999531355,0.946615997236222,82.22522799769649,0.3012610031873919
2907,82.45226700091735,0.9351900007459335,79.17063900094945,0.29150199407013133
2908,86.56760200392455,1.0542460004216991,84.41920300538186,0.2915939985541627
2909,83.2298629975412,1.050097998813726,81.10964800289366,0.2956309981527738
2910,91.41686799557647,0.950838002609089,89.2067640015739,0.4147240033489652
2911,86.3954350061249,1.081321002857294,83.99532999465009,0.2912600029958412
2912,87.65388499887194,1.1074680005549453,85.4244669972104,0.2970200002891943
2913,87.79951599717606,1.1887279979418963,85.45961499476107,0.29724199703196064
2914,82.24317300482653,1.6318419948220253,79.05219399981434,0.2860200038412586
2915,86.93041799415369,1.7205090043717064,84.07533099671127,0.3037049973499961
2916,82.74234200507635,1.109171993448399,80.428164001205,0.3862059966195375
2917,85.89245099574327,1.0855799991986714,83.58088300155941,0.38752099499106407
2918,82.41680300125154,1.0031899946625344,79.7711609993712,0.2922979983850382
2919,84.65498100122204,1.023523996991571,82.52319299936062,0.2952980066766031
2920,82.0924500003457,1.0716539982240647,79.83940099802567,0.3367060053278692
2921,84.06851600011578,1.0761169978650287,81.86491200467572,0.319595004839357
2922,88.80024300015066,0.9117640001932159,85.12042799702613,0.2974640010506846
2923,83.49769699998433,1.0521349977352656,81.28411199868424,0.291039003059268
2924,90.93019799911417,1.0607090007397346,88.73711300111609,0.29796500166412443
2925,83.82482900196919,1.817454001866281,80.71955399645958,0.30077999690547585
2926,87.13593799620867,1.016913003695663,84.95853800559416,0.2998899944941513
2927,87.33677199779777,0.9685229961178266,83.91145900532138,0.3031680025742389
2928,91.97250000579515,1.5189149999059737,89.31665199634153,0.2878900049836375
2929,85.46576200023992,1.4926189978723414,82.72760099498555,0.297298000077717
2930,80.86455499869771,1.018709001073148,78.73819199448917,0.3311680047772825
2931,87.36627199687064,0.9482269961154088,83.90419899660628,0.3960210015065968
2932,81.59991000138689,1.2483770042308606,79.07565699861152,0.29476000054273754
2933,87.10895699914545,0.9363010030938312,83.99816299788654,0.33629799872869626
2934,82.63293399795657,0.9571529953973368,80.59925699490122,0.2970200002891943
2935,80.79416500549996,1.0423380008433014,78.61274699826026,0.30463100119959563
2936,83.89295899542049,1.7297119993600063,81.05735199933406,0.29507599538192153
2937,86.5642310018302,1.0736719996202737,84.37855399824912,0.29129799804650247
2938,93.93649000412552,1.9794170002569444,90.8117709986982,0.3396499960217625
2939,86.7592139984481,1.733842000248842,83.20714000001317,0.28652000037254766
2940,93.92467499856139,3.8939269943512045,88.85850200022105,0.2914459983003326
2941,82.48885899956804,1.008004997856915,79.2186379985651,0.2887980008381419
2942,82.72428600321291,1.4802860023337416,79.72058599989396,0.2968159969896078
2943,84.65466599591309,1.0060799977509305,82.53146999777528,0.29376100428635255
2944,81.37233400339028,1.38502600020729,78.84567399742082,0.2949089976027608
2945,84.36172000074293,0.9410050042788498,81.12855500075966,0.33998300204984844
2946,81.53031699475832,0.9628749976400286,79.45595400087768,0.3166499955113977
2947,84.10695999918971,1.407100004144013,81.52270600112388,0.3585579979699105
2948,84.38764600577997,1.1474319981061853,81.66772499680519,0.2887980008381419
2949,82.79558199865278,0.9254859978682362,79.72999299818184,0.296113001240883
2950,85.45916999719338,1.0182080004597083,83.34012200066354,0.299742998322472
2951,83.91358800145099,0.9727829965413548,81.80805900337873,0.30700199567945674
2952,85.7334489992354,1.2523020050139166,83.10384299693396,0.5012619949411601
2953,85.86826400278369,1.044209006067831,82.05472699773964,0.2938170000561513
2954,90.78399300051387,0.9562269988236949,88.55205500003649,0.4597609949996695
2955,85.58252199873095,1.038690003042575,81.99970799614675,0.29370600532274693
2956,81.90644799469737,1.0798939983942546,79.66649199806852,0.3441860026214272
2957,88.55068500270136,0.9161900015897118,85.45048499945551,0.34794599923770875
2958,82.02165299735498,0.9882820013444871,79.91686500463402,0.28839000151492655
2959,85.47944700694643,1.1677649963530712,82.43665400368627,0.3142790010315366
2960,81.46079799917061,1.3634510032716207,78.97530299669597,0.30977999995229766
2961,84.2046260004281,1.7002679960569367,81.34640799835324,0.3079090020037256
2962,87.18027099530445,1.1087460006820038,83.30175199807854,0.29976099904160947
2963,83.80767999915406,0.9499119987594895,80.33360699482728,0.29903899849159643
2964,85.33033500134479,1.02130100276554,83.24164000077872,0.29403900407487527
2965,81.298778000928,1.07469099748414,79.09411899890983,0.2931499984697439
2966,86.73662100045476,0.9800049956538714,84.63148000009824,0.29357500170590356
2967,87.15052899788134,1.0251350031467155,85.0581670019892,0.2950019988929853
2968,82.68959999986691,1.045634999172762,80.42064399342053,0.38220600254135206
2969,90.89199300069595,1.070338999852538,88.68709299713373,0.296278994937893
2970,82.1811530040577,1.9469180042506196,79.09537800151156,0.3483160035102628
2971,84.92470399505692,1.0400239989394322,82.68382200185442,0.40124299994204193
2972,84.14305200130912,1.9829730008495972,80.62068300205283,0.2919649996329099
2973,81.83709600416478,1.2272840031073429,79.407249999349,0.3654280008049682
2974,89.3761139959679,1.1347840045345947,86.97923200088553,0.28770499920938164
2975,84.89820400427561,0.9848389963735826,81.5958530001808,0.29822299984516576
2976,85.20525999483652,1.1530979973031208,82.93169399985345,0.2885389985749498
2977,85.3045390031184,1.0545420009293593,83.11717600008706,0.29990899929543957
2978,92.96026200172491,0.9057639981620014,90.98073399945861,0.29414999880827963
2979,83.70047599601094,1.0319120046915486,81.56916799634928,0.2876680009649135
2980,84.32805199845461,1.064857999153901,82.13992999662878,0.2938539983006194
2981,90.86749300331576,0.9724129995447583,87.8043289994821,0.2991310029756278
2982,81.15081399591872,1.7292859993176535,78.33018899691524,0.2887980008381419
2983,92.36768499977188,1.0160980018554255,90.24352699634619,0.2931120034190826
2984,82.4901360028889,1.1185059993295,80.2510319990688,0.29878000350436196
2985,81.41335200343747,1.0729499990702607,79.22487800533418,0.30975999834481627
2986,90.61032499448629,1.1550249982974492,88.2328680017963,0.30309399880934507
2987,82.03396600583801,1.047430996550247,79.8951050019241,0.2870009993785061
2988,88.8793159974739,1.1344689992256463,86.62660100526409,0.2872420009225607
2989,97.18545000214363,1.7271760007133707,94.30717599752825,0.3023529934580438
2990,89.30887299356982,1.2911730009363964,86.87776899751043,0.3362790012033656
2991,82.61608100292506,1.7455460038036108,79.21021200309042,0.2887980008381419
2992,83.70899299916346,1.1468209995655343,81.08466599514941,0.29653899400727823
2993,83.08800899976632,1.1530240008141845,79.70536199718481,0.29500100208679214
2994,85.24685299926205,1.2134689968661405,82.79876700544264,0.31298300018534064
2995,86.57269300601911,1.0920060012722388,84.37075600522803,0.29205700411694124
2996,82.99560099840164,1.1738390021491796,80.67434799886541,0.2989650020026602
2997,91.44416199706029,0.8422629980486818,89.5645409982535,0.30329800210893154
2998,83.93960499961395,0.8493010027450509,82.06435500324005,0.29076099599478766
2999,81.70874300412834,0.8400600054301322,79.85404799546814,0.2900569961639121
3000,86.07541200035485,0.9270599985029548,83.68836299632676,0.3028720020665787
