frame_index,wall_ms,preprocess_ms,inference_ms,postprocess_ms
11,63.66146700020181,1.1762829963117838,59.94954299967503,1.7117860043072142
12,33.963345995289274,1.6639339955872856,28.77504299976863,2.1255649990052916
13,29.11047100496944,1.779860001988709,23.99363199947402,2.1742140015703626
14,27.404166998167057,1.9743060038308613,23.072997995768674,1.0355049962527119
15,36.05139200226404,1.140876003773883,33.01595299853943,1.0486530009075068
16,50.65972099691862,2.6579750046948902,45.89249499986181,1.0700240018195473
17,24.68667300126981,2.817420994688291,18.191992996435147,2.1618989994749427
18,20.2642059957725,1.1770979981520213,17.21180399908917,1.0190419998252764
19,20.526116000837646,1.1453759943833575,17.437638001865707,1.0655980004230514
20,31.33840700320434,1.8111760000465438,26.6891079954803,1.9326940018800087
21,30.20419899985427,1.814064002246596,26.599181997880805,1.0011160047724843
22,19.724056000995915,1.663379000092391,16.223002996412106,1.0307829943485558
23,18.92307099478785,1.1540060004335828,15.885870998317841,1.1002829996868968
24,21.628084003168624,1.4843770040897653,17.4355640046997,1.8003980003413744
25,40.67356199811911,3.1044400020618923,35.68224299669964,1.0233939974568784
26,20.6272639989038,1.2582100025610998,17.549768002936617,0.9999870017054491
27,19.193832005839795,1.8535829949541949,15.231867997499648,1.2220060016261414
28,22.050029998354148,1.8413229990983382,17.936898999323603,1.4706549991387874
29,27.9146690008929,1.804305000405293,24.0104659969802,1.3010990005568601
30,22.15653099847259,1.448932001949288,18.07386300060898,1.8001749995164573
31,21.9305290011107,1.8895460016210563,16.854708999744616,2.1276019979268312
32,21.27684199513169,1.8507310014683753,16.76637500349898,1.8619719994603656
33,31.63203800068004,2.0793989970115945,27.190183995116968,1.4698400045745075
34,23.154795002483297,1.1640419979812577,19.472258994937874,1.689878001343459
35,20.300262003729586,1.2041359950671904,17.071526002837345,1.078802000847645
36,19.076404998486396,1.2227280021761544,15.9755380009301,1.0475239978404716
37,39.81652199581731,0.9870229987427592,35.19650000089314,1.343913005257491
38,18.93144100176869,1.3680070042028092,15.68816699727904,1.0152269969694316
39,29.61595499800751,1.30343199998606,26.408309997350443,1.0702459985623136
40,20.408004005730618,1.719322994176764,15.470073005417362,2.372899994952604
41,38.93557300034445,1.1882830003742129,34.08393900463125,1.0112269956152886
42,21.322933993360493,2.147713996237144,17.32387800439028,1.0267079996992834
43,21.543009002925828,1.3078030024189502,17.68619399808813,1.7545830050949007
44,30.32101399730891,1.887120000901632,26.58053299819585,1.0732269947766326
45,20.356152002932504,1.1309500041534193,17.33700800104998,1.1083010031143203
46,18.955275001644623,1.227709995873738,15.84594500309322,1.0615969949867576
47,19.0164410014404,1.1854309996124357,16.028074998757802,1.0034490042016841
48,19.295350997708738,1.1863759937114082,16.223113998421468,1.0349489966756664
49,74.37562899576733,1.1439310037530959,71.20204000239028,1.242839003680274
50,19.68624100118177,1.0439859979669563,15.367018000688404,1.2916349951410666
51,19.272609999461565,1.3913399961893447,16.142594002303667,1.0084129971801303
52,22.714385006111115,1.8304909972357564,18.57664300041506,1.4255630012485199
53,22.318012997857295,1.8050819999189116,17.708250001305714,2.00163899717154
54,20.514022995484993,1.4301179980975576,17.044042993802577,1.222671999130398
55,19.08040499984054,1.265562001208309,15.9546680006315,1.0675790035747923
56,42.42823700042209,1.8119899978046305,37.64801200304646,2.127528001437895
57,28.59487600653665,1.8931390004581772,24.534153002605308,1.0394860000815243
58,20.082001996343024,0.9810049959924072,16.026445999159478,1.0235979934805073
59,19.024979003006592,1.4529879990732297,15.58409200515598,1.1783759982790798
60,19.296998994832393,1.4197850032360293,15.912982002191711,1.1286540029686876
61,20.058539004821796,1.0152460017707199,15.752204002637882,1.0438929966767319
62,19.472961997962557,1.056930996128358,16.620709000562783,1.012838001770433
63,107.27632199996151,1.0235049994662404,103.21846900478704,1.0942829976556823
64,25.867604002996814,1.2997099984204397,22.691163001582026,1.0180419994867407
65,19.76438899873756,1.0734120005508885,15.93731600587489,1.0236159941996448
66,22.522661995026283,1.1966349993599579,18.81649600545643,1.6634710045764223
67,21.53313900635112,1.362301998597104,18.069769997964613,1.0055600068881176
68,19.311739997647237,1.2102090040571056,16.252743000222836,1.015059999190271
69,20.21053899807157,2.5347159971715882,15.858463993936311,1.0134859985555522
70,19.777872003032826,2.3365849992842413,15.626332999090664,1.0001160044339485
71,40.45982100069523,1.590544001373928,36.5535800010548,1.0171160029130988
72,19.35488699382404,1.1851910021505319,16.33991099515697,1.0007079981733114
73,20.726691000163555,0.9805050067370757,15.951019995554816,1.0156710050068796
74,19.520499001373537,1.8486389963072725,15.853944998525549,1.0184490020037629
75,19.64694500202313,1.278413001273293,16.50848599820165,1.0377830039942637
76,87.68385899747955,1.1498759995447472,84.49752899468876,1.2107090005883947
77,34.77479400316952,2.3506969955633394,29.702141000598203,1.6046000018832274
78,20.521688995359,1.1503569985507056,17.47206399886636,1.0697830002754927
79,19.110868001007475,1.1568569971132092,16.13835400348762,1.0288019984727725
80,19.283703004475683,1.8785829961416312,15.362461999757215,1.1905619976460002
81,19.855056001688354,1.114042999688536,16.86071000585798,0.9846159955486655
82,19.466277997707948,1.2420610000845045,16.418929997598752,1.0329500000807457
83,19.35707299708156,1.1504319991217926,16.395039994677063,1.0139669975615107
84,19.484832002490293,1.668062999669928,15.959186996042263,1.0565240008872934
85,19.75238999875728,1.0840420000022277,16.834746005770285,1.0635790022206493
86,25.01302499877056,1.4456739954766817,21.595972000795882,1.1496719962451607
87,37.787179004226346,2.5708639950607903,32.51863500190666,1.8378789973212406
88,23.311220997129567,2.058509999187663,17.462971001805272,1.6423970009782352
89,22.958275003475137,1.80358299985528,18.26275300118141,2.126047002093401
90,21.15609999600565,1.853878995461855,17.501435002486687,1.0115969998878427
91,20.103242997720372,1.6820820019347593,16.56633799575502,1.0292270017089322
92,19.30122100020526,1.3657849995070137,15.46153499657521,1.1920420001843013
93,21.00015500036534,2.1418800024548545,17.11569200415397,0.971653003944084
94,19.73377800459275,1.8689899952732958,16.022706004150677,1.0253200016450137
95,103.10485700028948,2.1240839996607974,99.14807899622247,1.0268569967593066
96,26.652996995835565,1.0045040035038255,22.461846994701773,1.0509309940971434
97,31.643964000977576,2.083547005895525,27.734872004657518,1.035653993312735
98,19.73772299970733,2.112065994879231,15.807889998541214,1.0353560064686462
99,19.51014700171072,1.5184329968178645,16.182316998310853,1.011707994621247
100,57.840921996103134,0.9967639998649247,53.57171599462163,1.1552459982340224
101,20.621818999643438,1.74650799453957,16.481558996019885,1.0243009965051897
102,19.658223005535547,1.8690639990381896,15.806481998879462,1.1715610016835853
103,19.544055001460947,1.4675990023533814,16.24835500115296,1.035449000482913
104,20.464799999899697,1.0595979983918369,16.231223999056965,1.0352089957450517
105,42.52038599952357,1.1147830009576865,38.27664400159847,2.3620860010851175
106,21.374989999458194,1.8442860018694773,16.662615002132952,2.1121390018379316
107,44.35343200020725,1.7667490028543398,39.32413100119447,1.0271159990224987
108,38.48714500054484,1.0079489948111586,34.213254002679605,1.0648940005921759
109,19.502739996823948,1.1063939964515157,16.5068930000416,1.0855240034288727
110,19.352128001628444,1.0077820043079555,16.540374999749474,1.0017270033131354
111,23.399202997097746,1.8806009975378402,19.568554998841137,0.9783369969227351
112,19.339036000019405,1.2081530003342777,16.29589199728798,1.0021339985542
113,19.47740700416034,1.1304869985906407,16.532727000594605,1.0128750000149012
114,19.71887100080494,1.010633997793775,16.87641399621498,1.0255599991069175
115,65.15656699775718,1.060690003214404,62.22644199442584,1.0741530059021898
116,19.07633100199746,1.2852280051447451,15.908297995338216,1.0199120006291196
117,40.24863399536116,1.9976760013378225,35.96018799726153,1.4223779944586568
118,26.24112400371814,1.68458199914312,20.566819002851844,1.724267000099644
119,123.17178499506554,2.3874739999882877,118.95239500154275,1.040561000991147
120,28.994341002544388,1.6275640009553172,23.525074000644963,1.7229529985343106
121,21.153950998268556,1.353838997601997,17.51852699817391,1.0249490005662665
122,21.221230002993252,0.9790779949980788,18.501865000871476,0.9965239951270632
123,50.16190400056075,1.0878200046136044,47.24340899701929,1.059171998349484
124,41.18419400037965,1.5078590004122816,36.25204099807888,2.574031001131516
125,22.46503199421568,2.163973003916908,16.725264002161566,2.2876219954923727
126,20.446911003091373,1.8332309991819784,16.421799999079667,1.42243300069822
127,112.34547499770997,1.1766729949158616,105.35662700567627,4.998524003895
128,69.88281100348104,1.7902309991768561,64.45758200425189,1.4728769965586253
129,20.974339997337665,1.7824719980126247,16.311706000124104,1.7170830033137463
130,20.57485700061079,2.4037330003920943,15.22138700238429,2.1209550031926483
131,20.424763002665713,2.4668629994266666,16.171205999853555,0.9982080009649508
132,19.495257998642046,1.677470005233772,15.965389997290913,1.0715050011640415
133,25.2898600010667,1.0810230014612898,22.360697999829426,1.0640969994710758
134,20.31767000153195,1.0217820017714985,15.822982000827324,1.0090419964399189
135,20.00114999827929,2.1253800005069934,16.04542700079037,1.011856998957228
136,34.2681249967427,1.722212000458967,30.32905100553762,1.4030989987077191
137,25.29095300269546,1.203116997203324,22.286049999820534,1.0283759984304197
138,19.888538001396228,1.0473200018168427,16.864116994838696,1.0145790001843125
139,19.385202998819295,1.6696559978299774,15.895112002908718,1.039912000123877
140,19.470517996523995,1.620137001737021,15.951852998114191,1.08963499951642
141,26.141493006434757,1.0622650006553158,23.141406003560405,1.1459870001999661
142,21.084710999275558,0.9832639989326708,16.599078000581358,1.0185049977735616
143,19.60888900066493,1.7335259981337003,16.058113003964536,1.0203939964412712
144,19.704573998751584,1.730786003463436,16.09920500050066,1.0095780016854405
145,42.32921899529174,1.0990980008500628,39.042128999426495,1.3897109965910204
146,21.55200900597265,0.9955050045391545,17.090433000703342,1.0195049981120974
147,19.4389059979585,1.7339339974569157,15.879760001553223,1.0272819999954663
148,19.341646999237128,1.7033969998010434,15.79542599938577,1.031874999171123
149,26.860979000048246,1.078302004316356,23.952298004587647,1.0613570048008114
150,32.93146999931196,1.9670470064738765,29.124304004653823,1.0367270006099716
151,20.010704996821005,2.153918001567945,16.067650001787115,1.0209120009676553
152,19.47933300107252,1.746841000567656,15.881445004197303,1.0652830023900606
153,32.568765003816225,1.0700610000640154,29.63369499775581,1.0760790028143674
154,54.96764800045639,1.018209004541859,49.45601099461783,1.8851940039894544
155,19.798296998487785,1.3761170048383065,16.10590900236275,1.0548939972068183
156,19.988408996141516,1.1347090039635077,17.027505993610248,1.0609870005282573
157,50.77574000461027,1.0522450029384345,47.48159500013571,1.4671919998363592
158,26.057511997350957,1.7964530052267946,21.282747999066487,1.757286001520697
159,80.87756600434659,1.9648800007416867,73.96681200043531,2.3968259993125685
160,34.1567909999867,2.3730670000077225,26.6977740029688,3.1808109997655265
161,24.831505994370673,1.994231999560725,17.715565001708455,1.4988399998401292
162,20.10059500025818,1.8235640018247068,16.428652001195587,1.0078010018332861
163,22.070308004913386,1.0195969953201711,19.206720004149247,1.0584679985186085
164,21.296674000041094,1.1428200014051981,16.152632000739686,2.873550998629071
165,25.650398994912393,1.885935002064798,19.375775998923928,1.4470809983322397
166,22.737126004358288,2.145120997738559,18.077584994898643,1.6718599945306778
167,21.558175998507068,1.92536100075813,17.370804001984652,1.0023750000982545
168,19.93420499638887,1.05622700357344,15.950760003761388,1.0151710011996329
169,21.503472002223134,1.0825050048879348,17.52713899622904,1.0402829939266667
170,23.897316001239233,1.939212997967843,19.669777997478377,1.026098005240783
171,19.83079699857626,1.0724489984568208,16.946578994975425,1.015283000015188
172,20.48146699962672,1.5642299986211583,17.007764996378683,1.0647640010574833
173,20.539263998216484,1.2013759987894446,15.199423003650736,1.3279699996928684
174,38.87609100638656,2.124547005223576,31.881169001280796,1.1058759992010891
175,21.061635998194106,1.1890980022144504,17.867046997707803,1.0912639991147444
176,19.358239995199256,1.6394890044466592,15.86420399689814,1.023060001898557
177,20.846413004619535,1.369543002510909,15.347590997407679,1.4644890034105629
178,19.3993139982922,1.8019719937001355,15.718147995357867,1.1050230023101903
179,19.07440400100313,1.1600240031839348,16.104334994452074,1.0026719974121079
180,19.76724199630553,2.1221210045041516,15.771982005389873,1.0173019982175902
181,19.78698200400686,1.6411370015703142,15.80842699331697,1.0404870045022108
182,19.78401900123572,1.8829719992936589,16.04870499431854,1.0294500025338493
183,32.721024996135384,1.4673580008093268,29.415990997222252,1.0066710019600578
184,23.042998000164516,2.3298259984585457,18.667310003365856,1.1798580017057247
185,20.176279998850077,2.2656590008409694,16.138464998221025,0.9915790069499053
186,47.83957800100325,1.0370980016887188,43.98111499904189,1.004561003355775
187,21.39198900113115,1.1655240014079027,17.31160000053933,2.1018059997004457
188,21.188156002608594,1.1533389988471754,18.12488200084772,1.0595600033411756
189,19.1738119974616,1.766822999343276,15.200182002445217,1.4111179989413358
190,20.442540997464675,1.130782999098301,15.587295994919259,2.904772998590488
191,63.980135004385374,1.8804530045599677,57.32552900008159,2.61655000213068
192,20.230002999596763,1.1917279989575036,17.00778400117997,1.1244679990340956
193,20.81552399613429,0.9831339993979782,16.173964999325108,1.0395600038464181
194,19.333054005983286,1.1693580017890781,16.302816999086645,1.0730419962783344
195,19.740333998925053,0.9448009950574487,15.7725000026403,1.0820980023709126
196,23.900964995846152,1.4225990016711876,19.308405004267115,2.342195999517571
197,20.464892004383728,1.119487002142705,17.47595299821114,1.101690999348648
198,24.90609899541596,1.1610790024860762,21.413378999568522,1.5158029927988537
199,29.62028800538974,1.1871910028276034,25.416935000976082,1.0106159970746376
200,21.621083993522916,1.2292469982639886,17.716249996738043,1.785433996701613
201,28.437986002245452,1.692730002105236,24.1501700002118,1.0093939999933355
202,19.19518299837364,1.1729320031008683,16.065465002611745,1.1293939969618805
203,20.326484001998324,0.9764119968167506,16.447503003291786,1.00541199935833
204,19.079552999755833,1.1527280003065243,16.060020003351383,1.0570049998932518
205,20.117391002713703,2.272306999657303,15.988020000804681,1.0617090010782704
206,29.79901099752169,1.0808570004883222,26.83434799837414,1.0410790055175312
207,21.242137998342514,1.0155419950024225,16.823393998492975,1.1293760035187006
208,24.663320000399835,1.9430459942668676,18.677920998015907,3.1277739981305785
209,37.81375200196635,3.148977004457265,32.50331900198944,1.018931005091872
210,20.076982997125015,0.999078998574987,17.270174001168925,1.0170040040975437
211,20.326393001596443,0.9592270071152598,16.065019997768104,1.0438940007588826
212,18.99827400484355,1.470081006118562,15.72650000161957,1.027411999530159
213,19.453406996035483,1.086819996999111,15.940149998641573,1.0953570017591119
214,19.574685000407044,1.9809899968095124,15.781314999912865,1.0536159970797598
215,19.196350003767293,1.1045059945899993,16.306780999002513,1.026689998980146
216,19.268682997790165,1.1153019950143062,16.342096001608297,1.0102080050273798
217,59.959763995721005,1.148506002209615,56.11433899321128,1.9019899991690181
218,20.32065200182842,1.9869719981215894,16.062852999311872,1.0247269965475425
219,19.86570400185883,1.1646349958027713,16.839412004628684,1.00885599385947
220,19.22325800114777,1.193191004858818,16.17987299687229,1.0065050009870902
221,19.707221996213775,1.1245049972785637,16.777800999989267,1.017987000523135
222,20.5955970013747,1.1822469969047233,17.591286996321287,1.0106350018759258
223,19.457091999356635,1.1467829972389154,16.479354999319185,1.0121710001840256
224,19.10547900479287,1.1538389953784645,16.08266800030833,1.0658190003596246
225,19.77392699336633,1.1220980013604276,16.78057899698615,1.0577830034890212
226,34.84712700446835,1.1350049971952103,31.876613000349607,1.025042001856491
227,20.983672999136616,1.1421540039009415,17.798879998736084,1.1625609986367635
228,20.78287600306794,1.152857999841217,15.415906003909186,1.2632289945031516
229,21.313470999302808,1.04376400122419,18.5142909977003,1.0261709976475686
230,29.131803996278904,1.1448389996076003,26.152049002121203,1.0185229984926991
231,18.942884998978116,1.1351720022503287,15.949241998896468,1.0266350000165403
232,19.401351004489698,1.0316159969079308,15.782221998961177,1.000061005470343
233,19.549239994375966,1.0781899982248433,16.667320000124164,1.0135970005649142
234,19.1449050034862,1.104467999539338,16.17396600340726,1.0644119975040667
235,46.43734900309937,1.1826539994217455,43.44722299720161,1.0175970019190572
236,22.998551998171024,1.6764150059316307,19.2380719963694,1.2341910041868687
237,19.402555000851862,1.316580004640855,16.314985005010385,1.0159860030398704
238,20.72968999709701,1.0928569972747937,17.85352799925022,0.9870229987427592
239,19.819852997898124,1.045411998347845,16.999247003695928,1.013024004350882
240,20.114243001444265,1.1710239996318705,17.105580001953058,1.017041999148205
241,19.654518000606913,1.1743389986804686,16.520078002940863,1.1380430005374365
242,20.187503003398888,0.9630970016587526,15.897908997430932,1.0124870022991672
243,28.56557899940526,1.0678940016077831,25.515287001326215,1.2146730005042627
244,25.712120994285215,1.0739499994087964,21.97949199762661,1.0670420015230775
245,21.203693002462387,1.505934000306297,17.869916999188717,1.0234500005026348
246,25.35660099965753,1.7701200049486943,21.304303998476826,1.448173999961
247,19.873001001542434,2.1426400053314865,15.891000999545213,1.0393750053481199
248,44.208578001416754,1.7449160004616715,40.59478400449734,1.0383379994891584
249,19.364128995221108,1.5243770030792803,15.585722001560498,1.4414699980989099
250,18.999015002918895,1.1864689950016327,15.969260995916557,1.055818996974267
251,31.431278002855834,2.795402004267089,26.782126995385624,1.0519120041863061
252,39.89379899576306,2.1322879983927123,35.863206001522485,1.0641530025168322
253,19.770093000261113,1.3894509975216351,16.481430000567343,1.0831340041477233
254,23.055146004480775,1.1592459995881654,20.055724002304487,1.0159489975194447
255,67.45116999809397,1.0928199990303256,64.50663800205803,1.0081349973916076
256,19.65394400031073,1.806600994314067,16.019130998756737,1.0242270000162534
257,36.632821000239346,2.18095399759477,32.60654200130375,1.0237640017294325
258,21.019043000706006,1.2139689933974296,17.64593499683542,1.1850430018967018
259,19.261201996414457,1.0426709995954297,16.23883599677356,1.1966909951297566
260,19.558815001801122,1.6469699985464104,16.086279996670783,1.010097999824211
261,20.496929995715618,1.8398790052742697,16.332261999195907,1.456562997191213
262,21.682750004401896,1.8303980032214895,17.543267997098155,1.4686180002172478
263,26.172289995884057,1.7677860014373437,22.181364001880866,1.458229002309963
264,21.662843006197363,1.838322998082731,17.500674999610055,1.4907110016793013
265,24.3098739956622,1.8262309968122281,18.11647399881622,3.5762580009759404
266,26.11106700351229,2.0517500015557744,22.15945599891711,1.0135790071217343
267,22.275290000834502,1.0600419991533272,18.590846993902232,1.773156996932812
268,20.75217200035695,2.478975002304651,15.999816001567524,1.0112450036103837
269,19.609147995652165,1.4820810029050335,16.298151000228245,1.0227270031464286
270,19.26718300092034,1.2157840028521605,16.239336000580806,0.9968749945983291
271,22.73371900082566,1.0762650053948164,19.605036999564618,1.2556540023069829
272,19.21416400000453,1.8750269955489784,15.36612799827708,1.1953949942835607
273,19.97911299986299,2.1024169982410967,16.054706000431906,1.0370230011176318
274,19.627499998023268,1.141598004323896,16.646374002448283,1.0078570048790425
275,34.911609000118915,1.1357650000718422,31.885854004940484,1.1120240014861338
276,21.267766001983546,1.181838997581508,18.212160000985023,1.0121350060217083
277,20.913931999530178,2.1219360060058534,16.717523001716472,1.1598760029301047
278,20.56426399940392,0.9823200016398914,16.301298994221725,1.0835790017154068
279,20.69163400301477,1.0813010012498125,15.808759002538864,1.0212089982815087
280,22.574828995857388,1.1167090051458217,19.044274995394517,1.5850440031499602
281,19.097144999250304,1.116412997362204,15.385293998406269,1.1642829995253123
282,19.339165999554098,1.748915994539857,15.829037001822144,0.9993570056394674
283,19.88894500391325,1.0485050006536767,15.948593994835392,1.0350230004405603
284,51.82426299870713,1.1350240019964986,48.827229999005795,1.0162269973079674
285,19.262904999777675,1.1892649999936111,16.238910000538453,1.0249870028928854
286,19.155442001647316,1.010468004096765,16.260817006696016,1.0909870034083724
287,20.4231149982661,1.1506529990583658,15.480481000849977,1.1007460052496754
288,19.267554001999088,1.1043010017601773,16.29837299697101,1.0834310014615767
289,18.894884997280315,1.1572279981919564,15.947778992995154,1.00635700073326
290,19.45966600032989,1.0473750007804483,16.55631900212029,1.005097001325339
291,19.692389003466815,1.1196720006410033,15.85937100026058,1.0363750043325126
292,19.397017000301275,1.1588569977902807,16.34689099591924,1.044949000061024
293,20.458114995562937,1.1545239976840094,17.16189499711618,1.2091360040358268
294,36.5931720007211,1.1434679981903173,32.300521997967735,0.9719859954202548
295,38.537441003427375,1.0908570038736798,35.62779699859675,1.018115995975677
296,19.05701599753229,1.1278570018475875,16.029557002184447,1.0665800000424497
297,19.022792999749072,1.2588389945449308,15.754130006826017,1.1924680002266541
298,19.877241997164674,1.0699120030039921,16.71915299812099,1.1391160005587153
299,70.08518200018443,1.1771720019169152,64.49950800015358,3.289496999059338
300,33.07648900226923,2.6074560009874403,27.34951800084673,2.1945850021438673
301,25.747307001438458,1.803193001251202,20.559689997753594,1.4816740003880113
302,19.611796000390314,1.9586019989219494,15.539442996669095,1.2823210054193623
303,20.110482997552026,0.9740410023368895,15.266386995790526,1.2626730022020638
304,19.55259199894499,1.6955449973465875,16.02076100243721,1.0189120002905838
305,20.121446999837644,1.810546003980562,16.025223005271982,1.4458220030064695
306,43.44953800318763,1.8347310033277608,39.693798004009295,1.0744680039351806
307,23.48270299989963,2.047768997726962,19.518332999723498,1.0964129978674464
308,48.71782199916197,2.057361001789104,44.19467099796748,1.5541929969913326
309,20.870136002486106,1.8300640003872104,16.439891995105427,1.4827109989710152
310,19.72620399465086,1.8006200043600984,15.49551700009033,1.6170259987120517
311,21.324137000192422,2.7498280032887124,16.29620599851478,1.4704700006404892
312,23.609889001818374,2.1614910001517273,19.600111001636833,1.048949001415167
313,19.09014500415651,1.425136004399974,15.837797000131104,1.0308009950676933
314,19.41959199757548,1.560321994475089,15.425831996253692,1.5703959943493828
315,20.153687000856735,1.8603049975354224,16.49580000230344,1.004672005365137
316,42.83292399486527,2.7136790013173595,37.639955000486225,1.0285789976478554
317,20.916895002301317,1.23620899830712,17.81297300476581,1.0471720015630126
318,19.31427600356983,1.192060997709632,16.320891001669224,1.0146900021936744
319,19.55512899439782,1.9284720037830994,15.824481997697148,1.0193929992965423
320,42.01042000204325,0.9656340043875389,36.540485998557415,2.2475110017694533
321,24.352541004191153,2.1530100057134405,19.184905002475716,2.1043989981990308
322,19.170608997228555,1.1769320044550113,16.160113002115395,1.0299860005034134
323,20.015686000988353,2.002416003961116,16.17752099991776,1.0328380012651905
324,35.381351997784805,1.858212002844084,31.22366599563975,1.4536179951392114
325,25.345638001454063,2.7315870029269718,20.139649997872766,1.4718029997311532
326,20.577078001224436,2.3442700039595366,16.36370600317605,1.0521720032556914
327,20.511985996563453,1.0535969995544292,15.89357499324251,1.020133997371886
328,20.809635003388394,1.1218020008527674,17.877009995572735,1.0351710006943904
329,19.337942998390645,1.3335989933693781,16.238094998698216,1.001486998575274
330,19.333219999680296,1.6734160017222166,15.799927001353353,1.0622079935274087
331,20.59654200274963,1.0637830055202357,17.725361001794226,1.0110240036738105
332,19.211311999242753,1.1336169991409406,16.208002001803834,1.044450000335928
333,35.963798996817786,1.505136999185197,32.46665200276766,1.1532270000316203
334,21.157896000659093,2.203214004111942,15.791741003340576,1.7051559989340603
335,22.0320480002556,0.9916529961628839,17.52474900422385,1.0238009999739006
336,19.127052997646388,1.1544320004759356,16.096965002361685,1.0243750002700835
337,20.823710001423024,1.1931359986192547,17.73297199542867,1.0658760002115741
338,20.738764003908727,1.9288980038254522,16.488743996887933,1.4203960017766804
339,19.658091994642746,1.8007680046139285,16.041094000684097,1.0562090028543025
340,20.522930004517548,1.1562829968170263,17.11434000026202,1.4786180036026053
341,108.01704599725781,1.3518029954866506,104.27065700059757,1.5649149936507456
342,20.210503003909253,1.4553400033037178,16.51516999845626,1.4297660018200986
343,24.506096000550315,1.1516160011524335,21.53661999909673,1.0485599996172823
344,31.832038999709766,1.2242649972904474,28.740671994455624,1.0345970003982075
345,20.15522500005318,1.1751899946830235,17.149747000075877,1.0346350027248263
346,23.758999996061902,1.468415000999812,15.771074002259411,5.694544997822959
347,42.208699000184424,1.2788579988409765,37.30599000118673,1.282154000364244
348,22.206918998563197,2.4104740004986525,17.908973000885453,1.0170609966735356
349,19.061311999394093,1.1990979983238503,15.97120500082383,1.0780980010167696
350,19.152609005686827,1.1113380023743957,16.185854001378175,1.0409309979877435
351,19.954278999648523,0.950005000049714,15.933667003992014,1.0222089986200444
352,19.329479997395538,1.454543998988811,16.02813100180356,1.0269859994878061
353,25.361879001138732,1.8096569983754307,21.41400799882831,1.3278580008773133
354,52.755284996237606,1.1470050012576394,49.82799400022486,0.9993009953177534
355,21.51273100025719,0.9724310002638958,17.40487799543189,1.028633996611461
356,21.835268998984247,1.464914996176958,18.473791002179496,1.0668940012692474
357,18.988089002959896,1.141986998845823,16.010279003239702,1.029541999741923
358,20.664930998464115,1.0769869986688718,17.746546000125818,1.0362270040786825
359,19.90611200017156,2.1279360007611103,15.897779005172197,1.0837090012500994
360,30.26512399810599,1.5134149944060482,26.927497005090117,1.0045419985544868
361,19.570574004319496,1.1530789997777902,16.577115005929954,1.0210790060227737
362,26.55053199850954,1.0755050025181845,23.03918300458463,1.612619002116844
363,33.97032700013369,2.753753993602004,29.35282399994321,0.9953940025297925
364,20.821616002649534,1.1553950025700033,17.82563999586273,1.0297830012859777
365,19.300257998111192,1.693341000645887,15.736221997940447,1.0228939936496317
366,19.756462999794167,1.902639000036288,16.028575999371242,1.0193569978582673
367,20.22102099726908,2.456011003232561,15.8586120014661,0.9877269985736348
368,27.970039001957048,1.136672006396111,25.031081000634003,1.013560002320446
369,20.672634003858548,1.0873009960050695,17.24452499911422,1.5466740005649626
370,19.531832993379794,1.0886529998970218,16.624559000774752,1.0046339957625605
371,22.6657920065918,1.64404499810189,19.086719999904744,1.0973019961966202
372,33.53000899369363,1.2678400016739033,29.000896000070497,1.0031339988927357
373,35.47105600591749,2.1587879964499734,31.49292600573972,1.0052090001408942
374,19.553647995053325,1.8995089994859882,15.794389000802767,1.032357002259232
375,30.274124001152813,1.323913995292969,26.957145004416816,1.1708759993780404
376,19.957964002969675,1.008561004709918,15.694387999246828,1.0576910062809475
377,19.481868999719154,1.2040049987263046,16.123576002428308,1.3700619965675287
378,21.60863899916876,1.0224119978374802,17.07439500023611,1.0219309988315217
379,38.616997000644915,1.5827110037207603,35.220981000748,1.0190979955950752
380,24.626466998597607,0.9863009981927462,19.64025999768637,1.7667489955783822
381,20.944987998518627,1.0296899999957532,15.950057000736706,1.0312459999113344
382,20.31983600318199,1.0482829966349527,15.881592997175176,1.0404120039311238
383,19.471888001135085,1.587043996551074,16.043186995375436,1.0306709955330007
384,20.61057899845764,1.3702470023417845,15.554277000774164,1.6706559981685132
385,20.028834995173384,1.0188009982812218,15.433165004651528,1.1549679984454997
386,20.397559004777577,1.0171519970754161,16.07129799958784,1.0148750006919727
387,19.23229399835691,1.4915440042386763,15.912556002149358,1.0374310004408471
388,47.47957499785116,0.9911709930747747,43.42496400204254,1.083265000488609
389,20.155187005002517,2.060157996311318,16.28096599597484,1.0189680033363402
390,19.74681599676842,1.1860800004797056,16.67885600181762,1.0544860051595606
391,29.388953000307083,1.4183029998093843,26.119900998310186,1.0401719991932623
392,18.982310997671448,1.257486997928936,15.877223006100394,1.0344670008635148
393,27.365869005734567,2.0217869969201274,23.431129004165996,1.0808760052896105
394,33.977956998569425,1.0458010001457296,29.531972999393474,1.0961720035993494
395,41.1663970007794,1.6444700013380498,37.68567700171843,1.0412269984954037
396,20.776115998160094,1.6462299972772598,15.483609997318126,1.1062650009989738
397,19.70701899699634,2.060750004602596,15.832277997105848,1.071949998731725
398,30.657051000162028,1.6932119979173876,27.19585000158986,0.9863199957180768
399,21.096248005051166,2.196806999563705,17.0342650017119,1.081283000530675
400,20.002630997623783,1.0430599941173568,15.988074999768287,1.0674680015654303
401,19.63059199624695,1.9288430048618466,15.883519001363311,1.0353380057495087
402,19.54164800554281,1.8046010009129532,15.365942002972588,1.5177850000327453
403,50.91446099686436,1.4078219974180683,47.027665001223795,1.6626750002615154
404,36.06179999769665,1.650249003432691,32.15518800425343,1.011096996080596
405,19.905093002307694,1.823824000894092,15.870666997216176,1.4345800009323284
406,19.834168000670616,2.2002520054229535,15.852611999434885,1.0095789984916337
407,19.174275003024377,1.3980060030007735,15.95196300331736,1.025764002406504
408,18.777180994220544,1.2133950003772043,15.688388004491571,1.025319994369056
409,20.885764999547973,1.940843001648318,15.956148999975994,2.1506580014829524
410,21.66926800418878,1.8383420028840192,16.970080003375188,2.1039919956820086
411,21.224322001216933,2.1536950007430278,16.436206999060232,1.850861001003068
412,42.959442995197605,1.030449006066192,39.04705400054809,1.0280420028720982
413,21.271378005621955,2.0247869979357347,17.453305001254193,1.019208000798244
414,19.263423993834294,1.5483220049645752,15.863462998822797,1.0198010058957152
415,18.98223700118251,1.3484689989127219,15.778740002133418,1.0310050056432374
416,18.794107003486715,1.201745995786041,15.498221000598278,1.2332100013736635
417,19.150312000419945,1.9382690006750636,15.28549799695611,1.1639680014923215
418,19.244035000156146,1.535229996079579,15.903537001577206,1.0154679985134862
419,19.040589999349322,1.2548020022222772,15.930130997730885,1.0133380055776797
420,19.149608997395262,1.1562459985725582,16.141093998157885,1.016281996271573
421,30.52256900264183,1.8966019997606054,26.660884999728296,1.1511159973451868
422,20.53555999737,1.589933002833277,17.032597999786958,1.0477460018591955
423,20.462300002691336,1.3238030005595647,17.27258100436302,1.0428200039314106
424,19.491831997584086,1.627563004149124,15.385386999696493,1.636414999666158
425,19.74029600387439,1.9783239986281842,15.924908002489246,1.0663759967428632
426,19.454332999885082,1.6452479976578616,15.960020005877595,1.0445969965076074
427,19.12794199597556,1.3833400007570162,15.875944998697378,1.0296149994246662
428,19.06116300233407,1.2141539991716854,16.001834002963733,1.0123009997187182
429,19.467833000817336,1.6389150041504763,15.98724200448487,1.0369869996793568
430,19.45712800079491,2.235011001175735,14.969903997553047,1.436340004147496
431,28.00774299976183,1.919101006933488,24.10026099823881,1.0651159973349422
432,20.374503001221456,1.1328939945087768,17.41374900302617,1.0073569937958382
433,21.459433999552857,1.9972870068158954,17.569285999343265,0.9999489993788302
434,19.881278996763285,1.8892680018325336,16.173224001249764,1.0039310000138357
435,19.63338899804512,1.7037489960785024,16.086668001662474,1.010819003568031
436,19.30772000196157,1.1512089986354113,16.30315000511473,1.01211600122042
437,19.209737998608034,1.0543009993853047,16.217780001170468,1.1213760008104146
438,20.158261999313254,2.0971209960407577,16.196261000004597,1.0460600024089217
439,21.921714003838133,2.5146969928755425,17.59087899699807,1.0167640066356398
440,115.99856399698183,1.1687829974107444,112.97686400212115,1.0113750031450763
441,43.13822100084508,1.1266349974903278,40.115800002240576,1.0908760013990104
442,20.596763999492396,1.031857005727943,16.15787199989427,0.9943939949152991
443,21.143766003660858,1.474673998018261,17.47674899525009,1.0691899951780215
444,33.614101994317025,2.39619700005278,29.15439600474201,1.0529670034884475
445,21.32852600334445,2.1207319950917736,17.39145300234668,1.0224119978374802
446,21.77065800060518,2.1292320016073063,17.663175000052433,1.1663759942166507
447,19.933611998567358,2.1256769978208467,15.960833996359725,1.0650969998096116
448,31.734408999909647,1.815063995309174,28.04927999386564,1.0603760019876063
449,20.334744003775995,2.6774379948619753,15.815315004147124,1.0731340007623658
450,20.652929997595493,1.0304310053470545,15.87242600362515,1.0314859973732382
451,20.63628200266976,1.0205049984506331,16.125613001349848,1.0289870042470284
452,20.22118799504824,1.5927109998301603,16.644133000227157,1.200283004436642
453,37.37150900269626,5.657027002598625,28.145225005573593,1.0244860022794455
454,21.558971995546017,1.098412998544518,18.409642005281057,1.0755420007626526
455,19.932408002205193,2.129084001353476,15.938741998979822,1.0954309982480481
456,19.289775998913683,2.0424350004759617,15.325571999710519,1.1175789986737072
457,20.581745004164986,2.403751997917425,16.128741997817997,1.0603940027067438
458,19.74957399943378,1.1109869956271723,16.801263998786453,1.054931002727244
459,19.820260000415146,1.9134899994242005,16.03887099918211,1.086245996702928
460,19.824851995508652,2.1117130017955787,15.873778000241145,1.050708997354377
461,21.017155006120447,1.011653002933599,17.53660100075649,1.6422859989688732
462,99.61868999380386,1.1165050018462352,96.4374350005528,1.2516910064732656
463,79.41883700550534,1.8631570055731572,74.69059200229822,2.1031579963164404
464,22.15069600060815,1.9431020045885816,18.192437004472595,1.1708759993780404
465,38.2108649937436,2.3561030029668473,33.88616000302136,1.0686530004022643
466,23.228830999869388,1.1211350065423176,20.20242800062988,1.0927090042969212
467,20.224910003889818,2.348604000872001,15.786889001901727,1.1996169996564277
468,19.42007299658144,1.8553420013631694,15.7319819991244,0.9941899988916703
469,19.988668005680665,1.884750003227964,16.10453899775166,1.0284870004397817
470,22.89444099733373,1.003764002234675,18.009788000199478,1.0173569971811958
471,22.343400996760465,2.2234549978747964,18.273585999850184,1.0344120018999092
472,20.62943000055384,1.9743609955185093,16.865967998455744,1.0301900038029999
473,43.53216800518567,1.842046003730502,39.2988140010857,1.580748001288157
474,21.205099998041987,2.6219380015390925,16.016130000934936,1.5745999990031123
475,20.226316999469418,1.6591189996688627,16.34376199945109,1.0031350029748864
476,19.41873900068458,1.1661359967547469,16.419077997852582,1.0035969971795566
477,19.969741995737422,1.1246530048083514,17.00891399377724,1.017800997942686
478,19.130516004224773,1.1546540044946596,16.01527900493238,1.0766900013550185
479,28.37809600168839,1.245691004442051,25.27748900320148,1.0197449955740012
480,21.43791599519318,1.1238010047236457,18.46482700057095,1.0232819986413233
481,20.833615999436006,1.3546910049626604,17.296211000939365,1.1854129988932982
482,74.3986279994715,1.1652269968180917,71.3169089940493,1.019411996821873
483,20.059927002876066,1.8534529954195023,16.348392004147172,1.0486350001883693
484,20.27666899812175,1.1375800022506155,16.864746001374442,1.4609329955419526
485,20.119038999837358,0.9590050030965358,15.87262999964878,1.0158379955100827
486,19.331258001329843,1.1564309970708564,16.323465999448672,1.0358200015616603
487,27.93642700271448,1.0411160037619993,23.454258000128902,2.6480130036361516
488,21.478989998286124,1.9579350046114996,16.759281999839004,1.9348420028109103
489,43.0404799990356,1.2738579971482977,39.83326100569684,1.102449998143129
490,22.571440000319853,1.9078420009464025,17.884936001792084,1.049171005433891
491,20.591706997947767,0.9935229973052628,16.002259995730128,1.0318010026821867
492,20.021502001327462,1.8466010005795397,16.365614006645046,1.0275790045852773
493,49.004822998540476,1.7319709950243123,45.43315799674019,1.019171002553776
494,19.14523800223833,1.197432000481058,16.126706002978608,1.0202830017078668
495,19.34297999832779,1.5906560001894832,15.586203000566456,1.3844320055795833
496,23.939983002492227,1.0080790016218089,18.615051005326677,3.5332390034454875
497,31.150071998126805,3.544516999681946,25.695397998788394,1.0209860047325492
498,21.229748002951965,1.8627680037752725,17.483210998761933,1.0425970031064935
499,20.26774299883982,1.1324680017423816,17.29445200180635,1.0245230005239137
500,19.94775999628473,2.1848439937457442,15.530609998677392,1.385636001941748
501,19.759723007155117,2.0652870007324964,15.834445002838038,1.0561529998085462
502,19.666962994961068,1.8986200011568144,15.903908002655953,1.0618939995765686
503,19.37498000188498,1.16261700168252,16.35733700095443,1.0221339980489574
504,19.802278002316598,1.7561200002091937,16.163445994607173,1.0590419988147914
505,20.39550299377879,1.7973979993257672,16.2672059959732,1.509025998529978
506,20.77428300253814,1.9316759935463779,16.36789200711064,1.616025998373516
507,32.688986997527536,1.8236199975945055,28.139595000538975,1.8848609979613684
508,40.44878200511448,1.5824149959371425,36.65183800330851,1.0374679986853153
509,20.655893997172825,1.9392309986869805,16.442411004391033,1.4710620016558096
510,28.812024000217207,1.9398240037844516,23.927556998387445,1.4362099973368458
511,27.295239000522997,1.8382859998382628,22.790292001445778,1.8495830008760095
512,19.18083099735668,1.809841996873729,15.412960994581226,1.1819320061476901
513,20.148706003965344,2.371565999055747,15.992519998690113,1.0299860005034134
514,124.57106600049883,1.2077280043740757,121.34768100077054,1.1942089986405335
515,19.83983399986755,1.850749998993706,16.041538001445588,1.160671999969054
516,20.343484000477474,1.850027998443693,16.6937269968912,1.0252460051560774
517,20.932542996888515,1.8456749967299402,16.81656000437215,1.4663959955214523
518,21.310841002559755,1.7701750039122999,16.063556999142747,1.038190006511286
519,31.869778998952825,2.4347520011360757,27.43007300159661,1.0428009991301224
520,22.69951399648562,1.9881199987139553,18.57136499893386,1.3043950020801276
521,20.385096002428327,1.8598610040498897,16.23050200578291,1.4925810028216802
522,20.21768700069515,1.0106349945999682,15.835555001103785,1.0718199991970323
523,19.294924000860192,1.476229001127649,15.98301900230581,1.0257829999318346
524,19.17834999767365,1.5514149999944493,15.661370001907926,1.114653998229187
525,19.603277003625408,1.9863060006173328,15.649666005629115,1.0343939939048141
526,19.205404998501763,1.1220980013604276,16.283335993648507,1.0272280051140115
527,19.41659099975368,1.3882840066798963,16.227298001467716,1.0259859991492704
528,56.42580200219527,1.1796350008808076,53.39560299762525,1.0338560023228638
529,28.723227995214984,2.3180849966593087,24.58559699880425,1.0223560020676814
530,19.144051999319345,1.1913209964404814,16.113668003526982,1.0333929967600852
531,19.006238006113563,1.189153001178056,15.940556993882637,1.0776720009744167
532,19.620795996161178,1.1583019950194284,16.081760993984062,1.542691999929957
533,20.21352099836804,1.0850609978660941,17.24545199977001,1.078727000276558
534,19.530369005224202,1.1525239970069379,16.539541000383906,1.021839001623448
535,19.141070995829068,1.152543001808226,16.151798001374118,1.0028010001406074
536,39.47914900345495,1.1887459986610338,36.365986001328565,1.0854130014195107
537,24.885635000828188,1.914045999001246,20.79535699886037,1.0325980038032867
538,19.610758994531352,1.1647280043689534,16.57561399770202,1.0152819959330373
539,19.092312002612744,1.1900059980689548,16.071908998128492,1.0071520009660162
540,19.64509199751774,1.1433019972173497,16.273039000225253,1.3681179989362136
541,20.748820003063884,1.3773219980066642,17.32652600185247,1.0275610038661398
542,19.028515001991764,1.2595060034072958,15.949594002449885,1.0142449973500334
543,19.01425599498907,1.1849310030811466,15.944630002195481,1.073505001841113
544,19.022644999495242,1.3765430048806593,15.813444995728787,1.0119679936906323
545,39.614241002709605,1.1481529945740476,35.740260005695745,1.8436750033288263
546,43.62331599986646,1.593248001881875,38.313475997711066,1.0277269975631498
547,18.952737002109643,1.235023999470286,15.88963100221008,1.0120789956999943
548,23.721555997326504,1.3869700051145628,20.516299999144394,1.0148750006919727
549,21.420044999103993,1.10633899748791,17.971547997149173,1.5328220033552498
550,36.78117300296435,1.1801719956565648,32.6793380008894,2.1050470022601075
551,19.760741000936832,1.8743239998002537,16.05872399522923,1.038579001033213
552,40.424560000246856,1.968268996279221,36.44078200159129,1.1696529982145876
553,20.708115000161342,1.0817090005730279,17.74648999708006,1.1061900004278868
554,19.021089996385854,1.1617650015978143,16.049705001933035,1.0257090034428984
555,19.975519004219677,1.1691539984894916,16.960004999418743,1.0135420016013086
556,19.520869995176326,1.5742300020065159,15.687944003730081,1.4067480005905963
557,19.491999002639204,1.1155609972774982,16.529503001947887,1.0828939994098619
558,19.266497998614796,1.123153000662569,16.378446998714935,1.0060790009447373
559,19.015051999303978,1.2137279991293326,15.873686003033072,1.1510059994179755
560,20.301688004110474,2.1249909987091087,16.328501995303668,1.0648009993019514
561,31.531628999800887,1.092987004085444,28.62924600049155,1.0329120050300844
562,40.63989499991294,1.156283004092984,37.150730000576004,1.5639880002709106
563,18.51456800068263,1.1223940018680878,15.55731400003424,1.0825230056070723
564,20.60633699875325,1.8019530034507625,16.274965993943624,1.7308969981968403
565,26.01439999853028,1.0900049965130165,22.55525399959879,1.5675819959142245
566,24.176631995942444,1.9402679972699843,19.213793995731976,1.744360000884626
567,19.113775000732858,1.157393999164924,16.135743004269898,1.032931002555415
568,19.554222002625465,1.556415001687128,16.14161200268427,1.0539130016695708
569,36.59617099765455,1.821471996663604,32.07828000449808,1.8999160020030104
570,24.02257599896984,2.8872170005342923,17.508730001281947,2.5079570041270927
571,21.38297100464115,2.1391760019469075,16.39470599911874,2.0877320057479665
572,21.445286001835484,2.0809540001209825,16.198002005694434,1.9810649973805994
573,21.31684000050882,1.9408239968470298,16.123630994115956,2.1202690040809102
574,21.15919199422933,2.1190469997236505,16.441872998257168,1.8393970021861605
575,23.351591000391636,2.090991001750808,19.236257001466583,1.0137079952983186
576,20.0595760034048,1.1913760026800446,15.37342400115449,1.4603029994759709
577,37.56519500166178,2.022713000769727,33.72704699722817,1.0509679996175691
578,19.56555499782553,1.8822860001819208,15.86605600459734,1.0246349993394688
579,19.30290499876719,1.5872110016061924,15.840129999560304,1.0297460030415095
580,19.748999999137595,1.6718970000511035,16.23255800222978,1.0313929960830137
581,19.74753700051224,1.4089699980104342,16.270040003291797,1.2793950008926913
582,19.606166002631653,1.0242449934594333,16.681467001035344,1.1288949972367845
583,21.245544994599186,2.372511000430677,17.04645100107882,1.0468940017744899
584,20.24418700602837,1.61735899746418,16.76744900032645,1.0237090027658269
585,21.455581998452544,1.7956570009118877,17.233876998943742,1.574303998495452
586,19.30257200001506,1.801749000151176,15.417016998981126,1.256265000847634
587,30.110845000308473,1.148930998169817,27.151516995218117,1.019023999106139
588,81.54712399846176,1.831841997045558,76.75448899681214,1.0552820021985099
589,47.765315997821745,1.1318760007270612,44.726914005877916,1.0448930042912252
590,21.673380004358478,0.9968939993996173,16.73722599662142,1.3406549987848848
591,21.4766930002952,1.0770419976324774,17.16574699821649,1.035152999975253
592,32.559874998696614,1.911230996483937,27.825352997751907,2.002806002565194
593,30.631385001470335,1.7826199982664548,25.62215700163506,2.3991229973034933
594,21.355525997933,2.299992003827356,15.88042700313963,1.7743050048011355
595,26.782310000271536,1.0464500010129996,22.083454998210073,1.114837999921292
596,20.427577997907065,1.0074859965243377,16.13246499618981,1.0492829969734885
597,26.904810998530593,1.0816529975272715,24.020427001232747,1.0292080041836016
598,20.18166900234064,1.0108939968631603,17.032968993589748,1.3543579989345744
599,19.98533400183078,1.0342640016460791,15.407090999360662,1.1310240006423555
600,37.170527000853326,1.7238229993381537,33.64815800159704,1.0156900025322102
601,22.19784499902744,1.1424679978517815,19.17144199978793,1.0791159947984852
602,19.604091001383495,1.098597000236623,16.62133700301638,1.0782450044644065
603,20.12727999681374,1.0457640019012615,15.436812995176297,1.1302459970465861
604,19.394720999116544,1.115709004807286,16.407318005803972,1.0571710008662194
605,19.778943998971954,1.0812459950102493,16.876857000170276,1.0287639961461537
606,21.174285000597592,1.1407830024836585,18.181122999521904,1.0174119961448014
607,20.7398380007362,1.3021539998590015,15.57879499887349,1.5155809960560873
608,20.32470599806402,1.1080789990955964,17.444545002945233,0.9957079964806326
609,25.20534100040095,1.112301993998699,22.125678005977534,1.1605799954850227
610,56.2696160050109,1.1372829976608045,53.16347099869745,1.1373200031812303
611,20.34013199590845,1.0127460045623593,15.960759999870788,1.0332449965062551
612,22.35782700154232,1.1225609996472485,19.39131299877772,1.0258749971399084
613,19.739185001526494,1.1334310038364492,16.780560996267013,1.0281900031259283
614,19.71555600175634,1.3452280036290176,16.339966001396533,1.2118580052629113
615,19.818036998913158,0.9765050053829327,15.527980001934338,1.1685800054692663
616,19.831056000839453,2.1185470031923614,15.903241001069546,1.0092640004586428
617,40.48068999691168,1.0816899957717396,37.56358400278259,1.0315420004189946
618,29.853974003344774,1.2215789975016378,26.80366300046444,1.0221900010947138
619,19.555776998458896,1.032820000546053,16.684688998793717,1.0334489998058416
620,20.120667999435682,2.3502339972765185,15.776722000737209,1.1300429978291504
621,20.45878100034315,1.0620239991112612,17.02506100264145,1.5442110016010702
622,21.361063001677394,1.83113800449064,17.639120000239927,1.0318380009266548
623,23.117978998925537,0.9990039980039,18.62204999633832,1.0615240025799721
624,22.339030998409726,1.581286000146065,18.610531995364,1.0040600027423352
625,41.00291399663547,1.1407460042391904,38.03321599843912,1.0548749996814877
626,26.22923400485888,1.0418379970360547,23.331182994297706,0.9968010053853504
627,20.013575995108113,2.3509740058216266,15.83674100402277,1.0185979990637861
628,19.936908000090625,2.157472998078447,15.933500995743088,1.0167829968850128
629,20.64020800025901,2.1394360010162927,16.024630996980704,1.7000820007524453
630,33.276451998972334,1.9040089973714203,29.560490998846944,1.0493570007383823
631,20.34917000128189,2.068806003080681,16.161186998942867,1.2189689950901084
632,19.663999002659693,1.723785993817728,16.153297998243943,1.0210050022578798
633,66.849203001766,2.2407139986171387,62.73399799829349,1.0334120015613735
634,22.531641996465623,2.471510997565929,18.256140996527392,1.0153199982596561
635,25.04574700287776,1.0988020003424026,22.142270994663704,1.0286899996572174
636,19.582499997341074,1.18961699627107,16.577244001382496,1.027487000101246
637,19.706906998180784,1.0868569952435791,16.82485699711833,1.0151530004804954
638,36.702653000247665,1.1390430008759722,33.7682700046571,1.0095049947267398
639,61.442158999852836,1.1529870025697164,58.44986599549884,1.0165600033360533
640,85.69821700075408,1.1715239961631596,82.66636899497826,1.0038199980044737
641,131.63752400578232,1.0980239967466332,128.73675100127002,1.0339119980926625
642,21.244414994725958,1.1770609999075532,18.24854900041828,1.0206529987044632
643,18.948625001939945,1.1500609980430454,15.947000996675342,1.032209002005402
644,19.325424000271596,1.2171359994681552,15.752684994367883,1.174783996248152
645,20.439355001144577,1.068596997356508,17.538062995299697,1.0783379984786734
646,19.44359199842438,1.1142459989059716,16.461557999718934,1.0544129982008599
647,19.723518002138007,1.1121900024591014,16.74596699740505,1.0731529982876964
648,19.370868998521473,1.1303380015306175,16.40492899605306,1.0286710021318868
649,18.91505099774804,1.088764998712577,15.976426002453081,1.0173560003750026
650,28.658301001996733,5.705155999748968,20.919135000440292,1.0190610046265647
651,23.30946199799655,2.5747519975993782,17.910490998474415,1.948620003531687
652,26.257436999003403,1.3092280059936456,22.610068997892085,1.0781899982248433
653,19.661611004266888,1.08539400389418,16.697782004484907,1.0957830018014647
654,27.935982994677033,1.1561909996089526,24.91167300468078,1.0510599968256429
655,20.13770600024145,1.5760450041852891,16.717133999918588,1.0571710008662194
656,19.377516000531614,1.4766730018891394,16.05963099427754,1.0474859955138527
657,28.51148600166198,1.1326349995215423,25.47791600227356,1.0872460043174215
658,51.775557003566064,1.818341996113304,47.88494599779369,1.2600249974639155
659,20.31798399548279,1.1973200016655028,17.234617997019086,1.0825599965755828
660,19.514721003361046,1.1338199983583763,15.993630004231818,0.994281996099744
661,50.07632799970452,2.146751001419034,45.536769001046196,1.5849330011405982
662,26.42330899834633,2.395807001448702,22.15582600183552,1.074227002391126
663,28.470837001805194,0.9675969995441847,24.14004000456771,1.0856350054382347
664,55.180720999487676,1.6153969991137274,51.6334089988959,1.0816159992828034
665,22.295659997325856,0.9955970017472282,17.189080004754942,1.3268580005387776
666,22.832904003735166,1.0654680008883588,18.765291999443434,1.0033380021923222
667,19.32862700050464,1.1459870001999661,16.293947002850473,1.0697460020310245
668,19.391257999814115,1.5832850040169433,15.97087099798955,1.0174859999096952
669,20.13787200121442,2.200584000092931,15.965537997544743,1.1292089984635822
670,19.925370994315017,2.1588620002148673,15.77083399752155,1.0726349937613122
671,19.209090001822915,1.1622829988482408,16.2548730004346,1.0338940046494827
672,25.327804003609344,1.5910259971860796,21.480859999428503,1.4203579994500615
673,22.5538279992179,1.7480819951742887,17.976936003833544,1.5285999979823828
674,78.2381999961217,1.9425829959800467,74.0729579993058,1.0278010013280436
675,19.860204003634863,1.1748390024877153,16.306520999933127,1.5734889966552146
676,19.544239999959245,1.6421000036643818,15.984038000169676,1.1441169990575872
677,24.976431996037718,2.3910110030556098,20.793579002202023,1.0141149978153408
678,20.335077002528124,2.5915490041370504,15.87338899844326,1.0460409976076335
679,30.620938996435143,1.2576910012285225,27.33949899993604,1.1548570037120953
680,23.38927700475324,1.6821750032249838,17.880491002870258,1.530063003883697
681,28.044186998158693,1.163339002232533,24.59257800364867,1.0580050002317876
682,30.902441001671832,1.1973389991908334,27.858667002874427,1.026689998980146
683,21.347932997741736,1.4803590020164847,17.540082000778057,1.490562004619278
684,19.058627003687434,1.156560996605549,16.1099640026805,0.9804669971344993
685,19.9873889941955,1.2014319945592433,16.93509799952153,1.037283000187017
686,39.83579800114967,1.131504999648314,35.675444996741135,2.186658006394282
687,23.34999899903778,1.8970460005220957,17.882249994727317,2.7234939989284612
688,23.205312005302403,1.8915460022981279,18.25551200454356,2.123824000591412
689,22.70077299908735,1.991453995287884,16.402317000029143,1.7463040057918988
690,21.53035999799613,2.3764930010656826,15.956000999722164,2.379529003519565
691,21.421637997264042,1.795544994820375,16.535670001758263,1.0146529966732487
692,19.329312999616377,1.2179870027466677,16.13474199984921,1.0372449978603981
693,21.928399000898935,2.1823810020578094,17.80813899677014,1.1461719986982644
694,24.320520999026485,1.9188799997209571,20.07968699763296,1.1211160017410293
695,53.53632500191452,1.5021549988887273,50.30421700212173,0.9805970039451495
696,20.750301002408378,1.2784499995177612,17.61552700190805,1.0331529992981814
697,24.258243000076618,1.256265000847634,21.157524999580346,1.0225040023215115
698,21.189524995861575,1.6299150011036545,17.67387899599271,1.0575229971436784
699,24.523670006601606,1.0760790028143674,20.920320006553084,1.7387490006512962
700,20.868968997092452,1.4604139942093752,17.01593199686613,1.0797650029417127
701,22.092751001764555,1.9397680007386953,17.902714003867004,1.4757850003661588
702,20.739448998938315,1.8516010022722185,16.321484006766696,1.7577299950062297
703,35.977779996756,1.7903600019053556,31.887093995464966,1.454655000998173
704,39.858001000538934,1.9691390043590218,35.33938799955649,1.2434689997462556
705,56.91795200255001,2.1120469973539002,53.0208779964596,1.0300599969923496
706,21.22735900047701,1.1591910006245598,16.41950200428255,1.2030060024699196
707,20.77820799604524,1.9510280035319738,16.60820699908072,1.4464519990724511
708,20.671505000791512,1.4623399983975105,17.283081004279666,1.0629680036799982
709,39.69124099967303,1.800101003027521,35.897649999242276,1.0621900000842288
710,46.16264200012665,2.1713989990530536,38.64568100107135,1.0455969968461432
711,21.40102600242244,1.5057850032462738,17.45252600085223,1.630858998396434
712,19.25983100227313,1.44752499909373,15.981538002961315,1.0298380002495833
713,20.50202199461637,1.9159719959134236,16.620132999378256,1.0196900038863532
714,20.289855005103163,1.1930609980481677,17.248822005058173,1.023523996991571
715,34.042177998344414,1.3877649980713613,30.699680995894596,1.091691003239248
716,19.247570999141317,1.3416359943221323,15.96370500192279,1.080708003428299
717,19.511961996613536,1.952027996594552,15.484219999052584,1.2432099974830635
718,27.826760000607464,1.2125799985369667,23.04979299515253,1.0867640012293123
719,35.082331000012346,1.3487660035025328,31.90003800409613,1.0376710051787086
720,19.63005500147119,1.4257290022214875,16.331150000041816,1.0160049932892434
721,19.698314004926942,1.9889350005541928,15.6987209993531,1.023208002152387
722,26.834514996153302,1.874916000815574,22.166307004226837,1.0135970005649142
723,117.05275200074539,1.427395996870473,113.81121800513938,0.9982830015360378
724,50.40071700204862,1.6046930031734519,46.90831199695822,1.0612449987092987
725,22.313974994176533,1.8184340005973354,16.79941200563917,0.9750790050020441
726,30.808182003966067,1.1186899937456474,26.658681003027596,1.105652998376172
727,18.897920999734197,1.289709995035082,15.671054999984335,1.0667270034900866
728,22.75503300188575,1.1599870049394667,19.72146300249733,1.0888200049521402
729,56.82176599657396,2.165918005630374,52.614895001170225,1.169023998954799
730,29.518657000153325,2.7160870013176464,24.952097999630496,1.0373379991506226
731,20.535133000521455,1.3789509976049885,17.302952001045924,1.0339500004192814
732,19.806240998150315,1.634970998566132,16.315947003022302,1.0374120029155165
733,21.14541300397832,2.2486770030809566,17.128523999417666,1.0119130020029843
734,20.218113997543696,2.059657999780029,16.22127900191117,1.0313559978385456
735,20.332186999439728,1.0078380000777543,15.971389002515934,1.0892270001932047
736,19.977149000624195,1.2229320054757409,16.756634002376813,1.1584129970287904
737,31.43772199837258,4.069296999659855,24.27476199954981,2.1118990043760277
738,23.332702003244776,2.043065003817901,19.0075339996838,1.4865810007904656
739,19.201903996872716,1.1958390023210086,16.19824199588038,1.0246340025332756
740,22.10582599946065,1.8821749981725588,17.878471997391898,1.537434000056237
741,19.825871000648476,2.2626959980698302,15.65831400512252,1.09363400406437
742,20.50491000409238,1.21193199447589,16.979154002910946,1.0292639999534003
743,20.217614001012407,1.1657830036710948,17.069079003704246,1.1712279956554994
744,19.7174439963419,1.6707489994587377,16.175037999346387,1.0771339948405512
745,19.74938900093548,2.092991999234073,15.791240002727136,1.0654680008883588
746,73.94075299816905,7.263922998390626,64.76967300113756,1.0999310034094378
747,19.795482003246434,1.0975969998980872,16.902893999940716,1.0063380032079294
748,19.760202994802967,1.1452270045992918,16.78743099910207,0.9993009953177534
749,19.748556005652063,1.4880809976602904,16.36865000182297,1.0716899996623397
750,31.8500379944453,1.1385979960323311,28.879912999400403,1.024967998091597
751,19.49129500280833,1.0605229981592856,16.573447996051982,1.0682829961297102
752,19.76135100267129,1.1594690004130825,16.538171003048774,1.2545799982035533
753,28.972357999009546,2.082508995954413,24.267521002911963,1.7349709960399196
754,22.824496001703665,1.8540269957156852,17.77017499989597,2.352529001655057
755,21.987472995533608,2.8191060046083294,16.59746700170217,1.4612849990953691
756,20.849838998401538,1.8690270007937215,16.71596800588304,1.442637003492564
757,20.87285699963104,1.864470999862533,16.3838360022055,1.7606190012884326
758,20.570929002133198,1.9888800015905872,16.278928000247106,1.374505998683162
759,20.487280999077484,2.7968830036115833,15.892556002654601,1.0223009958281182
760,19.760223003686406,1.8515090050641447,16.04824199603172,1.0456529998918995
761,19.05992200045148,1.1560240018297918,16.007612000976223,1.05046800308628
762,35.94100199552486,1.1366719991201535,32.94324699527351,1.0413929994683713
763,21.018839004682377,2.232454004115425,16.149982999195345,1.1601529986364767
764,25.426988999242894,1.8598790047690272,21.80308400420472,0.9887639971566387
765,19.19827499659732,1.152671997260768,16.20351999736158,1.0156899952562526
766,19.549128999642562,1.1403390017221682,16.353983999579214,1.220265003212262
767,20.604652003385127,1.016930997138843,15.685463004047051,1.1611720037763007
768,20.575522001308855,1.8633419967954978,16.479965997859836,1.4455989949055947
769,20.35307700134581,1.294968998990953,16.681763001543004,1.555247996293474
770,67.85127999319229,2.0589349951478653,62.53779199323617,2.3515659995609894
771,21.239081004750915,2.1551579993683845,16.491632006363943,1.7987309984164312
772,25.05093199579278,1.0532270025578327,16.950450000877026,4.2227979938616045
773,24.496763006027322,2.1236579996184446,19.059849000768736,1.4011370003572665
774,23.117496995837428,1.0270239945384674,17.836434999480844,1.233504997799173
775,19.9006670009112,1.0830979954334907,16.995468002278358,1.0523759992793202
776,20.456855003430974,0.9664489989518188,16.056224005296826,1.0687270041671582
777,19.17064499866683,1.1560419952729717,16.1416310002096,1.0533750028116629
778,28.4551709992229,1.1938940006075427,23.608017996593844,1.0859499961952679
779,20.953801002178807,1.1084870056947693,18.023288001131732,1.0329490032745525
780,21.87671399587998,1.9943239967687987,16.801578996819444,1.0403569976915605
781,19.172571002854966,1.193393996800296,16.12526100507239,1.0068379997392185
782,37.93143700022483,1.026227000693325,33.76447300252039,1.0699490012484603
783,20.17609399626963,2.1360469982028008,16.169594004168175,1.0648009993019514
784,19.665314997837413,2.2337139962473884,15.264368004864082,1.361468996037729
785,18.717402002948802,1.1430800004745834,15.77060999989044,1.019559997075703
786,31.100774998776615,1.197282996145077,27.25918299984187,1.8154900026274845
787,30.223512003431097,1.6716739992261864,26.1786229966674,1.0737460033851676
788,19.21121899795253,1.6422299959231168,15.290218994778115,1.4307289966382086
789,31.44392499962123,1.562174002174288,27.822704003483523,1.0217460003332235
790,19.45792500191601,1.4766740059712902,15.847056005441118,1.2784689970430918
791,40.59505999612156,1.955489999090787,35.76833399711177,2.110713998263236
792,21.009172000049148,2.09015700238524,16.4371140053845,1.6915259984671138
793,20.864505000645295,1.8631759958225302,16.272428001684602,1.8963609982165508
794,38.71314500429435,3.7683880000258796,30.868273999658413,3.2038479985203594
795,22.188511000422295,2.836753999872599,16.255427995929495,2.3519740061601624
796,20.351613995444495,1.9113419984932989,16.197076001844835,1.4508950043818913
797,19.35401600348996,2.0000280055683106,15.321589999075513,1.2170609988970682
798,19.519294997735415,1.414340003975667,16.193186995224096,1.1416540000936948
799,21.171209999010898,1.1083380013587885,18.306308003957383,1.0122079984284937
800,28.920691001985688,1.196395001898054,25.921621003362816,1.007042003038805
801,18.546104998677038,1.2243579985806718,15.359552999143489,1.1618200005614199
802,38.06345599878114,1.1683760021696799,35.122072004014626,1.001096999971196
803,21.999399999913294,1.083986004232429,19.114219001494348,1.011707994621247
804,20.498114005022217,2.5760299977264367,16.00405600038357,0.9882270023808815
805,19.113014997856226,1.2001909999526106,16.08896399557125,1.0333379977964796
806,19.25236800161656,1.1665799975162372,16.19494600163307,1.0564119947957806
807,19.348497997270897,1.111745004891418,16.43276200047694,1.039078997564502
808,19.815389001450967,1.8545830025686882,16.071223995822947,1.0207830055151135
809,18.88871799746994,1.1604309984249994,15.87011099763913,1.0300420035491697
810,18.92875500197988,1.2024870011373423,15.303330997994635,1.3326359985512681
811,30.168475001119077,1.0311340010957792,25.089784001465887,1.374357998429332
812,147.52626400149893,2.4401039991062135,143.3045219964697,0.9938750008586794
813,20.043574993906077,1.2071719975210726,17.027634996338747,1.0312269951100461
814,26.256345001456793,1.0155229974770918,16.970357006357517,5.830656999023631
815,24.037298004259355,2.053064999927301,19.313053002406377,1.7796749962144531
816,23.69072199508082,1.8197300014435314,19.45962900208542,0.9946159989340231
817,19.52118299959693,1.62471200019354,16.011501000321005,1.076783002645243
818,20.54159700492164,1.3228020034148358,15.900407001026906,1.0110779985552654
819,49.59904599672882,2.3250300000654534,43.72266700374894,2.7326240015099756
820,21.653361000062432,1.8873419976443984,16.766115004429594,2.0214350006426685
821,21.40461800445337,1.6983039968181401,17.92071299860254,1.0232269996777177
822,19.307553993712645,1.1718759997165762,16.33281700196676,1.031560001138132
823,41.60515700641554,2.095083000313025,37.2873599990271,1.4081370027270168
824,20.53479999449337,2.0953990024281666,15.675999005907215,1.4706370056956075
825,19.76013000239618,1.067968005372677,16.68480100488523,1.0278019981342368
826,19.29088599717943,1.226301996211987,16.243705998931546,1.009097002679482
827,19.96318600140512,1.1828200003947131,16.96813500166172,1.0144309999304824
828,19.491017003019806,1.1480239991215058,16.459354999824427,1.0565599950496107
829,18.955514999106526,1.208746005431749,15.694943998823874,1.1282279956503771
830,18.955496001581196,1.1552089999895543,15.807980998943094,1.1968389953835867
831,19.522201997460797,1.0883939976338297,16.61696700466564,1.0129680013051257
832,42.178085997875314,1.18457899952773,39.04775700357277,1.0861720002139919
833,20.964284005458467,2.316919002623763,16.714504003175534,1.0531340012676083
834,19.96474099723855,1.0742459999164566,16.03272300417302,1.0088389972224832
835,20.00244500231929,2.0194910030113533,16.15863099868875,1.017541995679494
836,19.324553999467753,1.1768210024456494,16.285983998386655,1.0199670068686828
837,19.441256998106837,1.4896360007696785,16.091056997538544,1.0318750064470805
838,18.999310996150598,1.3253389988676645,15.216756000882015,1.5283589964383282
839,19.58670300518861,1.8970090022776276,15.844018998905085,1.0432459966978058
840,19.33938699949067,1.1821169973700307,16.30003900208976,1.0081349973916076
841,119.89650499890558,1.4839699942967854,116.56721199688036,1.0115049954038113
842,19.163516000844538,1.1959870025748387,16.111001001263503,1.025079000100959
843,19.773610998527147,2.1254550010780804,15.813741003512405,1.0327639975002967
844,19.91751899913652,1.3061909994576126,16.28572399931727,1.4445069973589852
845,19.283571004052646,1.8590459949336946,15.56785000138916,1.0543009993853047
846,30.43464299844345,1.1221539971302263,27.508739003678784,1.0298929992131889
847,21.767785998235922,1.16635699669132,17.164431999844965,1.0430419933982193
848,21.584378999250475,1.1075610018451698,18.62562399765011,1.0305980031262152
849,20.439095998881385,1.2611170022864826,17.3081370012369,1.0414860007585958
850,19.319163999170996,1.1743759969249368,15.809203003300354,1.0380230014561675
851,20.56330000050366,1.8158789971494116,16.53904099657666,1.4450620001298375
852,20.829079003306106,1.8331380051677115,16.410614000051282,1.734564000798855
853,19.088069995632395,1.1545239976840094,16.06885299406713,1.030116000038106
854,19.128664003801532,1.1976349996984936,16.075279003416654,1.0455049996380694
855,22.334770997986197,1.3354870025068521,15.17192300525494,4.025963993626647
856,47.794482998142485,1.1256529978709295,43.33848099486204,2.518623005016707
857,28.396262001479045,2.1024540037615225,23.92683399375528,1.1095790032413788
858,25.576471001841128,1.6292669970425777,17.255024999030866,5.8648060003179125
859,56.82828499993775,2.807994002068881,49.61324999749195,1.037634996464476
860,19.549220996850636,1.926971999637317,15.741778006486129,1.027189995511435
861,19.841444001940545,1.8945650008390658,15.450516999408137,1.6752669980633073
862,32.60496800066903,3.673425002489239,25.355099998705555,1.474285003496334
863,23.142885002016556,1.599174996954389,19.255349005106837,1.0440789992571808
864,20.10555699962424,1.2284870026633143,17.08357999450527,1.013189998047892
865,19.393868999031838,1.2102269975002855,16.316390996507835,1.0562639945419505
866,20.544929000607226,1.2195980016258545,15.489535995584447,1.474525997764431
867,30.680755000503268,1.0998200014000759,27.79953699791804,1.0218199968221597
868,22.21230699797161,2.4602699995739385,17.618823003431316,1.3110610016155988
869,23.844463998102583,1.8397310050204396,19.757555004616734,1.4472660041064955
870,19.380572004592977,1.082356997358147,16.4419650027412,1.0263939984724857
871,31.9963160000043,2.4963830001070164,27.608852004050277,1.041375995555427
872,21.664693995262496,1.0827459991560318,17.11258000432281,1.6043040013755672
873,19.004663001396693,1.1379679999663495,15.991871005098801,1.088302000425756
874,19.348831003298983,1.1421349990996532,16.432131997135002,0.9837089965003543
875,19.776647997787222,1.107559997763019,16.871319996425882,0.9989120007958263
876,20.82104200235335,1.2077840001438744,17.741304996889085,0.9908010033541359
877,19.594090997998137,1.177321006252896,16.5619479957968,1.0380789972259663
878,19.383979997655842,1.3190800018492155,15.890055998170283,0.9949310042429715
879,19.58188800199423,1.056486005836632,16.760318998422008,1.0125980043085292
880,38.827144002425484,1.1901719990419224,35.74961199774407,1.0552269959589466
881,22.030435997294262,1.0312449958291836,19.185274999472313,1.0105409965035506
882,20.196131998091005,1.166968999314122,16.237928000919055,0.9945780038833618
883,19.9519260058878,1.1489310054457746,17.003950000798795,1.009911997243762
884,20.422910994966514,1.133227997343056,17.492897000920493,1.0137819990632124
885,19.9215370012098,1.1091720007243566,16.946709001786076,1.0342649984522723
886,19.65568499872461,1.152579003246501,16.671429999405518,1.0295790052623488
887,19.39081200544024,1.36591300542932,16.023741001845337,1.1574129966902547
888,19.623462998424657,1.036708003084641,16.712671000277624,1.0965049950755201
889,38.94821900030365,0.9980610047932714,34.25590099504916,1.0654310026438907
890,21.91439799935324,1.0912459983956069,19.015311998373363,1.0052640063804574
891,20.658540997828823,2.2533800001838244,16.540798998903483,1.0185050050495192
892,20.292039000196382,1.8914169995696284,16.635243999189697,1.0070610005641356
893,19.69042600103421,1.1225979978917167,16.697373997885734,1.0165229978156276
894,28.865968000900466,1.0825979989022017,25.884360999043565,1.0824490018421784
895,19.390793997445144,1.125857001170516,16.46959500067169,1.0026529998867773
896,19.683037004142534,1.7976200033444911,16.04944500286365,1.0147819994017482
897,19.1082559977076,1.1547829999472015,16.125205002026632,1.011893997201696
898,97.56175200163852,1.1124869997729547,94.64705300342757,1.0055419988930225
899,21.98306499485625,1.115838997066021,19.013384997379035,1.0268759942846373
900,25.70071300579002,1.1326169988024049,22.611271997448057,0.999893993139267
901,19.543127993529197,1.1503019995871,16.525446997547988,1.015616006043274
902,26.14708600594895,1.1081720003858209,23.198793998744804,1.0126710039912723
903,36.351928996737115,1.101690999348648,33.43686000152957,1.0130779992323369
904,20.555985000100918,1.1283569983788766,17.58648900431581,1.0140970043721609
905,20.60116999928141,1.1656720016617328,17.563008004799485,1.0485599996172823
906,19.57718400080921,1.4532290006172843,16.12714999646414,1.202154002385214
907,30.63860600377666,1.2438210032996722,27.38236900040647,1.2344499991741031
908,31.72935199836502,2.452512002491858,25.483582001470495,1.5973039990058169
909,29.573693995189387,2.2154919934109785,25.515396999253426,1.0194120040978305
910,19.716110000445042,1.3477100001182407,16.522428995813243,1.016041002003476
911,42.00410400517285,1.1147640034323558,38.91858900169609,1.1528939940035343
912,19.737037000595592,1.8648240002221428,16.03202000114834,1.0221530028502457
913,19.683239996084012,1.8069529978674836,15.990722997230478,1.0085050016641617
914,45.48480499943253,1.0951899967039935,42.337771999882534,1.06637499993667
915,27.496758004417643,1.1168380005983636,24.44178099540295,1.1543569999048486
916,22.274029994150624,1.7285999929299578,18.72632800223073,0.9969309976440854
917,19.362498002010398,1.6649890021653846,15.815813996596262,1.046431003487669
918,45.758047002891544,1.0479490010766312,41.47971299971687,2.437492999888491
919,20.678577995568048,1.0909499978879467,17.707433995383326,1.093152997782454
920,19.827889002044685,1.8482870000298135,16.089352997369133,1.0743010061560199
921,19.63770300062606,1.7370999994454905,15.983130004315171,1.087839002138935
922,19.885797002643812,2.013101999182254,15.607703004206996,1.4238590010791086
923,20.81026299856603,1.7897869984153658,16.508798995346297,1.709174997813534
924,19.751221996557433,1.815026997064706,16.029778998927213,1.057875000697095
925,19.822463000309654,1.9368610010133125,16.010463004931808,1.0679309998522513
926,20.166834998235572,1.0387829970568419,17.28383999579819,1.0441530030220747
927,20.54094800405437,2.008361007028725,15.874258999247104,1.850822998676449
928,42.353937998996116,2.771346000372432,37.69328699854668,1.0068940027849749
929,23.758148003253154,1.7794520026654936,20.048778998898342,1.0428189998492599
930,20.49970699590631,1.8513979957788251,16.36696600326104,1.510636997409165
931,21.266839998133946,1.8209159970865585,16.74900400394108,1.874491004855372
932,22.875848000694532,2.0019350049551576,16.369520999433007,2.2126770054455847
933,21.18348800286185,2.7035489983973093,16.0315190005349,1.6287859980366193
934,19.821907000732608,2.146473001630511,15.825499001948629,1.0638749954523519
935,19.871796997904312,2.001138993364293,15.918907993182074,1.1582639999687672
936,30.06795499823056,1.0041530040325597,25.606489994970616,1.228172994160559
937,20.99165300023742,2.3037509963614866,16.87554199452279,1.051505001669284
938,22.695699000905734,2.249233002658002,18.40182700107107,1.2136170043959282
939,21.384710998972878,2.0009910003864206,17.603414999030065,1.0127639980055392
940,51.00375700567383,1.0259490009048022,46.72121800103923,1.0021149937529117
941,19.56023899401771,1.7918230005307123,15.924870000162628,1.039153001329396
942,20.303410004999023,2.132269997673575,16.361262001737487,1.0042269932455383
943,19.626109999080654,2.0264720005798154,15.682053999626078,1.1024500054190867
944,31.83648199774325,2.387547996477224,27.4074990011286,1.0902459980570711
945,21.109136003360618,1.960638997843489,16.96289399842499,1.3381169992499053
946,20.465150999370962,2.0332499989308417,16.143408000061754,1.0250230043311603
947,19.75594399846159,1.1058380041504279,16.807264000817668,1.0172830006922595
948,19.442719996732194,1.1113569998997264,16.452946998469997,1.0155230047530495
949,30.818033003015444,1.204524996865075,27.79907399963122,1.009523002721835
950,21.438914998725522,1.1514310026541352,18.441788997733966,1.024485995003488
951,19.736499998543877,1.83537900011288,15.367109001090284,1.7361000063829124
952,32.75106000364758,1.141504995757714,29.522527001972776,1.2957649960299022
953,21.711934998165816,1.5557299993815832,18.143843997677322,1.0124870022991672
954,21.458007002365775,1.058709000062663,17.25839499704307,1.0144669940927997
955,19.83468500111485,1.1146719989483245,16.00220500404248,1.033893997373525
956,20.9429319947958,1.838470998336561,16.5433549991576,1.7284339992329478
957,20.314557004894596,1.826767998863943,16.45118799933698,1.229450004757382
958,28.797171995393,1.22454299707897,22.298789997876156,2.5846420030575246
959,21.928731999651063,1.9225279975216836,17.05974699871149,2.087269000185188
960,25.358655002492014,1.8389719989500009,21.626655994623434,1.0457819953444414
961,46.896942003513686,1.2075240010744892,43.71107400220353,1.0920240019913763
962,21.755748995929025,1.019135001115501,17.44284000596963,1.075635002052877
963,19.897186000889633,1.1005050037056208,16.868413003976457,1.0712450020946562
964,24.259502002678346,1.1053570051444694,21.275580998917576,1.099357003113255
965,19.43464599753497,1.4310250044218265,16.125334004755132,1.0571160019026138
966,61.60673200065503,1.154561003204435,58.59106899879407,0.9876340045593679
967,50.90807099622907,1.0802830001921393,47.936964001564775,1.073542000085581
968,22.777272999519482,1.118190004490316,19.80946299590869,1.0183930062339641
969,20.355466003820766,1.9967689950135536,16.054111998528242,1.4381549990503117
970,19.658498997159768,1.4441730018006638,16.369427998142783,1.0158380027860403
971,20.10226000129478,1.999565000005532,16.239019998465665,1.0294120002072304
972,20.33385400136467,0.9819490005611442,16.12683499843115,1.045411998347845
973,21.050894996733405,1.8053229941870086,16.46146600251086,1.9219910027459264
974,18.800662001012824,1.1242460022913292,15.478998000617139,1.1159679997945204
975,34.61886500008404,1.9402679972699843,30.851644005451817,1.0308199998689815
976,22.82860700506717,1.1719120011548512,19.792110993876122,1.007207996735815
977,20.67413299664622,1.4167289991746657,17.398506999597885,1.0205970029346645
978,19.31409000098938,1.3652110064867884,16.056278996984474,1.0268199985148385
979,19.933500996557996,1.872749999165535,16.050926999014337,1.0767820058390498
980,19.194423002772965,1.16620899643749,16.0436669975752,1.1537460013641976
981,19.099792996712495,1.416802995663602,15.833573997952044,1.0260789931635372
982,19.594536002841778,1.3312840019352734,16.350038997188676,1.0195609938818961
983,20.154316000116523,1.823286002036184,16.488114000821952,1.0098200000356883
984,19.26984899910167,1.1746909949579276,16.112482000607997,1.1039500022889115
985,19.19075600017095,1.1543569999048486,16.002185999241192,1.1621719968388788
986,28.37048500077799,1.595821995579172,24.80217099946458,0.9939669980667531
987,22.8029760037316,1.9637680015875958,17.900232000101823,2.104769002471585
988,19.898518999980297,1.048801001161337,16.958264001004864,1.098560998798348
989,31.907759999739937,1.4986739988671616,28.49026299372781,1.088263998099137
990,19.534442995791323,1.159561004897114,16.52257700334303,1.0411900002509356
991,20.364262003568,1.0994490003213286,17.40839600097388,1.073892999556847
992,19.68825899530202,1.789433998055756,16.001982003217563,1.08555999759119
993,20.105333998799324,1.1930049950024113,16.9567460034159,1.1605799954850227
994,31.071238001459278,1.1595800024224445,28.038946002197918,1.0732640002970584
995,24.105593998683617,2.505049000319559,18.886013996961992,1.458803002606146
996,21.107006003148854,1.0402460029581562,18.156010999518912,1.0893200014834292
997,20.463205997657496,1.3915800009272061,17.132450004282873,1.1252829935983755
998,19.4956280029146,1.4298219975898974,16.163333995791618,1.0743759994511493
999,19.826092997391243,1.17291299829958,16.78989400534192,1.0755420007626526
1000,21.673768002074212,1.1441169990575872,18.651494996447582,1.0391909963800572
1001,19.68994300113991,1.0818749942700379,16.785726002126466,1.0177080039284192
1002,19.16447899566265,1.136987004429102,16.14363100088667,1.054468004440423
1003,19.83153699984541,1.414006001141388,15.465424003195949,2.134435999323614
1004,27.858315006596968,1.1904319981113076,21.879621002881322,1.046579003741499
1005,21.95762100018328,1.0793199980980717,18.134806996386033,1.903748998302035
1006,35.1745719963219,1.7174710010294802,31.193255999824032,1.00444900454022
1007,19.188477999705356,1.1563020016183145,16.186148997803684,1.0527460035518743
1008,19.912629999453202,1.1743389986804686,16.486540000187233,1.4347659962368198
1009,25.180210002872627,1.1855609991471283,21.926658002485055,1.2391349955578335
1010,18.962384994665626,1.1414499967941083,15.83237000158988,1.1984690063400194
1011,19.048755006224383,1.1414680047892034,16.120168002089486,1.007578001008369
1012,34.97731199604459,1.1408389982534572,31.99570499418769,0.9947090002242476
1013,36.20478000084404,1.1293389979982749,33.237137002288364,1.0355229969718494
1014,19.540312998287845,1.1964869991061278,16.51387300080387,1.0112640011357144
1015,19.097570999292657,1.2471910013118759,16.033759995480068,1.0067820039694197
1016,19.306386006064713,1.4909329984220676,15.746684999612626,1.2007269979221746
1017,33.976009995967615,1.105117000406608,30.28880799683975,1.8104720002156682
1018,23.56764700380154,3.5065900010522455,17.611527000553906,1.6310999999404885
1019,21.546026997384615,1.6338040004484355,17.92160200420767,1.0745969993877225
1020,20.69613299681805,1.1423939940868877,17.10456100408919,1.6230080000241287
1021,43.78787099994952,1.9905099979951046,39.66594499797793,1.2431909999577329
1022,21.420563003630377,1.8349899983149953,17.645193001953885,1.112431004003156
1023,21.19191399833653,2.619140999740921,16.529836000700016,1.2250609943293966
1024,19.10264400066808,1.1552089999895543,16.106075003335718,1.0275419990648516
1025,30.262401000072714,1.1492100020404905,27.116516001115087,1.1951540000154637
1026,20.46533599786926,1.8331940009375103,16.347372002201155,1.4715799989062361
1027,20.616874004190322,1.8336939974687994,16.227519998210482,1.7516750012873672
1028,19.191996994777583,1.1742460046662018,16.137223996338435,1.0490610002307221
1029,30.688384002132807,1.120209002692718,27.73590699507622,1.0324489994673058
1030,23.55216500291135,1.8308600047021173,19.125755003187805,1.726471004076302
1031,19.596313999500126,1.407673000358045,15.735128996311687,1.0001350019592792
1032,19.028367001737934,1.2191350033390336,15.985944999556523,1.006783000775613
1033,19.431682994763833,1.1015240015694872,16.526428000361193,1.014115994621534
1034,25.813861000642646,1.0683010041248053,21.409396002127323,1.0421529950690456
1035,22.196826001163572,1.0861170012503862,18.706772003497463,1.0309680001228116
1036,19.51983199978713,1.4459320009336807,16.130224001244642,1.1124869997729547
1037,19.60651700210292,1.927008997881785,15.810147997399326,1.0761719968286343
1038,24.544039995817002,1.888879000034649,15.668036001443397,4.684892999648582
1039,24.29222500359174,1.9181389943696558,19.312682998133823,0.9941719981725328
1040,20.942800998454913,1.4323770010378212,17.6503229959053,1.0578940054983832
1041,20.74698600335978,2.617197998915799,15.741739996883553,1.0012450002250262
1042,24.67176299978746,1.1386530022718944,20.841781995841302,1.0257829999318346
1043,143.73083700047573,1.6090630015241913,140.21706199855544,1.0313189995940775
1044,31.31951699469937,2.1312879980541766,27.3226089993841,1.0227819948340766
1045,20.526484004221857,1.0227079983451404,17.75026800169144,1.0172449983656406
1046,62.00699300097767,1.1539129991433583,58.581199002219364,1.0011900012614205
1047,28.205575996253174,1.6095999962999485,24.73809699586127,1.0419310056022368
1048,23.410424000758212,1.6231180052272975,16.92202399863163,4.025185997306835
1049,26.108826001291163,2.238954999484122,18.63356900139479,2.411103996564634
1050,24.701041002117563,1.9495090018608607,19.589071998780128,2.180103001592215
1051,21.877101993595716,1.783063999027945,16.5884099988034,1.3565799963544123
1052,21.6667860004236,1.8736559941316955,17.505117997643538,1.4610630023526028
1053,21.698953001759946,2.7983280015178025,16.345168005500454,1.4623209935962223
1054,80.83448799879989,2.203453994297888,76.59602400235599,1.2172269998700358
1055,60.73713500518352,1.190153998322785,56.30548499902943,1.0453750001033768
1056,48.318465996999294,1.8272680026711896,44.22227999748429,1.4445439956034534
1057,19.997149000118952,2.163416997063905,16.00735200190684,1.035652996506542
1058,43.002088998036925,2.071416995022446,38.68380999483634,1.40493200160563
1059,65.22713800222846,1.5083779944689013,61.860973000875674,1.0663760040188208
1060,21.878360996197443,1.8857689938158728,17.671230001724325,1.4992479991633445
1061,104.31656100263353,1.797249002265744,100.64174699800787,1.0827079968294129
1062,19.57671999844024,1.4650810044258833,15.74598099978175,1.5387839957838878
1063,41.651268998975866,1.1584500025492162,38.71784700459102,0.9783200002857484
1064,23.79268500226317,1.6995270052575506,20.06109299691161,1.1979870032519102
1065,21.578323001449462,2.257696003653109,16.76543000212405,1.0408009984530509
1066,19.503812996845227,1.795027004845906,15.875480996328406,1.0046160023193806
1067,19.685814004333224,1.4727099987794645,16.320743001415394,1.0293570012436248
1068,19.53525799763156,1.054672000464052,15.95037000515731,1.0207450031884946
1069,20.52552100212779,1.1754869992728345,17.041097999026533,1.4935440049157478
1070,19.24020099977497,1.4455989949055947,15.993352004443295,0.9923010002239607
1071,19.219403999159113,1.203135005198419,16.13896500202827,1.0352449971833266
1072,37.991436998709105,2.1523620016523637,33.916120999492705,1.0841900002560578
1073,21.226691002084408,1.1117089961771853,18.145362999348436,1.0971719966619276
1074,23.582887995871715,2.4380489994655363,19.24942299956456,1.0385230052634142
1075,20.16840900614625,0.9981529947253875,15.881999999692198,1.0700969942263328
1076,19.175219000317156,1.1577460027183406,16.15676099754637,1.0338009960833006
1077,19.626313995104283,1.0809860032168217,16.703151995898224,1.038079004501924
1078,19.046902998525184,1.8766009961836971,15.204588999040425,1.1382270022295415
1079,19.694555005116854,1.547006999317091,16.29057600075612,0.9828559996094555
1080,19.764110998949036,1.169246002973523,15.655016999517102,2.1000470005674288
1081,40.408631997706834,1.1281719998805784,35.635296000691596,2.3482149990741163
1082,21.512304003408644,1.2861360009992495,17.51552600035211,1.6059889967436902
1083,19.719702999282163,1.6265630038105883,15.780795998580288,1.047430996550247
1084,19.34310900105629,1.449320996471215,16.030389997467864,1.02115300251171
1085,19.668868997541722,2.1440650016302243,15.647424996132031,1.0743750026449561
1086,19.601776999479625,1.116858002205845,15.798517997609451,1.0289860001648776
1087,18.975903003592975,1.1551540010259487,15.943778002110776,1.0784119949676096
1088,19.29229399684118,1.8137680017389357,15.058828998007812,1.5737479989184067
1089,19.729776999156456,2.0138609979767352,15.84981400083052,1.0151899987249635
1090,41.572175003238954,1.1323389990138821,38.54853200027719,1.0211160042672418
1091,30.132269996101968,1.1753750004572794,27.127052999276202,1.0117080018972047
1092,19.5589619979728,1.4609880017815158,16.20089000061853,1.042855998093728
1093,19.808092001767363,1.9818420041701756,15.982703996996861,1.0375970014138147
1094,27.29375700437231,1.283636003790889,24.171261000446975,1.0066899994853884
1095,19.10249600041425,1.1849129950860515,16.066500000306405,1.0254680018988438
1096,34.32345699548023,1.513211005658377,30.930569999327417,1.032985994243063
1097,21.883268003875855,2.0126210001762956,17.739786999300122,1.2875619941041805
1098,31.874796994088683,1.915935004944913,27.973389995167963,1.055929998983629
1099,20.569522006553598,2.2310660060611553,15.539147003437392,1.4051359976292588
1100,27.78748099808581,2.4302150050061755,22.770014002162497,1.1055979994125664
1101,19.58846199704567,2.0542689962894656,15.44999799807556,1.2328210068517365
1102,30.187011005182285,1.7353229995933361,26.64299499883782,0.9992269988288172
1103,23.534349995316006,1.5041560036479495,20.14842700009467,1.0346529961680062
1104,26.76384700316703,1.5188399993348867,23.37757199711632,1.035189998219721
1105,39.569036998727825,1.485118002165109,36.27820599649567,0.9975610009860247
1106,27.088126000307966,1.1744679941330105,24.055038004007656,1.0619679960655048
1107,19.66236899897922,1.3499690030585043,15.679775999160483,1.824657003453467
1108,19.171478001226205,1.6355629995814525,15.610313996148761,1.1210800003027543
1109,21.020449996285606,1.120449000154622,17.99925000523217,1.0711720024119131
1110,20.00040800339775,1.1586910040932707,16.919763998885173,1.0752080052043311
1111,19.923464002204128,1.169394003227353,16.855022993695457,1.0867090022657067
1112,19.695146998856217,1.4115060039330274,16.109575000882614,1.3280239945743233
1113,19.02064399473602,1.075078995199874,15.999556002498139,1.1691539984894916
1114,38.4106050041737,2.1546209973166697,34.43571599927964,1.01802300196141
1115,21.001467997848522,1.511506998213008,17.625749002036173,1.0353199977544136
1116,19.250868004746735,1.1730799960787408,16.223279999394435,1.0081350046675652
1117,19.830387995170895,2.1872880024602637,15.534721002040897,1.2604869989445433
1118,21.982787999149878,1.8422860011924058,17.8999540003133,1.4406179980142042
1119,20.01025999925332,2.1307140050339513,16.003056000045035,1.0322460002498701
1120,19.240460002038162,1.189856993732974,16.16950100287795,1.0223190038232133
1121,20.333632004621904,2.0118239990551956,16.375150000385474,1.1264490021858364
1122,22.49632699385984,1.7517489977763034,18.913662002887577,1.0205419966951013
1123,37.46897000382887,1.42571100150235,34.14678900298895,1.0763380050775595
1124,20.634319000237156,1.2263759999768808,17.559601001266856,1.0215410002274439
1125,19.077514996752143,1.9590640004025772,15.181922994088382,1.0773019967018627
1126,19.33779300452443,1.7154710003524087,15.415701003803406,1.2294130065129139
1127,19.014514997252263,1.4098399988142774,15.747591998660937,1.0585979980533011
1128,19.085033003648277,1.2251730004209094,16.009963997930754,1.0399310049251653
1129,19.84372199513018,1.9706940001924522,15.999408002244309,1.0745420004241168
1130,19.508942998072598,1.6771190057625063,15.978110997821204,1.0313940001651645
1131,22.699698005453683,2.138010000635404,17.302599000686314,2.4153449994628318
1132,20.31389100011438,1.8888060003519058,16.16405700042378,1.4631360027124174
1133,29.690379000385292,1.9263049980509095,24.594189002527855,2.252511003462132
1134,22.78103199932957,2.522474998841062,17.654637995292433,1.7032120013027452
1135,21.520581998629496,1.8556750001152977,17.77065700298408,1.0813389963004738
1136,20.140704997174907,1.8105269991792738,15.812148005352356,1.6729150011087768
1137,19.885314999555703,2.1303980029188097,15.89137099654181,1.0649500036379322
1138,19.73014700342901,1.769655995303765,16.080759996839333,1.0438009994686581
1139,19.10642300208565,1.1531529962667264,16.12305599701358,1.0175970019190572
1140,21.23839499836322,1.8301009986316785,16.834262998600025,1.720693995594047
1141,20.277538998925593,1.6847669976414181,16.155259996594395,1.612173997273203
1142,20.194352997350506,1.7751010018400848,16.383873000449967,1.19426500168629
1143,34.286660003999714,1.1565980021259747,31.198755998048,1.103486996726133
1144,20.78780000010738,1.2165250009275042,16.206464999413583,2.0953799976268783
1145,30.274197000835557,2.9274019980221055,25.117062003118917,1.4596550026908517
1146,21.349618000385817,2.529919001972303,16.55518900224706,1.454691999242641
1147,28.520576997834723,1.912711995828431,24.712689002626576,1.0432639974169433
1148,40.03761299827602,1.197931997012347,36.967265004932415,1.0575790001894347
1149,21.493878004548606,2.106214000377804,17.28039600129705,1.2959129962837324
1150,19.36283099348657,1.473377000365872,15.907371001958381,1.1970609994023107
1151,164.40250600135187,1.5960259988787584,160.74097100499785,1.1168390046805143
1152,35.5575920038973,1.5878220001468435,32.137668000359554,1.0174299968639389
1153,31.60329499951331,1.0870049954974093,28.038259995810222,1.64404499810189
1154,22.159806998388376,2.072657000098843,17.718341005092952,1.110115998017136
1155,82.02256700315047,2.189065999118611,77.42724900163012,1.6129330033436418
1156,39.24501599976793,1.4359509950736538,35.89642600127263,1.0738199998741038
1157,19.969925997429527,1.1114680019090883,16.878652000741567,1.1545790039235726
1158,20.387632001074962,1.393988000927493,15.900889004115015,2.129398002580274
1159,36.95996899477905,1.2961169995833188,33.20709899708163,1.5060250007081777
1160,20.832041001995094,1.193357995362021,17.61717400222551,1.0041720015578903
1161,19.61185099935392,1.1390049985493533,16.62254000257235,1.0322640009690076
1162,48.62446700280998,1.2216169998282567,45.57343399937963,1.0045040035038255
1163,21.0874309996143,1.0385049972683191,17.273081000894308,1.0341340021113865
1164,21.362006998970173,1.346858000033535,18.02832500106888,1.0353380057495087
1165,21.04674599831924,1.083041999663692,16.18481700279517,1.0095979960169643
1166,79.71525999892037,1.2095429992768914,76.19515099941054,1.4985259986133315
1167,19.388554006582126,1.6535079994355328,15.897202996711712,1.028282000334002
1168,19.615312994574197,1.5899149948381819,16.14398299716413,1.053041996783577
1169,20.02911200543167,2.174418004869949,16.013832995668054,1.0765230035758577
1170,19.056680997891817,1.9537499974831007,15.249422998749651,1.0472830035723746
1171,19.01142200222239,1.6618220033706166,15.305812004953623,1.0902079957304522
1172,19.95574099419173,1.8124340058420785,16.26683500217041,1.015781999740284
1173,38.51529100211337,1.5362109988927841,34.5036419967073,1.042967996909283
1174,32.241779001196846,1.84719300159486,28.57113299978664,1.0087460032082163
1175,19.46146100090118,1.5573589989799075,16.03733399679186,1.0360050000599585
1176,61.193210996862035,1.5961370008881204,57.716471994353924,1.0637090017553419
1177,19.852648001688067,1.0347819988965057,15.757129003759474,1.0429310059407726
1178,20.6147439967026,1.8547130021033809,16.51233599841362,1.4362660003826022
1179,19.190627004718408,2.0223249957780354,15.272329997969791,1.0472080030012876
1180,19.392219997826032,1.221227998030372,16.080186003819108,1.154115998360794
1181,100.03355800290592,2.0214729956933297,95.44707399618346,1.6504520026501268
1182,23.272107995580882,1.8529350054450333,18.439457002386916,2.1502879972103983
1183,24.8079119992326,1.6235259972745553,21.058950005681254,1.1923019992536865
1184,19.470146005915012,1.1141530048917048,16.50044700363651,1.039078997564502
1185,20.041222996951547,2.0958799941581674,16.05155699508032,1.0672270000213757
1186,25.414026000362355,1.8030270002782345,21.214747001067735,1.5482849994441494
1187,27.59081299882382,1.8519340010243468,23.82370400300715,1.0243189972243272
1188,19.39255400066031,1.136838000093121,16.391873003158253,1.019893999909982
1189,19.81359199999133,2.0894170011160895,15.891536997514777,1.009763996989932
1190,20.537151001917664,2.4929740029620007,16.16285299678566,0.999190000584349
1191,18.75675399787724,1.6404150010203011,15.194404004432727,1.0652460041455925
1192,24.46341000177199,1.155264995759353,20.78317099949345,1.6711380012566224
1193,24.592317997303326,2.2993250022409484,19.352145995071623,1.9462870041024871
1194,22.027992003131658,1.116895000450313,18.949068995425478,1.0138010038645007
1195,39.052626001648605,1.8666940013645217,35.31035000196425,1.0077269980683923
1196,22.696604995871894,2.356769997277297,18.287288999999873,1.2205979946884327
1197,19.91283400275279,1.8663239970919676,16.1579640043783,1.1046720028389245
1198,19.645572996523697,1.0971709998557344,16.651003999868408,1.0775420014397241
1199,19.37334900139831,1.4467110013356432,16.067575001216028,1.081060996511951
1200,19.400757002586033,1.1550050039659254,16.44620599836344,1.0024299990618601
1201,19.952167000155896,2.405307001026813,15.573405995382927,1.0435789954499342
1202,20.959597997716628,1.8273780005984008,16.597244000877254,1.7122110002674162
1203,19.350053000380285,1.2656349936150946,16.267278995655943,1.0132079987670295
1204,19.60370199958561,1.149504998466,16.549057996599004,1.0185229984926991
1205,33.61399000277743,1.0861900009331293,30.67164299864089,1.0356160055380315
1206,22.703716000251006,2.098898999975063,18.1817510019755,1.5737479989184067
1207,20.106797994230874,1.177024001663085,16.62915199995041,1.0241900017717853
1208,19.480294002278242,1.1528009999892674,16.443372005596757,1.0416340010124259
1209,19.782629002293106,1.1307270033285022,16.78055999946082,1.0342649984522723
1210,21.180598996579647,2.1211579951341264,17.148247003206052,1.0551720042712986
1211,19.85944400075823,1.4305250006145798,16.313445994455833,1.1906910003744997
1212,21.096543001476675,1.16700599755859,18.129454998415895,1.0167640066356398
1213,19.20040400000289,1.1007460052496754,16.228945001785178,1.0797089998959564
1214,106.50577300111763,1.8764900014502928,102.78766299597919,1.0243379947496578
1215,19.272571000328753,1.2443759987945668,16.041722999943886,1.0473750007804483
1216,19.054347998462617,1.1468569937278517,15.982277996954508,1.1450599995441735
1217,19.398775999434292,1.0750790024758317,16.479114005051088,1.0821530013345182
1218,19.804796000244096,1.86111999937566,16.074316001322586,1.0593199986033142
1219,22.001323995937128,1.1380799987819046,19.051921997743193,1.0129309957847
1220,36.42263300571358,4.99230099376291,28.87257900147233,1.6660999972373247
1221,30.476196996460203,2.066490997094661,26.151195997954346,1.02802299807081
1222,19.371257003513165,1.1916160001419485,15.498091001063585,1.188060996355489
1223,19.486738994601183,1.9032319978578016,15.747776997159235,1.0579870067886077
1224,19.868148003297392,1.8702309971558861,16.136167003423907,1.0555979970376939
1225,19.528775999788195,1.6881749979802407,15.99303799594054,1.0452089991304092
1226,19.24999699986074,1.1553760050446726,16.224371996941045,1.0053010046249256
1227,19.566035000025295,1.8961389941978268,15.812350997293834,1.0612080004648305
1228,23.785277000570204,1.9148239953210577,18.888884005718865,1.9304900051793084
1229,37.00785800174344,3.0602740007452667,31.637536005291622,1.4478400044026785
1230,24.066760001005605,1.8216379976365715,19.670351000968367,1.5643220031051897
1231,21.823878996656276,2.3072510011843406,17.21613600238925,1.5055069961817935
1232,23.26655299839331,2.571901000919752,18.391122997854836,1.4954700018279254
1233,23.53035000123782,2.2151029988890514,19.350164002389647,1.0937089973594993
1234,20.508483998128213,1.1198569991393015,16.074592997028958,1.0416910008643754
1235,19.198719004634768,1.24606099416269,16.12602000386687,1.0142449973500334
1236,19.74392499687383,1.7825269969762303,16.116149003210012,1.0228559985989705
1237,44.916061000549234,1.421248001861386,40.49231800308917,2.154251000320073
1238,25.176153998472728,1.0917460022028536,21.10813500621589,1.0037639949587174
1239,19.11666300293291,1.4112479984760284,15.18334899446927,1.579376999870874
1240,19.211423001252115,1.7482109979027882,15.658017000532709,1.0577280045254156
1241,21.23870999639621,2.1439919946715236,17.28458100114949,1.0265420060022734
1242,19.07034800387919,1.3388580046012066,15.85250000061933,1.060727001458872
1243,31.015273998491466,1.202043000375852,25.314488004369196,3.6787579956580885
1244,20.6257989993901,1.5264520043274388,17.271561999223195,1.0028750039055012
1245,34.3569570031832,1.224319996254053,31.145997003477532,1.0852650011656806
1246,23.74201699421974,1.3459320034598932,20.315593996201642,1.2676360056502745
1247,19.66249900578987,1.1035240022465587,16.761486003815662,1.011893000395503
1248,19.609405993833207,1.5223410009639338,16.235002003668342,1.0186529980273917
1249,18.69108700338984,1.2510430024121888,15.5675540008815,1.0383940025349148
1250,19.100532997981645,1.2172469942015596,15.996647998690605,1.0025230003520846
1251,19.708129002538044,1.6289150007651187,15.806054994754959,1.4459509984590113
1252,19.457312999293208,1.623563002794981,16.021741001168266,1.023448996420484
1253,19.001180997292977,1.3419319948297925,15.81283200357575,1.0271159990224987
1254,18.722364999121055,1.1890620007761754,15.690054999140557,1.0217450035270303
1255,37.565341001027264,1.1131709979963489,34.58703100477578,1.0169859961024486
1256,20.53474399872357,1.4010250015417114,17.208709999977145,1.0776909984997474
1257,18.606494006235152,1.2187090032966807,15.296812001906801,1.1513950012158602
1258,18.63243799743941,1.1705049982992932,15.437146001204383,1.2166910019004717
1259,19.016680998902302,1.1265049979556352,16.073167003924027,1.0144490006496198
1260,18.955681000079494,1.2755239949910901,15.83187000505859,1.0060049971798435
1261,18.81855099782115,1.2264320030226372,15.71401800174499,1.0386159992776811
1262,19.159422001393978,1.219543002662249,16.08777800720418,1.0106160043505952
1263,19.18951499828836,1.1223760011489503,16.181946004508063,1.033542001096066
1264,19.46755400422262,1.6220999968936667,15.0557180022588,1.8893239976023324
1265,84.51292999961879,1.8901570001617074,78.66403300431557,1.4461550017585978
1266,22.39897399704205,1.8586199948913418,18.25725199887529,1.475209995987825
1267,20.410224999068305,1.7926380023709498,16.272223998385016,1.5523960028076544
1268,21.789249003631994,2.3544550058431923,16.549373998714145,2.0554910006467253
1269,20.713245001388714,2.065417000267189,16.170816001249477,1.680378001765348
1270,19.14923699951032,1.317228001425974,15.995834000932518,1.0021159978350624
1271,92.40367000165861,1.830879002227448,88.30463299818803,1.472543997806497
1272,20.894819994282443,1.8310829982510768,16.31413200084353,1.3557470010709949
1273,42.73273500439245,1.1867279972648248,39.73344399855705,1.0101149964611977
1274,19.72972200019285,1.271357003133744,16.567595994274598,1.0487270046724007
1275,18.889179998950567,1.211691000207793,15.627628003130667,1.11209799797507
1276,24.392742998315953,1.895063993288204,15.901481005130336,5.768693998106755
1277,26.014139999460895,2.470234001521021,21.00696900015464,1.6268039980786853
1278,20.695874001830816,1.3232099954620935,17.029670998454094,1.0608750017127022
1279,25.67747099965345,1.8307310019736178,21.631674004311208,1.4441740058828145
1280,20.623224998416845,2.0939910027664155,16.069889003119897,1.6345809999620542
1281,29.94365800259402,1.8729160001385026,25.798213006055448,1.4938409949536435
1282,89.43480499874568,2.1063070016680285,84.64576400001533,1.7653600007179193
1283,26.205344001937192,2.554844999394845,21.266951000143308,1.491987997724209
1284,31.173274001048412,3.079365997109562,26.227251000818796,1.0210980035481043
1285,23.768740997184068,1.8520640005590394,19.65129499876639,1.426896000339184
1286,21.026670998253394,1.864323996414896,16.699669999070466,1.5777480002725497
1287,39.23694200057071,1.8009709965554066,34.306604000448715,2.3048069997457787
1288,31.590701997629367,2.5916599988704547,26.04176900058519,2.07738000608515
1289,19.82387000316521,1.8213229996035807,15.829055002541281,1.3384870035224594
1290,20.228371999110095,1.4546360034728423,16.517465002834797,1.4361919966177084
1291,45.044562000839505,2.512642000510823,40.22840899415314,1.4889520025462843
1292,23.72825799830025,2.014121004322078,19.548295000276994,1.3515620012185536
1293,28.356891001749318,1.567211002111435,24.511873998562805,1.4813779998803511
1294,20.058408001204953,1.4633030004915781,16.728133996366523,1.0266160024912097
1295,19.2481449994375,1.1045790015487,16.346853000868578,1.0278560002916493
1296,40.48587400029646,1.8168980022892356,36.7616529983934,1.0500050047994591
1297,20.809929999813903,1.8174340002587996,17.10100500349654,1.066115997673478
1298,20.216520002577454,1.2267090060049668,16.85542999621248,1.1732459970517084
1299,42.49002999858931,1.1191720041097142,39.55014700477477,1.011096996080596
1300,22.46101199853001,1.8176189987570979,18.229900000733323,1.5452669977094047
1301,26.21395500318613,1.8471380026312545,22.51982699817745,1.0392279946245253
1302,19.201181996322703,1.1430240047047846,16.153242002474144,1.0741349979070947
1303,19.279516003734898,1.0708570043789223,16.37252000364242,1.0265599994454533
1304,19.94944399484666,2.2315289970720187,15.660498997021932,0.9800780026125722
1305,19.14177399885375,1.654266998230014,15.67844300006982,0.9873750022961758
1306,38.46356800204376,1.0789869993459433,35.87022199644707,0.7290399953490123
1307,33.01909800211433,1.2115610006731004,28.969542006962,1.0053200021502562
1308,30.339733995788265,1.8048600031761453,26.70030900480924,1.00802300585201
1309,19.98870300303679,2.191510000557173,15.952667003148235,1.0077639963128604
1310,19.49966500251321,1.1127090037916787,16.481853999721352,1.0622830013744533
1311,18.74429099552799,1.1315230003674515,15.759611000248697,1.0072630029753782
1312,19.58123900112696,2.313326003786642,15.306442001019605,1.1370610009180382
1313,19.552295001631137,1.9377680000616238,15.827406998141669,1.026560006721411
1314,19.315423000080045,1.1176539992447942,16.32207600050606,1.0640230029821396
1315,29.86956400127383,1.109282995457761,26.978087997122202,0.9882079975795932
1316,44.07959400123218,1.190764996863436,38.74336499575293,2.352955998503603
1317,19.66031399933854,1.138283005275298,16.411019998486154,1.3202099944464862
1318,20.165242000075523,1.1354309972375631,15.781684000103269,1.062837996869348
1319,19.44666399504058,1.1911539986613207,16.439705999800935,1.0367819995735772
1320,20.116575004067272,1.0582640024949796,15.846072994463611,1.041505005559884
1321,19.532034995791037,1.0918749976553954,16.62581800337648,1.04952300171135
1322,20.795855998585466,1.1255610006628558,17.30700599728152,1.5329329980886541
1323,22.421475005103275,1.2044309987686574,15.562590000627097,4.844986004172824
1324,49.43254400131991,1.7908610025187954,44.43107700353721,2.3977710006874986
1325,21.30122899689013,2.0715099963126704,16.367649994208477,2.0870470034424216
1326,29.568229998403694,2.1197320020291954,24.48463199834805,2.135620998160448
1327,24.03066700208001,2.112695001414977,18.733938995865174,2.3747330051264726
1328,20.789262998732738,2.2658800007775426,15.59951599483611,2.1274170067044906
1329,19.685666004079394,1.8238039992866106,15.940944002068136,1.1261170002399012
1330,19.652905997645576,1.7287489972659387,16.01777799805859,1.1007089997292496
1331,19.52170200092951,1.5862299987929873,16.021759998693597,1.1059130047215149
1332,62.385585995798465,1.1768390031647868,58.546382999338675,1.8124519992852584
1333,30.0491950038122,1.0741529986262321,26.655548994312994,1.1936360024265014
1334,19.695629001944326,1.6477669996675104,16.06157400237862,1.0618379965308122
1335,43.05203299736604,1.470174000132829,39.773758995579556,0.9992630002670921
1336,23.421165002218913,2.757920003205072,17.923213003086857,1.0885230003623292
1337,19.754424996790476,1.1313759969198145,16.479354999319185,0.9913190006045625
1338,37.35972900176421,1.9415830029174685,31.571573003020603,2.4957339992397465
1339,30.596030999731738,1.9549719945644028,25.420673002372496,2.3560480040032417
1340,21.57678500225302,2.1033059965702705,16.262593999272212,1.7351560018141754
1341,20.545391998894047,1.0905419985647313,15.750664999359287,1.0470600027474575
1342,20.76409599976614,1.1514680008986033,17.800064000766724,1.0213190034846775
1343,18.964866001624614,1.2102460023015738,15.800499000761192,1.1500980035634711
1344,19.976333998783957,0.9854680029093288,15.934555005514994,1.0658009996404871
1345,19.827295996947214,2.0946579970768653,15.862648004258517,1.0774490001494996
1346,19.695590999617707,1.523618004284799,15.904926003713626,1.4386360053322278
1347,33.12354299850995,1.1408570062485524,29.578155998024158,1.6023409989429638
1348,21.90315700136125,1.8028409976977855,17.793935003282968,1.025079000100959
1349,19.867296003212687,1.9611569950939156,16.027388999646064,1.0502829973120242
1350,21.39496999734547,1.1813749952125363,18.300695999641903,1.0785970007418655
1351,31.720758001029026,1.223967999976594,28.600985002412926,1.0874310028157197
1352,18.834809998224955,1.1836350022349507,15.77792500029318,1.0422460036352277
1353,19.349089998286217,1.649229001486674,15.078717995493207,1.3642659978359006
1354,18.616290006320924,1.1365050013409927,15.510738994635176,1.1665980055113323
1355,19.08051499776775,1.187023997772485,16.043093004554976,1.060431000951212
1356,28.52931700181216,1.1889870002050884,25.101004997850396,1.4112850039964542
1357,21.667174994945526,2.050491006230004,17.717749004077632,1.027097001497168
1358,20.29609400051413,1.1674859997583553,17.295858000579756,1.01196800096659
1359,18.965606999699958,1.2823950019082986,15.853759003221057,1.0102259984705597
1360,19.321496998600196,1.1930790060432628,16.2091500023962,1.0814870038302615
1361,19.39860900165513,1.9427690058364533,15.451348997885361,1.194301999930758
1362,18.419806998281274,1.1592829978326336,15.315016004024073,1.0917820036411285
1363,18.666661002498586,1.2808020037482493,15.503793998504989,1.0822269978234544
1364,51.86225900251884,1.1879129961016588,44.380169005307835,5.464118003146723
1365,30.349845001182985,2.167009995901026,25.575118997949176,1.7068220040528104
1366,19.89298099942971,1.5325630010920577,16.039907997765113,1.0194679998676293
1367,19.610331997682806,1.3098199997330084,16.377094994822983,1.0376720019849017
1368,19.046440997044556,1.240394005435519,15.92909299506573,1.0386899957666174
1369,37.56147000240162,1.8724350011325441,33.83723099977942,1.0452650021761656
1370,19.12555200397037,1.3090430002193898,15.355848998297006,1.5675069953431375
1371,18.858142997487448,1.210394999361597,15.849962997890543,1.0066710019600578
1372,19.00234800268663,1.2142829946242273,15.877703997830395,1.0707270048442297
1373,49.050597997847944,1.0949119969154708,46.159418001479935,0.9852820003288798
1374,30.60082699812483,1.142449000326451,27.581090995226987,1.0495789974811487
1375,32.056982003268786,1.183117004984524,28.7502270002733,1.3166169956093654
1376,32.24470599525375,1.0205229991697706,28.128519996243995,1.0962640008074231
1377,19.628665002528578,1.8114890044671483,15.716998997959308,1.0893020007642917
1378,19.268386000476312,1.5900069993222132,15.905462998489384,0.9943379991455004
1379,19.339885999215767,1.3258210019557737,16.16879799985327,1.0322079979232512
1380,37.58380399813177,1.1214679980184883,33.36252600274747,1.5512480022152886
1381,24.696448002941906,1.8113789992639795,19.863444998918567,2.275362996442709
1382,20.102704998862464,2.176102003431879,16.098092994070612,1.0422460036352277
1383,19.504590003634803,1.3148200014256872,16.301834999467246,1.064208998286631
1384,19.10123699781252,1.231857000675518,16.006758996809367,1.0253930013277568
1385,23.427219995937776,1.9640090031316504,16.528132000530604,2.3494359993492253
1386,25.773305002076086,1.9135089969495311,19.337311998242512,2.2349729988491163
1387,27.069736002886202,3.2127560043591075,22.07658399856882,1.07030200160807
1388,99.94783499860205,1.014411995129194,95.90081599890254,1.1601899968809448
1389,21.446209997520782,1.7154340021079406,16.018611000617966,1.027411999530159
1390,19.852110999636352,2.166028003557585,15.80520300194621,1.0273930020048283
1391,18.758402002276853,1.2748389999615029,15.576386998873204,1.0755599942058325
1392,19.078532997809816,1.2521359967649914,15.107439998246264,1.3389509986154735
1393,20.4870210000081,1.024208999297116,15.814129001228139,1.0200049946433865
1394,42.28941900510108,1.0075969985336997,38.198362999537494,1.0299120040144771
1395,21.158875999390148,1.227709995873738,17.942120000952855,1.1526910020620562
1396,18.86858699435834,1.31261700153118,15.503220005484764,1.2366730006760918
1397,23.002662004728336,1.8288599967490882,17.6548039962654,1.0734489987953566
1398,20.137982995947823,1.8476010009180754,16.417760998592712,1.041060997522436
1399,18.565734004369006,1.2074499973095953,15.506238007219508,1.0335789993405342
1400,20.185037996270694,2.031879994319752,15.798925000126474,1.4618029963457957
1401,20.808207998925354,1.0291529979440384,15.981110998836812,1.169968003523536
1402,20.96024500497151,1.031874999171123,16.685911003150977,1.089763994968962
1403,19.89724099985324,1.0783379984786734,15.813536003406625,1.0720609934651293
1404,47.87185199529631,1.7053230039891787,44.28389100212371,1.0370789968874305
1405,23.00294000451686,1.0842829942703247,18.05543599766679,1.2013759987894446
1406,20.01835199916968,1.034116001392249,15.790017001563683,1.0724309977376834
1407,19.768758997088298,1.0147819994017482,15.785998999490403,1.0741900041466579
1408,20.552817004499957,1.871730994025711,16.36696499917889,1.5003769949544221
1409,20.38255799561739,1.0420230028103106,15.776981003000401,1.021042000502348
1410,19.459312003164086,1.4772290014661849,15.255756006808951,1.1875790005433373
1411,19.764388001931366,1.0299119967385195,15.608591005729977,1.2665429967455566
1412,36.707299994304776,1.3985069963382557,33.47547000157647,1.043264004692901
1413,24.985746000311337,1.0609680030029267,20.222279003064614,1.063023999449797
1414,20.814930001506582,2.0790470007341355,16.360020999854896,1.0170599998673424
1415,36.07707499759272,1.8844900041585788,30.909901994164102,1.8367489974480122
1416,24.008704000152647,1.8436389946145937,19.016348000150174,2.118268996127881
1417,20.55672500137007,2.4915300018619746,16.129092997289263,1.1336160023347475
1418,31.220534001477063,1.864657002442982,26.994699001079425,1.464599001337774
1419,23.697313998127356,1.8171379997511394,18.707901996094733,1.5822480054339394
1420,49.18496900063474,2.799180001602508,42.042788001708686,2.453954999509733
1421,24.435409002762754,2.1012319994042628,20.47046500229044,1.0699870035750791
1422,21.5139520005323,1.5984889978426509,16.02261100197211,1.489394999225624
1423,19.073106996074785,1.1966729944106191,16.027537996706087,1.0928749979939312
1424,20.690596000349615,1.6199889942072332,17.06828299938934,1.2176539967185818
1425,33.64200799842365,1.1438580040703528,30.23308500269195,1.4696549988002516
1426,20.51476199994795,2.150899003027007,16.588299004069995,1.0281159993610345
1427,50.235455004440155,1.704360001895111,46.69506799837109,1.0091709991684183
1428,31.413904995133635,2.189120998082217,27.108921996841673,1.3413019987638108
1429,20.71778100071242,1.0172450056415983,15.661183002521284,1.0367079958086833
1430,20.14081599918427,1.23700599942822,15.258996005286463,1.3485439994838089
1431,19.485664000967517,2.284491994942073,15.238015999784693,1.186800996947568
1432,19.509850004396867,1.805526000680402,15.907239998341538,1.062449999153614
1433,38.409640997997485,4.826632997719571,30.73104999930365,2.0968989992979914
1434,61.95019499864429,2.546160001656972,56.770467999740504,1.746489004290197
1435,47.37596100312658,2.4204009969253093,39.18677399633452,4.560279994620942
1436,226.7462739982875,2.512104001652915,219.53668499918422,1.972379002836533
1437,117.78158399829408,1.693581994913984,114.29445600515464,0.9956339999916963
1438,90.03599200514145,4.125295999983791,83.96929699665634,1.0211350017925724
1439,21.970323999994434,1.056413006153889,17.73621200118214,1.053300999046769
1440,33.6306559984223,1.5706740014138632,30.20273299625842,1.0445419975440018
1441,19.959129000199027,2.2417880027205683,15.908980996755417,1.0193010020884685
1442,20.3504469973268,2.6037150018964894,15.792721998877823,1.10554199636681
1443,20.09603699843865,1.099764005630277,15.770961996167898,1.013301000057254
1444,19.833981001283973,1.7197859997395426,16.136390004248824,1.0387269940110855
1445,20.23998300137464,2.3927519941935316,16.01048199518118,1.0298749984940514
1446,59.386423003161326,1.865842001279816,55.1958670039312,1.4585619937861338
1447,39.7251479953411,1.3940250064479187,35.262422999949194,1.6050440026447177
1448,60.38755700137699,1.9057129975408316,55.92153700126801,1.7718409944791347
1449,24.344817000383046,1.7159529961645603,20.171740994555876,1.0378199949627742
1450,26.546531000349205,1.8607679958222434,18.14956500311382,5.647377998684533
1451,25.913211997249164,2.1688250053557567,21.932880001259036,1.0393569973530248
1452,21.618527003738564,2.1032130025560036,16.967597999610007,1.6793039976619184
1453,21.26578299794346,1.2433019946911372,17.62906299700262,1.1631720044533722
1454,24.07325999956811,2.4955850021797232,19.49718299874803,1.0404310014564544
1455,21.419821998279076,1.3125249970471486,17.245986993657425,2.011657001276035
1456,23.044273002597038,1.5718599970568903,19.659628000226803,1.0428759997012094
1457,22.76447600161191,1.1567460023798048,18.360974005190656,2.4484549940098077
1458,46.916106999560725,1.994156998989638,41.115672000159975,1.1635240007308312
1459,100.13500099739758,2.2195659985300153,95.82407400012016,1.253932001418434
1460,37.13117200095439,1.052004998200573,32.79204099817434,1.1688200029311702
1461,84.95857899833936,1.045523000357207,78.16884399653645,2.1431209970614873
1462,58.71623600251041,1.3492099969880655,53.665138002543245,2.089621004415676
1463,96.8797449968406,1.880675001302734,88.16892700269818,4.356149998784531
1464,53.58665600215318,3.0880330014042556,46.89801400672877,1.844527003413532
1465,133.89928799733752,2.4950670049292967,129.14637599897105,1.324247001321055
1466,95.22275600465946,1.8807489977916703,89.81995400245069,2.6641790027497336
1467,33.751081995433196,2.067175999400206,28.559687998495065,1.9715460002771579
1468,129.08954299928155,2.597863996925298,123.81996199837886,1.737415004754439
1469,21.37545100413263,1.8490269940230064,16.851578002388123,1.8532120011514053
1470,29.964749999635387,2.7381049949326552,25.421933001780417,1.0034859951701947
1471,38.53367899864679,1.8383040005574003,34.3784369979403,1.472080999519676
1472,21.523451003304217,2.2460100008174777,17.431061998649966,1.0134859985555522
1473,19.422126999415923,1.1214679980184883,16.283519995340612,1.1488570016808808
1474,20.070222999493126,1.8343970004934818,15.915999996650498,1.0091340009239502
1475,19.35994200175628,1.2044309987686574,16.3425209975685,1.008615996397566
1476,19.981981000455562,1.0601159956422634,15.988759005267639,1.0245419980492443
1477,19.453497996437363,1.1253199991188012,16.498353994393256,1.0229870022158138
1478,20.17244500166271,1.0351159944548272,15.670777000195812,1.0213009954895824
1479,19.31364499614574,1.6109710049931891,15.710610001406167,1.1021169993910007
1480,83.9135000060196,1.1442460017860867,80.27289099845802,1.6759709978941828
1481,38.08315799687989,1.8313230029889382,33.68250800122041,1.160412997705862
1482,28.058352996595204,2.128528998582624,22.790328002884053,2.2247890010476112
1483,21.162598000955768,2.0843060046900064,16.364686998713296,1.4807479965384118
1484,19.58901600301033,1.0697269972297363,16.630281003017444,1.0698570040403865
1485,20.353854000859428,1.1278199963271618,17.34400699933758,1.0856529988814145
1486,35.91753699583933,1.8529340013628826,32.19350099971052,1.0630409960867837
1487,21.96645400545094,1.2303210023674183,18.162268999731168,1.6647479933453724
1488,35.939110995968804,1.891083004011307,30.56414200545987,2.533307997509837
1489,49.137079004140105,4.556632004096173,40.71859699615743,1.8267859995830804
1490,21.377265999035444,2.591456999653019,16.508170003362466,1.4767109969398007
1491,40.97963399544824,1.8496199991204776,36.69359600462485,1.623951997316908
1492,19.27355299994815,1.6971189979813062,15.445534998434596,1.3299690035637468
1493,19.843721005599946,1.0243929937132634,15.666330997191835,1.0813199987751432
1494,19.692572997882962,1.581599994096905,16.216130999964662,1.0660979969543405
1495,20.176518999505788,1.0076159960590303,16.717892001906876,1.0518759954720736
1496,52.52535500039812,2.110676003212575,48.57903999800328,1.0303200033376925
1497,23.413255999912508,2.541123001719825,16.991172000416555,2.127065003151074
1498,27.95437099848641,2.164749996154569,23.36984900466632,1.5743219992145896
1499,19.813646998954937,1.4813769957982004,15.977499999280553,1.0539859940763563
1500,20.90230100293411,1.173152995761484,17.874174998723902,1.0278379995725118
1501,19.838813997921534,1.9907690002582967,16.018611000617966,1.037559995893389
1502,19.423905003350228,1.2012650040560402,16.332446000888012,1.080097004887648
1503,18.89736500015715,1.5795260042068549,15.419312003359664,1.090060999558773
1504,37.70259999873815,1.8167490052292123,29.158172001189087,1.423952002369333
1505,20.87922699865885,2.0659360015997663,17.03630099655129,1.0220609983662143
1506,21.910582996497396,1.8967500000144355,17.753601001459174,1.483136999013368
1507,23.03862500411924,1.910879000206478,19.31019999756245,1.0248010003124364
1508,19.10340299946256,1.4529699983540922,15.806221999810077,1.0209120009676553
1509,30.924218001018744,1.863378995039966,27.073810997535475,1.231173002452124
1510,19.86837000004016,1.6142670065164566,16.299631002766546,1.0572090031928383
1511,20.120130000577774,1.8431749995215796,16.469724003400188,1.0200230026384816
1512,29.562580995843746,1.399747001414653,26.043286998174153,1.2928389987791888
1513,45.315692004805896,2.5563640010659583,40.83941199496621,1.1390049985493533
1514,19.269125994469505,1.6436190053354949,15.832611003133934,1.020468000206165
1515,19.282200002635363,1.4059509994694963,16.07470399903832,1.001060998532921
1516,19.546868999896105,1.4123029977781698,16.301112998917233,1.015319001453463
1517,20.94142999703763,1.9006020011147484,16.753800002334174,1.4736730008735321
1518,19.781184004386887,2.182862001063768,15.270996998879127,1.519581004686188
1519,18.875087997002993,1.0957639970001765,15.880443999776617,1.1377830014680512
1520,41.466859001957346,1.0832269981619902,37.8895640023984,1.6864700010046363
1521,27.38481199776288,2.4036969989538193,22.0302689995151,1.6408960000262596
1522,51.81418400024995,2.0995279992348514,47.01853299775394,1.3178209992474876
1523,24.59796600305708,1.455839999835007,21.293986996170133,1.026651996653527
1524,44.60633599956054,3.821406004135497,37.772397001390345,1.6007110025384463
1525,53.36452499614097,1.9613430049503222,48.70698499871651,1.8664720046217553
1526,60.468132003734354,1.1845799963339232,56.50416899879929,1.959008994163014
1527,42.04071399726672,1.8422310022288002,37.71399000106612,1.013041997794062
1528,45.35726500034798,3.043903001525905,40.40526099561248,1.0269870035699569
1529,53.7804710038472,1.1263750056969002,50.87792099948274,1.0075049940496683
1530,24.920726995333098,1.290357999096159,21.758249000413343,1.0397820005891845
1531,21.206950004852843,0.9760969987837598,17.303505999734625,1.099357003113255
1532,28.727947996230796,1.2041170048178174,24.966892997326795,1.698230000329204
1533,21.308765004505403,1.159763996838592,18.142510001780465,1.0267079996992834
1534,19.77807299408596,1.516877004178241,16.44477999798255,1.00787500559818
1535,19.507072000124026,1.00883800041629,15.657258001738228,1.0438009994686581
1536,19.63036900269799,1.085911993868649,15.526071001659147,1.0918379994109273
1537,38.32186199724674,1.1503019995871,35.29431200149702,1.0949679999612272
1538,20.774689000973012,1.4550249979947694,17.474043001129758,1.0551340019446798
1539,20.609799001249485,1.2967660004505888,17.477876994234975,1.0132089955732226
1540,19.351941999047995,1.6251189954346046,15.332607996242587,1.5119140007300302
1541,39.54792400327278,1.1226720016566105,36.6539470051066,1.0182640035054646
1542,20.719633001135662,1.186875997518655,17.636488999414723,1.0717270051827654
1543,18.931920996692497,1.2696350022451952,15.833832003409043,1.0169489978579804
1544,35.165995999705046,1.8579709940240718,31.439867001608945,1.0108380010933615
1545,38.51340000255732,1.1594129973673262,34.98856900114333,1.3807659997837618
1546,108.98769000050379,1.1183940005139448,104.80880000250181,1.0259670016239397
1547,140.50513199617853,1.4461359969573095,135.65085000300314,2.5780490032047965
1548,64.16177900246112,2.643605002958793,58.531864000542555,1.8872860018745996
1549,27.15945900126826,1.7908599984366447,22.576530995138455,1.2532649998320267
1550,37.568636995274574,1.158190003479831,34.514179002144374,1.006596998195164
1551,59.292590005497914,4.206241996143945,51.93925899948226,1.8166380032198504
1552,39.85068399924785,1.8421200002194382,35.432201002549846,1.4537469978677109
1553,22.16971400048351,2.5286410018452443,16.54629899712745,2.1945660046185367
1554,31.253089000529144,1.836304996686522,27.036161998694297,1.4569140039384365
1555,32.12649999477435,1.8210460038972087,27.822664997074753,1.6686930030118674
1556,22.689883000566624,1.9191389947081916,18.48806799534941,1.4354329978232272
1557,21.551304002059624,2.1007499963161536,16.248852996795904,2.3561030029668473
1558,21.623433000058867,2.141140001185704,16.21722299751127,2.414993003185373
1559,40.008573996601626,1.90604599629296,36.23592700023437,1.0257639951305464
1560,21.849898002983537,1.8893419983214699,17.64461800485151,1.4874520056764595
1561,169.9426749983104,1.8288420033059083,165.6356000021333,1.7078229939215817
1562,31.732203002320603,1.1372459994163364,28.672743996139616,1.1433010004111566
1563,23.312830002396367,2.3395850002998486,16.894966996915173,1.6391370008932427
1564,21.818266999616753,1.6478779944009148,18.049379003059585,0.9586890009813942
1565,39.020976997562684,1.1077449962613173,36.063963001652155,1.0439679972478189
1566,20.967393997125328,1.2014499952783808,17.4680990021443,1.462820997403469
1567,32.799429005535785,1.4717300000484101,29.4263210016652,1.1250800016568974
1568,19.22540399391437,1.1629500004346482,16.23138900322374,1.0484489976079203
1569,19.776869004999753,1.0840609975275584,16.856078000273556,1.0353379984735511
1570,37.32772899820702,1.212413000757806,34.17941700172378,1.0878760003834032
1571,21.360894999816082,1.159986997663509,18.384065995633136,1.0144670013687573
1572,19.65621999988798,1.4769330009585246,16.201685997657478,1.0535420005908236
1573,20.52478100085864,3.009253996424377,15.746813005534932,1.0080979991471395
1574,20.2873529997305,1.7274530036957003,16.756596000050195,1.009874998999294
1575,19.30910800001584,1.1867829962284304,16.304964003211353,1.0294310050085187
1576,19.41901499958476,1.184505999844987,16.324317002727184,1.0733190065366216
1577,22.424715003580786,1.174671997432597,19.408199994359165,1.054356005624868
1578,40.28794599435059,1.130671997088939,36.5769649943104,1.7209709985763766
1579,27.282404000288807,1.2907279960927553,23.217089001263957,1.5002110012574121
1580,26.427641001646407,1.1727279998012818,23.070994997397065,1.0137089993804693
1581,93.6553779974929,2.0678799992310815,89.79082299629226,0.9953569970093668
1582,57.21804300264921,1.1852099996758625,54.198584002733696,1.0306340045644902
1583,28.612242997041903,2.051231000223197,22.358677997544874,1.1087080056313425
1584,49.10767200635746,1.36248700437136,45.81339700234821,1.1158939960296266
1585,24.650280000059865,1.6390259988838807,20.387871998536866,1.759989005222451
1586,23.874776998127345,1.6555080001126043,18.304231998627074,1.2576349981827661
1587,40.49913199560251,2.2528069966938347,35.91107400279725,1.0638379972078837
1588,59.53316500381334,1.995564998651389,54.13223199866479,2.5291230049333535
1589,24.036388997046743,2.192918000218924,17.566303999046795,2.3672329989494756
1590,23.68349800235592,1.9031190022360533,19.558923995646182,1.1260230021434836
1591,44.758354997611605,1.7911750037455931,40.68918900156859,1.53846999455709
1592,20.08403799845837,1.1715979999280535,17.133802000898868,1.0448570028529502
1593,20.82041100220522,2.348918998904992,16.66546599881258,1.0225229998468421
1594,117.30200500460342,1.9687320018419996,113.51706200366607,0.9987259982153773
1595,31.04793999955291,1.1461350004537962,27.92423999926541,1.1591540023800917
1596,22.24677000049269,1.7540819972055033,17.891731004056055,1.0322460002498701
1597,20.068351994268596,2.1801580005558208,16.03448199603008,1.0328009957447648
1598,20.343408999906387,2.189564998843707,15.829072995984461,0.9973009946406819
1599,30.76519800379174,1.2116530051571317,27.256367000518367,1.4647470015916042
1600,42.47665900038555,1.8744900007732213,37.04935599671444,2.3894739933894016
1601,25.993064999056514,2.976292002131231,20.60083599644713,1.6752859955886379
1602,19.93975899677025,2.2785850014770404,15.834331999940332,1.0329870056011714
1603,19.369849003851414,1.188894995721057,16.32100199640263,1.0286710021318868
1604,20.014036999782547,1.0987269997713156,17.070097994292155,1.0225600053672679
1605,20.149593001406174,2.0393609956954606,16.27700199605897,1.0245419980492443
1606,19.635719996585976,2.1675470052286983,15.162958996370435,1.4749699985259213
1607,19.30879300198285,1.1544129956746474,16.29009399766801,1.0751160007202998
1608,33.6796379997395,1.125857001170516,30.61499400064349,1.1259679959039204
1609,27.34690399665851,1.0617459993227385,23.11597700463608,1.015745998302009
1610,21.148579005966894,1.2548759987112135,18.11012100370135,0.998579002043698
1611,19.262681998952758,1.1536339952726848,16.2992600016878,1.0299310015398078
1612,20.001962999231182,1.0697649995563552,17.132838001998607,1.0171150061069056
1613,24.185426998883486,2.1770469975308515,20.121870998991653,1.0660979969543405
1614,19.929870002670214,1.3821169995935634,16.654557999572717,1.016615999105852
1615,19.203143994673155,1.159152998297941,16.193925999687053,1.0397450023447163
1616,20.605318000889383,1.0651340053300373,17.29532099852804,1.4562849974026904
1617,21.297839004546404,2.1757690046797507,16.727280999475624,1.6168039946933277
1618,42.35510299622547,1.2203940059407614,39.21284800162539,1.0079130006488413
1619,19.46238600066863,1.1300799960736185,16.46018699830165,1.0777279967442155
1620,19.790887999988627,1.0931349970633164,16.82228100253269,1.076320004358422
1621,19.692462003149558,2.055805001873523,15.742146999400575,1.0996720011462457
1622,22.90190199710196,1.2872840015916154,19.649497997306753,1.1133750012959354
1623,20.740337000461295,1.1273199997958727,17.744638003932778,1.0578569999779575
1624,21.675099997082725,1.0730240028351545,18.8216239985195,1.0046530005638488
1625,21.956935001071543,2.0603990051313303,17.376931995386258,1.6959709973889403
1626,43.110088001412805,1.8106560019077733,38.795771994045936,1.6722669970477
1627,86.53573299670825,1.8888240010710433,82.13152800453827,1.724118999845814
1628,28.619522003282327,1.9167869977536611,24.828522000461817,1.02226399758365
1629,28.699706002953462,1.8550089953350835,24.586558000009973,1.4575440000044182
1630,20.357223998871632,1.873120003438089,16.23979700525524,1.4493030030280352
1631,20.548688000417314,1.889601997390855,16.16500100499252,1.6955639948719181
1632,51.148087994079106,1.0871339982259087,48.15198200230952,1.0835599969141185
1633,126.38977000460727,2.254658000310883,122.27675099711632,1.0250049963360652
1634,68.40676000138046,1.823637998313643,64.67194700235268,1.0983570027747191
1635,20.570966000377666,1.0865229996852577,16.06968600390246,1.0309119970770553
1636,28.99022699421039,2.54262299858965,23.555886997201014,2.1113069960847497
1637,21.495877001143526,2.8808839997509494,15.644905004592147,2.1320840023690835
1638,26.307751002605073,2.517400003853254,20.82492900080979,2.097990996844601
1639,34.39073300251039,1.8471750008757226,30.240047999541275,1.4928029995644465
1640,23.30051499302499,1.767896996170748,19.234292005421594,1.5043400053400546
1641,50.48897400411079,2.978625001560431,45.24580200086348,1.457118007238023
1642,21.311395001248457,3.2124599965754896,15.76747999934014,1.5037470002425835
1643,20.574891997966915,1.8089719960698858,16.251519999059383,1.715655998850707
1644,20.13624100072775,1.7921750040841289,16.53803899534978,1.0089299976243638
1645,19.999222000478767,2.0529540051938966,16.092889003630262,1.0253019936499186
1646,19.621571998868603,1.8656390020623803,15.613294999639038,1.3325809995876625
1647,18.838939002307598,1.1078009993070737,15.731701998447534,1.196523997350596
1648,21.723470999859273,1.0573199979262426,18.835252994904295,1.0432080016471446
1649,55.762812997272704,2.2260109981289133,51.70114700013073,1.0435229996801354
1650,29.357006002101116,1.994990001549013,25.553580999257974,1.008578998153098
1651,50.57929000031436,1.1027829968952574,47.296015000029,1.3620440004160628
1652,23.16249599971343,1.7829149946919642,18.805271996825468,1.1637640054686926
1653,20.108147997234482,2.125287996022962,16.03722200525226,1.043986005242914
1654,75.74859099986497,1.8203419967903756,71.52736700663809,1.600989002326969
1655,165.59350600437028,1.8706199989537708,160.31207500054734,2.483789998223074
1656,111.48132999369409,2.8782169974874705,105.04672700335504,1.9569910000427626
1657,29.430932001559995,1.6649520039209165,24.444798000331502,2.099306002492085
1658,113.59548800101038,2.575863996753469,107.68335000466323,2.0950090038240887
1659,41.78413800400449,3.789739996136632,35.99246199883055,1.108320000639651
1660,21.12498699716525,2.0836949988733977,16.742410996812396,1.458580998587422
1661,21.61026599787874,1.8943050017696805,16.465391003293917,2.4042140066740103
1662,25.929212002665736,1.8081379967043176,22.347566002281383,0.9926339989760891
1663,41.434284998103976,1.4988219991209917,37.325006000173744,1.7502110058558173
1664,32.26805599842919,1.0868009994737804,27.632646000711247,1.1019309968105517
1665,19.90498100349214,1.8725830013863742,15.684850994148292,1.4951550037949346
1666,24.899188996641897,1.860008000221569,21.183246004511602,1.0663930006558076
1667,37.95137900306145,1.19194999570027,32.80718899623025,1.0296529944753274
1668,22.630346000369173,1.8500829974072985,18.377067004621495,1.028431004669983
1669,19.7724429963273,1.8448420014465228,16.153721997397952,1.01898599677952
1670,20.594669003912713,1.854786001786124,16.470891001517884,1.464802997361403
1671,125.88434099598089,1.813953000237234,120.98581900499994,2.2718809996149503
1672,68.92496599903097,2.2519359990837984,61.59693199879257,3.7347400066209957
1673,76.18653700046707,4.1132039987132885,66.77988300361903,1.6711189964553341
1674,147.33264400274493,1.975694001885131,142.76758499909192,1.288671999645885
1675,23.754850997647736,1.6278780021821149,19.15579200431239,1.4928770033293404
1676,19.592127006035298,1.1064869977417402,16.697484003088903,1.0303930030204356
1677,20.53939100005664,1.122208996093832,17.519913999421988,1.0739310018834658
1678,20.098888999200426,1.1404859978938475,17.080653000448365,1.0909129996434785
1679,19.652924995170906,1.890933999675326,15.717572998255491,1.2364499998511747
1680,20.905003999359906,1.1341909994371235,17.818637999880593,1.1808389972429723
1681,19.193644002371002,1.1329679982736707,16.170574999705423,1.0854120046133175
1682,25.497135997284204,1.061376002326142,22.554066999873612,1.0848009987967089
1683,36.2602599998354,1.1200049993931316,32.83792900037952,1.4493769995169714
1684,22.777161000703927,1.7308229944319464,18.903328003943898,1.3343029932002537
1685,21.62121100263903,1.0798570001497865,18.76014200388454,0.9955240020644851
1686,19.00999499775935,1.1485610011732206,16.011371000786312,1.0313010061508976
1687,20.008111001516227,1.1996910034213215,16.67935499426676,1.1480980028863996
1688,58.93049500446068,1.173098004073836,55.824276998464484,1.1425980046624318
1689,23.643867993087042,2.175140005419962,19.43536700127879,1.106226998672355
1690,20.67865100252675,1.796415999706369,15.77261000056751,2.2651219987892546
1691,37.9090830028872,1.98961999558378,33.324264994007535,1.7101929988712072
1692,22.08517599501647,1.8033789965556934,17.96523100347258,1.4824880054220557
1693,20.2620750060305,1.8065830008708872,16.00588799919933,1.490303002356086
1694,35.741627994866576,1.7914720010594465,31.677535000198986,1.475209995987825
1695,20.7446330023231,1.808545996027533,16.635132997180335,1.4866369965602644
1696,28.94135600217851,1.8177120000473224,25.312747005955316,0.9935970010701567
1697,21.935544995358214,1.3517659972421825,18.65801199892303,1.1069870015489869
1698,28.475724000600167,1.1257270016358234,20.476315999985673,6.076731995563023
1699,26.778698003909085,1.8896569963544607,22.960419999435544,1.0376150021329522
1700,22.87240199802909,1.86360099905869,19.035588004044257,1.0413010022602975
1701,71.1644030016032,1.1095230001956224,68.24457399488892,1.0386530047981068
1702,20.755280995217618,1.1215609993087128,17.78936000482645,1.0354129990446381
1703,25.80969300470315,3.6182210023980588,18.8760130040464,1.0190790053457022
1704,19.14208800008055,1.1428939978941344,16.18479700118769,1.0160969977732748
1705,19.821869995212182,1.1547280009835958,16.84116999967955,1.0351349992561154
1706,30.79742000409169,1.2139319951529615,27.768184001615737,1.016930997138843
1707,20.885558995360043,1.0133570031030104,18.050193997623865,1.025264005875215
1708,21.37187700282084,1.2395059966365807,17.785323005227838,1.5127670048968866
1709,19.303515000501648,1.1020790043403395,16.366186006052885,1.068468001903966
1710,20.16462999745272,1.1749500044970773,16.93239300220739,1.197356999909971
1711,45.143060000555124,1.8001379939960316,40.20192699681502,2.1717509953305125
1712,82.91632700274931,1.148782997915987,79.16116200067336,1.7689150045043789
1713,50.54773399751866,1.654988998780027,45.9210080007324,1.740211999276653
1714,25.688544003060088,2.6390679995529354,20.53559400519589,1.0079119965666905
1715,39.34144099912373,1.4287660014815629,34.83336499630241,2.1983990009175614
1716,28.73331800219603,1.6232669950113632,22.010787004546728,2.446639999106992
1717,31.713331998616923,2.511067003069911,27.307847994961776,1.0352820027037524
1718,45.35817199939629,2.105380001012236,40.90802199789323,1.4912469996488653
1719,25.74532300059218,1.3710800049011596,22.521270999277476,1.0386159992776811
1720,54.362213995773345,3.4728120008367114,46.11793500225758,3.291367000201717
1721,33.38459800579585,1.2506909988587722,26.56775200011907,2.6980129987350665
1722,25.718062999658287,1.878656999906525,20.944873998814728,2.1181580013944767
1723,21.01941200089641,1.879841998743359,16.179575002752244,2.152028006094042
1724,26.539492995652836,1.1622460006037727,23.557812994113192,1.015096997434739
1725,20.369297999422997,1.5816369996173307,16.210278998187277,1.7469899976276793
1726,19.672924005135428,1.841249999415595,15.758497997012455,1.255802002560813
1727,18.83393899333896,1.2123580017942004,15.77859199460363,1.02443100331584
1728,40.40940900449641,1.760416002070997,34.733845001028385,2.1091769958729856
1729,34.99706900038291,1.9008050003321841,31.273792999854777,1.047003999701701
1730,21.367542998632416,2.1345280038076453,17.36363599775359,1.0438569952384569
1731,21.01187399966875,1.4661549939773977,15.786905998538714,1.0704309970606118
1732,19.181126001058146,1.1633210015133955,16.25250099459663,0.9946159989340231
1733,24.17676000186475,1.984084003197495,20.285871003579814,1.025818994094152
1734,19.575996993808076,1.6357479980797507,15.761220995045733,1.3514870006474666
1735,32.92661500017857,1.178209000499919,29.794119000143837,1.1154310050187632
1736,18.98295800492633,1.1583570012589917,15.654442999220919,1.2194869996164925
1737,37.271042994689196,2.095158000884112,31.962592001946177,2.4397890010732226
1738,22.597345006943215,1.8582129996502772,17.87732299999334,2.0950660036760382
1739,36.92891099490225,1.9046379966312088,32.97828200447839,1.2279130023671314
1740,19.690480003191624,1.2070430020685308,16.062296002928633,1.0207639934378676
1741,25.392190997081343,1.788563997251913,21.725655999034643,1.0574490006547421
1742,19.385404004424345,1.4515619986923411,16.067593001935165,1.0471159985172562
1743,27.38655299617676,1.6001000039977953,22.51373400213197,2.44419599766843
1744,21.951397000520956,1.5394700021715835,18.56206700176699,1.0215599977527745
1745,35.58807200170122,2.133176996721886,31.571979001455475,1.0891339989029802
1746,28.877003001980484,1.7340269987471402,24.66224299860187,1.0086530019179918
1747,22.093546998803504,1.1150060017826036,19.134087997372262,1.0485420061741024
1748,20.590280000760686,1.0337639978388324,15.926870000839699,1.0754310060292482
1749,20.062388997757807,1.122467998357024,17.079874996852595,1.0653009958332404
1750,19.19755100243492,1.11785699846223,16.19827899412485,1.0609310047584586
1751,22.5370119951549,1.0694489974412136,19.664405001094565,1.0315789986634627
1752,22.638066999206785,2.0764170039910823,17.66258200223092,1.149691001046449
1753,19.506590004311875,1.1465979987406172,16.3055200027884,1.2445979955373332
1754,99.45814499951666,1.204524000058882,94.87093800271396,1.1388009952497669
1755,60.31594499654602,1.1473199992906302,57.10837399965385,1.218671997776255
1756,19.234587998653296,1.838397998653818,15.417533999425359,1.1635979972197674
1757,46.5735300022061,1.193802003399469,43.554737996601034,1.0124300024472177
1758,23.315571001148783,1.822229998651892,18.88349399814615,1.014820001728367
1759,20.354833999590483,1.0811900065164082,17.44876600423595,1.047616002324503
1760,20.17137099755928,2.1258610067889094,16.21327800239669,1.0097269987454638
1761,19.087051005044486,1.2098020015400834,15.99951800017152,1.0480979981366545
1762,20.33305700024357,1.2662469962378964,17.182171999593265,1.0617270017974079
1763,19.3412559965509,1.0597090004011989,16.481908998684958,1.0161340032937005
1764,19.54814600321697,1.7888049987959675,15.879870006756391,1.0677449972718023
1765,19.752720996621065,1.6144520050147548,16.27772299980279,1.0618379965308122
1766,30.58517799945548,1.1677649963530712,27.607868003542535,0.9994310021284036
1767,21.747247999883257,1.2525610000011511,18.638159999682102,1.057950001268182
1768,32.914873998379335,1.8273419991601259,29.232394001155626,1.0115419936482795
1769,19.37301500583999,1.1870800008182414,16.302944997732993,1.0728569977800362
1770,19.365552994713653,1.7633230017963797,15.468792997126002,1.1751540005207062
1771,22.07358300074702,1.1168569981236942,19.156810005370062,1.0422830018796958
1772,20.6334100003005,1.8876750036724843,16.92772700334899,1.0109499999089167
1773,19.24533000419615,1.6664710055920295,15.7319239951903,1.0265780001645908
1774,19.965905994467903,1.2374130019452423,16.384465001465287,1.5075810006237589
1775,81.6089700019802,1.362875998893287,78.33502800349379,1.0261900024488568
1776,19.535090003046207,1.350228994851932,15.961074001097586,1.3491360004991293
1777,19.34001499466831,1.1608210043050349,16.317945999617223,1.0434119976707734
1778,30.47508500458207,1.1967280006501824,27.35421900433721,1.0920610002358444
1779,25.331523997010663,1.050134000252001,22.342880998621695,1.184876004117541
1780,81.44328300113557,1.442562002921477,77.86409999971511,1.0691709976526909
1781,20.062445000803564,1.057598004990723,15.703460994700436,1.0905230010394007
1782,39.47123700345401,1.7501010006526485,35.36181199888233,1.5214329978334717
1783,26.76399399933871,1.043541997205466,22.72816099866759,1.0299120040144771
1784,19.44149699556874,1.1560429993551224,16.463872001622804,1.0043200018117204
1785,20.326074998592958,1.3118389979354106,15.18203299929155,1.431283999409061
1786,109.75924700323958,1.1007829962181859,106.84239999682177,1.0355039994465187
1787,19.97875900269719,1.082431001123041,16.99409600405488,1.0471720015630126
1788,19.779072994424496,1.1463949995231815,16.523446000064723,1.2655240061576478
1789,20.111315003305208,1.0093570017488673,15.849998999328818,1.0261709976475686
1790,21.262782996927854,1.1304119980195537,18.231491994811222,1.0544489996391349
1791,19.718091003596783,1.0755420007626526,16.758281002694275,1.0980239967466332
1792,19.436422997387126,1.1270049944869243,16.39405699825147,1.0996899945894256
1793,44.830095997895114,1.5666179970139638,39.887980005005375,1.1215420017833821
1794,23.285589006263763,1.676026004133746,19.71377600420965,1.0703570005716756
1795,22.91327199782245,1.8971940007759258,17.36358000198379,2.332935997401364
1796,20.851948000199627,1.891934996820055,16.79766999586718,1.3533960009226575
1797,19.287682000140194,1.1976719979429618,16.180593003809918,1.0199859971180558
1798,19.4449229966267,1.6601190000073984,15.889962000073865,1.039189999573864
1799,19.85147999948822,2.4004000006243587,15.419626994116697,1.2344869974185713
1800,20.248612003342714,2.056805999018252,16.3675760049955,1.0130969967576675
1801,37.60183999838773,1.1186340052518062,33.8677670006291,1.1127649995614775
1802,30.875402000674512,1.6041740018408746,27.319421998981852,1.122765002946835
1803,20.11800000036601,2.2289729968179017,16.027425997890532,1.016727001115214
1804,19.572737997805234,1.1524120054673404,16.53222399909282,1.0399680031696334
1805,19.437533999735024,1.22358000226086,16.1115000009886,1.2523760015028529
1806,29.65573000255972,1.1560240018297918,26.581400001305155,1.0764500038931146
1807,21.927378002146725,2.0790839989786036,17.42082100099651,1.624488999368623
1808,19.841017994622234,1.1160060021211393,16.792596004961524,1.0704859960242175
1809,38.65752999990946,1.2094129997421987,35.32844100118382,1.3152469982742332
1810,20.099796005524695,1.1489500029711053,17.0035219998681,1.140190004662145
1811,21.88771199871553,2.1325470006559044,17.803488997742534,1.1456540014478378
1812,19.044198998017237,1.1193200043635443,15.930259003653191,1.2012639999738894
1813,56.81733600067673,1.1605979962041602,53.787062999617774,1.0185599967371672
1814,19.03168100398034,1.1804499954450876,15.999629998987075,1.0220969998044893
1815,19.716349997906946,2.0072869956493378,15.716702000645455,1.158505998319015
1816,20.154295998509042,1.0553009997238405,15.517441999691073,1.1869680020026863
1817,46.856161003233865,1.0845049982890487,43.72472000250127,1.1787089970312081
1818,20.798317993467208,1.868933999503497,16.525464998267125,1.0508009945624508
1819,19.863221001287457,2.041454004938714,15.943758997309487,1.0792269968078472
1820,20.460372004890814,1.1533569995663129,17.453357999329455,1.0279670023010112
1821,19.203736999770626,1.1875240015797317,16.13074199849507,1.0625040013110265
1822,18.924346994026564,1.1940420008613728,15.90051799576031,1.0047270043287426
1823,20.023814002342988,2.1203799988143146,15.891684000962414,1.0609870005282573
1824,27.000569003575947,1.1318389952066354,23.6925360004534,1.3612279944936745
1825,58.13865699747112,1.191986993944738,53.61867299507139,2.536956002586521
1826,22.453844001574907,1.8702669985941611,17.963637998036575,1.8271189983352087
1827,22.135120998427738,2.360047998081427,16.724780994991306,1.7538410029374063
1828,22.206417001143564,2.137565999873914,17.58571100072004,1.4388400013558567
1829,20.61329899879638,1.8422860011924058,16.21159299975261,1.699192995147314
1830,20.47822400345467,1.849601001595147,16.29503800359089,1.4970810007071123
1831,20.5604839939042,2.7299569992464967,15.94075899629388,1.0603379996609874
1832,19.48370000172872,1.8068789941025898,15.374701004475355,1.205505002872087
1833,42.4476960033644,1.8361559996264987,38.35880599945085,1.4664329937659204
1834,23.40029300103197,1.9260650005890056,18.113842997991014,2.5186040002154186
1835,22.034453999367543,1.8494709947844967,16.631983999104705,2.0857880008406937
1836,21.31743099744199,1.8359709938522428,16.566187994612847,2.1267689953674562
1837,21.451858003274538,1.8913789972430095,16.63003899739124,2.119213000696618
1838,21.56850699975621,2.158565999707207,16.243686004600022,2.1260100038489327
1839,22.79679099592613,1.8255080067319795,16.657057996781077,1.6426740039605647
1840,20.317686001362745,2.1411950001493096,16.328408004483208,1.0079679996124469
1841,19.282200002635363,1.7522490015835501,15.528219002590049,1.134931000706274
1842,20.339074995717965,1.846933999331668,15.819035994354635,1.8265089966007508
1843,26.157045998843387,2.850236000085715,21.37002499512164,1.0383939952589571
1844,22.27371399931144,1.8199149999418296,18.038971997157205,1.5951370005495846
1845,19.654220006486867,1.4595060056308284,15.858054997806903,1.0111899973708205
1846,46.524621997377835,1.4448770016315393,43.14544000226306,1.0914680024143308
1847,19.423015997745097,2.26341700181365,15.22818100056611,1.1407089987187646
1848,21.70995200140169,2.1221759961917996,17.80697100184625,0.9988750025513582
1849,19.348180998349562,1.5467480043298565,15.948109998134896,1.0180789977312088
1850,20.2612049979507,1.6323410018230788,16.806335996079724,1.005097001325339
1851,40.74059500271687,1.582803000928834,36.51074299705215,1.1485799986985512
1852,21.93545299815014,1.9067129978793673,18.189435999374837,1.0168750013690442
1853,22.489400005724747,1.8309349979972467,18.138917002943344,1.6835819988045841
1854,20.685409996076487,1.8191560011473484,16.363650000130292,1.7248600051971152
1855,22.380955000699032,1.8135450009140186,18.317157999263145,1.4504509963444434
1856,19.94925900362432,1.985454000532627,16.111851997266058,1.0288010016665794
1857,20.287648992962204,1.9504529991536401,15.97375800338341,1.5459139976883307
1858,79.3151240068255,1.842322999436874,75.63429300353164,1.0136530036106706
1859,22.457807994214818,2.149380001355894,17.43800599797396,2.0791580027434975
1860,28.90620700054569,1.1411900050006807,25.86310099286493,1.1099870025645941
1861,19.27023700409336,1.817749005567748,14.969791001931299,1.6225810031755827
1862,19.69414599443553,1.1284310021437705,16.27898299921071,1.4988219991209917
1863,22.520511003676802,1.737803999276366,16.661169996950775,1.4536730013787746
1864,20.59055800054921,1.149430994701106,17.543339999974705,1.0452459973748773
1865,18.801790996803902,1.1432269966462627,15.82627699826844,1.0117269994225353
1866,19.46220000536414,1.33522800024366,16.01418499922147,1.18537600064883
1867,27.12390299711842,1.248412998393178,22.136694002256263,1.6130629956023768
1868,23.17055100138532,1.183931999548804,19.494145002681762,1.674471001024358
1869,20.19740799732972,1.151522999862209,16.7948919988703,1.0637449959176593
1870,24.29559400479775,1.0454680013936013,21.44604299974162,1.0245599987683818
1871,21.335708996048197,2.213510000729002,15.27892299782252,1.187597998068668
1872,19.353181996848434,2.0191760049783625,15.492145997995976,1.0532830056035891
1873,19.6161270068842,1.8211380011052825,15.995980997104198,1.0162460021092556
1874,47.603182996681426,1.0847089943126775,41.20448599860538,4.516001994488761
1875,30.5194179964019,2.412788999208715,25.057838000066113,2.1064350003143772
1876,29.843860000255518,1.3169320009183139,26.277769000444096,1.0109300055773929
1877,23.17853300337447,1.3103949968353845,19.363255996722728,1.708174000668805
1878,21.523265000723768,1.118079999287147,18.56906700413674,1.0196899966103956
1879,19.940926002163906,1.1137460023746826,16.998004997731186,1.0087449991260655
1880,20.653964995290153,1.1345599996275268,17.180412003654055,1.530896006443072
1881,19.08840300166048,1.1614129980443977,16.11681500071427,1.0231529959128238
1882,23.03819899680093,1.0825610006577335,17.92006399773527,3.255830000853166
1883,44.65459400671534,1.1693389969877899,39.06732799805468,1.8072860038955696
1884,23.4659789930447,1.759268001478631,19.83884999935981,1.0829680031747557
1885,21.566636001807638,2.0690090022981167,17.66147000307683,1.0425050058984198
1886,20.643816998926923,2.912458003265783,15.837998995266389,1.0127450004802085
1887,19.625275999715086,1.6903229989111423,16.140185995027423,0.9983190029743128
1888,19.92986900586402,1.839081996877212,16.27664900297532,1.0177820004173554
1889,19.796702996245585,1.8445079986122437,16.112334000354167,1.041060000716243
1890,19.340514998475555,1.1476720028440468,16.356854001060128,1.01363400608534
1891,19.330385002831463,1.5068029970279895,15.694312998675741,1.313838998612482
1892,23.164680998888798,1.0761899975477718,20.162408000032883,1.1332089998177253
1893,39.70712699810974,1.169820003269706,36.67242799565429,1.0256719979224727
1894,31.193848000839353,1.711878998321481,27.64818300056504,1.0004859941545874
1895,19.20881000114605,1.2202840007375926,15.82049900025595,1.0138940051547252
1896,19.682238998939283,2.542567002819851,15.155753993894905,1.1770429991884157
1897,24.225278000812978,1.938601999427192,20.01399999426212,1.4740620026714168
1898,19.32371900329599,1.2701910018222407,16.28144500136841,0.9739859960973263
1899,19.060753998928703,1.3673950015800074,15.800499000761192,1.0971910014632158
1900,19.165069999871776,1.1160230060340837,16.09249999455642,1.1583579980651848
1901,19.12897700094618,1.3543950044550002,15.294256001652684,1.5785259965923615
1902,35.75618299510097,2.0884350014966913,30.131416002404876,2.5881599940476008
1903,19.052181000006385,1.421173001290299,15.396626004076097,1.4341729984153062
1904,20.167037000646815,1.8345639982726425,16.079129003628623,1.0160789970541373
1905,19.951018002757337,2.161991003958974,15.944443999615032,1.010931002383586
1906,19.094884002697654,1.202302002639044,16.00448100361973,1.057800996932201
1907,19.386718995519914,1.247227999556344,15.948868996929377,1.3765250041615218
1908,19.444571000349242,1.75195300107589,15.93090599635616,1.010485997539945
1909,21.670747999451123,1.8274340036441572,17.565506997925695,1.45656200038502
1910,21.102060003613587,1.8540829987614416,16.585946999839507,1.8275080001330934
1911,96.04127599595813,1.1789499985752627,92.76474200305529,1.0260419949190691
1912,19.373367002117448,1.1208750001969747,16.429372000857256,1.0161899990634993
1913,20.133518999500666,1.0151160022360273,15.947776999382768,1.0208189996774308
1914,19.391032998100854,1.2801539996871725,15.681109005527105,1.152894001279492
1915,18.922865005151834,1.3145060001988895,15.700367999670561,1.059394002368208
1916,19.702942998264916,1.8880639981944114,15.988796003512107,1.0616899962769821
1917,19.00656899670139,1.1868760047946125,15.991277003195137,1.0244860022794455
1918,39.40584800147917,1.2230610009282827,36.22046300006332,1.119376000133343
1919,21.20033899700502,2.3810849961591884,16.94615199812688,1.0061899956781417
1920,19.558645006327424,1.712414996291045,16.049648002081085,1.0095039979205467
1921,19.382626996957697,1.4713400014443323,16.021554998587817,1.031986001180485
1922,19.910980001441203,1.3049879999016412,16.763781000918243,0.9943190016201697
1923,19.514867999532726,1.0358939980505966,15.758664994791616,1.0056530009023845
1924,20.253185997717083,1.1388749990146607,16.64594699832378,1.6530449938727543
1925,21.331486997951288,2.8927349994773977,16.462779996800236,1.0139120058738627
1926,19.024161003471818,1.2034869941999204,15.949352004099637,1.0129119982593693
1927,44.91655900346814,1.2582650015247054,41.36385700257961,1.4471179965767078
1928,20.949744997778907,1.1065419967053458,16.643335999106057,2.403974001936149
1929,21.631673000229057,2.6002529994002543,16.16248200298287,1.690988996415399
1930,19.458996997855138,1.435747995856218,16.097982006613165,1.0860420006792992
1931,20.2287409993005,1.366616997984238,16.313464002450928,0.9954859997378662
1932,20.71235499897739,2.053769007034134,16.41651999671012,1.4412840027944185
1933,19.076051001320593,1.3609129964606836,15.869202994508669,1.010134001262486
1934,25.54817299824208,1.886620004370343,20.479539001826197,2.324844004760962
1935,21.32567200169433,2.104268998664338,15.718219998234417,2.396752002823632
1936,20.624873002816457,1.855285998317413,16.12629600276705,1.8431199932820164
1937,22.415029001422226,1.8597309972392395,18.47758499934571,1.041782001266256
1938,25.842396993539296,1.204912994580809,22.80564199463697,1.012801003525965
1939,18.17032400140306,1.2067830029991455,15.136459005589131,1.0175790011999197
1940,51.07243900420144,1.176376004877966,47.96396200254094,1.1030050009139813
1941,20.200777995341923,1.2300800008233637,17.07806000194978,1.0316339976270683
1942,19.6159980041557,1.3371169989113696,15.62307199492352,1.5742850009701215
1943,20.034351997310296,1.4130060008028522,16.8449669945403,0.9681709998403676
1944,19.785256998147815,1.1180420042364858,16.892318999452982,1.0188009982812218
1945,18.90784699935466,1.2057650019414723,15.862166001170408,1.0163010010728613
1946,19.029347000468988,1.2535240020952187,15.887055000348482,1.0589869998511858
1947,18.945605006592814,1.2164690051577054,15.897240002232138,1.0233939974568784
1948,19.36542299517896,1.1689689999911934,16.246463994320948,1.1006350032403134
1949,21.959823003271595,1.2365429938654415,15.69444200140424,4.2155010014539585
1950,23.764479999954347,1.502784994954709,20.122907997574657,1.227895001647994
1951,21.225800999673083,1.2356719962554052,17.87684099690523,1.268876003450714
1952,20.290852997277398,1.0581160022411495,15.39334900007816,1.1024680061382242
1953,19.29816300253151,1.1994689994025975,16.308834005030803,1.0195600043516606
1954,19.941794998885598,1.0975609984598123,16.017815003579017,1.0181160032516345
1955,31.963907000317704,1.2349869939498603,28.782781002519187,1.108356998884119
1956,20.275112001399975,1.0424860010971315,15.93477700225776,1.0101890002260916
1957,19.675627001561224,1.0206160004599951,15.585257002385333,1.0561159942881204
1958,23.278162996575702,1.1218020008527674,19.195532993762754,1.029967999784276
1959,20.472149997658562,1.3057280011707917,15.955536000547,2.4276409967569634
1960,56.41970400029095,2.6189380005234852,51.801478999550454,1.1257829974056222
1961,40.77809500449803,1.5865259993006475,35.906757999327965,2.3941040053614415
1962,21.961230995657388,2.049675997113809,16.480872000101954,1.5587109955959022
1963,50.77964100200916,1.8684160022530705,45.70730299747083,2.3727520019747317
1964,20.55633500276599,2.1260100038489327,16.189999994821846,1.4372280056704767
1965,21.491709994734265,1.7624150059418753,15.949479995470028,1.6151550007634796
1966,37.43385800044052,2.0376390020828694,33.42483899905346,1.0980240040225908
1967,20.125091999943834,1.2860059941885993,17.016411999065895,1.0025779993156902
1968,22.02541700535221,1.648507000936661,16.786466003395617,1.5211740028462373
1969,23.332680997555144,2.4049740022746846,18.18762000038987,1.4502659978461452
1970,20.8516150014475,1.8964720002259128,16.505632003827486,1.4902660041116178
1971,20.41940799972508,1.886897000076715,16.302742005791515,1.4138209953671321
1972,21.445266000228003,1.2200239943922497,18.415881000692025,0.9947090002242476
1973,19.001364998985082,1.186875997518655,15.969148000294808,1.0260790004394948
1974,19.11214299616404,1.2587279998115264,15.975720998540055,1.0621719993650913
1975,63.00897500477731,1.1966530000790954,59.417420998215675,1.568730003782548
1976,31.590904996846803,1.1076529990532435,28.422112001862843,1.0337269995943643
1977,19.177348003722727,1.2905429975944571,16.08468499762239,0.9969489983632229
1978,32.98670699587092,1.2477470008889213,29.837841000698972,1.0360419983044267
1979,43.87747999862768,1.1505980000947602,40.63892800331814,1.0020600020652637
1980,21.535154002776835,1.8351940016145818,15.711127998656593,3.177051999955438
1981,28.380112002196256,2.2168069990584627,24.2520739993779,1.0088560011354275
1982,25.323171998024918,4.045815003337339,17.652822003583424,2.534159997594543
1983,20.196871002553962,1.246617001015693,17.150394000054803,1.0058750049211085
1984,19.558164000045508,1.7450079976697452,15.975055001035798,1.0101899970322847
1985,18.992809993505944,1.20769099885365,15.913074006675743,1.0466899984749034
1986,18.853735004086047,1.4237849973142147,15.358254997408949,1.112133999413345
1987,18.88523499656003,1.20096900354838,15.735164997749962,1.1521529959281906
1988,21.773804000986274,1.8380639958195388,17.637561999436002,1.4981179992901161
1989,19.14875500369817,1.4183769962983206,15.857720994972624,1.0266520039294846
1990,39.05954999936512,1.269913998839911,35.64783099864144,1.2509500011219643
1991,21.6924510023091,1.725340996927116,17.573785000422504,1.055505003023427
1992,20.76866999414051,1.8299350049346685,16.694132995326072,1.4670989985461347
1993,19.192161998944357,1.4020989983691834,15.90801799466135,1.0707820038078353
1994,19.047662004595622,1.2423939988366328,15.959739997924771,1.0052450015791692
1995,23.444701000698842,1.7765640004654415,19.836553998175077,0.9910410008160397
1996,20.471946001634933,2.5950679992092773,16.051259000960272,1.0203940037172288
1997,38.44208399823401,1.732359996822197,34.86899400013499,1.0129310030606575
1998,29.82898899790598,1.190561000839807,26.829105001525022,0.968726999417413
1999,23.863351001637056,2.0651399972848594,19.4698490013252,1.4088769967202097
2000,20.13948099920526,1.8020819989033043,15.955777998897247,1.0374310004408471
2001,19.37927499966463,1.0951720032608137,16.473539006256033,1.0094490062328987
2002,19.072050003160257,1.169375995232258,16.068518001702614,1.0003190036513843
2003,19.6481459934148,1.3145429984433576,16.48594599828357,1.0125229964614846
2004,19.3464780022623,1.142524000897538,16.354390005290043,1.0450050031067804
2005,18.909161000919994,1.072357001248747,15.826572001969907,1.220782993186731
2006,23.162329001934268,1.1345599996275268,20.170185001916252,1.0315979961887933
2007,41.946063000068534,1.4687099974253215,38.26723100064555,1.378506000037305
2008,27.99514700018335,2.2956960019655526,23.80494200042449,1.021875003061723
2009,22.158268999191932,1.0666340021998622,19.29288500105031,1.0163570041186176
2010,19.7122390018194,1.291690998186823,16.479409001476597,1.0334679973311722
2011,20.004054997116327,1.0939490020973608,17.14196700049797,0.9940970048774034
2012,19.560496999474708,1.1485240029287525,16.609354002866894,1.0130599985131994
2013,19.247663003625348,1.170671996078454,16.24938999884762,1.0365050038672052
2014,19.161124997481238,1.1761720015783794,16.142795997438952,1.0280600035912357
2015,22.224323998671025,1.0571900056675076,19.403960002819076,0.9801159976632334
2016,119.80671800120035,1.1421540039009415,116.81286999373697,0.9883370003080927
2017,40.028203002293594,1.1716170047293417,37.05213299690513,1.015355999697931
2018,19.300107000162825,1.2069499935023487,16.256889997748658,1.0255789966322482
2019,19.68884999951115,1.555358998302836,15.645423998648766,1.6854889981914312
2020,40.36631499911891,1.8523230028222315,35.215272997447755,2.2383800023817457
2021,22.219343001779635,2.0871390006504953,17.708896004478447,1.5315260025090538
2022,21.845377996214665,1.8688600030145608,17.686785002297256,1.4490989997284487
2023,19.559200998628512,1.811859998269938,15.920536003250163,1.0333379977964796
2024,20.091944999876432,2.2552509981323965,15.987813996616751,1.0580790039966814
2025,20.342759999039117,1.1975239976891316,16.012537002097815,2.291529002832249
2026,22.86284600268118,1.2592470011441037,19.50507100264076,1.2140980034018867
2027,22.438122003222816,1.808656998036895,18.43608499621041,1.441729000362102
2028,20.644056996388827,1.8523420003475621,16.21238899679156,1.7129150000982918
2029,79.1831419992377,1.153616001829505,76.15923900448252,1.0348939977120608
2030,19.44614500098396,1.132876001065597,16.455613003927283,1.0168749940930866
2031,20.769836999534164,1.83306399412686,16.45050099614309,1.6913959989324212
2032,20.2090370003134,1.903026997752022,15.808757998456713,1.6402859982918017
2033,24.50533500086749,1.7599709972273558,19.46427499933634,1.0775789996841922
2034,29.451987000356894,1.7942490012501366,25.859193003270775,1.0162639955524355
2035,50.744455998938065,1.0689679984352551,47.4392739997711,1.3903950020903721
2036,26.013472001068294,2.631381998071447,20.511686998361256,1.4599139976780862
2037,21.67902499786578,1.5629140034434386,17.50632099719951,1.12704200000735
2038,40.85055799805559,1.6687669995008036,37.350486003560945,1.0429500034661032
2039,20.838263000769075,1.0352269964641891,17.979415999434423,1.0207830055151135
2040,19.813054001133423,2.1953440009383485,15.646960004232824,1.139893996878527
2041,19.75181300076656,1.0019679975812323,15.36308899812866,1.1193570026080124
2042,19.7383870035992,2.12028699752409,15.787831995112356,1.0244490040349774
2043,99.32245699747,1.136765000410378,96.26953499537194,1.0975610057357699
2044,20.027313999889884,1.71061899891356,16.453094001917634,1.048227000865154
2045,20.2779629980796,0.9805039953789674,16.1757599998964,1.0198199961450882
2046,19.717739000043366,1.4409880022867583,16.01198100252077,1.4374689999385737
2047,22.089250000135507,1.061764000041876,19.261163004557602,0.9797450038604438
2048,19.357459001184907,1.6972849989542738,15.836831997148693,1.0126710039912723
2049,42.485509999096394,0.985875005426351,37.76604399899952,1.5846739988774061
2050,21.358154001063667,1.847120001912117,17.2260230028769,1.0261710049235262
2051,19.470737999654375,1.2329870005487464,16.422519998741336,1.0179489981965162
2052,19.71940499788616,1.608747996215243,16.280964002362452,1.029967999784276
2053,20.135982005740516,1.0216899972874671,16.090260003693402,1.0650049953255802
2054,19.221402995754033,1.7590999996173196,15.26807000482222,1.3893400027882308
2055,19.15318099781871,1.0549869984970428,16.3277969986666,1.0267640027450398
2056,19.054161006351933,1.1268200032645836,16.10898099897895,1.0043199945357628
2057,19.93664699693909,0.9601339988876134,16.495761003170628,1.0238379982183687
2058,89.2796330008423,1.2203209989820607,86.19530300347833,1.051893996191211
2059,20.436371996765956,1.1958579998463392,16.53042799443938,1.9194350024918094
2060,19.481534000078682,1.1126530007459223,16.358094006136525,1.0206899969489314
2061,20.22685200063279,0.9716889981064014,16.214019000472035,1.0716900069382973
2062,18.98221699957503,1.1101720010628924,16.06366699706996,1.0072639997815713
2063,19.998166004370432,1.8390830009593628,15.990721003618091,1.0378199949627742
2064,19.743017001019325,1.1240240055485629,16.594223998254165,1.1845979970530607
2065,90.79199099505786,2.000786997086834,86.0655249998672,1.0275410022586584
2066,19.277218001661822,1.119763997849077,16.2903529999312,1.050708997354377
2067,20.78233700012788,2.089934998366516,16.434371995273978,1.4474330018856563
2068,35.27836599823786,1.86030500481138,31.039421002788004,1.5515630002482794
2069,23.10799500264693,1.7414149988326244,17.57615499809617,1.5634699957445264
2070,170.30824499670416,1.1494319987832569,167.36310299893375,0.9997079978347756
2071,19.997018003778066,2.1623989960062318,15.99735099443933,1.0354119949624874
2072,110.77199099963764,1.8514710027375259,107.05975099699572,1.0315420004189946
2073,34.49375100171892,1.022561002173461,30.24102799827233,1.0261899951728992
2074,19.40968199778581,1.1526529997354373,16.37783500336809,1.0171719986828975
2075,20.119832995987963,2.181990996177774,16.119851999974344,1.027763995807618
2076,23.460848002287094,1.4293220010586083,20.055702996614855,1.120115994126536
2077,22.91914300440112,1.295838999794796,19.3224780014134,1.4745249936822802
2078,50.74562199297361,1.6805449995445088,45.21915200166404,1.1389869978302158
2079,22.4584550014697,1.0476349998498335,17.398951000359375,1.2556170040625148
2080,20.415020000655204,1.8580269970698282,16.06064799852902,1.716823004244361
2081,21.15611499903025,1.8244899983983487,16.998689003230538,1.5069520013639703
2082,20.354963999125175,1.8172119962400757,16.218000993831083,1.503654995758552
2083,20.329594000941142,1.7931010006577708,16.17748200078495,1.5729700025985949
2084,20.109314005821943,1.8316939967917278,15.71599800081458,1.745508001476992
2085,20.68415099347476,1.789009002095554,16.284519006148912,1.8252860027132556
2086,47.10082700330531,2.038990998698864,42.97556699748384,1.1889870002050884
2087,95.8196810024674,1.1230970048927702,92.73457399831386,1.2051730009261519
2088,40.71131700038677,1.805989995773416,36.2245369979064,1.8906379991676658
2089,35.337402994628064,1.0284669988323003,31.141439998464193,1.1798389969044365
2090,37.58511700289091,1.8304519981029443,33.85321100358851,1.090468002075795
2091,21.25989399792161,1.8546560022514313,16.01901800313499,1.500988997577224
2092,30.543362998287193,2.518401000997983,25.729802997375373,1.4659520020359196
2093,21.56567299971357,2.976568997837603,16.28487100242637,1.4561920033884235
2094,21.187985999858938,2.3379000049317256,16.26559299620567,1.7396010007360019
2095,20.524910003587138,1.8120449967682362,16.178297002625186,1.7586379981366917
2096,19.778219997533597,1.9781949958996847,15.846998998313211,1.1284689971944317
2097,36.529315999359824,2.012343000387773,32.29970399843296,1.3654690046678297
2098,37.18904100242071,1.1574309974093921,34.268342998984735,0.971782996202819
2099,20.21981500001857,1.1278199963271618,17.30843099358026,1.0277269975631498
2100,19.640831000288017,1.1293760035187006,16.627168995910324,1.0053189980681054
2101,27.657626997097395,1.2737100041704252,24.56348400301067,0.9979680035030469
2102,21.251691003271844,1.1888389999512583,17.94548999896506,1.2952100005350076
2103,23.088143003406003,1.138283005275298,17.630341004405636,1.5486369957216084
2104,27.396754994697403,1.189579998026602,24.417631000687834,1.0059310006909072
2105,45.34850500203902,1.213673000165727,41.80111800087616,1.4773030052310787
2106,27.91807200264884,1.1975610032095574,23.526033997768536,2.132953995896969
2107,34.0196749966708,1.0100049985339865,28.481371999077965,1.4338949986267835
2108,48.005627999373246,1.1243190019740723,44.835316999524366,1.2474129980546422
2109,18.784623003739398,1.1692089974530973,15.724609002063517,1.0766900013550185
2110,18.956902000354603,1.1513569988892414,16.01233299879823,0.984819998848252
2111,20.17242599686142,1.012263004668057,17.320153005130123,1.037578003888484
2112,123.05554700287757,1.1385610050638206,120.01825500192354,1.0292080041836016
2113,18.908252997789532,1.4763580038561486,15.428181999595836,1.1638939977274276
2114,18.620474998897407,1.1706720033544116,15.572497999528423,1.0603010014165193
2115,20.075740001630038,0.9922820026986301,17.27206099894829,1.0685240049497224
2116,19.402792997425422,1.1315420051687397,16.420316002040636,1.0148930014111102
2117,42.966141998476814,1.158617000328377,39.01225399749819,1.9341380029800348
2118,19.674811999720987,1.7969530017580837,15.555292993667535,1.0089870047522709
2119,30.481733003398404,1.446914000553079,26.85334599664202,1.4574140004697256
2120,24.02766599698225,1.0813199987751432,21.055634002550505,1.0867640012293123
2121,30.370750006113667,0.982762998319231,26.23947199754184,1.0199860043940134
2122,19.38849699945422,1.5984150013537146,15.931870002532378,1.020967996737454
2123,19.76088700030232,1.105487004679162,16.850595995492768,1.021504998789169
2124,19.354255993675906,1.1530789997777902,16.370907993405126,1.0160970050492324
2125,42.77951100084465,5.372988001909107,34.17280499706976,1.0610970057314262
2126,23.88761000474915,1.5285249974112958,20.47242700064089,1.0880979971261695
2127,24.86883600067813,1.0849120008060709,20.787300003576092,2.206880002631806
2128,61.61752399930265,1.8569530002423562,57.86661800084403,1.095968000299763
2129,19.471608000458218,1.000726995698642,15.852887998335063,0.9936150017892942
2130,26.370861996838357,1.4335619998746552,23.071420997439418,1.077670996892266
2131,41.45568999956595,1.0740600046119653,38.57232499285601,1.0210230029770173
2132,24.194295998313464,1.2089689989807084,21.126874999026768,1.01211600122042
2133,19.53038600186119,1.5975819987943396,16.050480997364502,1.0726159962359816
2134,19.519886001944542,1.1105790035799146,16.51040899741929,1.0888199976761825
2135,19.430014996032696,1.0530049985391088,16.48574200225994,1.1100229967269115
2136,19.39410799968755,1.1390049985493533,16.383835005399305,1.0500420030439273
2137,19.28303300519474,1.4643219983554445,15.954332004184835,1.046208999468945
2138,19.042364998313133,1.153839002654422,15.995055000530556,1.02554199838778
2139,118.24600600084523,1.0861900009331293,115.11641700053588,1.2588389945449308
2140,19.78801700170152,1.8615080043673515,15.773942002851982,1.2609499972313643
2141,19.881775995600037,1.0332460005884059,15.569163995678537,1.2129680035286583
2142,36.793947001569904,1.8103239999618381,32.73359499871731,1.4926370058674365
2143,20.10470299865119,2.1218990004854277,16.152259006048553,1.0340969965909608
2144,19.901314000890125,2.1737870047218166,15.880794999247883,1.0103559980052523
2145,30.772382000577636,4.9683010001899675,22.301675999187864,1.4655060003860854
2146,29.192447997047566,2.133677000529133,24.615002002974506,1.5846179958316498
2147,22.132972000690643,1.7759149995981716,18.117102001269814,1.4443030013353564
2148,22.47971500037238,1.8265820035594516,17.695210997771937,2.093101997161284
2149,19.499255999107845,2.1794360000058077,15.477219007152598,1.0444859944982454
2150,19.367200002307072,1.471247996960301,15.914591996988747,1.0791340027935803
2151,19.791812999756075,2.061713006696664,15.857701997447293,1.070375001290813
2152,20.005129001219757,2.133435998985078,15.982333003194071,1.061153001501225
2153,20.201758998155128,1.4034140040166676,16.688613999576773,1.2896539992652833
2154,43.07816099753836,3.6697030009236187,37.48345000349218,1.0195040013059042
2155,23.051273004966788,1.078987006621901,20.058018002600875,1.0734309980762191
2156,20.480000996030867,1.1718199966708198,17.335208998702,1.0139499936485663
2157,19.244328999775462,1.4827289996901527,15.918165001494344,1.0099870050908066
2158,19.365719002962578,1.156097001512535,16.37533400207758,1.0115600016433746
2159,19.457310998404864,1.0568009965936653,16.549428000871558,1.0451709968037903
2160,21.637951002048794,1.1103939978056587,18.611640996823553,1.085522999346722
2161,18.874346002121456,1.224542000272777,15.601756000251044,1.1427829958847724
2162,19.080754995229654,1.1286900044069625,15.90551799745299,1.249375993211288
2163,42.720787998405285,1.8735829944489524,38.97888299979968,1.024967998091597
2164,21.525081006984692,1.1172270023962483,18.536567004048266,1.0309310018783435
2165,23.57571899483446,0.9784849971765652,19.340107006428298,1.082542003132403
2166,19.15919900056906,1.1420430018915795,16.14888900076039,1.0264489974360913
2167,19.766331002756488,1.0729119967436418,16.83709600183647,1.0264669981552288
2168,19.403940998017788,1.42754300031811,15.738665002572816,1.3721170034841634
2169,18.870605003030505,1.1902279948117211,15.876368997851387,1.0003010029322468
2170,19.123272999422625,1.1478579981485382,16.110573997139,1.0449300025356933
2171,19.578683000872843,1.0539130016695708,16.656039995723404,1.0855790023924783
2172,62.99617799959378,1.1565419990802184,59.9899969965918,1.0036339954240248
2173,26.541159000771586,1.12719000026118,23.5318479972193,1.025190002110321
2174,19.340532999194693,1.9800089939963073,15.177328998106532,1.3411170002655126
2175,24.558334996982012,1.0637090017553419,21.658211000612937,1.0397079968242906
2176,19.41495900246082,1.1045789942727424,16.46392700058641,1.0376720019849017
2177,20.943244999216404,1.1249490053160116,17.956249001144897,1.0436159936944023
2178,20.640909002395347,1.7322490020887926,17.078097000194248,1.0070600037579425
2179,19.219384994357824,1.1209309959667735,16.091611003503203,1.2128020025556907
2180,36.53433400177164,1.3790809971396811,33.17539300041972,1.0273750012856908
2181,22.806196997407824,2.163028999348171,18.790752001223154,1.0353750039939769
2182,19.258959000580944,1.570526001160033,15.668830994400196,1.2006160031887703
2183,19.08216100127902,1.0878570028580725,16.081019006378483,1.1009500012733042
2184,55.2065500014578,1.6866740043042228,51.533218000258785,1.1577639961615205
2185,34.06495299714152,1.8029710045084357,30.072286004724447,1.0235040026600473
2186,20.297593000577763,1.4882659961585887,16.958725995209534,1.0285050011589192
2187,113.74533700291067,1.1227459981455468,109.58111400395865,2.225973003078252
2188,59.94818199542351,2.2969179990468547,55.77621900010854,0.9950969979399815
2189,23.321570006373804,1.458692000596784,20.016055001178756,1.0151899987249635
2190,40.97052099677967,1.1862270039273426,37.24754200084135,1.7085270010284148
2191,25.242764000722673,2.067101995635312,19.17275400046492,1.5091739987838082
2192,31.856294997851364,1.848453001002781,28.107814003305975,1.075300999218598
2193,18.562602999736555,1.1728949975804426,15.498849003051873,1.0734859970398247
2194,21.449969004606828,1.184505999844987,17.69721099844901,1.7440449955756776
2195,24.60563199565513,1.4821359945926815,19.548812000721227,1.0450789995957166
2196,71.00438100314932,1.1285430009593256,67.95070099906297,1.0813010012498125
2197,20.37422300054459,1.1453389961388893,17.332523995719384,1.0980049992213026
2198,22.195045996340923,1.1383940000087023,19.24792100180639,0.9774489953997545
2199,19.691794004756957,1.166394999017939,15.948720996675547,1.0165979983867146
2200,19.280773994978517,1.133152996771969,16.276241003652103,1.0415970027679577
2201,19.092810005531646,1.1568390036700293,16.052184997533914,1.0645049987942912
2202,18.909752994659357,1.1562270010472275,15.92579599673627,1.0036349995061755
2203,20.265390005079098,1.0211710032308474,15.567331000056583,1.0316159969079308
2204,18.927845994767267,1.2087829964002594,15.678978998039383,1.097838998248335
2205,40.67540800315328,1.1844869950436987,37.67998799594352,1.0317449996364303
2206,19.189402999472804,1.1476899962872267,16.182926003239118,1.0154310002690181
2207,20.346056997368578,2.03356500423979,16.502853002748452,1.0190229950239882
2208,19.601088999479543,1.9191570027032867,15.776480002386961,1.0869680045288987
2209,21.89300800091587,1.8311930034542456,17.436672998883296,1.0874500003410503
2210,20.507613000518177,0.9786899972823448,16.62050199956866,0.9985599972424097
2211,22.2862869995879,1.8964529954246245,18.541752004239243,1.0591709942673333
2212,21.048485999926925,2.2131590012577362,16.39079699816648,1.0734860043157823
2213,20.05275800183881,1.0010789992520586,16.156110999872908,1.0696159952203743
2214,48.442314997373614,1.1953939974773675,45.17792999831727,1.2429869966581464
2215,28.862835999461822,0.937912001973018,24.722039997868706,2.500048001820687
2216,19.866832000843715,1.8565639984444715,15.802756999619305,1.434321005945094
2217,19.21253299951786,1.2820609990740195,16.04816599865444,1.0831160034285858
2218,19.526941003277898,1.1333570000715554,15.88409100077115,1.078302004316356
2219,20.956633001333103,1.8094339975505136,16.85224399989238,1.5085630002431571
2220,19.87423899845453,1.9201199975213967,15.401570999529213,1.708266994683072
2221,19.5606269990094,1.3993210013723,15.951109999150503,1.4104129950283095
2222,37.02591099863639,2.1076020057080314,33.08741100045154,1.0294489984516986
2223,28.43366700108163,1.0813749977387488,25.555894993885886,1.005671001621522
2224,19.485867000184953,1.1839129947475158,16.208536995691247,1.014485998894088
2225,19.182681004167534,1.1375800022506155,16.175851997104473,1.0940239953924902
2226,20.201073995849583,0.9987629964598455,15.990572996088304,1.0464309962117113
2227,21.300820000760723,1.0932830045931041,18.388714001048356,1.02211599732982
2228,32.208074000664055,2.039416998741217,28.239944003871642,1.0115969998878427
2229,19.12192100280663,1.3111720036249608,15.81327600433724,1.2221910001244396
2230,19.19021699723089,1.1348379994160496,16.08061099977931,1.208764995681122
2231,36.43644499970833,2.373622002778575,31.692033997387625,1.4456919961958192
2232,141.15946200035978,2.336288998776581,136.99516500491882,0.9998009991250001
2233,19.64781300193863,1.1979870032519102,15.51044100051513,1.1628390057012439
2234,31.08843899826752,2.355325996177271,26.79762300249422,1.032320004014764
2235,23.011382996628527,1.6616740031167865,18.91778999561211,1.6325070027960464
2236,22.483177002868615,1.9413979971432127,18.693179001274984,1.012503998936154
2237,35.429663003014866,2.1436399983940646,31.45736599981319,1.0008750032284297
2238,20.687797994469292,1.1612640009843744,17.659969998931047,1.057635003235191
2239,21.43544999853475,1.0307449992978945,18.502252001781017,1.0590419988147914
2240,19.751387000724208,1.7787120013963431,16.101000001071952,1.050597995345015
2241,18.98653200623812,1.1369499989086762,16.00137000059476,1.0277080000378191
2242,35.92944199772319,1.194876000226941,32.84061299927998,1.0413749987492338
2243,22.004712001944426,1.066949000232853,18.86573499359656,1.2926729978062212
2244,19.266569994215388,1.1496350052766502,16.27583400113508,1.0418750025564805
2245,19.00232800107915,1.1541530038812198,16.053389001172036,1.0009670004365034
2246,20.54966799914837,1.071041995601263,17.633135998039506,1.0267270045005716
2247,20.39981599955354,1.023911994707305,17.466486999182962,1.075874999514781
2248,23.236810004164,1.3684869991266169,19.72423899860587,1.2667650007642806
2249,27.780682998127304,1.1366909966454841,24.784262001048774,1.0384490014985204
2250,22.085231001256034,1.3750240032095462,18.671363999601454,1.1557459947653115
2251,36.821686997427605,2.0106199954170734,32.53233400027966,1.4493400012725033
2252,37.591580003208946,2.1467320038937032,33.62345000641653,1.0250229970552027
2253,19.61394200043287,1.6668409953126684,16.058998997323215,1.0325789990019985
2254,20.15368499996839,2.570697004557587,15.45384900236968,1.2676730038947426
2255,20.2081109964638,2.2207509973668493,16.185148000658955,1.026115998683963
2256,20.03979500295827,2.055509998172056,16.120499996759463,1.0102079977514222
2257,19.564034999348223,1.7472119943704456,15.965313999913633,1.0139669975615107
2258,19.684979000885505,1.7465450000599958,16.061129004810937,1.0088560011354275
2259,41.84835799969733,2.3059919985826127,37.66309899947373,1.068133999069687
2260,21.4185059958254,2.0162500004516914,17.570303003594745,1.0177079966524616
2261,19.41090400214307,1.8244339953525923,15.766572003485635,1.0081709988298826
2262,19.4124589979765,1.8771009999909438,15.71660899935523,1.0142829996766523
2263,19.922516999940854,2.2853439950267784,15.445163997355849,1.2420249986462295
2264,20.10161100042751,1.8578050003270619,16.419685998698696,1.0119119979208335
2265,20.22168500116095,1.1842090025311336,17.20359700266272,1.0122450039489195
2266,37.28146700450452,1.138337996962946,34.31341700343182,1.0186159997829236
2267,80.53168399783317,2.1075650001876056,76.61499900132185,1.0085229951073416
2268,22.813215997302905,1.1048759988625534,19.74353499826975,1.1567649999051355
2269,19.930110000132117,1.0713939991546795,16.989095995086245,1.0851530023501255
2270,19.82305400451878,1.0933189987554215,16.9465590006439,1.0006709999288432
2271,20.418537998921238,2.555418999691028,16.038759000366554,1.0233560024062172
2272,21.061558996734675,1.1045970022678375,18.138471998099703,1.0172270049224608
2273,19.280366999737453,1.32452499383362,15.74264599912567,1.3568759968620725
2274,39.97986800095532,1.1003570034517907,37.12539299885975,0.9762080007931218
2275,34.272101998794824,1.1386900005163625,30.960734002292156,1.359210000373423
2276,20.8267620037077,2.409196000371594,16.23733399901539,1.017189999402035
2277,19.691367997438647,1.1452270045992918,16.642705995764118,1.0744499959400855
2278,19.59051500307396,1.279561998671852,16.40516799670877,1.06620900623966
2279,20.29829700040864,1.8471010043867864,16.191741000511684,1.4898029985488392
2280,20.455574995139614,2.434975001960993,16.206981999857817,1.0123199972440489
2281,25.420987003599294,1.0984489999827929,22.348564998537768,1.1579490019357763
2282,27.263477000815328,2.5847150027402677,22.861381999973673,1.060727001458872
2283,34.0088779994403,1.1167090051458217,31.04006800276693,1.057986002706457
2284,40.345869994780514,1.0857829984161071,36.6174829978263,1.802100996428635
2285,22.005194005032536,1.0549679936957546,19.084735002252273,0.993505003862083
2286,22.080378999817185,1.1564500018721446,19.068180001340806,1.0507639963179827
2287,22.051526997529436,3.268867003498599,16.557576003833674,1.4377280022017658
2288,20.172573000309058,2.08454600215191,16.315963002853096,0.9718930014059879
2289,21.24304199969629,1.224043000547681,18.194841999502387,1.0508380000828765
2290,22.1769720010343,1.1008940055035055,19.232755003031343,1.0298190027242526
2291,87.63116099726176,5.29343199741561,79.72055100253783,1.4606920012738556
2292,21.031300006143283,1.8469349961378612,16.92833699780749,1.4602099981857464
2293,173.98724200029392,1.8151010008295998,169.6181289953529,1.7370639980072156
2294,21.955507996608503,1.9464900033199228,17.518228996777907,1.6794330003904179
2295,21.846803996595554,1.983786998607684,17.460394999943674,1.0767639978439547
2296,22.297065006569028,1.0723020022851415,17.442951000703033,1.023559998429846
2297,19.50229299836792,1.143486995715648,16.236426003160886,1.30765500216512
2298,24.516131001291797,1.106449999497272,20.99659600207815,1.6295449968311004
2299,33.96006299590226,2.97679199866252,28.57283499906771,1.486191998992581
2300,134.23726300243288,1.7047850051312707,129.35712999751559,2.353103998757433
2301,26.300361001631245,2.62836400361266,19.96516499639256,2.6936979993479326
2302,23.20206899457844,2.0997319952584803,18.00013800675515,2.3621039945282973
2303,21.246838005026802,2.4176770020858385,16.998262995912228,1.0074860038002953
2304,41.605968996009324,1.0027079988503829,38.77101100079017,1.026338002702687
2305,21.52387599926442,0.9981340044760145,17.203709001478273,1.017763999698218
2306,20.09929600171745,2.207528996223118,16.071924997959286,1.0348750001867302
2307,19.77736799744889,2.1052320007584058,15.247866002027877,1.579876996402163
2308,19.180940005753655,1.1485049981274642,16.17855499353027,1.0538940041442402
2309,22.914475994184613,0.972041001659818,17.665895000391174,2.1020099957240745
2310,21.246615004201885,1.8568610030342825,16.802724996523466,1.8475640026736073
2311,20.158129998890217,1.8568419982329942,16.143056003784295,1.3828950031893328
2312,20.433778001461178,1.7873420001706108,16.246000996034127,1.600230003532488
2313,46.68995500105666,1.153023993538227,42.020267006591894,1.2031910009682178
2314,67.34447499911766,1.6986929986160249,62.304470004164614,2.198103000409901
2315,22.352842999680433,1.9516019965521991,18.40923300187569,1.1832090021925978
2316,20.64089100167621,1.9820090019493364,16.32824200351024,1.4671179960714653
2317,42.170174994680565,1.7264519992750138,36.90428000118118,1.1933749992749654
2318,30.58858399890596,2.3534920037491247,25.378135003848,1.9762489973800257
2319,57.18972500471864,1.4629880024585873,53.39717100287089,1.0550600054557435
2320,49.132020998513326,1.6075259991339408,45.727227996394504,0.9816160018090159
2321,156.78138499788474,1.8281570010003634,152.9969789989991,1.105412004108075
2322,19.40766299958341,1.0825599965755828,16.307426005369052,1.2145799992140383
2323,22.126250005385373,1.1242280015721917,19.23203300248133,1.0123559986823238
2324,19.18869899964193,1.1523020002641715,16.217315001995303,0.9986340010073036
2325,20.094702995265834,1.1000239974237047,16.29255599982571,1.0208940002485178
2326,19.503904004523065,1.1202829991816543,16.57296499615768,1.0038559994427487
2327,40.782519994536415,1.5133770066313446,37.41217200149549,1.0452639980940148
2328,21.277375002682675,1.5900069993222132,17.515413004730362,1.082097995094955
2329,19.992998997622635,2.1100830053910613,15.959942997142207,1.085357005649712
2330,21.582414003205486,2.0925830031046644,17.21387499856064,1.4577100009773858
2331,19.697459996677935,2.4658069960423745,15.402125995024107,1.0747830019681714
2332,19.45412700297311,1.7630630027269945,15.859090999583714,1.0349489966756664
2333,19.828015996608883,2.1309730000211857,15.830092001124285,1.073616003850475
2334,19.7733690001769,2.0233059985912405,15.88468300178647,1.0639310057740659
2335,19.595589001255576,2.122231999237556,15.574071003356948,1.087781995011028
2336,34.935030998894945,1.1491900004330091,27.83503499813378,1.7987859973800369
2337,21.417227006168105,1.5996189977158792,17.319653001322877,1.068208999640774
2338,20.767928996065166,1.7672299945843406,16.47331699496135,1.7442679964005947
2339,19.75946099992143,1.7420820004190318,16.148110997164622,1.0451900016050786
2340,20.782724997843616,1.803655999538023,16.259703996183816,1.8773049960145727
2341,19.43866300280206,1.8798599994624965,15.629257002728991,1.1368009945726953
2342,20.103276998270303,2.103306003846228,16.19194399972912,1.0096339974552393
2343,20.826984000450466,1.8852669963962398,16.667651005263906,1.4520250042551197
2344,20.289888998377137,1.0607639997033402,17.383487000188325,1.0238749964628369
2345,39.420439999958035,1.7664150000200607,35.5653849983355,1.260079996427521
2346,21.089652000227943,2.079379999486264,17.238467000424862,0.99804100318579
2347,21.325690002413467,2.1756019996246323,17.25896800053306,1.0835610009962693
2348,21.27594999910798,1.6056359963840805,17.653043003519997,1.208524001413025
2349,19.5411079985206,1.4538030009134673,16.198630000872072,1.0945419999188744
2350,19.935683005314786,2.1529730001930147,15.973998997651506,1.02539399813395
2351,19.530737998138648,1.6418779996456578,16.009442995709833,1.0770790031529032
2352,19.48390399775235,1.4663589972769842,16.151482006534934,1.0669309995137155
2353,19.420756005274598,1.4033580009709112,16.179407000890933,1.0318380009266548
2354,43.71895899384981,1.9601019957917742,37.33202299918048,1.5269150026142597
2355,25.09946700592991,1.6676550003467128,20.009314001072198,2.4913449960877188
2356,20.580926997354254,1.0771160013973713,16.112814002553932,1.0947090049739927
2357,19.22984699922381,1.386932002787944,15.923610000754707,1.1072639972553588
2358,19.886980000592303,2.0991029959986918,15.93010999931721,1.0635049984557554
2359,20.571872002619784,1.8382859998382628,16.431259995442815,1.5104510021046735
2360,22.253546994761564,2.290083997650072,16.012814005080145,3.1147729969234206
2361,22.65338100551162,2.9678279970539734,17.070374997274484,1.643932999286335
2362,50.85910299385432,1.821490004658699,45.87646900472464,2.102102000208106
2363,22.78630799992243,2.0584719968610443,18.025100995146204,1.8867309991037473
2364,55.800756003009155,1.0494680027477443,52.384480004548095,1.4487470034509897
2365,20.706260998849757,1.8416940001770854,16.34055600152351,1.7080449979403056
2366,20.70170600200072,1.7918230005307123,16.460649996588472,1.6152850002981722
2367,21.638136000547092,1.863935001892969,17.47961700311862,1.4576370012946427
2368,19.281606997537892,1.8211380011052825,15.472200997464824,1.1873569965246134
2369,110.8995260001393,1.6029329999582842,107.22956500103464,1.1004119951394387
2370,22.161009001138154,1.1384870012989268,19.231753998610657,1.0053570003947243
2371,19.536403997335583,1.6560820004087873,16.032981002354063,1.0223560020676814
2372,19.11288400151534,1.1706340010277927,16.06640699901618,1.0270610000588931
2373,31.260754003596958,1.399672997649759,27.855813001224305,1.1673199987853877
2374,43.6733109963825,1.0250229970552027,38.447305996669456,1.5575069992337376
2375,21.268764001433738,1.8965269991895184,17.125689999375027,1.0198559975833632
2376,20.29544499964686,1.1509119940456003,16.18633400357794,1.0081340005854145
2377,19.229755002015736,1.5208219992928207,15.781925001647323,1.091042002371978
2378,22.2033609970822,1.8239530036225915,17.073003997211345,2.4799929960863665
2379,21.67483999801334,2.139584001270123,16.57648300169967,2.1484730023075826
2380,22.035619003872853,1.7743599964887835,17.01787500496721,1.3341910016606562
2381,20.98009600013029,1.8215640011476353,16.621038994344417,1.711914999759756
2382,21.211227001913358,1.841748999140691,16.476094002428,1.786416003596969
2383,52.66449999908218,2.4772329998086207,47.428568002942484,1.792600996850524
2384,25.886969997372944,1.76130399631802,20.271704001061153,1.6961559958872385
2385,22.928735001187306,2.043472006334923,16.182703999220394,2.3810479979147203
2386,21.726172999478877,1.300653995713219,18.63236300414428,1.0462270001880825
2387,19.71657200192567,1.9717130053322762,15.885444001469295,1.037542002450209
2388,20.82455799973104,1.467431997298263,15.577960999507923,1.5419520059367642
2389,19.68290499644354,1.0558009962551296,15.385977996629663,1.12687600631034
2390,32.87428000476211,1.0496899994905107,30.073859998083208,1.0076710022985935
2391,83.76454999961425,2.158880997740198,79.76503199461149,1.0263379954267293
2392,27.381495994632132,1.6048219986259937,23.860553003032692,1.090783000108786
2393,19.224717005272396,1.492174000304658,15.591201001370791,1.3175990025047213
2394,19.899090999388136,1.056801003869623,17.026503999659326,1.0035230006906204
2395,22.3017499956768,0.9521160027361475,19.523144997947384,1.0083570014103316
2396,19.422199999098666,1.6129330033436418,15.964165002515074,1.0033560029114597
2397,19.159847004630137,1.1498009989736602,16.11850000335835,1.0665239969966933
2398,31.820423995668534,1.5091550012584776,28.409703998477198,1.0811530009959824
2399,68.72470300004352,1.8942499955301173,64.94902000122238,1.0783190009533428
2400,19.455719004326966,1.194801996462047,16.23153700347757,1.2395989979268052
2401,19.12992099823896,1.438674000382889,15.869758004555479,1.0268380065099336
2402,31.028882003738545,2.086898995912634,26.868938002735376,1.2465800027712248
2403,19.32060699618887,1.8035269968095236,15.719793998869136,1.0102270025527105
2404,19.63251599954674,1.165580004453659,16.475037999043707,1.1645239937934093
2405,24.68042800319381,1.2774870046996512,19.87631399970269,1.2543209959403612
2406,23.959090998687316,1.2510430024121888,19.5926079977653,1.907489997392986
2407,25.677505997009575,2.464380995661486,21.07398599764565,1.0557820060057566
2408,21.83576700190315,2.531938000174705,16.63220600312343,1.8054529937217012
2409,26.239897997584194,1.1149679994559847,23.29264400032116,1.0434860014356673
2410,19.927369001379702,1.0871529957512394,16.995077996398322,1.0172820038860664
2411,19.19829100370407,1.1523940047482029,15.674385998863727,1.098134001949802
2412,19.09201299713459,1.202617000672035,16.047924997110385,1.0231340056634508
2413,39.94197899737628,1.2261910014785826,36.86277900123969,1.0239870025543496
2414,21.591044001979753,1.0831719991983846,18.685566996282432,1.0108010028488934
2415,20.911984000122175,2.060082995740231,16.815798997413367,1.0629309981595725
2416,19.21536600275431,1.1233569966861978,16.2860010022996,1.0007079981733114
2417,33.22307799680857,1.1427829958847724,30.14186099608196,1.110837998567149
2418,21.049226001196075,1.0672270000213757,18.15962099499302,1.0077260012621991
2419,19.769035003264435,1.1210059965378605,16.853613997227512,1.0025789961218834
2420,18.876214999181684,1.1401720039430074,15.85651699861046,1.0543940006755292
2421,20.645409997086972,1.3657099989359267,15.606294000463095,2.7904380040126853
2422,29.305615003977437,2.012565004406497,25.007559001096524,1.4557850008714013
2423,22.355194996634964,2.5486230006208643,16.69394700002158,2.2410470046452247
2424,19.537182000931352,1.1250980023760349,16.489426998305134,1.072245002433192
2425,19.55686700239312,1.1214870028197765,16.519687000254635,1.0856169974431396
2426,19.49792300001718,1.1459130037110299,16.55485299852444,1.0121150044142269
2427,25.489115992968436,1.1140599963255227,22.51428800082067,0.999190000584349
2428,19.079162004345562,1.130560995079577,16.11585099453805,1.0326350020477548
2429,19.11008699971717,1.134172001911793,16.154741002537776,1.022226999339182
2430,22.473714001534972,1.084912997612264,19.50060799572384,1.0638390012900345
2431,28.82481699634809,5.93811999715399,20.152258999587502,1.5013039956102148
2432,20.830669003771618,1.0393199991085567,17.98022999719251,1.023911994707305
2433,21.242448994598817,1.7073410053853877,16.297018999466673,1.0468190012034029
2434,27.73873800470028,2.246936004667077,23.632534001080785,1.0642639972502366
2435,20.07964799850015,1.7767669996828772,15.868424001382664,1.635045002331026
2436,19.289939998998307,1.8508040011511184,15.434385000844486,1.215431999298744
2437,19.803535004029982,1.747081994835753,16.24387100309832,1.0112820018548518
2438,20.0533139941399,2.223916999355424,15.971387998433784,1.0248940016026609
2439,20.45931500470033,1.8331559986108914,16.296018999128137,1.4808589985477738
2440,31.672570999944583,1.419801999873016,28.439684996556025,1.0018379980465397
2441,22.44662099838024,1.8106940042343922,17.501098998764064,2.2783439999329858
2442,20.23526000266429,1.2349690005066805,16.604057003860362,1.0509490020922385
2443,27.08334599446971,1.1903760023415089,24.074943001323845,1.0251710045849904
2444,20.112461999815423,2.324270004464779,15.90714600024512,0.9952269974746741
2445,26.480177002667915,1.1053199996240437,23.50866400229279,1.0881170019274577
2446,30.53245400224114,0.9594680013833568,25.744840000697877,1.0216709997621365
2447,19.86429499811493,1.051616003678646,15.91407299565617,1.152597993495874
2448,56.19440499867778,1.0389870003564283,51.670995002496056,1.5733399995951913
2449,38.645676999294665,1.7706189973978326,34.54773200064665,1.05143099790439
2450,24.272055001347326,2.681753001525067,19.314274002681486,1.457284997741226
2451,19.83884999935981,1.5627669999958016,15.77075800014427,1.1497829982545227
2452,19.22199500404531,1.1405969999032095,16.212370996072423,1.086244999896735
2453,39.8637010002858,1.121597997553181,36.97144699981436,1.0211160042672418
2454,34.41908399690874,1.0797450013342313,31.52432999922894,1.026115998683963
2455,36.736797002959065,1.2036349944537506,33.69289499823935,1.0187270017922856
2456,42.2568039939506,1.1445050040492788,38.31591599737294,1.041060000716243
2457,19.440440999460407,1.1396710033295676,15.70442299998831,1.7632679955568165
2458,21.520950002013706,1.4406179980142042,17.659710996667854,1.015283000015188
2459,21.591673001239542,1.9001569962711073,17.809210999985225,1.0636719962349162
2460,20.30590800131904,1.0199120006291196,15.957832998537924,1.073282997822389
2461,29.45020899642259,1.1159310015500523,26.520305997109972,1.0287270051776432
2462,26.24113800266059,1.72884100174997,22.631918000115547,1.0729299974627793
2463,22.130286000901833,1.8511939997551963,18.395120998320635,1.0633189958753064
2464,20.37698200001614,1.1714869979186915,17.442727999878116,1.019319002807606
2465,19.52055299625499,1.1680239986162633,16.56153899966739,1.0189679960603826
2466,20.8039839999401,1.091541998903267,17.900730003020726,1.0133200048585422
2467,19.65807100350503,1.8739899969659746,15.901312995993067,1.0328930002287962
2468,19.500515001709573,1.5915080002741888,16.037055000197142,1.0792829998536035
2469,19.884516994352452,1.0485790044185705,15.881888000876643,1.044374999764841
2470,23.6123300055624,1.1310609988868237,19.86734999809414,1.8146380025427788
2471,24.277665994304698,3.6073320006835274,17.540524000651203,2.261973000713624
2472,19.823460999759845,1.1471539983176626,15.742386000056285,1.8698610001592897
2473,19.527145006577484,1.3019320031162351,15.96348100429168,1.0091900039697066
2474,18.960734996653628,1.088302000425756,16.011795996746514,1.0508749983273447
2475,19.712442001036834,2.073194998956751,15.780886998982169,1.0557269997661933
2476,22.460102998593356,1.0697460020310245,19.603738001023885,0.9912449968396686
2477,19.340309998369776,1.20032000268111,16.32029699976556,1.015096997434739
2478,19.134977002977394,1.1252090043853968,16.148962000443134,1.0146900021936744
2479,19.10866099933628,1.4110989941400476,15.824849993805401,1.052504994731862
2480,31.780238001374528,1.9011379990843125,28.038239004672505,1.0408939997432753
2481,51.4621239999542,1.606137004273478,46.92991800402524,2.1078240024507977
2482,27.812961001473013,1.0294679959770292,23.783646000083536,0.9909120053634979
2483,19.39049599604914,1.429987998562865,16.109222000523005,1.012375003483612
2484,19.91629400436068,1.1210800003027543,16.07746200170368,1.015578003716655
2485,19.543533999240026,1.0332820020266809,15.780386995174922,1.0292270017089322
2486,18.799696998030413,1.2135610013501719,15.711313004430849,1.0502270015422255
2487,117.64781599777052,1.1478939995868132,114.15280000073835,1.1217650026082993
2488,121.76716799876885,1.9069350018980913,116.06988299899967,2.1080279984744266
2489,30.71910300059244,1.935435000632424,24.65124200534774,1.9300089988973923
2490,18.967976000567432,1.1238200022489764,15.516163002757821,1.1201349989278242
2491,94.00265099975513,1.4236360002541915,90.71545200276887,1.0632639969117008
2492,20.961892005288973,1.092375001462642,16.246906998276245,1.0269679987686686
2493,97.62077999766916,2.1152320041437633,93.51522399811074,1.1920239994651638
2494,25.338911997096147,1.015430003462825,20.645946002332494,2.005435002502054
2495,31.340810004621744,1.0543569951551035,27.33405100298114,1.030578998324927
2496,20.161202999588568,2.025009998760652,16.31557500513736,1.0153749972232617
2497,19.652866998512764,1.832563997595571,15.968203006195836,1.0288009943906218
2498,22.109416000603233,2.1833249993505888,15.548570998362266,3.580015996703878
2499,33.72834000037983,2.0798609984922223,28.685371995379683,2.051991003099829
2500,22.350582999933977,1.8819339966285042,18.22986100160051,1.4928770033293404
2501,23.665422995691188,1.8159519968321547,19.990164997579996,1.088375000108499
2502,19.016291000298224,1.4700250030728057,15.277348000381608,1.418728003045544
2503,20.8780770044541,1.8178229947807267,16.908448000322096,1.3625989959109575
2504,19.542310998076573,1.1672269974951632,16.601000999799,1.0212639972451143
2505,19.457422000414226,1.0645789952832274,16.56126099987887,1.0290790014551021
2506,19.779980000748765,1.7916750002768822,16.118406994792167,1.0143379986402579
2507,20.933225001499522,1.7921930048032664,15.213735998258926,3.0551990057574585
2508,32.22573999664746,1.2168210014351644,26.994179002940655,1.5648400003556162
2509,21.05165099783335,2.2587139974348247,16.404148998844903,1.1343199948896654
2510,19.770109000091907,1.1450050005805679,16.73011299862992,1.0037270039902069
2511,19.362958999408875,1.1691170002450235,16.333981999196112,1.0305420000804588
2512,29.68845100258477,1.0664869987522252,16.278648996376432,9.941730000718962
2513,31.99414600385353,4.271352998330258,25.65746899927035,1.0127259956789203
2514,20.075961998372804,2.107972002704628,16.12642500549555,1.0225419973721728
2515,19.52897799492348,1.7884160042740405,15.9042209998006,1.0225790028925985
2516,64.29559000389418,1.0838570015039295,59.96799599961378,1.007207996735815
2517,29.502839002816472,2.2007139996276237,25.446968000323977,1.0561340022832155
2518,19.807608994597103,1.9444529971224256,16.024536002078094,1.0118559948750772
2519,22.395564999897033,1.9295279998914339,18.169898001360707,1.4336180029204115
2520,21.951359005470295,2.7035489983973093,16.434093995485455,1.4995800011092797
2521,20.600094998371787,1.7836569968494587,16.30127799580805,1.7580450003151782
2522,20.835464994888753,1.8594709981698543,16.442464002466295,1.7073779963538982
2523,32.86763200594578,1.85784199857153,28.486796996730845,1.6997849961626343
2524,62.21802499931073,2.266326002427377,58.083857999008615,1.0476710012881085
2525,23.25705000112066,1.8090079975081608,19.135624999762513,1.491302995418664
2526,23.79516499786405,1.851619999797549,19.645996995677706,1.4691179967485368
2527,20.731390999571886,1.871378997748252,16.277351998724043,1.7243230031454004
2528,20.257037002011202,2.119379998475779,16.263074001471978,1.0435229996801354
2529,20.115239996812306,2.073194998956751,16.159591999894474,1.0820610041264445
2530,53.32226199971046,2.2837319993413985,48.34899800334824,1.8292300010216422
2531,20.879910000076052,1.6575820045545697,16.83059599599801,1.100467998185195
2532,19.54640400072094,1.3648759995703585,15.985684003680944,1.024690005579032
2533,21.1205220039119,2.2381579983630218,16.43555700138677,1.6457849997095764
2534,23.060845996951684,2.778975998808164,17.949452994798776,1.4297660018200986
2535,19.488386002194602,1.7209519937750883,15.967314000590704,1.0043940055766143
2536,19.24929099914152,1.180191000457853,16.218554999795742,1.0266160024912097
2537,22.354991000611335,1.9713430010597222,18.528418004279956,1.0372449978603981
2538,45.99767299805535,1.5042099985294044,42.63367599924095,1.031986001180485
2539,20.319203998951707,1.1443939947639592,17.326191002212,1.0316160041838884
2540,19.337865996931214,1.5151730040088296,15.925146995869,1.0563750038272701
2541,19.02790200256277,1.1211339951842092,15.938479999022093,1.1343570004100911
2542,20.78607599833049,0.9989489990402944,16.396464001445565,1.0293380037182942
2543,35.073161001491826,1.1669130035443231,30.722048002644442,2.3328070019488223
2544,87.52343599917367,1.6144150067702867,83.51343699905556,1.0927090042969212
2545,37.32407800271176,1.0577269931673072,34.390434993838426,1.0523009987082332
2546,19.65064599789912,1.1668379956972785,16.44198299618438,1.1052639965782873
2547,19.65696000115713,1.5263219975167885,16.311482002492994,1.0358569998061284
2548,19.382013997528702,1.5369150059996173,15.979814001184423,1.0580040034255944
2549,19.743257005757187,2.036601996223908,15.874183998676017,1.0409309979877435
2550,25.405226995644625,1.1320980047457851,22.37815799890086,1.0597090004011989
2551,37.379152003268246,1.1480240063974634,34.441545998561196,1.0059490014100447
2552,81.81296599650523,1.2313760016695596,78.70154499687487,1.0639489992172457
2553,34.73619600117672,1.103857000998687,31.79877499496797,1.0260420021950267
2554,19.391052002902143,1.1627090061665513,16.369297001801897,1.0351900054956786
2555,19.21654999750899,1.1712470004567876,16.21390700165648,1.0126339984708466
2556,18.99825400323607,1.162356995337177,15.903516999969725,1.1038939992431551
2557,19.765034994634334,1.5962850011419505,15.36679200216895,2.012730998103507
2558,26.943863005726598,1.1591540023800917,22.526380998897366,1.0014860017690808
2559,20.934002997819334,1.1699319948093034,17.872044998512138,1.0614860002533533
2560,21.432282999739982,1.747267997416202,16.66055699752178,1.0238009999739006
2561,19.53462699748343,1.1053749985876493,16.604816999461036,1.0448190005263314
2562,19.05593799892813,1.1396159970900044,15.959980002662633,1.13280100049451
2563,18.99886500177672,1.1696169967763126,15.985849997377954,1.0251339990645647
2564,19.025567999051418,1.189005997730419,15.93884999601869,1.0443930004839785
2565,24.680539005203173,1.0975420009344816,21.753061999334022,1.0310229990864173
2566,19.244864997745026,1.2098379957024008,15.94070199644193,1.0237079986836761
2567,43.12915999616962,1.1767639953177422,39.55592199781677,1.5467109988094307
2568,20.35625999997137,1.6983230016194284,15.996406000340357,1.0498940027900971
2569,35.566922000725754,1.903601994854398,31.362198998976965,1.5112109977053478
2570,28.334388000075705,1.8675829996936955,24.616854003397748,1.0329500000807457
2571,18.786364002153277,1.33604299480794,15.493311002501287,1.1788389965659007
2572,30.449694000708405,2.134121001290623,26.226898000459187,1.294893998419866
2573,18.87693799653789,1.1348749976605177,15.860906001762487,1.1163939998368733
2574,19.53219999995781,1.1425789998611435,16.395648999605328,1.203264997457154
2575,29.43583900196245,1.5059329962241463,25.324783004180063,1.6695449958206154
2576,20.004090998554602,1.3376550050452352,15.723682998213917,1.8273969981237315
2577,19.917498000722844,1.812952003092505,15.822610002942383,1.0197270021308213
2578,19.806035001238342,2.1766399950138293,15.785275994858239,1.0117999991052784
2579,19.32295900041936,1.3567280038842,16.122332999657374,1.02539399813395
2580,22.78843699605204,1.6127670023706742,19.146587001159787,1.135967999289278
2581,19.911350005713757,2.007768998737447,15.832127006433439,1.2029869976686314
2582,19.000290994881652,1.146561000496149,16.0375359992031,1.0133190007763915
2583,18.971475001308136,1.1938940006075427,15.915757001494057,1.034615001117345
2584,43.738644002587534,1.2151350019848906,40.474740002537146,1.2083390029147267
2585,39.828422995924484,1.3735250031459145,35.27366100024665,1.0444119980093092
2586,19.30497700232081,1.1633200047072023,16.292888998577837,1.025318997562863
2587,19.545663002645597,1.343783995253034,16.146054993441794,1.2446910041035153
2588,19.098402000963688,1.1510049953358248,16.079555003670976,1.0647090020938776
2589,36.93096499773674,1.942713002790697,32.65535199898295,1.5279889994417317
2590,95.36915699573001,1.1293380011920817,92.20703200116986,1.220578997163102
2591,63.645476002420764,1.80619400634896,56.89985299977707,1.050245002261363
2592,20.257741001842078,1.563618003274314,16.643372000544332,1.0970790026476607
2593,19.513421997544356,1.1316899981466122,16.583428005105816,1.0215420043095946
2594,24.677891000465024,1.8279720025020652,20.900891999190208,1.078467998013366
2595,38.36000800220063,1.9781939990934916,32.21953599859262,2.078546996926889
2596,20.518186000117566,1.5862479995121248,16.07733299897518,1.4905619973433204
2597,34.39828699629288,2.166306003346108,30.09622899844544,1.0251720013911836
2598,20.076369000889827,2.5271229969803244,15.682589997595642,1.0374310004408471
2599,20.89707700361032,1.076948996342253,16.699501997209154,1.0293200029991567
2600,19.60177499859128,1.9535089959390461,15.755663996969815,1.0573940016911365
2601,19.980220997240394,2.162066004530061,16.0234799986938,1.0128190042451024
2602,31.59627300192369,1.0859859976335429,28.662853001151234,1.0145039996132255
2603,116.65057000209345,1.1588389970711432,113.6282029983704,1.0117450001416728
2604,19.01649399951566,1.5838780018384568,15.503366994380485,1.0484310041647404
2605,19.789163998211734,2.0967870004824363,15.897609002422541,1.026450001518242
2606,19.39560699975118,1.797748998797033,15.699127005063929,1.0742090016719885
2607,19.91883200389566,1.0234299988951534,15.766942000482231,1.0545039986027405
2608,19.37829199596308,2.390399997239001,15.046308995806612,1.091023994376883
2609,29.78345099836588,2.0284900019760244,24.879187003534753,1.9277859973954037
2610,23.88462700037053,2.2848439984954894,18.234971998026595,2.56523399730213
2611,20.370370999444276,1.8102670001098886,16.295130000798963,1.4625620024162345
2612,28.89807600149652,2.0085090000065975,25.066910005989484,1.009671002975665
2613,20.138277002843097,1.1289309986750595,17.193708001286723,1.0116889970959164
2614,19.50508899608394,1.6988220013445243,15.94522099912865,1.024208999297116
2615,19.378069999220315,1.5937670032144524,15.946516999974847,1.026689998980146
2616,19.690868000907358,1.0147640059585683,15.752534993225709,1.0058199986815453
2617,23.723089005216025,1.5979699965100735,20.298518997151405,1.0317080013919622
2618,38.769973994931206,1.0197270021308213,34.53651000017999,1.076597000064794
2619,41.51005900348537,1.5383959980681539,38.141117998748086,1.0181710022152402
2620,18.903252996096853,1.3457099994411692,15.671071996621322,1.080837995687034
2621,20.220704005623702,1.1334120063111186,17.24293099687202,1.0753569949883968
2622,21.132780995685607,1.719081999908667,16.920262001804076,1.636414999666158
2623,21.216745000856463,2.218287998402957,16.15340699936496,1.6215809955610894
2624,22.057397000025958,2.188103004300501,16.847614002472255,2.167232996725943
2625,21.653525000147056,2.124732003721874,16.643742004816886,2.107473002979532
2626,36.96085399860749,2.5336789985885844,31.489328997849952,2.1273430029395968
2627,27.25373500288697,2.751179003098514,21.55674600362545,2.0959539979230613
2628,21.503523996216245,2.2392699975171126,16.337038003257476,2.114103001076728
2629,25.056966005649883,1.8340639944653958,20.040220995724667,2.3891220043879002
2630,24.787946997093968,1.8351010003243573,21.04231900011655,1.1140979986521415
2631,25.995932999649085,2.1647140019922517,21.769821003545076,1.272893998248037
2632,22.2360830011894,2.3531590049969964,17.983878002269194,0.9912450041156262
2633,49.70776399568422,1.1679499948513694,46.627010000520386,1.1365610043867491
2634,20.43124100600835,1.6288040060317144,16.87813299940899,1.0867279997910373
2635,20.34738899965305,1.6132300006574951,15.586886001983657,1.6929330013226718
2636,19.16980999521911,1.3694140070583671,15.922461003356148,1.0775789996841922
2637,19.129457999952137,1.1138379995827563,16.204703999392223,1.0171709946007468
2638,61.77959599881433,1.4547480022883974,58.468526003707666,1.006320002488792
2639,22.102694005297963,1.7728970051393844,17.092744004912674,0.9975610009860247
2640,30.0754700001562,1.2520060045062564,26.473602003534324,1.5093030015123077
2641,21.732950997829903,1.033059998007957,18.89549399493262,1.0278929985361174
2642,20.755873003508896,1.1941160046262667,17.723155004205182,1.0367270006099716
2643,19.458995993772987,1.0216350055998191,15.56657100445591,1.021800999296829
2644,19.053661002544686,1.1784680027631111,15.847423994273413,1.0371709940955043
2645,19.799089997832198,1.0872459970414639,16.922965995036066,1.021541997033637
2646,20.313888999226037,1.0002080016420223,16.166278001037426,1.0145039996132255
2647,19.77623800485162,0.9958749942597933,15.938812997774221,1.0226710001006722
2648,19.219976995373145,1.1776540050050244,16.17679600167321,1.0318560016457923
2649,23.57097800268093,1.118690001021605,17.533654005092103,4.116778000025079
2650,26.885658997343853,1.1668019942590035,22.036229995137546,1.1238199949730188
2651,22.855123002955224,2.0533060014713556,18.869456005631946,1.124226997490041
2652,21.519209003599826,1.166782996733673,18.48375100234989,1.0665239969966933
2653,20.51516799838282,1.093523002055008,15.587440997478552,1.1335419985698536
2654,82.53800599777605,1.1236349964747205,79.58645599865122,1.0078929990413599
2655,20.437277999008074,1.1385420002625324,17.41909800330177,1.0567639983491972
2656,28.37985200312687,1.2097279977751896,23.123475999454968,1.6561550000915304
2657,23.225828001159243,1.111060002585873,19.82212800066918,1.493470001150854
2658,20.54857499751961,1.7585259993211366,16.257518997008447,1.2540429961518385
2659,18.94791999802692,1.1264119966654107,15.989776999049354,1.0293570012436248
2660,19.339329002832528,1.189116999739781,16.295260000333656,1.034375003655441
2661,19.48669999546837,1.1320239937049337,16.511538000486325,1.0443560022395104
2662,19.04503100377042,1.154561003204435,15.982369004632346,1.0707280016504228
2663,20.964226001524366,1.1839500002679415,17.94622999295825,1.0249859988107346
2664,20.000275995698757,1.089208002667874,17.123318997619208,1.0138939978787675
2665,30.6233430019347,1.7209899961017072,26.856696997128893,1.2510429951362312
2666,104.77603400067892,1.0338380016037263,101.68459399574203,1.0239490002277307
2667,19.12749400071334,1.166654001281131,16.03940600034548,1.1029119996237569
2668,20.36748200043803,1.1706529985531233,17.008429000270553,1.3433400017675012
2669,20.21027800219599,1.6057850007200614,15.42419999896083,1.6476180026074871
2670,19.5141629956197,1.0863939969567582,16.602149997197557,1.0509299972909503
2671,29.57226400030777,1.1242460022913292,26.404860996990465,1.2191360001452267
2672,23.350681003648788,1.2463390012271702,20.192332995065954,1.0942459994112141
2673,32.00590499909595,1.1815050020231865,28.946632002771366,1.0780600059661083
2674,27.18028999515809,2.1370839967858046,22.092285995313432,2.1380839971243404
2675,20.446018999791704,1.3717290057684295,16.900743001315277,1.2573390049510635
2676,19.18721700349124,1.3669880063389428,15.900165002676658,1.0820409952430055
2677,21.120819001225755,1.0159859957639128,16.96028099831892,1.1084860016126186
2678,76.4688489944092,2.3185480022220872,71.36036299925763,1.9341760053066537
2679,37.99971000262303,1.8150260002585128,33.91871100029675,1.0262080031679943
2680,27.569644000323024,1.4865990015096031,23.05779100424843,2.153916997485794
2681,22.28254600049695,2.2348810016410425,18.1973430007929,1.0426160006318241
2682,24.651927000377327,1.1735609950846992,21.630932002153713,1.0417640005471185
2683,19.211532002373133,1.3363580001168884,15.344384999480098,1.2895250038127415
2684,18.94666099542519,1.1597640041145496,15.942350997647736,1.0544860051595606
2685,34.16469199873973,1.1740059999283403,31.209289998514578,1.0198009986197576
2686,20.822966005653143,1.1202460009371862,17.85182200546842,1.0220039985142648
2687,20.32246299495455,1.1316899981466122,17.287596994719934,1.050522994773928
2688,33.45422600250458,1.167690999864135,30.399304996535648,1.039301001583226
2689,19.098310003755614,1.3288209956954233,15.856758000154514,1.0947460032184608
2690,19.98716499656439,2.461066993419081,15.5333669972606,1.1970049963565543
2691,18.8634930018452,1.1395609981263988,15.383532998384908,1.5371359986602329
2692,45.83309799636481,1.2364309950498864,42.70565700426232,1.088949000404682
2693,65.58776200108696,4.334964003646746,56.14642299769912,1.5641370046068914
2694,20.64116799738258,2.1658250043401495,15.886775996477809,1.6809329972602427
2695,20.594279005308636,1.8659159977687523,16.25866700487677,1.672729995334521
2696,22.49843599565793,1.8561380056780763,18.33482400252251,1.4528399988193996
2697,20.900317998894025,2.05602800269844,16.168129004654475,1.838359996327199
2698,20.76524200674612,1.798434001102578,16.420481995737646,1.6903409996302798
2699,20.584649995726068,1.8374339997535571,16.157869999005925,1.748859001963865
2700,23.214419998112135,1.8464160020812415,19.089994006208144,1.4447659996221773
2701,42.761955002788454,2.075249998597428,37.38998500193702,2.43376999424072
2702,22.750140000425745,1.9378240031073801,17.984803998842835,1.861730997916311
2703,21.21418999740854,1.8323789990972728,16.848075996676926,1.7389149943483062
2704,54.004468001949135,2.130583998223301,49.89231999934418,1.0858380046556704
2705,19.705516002431978,1.0141710008610971,15.831349999643862,1.054374995874241
2706,20.474370998272207,2.1054730023024604,16.524500999366865,1.0506349935894832
2707,19.486903001961764,1.4308030004031025,16.12692599883303,1.0933939993265085
2708,90.33028200065019,1.3489690027199686,87.1557490027044,1.0161530008190311
2709,21.3671349993092,0.996245005808305,17.474283995397855,1.123339003243018
2710,36.70959299779497,1.9390270026633516,32.875483004318085,1.0832080006366596
2711,48.82361100317212,1.5538029983872548,44.081553001888096,2.4235849996330217
2712,21.916507997957524,2.1467500046128407,16.2120370005141,2.4997519940370694
2713,109.79620400030399,1.9518599947332405,101.24011000152677,1.4976360034779646
2714,19.90994199877605,1.8571010004961863,16.186998997000046,1.066689997969661
2715,23.134401999413967,1.1785059978137724,20.115407001867425,1.0514489986235276
2716,33.00344700255664,1.8898790003731847,27.264716998615768,1.8174149954575114
2717,20.881279997411184,1.1818570055766031,17.72258099663304,1.012393993732985
2718,41.292244000942446,2.4916589973145165,35.594642999058124,2.392843998677563
2719,22.213878997717984,2.9797910028719343,16.210907997447066,2.1127500003785826
2720,21.500374998140614,2.1379910031100735,16.284444005577825,2.092565002385527
2721,20.71072400576668,1.9458609967841767,16.514723996806424,1.4468589943135157
2722,19.887258000380825,2.0402499940246344,15.941110003041103,1.047429999744054
2723,36.40312799689127,1.4273769993451424,33.00092800054699,1.0244489967590198
2724,20.4448529984802,1.1345980019541457,17.404653000994585,1.085634998162277
2725,18.876141002692748,1.1194310063729063,15.910943002381828,1.0340610024286434
2726,30.94756700011203,1.0805419951793738,27.559217996895313,1.432081000530161
2727,89.79224300128408,1.7268419978790917,85.73331699881237,1.066413002263289
2728,19.53534800122725,1.519746998383198,16.148629001691006,1.0449119945405982
2729,19.810626996331848,1.0289860001648776,15.594015007081907,1.03194999974221
2730,19.76751600159332,2.0389720011735335,15.92914600041695,1.00541199935833
2731,19.725701000425033,1.732008000544738,16.129148003528826,1.0379860032116994
2732,73.72285499877762,2.218159002950415,69.59018799534533,1.0809119994519278
2733,20.077221000974532,1.0578939982224256,16.544908998184837,1.3045800005784258
2734,20.028776001709048,2.030194998951629,16.136981001181994,1.0872830025618896
2735,61.4728539949283,1.6958410051302053,57.662113998958375,1.2889499994344078
2736,18.615936998685356,1.1649309963104315,15.465144002519082,1.1839309954666533
2737,20.10112900461536,1.0348940049880184,15.838330997212324,1.2610799967660569
2738,29.715967997617554,1.205708998895716,23.819460002414417,1.5518579966737889
2739,22.809399997640867,1.5746179997222498,18.800623001880012,1.1739679976017214
2740,19.288199000584427,1.452099000744056,15.939979995891917,1.0785980048240162
2741,24.214536999352276,1.0361339955125004,20.120851004321594,1.023208002152387
2742,21.52928300347412,2.1028429982834496,16.993725999782328,1.6846190046635456
2743,20.464740999159403,1.0509120038477704,17.62093199795345,1.018856004520785
2744,19.454255001619458,1.5380250042653643,16.062146998592652,1.0104670000146143
2745,21.597246995952446,1.069856996764429,17.363227001624182,1.1766719981096685
2746,33.55298600217793,1.732582000840921,28.652870998485014,2.3977710006874986
2747,21.980841003824025,1.8461389990989119,16.537613002583385,2.3457329953089356
2748,20.586037993780337,1.8139340027119033,16.26583300094353,1.72045300132595
2749,20.59966800152324,1.8239159981021658,16.444389999378473,1.4950990007491782
2750,20.232166003552265,2.0431390003068373,15.625590000126977,1.7378410047967918
2751,20.669149998866487,2.7756790004787035,16.13348099635914,1.008615996397566
2752,20.432796998647973,1.7408220010111108,16.137036996951792,1.750581999658607
2753,20.929131998855155,2.54590099939378,16.49007500236621,1.0340230001020245
2754,19.115624003461562,1.5195809974102303,15.74386800348293,1.0209680040134117
2755,21.03605899901595,1.0287459954270162,17.860970001493115,1.1836720004794188
2756,28.92474299733294,2.019583000219427,24.771853000856936,1.1420239970902912
2757,36.74713000509655,1.7192860032082535,32.06151600170415,1.0702830040827394
2758,20.12949899653904,1.790230002370663,16.325667005730793,1.2161349950474687
2759,20.04983199731214,2.003434994549025,16.170463000889868,1.0837830050149933
2760,19.48590400570538,1.553488997160457,16.034795000450686,1.0793019973789342
2761,20.07351700012805,1.801360005629249,15.949016997183207,1.516267002443783
2762,25.832024999544956,1.1682459953590296,22.70391800266225,1.0050779965240508
2763,50.96212100033881,1.7892300020321272,47.3791969998274,0.9725039999466389
2764,20.414222999534104,1.3200989997130819,17.228003998752683,1.01131900009932
2765,21.068187998025678,1.1708390011335723,17.506784002762288,1.5213220031000674
2766,18.772641000396106,1.195209006255027,15.750164006021805,1.0023939976235852
2767,20.680519999586977,0.9752459955052473,16.215869996813126,0.998245996015612
2768,19.718645999091677,1.38341400452191,16.47388999845134,1.004949001071509
2769,18.66073300334392,1.1303939973004162,15.615440999681596,1.0664869987522252
2770,18.7044549966231,1.1141529976157472,15.723552998679224,1.0073750017909333
2771,20.335462999355514,2.023398003075272,15.597386001900304,1.8584720019134693
2772,20.45935299975099,1.8009710038313642,16.33355599915376,1.4796360046602786
2773,29.153262003092095,1.1613009992288426,25.298097003542352,1.8367679949733429
2774,21.153133995539974,1.145541995356325,18.18697200360475,1.0008930039475672
2775,21.66056100395508,1.083450006262865,18.706659000599757,1.0507269980735146
2776,18.756493002001662,1.1350049971952103,15.730868006357923,1.0401149993413128
2777,18.884622993937228,1.2306349963182583,15.770090998557862,1.0334489998058416
2778,18.908383004600182,1.212912997289095,15.615108000929467,1.2032840022584423
2779,19.100289995549247,1.1096540038124658,16.004555000108667,1.1229869996896014
2780,19.159699004376307,1.1657639988698065,16.11910999781685,1.022597003611736
2781,19.06517899624305,1.1820049985544756,16.012257998227142,1.0209120009676553
2782,19.104531005723402,1.2319309971644543,15.993480003089644,1.0133750038221478
2783,38.76197299541673,1.1007089997292496,35.81736700289184,1.0304120005457662
2784,20.889188002911396,1.9169529987266287,16.992855998978484,1.0723379964474589
2785,18.769529997371137,1.1514319994603284,15.74779400107218,1.0416900040581822
2786,19.637755998701323,1.157745995442383,16.31264799652854,1.270635002583731
2787,20.4953150023357,1.1150979989906773,17.562968998390716,1.0459859986440279
2788,20.56118600012269,1.1235420024604537,17.507746997580398,1.0813200060511008
2789,19.247866002842784,1.0164300038013607,15.302236002753489,1.0857080051209778
2790,18.448786999215372,1.1829310024040751,15.355272997112479,1.1246709982515313
2791,19.993331996374764,1.0538569986238144,17.151744999864604,1.0186709987465292
2792,33.85491399967577,1.116320003347937,30.897436998202465,1.0084859968628734
2793,20.29355500417296,1.183394000690896,17.190300997754093,1.0557269997661933
2794,20.414147998963017,1.1291910050204024,17.364764004014432,1.0788009967654943
2795,19.262698995589744,1.5191549973678775,15.616848999343347,1.2915619954583235
2796,20.310815001721494,1.072022998414468,17.359263998514507,1.03361600486096
2797,19.132180001179222,1.136115999543108,16.17429600446485,0.9879680001176894
2798,19.09880900348071,1.1488390009617433,16.051368998887483,1.0066160029964522
2799,20.356536995677743,1.0728749984991737,17.465060998802073,1.0012639977503568
2800,19.202328003302682,1.1354309972375631,16.177814002730884,1.0099489954882301
2801,19.60818199586356,1.159412000561133,16.22909299476305,1.382581001962535
2802,23.154216003604233,1.1635240007308312,15.94679499976337,5.229189999226946
2803,22.922049000044353,1.2948770017828792,17.51519100071164,1.020005001919344
2804,29.98802599904593,1.160931002232246,26.929677995212842,1.0211710032308474
2805,19.352477000211366,1.6198960001929663,15.82451700232923,1.0787639985210262
2806,20.490147995587904,1.8371190017205663,15.833887002372649,1.9742129952646792
2807,28.849817004811484,1.0728939960245043,25.952247000532225,1.0145410051336512
2808,24.74750099645462,1.1056340008508414,21.7487279951456,1.0243559954687953
2809,20.86452100047609,1.8775639982777648,16.44879699597368,1.7072109985747375
2810,20.596686998032965,1.8134709971491247,16.13673999963794,1.7749149992596358
2811,20.62833400123054,1.7708410014165565,16.251277003902942,1.800564001314342
2812,32.190073005040176,2.4213069991674274,27.758144999097567,1.0229120016447268
2813,31.644587994378526,2.2529920024680905,27.51445800095098,1.054209002177231
2814,19.73694200569298,1.8226559986942448,15.871776005951688,1.1991159990429878
2815,22.455712998635136,1.0822640033438802,19.505922005919274,1.0320599976694211
2816,56.6831469986937,1.8128980009350926,53.03789000026882,1.0186529980273917
2817,63.54465999902459,1.8110829987563193,59.44921499758493,1.4435069970204495
2818,21.91695100191282,1.7963420032174326,17.56054299767129,1.7201009977725334
2819,19.13719900039723,1.5728220023447648,15.451439998287242,1.2791909975931048
2820,19.37751399964327,1.7514889987069182,15.670255997974891,1.1696540022967383
2821,19.601478001277428,1.5839890038478188,16.20703599473927,1.0153199982596561
2822,20.162351000180934,1.990878998185508,16.314426000462845,1.0286899996572174
2823,20.513777999440208,1.0362829998484813,16.17662900389405,1.008227001875639
2824,20.520259997283574,1.4758030010852963,16.611204999207985,1.6025260047172196
2825,33.82048800267512,1.7693419940769672,28.476056002546102,1.6487480024807155
2826,35.90336699562613,2.042491003521718,30.717361994902603,2.191749998019077
2827,21.51809800125193,1.1904119965038262,18.291620996023994,1.192171999718994
2828,20.43374100321671,1.3809320007567294,17.169206999824382,1.0550790029810742
2829,19.674349001434166,1.3166909993742593,16.497409000294283,1.0248010003124364
2830,19.777255998633336,2.3252149985637516,15.49921900004847,1.0918379994109273
2831,19.140883996442426,1.170654002635274,16.145722001965623,0.9906150007736869
2832,19.352495000930503,1.38685799902305,16.108907002490014,0.996486000076402
2833,20.1647209978546,0.9906709965434857,16.297241003485397,1.0083379966090433
2834,19.41151500068372,1.2491720044636168,16.327703997376375,1.0023009963333607
2835,38.60043500026222,1.1553939984878525,34.936714997456875,1.6339889989467338
2836,22.466324000561144,1.6424709974671714,18.532065994804725,1.0190419998252764
2837,19.129346001136582,1.3862289997632615,15.888702000665944,1.0236350062768906
2838,19.45314399927156,1.681563000602182,15.890665003098547,1.051727005688008
2839,19.015568002942018,1.117006002459675,15.993016997526865,1.0796720016514882
2840,29.85359900048934,1.3307469998835586,26.657620997866616,1.0129680013051257
2841,20.494037999014836,1.4643590038758703,17.164336997666396,1.0431159971631132
2842,19.69473799545085,1.2021349975839257,16.53552000061609,1.117171996156685
2843,22.86249300232157,1.482191997638438,19.390366003790405,1.1739129986381158
2844,30.51117499853717,2.134972994099371,24.765483001829125,1.4184139945427887
2845,22.4958990002051,2.4219370025093667,17.818691994762048,1.4357110048877075
2846,21.297986000718083,1.7339889964205213,17.322968000371475,1.4407839989871718
2847,21.18978100043023,2.0098419990972616,16.448463997221552,1.8350639948039316
2848,23.06541999860201,1.7729340033838525,17.03474499663571,2.078714001982007
2849,22.801473998697475,2.4989009980345145,17.153430002508685,2.3321949993260205
2850,22.329991006699856,2.9168830005801283,16.466667999338824,2.125047001754865
2851,21.64863499638159,1.826915999117773,16.94844800658757,2.0919719972880557
2852,22.164768000948243,2.0788979963981546,16.52038999600336,1.855472000897862
2853,32.397980998212006,2.510788996005431,27.826923003885895,1.017800997942686
2854,33.272392000071704,2.0426019982551225,29.45185599674005,0.9871340007521212
2855,30.412083004193846,1.160431005700957,27.392105999751948,1.0463939979672432
2856,20.314554996730294,1.0234679939458147,15.956201998051256,1.0451160051161423
2857,19.745479003177024,2.2728990006726235,15.369476997875609,1.2782280027749948
2858,26.44032399985008,2.4269189962069504,22.00539700424997,1.0140970043721609
2859,19.51769999868702,1.11800499871606,16.482482002174947,1.0729869973147288
2860,18.870084997615777,1.5823960056877695,15.423163000377826,1.0281900031259283
2861,108.84147699835012,2.0217489945935085,104.8829220017069,0.9969309976440854
2862,83.95395600382471,2.2406219941331074,79.9027150060283,1.0220979966106825
2863,99.6775460007484,1.154672005213797,96.71958800026914,1.0136150012840517
2864,20.561407996865455,1.0005229996750131,16.41427800495876,1.0217450035270303
2865,19.21595800376963,1.7607120025786571,15.636775002349168,1.0205420039710589
2866,59.30776999593945,1.578044997586403,55.87775499589043,1.0399489983683452
2867,35.60869899956742,1.0168190055992454,31.128697002714034,1.0791900058393367
2868,31.139901002461556,1.6803969992906787,27.549050995730795,1.065616001142189
2869,19.201308998162858,1.6916559980018064,15.672145003918558,1.0276149987475947
2870,19.987665000371635,2.087305998429656,16.04505500290543,1.0316339976270683
2871,19.284939997305628,1.642359005927574,15.438478003488854,1.123487003496848
2872,19.357773002411705,1.6403029949287884,15.745256998343393,1.055968001310248
2873,19.25240200216649,1.5801190020283684,15.867312999034766,1.0433749994263053
2874,19.96922100079246,2.143195000826381,16.025331999117043,1.0376899954280816
2875,23.247993995028082,1.1352090004947968,20.193664997350425,1.0681720013963059
2876,20.191592004266568,1.5551730029983446,15.56140400498407,2.2620660020038486
2877,31.57899600046221,2.0229170040693134,26.98969600169221,1.6243219943135045
2878,22.025154998118524,2.3875480037531815,16.087536998384167,2.1796020009787753
2879,22.432935998949688,1.1329679982736707,19.382717997359578,1.0961529987980612
2880,19.395495000935625,1.455377001548186,16.07464699918637,1.020041003357619
2881,18.949735000205692,1.9353800016688183,15.120938995096367,1.0658379978849553
2882,20.210035996569786,2.290269003424328,15.988571998605039,1.0187630032305606
2883,19.02442000573501,1.1399499999242835,15.944535000016913,1.1170049983775243
2884,20.665537995228078,1.8367489974480122,16.60678000189364,1.4282100019045174
2885,20.246518004569225,1.8502679959055968,15.890775997831952,1.6910259946598671
2886,48.61436999635771,1.805952997528948,44.878443994093686,1.1285790023976006
2887,19.50271800160408,1.1966720048803836,16.38768599514151,1.0344490001443774
2888,19.69423799891956,1.1975980014540255,16.386593000788707,1.2685239998972975
2889,38.98101000231691,1.8500449950806797,34.756435998133384,1.0118739955942146
2890,35.443068998574745,1.086468000721652,32.53322200180264,1.0456720046931878
2891,19.378254997718614,1.6179520025616512,15.895128002739511,1.0740979996626265
2892,18.823974001861643,1.2106909998692572,15.75808999768924,1.029967999784276
2893,43.831087998114526,1.1831169977085665,40.79753800033359,1.020356998196803
2894,37.490652000997216,0.9451899968553334,34.618991005118005,1.0618200030876324
2895,19.41214399994351,1.632414998312015,15.89390600565821,1.071208003850188
2896,19.344625005032867,1.1968390026595443,15.981665994331706,1.3174320047255605
2897,18.489620997570455,1.2018570050713606,15.439624999999069,1.0271339997416362
2898,22.945901000639424,2.3597699982929043,18.576065995148383,1.0674860022845678
2899,91.1432290013181,1.4200430014170706,87.77564000047278,1.114302001951728
2900,26.16119299636921,6.147935004264582,17.225319003046025,1.1973020009463653
2901,19.227586999477353,1.253857000847347,16.146610003488604,1.024838005832862
2902,20.283481004298665,2.143417004845105,16.294148001179565,1.0088749986607581
2903,18.985067996254656,1.6230820037890226,15.2830700026243,1.2414309967425652
2904,18.678658998396713,1.1317639946355484,15.570718998787925,1.1306720043648966
2905,44.67777700483566,1.213338997331448,41.536133001500275,1.1111720014014281
2906,61.94791199959582,1.155523001216352,58.97404599818401,1.0137459976249374
2907,19.617441001173574,1.3904139996157028,16.383999995014165,1.0133930045412853
2908,18.91777099808678,1.172042997495737,15.818886997294612,1.0802079996210523
2909,19.114493996312376,1.200671998958569,15.748329999041744,1.3429140017251484
2910,19.30923599866219,1.8538599979365245,15.494867002416868,1.1729309990187176
2911,19.54751500306884,1.1478390006232075,16.045147000113502,1.0301710062776692
2912,19.24477200373076,1.2181170022813603,16.127758004586212,1.047466997988522
2913,19.217328997910954,1.3060619967291132,15.953980000631418,1.0405790017102845
2914,36.09001499717124,1.7786929965950549,32.47998099686811,1.0217820017714985
2915,21.938507998129353,1.2347459996817634,18.033952001133002,1.822212005208712
2916,32.20433100068476,1.211727998452261,28.734111998346634,1.137746003223583
2917,23.480125004425645,1.263580001250375,20.402221998665482,1.0272819999954663
2918,21.738561998063233,2.1578619998763315,17.695043999992777,1.0688010006560944
2919,20.09594300034223,1.354487001663074,15.534033002040815,1.2547090009320527
2920,20.360834001621697,1.0228559985989705,16.27098099561408,1.2177460012026131
2921,19.26882800034946,1.3048210021224804,16.128055001900066,1.0565419943304732
2922,38.23850699700415,1.8293600005563349,34.19428499910282,1.4375440005096607
2923,24.841261001711246,1.4663769979961216,20.488759997533634,1.995935002923943
2924,24.964595002529677,1.2194679948152043,21.60822800215101,1.0435980002512224
2925,19.016475998796523,1.2349130047368817,15.942016994813457,1.0341710003558546
2926,19.696940995345358,1.1114489971078,16.69335399492411,1.0649859978002496
2927,20.95227999961935,1.0096339974552393,17.589469003723934,0.9947450016625226
2928,19.62671900400892,1.2482460006140172,16.526482002518605,1.0172639958909713
2929,19.108382999547757,1.26443099725293,15.972998000506777,1.0339310028939508
2930,19.499292997352313,1.1818939965451136,16.467408000607975,1.0146159984287806
2931,48.5003499998129,1.1951900014537387,45.4482069981168,1.0284860036335886
2932,20.55009300238453,1.313339002081193,17.364097999234218,1.0247269965475425
2933,19.517626002198085,1.2031719961669296,16.20196299336385,1.2429130001692101
2934,19.37799499864923,1.9710640044650063,15.576311001495924,1.0501159995328635
2935,19.43957000185037,1.2102649998269044,16.388518997700885,1.0176340001635253
2936,19.130401997244917,1.319023998803459,15.893386997049674,1.0899500048253685
2937,19.03130899881944,1.203339001222048,15.964794998581056,1.0353570032748394
2938,19.43221800320316,1.134209000156261,16.459203994600102,1.0151340029551648
2939,18.964955997944344,1.1561350038391538,15.923294995445758,1.0400600003777072
2940,19.672645001264755,1.2544139972305857,16.391129996918608,1.0189860040554777
2941,40.19377499935217,2.1561579997069202,35.9937559987884,1.001282005745452
2942,22.480084000562783,1.0870980040635914,19.562995999876875,1.0580969974398613
2943,19.122289995721076,1.787638000678271,15.28271800634684,1.2373019999358803
2944,19.039457001781557,1.188579000881873,16.00729500205489,1.0430600013933145
2945,19.11914299853379,1.417061997926794,15.858591003052425,1.0281720024067909
2946,19.338217003678437,1.1288569949101657,16.380167005991098,1.0289490019204095
2947,20.93096599855926,1.4126550013315864,17.586450005182996,1.1157650005770847
2948,48.22488599893404,2.991939996718429,43.15432599833002,1.0254119988530874
2949,45.76698500022758,1.323450000199955,41.760077998333145,1.8551570028648712
2950,55.07528800080763,1.0481720019015484,50.508396001532674,1.03800500073703
2951,35.61773500405252,1.5658590054954402,32.19723800430074,1.0316520056221634
2952,19.5698299939977,1.1570049973670393,15.539959997113328,1.2430610004230402
2953,70.80587700329488,1.2710429946309887,67.65354800154455,1.0871349950321019
2954,30.91528899676632,1.1904319981113076,27.883996997843497,1.0332450037822127
2955,18.966068004374392,1.224578998517245,15.889369002252351,1.032356005453039
2956,23.66595900093671,1.8655269959708676,19.450700005108956,0.9977640002034605
2957,36.24471999501111,1.3612279944936745,31.995626995922066,2.1050830036983825
2958,20.94698400469497,2.147195002180524,15.965054000844248,2.0195649995002896
2959,21.557208994636312,1.8737669961410575,16.750593997130636,1.8911380029749125
2960,22.578196003451012,2.057378995232284,16.293574000883382,2.2052500062272884
2961,41.07229699729942,1.9102860023849644,36.56633299397072,1.772230003552977
2962,19.960110003012232,1.263931997527834,16.4339819966699,1.035003995639272
2963,19.946127002185676,2.16410199936945,15.873794000071939,1.0730789945228025
2964,19.15901299798861,1.2744320047204383,16.006758000003174,1.0582640024949796
2965,19.14934600063134,1.2748209992423654,16.012795000278857,1.0132270035683177
2966,20.173092001641635,1.2050799996359274,17.110095999669284,1.0059310006909072
2967,19.372791997739114,1.5964699996402487,15.948738997394685,1.01802300196141
2968,19.129252999846358,1.2903759998152964,15.991535998182371,1.0035420054919086
2969,18.957900996610988,1.3206910007284023,15.74483099830104,1.0822640033438802
2970,38.963140003033914,1.8194709991803393,35.303011994983535,1.0410039976704866
2971,21.00113299820805,2.1874169979128055,16.84226199722616,1.0739490026026033
2972,19.340402002853807,1.3288200061651878,16.130536001583096,1.068170997314155
2973,19.30608799739275,1.3054320006631315,16.15357300033793,1.020855997921899
2974,20.680556997831445,1.0569119986030273,16.012293999665417,1.0562269962974824
2975,19.08380900567863,1.4376180042745546,15.807998002856039,1.0205610014963895
2976,19.607606998761185,1.9524719973560423,15.145809004025068,1.6322659939760342
2977,18.846938000933733,1.372264996462036,15.665422994061373,1.0215240035904571
2978,24.557166994782165,1.124746006098576,21.655709002516232,1.0364870031480677
2979,35.73016200243728,1.517006996436976,32.37431400339119,1.0145600026589818
2980,21.368449000874534,1.3472650025505573,17.81397000013385,1.3818029983667657
2981,19.162901997333393,1.3144690019544214,16.02883199666394,1.018949995341245
2982,19.302847002109047,1.154987003246788,16.324112002621405,1.0326159972464666
2983,19.252994999988005,1.4740430051460862,15.921127996989526,1.0390610041213222
2984,19.234291001339443,1.361320995783899,15.96516500285361,1.0823010015883483
2985,18.929881996882614,1.3054130031378008,15.775553001731168,1.0356339989812113
2986,20.358815003419295,1.164098001027014,16.84392800234491,1.4798769989283755
2987,19.63014400098473,1.4309140024124645,16.401925997342914,1.0051889985334128
2988,19.480404000205453,1.3218390013207681,16.334239997377153,1.0005410003941506
2989,36.55988799437182,1.3561360028688796,33.36709599534515,1.0263570002280176
2990,28.67381500254851,1.44000600266736,25.341893000586424,1.0563760006334633
2991,19.625590000941884,1.4626179981860332,16.331999999238178,1.0458940014359541
2992,18.991067001479678,1.2213570007588714,15.85544299450703,1.0406709989183582
2993,19.189401995390654,1.3423390046227723,16.004425000573974,1.0194860005867667
2994,18.739418999757618,1.1879500016220845,15.676886003348045,1.0762080055428669
2995,27.379197999835014,1.1986530007561669,24.135887004376855,1.225673004228156
2996,19.630182003311347,1.1073760033468716,16.60735300538363,1.0936899998341687
2997,47.22073300217744,0.9867830012808554,44.52546199900098,0.9909860018524341
2998,20.078424000530504,1.024930999847129,17.337911995127797,1.0109490031027235
2999,24.23086999624502,1.008651997835841,19.66260799963493,2.861012995708734
3000,22.13198900426505,1.7819709973991849,16.981854001642205,1.8845449958462268
