timestamp,frame,video_time_sec,track_id,raw_activity,smoothed_activity,semantic_activity,material_handling,material_confidence,confidence,velocity,ankle_motion,wrist_motion,wrist_hip_distance,torso_angle,knee_angle,mh_bending_ratio,mh_walking_ratio,mh_active_ratio,mh_wrist_motion,mh_pickup,mh_stationary,mh_standing_idle_ratio,mh_wrist_hip_distance
1786840329.2940927,2,0.04,1,standing,standing,standing,0,0.0,0.75,0.0,0.0,0.0,0.4837367498640033,8.432116427765727,,0.0,0.0,0.0,0.0,0,0,0.0,0.0
1786840329.5040636,3,0.08,1,standing,standing,standing,0,0.0,0.75,0.017736185764368487,0.0,0.03760318586733316,0.4910599445518907,8.817678579062198,,0.0,0.0,0.0,0.0,0,0,0.0,0.0
1786840329.9314477,4,0.12,1,standing,standing,standing,0,0.0,0.75,0.01631867671172275,0.0,0.03659114654301388,0.4945486693192389,9.013199842817633,,0.0,0.0,0.0,0.0,0,0,0.0,0.0
1786840330.1395755,5,0.16,1,standing,standing,standing,0,0.0,0.75,0.02095810476156317,0.0,0.029827691284661076,0.5009919080333991,8.850963119958843,,0.0,0.0,0.0,0.0,0,0,0.0,0.0
1786840330.4303198,6,0.2,1,standing,standing,standing,0,0.0,0.75,0.02008855002257367,0.0,0.028247072440558983,0.5033694473324892,8.840921409618579,,0.0,0.0,0.0,0.0,0,0,0.0,0.0
1786840330.7879055,7,0.24,1,standing,standing,standing,0,0.0,0.75,0.018906722573934907,0.0,0.030289112757633813,0.4989781178125527,8.666164198436748,,0.0,0.0,0.0,0.0,0,0,0.0,0.0
1786840330.8278818,8,0.28,1,standing,standing,standing,0,0.0,0.75,0.018832211814337727,0.0,0.03105976321040778,0.4987061910034845,8.560611256968993,,0.0,0.0,0.0,0.0,0,0,0.0,0.0
1786840330.8618407,9,0.32,1,standing,standing,standing,0,0.0,0.75,0.0213710173794786,0.0,0.03185007375047821,0.49792141671826584,8.902402430274794,,0.0,0.0,0.0,0.0,0,0,0.0,0.0
1786840330.9284828,10,0.36,1,standing,standing,standing,0,0.0,0.75,0.020138434743018064,0.0,0.030383772473664285,0.4983527152151263,9.030944750825498,,0.0,0.0,0.0,0.0,0,0,0.0,0.0
1786840331.075332,11,0.4,1,standing,standing,standing,0,0.0,0.75,0.0196656966557935,0.0,0.029786662325106548,0.4984974970932883,9.010569134675563,,0.0,0.0,0.0,0.0,0,0,0.0,0.0
1786840331.108317,12,0.44,1,standing,standing,standing,0,0.0,0.75,0.018419569536715,0.0,0.02849106801463109,0.4992882435267779,9.181266611517845,,0.0,0.0,0.0,0.0,0,0,0.0,0.0
1786840331.1838107,13,0.48,1,standing,standing,standing,0,0.0,0.75,0.019412016982746694,0.0,0.028218837983920362,0.5004527987903954,9.117186282121832,,0.0,0.0,0.0,0.0,0,0,0.0,0.0
1786840331.280305,14,0.52,1,standing,standing,standing,0,0.0,0.75,0.021092222098078026,0.0,0.03085396564103275,0.5005590973198828,9.22970047646265,,0.0,0.0,0.0,0.0,0,0,0.0,0.0
1786840331.3521798,15,0.56,1,standing,standing,standing,0,0.0,0.75,0.02414041438191566,0.0,0.032609809694758726,0.4965512552345076,9.204272920176713,,0.0,0.0,0.0,0.0,0,0,0.0,0.0
1786840331.5479815,16,0.6,1,standing,standing,standing,0,0.0,0.75,0.02397630056724485,0.0,0.034243149044483376,0.4969031681561519,8.963002477814303,,0.0,0.0,0.0,0.0,0,0,0.0,0.0
1786840331.6079261,17,0.64,1,standing,standing,standing,0,0.0,0.75,0.0224996005099264,0.0,0.03282474432182004,0.49922080262111435,8.921518074252731,,0.0,0.0,0.0,0.0,0,0,0.0,0.0
1786840331.7424629,18,0.68,1,standing,standing,standing,0,0.0,0.75,0.02051424402608437,0.0,0.03122004499309717,0.497214288318873,8.8536146911447,,0.0,0.0,0.0,0.0,0,0,0.0,0.0
1786840331.947762,19,0.72,1,standing,standing,standing,0,0.0,0.75,0.02082601132941348,0.0,0.03194438114062678,0.4988566596373434,8.508571318954072,,0.0,0.0,0.0,0.0,0,0,0.0,0.0
1786840332.0664625,20,0.76,1,standing,standing,standing,0,0.0,0.75,0.01944780181142888,0.0,0.03378449187919519,0.49681595743368606,8.358981332449702,,0.0,0.0,0.0,0.0,0,0,0.0,0.0
1786840332.2108977,21,0.8,1,standing,standing,standing,0,0.0,0.75,0.019150769869217255,0.0,0.035255059140708304,0.4938738774374488,8.308756764042595,,0.0,0.0,0.0,0.030254201625356573,0,0,1.0,0.497294940270996
1786840332.3313298,22,0.84,1,standing,standing,standing,0,0.0,0.75,0.018948981789204584,0.0,0.03721487341430269,0.49565346933312987,8.044794722715647,,0.0,0.0,0.0,0.030585662186734964,0,0,1.0,0.49721677498824046
1786840332.3982406,23,0.88,1,standing,standing,standing,0,0.0,0.75,0.018270951333181604,0.0,0.033824068918314736,0.4964012291370783,8.153297077802184,,0.0,0.0,0.0,0.03073286249271586,0,0,1.0,0.49717970472227857
1786840332.4803472,24,0.92,1,idle,standing,standing,0,0.0,0.85,0.01397534018523269,0.0,0.03209898419539695,0.4971025075808487,8.11833183301027,,0.0,0.0,0.0,0.0307922590884846,0,0,1.0,0.49717634832482505
1786840332.6102536,25,0.96,1,idle,standing,standing,0,0.0,0.85,0.013257464777900237,0.0,0.028921277254856048,0.5003990696574943,8.322321878936666,,0.0,0.0,0.0,0.030714301512083413,0,0,1.0,0.49731062838035295
1786840332.723092,26,1.0,1,standing,standing,standing,0,0.0,0.75,0.016956652652902884,0.0,0.030387893431295387,0.4966243399243435,8.450934603721702,,0.0,0.0,0.0,0.030701245188851888,0,0,1.0,0.49728317684211254
1786840332.9869623,27,1.04,1,standing,standing,standing,0,0.0,0.75,0.018422957004965664,0.0,0.030062577603982583,0.49595954680636956,8.680233009522986,,0.0,0.0,0.0,0.0306766810509723,0,0,1.0,0.497232267994584
1786840333.3554435,28,1.08,1,standing,standing,standing,0,0.0,0.75,0.02060974169649503,0.0,0.029705952819527964,0.497061241654669,8.601656636048899,,0.0,0.0,0.0,0.030640728153511397,0,0,1.0,0.49722593368569823
1786840333.654546,29,1.12,1,standing,standing,standing,0,0.0,0.75,0.025834907305944524,0.0,0.02872332424107184,0.4987773519943632,8.804170238238296,,0.0,0.0,0.0,0.03057224944235284,0,0,1.0,0.49728134148243625
1786840333.9141235,30,1.16,1,standing,standing,standing,0,0.0,0.75,0.030138397942228747,0.0,0.03333188287345203,0.4927700906196071,8.762714743652245,,0.0,0.0,0.0,0.03066740921583902,0,0,1.0,0.4971257811078559
1786840334.432083,31,1.2,1,standing,standing,standing,0,0.0,0.75,0.032220233454683896,0.0,0.04127984915733304,0.4981324955521992,8.269211823453059,,0.0,0.0,0.0,0.03102115721388882,0,0,1.0,0.49715933825600067
1786840334.705947,32,1.24,1,standing,standing,standing,0,0.0,0.75,0.028035057108963313,0.0,0.04806323800861703,0.4945839511922194,7.966446056230699,,0.0,0.0,0.0,0.031570901755654246,0,0,1.0,0.49707626125394316
1786840334.9565716,33,1.28,1,standing,standing,standing,0,0.0,0.75,0.0312113758524154,0.0,0.04993752573404596,0.49173645020865625,7.7714250949061725,,0.0,0.0,0.0,0.032144858754978994,0,0,1.0,0.4969093921587781
1786840335.3734868,34,1.32,1,standing,standing,standing,0,0.0,0.75,0.03338824601556572,0.0,0.051127541693798774,0.49244727214551726,7.413349185815042,,0.0,0.0,0.0,0.03272009157130687,0,0,1.0,0.4967741764008005
1786840335.6725936,35,1.36,1,standing,standing,standing,0,0.0,0.75,0.03206722972288822,0.0,0.05001511326604692,0.4921987197056823,6.776672474954114,,0.0,0.0,0.0,0.03423570106421738,0,0,1.0,0.4970305997293362
1786840335.9320033,36,1.4,1,standing,standing,standing,0,0.0,0.75,0.030529409040005093,0.0,0.0633584635649291,0.49530123544360727,6.507840277452283,,0.0,0.0,0.0,0.03501616402475059,0,0,1.0,0.49715912369575177
1786840336.5017047,37,1.44,1,standing,standing,standing,0,0.0,0.75,0.04055044317121012,0.0,0.06717689311941487,0.4880741383208204,5.855775279759078,,0.0,0.0,0.0,0.03594300483009607,0,0,1.0,0.4969629257867088
1786840336.7971115,38,1.48,1,standing,standing,standing,0,0.0,0.75,0.03624127268122898,0.0,0.06480675321896752,0.48280803758609014,5.324495171009552,,0.0,0.0,0.0,0.037002976403862936,0,0,1.0,0.49641189940951763
1786840337.0920975,39,1.52,1,standing,standing,standing,0,0.0,0.75,0.03301346544795925,0.0,0.059691147035880666,0.4709178972049493,4.504615179901194,,0.0,0.0,0.0,0.03795582714917571,0,0,1.0,0.4954285191026226
1786840337.607738,40,1.56,1,standing,standing,standing,0,0.0,0.75,0.030814856779556428,0.0,0.04797994191997325,0.46879608582855364,3.692880448905168,,0.0,0.0,0.0,0.038491912881367815,0,0,1.0,0.4945139120728044
1786840337.9175885,41,1.6,1,standing,standing,standing,0,0.0,0.75,0.03346330339553025,0.0,0.04423250917383603,0.4536489412943358,3.4176496350721814,,0.0,0.0,0.0,0.0388910870014717,0,0,1.0,0.49314854086949683
1786840338.1182349,42,1.64,1,standing,standing,standing,0,0.0,0.75,0.03360926828949701,0.0,0.04310891398754993,0.44919886783299773,3.0298708399257452,,0.0,0.0,0.0,0.039232263978352666,0,0,1.0,0.49167209999418565
1786840338.1783545,43,1.68,1,standing,standing,standing,0,0.0,0.75,0.03807385588196446,0.0,0.05774797679968188,0.463373480129402,2.586012093748785,,0.0,0.0,0.0,0.04006148229126228,0,0,1.0,0.4906121231734062
1786840338.225852,44,1.72,1,standing,standing,standing,0,0.0,0.75,0.0384749768605936,0.0,0.07693420715000136,0.47025471369825017,2.258132988310422,,0.0,0.0,0.0,0.04149019577080456,0,0,1.0,0.4897562812523444
1786840338.3008547,45,1.76,1,standing,standing,standing,0,0.0,0.75,0.04178751911001352,0.0,0.07691763509197917,0.4874935106447646,2.3096730980468614,,0.0,0.0,0.0,0.04295766750042116,0,0,1.0,0.48939886510440456
1786840338.3515372,46,1.8,1,standing,standing,standing,0,0.0,0.75,0.030423113639447066,0.0,0.07512908468578364,0.5043234054955475,2.294623322605161,,0.0,0.0,0.0,0.04437919012775036,0,0,1.0,0.48951615621668193
1786840338.3823838,47,1.84,1,standing,standing,standing,0,0.0,0.75,0.03155993968474777,0.0,0.08402751099969721,0.5392867900916458,2.878311639710752,,0.0,0.0,0.0,0.04599050968407352,0,0,1.0,0.4906897226643111
1786840338.4145498,48,1.88,1,standing,standing,standing,0,0.0,0.75,0.03297726575837168,0.0,0.09008190020656502,0.578361890186039,3.69825962169908,,0.0,0.0,0.0,0.04773208818443129,0,0,1.0,0.4931688328143576
1786840338.5454483,49,1.92,1,standing,standing,standing,0,0.0,0.75,0.0333083612027362,0.0,0.09523075697692426,0.6252941073110673,4.421884160578308,,0.0,0.0,0.0,0.04958019751571738,0,0,1.0,0.4970594673342035
1786840338.5852096,50,1.96,1,standing,standing,material_handling,1,1.0,0.75,0.03274575883104078,0.0,0.09794185413330685,0.6720736757112279,5.19407371749643,,0.0,0.0,0.0,0.051553443267580615,0,1,1.0,0.502297433185419
1786840338.6988933,51,2.0,1,standing,standing,material_handling,1,1.0,0.75,0.031189903098114518,0.0,0.11427929060906156,0.7062274248314729,5.725161359129421,,0.0,0.0,0.0,0.05407039010442802,0,1,1.0,0.5086311645948918
1786840338.9217265,52,2.04,1,standing,standing,material_handling,1,1.0,0.75,0.025924052598687016,0.0,0.10470406981041692,0.7272059263036975,6.386254303326605,,0.0,0.0,0.0,0.05627522915502772,0,1,1.0,0.515550839342357
1786840338.9777548,53,2.08,1,standing,standing,material_handling,1,1.0,0.75,0.02355409291781181,0.0,0.09083419579340762,0.7353087944526188,6.839612668880503,,0.0,0.0,0.0,0.058004008061519,0,1,1.0,0.5227778950095974
1786840339.1409256,54,2.12,1,standing,standing,material_handling,1,1.0,0.75,0.018725906374894068,0.0,0.08013819987920137,0.751067237464987,7.541605670349805,,0.0,0.0,0.0,0.05936410323541274,0,1,1.0,0.5305716331922501
1786840339.2210767,55,2.16,1,standing,standing,material_handling,1,1.0,0.75,0.016656702749800013,0.0,0.07886268400027352,0.7597423343303401,8.167333092706262,,0.0,0.0,0.0,0.06062615810165426,0,1,1.0,0.5385743260709535
1786840339.3810534,56,2.2,1,standing,standing,material_handling,1,1.0,0.75,0.01577973083100996,0.0,0.07010055808885228,0.7682743339725692,8.681954600539536,,0.0,0.0,0.0,0.06172544565227662,0,1,1.0,0.5468129050053623
1786840339.5397265,57,2.24,1,idle,standing,material_handling,1,1.0,0.85,0.01311341480568691,0.0,0.06466309103120163,0.7694443548110329,8.839651458842365,,0.0,0.0,0.0,0.06271223676851313,0,1,1.0,0.5550656882547618
1786840339.6255677,58,2.28,1,idle,standing,material_handling,1,1.0,0.85,0.010755273287629388,0.0,0.059633220701648414,0.7650183732341368,8.989932860641476,,0.0,0.0,0.0,0.06364290172144624,0,1,1.0,0.5630844550298115
1786840339.7937124,59,2.32,1,idle,standing,material_handling,1,1.0,0.85,0.00961191348395413,0.0,0.054739853441479074,0.7559470106829506,9.346706319355174,,0.0,0.0,0.0,0.064380839903573,0,1,1.0,0.5709427177800723
1786840339.908303,60,2.36,1,idle,standing,material_handling,1,1.0,0.85,0.008027279858077429,0.0,0.038929917970729054,0.7475530757083331,9.911772071114644,,0.0,0.0,0.0,0.06464954718741381,0,1,1.0,0.5785667641104348
1786840340.0141559,61,2.4,1,idle,idle,material_handling,1,1.0,0.85,0.01120842763889694,0.0,0.035184249093580075,0.7568308312511266,10.858615870211374,,0.0,0.0,0.0,0.06481555616541539,0,1,1.0,0.5864385698557821
1786840340.0768628,62,2.44,1,standing,idle,material_handling,1,1.0,0.75,0.015169583544602079,0.0,0.03377392876291442,0.7767904799906681,11.661014336200935,,0.0,0.0,0.0,0.06496860478728941,0,1,1.0,0.5948632100980944
1786840340.2624338,63,2.48,1,standing,idle,material_handling,1,1.0,0.75,0.018290293960930983,0.0,0.037659640998219245,0.7962711875679787,12.929337473207596,,0.0,0.0,0.0,0.0650997489728884,0,1,1.0,0.6040602130359237
1786840340.3501506,64,2.52,1,standing,idle,material_handling,1,1.0,0.75,0.021064584085079073,0.0,0.04250156778508033,0.8137051398808055,14.031569934530363,,0.0,0.0,0.0,0.06513677074948682,0,1,1.0,0.613623020439821
1786840340.4147048,65,2.56,1,standing,idle,material_handling,1,1.0,0.75,0.02821022772991542,0.0,0.045777354171183574,0.8290319230628587,15.573232372009945,,0.0,0.0,0.0,0.06506750154229188,0,1,1.0,0.6237578074662038
1786840340.518733,66,2.6,1,standing,standing,material_handling,1,1.0,0.75,0.033283244796426935,0.0,0.047593735721274275,0.8512688265907826,17.493595700784812,,0.0,0.0,0.0,0.06499647760251091,0,1,1.0,0.6346527279626321
1786840340.6246111,67,2.64,1,standing,standing,material_handling,1,1.0,0.75,0.03477438067875694,0.0,0.04896187181527208,0.8677228589999066,19.457990163315547,,0.0,0.0,0.0,0.06493085124255556,0,1,1.0,0.6460247154430682
1786840340.69184,68,2.68,1,standing,standing,material_handling,1,1.0,0.75,0.036216688490580094,0.0,0.05040207184667864,0.8820794030682192,21.257291806615925,,0.0,0.0,0.0,0.06494257726015043,0,1,1.0,0.6578392816055691
1786840340.7789788,69,2.72,1,standing,standing,material_handling,1,1.0,0.75,0.03862093840347359,0.0,0.04752521829099246,0.8928530143519406,23.156789915753127,,0.0,0.0,0.0,0.06446278194881905,0,1,1.0,0.6698863052088521
1786840340.8878348,70,2.76,1,standing,standing,material_handling,1,1.0,0.75,0.0360387350811505,0.0,0.04494294207152484,0.9063595494815487,24.995802118960267,,0.0,0.0,0.0,0.06378902585645874,0,1,1.0,0.6825616206985712
1786840340.9753253,71,2.8,1,unknown,standing,material_handling,1,1.0,0.3,0.03270577431998564,0.0,0.038416122749235414,0.916390934035,26.59342674633145,29.34261061842011,0.0,0.0,0.0,0.06298930978161836,0,1,0.9696969696969697,0.6957004963485379
1786840341.0413892,72,2.84,1,unknown,standing,material_handling,1,1.0,0.3,0.0318704539384576,0.02289240146736182,0.03035442139770236,0.9254545303918136,28.139344113665636,33.144489734195275,0.0,0.0,0.0,0.062100318095612964,0,1,0.9393939393939394,0.709474333717837
1786840341.1859353,73,2.88,1,unknown,standing,material_handling,1,1.0,0.3,0.03175346968724415,0.028991776602200862,0.024774284711462605,0.9250938160792679,29.61534592073938,32.20674315291454,0.0,0.0,0.0,0.061397116362021734,0,1,0.9090909090909091,0.7233015376648283
1786840341.2448602,74,2.92,1,unknown,standing,material_handling,1,1.0,0.3,0.024485711509429426,0.03204538190561002,0.021288256143934745,0.9213462920729114,30.961902630386554,31.309747484800084,0.0,0.0,0.0,0.06070183596717624,0,1,0.8787878787878788,0.7374741846581184
1786840341.3600397,75,2.96,1,unknown,standing,material_handling,1,1.0,0.3,0.019470665599264123,0.03204538190561002,0.016603675279518067,0.919430762712506,31.679073695844885,31.309747484800084,0.0,0.0,0.0,0.0598986469154177,0,1,0.8484848484848485,0.7517236360181035
1786840341.486256,76,3.0,1,unknown,unknown,material_handling,1,1.0,0.3,0.02252262196867725,0.03204538190561002,0.015662883321033837,0.9190176872613247,32.26353073164087,26.01662681621687,0.0,0.0,0.0,0.05862334105242836,0,1,0.8181818181818182,0.7655310362342224
1786840341.5586555,77,3.04,1,unknown,unknown,material_handling,1,1.0,0.3,0.02903572864895438,0.03204538190561002,0.013111293814515075,0.9219687645771998,31.466452393281394,26.01662681621687,0.0,0.0,0.0,0.05668931337559544,0,1,0.7878787878787878,0.7792193408063118
1786840341.6776752,78,3.08,1,unknown,unknown,material_handling,1,1.0,0.3,0.032323643884296836,0.03204538190561002,0.015825655443526238,0.9252668964525878,30.76366441816129,26.01662681621687,0.0,0.0,0.0,0.05483804126503626,0,1,0.7575757575757576,0.7924852009823063
1786840341.8322363,79,3.12,1,unknown,unknown,material_handling,1,1.0,0.3,0.0360342655790765,0.03204538190561002,0.021791855969247802,0.9292182298691788,29.66944854396262,26.01662681621687,0.0,0.0,0.0,0.05322176160695942,0,1,0.7272727272727273,0.8053608017209013
1786840341.900542,80,3.16,1,unknown,unknown,material_handling,1,1.0,0.3,0.04618991776708628,0.03204538190561002,0.028018016199901106,0.9303524078805643,28.471859033328904,26.01662681621687,0.0,0.0,0.0,0.05152450418878378,0,1,0.696969696969697,0.8172112749872322
1786840342.0350718,81,3.2,1,unknown,unknown,unknown,0,0.0,0.3,0.0527872248772238,0.036621872124734126,0.03932986349676179,0.9233628705629361,26.698763966883995,25.185130865666064,0.0,0.0,0.0,0.049986563682426106,0,0,0.6666666666666666,0.8276658501501685
1786840342.1834226,82,3.24,1,unknown,unknown,unknown,0,0.0,0.3,0.05521566911780561,0.03815259251242834,0.04251588286681626,0.9088136505280866,24.959627542435886,21.264718204231265,0.0,0.0,0.0,0.04838914325484707,0,0,0.6363636363636364,0.8362573514597751
1786840342.2470336,83,3.28,1,unknown,unknown,unknown,0,0.0,0.3,0.058439648339783226,0.0,0.043777683654847244,0.897101554067065,22.572848812685468,16.731452311170365,0.0,0.0,0.0,0.04674780475549982,0,0,0.6060606060606061,0.8430763780766186
1786840342.4002564,84,3.32,1,unknown,unknown,unknown,0,0.0,0.3,0.06022690048126619,0.0,0.04709121511395562,0.8821077086513812,19.929647120198403,4.844144141884024,0.0,0.0,0.0,0.04471180246776933,0,0,0.5757575757575758,0.848406083646919
1786840342.5548298,85,3.36,1,unknown,unknown,unknown,0,0.0,0.3,0.06472118366225149,0.0,0.04606178453664892,0.8668043755502055,17.576243236693934,4.844144141884024,0.0,0.0,0.0,0.0429347635200794,0,0,0.5454545454545454,0.8526363396846919
1786840352.9555147,150,5.96,1,walking,unknown,unknown,0,0.0,1.0,0.24282619331591496,0.0,0.25929136791091434,0.8134412740819146,14.807040320585509,164.13068474600723,0.0,0.030303030303030304,0.030303030303030304,0.04803952631151899,0,0,0.5151515151515151,0.8550039905825493
1786840353.1184785,151,6.0,1,walking,unknown,unknown,0,0.0,1.0,0.24244336951922785,0.13756253572308896,0.28454001581641203,0.7579864697002001,12.883317732856167,162.09450525280167,0.0,0.06060606060606061,0.06060606060606061,0.0542335207338587,0,0,0.48484848484848486,0.8552136642866467
1786840355.2924178,172,6.84,1,walking,unknown,unknown,0,0.0,1.0,0.33347669276526165,0.13756253572308896,0.4083801896175809,0.750918158237493,13.038114131640672,162.09450525280167,0.0,0.09090909090909091,0.09090909090909091,0.06421889969195893,0,0,0.45454545454545453,0.8549462650111059
1786840365.970225,280,11.16,7,standing,standing,standing,0,0.0,0.75,0.0,0.0,0.0,0.8702226585994588,34.34257852204347,,0.0,0.0,0.0,0.0,0,0,0.0,0.0
1786840366.0462415,281,11.2,7,walking,walking,walking,0,0.0,1.0,0.28362839307850807,0.0,0.3466406247386569,0.6583405108405249,23.24370555117457,,0.0,0.0,0.0,0.0,0,0,0.0,0.0
1786840366.7111158,288,11.48,7,walking,walking,walking,0,0.0,0.9822643297204472,0.23574343913290732,0.0,0.2488126160043053,0.5650801061869674,19.087339530976283,,0.0,0.0,0.0,0.0,0,0,0.0,0.0
1786840367.0907116,292,11.64,7,walking,walking,walking,0,0.0,0.6925515938633086,0.16621238252719406,0.0,0.19806085838899887,0.5661639916218634,16.29954501291651,,0.0,0.0,0.0,0.0,0,0,0.0,0.0
1786840368.9257684,308,12.28,7,walking,walking,walking,0,0.0,0.9944230243888837,0.2386615258533321,0.0,0.5155729717068288,0.6401973097051097,13.704479816124817,,0.0,0.0,0.0,0.0,0,0,0.0,0.0
1786840369.0341012,309,12.32,7,walking,walking,walking,0,0.0,0.8672396572779996,0.2081375177467199,0.0,0.4073432125103489,0.6849330136505992,11.784402557746334,,0.0,0.0,0.0,0.0,0,0,0.0,0.0
1786840369.1950107,310,12.36,7,walking,walking,walking,0,0.0,0.737476327654843,0.1769943186371623,0.0,0.3242961004226032,0.7152796455238372,10.366850860424575,,0.0,0.0,0.0,0.0,0,0,0.0,0.0
1786840369.2538793,311,12.4,7,walking,walking,walking,0,0.0,0.6434630191479799,0.15443112459551517,0.0,0.2668334379307837,0.7429528174942052,9.326042898900175,,0.0,0.0,0.0,0.0,0,0,0.0,0.0
1786840369.3530648,312,12.44,7,walking,walking,walking,0,0.0,0.6,0.14202532800775097,0.0,0.2314993614000263,0.7691223736792927,8.599199873018229,,0.0,0.0,0.0,0.0,0,0,0.0,0.0
1786840369.4579077,313,12.48,7,walking,walking,walking,0,0.0,0.6,0.1316705021555643,0.0,0.21085453886923144,0.7883348583199941,8.04749796816922,,0.0,0.0,0.0,0.0,0,0,0.0,0.0
1786840369.599143,314,12.52,7,walking,walking,walking,0,0.0,0.6,0.10890120697574111,0.0,0.19278766700855982,0.7966557976927604,5.1038106907859895,,0.0,0.0,0.0,0.0,0,0,0.0,0.0
1786840369.6581688,315,12.56,7,walking,walking,walking,0,0.0,0.6,0.09593429944504756,0.0,0.2012252617981192,0.8148009819152252,4.620350171640132,177.85274062469088,0.0,0.0,0.0,0.0,0,0,0.0,0.0
1786840369.7590363,316,12.6,7,walking,walking,walking,0,0.0,0.6,0.09561798548209854,0.07744692896923694,0.22206898837962435,0.8243282344667714,4.451361689783141,177.16889664588436,0.0,0.0,0.0,0.0,0,0,0.0,0.0
1786840369.841496,317,12.64,7,walking,walking,walking,0,0.0,0.6,0.04607052485524168,0.06471645787589851,0.11768171153707442,0.8020216369141455,4.666014355995118,176.14784637297245,0.0,0.0,0.0,0.0,0,0,0.0,0.0
1786840369.9226542,318,12.68,7,standing,walking,walking,0,0.0,0.75,0.038827581388154876,0.0553161243681008,0.10390551503651527,0.7649398665094779,5.2082086793548354,175.58290407709126,0.0,0.0,0.0,0.0,0,0,0.0,0.0
1786840370.0488706,319,12.72,7,standing,walking,walking,0,0.0,0.75,0.04106591505126101,0.050965814663380994,0.10338194884294964,0.7271579069528599,5.7742876282329485,175.6699300270304,0.0,0.0,0.0,0.0,0,0,0.0,0.0
1786840370.1117723,320,12.76,7,standing,walking,walking,0,0.0,0.75,0.045665533275109804,0.04510613353673555,0.10658286292003338,0.6890029046498491,6.265949126393477,176.11255315461406,0.0,0.0,0.0,0.0,0,0,0.0,0.0
1786840370.2796667,321,12.8,7,standing,walking,walking,0,0.0,0.75,0.051039916160717985,0.04215993177188244,0.10858053555213111,0.6497001709322425,6.515104581993528,176.34774590370918,0.0,0.0,0.0,0.0,0,0,0.0,0.0
1786840370.4004037,322,12.84,7,standing,standing,standing,0,0.0,0.75,0.05083431352420561,0.0404794139378324,0.11004697258937025,0.6015488484617618,6.5394727607242995,176.74158995854305,0.0,0.0,0.0,0.0,0,0,0.0,0.0
1786840370.5196502,323,12.88,7,standing,standing,standing,0,0.0,0.75,0.04582200564480837,0.03978388242636981,0.0996471398413119,0.5562962888412153,6.465318159830818,176.81317423490287,0.0,0.65,0.65,0.20579111627387364,0,0,0.35,0.7113539961479082
1786840370.592803,324,12.92,7,standing,standing,standing,0,0.0,0.75,0.040555650080333704,0.04106516730045268,0.07662464214963549,0.5127701820650661,6.100292322495714,176.682206063244,0.0,0.6190476190476191,0.6190476190476191,0.19964033179176707,0,0,0.38095238095238093,0.7018976240487252
1786840370.7460785,325,12.96,7,standing,standing,standing,0,0.0,0.75,0.03849274334151102,0.04182718065119731,0.044820938187133647,0.488668140955817,5.498824974841165,176.27645454263285,0.0,0.5909090909090909,0.5909090909090909,0.1926030866279201,0,0,0.4090909090909091,0.6922053748172293
1786840370.8608954,326,13.0,7,standing,standing,standing,0,0.0,0.75,0.03772825670512894,0.040927664606091256,0.04107922694315667,0.48492564813530403,4.81663168835413,175.77740402859556,0.0,0.5652173913043478,0.5652173913043478,0.18601509272858258,0,0,0.43478260869565216,0.6831932127875805
1786840370.9852474,327,13.04,7,standing,standing,standing,0,0.0,0.75,0.03822659193280517,0.043595885623436005,0.052555763909911665,0.4832394639000522,4.277825724466429,175.70264386150617,0.0,0.5416666666666666,0.5416666666666666,0.18045428736113792,0,0,0.4583333333333333,0.6748618065839334
1786840371.0982265,328,13.08,7,standing,standing,standing,0,0.0,0.75,0.03955977721855589,0.04119676199378233,0.06175697403630889,0.4757894764435626,3.93768498030025,175.85157920302305,0.0,0.52,0.52,0.1757063948281448,0,0,0.48,0.6668989133783185
1786840371.2219212,329,13.12,7,standing,standing,standing,0,0.0,0.75,0.034806014867480445,0.039779690988241405,0.06541799094457904,0.46750801925284885,3.7560137463975907,175.87940146427067,0.0,0.5,0.5,0.17146453314031532,0,0,0.5,0.6592300328350313
1786840371.3292842,330,13.16,7,standing,standing,standing,0,0.0,0.75,0.026284002610021437,0.038303276220281145,0.0643045084245682,0.46080440123504846,3.81088234740903,175.59020649766296,0.0,0.48148148148148145,0.48148148148148145,0.1674956433360284,0,0,0.5185185185185185,0.6518809353683652
1786840371.4684186,331,13.2,7,standing,standing,standing,0,0.0,0.75,0.023580985005979303,0.035955877701089274,0.05744149888418385,0.45208400679972166,4.144919197558828,175.4099063191051,0.0,0.4642857142857143,0.4642857142857143,0.16356513817703394,0,0,0.5357142857142857,0.644745330776628
1786840371.628431,332,13.24,7,standing,standing,standing,0,0.0,0.75,0.02065856077165533,0.0335046619624328,0.05749966100304121,0.4498671231178449,4.589056170480208,175.0331788932928,0.0,0.4482758620689655,0.4482758620689655,0.1599077079296549,0,0,0.5517241379310345,0.6380253925814976
1786840371.7364318,333,13.28,7,standing,standing,standing,0,0.0,0.75,0.0200119663101855,0.029315226055107287,0.05832720772413529,0.4449442313893436,5.081960949558345,174.85710263824285,0.0,0.43333333333333335,0.43333333333333335,0.15652169125613755,0,0,0.5666666666666667,0.6315893538750924
1786840371.918237,334,13.32,7,standing,standing,standing,0,0.0,0.75,0.02010389988097116,0.02078320884138063,0.0595857533020711,0.44157856218995206,5.582077146127937,174.77332815638414,0.0,0.41935483870967744,0.41935483870967744,0.15339472551568378,0,0,0.5806451612903226,0.6254599734981524
1786840372.012392,335,13.36,7,standing,standing,standing,0,0.0,0.75,0.021590667680773272,0.016886443074760324,0.06227286546227448,0.4362656855109689,5.996554957998329,174.9181227618758,0.0,0.40625,0.40625,0.15054716738901475,0,0,0.59375,0.6195476519985529
1786840372.0912852,336,13.4,7,standing,standing,standing,0,0.0,0.75,0.019965842779613472,0.013806376024087838,0.056443887794944074,0.4336596914047937,6.293809336068591,175.1318714551509,0.0,0.3939393939393939,0.3939393939393939,0.14769555285586108,0,0,0.6060606060606061,0.6139146834957118
1786840372.212236,337,13.44,7,idle,standing,standing,0,0.0,0.85,0.014999958079740243,0.013070826571191777,0.045296645007060765,0.43294574797353097,6.279408201535828,175.33890727354057,0.0,0.3939393939393939,0.3939393939393939,0.1490681784621357,0,0,0.6060606060606061,0.6006638680221987
1786840372.2915974,338,13.48,7,idle,standing,standing,0,0.0,0.85,0.014511447167830633,0.0145227655163195,0.03880881043142376,0.4362941097813583,6.165468419617344,175.29445131486608,0.0,0.36363636363636365,0.36363636363636365,0.1397399416649468,0,0,0.6363636363636364,0.593935189202224
1786840372.3988845,339,13.52,7,idle,standing,standing,0,0.0,0.85,0.012011508620385107,0.015368312037458991,0.03667559517340217,0.44092118553370696,6.058518799299871,175.1860125186492,0.0,0.3333333333333333,0.3333333333333333,0.13331154709431337,0,0,0.6666666666666666,0.5901727976672767
1786840372.5846443,340,13.56,7,idle,standing,standing,0,0.0,0.85,0.01203221375447488,0.0178475263005027,0.036782021440429316,0.44599197734208945,5.983269576377582,175.16049421726214,0.0,0.30303030303030304,0.30303030303030304,0.12842430961102336,0,0,0.696969696969697,0.5865312214769804
1786840372.6545122,341,13.6,7,idle,idle,idle,0,0.0,0.85,0.012583233867821328,0.01858161320550114,0.03433968735339674,0.4507969696421662,5.923398591220753,175.24667500848014,0.0,0.2727272727272727,0.2727272727272727,0.11384148281243453,0,0,0.7272727272727273,0.5807918172326489
1786840372.7933586,342,13.64,7,standing,idle,idle,0,0.0,0.75,0.013410876310665176,0.021579187951351046,0.02922572307575376,0.4535109638637399,5.962923699569641,175.3645549379076,0.0,0.24242424242424243,0.24242424242424243,0.10238337707199224,0,0,0.7575757575757576,0.5737790278451682
1786840372.970941,343,13.68,7,standing,idle,material_handling,1,1.0,0.75,0.014770188874177855,0.022817463935798612,0.037914548964458936,0.45469510290659604,6.04479466468567,175.49375234901396,0.0,0.21212121212121213,0.21212121212121213,0.09370514823992727,0,1,0.7878787878787878,0.5658825265537367
1786840373.0573359,344,13.72,7,standing,idle,material_handling,1,1.0,0.75,0.01536594478794958,0.024064194031036774,0.03552364405451355,0.4544011594264716,6.2079879058915335,175.71403864622005,0.0,0.18181818181818182,0.18181818181818182,0.08669576054670695,0,1,0.8181818181818182,0.5571385369153206
1786840373.1627228,345,13.76,7,standing,idle,material_handling,1,1.0,0.75,0.01624993320734038,0.023902093252945893,0.031737689186968426,0.454793898291362,6.31921016987391,175.84981551695225,0.0,0.15151515151515152,0.15151515151515152,0.08064237654025067,0,1,0.8484848484848485,0.5476134316005349
1786840373.3682127,346,13.8,7,standing,standing,material_handling,1,1.0,0.75,0.01811242066084344,0.025848396771154854,0.03667776292212369,0.45155758610132857,6.405875427113097,176.20801122770092,0.0,0.12121212121212122,0.12121212121212122,0.07536429242064134,0,1,0.8787878787878788,0.5374080597151207
1786840373.4313052,347,13.84,7,standing,standing,material_handling,1,1.0,0.75,0.023798086033565813,0.02608204517345999,0.04534671108374774,0.45249801395773676,6.296282883583321,176.22159607255082,0.0,0.09090909090909091,0.09090909090909091,0.07089638466534401,0,1,0.9090909090909091,0.5269790359655746
1786840373.544239,348,13.88,7,standing,standing,material_handling,1,1.0,0.75,0.028721222243372185,0.027254765202756187,0.048544329367128915,0.4540239881310083,6.0215710216015195,176.24689150236838,0.0,0.06060606060606061,0.06060606060606061,0.06626968974319276,0,1,0.9393939393939394,0.5160463997902953
1786840373.6693375,349,13.92,7,standing,standing,material_handling,1,1.0,0.75,0.02842796103166207,0.029075577578667973,0.047620861227511496,0.4571955558185598,5.558063175343522,176.25620808517,0.0,0.030303030303030304,0.030303030303030304,0.06098338285979541,0,1,0.9696969696969697,0.5049211671039858
1786840373.7839565,350,13.96,7,standing,standing,standing,0,0.0,0.75,0.02930610141055033,0.029283003676644326,0.04967620580068717,0.45892926466417644,4.951755288894895,176.21862275186984,0.0,0.0,0.0,0.05892260995869278,0,0,1.0,0.49452442855095646
1786840373.8604324,351,14.0,7,standing,standing,standing,0,0.0,0.75,0.02822670235305354,0.027316599597103544,0.05196599983969628,0.4605266082670389,4.365441979154715,176.00299805581884,0.0,0.0,0.0,0.05734868525575887,0,0,1.0,0.4852997843617916
1786840374.0685196,352,14.04,7,standing,standing,standing,0,0.0,0.75,0.027906985639815307,0.026302894891677517,0.05249455431357406,0.46352508943514464,3.681269171424192,175.74733077606462,0.0,0.0,0.0,0.05580664299729293,0,0,1.0,0.47731091110367907
1786840374.2182095,353,14.08,7,standing,standing,standing,0,0.0,0.75,0.02839868838324758,0.027539176396579417,0.08920396378504815,0.49418093475059566,2.9751340670816186,175.5247947473716,0.0,0.0,0.0,0.05528000969017217,0,0,1.0,0.47140721504612587
1786840374.30971,354,14.12,7,standing,standing,standing,0,0.0,0.75,0.027894772100961758,0.02717884677315777,0.10864413919041176,0.5434176810481731,2.3070185126112985,175.24856587145032,0.0,0.0,0.0,0.05528193707315038,0,0,1.0,0.4681865335344874
1786840374.5026941,355,14.16,7,standing,standing,standing,0,0.0,0.75,0.027215292294600086,0.02711546485360306,0.1082235885335218,0.594762936688888,1.7597356561951412,175.0045391036603,0.0,0.0,0.0,0.05522668301085194,0,0,1.0,0.46798089984440033
1786840374.6317232,356,14.2,7,standing,standing,standing,0,0.0,0.75,0.020304075876067113,0.02510550130200716,0.10165057765786939,0.6487379910778374,1.2195228513093623,174.6834157799158,0.0,0.0,0.0,0.055287393247717316,0,0,1.0,0.4707821635485404
1786840374.70398,357,14.24,7,standing,standing,standing,0,0.0,0.75,0.01598403424925748,0.02404062200930339,0.1019933036099902,0.7015609044256061,1.0256278714195062,174.46820533498186,0.0,0.0,0.0,0.056056140564697765,0,0,1.0,0.4765030945291629
1786840374.8473594,358,14.28,7,standing,standing,standing,0,0.0,0.75,0.014812298523411281,0.020281857977989672,0.10348518783163446,0.757053373445763,1.047892393514744,174.4032889842308,0.0,0.0,0.0,0.057833845099379604,0,0,1.0,0.48463598036219147
1786840374.9665499,359,14.32,7,idle,standing,standing,0,0.0,0.85,0.013450805905160425,0.018442015536336665,0.10312226121766842,0.8099824925753998,1.1381141368723304,174.36894158308863,0.0,0.0,0.0,0.05971393704709208,0,0,1.0,0.49448618776946707
1786840375.0341847,360,14.36,7,idle,standing,material_handling,1,1.0,0.85,0.01285270078115338,0.016436754947213306,0.10786404431509111,0.8588120237610568,1.2901249381860935,174.31624405511096,0.0,0.0,0.0,0.061389945544218734,0,1,1.0,0.5058671744319218
1786840375.239584,361,14.4,7,idle,standing,material_handling,1,1.0,0.85,0.012183984590084847,0.019190848938496388,0.11809377003517303,0.8974173288149453,1.2949387236315322,174.32868945883894,0.0,0.0,0.0,0.06309712118054796,0,1,1.0,0.5186437760189335
1786840375.3426347,362,14.44,7,idle,standing,material_handling,1,1.0,0.85,0.010046711872412739,0.019518193147421817,0.08980689925998887,0.925045899692768,1.4019617048264974,174.44622699951958,0.0,0.0,0.0,0.06383617900828766,0,1,1.0,0.5325085602746885
1786840375.45662,363,14.48,7,idle,idle,material_handling,1,1.0,0.85,0.009416731205725016,0.01855421086639734,0.08520136654187842,0.917367700392731,1.4351114372216134,174.4674777218354,0.0,0.0,0.0,0.06446941713305461,0,1,1.0,0.5463438117643152
1786840375.575726,364,14.52,7,idle,idle,material_handling,1,1.0,0.85,0.007573603209989256,0.017029223305448496,0.09449616277866811,0.8860155355284925,1.4246681656767106,174.5013629794982,0.0,0.0,0.0,0.06559228573591779,0,1,1.0,0.5594932520288236
1786840375.6453793,365,14.56,7,idle,idle,material_handling,1,1.0,0.85,0.007615014109851497,0.017615982459005378,0.10087662903832659,0.8458925320196895,1.472475708438244,174.54690628745874,0.0,0.0,0.0,0.0669067393127446,0,1,1.0,0.5714940219955461
1786840375.7905607,366,14.6,7,idle,idle,material_handling,1,1.0,0.85,0.007494905136448654,0.016675074010730734,0.09917254863203624,0.8024340591474697,1.5501929238269556,174.66638430544373,0.0,0.0,0.0,0.06814447691601433,0,1,1.0,0.5823270470791256
1786840375.9483285,367,14.64,7,idle,idle,material_handling,1,1.0,0.85,0.006843571105704426,0.016432582730834908,0.10120210071442594,0.754447046011777,1.476171735807561,174.81200835757664,0.0,0.0,0.0,0.06940557835275236,0,1,1.0,0.5918079102252416
1786840376.0504363,368,14.68,7,idle,idle,material_handling,1,1.0,0.85,0.006478399441339103,0.01853119153027569,0.09977935456252102,0.7032934947691282,1.373673846759809,174.79321219091486,0.0,0.0,0.0,0.07054213862851741,0,1,1.0,0.5998996620209435
1786840376.2212696,369,14.72,7,idle,idle,material_handling,1,1.0,0.85,0.0055248811960902705,0.019242784904222744,0.0941076078312517,0.6508961525398529,1.296805293878991,174.7112526855368,0.0,0.0,0.0,0.07168346347810249,0,1,1.0,0.606482585085642
1786840376.487344,370,14.76,7,idle,idle,material_handling,1,1.0,0.85,0.004810741649872388,0.015734399942507988,0.07513091348361854,0.6024235347515791,1.1719711421631136,174.71885036461646,0.0,0.0,0.0,0.07258753221981636,0,1,1.0,0.6116182755940678
1786840376.596108,371,14.8,7,idle,idle,material_handling,1,1.0,0.85,0.004936579900763149,0.013520124364890494,0.06617874589735569,0.5630738792428203,1.0838535806001792,174.7194695432723,0.0,0.0,0.0,0.07341692420363248,0,1,1.0,0.6154600867898697
1786840376.7798262,372,14.84,7,idle,idle,material_handling,1,1.0,0.85,0.004431042870653538,0.01260565411539813,0.05165682896909542,0.5322428302738619,0.9326938862889674,174.6126099457386,0.0,0.0,0.0,0.07387090098532016,0,1,1.0,0.6182274093577531
1786840376.9717443,373,14.88,7,idle,idle,material_handling,1,1.0,0.85,0.005019024603431425,0.012220558164708637,0.04148230424465085,0.5127764923977545,0.8359269391437356,174.57859987530378,0.0,0.0,0.0,0.07401333379756929,0,1,1.0,0.6202511825412582
1786840377.0406706,374,14.92,7,idle,idle,material_handling,1,1.0,0.85,0.005665826113241238,0.011905997019243254,0.034707413267286574,0.5001325612083481,0.7713106285212279,174.65964320772625,0.0,0.0,0.0,0.0740244770070811,0,1,1.0,0.6217462004675062
1786840377.2096589,375,14.96,7,idle,idle,material_handling,1,1.0,0.85,0.0058904179717111415,0.01117003562705713,0.034651234172778364,0.49510183592754686,0.6542868937946178,174.68415074501712,0.0,0.0,0.0,0.07418888643426366,0,1,1.0,0.6230065299239851
1786840377.5167623,376,15.0,7,idle,idle,material_handling,1,1.0,0.85,0.0063314952506414845,0.011316449554628466,0.0321152277066192,0.4945104650943059,0.5196650727387611,174.589071482006,0.0,0.0,0.0,0.07401314942645033,0,1,1.0,0.6242130560508854
1786840377.710999,377,15.04,7,idle,idle,material_handling,1,1.0,0.85,0.006794384800964029,0.010697599485584384,0.04319150958429704,0.4981979343809663,0.5144679913237507,174.64508568514927,0.0,0.0,0.0,0.07424550898795894,0,1,1.0,0.6255402310495065
1786840378.0404673,378,15.08,7,idle,idle,material_handling,1,1.0,0.85,0.00841583342580436,0.011767662888034559,0.08929335086109408,0.5271859737821885,0.5742023550335764,174.8838783723707,0.0,0.0,0.0,0.0759896199477809,0,1,1.0,0.6277339303068042
1786840378.3916466,379,15.12,7,standing,idle,material_handling,1,1.0,0.75,0.013574403467611221,0.026231224378375176,0.10121193936215361,0.5603990633088977,0.7644377588748281,174.61548585442318,0.0,0.0,0.0,0.07794520105202425,0,1,1.0,0.6310321568888517
1786840378.5991921,380,15.16,7,standing,idle,material_handling,1,1.0,0.75,0.017366708889447652,0.04195451888962559,0.11220306279653955,0.6052024012819991,0.7491978556177529,174.49298470933203,0.0,0.0,0.0,0.07997115110392702,0,1,1.0,0.6356595625653445
1786840378.9183323,381,15.2,7,standing,idle,material_handling,1,1.0,0.75,0.018459590282092212,0.047550167505086664,0.11150242903688896,0.6505302999227611,0.7039512374648832,174.67351943591606,0.0,0.0,0.0,0.08187897230604096,0,1,1.0,0.6416142992863068
1786840379.4176126,382,15.24,7,standing,idle,material_handling,1,1.0,0.75,0.026406211369363185,0.050161855283895544,0.12163015132297963,0.6895938214678947,0.8890620158143216,175.14107445832775,0.0,0.0,0.0,0.0841216780665097,0,1,1.0,0.6486566709726502
1786840379.6240573,383,15.28,7,standing,standing,material_handling,1,1.0,0.75,0.03646621457364273,0.05133161450399227,0.1682910944835241,0.698937994718207,1.3351736384620438,175.43862364347666,0.0,0.0,0.0,0.08771606863265627,0,1,1.0,0.6559296627924693
1786840379.918546,384,15.32,7,standing,standing,material_handling,1,1.0,0.75,0.044784915994065415,0.053463403656721496,0.1796371937664904,0.7056945965184857,2.030185812687828,175.1513821120172,0.0,0.0,0.0,0.09158489269104399,0,1,1.0,0.6633589957697859
1786840380.3315635,385,15.36,7,walking,standing,material_handling,1,1.0,0.6,0.04991737230326763,0.06696197364503392,0.27733115753344584,0.7829898758892596,2.82721020440522,175.15278155548924,0.0,0.030303030303030304,0.030303030303030304,0.09839812309164615,0,1,0.9696969696969697,0.673039746874456
1786840380.6362185,386,15.4,7,walking,standing,material_handling,1,1.0,0.6,0.05062806722987262,0.06917230115720131,0.27504097084912416,0.8631344822642373,3.6701601964621977,175.13988605941054,0.0,0.06060606060606061,0.06060606060606061,0.1040295475481333,0,1,0.9393939393939394,0.6842201574051725
1786840380.955684,387,15.44,7,walking,standing,material_handling,1,1.0,0.6,0.05368864854524655,0.07757803576022522,0.23081071624667177,0.9424590854106937,4.247911759292444,174.7259397648253,0.0,0.09090909090909091,0.09090909090909091,0.10773156503468662,0,1,0.9090909090909091,0.6963123211737337
1786840381.3878813,388,15.48,7,walking,standing,material_handling,1,1.0,0.6,0.06259261938712504,0.06891219037141408,0.250210608288145,0.9755147189335371,4.475374581115365,174.71915851912496,0.0,0.12121212121212122,0.12121212121212122,0.11203420199694795,0,1,0.8787878787878788,0.7078502539690261
1786840381.6468182,389,15.52,7,standing,walking,material_handling,1,1.0,0.75,0.059499858483934465,0.056512606260942094,0.2806664349489639,0.9794810815127087,4.463546277715437,174.92490129906574,0.0,0.12121212121212122,0.12121212121212122,0.11745892494516293,0,1,0.8787878787878788,0.7178727718609919
1786840381.901183,390,15.56,7,standing,walking,material_handling,1,1.0,0.75,0.07779390908034574,0.05803761568537881,0.32127002874567473,0.9353183006789573,4.851634999271413,174.70522272794364,0.0,0.12121212121212122,0.12121212121212122,0.12410367419169882,0,1,0.8787878787878788,0.7249563293232146
1786840382.4780366,391,15.6,7,walking,walking,material_handling,1,1.0,0.6639883280800337,0.08711920627405062,0.11951789905440606,0.33334530407722085,0.8740985821979332,5.1855807687110484,172.2280232213842,0.0,0.15151515151515152,0.15151515151515152,0.13106913225974687,0,1,0.8484848484848485,0.7285031538308562
1786840382.5512931,392,15.64,7,walking,walking,material_handling,1,1.0,0.9220949178450261,0.09568338593106077,0.1659770852121047,0.301815711622589,0.8315705256880603,5.653288755759194,170.2680071772818,0.0,0.18181818181818182,0.18181818181818182,0.13709014590838084,0,1,0.8181818181818182,0.729157336652452
1786840382.618156,393,15.68,7,walking,walking,material_handling,1,1.0,1.0,0.10834399525931535,0.19464488886406497,0.32012828239518043,0.804942199324198,5.640636374352755,169.51370390909784,0.0,0.21212121212121213,0.21212121212121213,0.14352239554717142,0,1,0.7878787878787878,0.727524917730123
1786840382.6780756,394,15.72,7,walking,walking,material_handling,1,1.0,1.0,0.12594326888048246,0.2016635699759875,0.24775363575592768,0.7664343602355469,5.203456173491659,168.49406212328262,0.0,0.24242424242424243,0.24242424242424243,0.1474514823871943,0,1,0.7575757575757576,0.7235557368640805
1786840382.71015,395,15.76,7,walking,walking,material_handling,1,1.0,1.0,0.1396724863788917,0.24284811998830202,0.2550911721169018,0.6631388289284398,4.579114379907951,168.26404173845805,0.0,0.2727272727272727,0.2727272727272727,0.15246009671619165,0,1,0.7272727272727273,0.7156191589621311
1786840382.7610557,396,15.8,7,walking,walking,material_handling,1,1.0,1.0,0.14462370477263453,0.2398024065545879,0.26954028144703684,0.5705134898868796,3.7348301222540803,168.59590810794924,0.0,0.30303030303030304,0.30303030303030304,0.1580461244405904,0,1,0.696969696969697,0.7051084253104386
1786840382.8415482,397,15.84,7,walking,walking,material_handling,1,1.0,1.0,0.1380394490727088,0.240623227060822,0.24817137701618583,0.48713079264388764,3.6639180754381826,168.8966077034647,0.0,0.3333333333333333,0.3333333333333333,0.16270294911445454,0,1,0.6666666666666666,0.6930210088593902
1786840382.897034,398,15.88,7,walking,walking,material_handling,1,1.0,1.0,0.14349597120365995,0.26184276488119435,0.24389214058161957,0.390119829708982,4.1607647170579956,168.0000287247379,0.0,0.36363636363636365,0.36363636363636365,0.16703675249455438,0,1,0.6363636363636364,0.6792097148499747
1786840382.9509988,399,15.92,7,walking,walking,walking,0,0.0,1.0,0.1523980047394275,0.26260316404033573,0.2359174775836642,0.33132395534170456,4.330766778459549,167.58071449072145,0.0,0.3939393939393939,0.3939393939393939,0.17118053822036128,0,0,0.6060606060606061,0.6649336510982848
1786840383.0653765,400,15.96,7,walking,walking,walking,0,0.0,1.0,0.16445521244553088,0.21065724370232555,0.22895510891330342,0.2977935800142388,4.45792407534158,167.19548553082595,0.0,0.42424242424242425,0.42424242424242425,0.17505184149911512,0,0,0.5757575757575758,0.6510956672801776
1786840383.1826518,401,16.0,7,walking,walking,walking,0,0.0,1.0,0.15597915240033958,0.1961082478943787,0.2427221877235754,0.29191806269466813,4.705201749908566,168.60129631820135,0.0,0.45454545454545453,0.45454545454545453,0.17938344250399554,0,0,0.5454545454545454,0.6386297450961032
1786840383.298694,402,16.04,7,walking,walking,walking,0,0.0,1.0,0.14136069424245615,0.1881430155857764,0.22111728631304242,0.28561744272890693,4.529627695273985,169.8055700246558,0.0,0.48484848484848486,0.48484848484848486,0.18323222063980743,0,0,0.5151515151515151,0.6275606932836502
1786840383.462777,403,16.08,7,walking,walking,walking,0,0.0,1.0,0.13201124133119024,0.18828328130318578,0.20965578489076173,0.28666543752246304,4.562656369782806,170.15260692514488,0.0,0.5151515151515151,0.5151515151515151,0.1873087318945693,0,0,0.48484848484848486,0.617992266094889
1786840383.5382006,404,16.12,7,walking,walking,walking,0,0.0,0.8848815470532679,0.1325933219728176,0.1592786784695882,0.20950526673220482,0.2919671032100741,5.095567856955445,170.78212669302764,0.0,0.5454545454545454,0.5454545454545454,0.19165195979865565,0,0,0.45454545454545453,0.609776909245412
1786840383.7348537,405,16.16,7,walking,walking,walking,0,0.0,0.94584954047352,0.14010601048793275,0.1702529172852336,0.20654647707186424,0.2814328773170975,5.805231494201736,169.8863327877577,0.0,0.5757575757575758,0.5757575757575758,0.1963455854987396,0,0,0.42424242424242425,0.6021766076406614
1786840383.809956,406,16.2,7,walking,walking,walking,0,0.0,1.0,0.14327390231311582,0.18192916786156152,0.2019030713794373,0.25421646176442836,6.853361789744326,167.8861651068036,0.0,0.6060606060606061,0.6060606060606061,0.20120682086646038,0,0,0.3939393939393939,0.5943414551972274
1786840383.9260385,407,16.24,7,walking,walking,walking,0,0.0,1.0,0.15277122065297377,0.19361276214650333,0.1898467408921166,0.21313363109933378,7.362508443109377,166.64495496237052,0.0,0.6363636363636364,0.6363636363636364,0.20590801261266733,0,0,0.36363636363636365,0.5856445179211967
1786840383.9937034,408,16.28,7,walking,walking,walking,0,0.0,1.0,0.1310049522835521,0.19980083423248518,0.1652385265665349,0.21042499368992415,7.574316837021084,166.4275987717005,0.0,0.6666666666666666,0.6666666666666666,0.20986520329126604,0,0,0.3333333333333333,0.577017946944299
1786840384.12408,409,16.32,7,walking,walking,walking,0,0.0,1.0,0.10852692815148943,0.2053246633878191,0.15074882068703463,0.1986366095107202,8.181996057149302,166.71351472833817,0.0,0.696969696969697,0.696969696969697,0.21346016065430895,0,0,0.30303030303030304,0.5680520725326751
1786840384.275218,410,16.36,7,walking,walking,walking,0,0.0,0.9802127468792959,0.10418191809610411,0.17643829443827325,0.1287985988849896,0.20663236613992259,8.598152455815688,167.2268572328903,0.0,0.7272727272727273,0.7272727272727273,0.21605431487554203,0,0,0.2727272727272727,0.5592167522829464
1786840384.3403368,411,16.4,7,walking,walking,walking,0,0.0,0.8731454424482742,0.11102323691875421,0.15716617964068935,0.13887967858483702,0.22500891767207584,8.793285197045037,167.63501624709525,0.0,0.7575757575757576,0.7575757575757576,0.21755693086717062,0,0,0.24242424242424243,0.5500598717947612
1786840384.4632995,412,16.44,7,walking,walking,walking,0,0.0,0.7853177799768223,0.10448668080809131,0.141357200395828,0.13354987131344234,0.24360778669823197,8.696585586378383,167.87585021394236,0.0,0.7878787878787878,0.7878787878787878,0.21853686819902784,0,0,0.21212121212121213,0.5404601361398926
1786840384.5422103,413,16.48,7,walking,walking,walking,0,0.0,0.7327106863271814,0.09083234296076896,0.13188792353889264,0.11866887173504272,0.26862369773381534,8.40694672397822,168.50258341223625,0.0,0.8181818181818182,0.8181818181818182,0.21873280180322494,0,0,0.18181818181818182,0.5302607814869175
1786840384.6514807,414,16.52,7,walking,walking,walking,0,0.0,0.6726105089319042,0.07451955940758606,0.12106989160774274,0.10849387043285103,0.3028526261758356,7.623372875302168,169.3860240294253,0.0,0.8484848484848485,0.8484848484848485,0.21864163336067832,0,0,0.15151515151515152,0.5197250944036771
1786840384.7932594,415,16.56,7,walking,walking,walking,0,0.0,0.6,0.06518228039152679,0.10563096462975612,0.10960101820189323,0.34116737311578743,6.727303717638781,170.68921516530233,0.0,0.8787878787878788,0.8787878787878788,0.21827711417519086,0,0,0.12121212121212122,0.5091667171808861
1786840384.9290953,416,16.6,7,walking,walking,walking,0,0.0,0.6,0.053630198647604384,0.07347711383899844,0.09526920370404163,0.3701034517263046,5.760531687394872,172.5005888461173,0.0,0.9090909090909091,0.9090909090909091,0.21606432960611557,0,0,0.09090909090909091,0.49920203405991936
1786840385.039512,417,16.64,7,walking,walking,walking,0,0.0,0.6,0.056591955012823006,0.06060871418833334,0.09555862075447633,0.39644779654224005,4.934652046822042,173.76625718577083,0.0,0.9393939393939394,0.9393939393939394,0.21351649406029702,0,0,0.06060606060606061,0.4898309189091241
1786840385.1472912,418,16.68,7,standing,walking,walking,0,0.0,0.75,0.06368216487647743,0.04705999221614892,0.10680801190044473,0.41513614817852923,4.467828451581424,174.51548936412547,0.0,0.9090909090909091,0.9090909090909091,0.20834912601081212,0,0,0.09090909090909091,0.4786838362512231
1786840385.3413184,419,16.72,7,standing,walking,walking,0,0.0,0.75,0.07141833753798191,0.04568971924231537,0.10945163918544087,0.43932083589354776,3.9392588183961563,174.68245031262344,0.0,0.8787878787878788,0.8787878787878788,0.203331267475549,0,0,0.12121212121212122,0.46584099848241434
1786840385.4048815,420,16.76,7,standing,walking,walking,0,0.0,0.75,0.06455986001299953,0.04712960298035951,0.10868038982796575,0.4618693349546783,3.385870122228314,174.64564011358945,0.0,0.8484848484848485,0.8484848484848485,0.19963034849316397,0,0,0.15151515151515152,0.4512776727110199
1786840385.586569,421,16.8,7,walking,walking,walking,0,0.0,0.6,0.07014423205419903,0.0753579538262693,0.10746468861580574,0.4703267015932121,2.9257533575499,174.0171776113976,0.0,0.8484848484848485,0.8484848484848485,0.19530471456369913,0,0,0.15151515151515152,0.4359689449128283
1786840385.6489394,422,16.84,7,walking,standing,standing,0,0.0,0.6,0.0738382712965529,0.0936954086965818,0.12095982674544963,0.47376443843999916,2.7981604566488327,173.688052550988,0.0,0.8787878787878788,0.8787878787878788,0.19046512037571386,0,0,0.12121212121212122,0.42064419815304926
1786840385.7903247,423,16.88,7,walking,standing,standing,0,0.0,0.6,0.08779764353812841,0.10770746540479809,0.14671432382939986,0.47536592815664874,3.0359497770535797,172.84066920339941,0.0,0.9090909090909091,0.9090909090909091,0.18517555356006918,0,0,0.09090909090909091,0.40670624747055495
1786840385.933264,424,16.92,7,walking,standing,standing,0,0.0,0.6482147584584919,0.10363838550887047,0.11667865652252853,0.16823391239082122,0.4899819190849503,3.4120164594504643,171.6553945871637,0.0,0.9090909090909091,0.9090909090909091,0.18017217805442068,0,0,0.09090909090909091,0.39506634858834344
1786840386.057903,425,16.96,7,carrying,walking,walking,0,0.0,0.6068173921257083,0.10784292523548736,0.11775106113990952,0.1709548127056508,0.5113623202095139,3.7419458023993704,170.18292036405333,0.0,0.8787878787878788,0.9090909090909091,0.1762066962690589,0,0,0.09090909090909091,0.38536306963444805
1786840386.164187,426,17.0,7,carrying,walking,walking,0,0.0,0.6255651943639496,0.10720046826252451,0.12686492299134108,0.17131637799993282,0.5426086572732495,3.817663494368383,168.24246581244267,0.0,0.8484848484848485,0.9090909090909091,0.17169724462071806,0,0,0.09090909090909091,0.37741356836017687
1786840386.461501,427,17.04,7,carrying,walking,walking,0,0.0,0.6447144397412276,0.10757208749894775,0.14899793645356574,0.17192057137476877,0.5745240662353793,3.6332722224468754,166.51403657713303,0.0,0.8181818181818182,0.9090909090909091,0.1693992729728042,0,0,0.09090909090909091,0.3715981049056264
1786840386.4982255,428,17.08,7,carrying,walking,walking,0,0.0,0.6685820561322318,0.10036369102176251,0.16804218398402085,0.16855859058829045,0.614303426887053,3.120624120283822,165.57694919417236,0.0,0.7878787878787878,0.9090909090909091,0.16677707353254323,0,0,0.09090909090909091,0.3701182442377056
1786840386.5699773,429,17.12,7,carrying,carrying,carrying,0,0.0,0.6907711791430545,0.11225732470271267,0.19641751930671655,0.16612199006935288,0.6512852985717577,2.910579520728376,165.56962300240818,0.0,0.7575757575757576,0.9090909090909091,0.16364318591503765,0,0,0.09090909090909091,0.37256587480391395
1786840386.7107832,430,17.16,7,walking,carrying,carrying,0,0.0,1.0,0.11139432782212827,0.24319083289007531,0.2809753292476099,0.6805443039198477,2.6251150203612843,165.25726383075218,0.0,0.7575757575757576,0.9090909090909091,0.16463724507356564,0,0,0.09090909090909091,0.3784268902971249
1786840386.8007715,431,17.2,7,walking,carrying,carrying,0,0.0,1.0,0.11471508441140571,0.2245941882915719,0.2737993119988486,0.6978553883217549,2.4136193796895666,165.20664878446155,0.0,0.7575757575757576,0.9090909090909091,0.16554352299529984,0,0,0.09090909090909091,0.38775221025508777
1786840386.9450436,432,17.24,7,walking,carrying,carrying,0,0.0,1.0,0.11061026516553324,0.24322551343257665,0.27340683421128487,0.7202853047621999,2.5415890016790947,163.57255702363122,0.0,0.7575757575757576,0.9090909090909091,0.16667956410522775,0,0,0.09090909090909091,0.39953891781328454
1786840387.099266,433,17.28,7,walking,carrying,carrying,0,0.0,1.0,0.11095489738344215,0.2556233289186949,0.399386225577866,0.7454107500733733,2.5057206181525444,163.2330681174637,0.0,0.7575757575757576,0.9090909090909091,0.1718441433980933,0,0,0.09090909090909091,0.41310307448174316
1786840387.2073948,434,17.32,7,walking,walking,walking,0,0.0,1.0,0.10935980555369669,0.25912038912830443,0.41868058568403416,0.7421255830837951,2.6254935933345838,163.6390658667978,0.0,0.7575757575757576,0.9090909090909091,0.1771762160635617,0,0,0.09090909090909091,0.42674572661474697
1786840387.3203394,435,17.36,7,walking,walking,walking,0,0.0,1.0,0.10494988788781395,0.25782145277661334,0.43492237644739734,0.7165133948681977,2.6908852920241846,164.38463206709568,0.0,0.7575757575757576,0.9090909090909091,0.18365515818884523,0,0,0.09090909090909091,0.43980317970987703
1786840387.4361653,436,17.4,7,walking,walking,walking,0,0.0,1.0,0.0980430169326133,0.23140646004506374,0.44045625765743734,0.6728078628425195,2.962691613899124,165.657821281228,0.0,0.7575757575757576,0.9090909090909091,0.1906491119090475,0,0,0.09090909090909091,0.4515044653256364
1786840387.5562391,437,17.44,7,walking,walking,walking,0,0.0,1.0,0.09396506025718204,0.21198522667833564,0.4450774491059552,0.6372297522665384,3.5118824232011683,166.67565899474,0.0,0.7575757575757576,0.9090909090909091,0.19778766289007027,0,0,0.09090909090909091,0.4619669698424989
1786840387.6747208,438,17.48,7,walking,walking,walking,0,0.0,1.0,0.07889366121959403,0.18296843184491254,0.456877947445468,0.6247377361611363,4.687861499335323,166.6312785562639,0.0,0.7575757575757576,0.9090909090909091,0.2053734650226037,0,0,0.09090909090909091,0.47237014738322736
1786840387.929145,439,17.52,7,walking,walking,walking,0,0.0,0.635269222935478,0.0676811179750451,0.11434846012838604,0.36739700439252865,0.6193735972697679,6.024660198514472,165.83721698991633,0.0,0.7575757575757576,0.9090909090909091,0.2103884326896671,0,0,0.09090909090909091,0.48343551512581334
1786840387.9790535,440,17.56,7,walking,walking,walking,0,0.0,0.6783685113107744,0.06464382292686813,0.12210633203593936,0.3874797759854801,0.6176352521165999,7.8030940169894425,165.47695300513874,0.0,0.7575757575757576,0.9090909090909091,0.2163773125409811,0,0,0.09090909090909091,0.4956931400051245
1786840388.0747108,441,17.6,7,walking,walking,walking,0,0.0,0.6,0.05811287482355273,0.08173820171915111,0.382226543005927,0.6251166475233297,10.019332730568028,164.51134163082105,0.0,0.7575757575757576,0.9090909090909091,0.22295270697853845,0,0,0.09090909090909091,0.508259553757652
1786840388.1732986,442,17.64,7,standing,walking,walking,0,0.0,0.75,0.041970982105561036,0.05230271847911785,0.20886502905704768,0.6187473904545984,12.005064549856652,163.79495815851004,0.0,0.7272727272727273,0.8787878787878788,0.22471380420187217,0,0,0.12121212121212122,0.520990183483224
1786840388.293968,443,17.68,7,standing,walking,walking,0,0.0,0.75,0.03475095902107741,0.045397997033343025,0.17776694505660937,0.605951939961105,13.985098380870252,161.9334344257834,0.0,0.696969696969697,0.8484848484848485,0.22619769347980007,0,0,0.15151515151515152,0.5330907766293205
1786840388.3996649,444,17.72,7,standing,walking,walking,0,0.0,0.75,0.03427638452295661,0.0366246828649876,0.15326809164341426,0.6151963122907123,15.746375388501757,159.93332170030345,0.0,0.6666666666666666,0.8181818181818182,0.22663370599672666,0,0,0.18181818181818182,0.5449146370723095
1786840388.518192,445,17.76,7,standing,walking,walking,0,0.0,0.75,0.02905607069635072,0.04234742361753082,0.1321574407201529,0.6573335876325562,17.71373788323687,158.58381571179643,0.0,0.6363636363636364,0.7878787878787878,0.22659151113026332,0,0,0.21212121212121213,0.5574517825551677
1786840388.6267874,446,17.8,7,standing,standing,standing,0,0.0,0.75,0.029872071637974354,0.04531901389506206,0.12994913394877863,0.7413054968241274,19.569414191671715,157.63838170608204,0.0,0.6060606060606061,0.7575757575757576,0.22693333725795234,0,0,0.24242424242424243,0.5717754734366924
1786840388.69205,447,17.84,7,standing,standing,standing,0,0.0,0.75,0.029363934216916923,0.042834899732987486,0.11604291367927377,0.815229247822779,20.8230150277329,156.79309704371192,0.0,0.5757575757575758,0.7272727272727273,0.22716209614420754,0,0,0.2727272727272727,0.5873020377290239
1786840388.8948505,448,17.88,7,standing,standing,standing,0,0.0,0.75,0.03262974293741305,0.03960719815122797,0.1358519870538782,0.8055520857001913,20.73811641261223,156.2200399037799,0.0,0.5454545454545454,0.696969696969697,0.22795758004881317,0,0,0.30303030303030304,0.6013743017467331
1786840388.947157,449,17.92,7,standing,standing,standing,0,0.0,0.75,0.03049365086174512,0.03557009098427815,0.16478316784712602,0.7916182550107284,19.975682131747863,158.02248311742852,0.0,0.5151515151515151,0.6666666666666666,0.23006406381072478,0,0,0.3333333333333333,0.6141474776038368
1786840389.1308327,450,17.96,7,standing,standing,standing,0,0.0,0.75,0.030977051377077593,0.03557009098427815,0.21093812545948415,0.787202838315152,18.804991493049915,158.02248311742852,0.0,0.48484848484848486,0.6363636363636364,0.2335604124381493,0,0,0.36363636363636365,0.6259885394757434
1786840389.338676,451,18.0,7,standing,standing,standing,0,0.0,0.75,0.03855665345888906,0.03311574017147471,0.20968728441747425,0.7851615675299473,17.931240879237485,160.03465938702647,0.0,0.48484848484848486,0.6363636363636364,0.23667796615078654,0,0,0.36363636363636365,0.6372014309712407
1786840389.4767182,452,18.04,7,walking,standing,standing,0,0.0,0.6,0.0479752946475418,0.10264795974655024,0.21464223951223582,0.794596917560469,17.785023610463103,161.9936429781709,0.0,0.5151515151515151,0.6666666666666666,0.23986556010008336,0,0,0.3333333333333333,0.6479673728399353
1786840389.6158135,453,18.08,7,walking,standing,standing,0,0.0,0.6746195652535042,0.051337155561466646,0.12143152174563075,0.21420644628264787,0.8060129672681734,16.86036549923806,164.28579741354537,0.0,0.5454545454545454,0.696969696969697,0.2430633193865889,0,0,0.30303030303030304,0.6583959677585262
1786840389.7103083,454,18.12,7,walking,standing,standing,0,0.0,0.6405109439204858,0.05680878379020734,0.11529196990568745,0.22115363352938508,0.822017017101045,16.38155350613631,166.46215254188368,0.0,0.5454545454545454,0.696969696969697,0.2465084389294246,0,0,0.30303030303030304,0.6690532500466423
1786840390.3372998,455,18.16,7,walking,standing,standing,0,0.0,0.6,0.05860644284065572,0.10308993423231433,0.21821516274015357,0.8251152220325358,15.641178494121448,166.70125428487566,0.0,0.5454545454545454,0.696969696969697,0.24945557032320348,0,0,0.30303030303030304,0.6797002434888403
1786840390.721865,456,18.2,7,walking,walking,walking,0,0.0,0.6,0.0958216016219022,0.1004728189203697,0.23903150559676403,0.8161985507456841,13.665075025002599,167.794375300823,0.0,0.5454545454545454,0.696969696969697,0.2522530606797903,0,0,0.30303030303030304,0.6900285047794172
1786840391.3460045,457,18.24,7,walking,walking,walking,0,0.0,0.6,0.10552602842812865,0.09645880993282366,0.21283926946667903,0.8069716641173194,12.15383945005982,168.6391942284168,0.0,0.5454545454545454,0.696969696969697,0.2536047381669375,0,0,0.30303030303030304,0.699634254628883
1786840391.4819057,458,18.28,7,walking,walking,walking,0,0.0,0.6,0.12954021852973752,0.09567630527685804,0.20471738058337727,0.8455676268506407,12.05877416060893,169.73047759713722,0.0,0.5757575757575758,0.696969696969697,0.25462784628444435,0,0,0.30303030303030304,0.7097616881634625
1786840391.548003,459,18.32,7,walking,walking,walking,0,0.0,0.6,0.13098379290699846,0.08613522715583855,0.18894592988861456,0.848827711081738,12.381053380334283,170.59331634467898,0.0,0.6060606060606061,0.696969696969697,0.2551620751295559,0,0,0.30303030303030304,0.7190410534303864
1786840391.7548592,460,18.36,7,walking,walking,walking,0,0.0,0.6,0.1228874385520614,0.07763597401930879,0.18151756261745747,0.849471610527085,12.952490564548288,171.21731942921542,0.0,0.6363636363636364,0.696969696969697,0.25545289304600105,0,0,0.30303030303030304,0.7273727971968018
1786840392.1333878,461,18.4,7,walking,walking,walking,0,0.0,0.6,0.11692437180083926,0.0462923560864182,0.1800384179560004,0.8566260696423761,12.95726989295892,171.9195801707279,0.0,0.6666666666666666,0.696969696969697,0.2558007666025983,0,0,0.30303030303030304,0.7347159075833268
1786840392.6473002,462,18.44,7,walking,walking,walking,0,0.0,0.6,0.13366261898277185,0.036465182810395375,0.24762489703412516,0.8956980144671078,12.328937749373896,173.3423868174385,0.0,0.696969696969697,0.696969696969697,0.25827055166213686,0,0,0.30303030303030304,0.7421223535195496
1786840392.9175127,463,18.48,7,walking,walking,walking,0,0.0,0.6404654344852095,0.15371170427645028,0.02728742698296726,0.30983300356479077,0.9530207176007555,11.259077290389081,174.24257150420723,0.0,0.696969696969697,0.696969696969697,0.25914502664144534,0,0,0.30303030303030304,0.750379214540183
1786840393.0402524,464,18.52,7,walking,walking,walking,0,0.0,0.6790530962463251,0.16297274309911802,0.025220644993447613,0.36946085821676444,0.9695823778636988,9.462982136610973,175.18985928032885,0.0,0.696969696969697,0.696969696969697,0.26204386137532165,0,0,0.30303030303030304,0.7586133657384238
1786840393.141608,465,18.56,7,walking,walking,walking,0,0.0,0.6,0.12418371141433199,0.022173902162572135,0.35999728035258016,0.9688473826365686,7.8807461538568875,176.01607923412666,0.0,0.696969696969697,0.696969696969697,0.2646678142886942,0,0,0.30303030303030304,0.7661455499164349
1786840393.2793434,466,18.6,7,walking,walking,walking,0,0.0,0.6,0.11431880520768087,0.01996320847113219,0.39757171385886214,1.0120177614035846,7.600963728000605,176.16136301129532,0.0,0.696969696969697,0.696969696969697,0.26461282908508804,0,0,0.30303030303030304,0.7742245502597747
1786840393.3970654,467,18.64,7,walking,walking,walking,0,0.0,0.6,0.08827560982381742,0.01741394662536476,0.3847067616460242,1.055141411272071,7.2461863246927765,176.39051635739577,0.0,0.696969696969697,0.696969696969697,0.2635833192657544,0,0,0.30303030303030304,0.7837098783866921
1786840393.5462105,468,18.68,7,walking,walking,walking,0,0.0,0.6,0.08701681790929128,0.01790256953790158,0.3800177346783568,1.0628189949319118,6.217956423287465,176.33116819628918,0.0,0.696969696969697,0.696969696969697,0.26191954224245007,0,0,0.30303030303030304,0.7942039874795321
1786840393.6516063,469,18.72,7,walking,walking,walking,0,0.0,0.6,0.0926618738823386,0.019123654061249794,0.4023444201351316,1.086738161860731,5.0786604077713795,176.3867082649413,0.0,0.696969696969697,0.696969696969697,0.2607646380751075,0,0,0.30303030303030304,0.8067473298740231
1786840393.7593505,470,18.76,7,walking,walking,walking,0,0.0,0.6,0.09381345218693017,0.021828240910657028,0.3951339804043426,1.1131269780142037,4.102444944731787,176.36790366108548,0.0,0.696969696969697,0.696969696969697,0.25925119962960413,0,0,0.30303030303030304,0.8211684579269827
1786840393.8989909,471,18.8,7,standing,walking,walking,0,0.0,0.75,0.07326908912607215,0.02270117550037267,0.32657090221725216,1.1282276144300947,3.152238452470914,176.4336329427861,0.0,0.6666666666666666,0.6666666666666666,0.25530250128935517,0,0,0.3333333333333333,0.836425726965436
1786840394.0882828,472,18.84,7,standing,walking,walking,0,0.0,0.75,0.0472763868280992,0.023834580025889177,0.2536881320767245,1.1022341307757533,2.0770360320878956,176.42347200796445,0.0,0.6363636363636364,0.6363636363636364,0.25185677788584593,0,0,0.36363636363636365,0.8510578643444052
1786840394.2288146,473,18.88,7,standing,walking,walking,0,0.0,0.75,0.03550481654043141,0.02321021325307952,0.18840052190562578,1.0643267124017108,2.4813376525355446,175.92807951448629,0.0,0.6060606060606061,0.6060606060606061,0.24582407321675948,0,0,0.3939393939393939,0.86459396920153
1786840394.3257265,474,18.92,7,standing,walking,walking,0,0.0,0.75,0.039818026990201726,0.02354778436178512,0.15972511417713722,1.0602671255549367,3.4542290336176373,175.7628084219387,0.0,0.5757575757575758,0.5757575757575758,0.23908160567649306,0,0,0.42424242424242425,0.8777803473236998
1786840394.4432843,475,18.96,7,standing,standing,standing,0,0.0,0.75,0.03741543563110344,0.02624640495054305,0.11598075437334264,1.091085487963957,4.338770761716243,175.482238596424,0.0,0.5757575757575758,0.5757575757575758,0.2362669306860778,0,0,0.42424242424242425,0.8920936230058015
1786840394.5027819,476,19.0,7,standing,standing,standing,0,0.0,0.75,0.03980489748993701,0.029194132807440345,0.11189837292895968,1.0866102093404817,5.309555160331574,174.8988305608709,0.0,0.5757575757575758,0.5757575757575758,0.23427091334887626,0,0,0.42424242424242425,0.9066590251082068
1786840394.6810942,477,19.04,7,standing,standing,standing,0,0.0,0.75,0.03889049571564119,0.030728565700701555,0.09674697548092796,1.0956571536279236,6.0323307176312175,174.04153038869168,0.0,0.5757575757575758,0.5757575757575758,0.23255815225304335,0,0,0.42424242424242425,0.9212184445426678
1786840394.7681005,478,19.08,7,standing,standing,standing,0,0.0,0.75,0.03702704604908964,0.030930467907916814,0.08492457382910476,1.1051290808622782,6.641666314654765,173.47317407446403,0.0,0.5757575757575758,0.5757575757575758,0.23112685325634494,0,0,0.42424242424242425,0.9347880049435685
1786840394.8446088,479,19.12,7,standing,standing,standing,0,0.0,0.75,0.038825971141457374,0.02993392473520841,0.11323871446270145,1.080989927469661,7.177341853181581,172.8270305658192,0.0,0.5757575757575758,0.5757575757575758,0.23062047690828197,0,0,0.42424242424242425,0.9450814725388877
1786840394.9889963,480,19.16,7,standing,standing,standing,0,0.0,0.75,0.04151465768694261,0.028557820897733382,0.10829562330701907,1.0524234574092657,7.415899134717297,172.20034749819317,0.0,0.5757575757575758,0.5757575757575758,0.23038571053336518,0,0,0.42424242424242425,0.9522691758596903
1786840395.1376283,481,19.2,7,standing,standing,standing,0,0.0,0.75,0.04654914627841585,0.027555115608794093,0.11708271970284584,1.0299295862209332,7.4205670265823755,171.74333990278782,0.0,0.5757575757575758,0.5757575757575758,0.22981694485606116,0,0,0.42424242424242425,0.9590684940572887
1786840395.2340584,482,19.24,7,standing,standing,standing,0,0.0,0.75,0.05354252292231346,0.02794325376688393,0.11750479856686283,1.0070041822837181,7.185367032420106,171.59702107777088,0.0,0.5757575757575758,0.5757575757575758,0.2283842669990835,0,0,0.42424242424242425,0.9655953403382883
1786840395.3435128,483,19.28,7,standing,standing,standing,0,0.0,0.75,0.05577891456312261,0.027815141432044697,0.1326703643994048,0.9644695530119749,6.757348251695274,171.94021024832068,0.0,0.5757575757575758,0.5757575757575758,0.22601251666392957,0,0,0.42424242424242425,0.9709670589654646
1786840395.4326952,484,19.32,7,standing,standing,standing,0,0.0,0.75,0.06124309518320614,0.0297707314818537,0.14746566588709265,0.9020470210187934,6.069749797117376,171.97109810118724,0.0,0.5757575757575758,0.5757575757575758,0.2241270130720998,0,0,0.42424242424242425,0.9745090424045209
1786840395.5506144,485,19.36,7,standing,standing,standing,0,0.0,0.75,0.06086403645266144,0.029317557633475336,0.1435940909860649,0.8511275008238037,5.367505530209512,171.95883774854786,0.0,0.5454545454545454,0.5454545454545454,0.22197403887433706,0,0,0.45454545454545453,0.9762220903821975
1786840395.6823533,486,19.4,7,standing,standing,standing,0,0.0,0.75,0.06013796255716069,0.03582224449944427,0.15522808505729474,0.8215248116260391,4.59325230554378,171.9833517013665,0.0,0.5151515151515151,0.5151515151515151,0.22018681580690214,0,0,0.48484848484848486,0.9766921462718299
1786840395.8629272,487,19.44,7,standing,standing,standing,0,0.0,0.75,0.05688038745499319,0.040502778926694065,0.15199169406137497,0.771093741288961,4.02114140738652,172.25392598355415,0.0,0.48484848484848486,0.48484848484848486,0.21809099945938668,0,0,0.5151515151515151,0.9751490167017666
1786840395.9228327,488,19.48,7,standing,standing,standing,0,0.0,0.75,0.0519211775011224,0.0454183655935789,0.13328129826769147,0.7245142653674537,3.5541280365774517,172.52229930841588,0.0,0.45454545454545453,0.45454545454545453,0.2155172459905242,0,0,0.5454545454545454,0.972100502863431
1786840396.004333,489,19.52,7,standing,standing,standing,0,0.0,0.75,0.049396269153203526,0.05277894464111138,0.14329736157514,0.6994041914186211,3.341044198574894,173.22165103763547,0.0,0.42424242424242425,0.42424242424242425,0.21261621132320227,0,0,0.5757575757575758,0.9685612798535198
1786840396.1476765,490,19.56,7,standing,standing,standing,0,0.0,0.75,0.04599930524733708,0.054961254713416834,0.14943261517350098,0.6691537214586444,3.248509873610363,173.9048047257262,0.0,0.3939393939393939,0.3939393939393939,0.21069479755674228,0,0,0.6060606060606061,0.9643849785608327
1786840396.270537,491,19.6,7,standing,standing,standing,0,0.0,0.75,0.0386701351875364,0.05518989653215783,0.15950609736624205,0.6304414127916053,3.2891719927537637,174.3682982414958,0.0,0.36363636363636365,0.36363636363636365,0.2093247586713746,0,0,0.6363636363636364,0.9578660023772255
1786840396.3371274,492,19.64,7,standing,standing,standing,0,0.0,0.75,0.03203362826185611,0.05586159201161283,0.15017867810181534,0.5903680655648772,3.5452877845057906,174.62565013878339,0.0,0.3333333333333333,0.3333333333333333,0.20814999346571397,0,0,0.6666666666666666,0.9500338919070176
1786840396.5004187,493,19.68,7,standing,standing,standing,0,0.0,0.75,0.026475002353475104,0.05124238144206349,0.1454991604027414,0.5529266549349559,3.7884449775357525,174.7249375445577,0.0,0.30303030303030304,0.30303030303030304,0.20705852673193473,0,0,0.696969696969697,0.9410476811314986
1786840396.6279,494,19.72,7,standing,standing,standing,0,0.0,0.75,0.025453151201063038,0.047718615175430606,0.1514063555583069,0.5390466840404787,4.157508283835894,174.7721560634139,0.0,0.2727272727272727,0.2727272727272727,0.20619088847745914,0,0,0.7272727272727273,0.9314240633859866
1786840396.6927135,495,19.76,7,standing,standing,standing,0,0.0,0.75,0.023789350708861994,0.03868884468528234,0.14422452671514707,0.5280964230894718,4.52559075370034,175.09677983819336,0.0,0.24242424242424243,0.24242424242424243,0.20305754392233863,0,0,0.7575757575757576,0.9202846212230278
1786840396.8331778,496,19.8,7,standing,standing,standing,0,0.0,0.75,0.022695122341955445,0.03284115861488354,0.13343821281500265,0.50165602894394,4.849064616050614,175.58068685455353,0.0,0.21212121212121213,0.21212121212121213,0.1977122472329511,0,0,0.7878787878787878,0.9066069033849425
1786840396.9777508,497,19.84,7,standing,standing,standing,0,0.0,0.75,0.021819239787826523,0.026199210393986774,0.12702197925819245,0.4798039417248797,5.234251250981872,176.10116277208175,0.0,0.18181818181818182,0.18181818181818182,0.1903656145372368,0,0,0.8181818181818182,0.8917651325928571
1786840397.105545,498,19.88,7,standing,standing,standing,0,0.0,0.75,0.020760906437052733,0.01982435543618618,0.12119146897252074,0.45855186518686775,5.472019050089537,176.54439103153484,0.0,0.15151515151515152,0.15151515151515152,0.1831290747984471,0,0,0.8484848484848485,0.8763016320640783
1786840397.1898499,499,19.92,7,standing,standing,material_handling,1,1.0,0.75,0.017613741202478692,0.01822617487879998,0.11112607433499044,0.44172942502192114,5.5564269314871915,176.47451426784977,0.0,0.12121212121212122,0.12121212121212122,0.1744489039037843,0,1,0.8787878787878788,0.85902016732524
1786840397.3234234,500,19.96,7,standing,standing,material_handling,1,1.0,0.75,0.015518886086296368,0.017687026802607128,0.09359910874422374,0.42987109766775483,5.5656039452376636,176.37033609884554,0.0,0.09090909090909091,0.09090909090909091,0.16562745987645705,0,1,0.9090909090909091,0.8400725820645032
1786840397.3945858,501,20.0,7,idle,standing,material_handling,1,1.0,0.85,0.014718813517366681,0.016008770247399474,0.08788834755377833,0.4218828642783376,5.598401876905777,176.3186263867281,0.0,0.06060606060606061,0.06060606060606061,0.15677505420601526,0,1,0.9393939393939394,0.820650275075001
1786840397.5923026,502,20.04,7,idle,standing,material_handling,1,1.0,0.85,0.013592825947360497,0.018076224978661116,0.07330703554662937,0.4214005538719185,5.528084351490717,176.17717180823792,0.0,0.030303030303030304,0.030303030303030304,0.14680422437000004,0,1,0.9696969696969697,0.8004885293783703
1786840397.6623836,503,20.08,7,idle,standing,material_handling,1,1.0,0.85,0.012156676081487527,0.0193381437195563,0.0642454403421631,0.4305356893093479,5.362414860456271,175.95670611749787,0.0,0.0,0.0,0.13677729891357035,0,1,1.0,0.7798039448721624
1786840397.7757094,504,20.12,7,standing,standing,material_handling,1,1.0,0.75,0.012654551109266292,0.022374893729019636,0.053463307356016926,0.43454066902681604,4.923014920624217,175.887610518391,0.0,0.0,0.0,0.12850131119050262,0,1,1.0,0.7587831283447904
1786840397.9082243,505,20.16,7,standing,idle,material_handling,1,1.0,0.75,0.013112523727102945,0.023281735213767342,0.05496157041287517,0.42786894027725114,4.435576960550927,175.79436451158847,0.0,0.0,0.0,0.12247929417038597,0,1,1.0,0.7383478195418055
1786840397.990735,506,20.2,7,standing,idle,material_handling,1,1.0,0.75,0.016245354449755174,0.0251430252002926,0.052497578431145636,0.4154718508961793,3.892964393826581,175.71465929109414,0.0,0.0,0.0,0.1183610231560078,0,1,1.0,0.7186855510113349
1786840398.107861,507,20.24,7,standing,idle,material_handling,1,1.0,0.75,0.01666393330646625,0.02541366401647663,0.046113105736002205,0.40457436256635637,3.4643362437065806,175.42622524203415,0.0,0.0,0.0,0.11491823502142796,0,1,1.0,0.6988160733450142
1786840398.2834709,508,20.28,7,standing,standing,material_handling,1,1.0,0.75,0.018141897425665805,0.02772560769559303,0.03716729036972023,0.4022385605391087,3.074940159398938,174.79536470705347,0.0,0.0,0.0,0.11252994823343941,0,1,1.0,0.6779419240291097
1786840398.3862062,509,20.32,7,standing,standing,material_handling,1,1.0,0.75,0.019175264322364494,0.029608892238314772,0.039780504949049236,0.4036496163980704,2.6648288171811094,173.97254741884734,0.0,0.0,0.0,0.11034455829465424,0,1,1.0,0.6572461484854004
1786840398.4700944,510,20.36,7,standing,standing,material_handling,1,1.0,0.75,0.01913266620262772,0.04385310610507009,0.04116478378718169,0.40886058522652113,2.223999490233028,173.78276308017308,0.0,0.0,0.0,0.10866024945544979,0,1,1.0,0.6364341312611154
1786840398.664434,511,20.4,7,standing,standing,material_handling,1,1.0,0.75,0.02170837018140314,0.04847440298977523,0.04162135961310982,0.41592190076494384,1.774027053664105,174.12678433626357,0.0,0.0,0.0,0.10734803084284389,0,1,1.0,0.6155490651975598
1786840398.8124123,512,20.44,7,standing,standing,material_handling,1,1.0,0.75,0.024613799388656907,0.04745179883806174,0.04235983351674421,0.41967824577649215,1.47261351369148,174.33634605757968,0.0,0.0,0.0,0.10520018596569368,0,1,1.0,0.5955093172674638
1786840398.8760912,513,20.48,7,standing,standing,material_handling,1,1.0,0.75,0.03459863540158972,0.04762432420372534,0.051878320153780626,0.42212305777116904,1.436162576334545,174.6651408473011,0.0,0.0,0.0,0.10349057071862584,0,1,1.0,0.5764093051572186
1786840399.001757,514,20.52,7,standing,standing,material_handling,1,1.0,0.75,0.04333868791937228,0.04821091902460926,0.059081515543980584,0.4280080631413319,1.8448448221697205,174.83445932365643,0.0,0.0,0.0,0.1017329584713875,0,1,1.0,0.5581692590032911
1786840399.1724732,515,20.56,7,standing,standing,material_handling,1,1.0,0.75,0.04375797741717063,0.04858507882311798,0.062227191933759175,0.436295728014784,2.5744658530986833,174.8036528766549,0.0,0.0,0.0,0.10005787948250557,0,1,1.0,0.540875063419384
1786840399.2284768,516,20.6,7,standing,standing,material_handling,1,1.0,0.75,0.044303093800446315,0.04840279849519888,0.06599624374115612,0.4456257788397594,3.597897277622727,174.68001896149823,0.0,0.0,0.0,0.09803745158377075,0,1,1.0,0.5251525248081048
1786840399.3818054,517,20.64,7,standing,standing,material_handling,1,1.0,0.75,0.04796328991368695,0.046911481351508494,0.07394663066777006,0.455065525910194,4.77352187513912,174.94272698196215,0.0,0.0,0.0,0.09580960203167008,0,1,1.0,0.511607631016935
1786840399.5335274,518,20.68,7,standing,standing,standing,0,0.0,0.75,0.047923843028833187,0.04338431468302782,0.07312487653351779,0.4616246397293115,6.065190748037682,175.619374025434,0.0,0.0,0.0,0.09367417129068378,0,0,1.0,0.4998045140140716
1786840399.6258953,519,20.72,7,standing,standing,standing,0,0.0,0.75,0.04792187162340712,0.028206681842674997,0.0711111181413656,0.4633940530177765,7.478545237008258,176.55441887687937,0.0,0.0,0.0,0.0911251722932314,0,0,1.0,0.4889520667835182
1786840399.8158727,520,20.76,7,standing,standing,standing,0,0.0,0.75,0.04557524132237447,0.021878773021109164,0.06986511347605848,0.4587758186222972,8.79684613597453,176.69248198520546,0.0,0.0,0.0,0.0886364880330703,0,0,1.0,0.4794878873087708
1786840399.9805462,521,20.8,7,standing,standing,standing,0,0.0,0.75,0.04176219636951019,0.02425038593640294,0.0688229645912051,0.4541213552951137,10.008343928145749,176.36235907809632,0.0,0.0,0.0,0.0866832051943889,0,0,1.0,0.4712941627611241
1786840400.1151626,522,20.84,7,standing,standing,standing,0,0.0,0.75,0.03241242276199984,0.020484766398429024,0.05924588094088707,0.4511388260257673,10.963042277286323,176.274595639109,0.0,0.0,0.0,0.08413619062971456,0,0,1.0,0.46377096987043165
1786840400.2801285,523,20.88,7,standing,standing,standing,0,0.0,0.75,0.02596352989173988,0.021031008086318595,0.05160100537394267,0.44773037610353106,11.62799185003846,176.1198617347147,0.0,0.0,0.0,0.08117159639336431,0,0,1.0,0.4570611715263373
1786840400.3907735,524,20.92,7,standing,standing,standing,0,0.0,0.75,0.027027648363150646,0.019588858181219086,0.05170705316781448,0.44153847553873415,11.772984335701434,176.00723865640464,0.0,0.0,0.0,0.07790495869038165,0,0,1.0,0.45133684009443215
1786840400.5041323,525,20.96,7,standing,standing,standing,0,0.0,0.75,0.02827189720287007,0.01881255226585095,0.05229092508566232,0.4342282005796876,11.525094092885709,176.19595335061052,0.0,0.0,0.0,0.07493866314443763,0,0,1.0,0.44660532903427486
1786840400.650874,526,21.0,7,standing,standing,standing,0,0.0,0.75,0.028931517119157694,0.01820107771920351,0.05499330675515065,0.42677605876430275,10.994244857608187,176.41803054691604,0.0,0.0,0.0,0.07219606151875305,0,0,1.0,0.4427825836957702
1786840400.727303,527,21.04,7,standing,standing,standing,0,0.0,0.75,0.03356445171071176,0.01796767774759526,0.08437975129035793,0.4289407090071524,10.077790201556045,176.53902940761063,0.0,0.0,0.0,0.07016495229851218,0,0,1.0,0.4394460389977906
1786840400.8317783,528,21.08,7,standing,standing,standing,0,0.0,0.75,0.03695036891915288,0.021939961950338132,0.11174381290319192,0.4498416736025189,9.003061562100763,176.30570419161577,0.0,0.0,0.0,0.06918068824360445,0,0,1.0,0.43707468295273144
1786840400.9338884,529,21.12,7,standing,standing,standing,0,0.0,0.75,0.03897383508314134,0.021909683276917648,0.1260279506971003,0.4802370767646552,7.799901715118485,176.09635549437246,0.0,0.0,0.0,0.06895613484609225,0,0,1.0,0.4364256237957834
1786840401.0505328,530,21.16,7,standing,standing,standing,0,0.0,0.75,0.04040926658540614,0.020651393744541707,0.12389818622444206,0.5131140761232483,6.660828212711843,176.12390161406591,0.0,0.0,0.0,0.06886147445113013,0,0,1.0,0.43743502180785515
1786840401.1130636,531,21.2,7,standing,standing,standing,0,0.0,0.75,0.039446591425624664,0.02036373694459385,0.12770184054067407,0.5475543325120449,5.509562422898868,176.13077936394149,0.0,0.0,0.0,0.06905875843804384,0,0,1.0,0.44013206627225454
1786840401.317266,532,21.24,7,standing,standing,standing,0,0.0,0.75,0.03670081077417364,0.020500386956044017,0.12824281105651053,0.578969525967997,4.523669972191371,176.06102873491426,0.0,0.0,0.0,0.06957744742960507,0,0,1.0,0.44429085721001443
1786840401.4215689,533,21.28,7,standing,standing,standing,0,0.0,0.75,0.031584248674805665,0.019258988719933926,0.12347141875784629,0.6112399857501366,3.631087381501845,176.19716890384137,0.0,0.0,0.0,0.0704826689451694,0,0,1.0,0.44978688412160167
1786840401.4921033,534,21.32,7,standing,standing,standing,0,0.0,0.75,0.02675198703759264,0.019564548723366843,0.1193141140597172,0.645648506521211,3.006622462079677,176.14492144974088,0.0,0.0,0.0,0.07143496489989482,0,0,1.0,0.4565676611592645
1786840401.6518455,535,21.36,7,standing,standing,standing,0,0.0,0.75,0.02136748924710154,0.022475564435438713,0.11293727652262642,0.6840057649416809,2.521325985931403,175.9724115601107,0.0,0.0,0.0,0.07263588129310683,0,0,1.0,0.46452539482804517
1786840401.7328012,536,21.4,7,standing,standing,standing,0,0.0,0.75,0.01655286359123299,0.022977911481549165,0.08134371171639185,0.7261539968510506,2.144441064177809,175.88034440511714,0.0,0.0,0.0,0.07315401072868953,0,0,1.0,0.4734835253596119
1786840401.8215353,537,21.44,7,idle,standing,standing,0,0.0,0.85,0.013971476897680305,0.019086723308339385,0.05329767340519184,0.7588177909081304,1.9230054117145983,175.6728111239687,0.0,0.0,0.0,0.07314899151805845,0,0,1.0,0.48331010481056086
1786840402.0110984,538,21.48,7,idle,standing,standing,0,0.0,0.85,0.012799633073035015,0.019351797828807957,0.03911707451788551,0.7756482180953183,1.8531601660240369,175.73253419503288,0.0,0.0,0.0,0.07266885527881636,0,0,1.0,0.49384887080504786
1786840402.1160016,539,21.52,7,idle,standing,material_handling,1,1.0,0.85,0.012114650201252113,0.01808119470542152,0.039244910744829754,0.7826412885761568,1.8533253952621433,175.85774389044806,0.0,0.0,0.0,0.07226725928832194,0,1,1.0,0.5049752174014107
1786840402.228911,540,21.56,7,idle,standing,material_handling,1,1.0,0.85,0.012924777235312514,0.018773859841069607,0.040182983032499266,0.7853772393775518,1.8432393583773112,175.78128680775214,0.0,0.0,0.0,0.072087558600337,0,1,1.0,0.5165146985169016
1786840402.3093956,541,21.6,7,idle,idle,material_handling,1,1.0,0.85,0.012442473281124975,0.015881789326519017,0.038477849654881595,0.7825855135386628,1.9171746366968396,175.65947561267393,0.0,0.0,0.0,0.07212727251806916,0,1,1.0,0.5280403637593122
1786840402.4389782,542,21.64,7,idle,idle,material_handling,1,1.0,0.85,0.013320340288667111,0.01760000504653408,0.03985163992358625,0.7791247118041655,1.957745145360502,175.6490486226685,0.0,0.0,0.0,0.07212942812335817,0,1,1.0,0.5394183969534363
1786840402.551333,543,21.68,7,idle,idle,material_handling,1,1.0,0.85,0.013687316741601223,0.017522584363549837,0.0411995276693187,0.7722036044060971,2.04274748346961,175.51016532390548,0.0,0.0,0.0,0.0721304809682714,0,1,1.0,0.5504287914740296
1786840402.657459,544,21.72,7,idle,idle,material_handling,1,1.0,0.85,0.01354558917562245,0.013928860729879268,0.04386326553017053,0.7584183180723216,2.1214156498441272,175.60203456129284,0.0,0.0,0.0,0.07219841751121264,0,1,1.0,0.5608074707863743
1786840402.7189927,545,21.76,7,idle,idle,material_handling,1,1.0,0.85,0.012164656365824884,0.014280405875031635,0.052985209520543294,0.7424610427603712,2.220243936709765,175.65402339180076,0.0,0.0,0.0,0.07252039860223684,0,1,1.0,0.5705887676646736
1786840402.8522,546,21.8,7,idle,idle,material_handling,1,1.0,0.85,0.010974626606642467,0.015057139092816332,0.050421562149318776,0.726970660693241,2.3050875749887325,175.74305605917135,0.0,0.0,0.0,0.07247625442028345,0,1,1.0,0.5798265738138273
1786840403.0076466,547,21.84,7,idle,idle,material_handling,1,1.0,0.85,0.009677126412183025,0.014365714285846471,0.05246519875948618,0.7177945551856171,2.4101875162160615,175.78364015682973,0.0,0.0,0.0,0.07227575997226847,0,1,1.0,0.5886079826636542
1786840403.1405346,548,21.88,7,idle,idle,material_handling,1,1.0,0.85,0.008869910430118108,0.015325277836396839,0.05628315172433843,0.7120314163201898,2.46620151715857,175.81437445236676,0.0,0.0,0.0,0.07209563754167997,0,1,1.0,0.5969636095819998
1786840403.2766597,549,21.92,7,idle,idle,material_handling,1,1.0,0.85,0.0075097667685891534,0.015839935249039993,0.05970311188404401,0.715169874431418,2.50844240000563,175.69333499253963,0.0,0.0,0.0,0.07190493657631294,0,1,1.0,0.6051316124787167
1786840403.3816397,550,21.96,7,idle,idle,material_handling,1,1.0,0.85,0.008034802648736659,0.017195090752047133,0.06389493309363911,0.7258518295574881,2.522729492791602,175.72931580464996,0.0,0.0,0.0,0.07160033968012715,0,1,1.0,0.6133372580437862
1786840403.5066042,551,22.0,7,idle,idle,material_handling,1,1.0,0.85,0.007693896681290641,0.017585343383082,0.06682729710937024,0.7440254623757092,2.6203812333048084,175.79890582179468,0.0,0.0,0.0,0.07140950394000148,0,1,1.0,0.6218948587300407
1786840403.61089,552,22.04,7,idle,idle,material_handling,1,1.0,0.85,0.008419996350614876,0.017520308060877492,0.0714004031352242,0.7646426756541593,2.6486082584069393,175.7001033166933,0.0,0.0,0.0,0.07141827015193658,0,1,1.0,0.6310236048705372
1786840403.782342,553,22.08,7,idle,idle,material_handling,1,1.0,0.85,0.008005597067828647,0.017233037226561557,0.07851688326244817,0.7804716506277717,2.4561320450048063,175.71382150555573,0.0,0.0,0.0,0.07168044499394838,0,1,1.0,0.6407719634161576
1786840403.889727,554,22.12,7,idle,idle,material_handling,1,1.0,0.85,0.012037640149845562,0.019747205677999233,0.1067763808338818,0.8318588903506223,2.3736063898893227,175.49872049596576,0.0,0.0,0.0,0.07283054851645375,0,1,1.0,0.6522185553875367
1786840403.9611018,555,22.16,7,standing,idle,material_handling,1,1.0,0.75,0.012480785900551713,0.0244626725547077,0.1503486556922814,0.850937542712261,2.3767266576252424,175.39187527169696,0.0,0.0,0.0,0.07559123866043539,0,1,1.0,0.6643336680144001
1786840404.1308115,556,22.2,7,standing,idle,material_handling,1,1.0,0.75,0.014714128429711475,0.0261006156706539,0.18107254999704236,0.8921330670653104,2.438148550494636,175.29711817104595,0.0,0.0,0.0,0.07951461880052933,0,1,1.0,0.6778004162253631
1786840404.2596157,557,22.24,7,standing,idle,material_handling,1,1.0,0.75,0.014020464478979295,0.02585804283760272,0.22930578944975646,0.8823566804864391,2.446854279561195,175.3517005129219,0.0,0.0,0.0,0.08489639868786088,0,1,1.0,0.6911585436480208
1786840404.3794782,558,22.28,7,standing,idle,material_handling,1,1.0,0.75,0.014425466448769445,0.026187083946674714,0.25789566763549077,0.8510533964313398,2.5456386413369634,175.3410092139523,0.0,0.0,0.0,0.09112684543179508,0,1,1.0,0.7037896101889801
1786840404.5340207,559,22.32,7,standing,standing,material_handling,1,1.0,0.75,0.014288230530548769,0.029862399588391528,0.2910690746718375,0.8476663169172161,2.554045538902998,175.39807550861397,0.0,0.0,0.0,0.0982806565807856,0,1,1.0,0.7165438604360381
1786840404.6281745,560,22.36,7,standing,standing,material_handling,1,1.0,0.75,0.014407022182659756,0.03127094509466207,0.31629934198891774,0.8153339799748341,2.608019497751107,175.47845734150093,0.0,0.0,0.0,0.10530852296559044,0,1,1.0,0.7282527474350587
1786840404.745005,561,22.4,7,standing,standing,material_handling,1,1.0,0.75,0.014613691641914582,0.03143818666173163,0.3195675661515256,0.7619659606519422,2.527681282114861,175.7429831133565,0.0,0.0,0.0,0.1116062124579642,0,1,1.0,0.7377110591638291
1786840404.9270132,562,22.44,7,standing,standing,material_handling,1,1.0,0.75,0.019495734980498624,0.03445849163785645,0.31817981713324744,0.7144190011470466,2.5945778869016403,175.96979317495826,0.0,0.0,0.0,0.1174289962893626,0,1,1.0,0.7448074811148105
1786840404.9936671,563,22.48,7,standing,standing,material_handling,1,1.0,0.75,0.019368370790837492,0.03186723335485027,0.28190000092526885,0.6763656712491681,2.921089072254939,176.0474888024766,0.0,0.0,0.0,0.12221693006817554,0,1,1.0,0.7497544991489294
1786840405.060295,564,22.52,7,standing,standing,material_handling,1,1.0,0.75,0.01893286325873226,0.030686392294234272,0.2417702276571426,0.606729942736803,3.161866032837201,176.07551830522434,0.0,0.0,0.0,0.12567354785958365,0,1,1.0,0.7515476994587704
1786840405.2485864,565,22.56,7,standing,standing,material_handling,1,1.0,0.75,0.01667939045518437,0.02884423578818085,0.207590476277698,0.5664629739213027,3.2795829328247685,176.1183135922597,0.0,0.0,0.0,0.128078022563256,0,1,1.0,0.7511687130331132
1786840405.312421,566,22.6,7,standing,standing,material_handling,1,1.0,0.75,0.017642469860939123,0.028864581119056702,0.161581904194971,0.5001229955847496,3.316966802546788,176.178295168087,0.0,0.0,0.0,0.1292328857583204,0,1,1.0,0.7478015315129499
1786840405.4240725,567,22.64,7,standing,standing,material_handling,1,1.0,0.75,0.01739032385495103,0.02734427918040064,0.12851873152313956,0.47635244150256223,3.377978294540939,176.10447946378005,0.0,0.0,0.0,0.1295118135602423,0,1,1.0,0.7426713477245059
1786840405.5663066,568,22.68,7,standing,standing,material_handling,1,1.0,0.75,0.017322268002524496,0.02279590917127574,0.092395231516831,0.4703045369558361,3.3445030222158345,176.1005934352405,0.0,0.0,0.0,0.12888932734794545,0,1,1.0,0.7361955529370563
1786840405.6848023,569,22.72,7,standing,standing,material_handling,1,1.0,0.75,0.0168500928620629,0.019707627745897665,0.06336491896790217,0.42827267889902165,3.3539310832896363,176.05612781523837,0.0,0.0,0.0,0.12834451544647607,0,1,1.0,0.7271688463324492
1786840405.8023896,570,22.76,7,standing,standing,material_handling,1,1.0,0.75,0.015458255063210774,0.019391716172145763,0.05766587544832549,0.4101048456267476,3.2768049001946595,176.01577963886103,0.0,0.0,0.0,0.12847688520535888,0,1,1.0,0.7166017873845285
1786840405.9362712,571,22.8,7,idle,standing,material_handling,1,1.0,0.85,0.010301887568674064,0.016528100606347237,0.046565369689764075,0.40727169516358075,3.1851200073294104,175.71480365986673,0.0,0.0,0.0,0.12870259111965826,0,1,1.0,0.7054388624472032
1786840406.0119693,572,22.84,7,idle,standing,material_handling,1,1.0,0.85,0.007315764238667324,0.01566275660580634,0.044466283547925006,0.39746291369127923,3.0194603105763034,175.60243494879393,0.0,0.0,0.0,0.12886081453793385,0,1,1.0,0.6937667904809947
1786840406.0879898,573,22.88,7,idle,standing,material_handling,1,1.0,0.85,0.006996464678796299,0.01274280261145667,0.039837961008631656,0.38586973843752853,2.8155307483404113,175.47164705774273,0.0,0.0,0.0,0.12885035932508937,0,1,1.0,0.6816605025737213
1786840406.236008,574,22.92,7,idle,standing,material_handling,1,1.0,0.85,0.007217062817066092,0.014881985306404071,0.04064529441207303,0.37678830807477653,2.5887255872098924,175.5738334097512,0.0,0.0,0.0,0.1289160394692467,0,1,1.0,0.6693636175596642
1786840406.3003109,575,22.96,7,idle,idle,material_handling,1,1.0,0.85,0.006679344943573359,0.014842346618275064,0.03789911254129686,0.3696074207924499,2.40389918176012,175.61743076329398,0.0,0.0,0.0,0.12885687197281367,0,1,1.0,0.6569540026805212
1786840406.5125124,576,23.0,7,idle,idle,material_handling,1,1.0,0.85,0.0059530009887709436,0.015870014063625985,0.03538769849004411,0.3653932496869267,2.232589287663227,175.60419079923304,0.0,0.0,0.0,0.1286807559370781,0,1,1.0,0.6446264161738798
1786840406.6321204,577,23.04,7,idle,idle,material_handling,1,1.0,0.85,0.00620545876338054,0.01742978611095521,0.04087817346886776,0.36661139390441316,2.056298954460391,175.56568938999447,0.0,0.0,0.0,0.12859029860188712,0,1,1.0,0.6327534790778825
1786840406.7468193,578,23.08,7,standing,idle,material_handling,1,1.0,0.75,0.008335852597778293,0.020579487807171715,0.04504194829399402,0.3705319179470413,1.9539897176063366,175.29874216575314,0.0,0.0,0.0,0.12834959371623408,0,1,1.0,0.6214828995380847
1786840406.8213735,579,23.12,7,idle,idle,material_handling,1,1.0,0.85,0.00937537366761515,0.01960464402783433,0.04087713167110391,0.37312284213642805,1.8671802641178843,175.14572538876683,0.0,0.0,0.0,0.1280603685502276,0,1,1.0,0.6107602383696964
1786840406.9113326,580,23.16,7,idle,idle,material_handling,1,1.0,0.85,0.010739028770316189,0.018932266158041094,0.07012663382780389,0.38114570733191044,1.9259763323231311,175.1003306158374,0.0,0.0,0.0,0.12859556355229781,0,1,1.0,0.6005587581317053
1786840406.9962912,581,23.2,7,standing,idle,material_handling,1,1.0,0.75,0.012009705188491373,0.020693115001286524,0.08541965854134574,0.39725959788145204,2.0305517130795034,175.18130730982267,0.0,0.0,0.0,0.12947848800129805,0,1,1.0,0.5910202181790163
1786840407.1112595,582,23.24,7,idle,idle,material_handling,1,1.0,0.85,0.011617481747525485,0.01963578580855588,0.10211648127119714,0.4253408968229282,2.3211542842485273,174.99772846759086,0.0,0.0,0.0,0.13076374161909055,0,1,1.0,0.5822375218878499
1786840407.2325869,583,23.28,7,idle,idle,material_handling,1,1.0,0.85,0.012509502251532944,0.019393756746164212,0.11349785038550096,0.4625253716761598,2.453813416648044,174.97689209220403,0.0,0.0,0.0,0.1322668603249046,0,1,1.0,0.5742579322550825
1786840407.3654418,584,23.32,7,idle,idle,material_handling,1,1.0,0.85,0.014712317151928537,0.019518769441515496,0.1121406694185668,0.501066571385915,2.7952075170065345,174.92131772852863,0.0,0.0,0.0,0.13363999281912264,0,1,1.0,0.566895541619028
1786840407.4256802,585,23.36,7,idle,idle,material_handling,1,1.0,0.85,0.014812063600811566,0.01904046292015771,0.10987097919979326,0.540820173656264,3.1713071499863474,174.92114098514588,0.0,0.0,0.0,0.1348057678513823,0,1,1.0,0.5601130415584858
1786840407.7311397,586,23.4,7,standing,idle,material_handling,1,1.0,0.75,0.016115677984609132,0.0192666382966518,0.11087450198675679,0.5882771408168838,3.4118308764459515,174.89191612924816,0.0,0.0,0.0,0.13578630175211895,0,1,1.0,0.5542889655036105
1786840407.8405387,587,23.44,7,standing,idle,material_handling,1,1.0,0.75,0.0150353474423507,0.015897030175692006,0.11022738932450572,0.6414039844934862,3.6196068725143897,174.9374342135671,0.0,0.0,0.0,0.13589087776698636,0,1,1.0,0.5485176047200608
1786840407.9252076,588,23.48,7,standing,idle,material_handling,1,1.0,0.75,0.015847585477245685,0.018220043627343085,0.12675102961644877,0.6905208375768147,3.6170427226447606,174.84733488992237,0.0,0.0,0.0,0.13517579818893077,0,1,1.0,0.5436564924432291
1786840408.1158679,589,23.52,7,idle,idle,material_handling,1,1.0,0.85,0.013908951575776065,0.01951830270453724,0.10121044259463048,0.7404960064452554,3.5172201478974983,174.74990905591295,0.0,0.0,0.0,0.1327557343282516,0,1,1.0,0.5390614300001971
1786840408.2155848,590,23.56,7,standing,standing,material_handling,1,1.0,0.75,0.0157697463535066,0.01903612472396568,0.09978595006521261,0.7761464057911163,3.533264773851638,174.53449128571268,0.0,0.0,0.0,0.1288308907105382,0,1,1.0,0.5358429368276115
1786840408.3143613,591,23.6,7,standing,standing,material_handling,1,1.0,0.75,0.02169879816034317,0.01999465322719356,0.10394489455787671,0.8073162388683915,3.632801538729587,174.28614745644418,0.0,0.0,0.0,0.12416571576879232,0,1,1.0,0.534517568416613
1786840408.4610655,592,23.64,7,standing,standing,material_handling,1,1.0,0.75,0.021933395061617376,0.017889867343773607,0.10124929880822622,0.8183658658400423,3.4258949681100197,174.26867110040234,0.0,0.0,0.0,0.11841360134868288,0,1,1.0,0.533629675959729
1786840408.530368,593,23.68,7,standing,standing,material_handling,1,1.0,0.75,0.02086949215879176,0.017398404178254688,0.11120526099371787,0.8111871977271857,3.4819847780587017,174.04724417201592,0.0,0.0,0.0,0.11219862919731317,0,1,1.0,0.5335040158916184
1786840408.6245494,594,23.72,7,standing,standing,material_handling,1,1.0,0.75,0.02189131316783272,0.018068131241142017,0.1308423786091048,0.7890348134297394,3.4762649678952755,173.83958586554098,0.0,0.0,0.0,0.10647968412027013,0,1,1.0,0.5343242841576124
1786840408.8229332,595,23.76,7,standing,standing,material_handling,1,1.0,0.75,0.022033211463650608,0.017934733925854277,0.14748127832076355,0.7736373307967683,3.669890026340034,173.81810277609148,0.0,0.0,0.0,0.10130700112595244,0,1,1.0,0.5361187789954825
1786840408.9293742,596,23.8,7,standing,standing,material_handling,1,1.0,0.75,0.02332719870579248,0.018693830640017575,0.15939679990089387,0.7469725171079296,4.2172302429070525,173.78633143935173,0.0,0.0,0.0,0.09759478291309259,0,1,1.0,0.5382583803851422
1786840409.0031433,597,23.84,7,standing,standing,material_handling,1,1.0,0.75,0.02210013269153572,0.017933541813372735,0.1569773411413974,0.6962609614182129,4.928567488835422,173.59757287919436,0.0,0.0,0.0,0.09502530150352455,0,1,1.0,0.540971441557306
1786840409.1954973,598,23.88,7,standing,standing,material_handling,1,1.0,0.75,0.02544946967609625,0.022105004223979808,0.16486731279456404,0.65123994620473,6.258775955298903,173.86187865541578,0.0,0.0,0.0,0.09373066018585383,0,1,1.0,0.5435404407174098
1786840409.2802248,599,23.92,7,standing,standing,material_handling,1,1.0,0.75,0.02307077717301825,0.023601437677606578,0.16710317412428427,0.6101454515916529,7.81427525504696,174.11096530635587,0.0,0.0,0.0,0.09389797139583302,0,1,1.0,0.5468744545358009
1786840409.3413916,600,23.96,7,standing,standing,material_handling,1,1.0,0.75,0.019314400735150894,0.0517822308820589,0.16538343528571298,0.5821596297934883,9.633836319758997,174.03345931566807,0.0,0.0,0.0,0.09501508363106251,0,1,1.0,0.5500807329688593
1786840409.484448,601,24.0,7,walking,standing,material_handling,1,1.0,0.6,0.022894246053536897,0.07939858709724408,0.16423376343656443,0.5521176584114535,11.439161822360166,174.57014735659408,0.0,0.030303030303030304,0.030303030303030304,0.09719200884075141,0,1,0.9696969696969697,0.5525599184675143
1786840409.5794249,602,24.04,7,walking,standing,material_handling,1,1.0,0.6,0.022218209473579394,0.08780546691940877,0.1576715724656492,0.5362131364731065,13.549334205367746,174.9358590741492,0.0,0.06060606060606061,0.06060606060606061,0.10004978621947101,0,1,0.9393939393939394,0.5558308414243047
1786840409.6978793,603,24.08,7,walking,standing,material_handling,1,1.0,0.6,0.022603551933154966,0.09005967982124663,0.14022610988070172,0.5270649812338155,15.398112671072676,174.9288669552799,0.0,0.09090909090909091,0.09090909090909091,0.10255161150530058,0,1,0.9090909090909091,0.5593750879578524
1786840409.7779026,604,24.12,7,walking,standing,material_handling,1,1.0,0.6,0.023684025408959558,0.10010824207411538,0.12428474526714638,0.5217524518954788,17.112683166143558,175.33361237772198,0.0,0.12121212121212122,0.12121212121212122,0.1049067440985546,0,1,0.8787878787878788,0.5628442017982129
1786840409.9315462,605,24.16,7,walking,walking,material_handling,1,1.0,0.6,0.02317535633742566,0.10409157075042853,0.1183132970159936,0.49813060992791885,18.37204823669481,175.45067583278885,0.0,0.15151515151515152,0.15151515151515152,0.10714453238546577,0,1,0.8484848484848485,0.565894738047808
1786840409.992449,606,24.2,7,walking,walking,material_handling,1,1.0,0.6,0.024387903052517906,0.1051603279471543,0.10389005794058158,0.4744009873839916,19.24789848544949,175.75455158844827,0.0,0.18181818181818182,0.18181818181818182,0.10908550501976728,0,1,0.8181818181818182,0.5685775031673979
1786840410.1207695,607,24.24,7,walking,walking,material_handling,1,1.0,0.6,0.0262615288831787,0.1056637772051622,0.1002919447658812,0.4648171024141988,19.653399095837596,176.05649235786274,0.0,0.21212121212121213,0.21212121212121213,0.11089297927291297,0,1,0.7878787878787878,0.5712450423898044
1786840410.2118413,608,24.28,7,walking,walking,material_handling,1,1.0,0.6,0.027035813711440204,0.10559851646029525,0.09211375993900182,0.4560758588225388,19.367404541382218,176.25870457170004,0.0,0.24242424242424243,0.24242424242424243,0.11253584737587374,0,1,0.7575757575757576,0.5738652980876862
1786840410.3985705,609,24.32,7,walking,walking,material_handling,1,1.0,0.6,0.03184464740073544,0.0796253035468039,0.07856510181144517,0.44796572642364263,18.639144357711686,176.3531512871976,0.0,0.2727272727272727,0.2727272727272727,0.11384425353712833,0,1,0.7272727272727273,0.576367494352435
1786840410.5057387,610,24.36,7,standing,walking,material_handling,1,1.0,0.75,0.033486606726450735,0.05293694664540229,0.07905681553016504,0.44100104087286995,17.253145823875876,176.81758940660285,0.0,0.2727272727272727,0.2727272727272727,0.11500118208444038,0,1,0.7272727272727273,0.5786217260787518
1786840410.589734,611,24.4,7,standing,walking,material_handling,1,1.0,0.75,0.04705404413659204,0.04947558402329377,0.09477194489431878,0.43112961350894674,15.846846827926608,176.6537274174055,0.0,0.2727272727272727,0.2727272727272727,0.11650815167838961,0,1,0.7272727272727273,0.5804580198836581
1786840410.7324028,612,24.44,7,standing,walking,material_handling,1,1.0,0.75,0.05193814214481524,0.053845355387067514,0.10151417471100095,0.4098302274468975,14.519390364723012,176.40910012444644,0.0,0.2727272727272727,0.2727272727272727,0.11834563783111376,0,1,0.7272727272727273,0.5815703648930662
1786840410.860398,613,24.48,7,standing,walking,material_handling,1,1.0,0.75,0.050470279022439724,0.050833470507255535,0.09654141500727938,0.3876914554178304,13.277727110943427,176.4841830760024,0.0,0.2727272727272727,0.2727272727272727,0.11914608574564332,0,1,0.7272727272727273,0.5817687208956698
1786840410.9587715,614,24.52,7,standing,standing,material_handling,1,1.0,0.75,0.05128615640155431,0.05743809954361481,0.09397397617367118,0.37088592199175874,12.527579753032708,176.0805963109875,0.0,0.2727272727272727,0.2727272727272727,0.11940530749207742,0,1,0.7272727272727273,0.5809695185959821
1786840411.0573301,615,24.56,7,standing,standing,material_handling,1,1.0,0.75,0.05368613412903843,0.056909158439270184,0.09506172477012895,0.35981820052561797,12.252062650505902,175.95629071808753,0.0,0.2727272727272727,0.2727272727272727,0.11919152699204506,0,1,0.7272727272727273,0.5789839823445485
1786840411.1657586,616,24.6,7,standing,standing,material_handling,1,1.0,0.75,0.053752780790094254,0.0534960524559977,0.10205609287583142,0.3573655501584242,12.80360212877306,175.64802673992656,0.0,0.2727272727272727,0.2727272727272727,0.11884480706750962,0,1,0.7272727272727273,0.5757973210864353
1786840411.2246969,617,24.64,7,standing,standing,material_handling,1,1.0,0.75,0.055774963503980084,0.05808010881256149,0.10957154976326157,0.3718544971170297,14.907207731296353,175.5591147808592,0.0,0.2727272727272727,0.2727272727272727,0.11876695495674278,0,1,0.7272727272727273,0.5718818036843479
1786840411.391547,618,24.68,7,standing,standing,material_handling,1,1.0,0.75,0.05363758872254143,0.057013914076023915,0.11706972369850524,0.39341810494197793,17.77793143231211,175.5940740030476,0.0,0.2727272727272727,0.2727272727272727,0.11898509872943103,0,1,0.7272727272727273,0.5674150743293697
1786840411.5303395,619,24.72,7,standing,standing,material_handling,1,1.0,0.75,0.05446310822314821,0.057985309135723306,0.11772265784649447,0.414214808410278,21.3546586918383,175.6682454963929,0.0,0.2727272727272727,0.2727272727272727,0.11919261860396853,0,1,0.7272727272727273,0.562140458195836
1786840411.642788,620,24.76,7,standing,standing,material_handling,1,1.0,0.75,0.0512558278085872,0.055423218538396365,0.11291759942468989,0.44148812998685044,25.417802709971635,175.62975847886736,0.0,0.2727272727272727,0.2727272727272727,0.11927414012215591,0,1,0.7272727272727273,0.5560824019986652
1786840411.6962523,621,24.8,7,standing,standing,material_handling,1,1.0,0.75,0.051520042450551,0.05163692558754294,0.10893029807016522,0.48707473830964076,30.364621999308646,175.4378866211271,0.0,0.2727272727272727,0.2727272727272727,0.11873411795408673,0,1,0.7272727272727273,0.5499173686875388
1786840411.8714542,622,24.84,7,bending,standing,material_handling,1,1.0,0.5908208381623373,0.054964280289778934,0.04423837760098972,0.10709186438553825,0.5373027326402339,35.44925028974024,175.37652770162714,0.030303030303030304,0.2727272727272727,0.30303030303030304,0.1189123428568415,0,1,0.696969696969697,0.5437599967540532
1786840411.9467335,623,24.88,7,bending,standing,material_handling,1,1.0,0.6772832934650683,0.054782286246556344,0.034961913568527604,0.10049235213476503,0.5877142065057168,40.6369976079041,175.3754770943331,0.06060606060606061,0.2727272727272727,0.3333333333333333,0.11893374898016128,0,1,0.6666666666666666,0.5380499301090411
1786840412.1258624,624,24.92,7,bending,standing,material_handling,1,1.0,0.7574333624681338,0.054098734487883694,0.03516136537653767,0.10460730063851731,0.6406678736939815,45.44600174808802,175.40554551280877,0.09090909090909091,0.2727272727272727,0.36363636363636365,0.11895382189169583,0,1,0.6363636363636364,0.5329999796492105
1786840412.2718444,625,24.96,7,bending,standing,material_handling,1,1.0,0.8349231339164789,0.04931977689342272,0.03835645034917393,0.09084097999540536,0.6964521346657124,50.09538803498873,175.13051910618532,0.12121212121212122,0.2727272727272727,0.3939393939393939,0.11863841829130732,1,0,0.6060606060606061,0.5293056241590793
1786840412.3234258,626,25.0,7,bending,bending,material_handling,1,1.0,0.9092357423331202,0.04695753052474721,0.037355794260201164,0.08635109646073187,0.7597472175395386,54.55414453998721,174.87147457958548,0.15151515151515152,0.2727272727272727,0.42424242424242425,0.11788526179030774,1,0,0.5757575757575758,0.5277468368806658
1786840412.4165237,627,25.04,7,bending,bending,material_handling,1,1.0,0.9693338972933244,0.0481721891890848,0.035403989400211805,0.08411512265844745,0.8131101066583574,58.160033837599464,174.62856819772372,0.18181818181818182,0.2727272727272727,0.45454545454545453,0.11646928433725752,1,0,0.5454545454545454,0.5284763912209269
1786840412.563155,628,25.08,7,bending,bending,material_handling,1,1.0,1.0,0.042705433796049894,0.03509935608779226,0.0766979361575139,0.8464211355394016,61.15134226495893,174.32208233616512,0.21212121212121213,0.2727272727272727,0.48484848484848486,0.1143243345747348,1,0,0.5151515151515151,0.5306819610616128
1786840412.6221673,629,25.12,7,bending,bending,material_handling,1,1.0,1.0,0.03202400529107591,0.03294937891413619,0.06419875575553072,0.8803453318881509,63.903252910671426,173.77621921479655,0.24242424242424243,0.2727272727272727,0.5151515151515151,0.11143954535820866,1,0,0.48484848484848486,0.5347235615094983
1786840412.7601721,630,25.16,7,bending,bending,material_handling,1,1.0,1.0,0.029664211768503465,0.03276520460585552,0.060648932104400574,0.8949252825720269,66.40629814391747,173.28602462850785,0.2727272727272727,0.2727272727272727,0.5454545454545454,0.10852050266011783,1,0,0.45454545454545453,0.5407436924535534
1786840412.8489614,631,25.2,7,bending,bending,material_handling,1,1.0,1.0,0.02696686115749684,0.035020551331051544,0.061877581889026936,0.8849900322879499,67.83356952703039,173.2513552501198,0.30303030303030304,0.2727272727272727,0.5757575757575758,0.10539960172358642,1,0,0.42424242424242425,0.5478270283954689
1786840413.027956,632,25.24,7,bending,bending,material_handling,1,1.0,1.0,0.02677360664255497,0.03307239305125859,0.061144857270471614,0.8799745920502137,69.08901632994595,173.07680526278526,0.3333333333333333,0.2727272727272727,0.6060606060606061,0.10218874363710724,1,0,0.3939393939393939,0.5560036690154254
1786840413.0787365,633,25.28,7,bending,bending,bending,0,0.0,1.0,0.02564904541738765,0.030969313426796548,0.05612489661762911,0.8742608251217758,70.21847298243527,172.9237561952445,0.36363636363636365,0.2727272727272727,0.6363636363636364,0.09887787882898348,0,0,0.36363636363636365,0.5648552203890099
1786840413.252121,634,25.32,7,bending,bending,bending,0,0.0,1.0,0.026393314788065825,0.026009898745862355,0.05626994925360275,0.8721382379065,71.34743881220889,172.51867854979614,0.3939393939393939,0.24242424242424243,0.6363636363636364,0.09560624809616647,0,0,0.36363636363636365,0.5745528137070417
1786840413.3163362,635,25.36,7,bending,bending,bending,0,0.0,1.0,0.02461274237385796,0.02120278481111902,0.04783239798490823,0.8796436316932459,72.57314285743014,172.33237867532262,0.42424242424242425,0.21212121212121213,0.6363636363636364,0.09227778826341675,0,0,0.36363636363636365,0.5849597984106821
1786840413.4427478,636,25.4,7,bending,bending,bending,0,0.0,1.0,0.019002576826057552,0.021139997243855093,0.03858589632305898,0.8657772899289455,72.96067946955509,172.2732719691746,0.45454545454545453,0.18181818181818182,0.6363636363636364,0.08919778179197302,0,0,0.36363636363636365,0.5952238077650801
1786840413.577906,637,25.44,7,bending,bending,bending,0,0.0,1.0,0.017557342337449912,0.019941467549060496,0.03756126126123684,0.8512712318692792,72.95510256837004,172.11392517513872,0.48484848484848486,0.15151515151515152,0.6363636363636364,0.08656979742815758,0,0,0.36363636363636365,0.6052092253400437
1786840413.734484,638,25.48,7,bending,bending,bending,0,0.0,1.0,0.019387704229523427,0.02147730652605264,0.03534905130612591,0.8451266996253322,73.0743933352575,171.88962082325878,0.5151515151515151,0.12121212121212122,0.6363636363636364,0.08405572937634341,0,0,0.36363636363636365,0.6157242583611775
1786840413.8496401,639,25.52,7,bending,bending,bending,0,0.0,1.0,0.01660038395542638,0.021470209371321613,0.03659766343970351,0.8366070233664897,73.01310556106424,171.79889573273834,0.5454545454545454,0.09090909090909091,0.6363636363636364,0.08201656590661985,0,0,0.36363636363636365,0.6267001988454955
1786840414.0463288,640,25.56,7,bending,bending,bending,0,0.0,1.0,0.016622492579670925,0.02182298200282831,0.03557258986560635,0.838497670275645,73.13945375784763,171.6416272523858,0.5757575757575758,0.06060606060606061,0.6363636363636364,0.08005537333388424,0,0,0.36363636363636365,0.6380238524170546
1786840414.1004617,641,25.6,7,bending,bending,bending,0,0.0,1.0,0.014600761798749683,0.02490714784569077,0.03466105598001282,0.8460964127148308,73.19679300799598,171.51485205135887,0.6060606060606061,0.030303030303030304,0.6363636363636364,0.07831438230482397,0,0,0.36363636363636365,0.6498426570804573
1786840414.2338264,642,25.64,7,bending,bending,bending,0,0.0,1.0,0.013519605249334706,0.02836054012061924,0.03092012862604619,0.8523871068618062,73.12005748328093,171.39390260375257,0.6363636363636364,0.0,0.6363636363636364,0.07687059523859976,0,0,0.36363636363636365,0.6620978504270684
1786840414.342486,643,25.68,7,bending,bending,bending,0,0.0,1.0,0.01628520033439512,0.03175642318047853,0.028265031884779097,0.8613913895280781,73.06592385934975,171.04249699079816,0.6666666666666666,0.0,0.6666666666666666,0.07533145027964867,0,0,0.3333333333333333,0.6748369519014685
1786840414.517793,644,25.72,7,bending,bending,bending,0,0.0,1.0,0.019343629028794055,0.03659970075021913,0.02515189782232536,0.8695377729938519,72.91834124396186,171.21506905911247,0.696969696969697,0.0,0.696969696969697,0.07322175188352764,0,0,0.30303030303030304,0.6881220476434354
1786840414.664635,645,25.76,7,bending,bending,bending,0,0.0,1.0,0.023667705781181648,0.0395752993928865,0.02470278489462037,0.8687857990273565,72.55615901747991,171.2556805417433,0.7272727272727273,0.0,0.7272727272727273,0.07089413401030399,0,0,0.2727272727272727,0.7020297922367827
1786840414.7852252,646,25.8,7,bending,bending,bending,0,0.0,1.0,0.023628981588140977,0.040374994280214196,0.023684684170771037,0.876835656708422,72.67145718749013,171.02642437823016,0.7575757575757576,0.0,0.7575757575757576,0.06868635428798556,0,0,0.24242424242424243,0.716852343791043
1786840414.8693905,647,25.84,7,bending,bending,bending,0,0.0,1.0,0.022762190455401246,0.040394358522818224,0.02452188096176355,0.8826191961716363,72.53735275328208,170.9353020347807,0.7878787878787878,0.0,0.7878787878787878,0.06658174534217018,0,0,0.21212121212121213,0.7323594127055847
1786840415.0161972,648,25.88,7,bending,bending,bending,0,0.0,1.0,0.02146621168347798,0.037069957743681416,0.02789298514817111,0.8986156050464096,72.66629308090023,170.81157213998478,0.8181818181818182,0.0,0.8181818181818182,0.06454632898998965,0,0,0.18181818181818182,0.7486866067819724
1786840415.0944443,649,25.92,7,bending,bending,bending,0,0.0,1.0,0.02233898407259692,0.03808919560233268,0.026595235902475325,0.908933681302041,72.61967895039119,170.9628050672565,0.8484848484848485,0.0,0.8484848484848485,0.062259636354433386,0,0,0.15151515151515152,0.7654007925742032
1786840415.2816823,650,25.96,7,bending,bending,bending,0,0.0,1.0,0.02444643292190975,0.03991437078964878,0.034684635215166064,0.921951538802072,72.0213000512731,171.43813008713238,0.8787878787878788,0.0,0.8787878787878788,0.05999033591358201,0,0,0.12121212121212122,0.7820703998979924
1786840415.3359098,651,26.0,7,bending,bending,bending,0,0.0,1.0,0.025587235288147683,0.039552275533860884,0.03849683486185854,0.942316619592828,71.6857888723894,171.53504978895873,0.9090909090909091,0.0,0.9090909090909091,0.05760933928216848,0,0,0.09090909090909091,0.7987036882207454
1786840415.4946687,652,26.04,7,bending,bending,bending,0,0.0,1.0,0.02267357688386821,0.036890544161385846,0.043078237246337005,0.9533265510407682,71.271485357773,171.9041085261185,0.9393939393939394,0.0,0.9393939393939394,0.055347387142769766,0,0,0.06060606060606061,0.8150404076943967
1786840415.5561562,653,26.08,7,bending,bending,bending,0,0.0,1.0,0.020989075658083414,0.03260013072733045,0.045071669249068774,0.965949636803483,71.04979017698005,172.56319556785402,0.9696969696969697,0.0,0.9696969696969697,0.05329144986472064,0,0,0.030303030303030304,0.8309331806282341
1786840415.6402192,654,26.12,7,bending,bending,bending,0,0.0,1.0,0.020236901397826537,0.030517582372686883,0.04870127654624292,0.9837091399472249,70.79452323377126,173.04325236281056,1.0,0.0,1.0,0.05146632800035936,0,0,0.0,0.8459827079505851
1786840415.7851732,655,26.16,7,bending,bending,bending,0,0.0,1.0,0.020490191781071684,0.030681242891254925,0.05802880028601192,0.9912442743159187,70.2971121453842,173.4767342926927,1.0,0.0,1.0,0.049979568482191886,0,0,0.0,0.8597385122437876
1786840415.877284,656,26.2,7,bending,bending,bending,0,0.0,1.0,0.021745724956771614,0.029449317135961703,0.05830090412846572,0.9964792875589319,69.90089491808449,173.9894318562226,1.0,0.0,1.0,0.048701039754728274,0,0,0.0,0.8721253328817637
1786840415.9937603,657,26.24,7,bending,bending,bending,0,0.0,1.0,0.022941059246766024,0.032190025811926946,0.05633298970885473,1.0034184443562453,69.60043657879321,174.52518560387696,1.0,0.0,1.0,0.04723818184776881,0,0,0.0,0.883117774416984
1786840416.166909,658,26.28,7,bending,bending,bending,0,0.0,1.0,0.019663082881690157,0.03150709597018628,0.058733601543803915,0.9975514815215355,69.06753603651464,175.1110044713442,1.0,0.0,1.0,0.046265230985599065,0,0,0.0,0.8922419970489787
1786840416.2356272,659,26.32,7,bending,bending,bending,0,0.0,1.0,0.021206457490043875,0.030418408910554744,0.05716494392785587,1.0002162550494698,68.7087737441724,175.61878767317788,1.0,0.0,1.0,0.04538080212096646,0,0,0.0,0.8995289375795826
1786840416.3569102,660,26.36,7,bending,bending,bending,0,0.0,1.0,0.020408501500997638,0.03127449988454644,0.05571610581742851,0.991483174569243,68.42151893951716,175.78158884779583,1.0,0.0,1.0,0.044520225853056795,0,0,0.0,0.9049341820617306
1786840416.4987566,661,26.4,7,bending,bending,bending,0,0.0,1.0,0.02206324027436311,0.031221199105197828,0.05211433209707009,0.9785016918580197,68.17686409386633,176.0955825873511,1.0,0.0,1.0,0.04377526815425547,0,0,0.0,0.908936623162295
1786840416.555841,662,26.44,7,bending,bending,bending,0,0.0,1.0,0.02226929443231547,0.030559801915900835,0.0573186869093196,0.9681015743745796,68.03210618475616,176.36336336690258,1.0,0.0,1.0,0.0435667812195218,0,0,0.0,0.9115959032376412
1786840416.759191,663,26.48,7,bending,bending,bending,0,0.0,1.0,0.019093919580842007,0.03307051450948649,0.059569235779264776,0.9660503606461533,67.84379296503064,176.3513861752071,1.0,0.0,1.0,0.043534063149063135,0,0,0.0,0.9137512086338268
1786840416.8577,664,26.52,7,bending,bending,bending,0,0.0,1.0,0.020270968199022896,0.03166184689744516,0.05221608460759663,0.9523094918231714,67.65233804552955,176.3939590424425,1.0,0.0,1.0,0.04324129050417131,0,0,0.0,0.9157911922561063
1786840416.9944024,665,26.56,7,bending,bending,bending,0,0.0,1.0,0.018930713106554312,0.0328230552444697,0.05676389813145238,0.9469255722639431,67.49051412127477,176.3832109305307,1.0,0.0,1.0,0.04310853416662527,0,0,0.0,0.9178200098383404
1786840417.0599656,666,26.6,7,bending,bending,bending,0,0.0,1.0,0.018499774291986144,0.03219781452557878,0.05958430085006767,0.9393401922811266,67.3326901824975,176.52557335235085,1.0,0.0,1.0,0.04321336459791129,0,0,0.0,0.9197921118734722
1786840417.2594764,667,26.64,7,bending,bending,bending,0,0.0,1.0,0.02261668536743043,0.0291954233102726,0.06244096432623204,0.931409609548788,67.31840050300863,176.33461019086357,1.0,0.0,1.0,0.04340036505465763,0,0,0.0,0.9215882140444506
1786840417.3267498,668,26.68,7,bending,bending,bending,0,0.0,1.0,0.02106103141762866,0.02563598893505052,0.06244742625319693,0.9222360904287903,67.20946359511541,176.26397070489492,1.0,0.0,1.0,0.04384324469915122,0,0,0.0,0.9228788946121945
1786840417.4503798,669,26.72,7,bending,bending,bending,0,0.0,1.0,0.019333794712466063,0.022608936423251968,0.06503204810899138,0.9117431962736923,67.05431596891631,176.20554286298386,1.0,0.0,1.0,0.044644643238118877,0,0,0.0,0.9242718008650656
1786840417.5565643,670,26.76,7,bending,bending,bending,0,0.0,1.0,0.018691442008936705,0.026719090421876632,0.06664957563740315,0.906826212548075,67.0850696819555,176.14047984765472,1.0,0.0,1.0,0.045526107310123916,0,0,0.0,0.9259552851280594
1786840417.6672695,671,26.8,7,bending,bending,bending,0,0.0,1.0,0.01839800100872172,0.02738388799114364,0.06176141045557763,0.9003007494968255,67.0712003029062,175.96935118945544,1.0,0.0,1.0,0.04632648182980428,0,0,0.0,0.9276272260332561
1786840417.7299333,672,26.84,7,bending,bending,bending,0,0.0,1.0,0.018233392284808626,0.024513834459498736,0.061116590114826744,0.8990356462032597,66.87281906393227,175.73648893033604,1.0,0.0,1.0,0.047069479607838305,0,0,0.0,0.9295190024828551
1786840417.9239872,673,26.88,7,bending,bending,bending,0,0.0,1.0,0.018507276507337418,0.02791929989855379,0.06585456347985072,0.8854369985826187,66.5430877279633,175.9030921103696,1.0,0.0,1.0,0.04798711517190632,0,0,0.0,0.9309414063709454
1786840418.0309513,674,26.92,7,bending,bending,bending,0,0.0,1.0,0.019251249015220937,0.02554720273835372,0.062061504764405036,0.8806644953483301,66.45337849086056,175.89764164879065,1.0,0.0,1.0,0.04881743180173638,0,0,0.0,0.9319889240265059
1786840418.0944326,675,26.96,7,bending,bending,bending,0,0.0,1.0,0.019347835634140133,0.02328890120788861,0.056556854118134076,0.8699250958778475,66.24380346461952,175.90728098519895,1.0,0.0,1.0,0.049594302271193595,0,0,0.0,0.9325203782391132
1786840418.343473,676,27.0,7,bending,bending,bending,0,0.0,1.0,0.020338376335237114,0.024634559796739154,0.07990122127407426,0.87453635475552,66.08290020889515,175.98973786050712,1.0,0.0,1.0,0.051159035282990414,0,0,0.0,0.9329187105187327
1786840418.390788,677,27.04,7,bending,bending,bending,0,0.0,1.0,0.022667671092664446,0.024546751926459404,0.10974880848642667,0.8798034769499127,65.86247929048423,176.18114887538607,1.0,0.0,1.0,0.05372257803038743,0,0,0.0,0.9332297924567952
1786840418.4891937,678,27.08,7,bending,bending,bending,0,0.0,1.0,0.023018520553458585,0.026398136779492046,0.11102303057741507,0.8812875281871382,65.6956271478347,176.28189087491444,1.0,0.0,1.0,0.056338343051078175,0,0,0.0,0.9336086327343642
1786840418.5849688,679,27.12,7,bending,bending,bending,0,0.0,1.0,0.021863777612136162,0.024167202006196438,0.1106200175776838,0.883078626598709,65.55724110664201,176.29999783222303,1.0,0.0,1.0,0.0589727470937119,0,0,0.0,0.9337978136401307
1786840418.7092326,680,27.16,7,bending,bending,bending,0,0.0,1.0,0.02152890585309911,0.024601416175516685,0.111717252284305,0.8806219100130341,65.29331284528374,176.36412505441075,1.0,0.0,1.0,0.06161503107318285,0,0,0.0,0.9337372898171427
1786840418.8139749,681,27.2,7,bending,bending,bending,0,0.0,1.0,0.0218448340606381,0.023817577290313703,0.10699792694416482,0.8780500712523358,64.95107789844332,176.40868806502414,1.0,0.0,1.0,0.0640121505215463,0,0,0.0,0.9331140918233828
1786840418.9607127,682,27.24,7,bending,bending,bending,0,0.0,1.0,0.027053545113150487,0.022591161050882234,0.11066295590379202,0.8752982704055678,64.81951725145488,176.26027695106072,1.0,0.0,1.0,0.06655965718825287,0,0,0.0,0.9320948369477321
1786840419.0542629,683,27.28,7,bending,bending,bending,0,0.0,1.0,0.02858212625846142,0.023236387002974,0.11348226895562312,0.8755204901935837,64.54195928686174,176.10643142184344,1.0,0.0,1.0,0.068947464271297,0,0,0.0,0.9306878354747476
1786840419.2088149,684,27.32,7,bending,bending,bending,0,0.0,1.0,0.035426440912765284,0.028228092063511116,0.12587390670313414,0.8634679917422143,63.781215017210435,175.53277480902432,1.0,0.0,1.0,0.07159525432709325,0,0,0.0,0.9282984831156381
1786840419.4301922,685,27.36,7,bending,bending,bending,0,0.0,1.0,0.03206200571374476,0.02805035964198446,0.09942463439672715,0.8570146381392248,63.240802366339224,174.49669083613796,1.0,0.0,1.0,0.0733027209074081,0,0,0.0,0.9253799403004398
1786840419.5775738,686,27.4,7,bending,bending,bending,0,0.0,1.0,0.029903785820786098,0.0340133455670247,0.06591675890113752,0.8324414366280921,62.11488294379622,173.0868363184368,1.0,0.0,1.0,0.07393439029080412,0,0,0.0,0.9213342372648219
1786840419.6683433,687,27.44,7,bending,bending,bending,0,0.0,1.0,0.03682023588235739,0.0458957012181817,0.06520654577706571,0.8043391498327257,61.21442972963015,171.77636387060633,1.0,0.0,1.0,0.07443454996446541,0,0,0.0,0.9158987830189279
1786840419.7807176,688,27.48,7,bending,bending,bending,0,0.0,1.0,0.03707807835403946,0.04505368927914037,0.06565558369245095,0.7829382076436608,60.13941804578921,170.34534324883052,1.0,0.0,1.0,0.07466566461314537,0,0,0.0,0.9095864779682534
1786840419.8900719,689,27.52,7,bending,bending,bending,0,0.0,0.9874076845603914,0.03711866071816979,0.04908819169703003,0.06424353608570327,0.7632032477182769,59.244461073623484,169.1897531388948,1.0,0.0,1.0,0.0748457443694253,0,0,0.0,0.9025175070639911
1786840420.054622,690,27.56,7,bending,bending,bending,0,0.0,0.971548051078264,0.03803688627835671,0.05455260999419147,0.06622080318158263,0.7501032449882169,58.29288306469584,168.3398998986547,1.0,0.0,1.0,0.07514537508072008,0,0,0.0,0.8948412889013238
1786840420.4047656,691,27.6,7,bending,bending,bending,0,0.0,0.9531985837623789,0.03165475509549287,0.05921972289834834,0.05883035118049629,0.730884138206141,57.19191502574273,167.71578662169298,1.0,0.0,1.0,0.0751483068878926,0,0,0.0,0.8867604603160086
1786840420.4498434,692,27.64,7,bending,bending,bending,0,0.0,0.9341988165895344,0.029752645245685525,0.06941232886025686,0.05497024360028575,0.7152785995047225,56.051928995372066,167.1333261562118,1.0,0.0,1.0,0.07508180081736016,0,0,0.0,0.8781259859055618
1786840420.5172374,693,27.68,7,bending,bending,bending,0,0.0,0.9138920246613361,0.022304332239926186,0.09566069924521058,0.04882256912633436,0.6944791360150944,54.833521479680165,166.0230903175208,1.0,0.0,1.0,0.07487290576611488,0,0,0.0,0.869125863525133
1786840420.6735797,694,27.72,7,bending,bending,bending,0,0.0,0.9022641401191329,0.022464486494292907,0.09608191371675853,0.05324337730358211,0.6871340283372506,54.135848407147975,166.04045156464628,1.0,0.0,1.0,0.07490711925722131,0,0,0.0,0.8602965403881401
1786840420.8124158,695,27.76,7,bending,bending,bending,0,0.0,0.9051832107113673,0.02205536884312858,0.09174823080204507,0.05404006423079813,0.6943585237728601,54.31099264268204,166.85596155137142,1.0,0.0,1.0,0.07480776705484188,0,0,0.0,0.8520012964305123
1786840420.908587,696,27.8,7,bending,bending,bending,0,0.0,0.9214978399652012,0.023180988160357113,0.07982144606118076,0.05722237886516847,0.7139218704769922,55.28987039791207,168.05335886417575,1.0,0.0,1.0,0.07473665017865713,0,0,0.0,0.8443610391526588
1786840421.0403686,697,27.84,7,bending,bending,bending,0,0.0,0.934215891138652,0.0297174379968483,0.08006273968051077,0.06373627009530963,0.736226576074335,56.05295346831912,169.47596577696467,1.0,0.0,1.0,0.07508574670858784,0,0,0.0,0.8378130720087547
1786840421.1094205,698,27.88,7,bending,bending,bending,0,0.0,0.9488752561880506,0.03202371107271169,0.07610816977920631,0.06453337857865811,0.7549912810295105,56.93251537128303,170.86418541333225,1.0,0.0,1.0,0.07532118551001832,0,0,0.0,0.831996881365287
1786840421.233531,699,27.92,7,bending,bending,bending,0,0.0,0.9626689580914092,0.032721651256257436,0.072182144719209,0.06163688408964791,0.774319775577901,57.76013748548455,171.90898497998208,1.0,0.0,1.0,0.07538338500212681,0,0,0.0,0.8269962626773104
1786840421.3922098,700,27.96,7,bending,bending,bending,0,0.0,0.9790594806297188,0.03554513607871833,0.06624675799301241,0.05977347861319113,0.7914154703838263,58.74356883778313,172.59969773223696,1.0,0.0,1.0,0.07530255210173162,0,0,0.0,0.822754016035948
1786840421.5018528,701,28.0,7,bending,bending,bending,0,0.0,0.9945150772948517,0.03626475800174314,0.05727068027941367,0.06182948004510185,0.8114936634565202,59.6709046376911,172.91750392844165,1.0,0.0,1.0,0.07528382645906208,0,0,0.0,0.8193981849155761
1786840421.6319277,702,28.04,7,bending,bending,bending,0,0.0,0.9911305307141497,0.04778881981596771,0.033262699378910306,0.07027541807743538,0.8179331281733175,59.46783184284898,173.39473972961997,1.0,0.0,1.0,0.07544271645810584,0,0,0.0,0.8165554555792012
1786840421.7268803,703,28.08,7,bending,bending,bending,0,0.0,0.974162756127802,0.05365982708824709,0.03164824960488895,0.07674470719430856,0.8200285417386425,58.44976536766812,173.91060479339654,1.0,0.0,1.0,0.07574862953558782,0,0,0.0,0.8139252231304307
1786840421.826176,704,28.12,7,bending,bending,bending,0,0.0,0.9274894887913364,0.056023556470507795,0.0446143473273182,0.08703537008624901,0.7966238237829326,55.64936932748019,173.33015136326446,1.0,0.0,1.0,0.07651450710015362,0,0,0.0,0.8107834981087975
1786840421.9051082,705,28.16,7,bending,bending,bending,0,0.0,0.856766339426338,0.05126667414623912,0.045715660989588625,0.09204313820119056,0.7603615683447575,51.40598036558028,172.15474840553483,1.0,0.0,1.0,0.07745167522398282,0,0,0.0,0.8065812533252066
1786840422.0215096,706,28.2,7,bending,bending,bending,0,0.0,0.7719663713174925,0.045884154931577235,0.047761214584628536,0.08894003351851604,0.7150483869840806,46.317982279049545,170.75988755176914,1.0,0.0,1.0,0.0781512349221242,0,0,0.0,0.8014179620646448
1786840422.139893,707,28.24,7,bending,bending,bending,0,0.0,0.6846730278115627,0.04399467108414015,0.057734160741026726,0.09165977246977422,0.6638830478781863,41.08038166869376,169.53590085743943,1.0,0.0,1.0,0.07904815212531721,0,0,0.0,0.7948488272928222
1786840422.2098656,708,28.28,7,bending,bending,bending,0,0.0,0.5950924794916922,0.04607096386768295,0.06767615636612549,0.09309515139676958,0.6193633643679577,35.70554876950153,169.29059029025248,1.0,0.0,1.0,0.08015537325497284,0,0,0.0,0.7872560475500981
1786840422.3746357,709,28.32,7,walking,bending,bending,0,0.0,0.6,0.050861085213973034,0.07266205127797917,0.09468704100748561,0.5686408290250446,30.070081419254727,169.43963493355596,0.9696969696969697,0.030303030303030304,1.0,0.08060342839840955,0,0,0.0,0.7779864861643263
1786840422.4589474,710,28.36,7,walking,bending,bending,0,0.0,0.6,0.05693015628889082,0.0730998013739621,0.09999854480939845,0.5210250114142354,24.515182687567552,169.41178066257856,0.9393939393939394,0.06060606060606061,1.0,0.080307965862742,0,0,0.0,0.7671144114511238
1786840422.553779,711,28.4,7,walking,bending,bending,0,0.0,0.6,0.054272686691305944,0.06733600304200466,0.08922274191719778,0.4770177555117378,19.186823155316034,169.44195205536235,0.9090909090909091,0.09090909090909091,1.0,0.07964735105485664,0,0,0.0,0.7548638122791421
1786840422.673621,712,28.44,7,walking,bending,bending,0,0.0,0.6,0.052466494177315165,0.06941940303417199,0.07735957179105286,0.44361529344170886,14.99530767343441,169.6687525552801,0.8787878787878788,0.12121212121212122,1.0,0.07863945875829206,0,0,0.0,0.7415467415774147
1786840422.7409189,713,28.48,7,walking,walking,walking,0,0.0,0.6,0.0511465909962134,0.06111705859240754,0.06825476461547342,0.4171905215878552,11.868121666512588,170.47281511945556,0.8484848484848485,0.15151515151515152,1.0,0.07732241367741838,0,0,0.0,0.7275033661705912
1786840422.906178,714,28.52,7,walking,walking,walking,0,0.0,0.6,0.04947916276678531,0.065185318078394,0.05589151494278637,0.40918206977018884,10.292361434257893,171.28609574464866,0.8181818181818182,0.18181818181818182,1.0,0.07577373452586146,0,0,0.0,0.7132952449135564
1786840423.0681195,715,28.56,7,walking,walking,walking,0,0.0,0.6,0.04766463483481903,0.06613554816811976,0.04852263275229665,0.4020082328041493,9.35403245273154,171.91146750719776,0.7878787878787878,0.21212121212121213,1.0,0.0738906944303616,0,0,0.0,0.6989531225619984
1786840423.129602,716,28.6,7,standing,walking,walking,0,0.0,0.75,0.047755429691903474,0.05515733389653853,0.04494330100947698,0.40021927336895613,8.600379144527263,173.12664897143867,0.7575757575757576,0.21212121212121213,0.9696969696969697,0.0718137560077511,0,0,0.030303030303030304,0.6845500553854945
1786840423.2043693,717,28.64,7,standing,walking,walking,0,0.0,0.75,0.04637344280404939,0.045492335869047246,0.044832178329741686,0.4009358155004003,7.685949935110363,174.21522594735154,0.7272727272727273,0.21212121212121213,0.9393939393939394,0.06935794605704225,0,0,0.06060606060606061,0.6705339288327122
1786840423.3709607,718,28.68,7,standing,walking,walking,0,0.0,0.75,0.04155432261458645,0.03943217143070537,0.04292672797700578,0.3965690438014101,6.755326906153965,174.4817168506392,0.696969696969697,0.21212121212121213,0.9090909090909091,0.06764588828674767,0,0,0.09090909090909091,0.6565810320345966
1786840423.4710917,719,28.72,7,standing,walking,walking,0,0.0,0.75,0.035073260849530837,0.03762783486946354,0.03358336455121327,0.39273409636433654,6.027561986021005,174.37018757264883,0.6666666666666666,0.21212121212121213,0.8787878787878788,0.06666608845796208,0,0,0.12121212121212122,0.6432565671781191
1786840423.6306129,720,28.76,7,standing,standing,standing,0,0.0,0.75,0.026636770188742512,0.03881436616507878,0.034583325170358364,0.38152344510167036,5.504546771642556,174.67397708591335,0.6363636363636364,0.21212121212121213,0.8484848484848485,0.06573811207594063,0,0,0.15151515151515152,0.6304439700650569
1786840423.7542448,721,28.8,7,standing,standing,standing,0,0.0,0.75,0.023531990725549692,0.0386666628871341,0.03537478535769727,0.367083528919688,4.915939457116148,175.08104504009322,0.6060606060606061,0.21212121212121213,0.8181818181818182,0.06482051212640265,0,0,0.18181818181818182,0.6178423131340275
1786840423.927903,722,28.84,7,standing,standing,standing,0,0.0,0.75,0.02343322543951041,0.03393311269232109,0.03430696434846511,0.3486885594065538,4.34321634078824,175.13002097900417,0.5757575757575758,0.21212121212121213,0.7878787878787878,0.06391334328588028,0,0,0.21212121212121213,0.6052812619730662
1786840424.042087,723,28.88,7,standing,standing,standing,0,0.0,0.75,0.02580596846697935,0.028174859747582246,0.045206421268443,0.3339603448952052,3.7945728722574765,175.0026636031313,0.5454545454545454,0.21212121212121213,0.7575757575757576,0.06327654383396697,0,0,0.24242424242424243,0.5926708710611567
1786840424.14708,724,28.92,7,standing,standing,standing,0,0.0,0.75,0.03280083410832773,0.030602688356001675,0.052919972123855685,0.31927165153108367,3.557395849231382,175.23526214137476,0.5151515151515151,0.21212121212121213,0.7272727272727273,0.06309744143831118,0,0,0.2727272727272727,0.5801977654043367
1786840424.2033439,725,28.96,7,standing,standing,standing,0,0.0,0.75,0.034279803052295735,0.03000852707770898,0.05917441566804801,0.3058008982321818,3.8904359444269225,176.0461677213478,0.48484848484848486,0.21212121212121213,0.696969696969697,0.06322484059187974,0,0,0.30303030303030304,0.5677893502142597
1786840424.3325973,726,29.0,7,standing,standing,standing,0,0.0,0.75,0.033243068305981165,0.028481895779393133,0.0655242641868001,0.2978380507044577,4.901889156841876,176.48661765642387,0.45454545454545453,0.21212121212121213,0.6666666666666666,0.06373095256340898,0,0,0.3333333333333333,0.5557699233866646
1786840424.4812107,727,29.04,7,standing,standing,standing,0,0.0,0.75,0.03240791454284469,0.03178848896145454,0.06631027581526691,0.3005722987522753,6.789404998843395,176.8151744067437,0.42424242424242425,0.21212121212121213,0.6363636363636364,0.06412691918497519,0,0,0.36363636363636365,0.5440559315810594
1786840424.5933108,728,29.08,7,standing,standing,standing,0,0.0,0.75,0.03588368993156558,0.03215567445923235,0.07176787391908203,0.3161045896406229,9.520914945578692,176.95673803773036,0.3939393939393939,0.21212121212121213,0.6060606060606061,0.06466412553916562,0,0,0.3939393939393939,0.5325936911528097
1786840424.6623988,729,29.12,7,standing,standing,standing,0,0.0,0.75,0.035837002863076756,0.037787921537931354,0.07283250740923024,0.34952092951900376,12.778916741840966,176.9024191373058,0.36363636363636365,0.21212121212121213,0.5757575757575758,0.06513715973747053,0,0,0.42424242424242425,0.521551238396507
1786840424.8173616,730,29.16,7,standing,standing,standing,0,0.0,0.75,0.03714770016857927,0.037978515532641505,0.07072746754256921,0.3890813064602652,16.188517272270893,176.6430305344145,0.3333333333333333,0.21212121212121213,0.5454545454545454,0.0653490142055693,0,0,0.45454545454545453,0.5110316847718384
1786840424.9293897,731,29.2,7,standing,standing,standing,0,0.0,0.75,0.03733073441761787,0.0372268956878271,0.06812207561186841,0.4309252851846324,19.617000847212953,176.42496482060048,0.30303030303030304,0.21212121212121213,0.5151515151515151,0.06545776260051507,0,0,0.48484848484848486,0.5012115030795692
1786840425.0026073,732,29.24,7,standing,standing,standing,0,0.0,0.75,0.034108895134748574,0.03650363864675033,0.05754298405165381,0.47931839088516376,23.092323097162293,176.31977719833887,0.2727272727272727,0.21212121212121213,0.48484848484848486,0.06533370502360616,0,0,0.5151515151515151,0.4922720671797894
1786840425.1751544,733,29.28,7,standing,standing,standing,0,0.0,0.75,0.028691745008095952,0.030922394058779248,0.05404076277241718,0.5290664252187685,26.63524948414249,176.07707854533692,0.24242424242424243,0.21212121212121213,0.45454545454545453,0.06515998636176452,0,0,0.5454545454545454,0.48432209611418153
1786840425.254717,734,29.32,7,standing,standing,standing,0,0.0,0.75,0.02646797671871783,0.03216924734136388,0.048065849897898257,0.5812447237289937,29.87877410433497,175.9140136007966,0.21212121212121213,0.21212121212121213,0.42424242424242425,0.06474290666033411,0,0,0.5757575757575758,0.4773448555163776
1786840425.3994966,735,29.36,7,standing,standing,standing,0,0.0,0.75,0.02712453765578865,0.03358799734802508,0.04167958699734013,0.6291541290108732,32.57108417533586,175.7753642670793,0.18181818181818182,0.21212121212121213,0.3939393939393939,0.06387636632457365,0,0,0.6060606060606061,0.4716242797841824
1786840425.5540633,736,29.4,7,standing,standing,standing,0,0.0,0.75,0.024528273285573596,0.03334406546740626,0.042622254755474404,0.6768487689175441,34.94786361850531,175.36281726700423,0.15151515151515152,0.21212121212121213,0.36363636363636365,0.06284235261430594,0,0,0.6363636363636364,0.4672854987896037
1786840425.6311085,737,29.44,7,bending,standing,standing,0,0.0,0.6135814583462439,0.019765676696135784,0.033926686084384795,0.03878956622622186,0.7117717068775986,36.81488750077463,174.90818577568174,0.15151515151515152,0.21212121212121213,0.36363636363636365,0.06138035855794149,0,0,0.6363636363636364,0.4647142225197451
1786840425.7994118,738,29.48,7,bending,standing,standing,0,0.0,0.6321681934547028,0.019280013030664105,0.025591433908353504,0.0317855559886111,0.7356275022532461,37.930091607282165,174.6299272125488,0.15151515151515152,0.21212121212121213,0.36363636363636365,0.05955437121816636,0,0,0.6363636363636364,0.46396470536545686
1786840425.900953,739,29.52,7,bending,standing,standing,0,0.0,0.6434038583390819,0.016738158297537012,0.02253498561364301,0.030801302098250924,0.74358824650765,38.60423150034491,174.528710737321,0.15151515151515152,0.21212121212121213,0.36363636363636365,0.05779259147815833,0,0,0.6363636363636364,0.4648295495934438
1786840425.9732287,740,29.56,7,bending,standing,standing,0,0.0,0.6503233286354021,0.014267758546623856,0.022567826039862546,0.03002155968134275,0.7502693494623618,39.01939971812413,174.33092576741132,0.15151515151515152,0.21212121212121213,0.36363636363636365,0.055924766848205854,0,0,0.6363636363636364,0.4674473163081158
1786840426.1056323,741,29.6,7,bending,bending,bending,0,0.0,0.6556777825369651,0.013714943267239215,0.02258033574512857,0.02916473860990622,0.7566380685581535,39.3406669522179,174.19239307048326,0.15151515151515152,0.21212121212121213,0.36363636363636365,0.053987481612240304,0,0,0.6363636363636364,0.47160715582903084
1786840426.2546954,742,29.64,7,bending,bending,bending,0,0.0,0.6590440368660975,0.014711201249672576,0.020377755005220263,0.02455114802774171,0.7599653347898033,39.54264221196585,174.0283447027341,0.18181818181818182,0.18181818181818182,0.36363636363636365,0.05186215152194503,0,0,0.6363636363636364,0.47740486812493266
1786840426.328299,743,29.68,7,bending,bending,bending,0,0.0,0.6604309740392819,0.01669857161093625,0.018698689978507065,0.02653712159686806,0.7640711078009643,39.625858442356915,173.97413167516734,0.21212121212121213,0.15151515151515152,0.36363636363636365,0.04963604778823199,0,0,0.6363636363636364,0.48476990134877285
1786840426.4179683,744,29.72,7,bending,bending,bending,0,0.0,0.6611304496770984,0.014051369919483497,0.016845324277569303,0.02701413485917404,0.7654417384741643,39.667826980625904,173.85083799723085,0.24242424242424243,0.12121212121212122,0.36363636363636365,0.047750938483443396,0,0,0.6363636363636364,0.4935100220446039
1786840426.5271575,745,29.76,7,bending,bending,bending,0,0.0,0.6656289513432807,0.014023802418824774,0.014580615023527678,0.025634651176723432,0.773902834208752,39.93773708059684,173.6618776496615,0.2727272727272727,0.09090909090909091,0.36363636363636365,0.04618351664664552,0,0,0.6363636363636364,0.5035187354011811
1786840426.6373327,746,29.8,7,bending,bending,bending,0,0.0,0.6673188687143833,0.013136696229283902,0.013895311907200229,0.027027578859297373,0.7759154462094208,40.039132122862995,173.68906920048227,0.30303030303030304,0.06060606060606061,0.36363636363636365,0.04493420798736747,0,0,0.6363636363636364,0.5143891876624405
1786840426.7518244,747,29.84,7,bending,bending,bending,0,0.0,0.6728672492951872,0.01302706014763111,0.013816075570833995,0.03145789969553719,0.784804334536243,40.37203495771123,173.46882481932266,0.3333333333333333,0.030303030303030304,0.36363636363636365,0.04419379540411749,0,0,0.6363636363636364,0.5257716805341393
1786840426.8706443,748,29.88,7,bending,bending,bending,0,0.0,0.6776467743809265,0.012284124081134565,0.013825209904614114,0.03160953141752176,0.7913750321542404,40.65880646285559,173.4285351359598,0.36363636363636365,0.0,0.36363636363636365,0.04368127718185159,0,0,0.6363636363636364,0.5375706744538388
1786840426.979677,749,29.92,7,bending,bending,bending,0,0.0,0.6834197152560636,0.011821730446975032,0.013586553525907643,0.03447272529867992,0.7978849990384812,41.00518291536382,173.36356529750563,0.3939393939393939,0.0,0.3939393939393939,0.04336398700879712,0,0,0.6060606060606061,0.5496211509892791
1786840427.0613077,750,29.96,7,bending,bending,bending,0,0.0,0.6924683848584267,0.012023650419097255,0.012341827246807397,0.03886137171915344,0.8063876733743628,41.5481030915056,173.52392950670605,0.42424242424242425,0.0,0.42424242424242425,0.04318305347514294,0,0,0.5757575757575758,0.5619075709248537
1786840427.155543,751,30.0,7,bending,bending,bending,0,0.0,0.7052081204291599,0.009991032457161568,0.01208783894310541,0.04041818457298222,0.8184884595272847,42.31248722574959,173.4910724561941,0.45454545454545453,0.0,0.45454545454545453,0.043107037008354346,0,0,0.5454545454545454,0.5746930077650317
1786840427.2301054,752,30.04,7,bending,bending,bending,0,0.0,0.7168578089885289,0.009343316808182367,0.014546938617930157,0.03921882136521481,0.8276416530692782,43.011468539311736,173.52888469225965,0.48484848484848486,0.0,0.48484848484848486,0.04327780842696045,0,0,0.5151515151515151,0.5878720246348784
1786840427.3919163,753,30.08,7,bending,bending,bending,0,0.0,0.7318224174440063,0.009191098254786647,0.01495985351075881,0.03845527201612172,0.8353284991733994,43.90934504664038,173.5688224412524,0.5151515151515151,0.0,0.5151515151515151,0.04339514014955934,0,0,0.48484848484848486,0.6016236929400823
1786840427.574122,754,30.12,7,bending,bending,bending,0,0.0,0.7447120932336427,0.008536055575287653,0.014261410978148668,0.037947176168726615,0.8399987830795258,44.682725594018564,173.66141840391506,0.5454545454545454,0.0,0.5454545454545454,0.043473091386257205,0,0,0.45454545454545453,0.6159544582176532
1786840427.6426582,755,30.16,7,bending,bending,bending,0,0.0,0.7584824684903014,0.00961839510073334,0.014190162015463949,0.035185139714741014,0.8409359415154697,45.508948109418085,173.78439022108623,0.5757575757575758,0.0,0.5757575757575758,0.04349970276099283,0,0,0.42424242424242425,0.630871045554287
1786840427.7684371,756,30.2,7,bending,bending,bending,0,0.0,0.773118288323089,0.010896917685254422,0.01618345054781888,0.03124423435180483,0.8374903461197876,46.387097299385346,173.7649470353801,0.6060606060606061,0.0,0.6060606060606061,0.04307660618776137,0,0,0.3939393939393939,0.6461295304398804
1786840427.8935845,757,30.24,7,bending,bending,bending,0,0.0,0.7875320327846151,0.010664862385811082,0.017852033530303714,0.03198103728820183,0.8351846081968388,47.25192196707691,173.7403497957269,0.6363636363636364,0.0,0.6363636363636364,0.04244209301092339,0,0,0.36363636363636365,0.6617632563994488
1786840428.0025566,758,30.28,7,bending,bending,bending,0,0.0,0.8022549109445831,0.01108304124173696,0.017367184291806285,0.029379510010521612,0.8314523554879937,48.135294656674986,173.6409637926086,0.6666666666666666,0.0,0.6666666666666666,0.041539217081907436,0,0,0.3333333333333333,0.6776920884375036
1786840428.1025324,759,30.32,7,bending,bending,bending,0,0.0,0.8139697099631742,0.011598516241654382,0.018662457932790574,0.02652793982205374,0.831252705296326,48.83818259779045,173.6000179843515,0.696969696969697,0.0,0.696969696969697,0.040357510282975725,0,0,0.30303030303030304,0.6938561688796815
1786840428.279831,760,30.36,7,bending,bending,bending,0,0.0,0.8211155339441152,0.011589428336330547,0.020409825927580342,0.025485537415540285,0.826974197408244,49.266932036646914,173.39131675433774,0.7272727272727273,0.0,0.7272727272727273,0.03912039699813552,0,0,0.2727272727272727,0.709807741566226
1786840428.3928874,761,30.4,7,bending,bending,bending,0,0.0,0.8286105724366774,0.010804614254546383,0.018715024532084477,0.024565185905171247,0.8223377419081492,49.71663434620064,173.2161832824423,0.7575757575757576,0.0,0.7575757575757576,0.037690012512865495,0,0,0.24242424242424243,0.7251481401197873
1786840428.467601,762,30.44,7,bending,bending,bending,0,0.0,0.8360736474471966,0.011795945292518126,0.017933885198608137,0.022943920285356502,0.8221863258192469,50.16441884683179,173.20286834346638,0.7878787878787878,0.0,0.7878787878787878,0.036178237145475384,0,0,0.21212121212121213,0.7394713339470674
1786840428.6470854,763,30.48,7,bending,bending,bending,0,0.0,0.8369297304384479,0.01253481551457264,0.020117750737331814,0.02317733774039155,0.8161009830282249,50.215783826306875,173.19847475444797,0.8181818181818182,0.0,0.8181818181818182,0.03473732412116697,0,0,0.18181818181818182,0.7524113241460966
1786840428.707552,764,30.52,7,bending,bending,bending,0,0.0,0.8417451897034343,0.013850593583896688,0.020964532444220425,0.02162401134879431,0.8200753184627392,50.504711382206054,173.08228032772817,0.8484848484848485,0.0,0.8484848484848485,0.033328291870770785,0,0,0.15151515151515152,0.7642037493969484
1786840428.8055434,765,30.56,7,bending,bending,bending,0,0.0,0.8417757730208396,0.012309984904389904,0.02112077970615104,0.020250431723912655,0.8215853779875959,50.506546381250374,172.88681002964756,0.8787878787878788,0.0,0.8787878787878788,0.0321982145275059,0,0,0.12121212121212122,0.7745754762788402
1786840428.9268916,766,30.6,7,bending,bending,bending,0,0.0,0.8402513526550716,0.012767081216584672,0.021941105100127766,0.02097990111850396,0.8301570738677416,50.41508115930429,172.77922186880423,0.9090909090909091,0.0,0.9090909090909091,0.031196370234963078,0,0,0.09090909090909091,0.7836994353288091
1786840429.059344,767,30.64,7,bending,bending,bending,0,0.0,0.8351158979129522,0.01213928986010588,0.023278454451916192,0.0214775106686637,0.8324968063502709,50.106953874777126,172.8226333736182,0.9393939393939394,0.0,0.9393939393939394,0.03039066298559233,0,0,0.06060606060606061,0.7913131348021811
1786840429.1165032,768,30.68,7,bending,bending,bending,0,0.0,0.8317651249211946,0.010826540941569103,0.022942772250652162,0.021728515805379052,0.8409414682565017,49.90590749527168,172.846847979239,0.9696969696969697,0.0,0.9696969696969697,0.02978608507068442,0,0,0.030303030303030304,0.7977309329611396
1786840429.325105,769,30.72,7,bending,bending,bending,0,0.0,0.8316340629307668,0.010482352269240828,0.023570529523740915,0.022950978385402346,0.8457390037607654,49.898043775846006,172.68811020881424,1.0,0.0,1.0,0.029189985786742843,0,0,0.0,0.8028488188654797
1786840429.4560754,770,30.76,7,bending,bending,bending,0,0.0,0.8270846487974182,0.009857173415897471,0.022974988230787953,0.022915252062466765,0.8497198430273732,49.62507892784509,172.73713949768,1.0,0.0,1.0,0.028708945963598752,0,0,0.0,0.8070290654154727
1786840429.560249,771,30.8,7,bending,bending,bending,0,0.0,0.8226641957727915,0.008844477744448406,0.02404588461591071,0.02531562706815674,0.8566813997250671,49.35985174636749,172.79675583840555,1.0,0.0,1.0,0.028512887511463768,0,0,0.0,0.8106973653388613
1786840429.7165828,772,30.84,7,bending,bending,bending,0,0.0,0.817218981556163,0.009327587014619197,0.023188970708778966,0.02655639178771854,0.862711015513446,49.03313889336978,172.69260514036577,1.0,0.0,1.0,0.028384253865690056,0,0,0.0,0.8143071462178247
1786840429.8569539,773,30.88,7,bending,bending,bending,0,0.0,0.8130955013552121,0.00959342384661784,0.02281904718936688,0.03280633883907977,0.8741495239605092,48.78573008131273,172.55974643834253,1.0,0.0,1.0,0.02846864111289421,0,0,0.0,0.8180610908995868
1786840429.934992,774,30.92,7,bending,bending,bending,0,0.0,0.8031535386000008,0.0117804819028724,0.021341846742995715,0.03573712641982705,0.8847111922803602,48.18921231600005,172.49387954885012,1.0,0.0,1.0,0.02866780437986151,0,0,0.0,0.8219420946487446
1786840430.1325674,775,30.96,7,bending,bending,bending,0,0.0,0.7875687076537055,0.015737638599686826,0.021292729802820196,0.04133287795044199,0.9040620211564174,47.25412245922233,172.30848948608926,1.0,0.0,1.0,0.029176341650246365,0,0,0.0,0.8263086609022784
1786840430.2475717,776,31.0,7,bending,bending,bending,0,0.0,0.7592597683280675,0.01900502890199861,0.020940241457712207,0.04831560470390397,0.9097385246735918,45.55558609968405,172.06202302512537,1.0,0.0,1.0,0.029836295683792907,0,0,0.0,0.8307228250499339
1786840430.324367,777,31.04,7,bending,bending,bending,0,0.0,0.7219716609790351,0.03403542423590627,0.024743092878078295,0.06296480736449435,0.9059046247937879,43.318299658742106,171.09478689744896,1.0,0.0,1.0,0.03092571000213595,0,0,0.0,0.8349792761505285
1786840430.4920065,778,31.08,7,bending,bending,bending,0,0.0,0.662647530232721,0.040336714026572545,0.02414380007996011,0.07300366416662189,0.8747126225898395,39.75885181396326,169.9549897377704,1.0,0.0,1.0,0.03236113463819347,0,0,0.0,0.8380341182226825
1786840430.6092403,779,31.12,7,bending,bending,bending,0,0.0,0.5908297400088016,0.04358483253023258,0.029713614801015767,0.07818455654444512,0.8341830209215528,35.449784400528095,169.49035221778166,1.0,0.0,1.0,0.03391134608319796,0,0,0.0,0.8397998023048684
1786840430.724442,780,31.16,7,standing,bending,bending,0,0.0,0.75,0.047403214113693,0.0355980358344098,0.09012858311817763,0.78955853989224,31.094887741125696,169.8033885953784,0.9696969696969697,0.0,0.9696969696969697,0.03568924558085373,0,0,0.030303030303030304,0.839943869133838
1786840430.8603652,781,31.2,7,standing,bending,bending,0,0.0,0.75,0.05118474944436377,0.040863289785690454,0.09503330377889248,0.7420032228960372,26.607492928554315,170.2701304633505,0.9393939393939394,0.0,0.9393939393939394,0.03761117807665284,0,0,0.06060606060606061,0.8384477537017712
1786840431.007899,782,31.24,7,standing,bending,bending,0,0.0,0.75,0.05370958989840055,0.04585498747932267,0.09725949372926451,0.6978657906004132,22.148122123355247,170.88520574800063,0.9090909090909091,0.0,0.9090909090909091,0.03951380742303419,0,0,0.09090909090909091,0.8354168685975873
1786840431.136657,783,31.28,7,standing,bending,bending,0,0.0,0.75,0.057523259219682106,0.04493685905444387,0.10244506356681322,0.6583594226744257,17.665652281177735,171.33564871509085,0.8787878787878788,0.0,0.8787878787878788,0.041440585963872366,0,0,0.12121212121212122,0.8309311640309226
1786840431.3311636,784,31.32,7,standing,standing,standing,0,0.0,0.75,0.06091912995020109,0.05025052028424062,0.10359935554245045,0.6186543189894507,13.335587447696682,171.64855105268975,0.8484848484848485,0.0,0.8484848484848485,0.0433551669023411,0,0,0.15151515151515152,0.8248755840146246
1786840431.4199812,785,31.36,7,standing,standing,standing,0,0.0,0.75,0.060224687149820794,0.054007765521252214,0.10345706318770309,0.5754926007410043,9.67551749791247,171.7897896843404,0.8181818181818182,0.0,0.8181818181818182,0.04530178029090135,0,0,0.18181818181818182,0.8172347036410404
1786840431.5400693,786,31.4,7,standing,standing,standing,0,0.0,0.75,0.05080792006053396,0.054192339237439234,0.09697240791781486,0.5453567492771935,7.294961652568668,172.02097138958248,0.7878787878787878,0.0,0.7878787878787878,0.0470750268333769,0,0,0.21212121212121213,0.8084476809169131
1786840431.6578743,787,31.44,7,standing,standing,standing,0,0.0,0.75,0.047201778799986334,0.05979112460126828,0.0916120484004689,0.5255189098520613,5.683035682824706,173.4237388910916,0.7575757575757576,0.0,0.7575757575757576,0.04870123508282364,0,0,0.24242424242424243,0.7989179877888081
1786840431.7659836,788,31.48,7,standing,standing,standing,0,0.0,0.75,0.04709924055322066,0.0590029404273249,0.08931243265340341,0.5308015493369853,5.557404556516598,175.41989930204494,0.7272727272727273,0.0,0.7272727272727273,0.050341456080964915,0,0,0.2727272727272727,0.7895199759046116
1786840431.8847816,789,31.52,7,standing,standing,standing,0,0.0,0.75,0.04541883575220468,0.056262844829389154,0.07593399954689452,0.5441774671578594,6.087400886019683,177.2466857147804,0.696969696969697,0.0,0.696969696969697,0.05169569138990704,0,0,0.30303030303030304,0.7806317068451591
1786840431.9808233,790,31.56,7,standing,standing,standing,0,0.0,0.75,0.0418516870509013,0.05204225208102464,0.06912399654884008,0.5654327515386426,6.819376637194033,177.48026857099848,0.6666666666666666,0.0,0.6666666666666666,0.052821235609926374,0,0,0.3333333333333333,0.7724574081585472
1786840432.1086538,791,31.6,7,standing,standing,standing,0,0.0,0.75,0.03925196951910129,0.04311902046640854,0.06350632778508976,0.5865683645411279,7.53152127838041,177.52467020814456,0.6363636363636364,0.0,0.6363636363636364,0.05385538160309511,0,0,0.36363636363636365,0.7650366811601573
1786840432.2386868,792,31.64,7,walking,standing,standing,0,0.0,0.6341661732932963,0.03358284010617337,0.11414991119279333,0.055692521765154684,0.6026690375214929,8.289986234997576,177.00355843937282,0.6060606060606061,0.030303030303030304,0.6363636363636364,0.054739156813492104,0,0,0.36363636363636365,0.7581099033487987
1786840432.3792512,793,31.68,7,standing,standing,standing,0,0.0,0.75,0.029325135664315938,0.0,0.052038467034860154,0.6112150261425205,9.04460806346784,177.71620647485673,0.5757575757575758,0.030303030303030304,0.6060606060606061,0.055543791044380585,0,0,0.3939393939393939,0.7515717466437768
1786840432.454944,794,31.72,7,standing,standing,standing,0,0.0,0.75,0.03147326523682297,0.0,0.0525334590615833,0.6149757778847327,9.53727640211498,,0.5454545454545454,0.030303030303030304,0.5757575757575758,0.05639131447336277,0,0,0.42424242424242425,0.7452880507642794
1786840437.3760083,839,33.52,7,carrying,standing,standing,0,0.0,0.657441634809488,0.13081936232658892,0.0,0.12672999590903078,0.5957360580158134,9.474811762033218,,0.5151515151515151,0.030303030303030304,0.5757575757575758,0.05953634706801957,0,0,0.42424242424242425,0.7384259214369026
1786840440.8270218,868,34.68,7,carrying,standing,standing,0,0.0,0.6557518748516593,0.13655549741231202,0.0,0.13486236600234966,0.5929197914194323,9.283637366055958,,0.48484848484848486,0.030303030303030304,0.5757575757575758,0.06292074186383648,0,0,0.42424242424242425,0.731662855024515
1786840440.8879926,869,34.72,7,carrying,standing,standing,0,0.0,0.6540034916670614,0.13533063058450134,0.0,0.14809814233346016,0.5900058194451024,8.950788616400214,,0.45454545454545453,0.030303030303030304,0.5757575757575758,0.06675329128761423,0,0,0.42424242424242425,0.7246910520239805
1786840441.5660152,874,34.92,7,carrying,standing,standing,0,0.0,0.6517423083909595,0.13578959132114332,0.0,0.17145485938619595,0.5862371806515991,8.425561898041183,,0.42424242424242425,0.030303030303030304,0.5757575757575758,0.07133524364101675,0,0,0.42424242424242425,0.7175592884683444
