timestamp,frame,video_time_sec,track_id,raw_activity,smoothed_activity,semantic_activity,material_handling,material_confidence,confidence,velocity,ankle_motion,wrist_motion,wrist_hip_distance,torso_angle,knee_angle,mh_bending_ratio,mh_walking_ratio,mh_active_ratio,mh_wrist_motion,mh_pickup,mh_stationary,mh_standing_idle_ratio,mh_wrist_hip_distance
1786902910.1916285,1,0.0,1,unknown,unknown,unknown,0,0.0,0.3,0.0,0.0,0.0,1.0115691569028973,3.152937007775314,40.508997729141804,0.0,0.0,0.0,0.0,0,0,0.0,0.0
1786902910.2450936,2,0.04,1,carrying,carrying,carrying,0,0.0,0.7701341154293169,0.9247788050910684,0.47550665790164315,0.0,0.7835568590488615,11.965241984888275,107.15903898744997,0.0,0.0,0.0,0.0,0,0,0.0,0.0
1786902910.2788005,3,0.08,1,carrying,carrying,carrying,0,0.0,0.7303906293865069,0.46404565855338986,0.24304210917064925,0.032691398680294,0.7173177156441782,15.036081453086254,129.06496085729637,0.0,0.0,0.0,0.0,0,0,0.0,0.0
1786902910.4669504,4,0.12,1,carrying,carrying,carrying,0,0.0,0.7142977742783304,0.31088951625180405,0.16501025789230275,0.029311620305813663,0.690496290463884,16.661363834756898,139.98341019635086,0.0,0.0,0.0,0.0,0,0,0.0,0.0
1786902910.496413,5,0.16,1,carrying,carrying,carrying,0,0.0,0.7035259347492226,0.23355027080732413,0.1256616154264208,0.02573055475213748,0.6725432245820377,17.526290873480427,146.5612397752707,0.0,0.0,0.0,0.0,0,0,0.0,0.0
1786902910.5912497,6,0.2,1,carrying,carrying,carrying,0,0.0,0.6984166850064224,0.18788282782339372,0.10194033691002265,0.025149473191958982,0.6640278083440373,18.12318583896758,150.86323397874767,0.0,0.0,0.0,0.0,0,0,0.0,0.0
1786902910.6411607,7,0.24,1,carrying,carrying,carrying,0,0.0,0.6950866841875537,0.15747189515548848,0.0857277160731622,0.02226467204430329,0.6584778069792563,18.600852117056665,153.98549346571025,0.0,0.0,0.0,0.0,0,0,0.0,0.0
1786902910.67174,8,0.28,1,carrying,carrying,carrying,0,0.0,0.6916730269106949,0.13536268769582402,0.0745595657914536,0.022259733298060635,0.6527883781844914,18.887476057113478,156.29400312849435,0.0,0.0,0.0,0.0,0,0,0.0,0.0
1786902910.7022967,9,0.32,1,carrying,carrying,carrying,0,0.0,0.6900983444181523,0.1187864119157597,0.06650889494648689,0.021718663814230453,0.6501639073635873,19.13677644358393,158.18337282469759,0.0,0.0,0.0,0.0,0,0,0.0,0.0
1786902910.759483,10,0.36,1,carrying,carrying,carrying,0,0.0,0.6882197602216081,0.10588902574277051,0.06037606860917948,0.020348376029946873,0.6470329337026802,19.338097207198576,159.69555450825922,0.0,0.0,0.0,0.0,0,0,0.0,0.0
1786902910.7907932,11,0.4,1,standing,carrying,carrying,0,0.0,0.75,0.0039539003511417144,0.008144212441992607,0.020596057996688184,0.6069070249182061,21.11420344209231,172.97451637503562,0.0,0.0,0.0,0.0,0,0,0.0,0.0
1786902910.823072,12,0.44,1,standing,carrying,carrying,0,0.0,0.75,0.004317870286755118,0.007683341123457871,0.019507148510273808,0.6139996026389809,21.147372852522714,172.8204227576221,0.0,0.0,0.0,0.0,0,0,0.0,0.0
1786902910.8745637,13,0.48,1,standing,carrying,carrying,0,0.0,0.75,0.0041271730774164505,0.006956132316177523,0.019474006337847932,0.6159985025611989,21.1236391271377,172.78972463236684,0.0,0.0,0.0,0.0,0,0,0.0,0.0
1786902910.923313,14,0.52,1,standing,carrying,carrying,0,0.0,0.75,0.004570801241724211,0.006906317114478442,0.019120337305896087,0.6164675261214378,21.034119060724542,172.7894427971413,0.0,0.0,0.0,0.0,0,0,0.0,0.0
1786902910.9632363,15,0.56,1,idle,standing,standing,0,0.0,0.85,0.004656151435714749,0.0069476962669065105,0.018600088429693355,0.6175721956075061,20.99248559518734,172.80053050953012,0.0,0.0,0.0,0.0,0,0,0.0,0.0
1786902911.0176923,16,0.6,1,idle,standing,standing,0,0.0,0.85,0.004968555316050195,0.007300053230174176,0.018049043111003315,0.616228794194767,20.925020281241732,172.86790323302012,0.0,0.0,0.0,0.0,0,0,0.0,0.0
1786902911.0469642,17,0.64,1,idle,standing,standing,0,0.0,0.85,0.004915029149393179,0.00729017473335728,0.017180898747506966,0.6127855817335913,20.8812492779793,172.86357873435992,0.0,0.0,0.0,0.0,0,0,0.0,0.0
1786902911.0769677,18,0.68,1,idle,standing,standing,0,0.0,0.85,0.005031276034685338,0.007803445953062143,0.01751606149076961,0.6126060883360129,20.890304900514604,172.87932847700483,0.0,0.0,0.0,0.0,0,0,0.0,0.0
1786902911.1282983,19,0.72,1,idle,idle,idle,0,0.0,0.85,0.005449038595697729,0.007794660183002376,0.018211192302563576,0.6127978598061479,20.865191914828358,172.851080364447,0.0,0.0,0.0,0.0,0,0,0.0,0.0
1786902911.1669402,20,0.76,1,idle,idle,idle,0,0.0,0.85,0.005274449209376025,0.008344672000082059,0.020404787586616402,0.6099069660629178,20.799850570056133,172.83813470931491,0.0,0.0,0.45,0.019406705696780234,0,0,0.5,0.664162211159834
1786902911.2844882,21,0.8,1,idle,idle,idle,0,0.0,0.85,0.005256550703853768,0.008318862816397874,0.019623397257766694,0.6085116777388996,20.677498461519725,172.89222587930672,0.0,0.0,0.42857142857142855,0.019417024342541493,0,0,0.5238095238095238,0.6615121857588371
1786902911.3840473,22,0.84,1,idle,idle,idle,0,0.0,0.85,0.00710515238632784,0.008464364885314456,0.024196098267357316,0.5982707286789133,20.469670592231015,173.07802279047684,0.0,0.0,0.4090909090909091,0.019634254975487667,0,0,0.5454545454545454,0.658637574073386
1786902911.4153976,23,0.88,1,idle,idle,idle,0,0.0,0.85,0.011178893254581357,0.008375304514492234,0.03291541983800329,0.5833510225953253,19.813596768300226,173.400974828889,0.0,0.0,0.391304347826087,0.020211696926031822,0,0,0.5652173913043478,0.6553642457482529
1786902911.4728942,24,0.92,1,standing,idle,idle,0,0.0,0.75,0.015349109643166476,0.009577855463250875,0.034689348739553844,0.5798653306030961,18.947627602005845,173.7718951844529,0.0,0.0,0.375,0.020814932418261906,0,0,0.5833333333333334,0.6522184576172046
1786902911.5343502,25,0.96,1,standing,idle,idle,0,0.0,0.75,0.01906264027637621,0.011124247509544584,0.03882124719013723,0.5690960896902506,17.837875514679116,174.14246407554828,0.0,0.0,0.36,0.02153518500913692,0,0,0.6,0.6488935629001266
1786902911.56461,26,1.0,1,standing,idle,idle,0,0.0,0.75,0.02264510437904102,0.015440157259528412,0.04769747773876117,0.5549099492286905,16.768533950485327,174.34001367309605,0.0,0.0,0.34615384615384615,0.022541427037199392,0,0,0.6153846153846154,0.6452788085281482
1786902911.6060004,27,1.04,1,standing,idle,idle,0,0.0,0.75,0.025902061090028808,0.02393575438219896,0.04938766293361741,0.5448228896517955,15.63081666027264,174.1638921844764,0.0,0.0,0.3333333333333333,0.023535732070400057,0,0,0.6296296296296297,0.6415582189401351
1786902911.6625807,28,1.08,1,standing,standing,standing,0,0.0,0.75,0.03167601002366107,0.03246742242160447,0.06556958619243569,0.5484226449706396,14.614221758446613,173.444090015678,0.0,0.0,0.32142857142857145,0.025036941146187045,0,0,0.6428571428571429,0.6382319484412246
1786902911.693444,29,1.12,1,standing,standing,standing,0,0.0,0.75,0.03802324304040403,0.04564001159656818,0.06617439277976046,0.5561286675654779,13.525626791614519,171.37299417975717,0.0,0.0,0.3103448275862069,0.026455473961137854,0,0,0.6551724137931034,0.6354008008248195
1786902911.7285483,30,1.16,1,standing,standing,standing,0,0.0,0.75,0.04076343090142329,0.0588304855125614,0.06693017416063367,0.5647080914804422,12.061520885628742,168.97475542218348,0.0,0.0,0.3,0.027804630634454378,0,0,0.6666666666666666,0.6330443771800068
1786902911.790159,31,1.2,1,walking,standing,standing,0,0.0,0.6,0.04961801448293335,0.0741830295833111,0.07346774924322899,0.5674712943266845,10.714322102581194,167.24916307608763,0.0,0.03225806451612903,0.3225806451612903,0.02927763446054388,0,0,0.6451612903225806,0.6309291164428029
1786902911.8445334,32,1.24,1,carrying,standing,standing,0,0.0,0.6300611594491968,0.0577833978479043,0.08375016750052909,0.0824971411076934,0.5501019324153281,9.550612079331723,167.17493351791015,0.0,0.03125,0.34375,0.03094074404326731,0,0,0.625,0.6284032669419444
1786902911.8760211,33,1.28,1,carrying,standing,standing,0,0.0,0.6245033790783955,0.06571103143047233,0.08936163665007084,0.09691949183515693,0.5408389651306592,9.047471789167902,166.86682828383306,0.0,0.030303030303030304,0.36363636363636365,0.032940100036960934,0,0,0.6060606060606061,0.6257498032506934
1786902911.927176,34,1.32,1,carrying,standing,standing,0,0.0,0.6268497668927959,0.07153186489080518,0.09651753357010974,0.09978819303583425,0.5447496114879932,8.748605476689299,165.95646204128983,0.0,0.030303030303030304,0.3939393939393939,0.035963984674410455,0,0,0.6060606060606061,0.6116037564199387
1786902911.9590049,35,1.36,1,carrying,standing,standing,0,0.0,0.6198589436240383,0.07666404869107168,0.10138546926443678,0.1111489509660074,0.5330982393733972,8.691241660449855,165.07573065915906,0.0,0.030303030303030304,0.3939393939393939,0.0393321347036834,0,0,0.6060606060606061,0.604014101278258
1786902911.9935553,36,1.4,1,carrying,carrying,carrying,0,0.0,0.611558773441704,0.08050924824634778,0.10433590393611375,0.12540946372873346,0.51926462240284,8.452870690871704,163.8986870510375,0.0,0.030303030303030304,0.3939393939393939,0.042141773038484605,0,0,0.6060606060606061,0.5980124923921567
1786902912.0741284,37,1.44,1,carrying,carrying,carrying,0,0.0,0.6124916233961171,0.08486647244622375,0.10521751259060465,0.145045978524593,0.5208193723268618,8.487162767137194,162.0939901107833,0.0,0.030303030303030304,0.3939393939393939,0.04564887480269004,0,0,0.6060606060606061,0.5928707676001258
1786902912.1070437,38,1.48,1,carrying,carrying,carrying,0,0.0,0.605718560679405,0.08600299477574598,0.1163566477243337,0.15730888966403483,0.5095309344656751,8.305344631336297,160.46379642918492,0.0,0.030303030303030304,0.3939393939393939,0.049636097072747534,0,0,0.6060606060606061,0.5879310012329634
1786902912.1391375,39,1.52,1,walking,carrying,material_handling,1,1.0,0.6527614561228943,0.08921718263947573,0.11749706210212096,0.16396921640047396,0.4895584350019307,7.609180145027065,160.3334725494692,0.0,0.06060606060606061,0.3939393939393939,0.053842755957854045,0,1,0.6060606060606061,0.5826440505256267
1786902912.188051,40,1.56,1,walking,carrying,material_handling,1,1.0,0.6574751610536774,0.09163523028397608,0.11834552898966194,0.16408118969698673,0.4812879247282493,7.272427704220128,162.03083114778877,0.0,0.09090909090909091,0.3939393939393939,0.05814022618975354,0,1,0.6060606060606061,0.5772746601543841
1786902912.2388656,41,1.6,1,walking,carrying,material_handling,1,1.0,0.6592314277184127,0.09103462324241642,0.11866165698931429,0.16681979762311464,0.4635406807557645,7.1696956178074185,163.88366621897472,0.0,0.12121212121212122,0.3939393939393939,0.06252083419960366,0,1,0.6060606060606061,0.5715398814444226
1786902912.2706983,42,1.64,1,walking,carrying,material_handling,1,1.0,0.6497040261902028,0.09371866847622386,0.11694672471423652,0.16889275851438793,0.48217572055743674,6.974515486483405,164.07963626455114,0.0,0.15151515151515152,0.3939393939393939,0.06698065525112358,0,1,0.6060606060606061,0.5664493303290847
1786902912.3182466,43,1.68,1,walking,walking,material_handling,1,1.0,0.6269323244339433,0.09334937984210116,0.1128478183981098,0.17563929161171452,0.49173851966226845,6.813543840671331,164.11121260903377,0.0,0.18181818181818182,0.3939393939393939,0.07168644057178322,0,1,0.6060606060606061,0.5617434389945268
1786902912.3504632,44,1.72,1,walking,walking,walking,0,0.0,0.65160117198664,0.09420266030882714,0.1172882109575952,0.17737557587069674,0.4738443780514463,6.636459625813295,164.04890075913644,0.0,0.21212121212121213,0.42424242424242425,0.07643733505281376,0,0,0.5757575757575758,0.557711237574322
1786902912.3862908,45,1.76,1,walking,walking,walking,0,0.0,0.6669693332545977,0.09808995009865247,0.1200544799858276,0.178418807850446,0.45765479883898585,6.714329956911449,163.26577297018673,0.0,0.24242424242424243,0.45454545454545453,0.08125283988130384,0,0,0.5454545454545454,0.5529735162470495
1786902912.4591684,46,1.8,1,walking,walking,walking,0,0.0,0.7243996252753783,0.10212620368472612,0.1303919325495681,0.16018344704468027,0.44320264386804054,7.030346376443136,162.7481710190628,0.0,0.2727272727272727,0.48484848484848486,0.08551676232696544,0,0,0.5151515151515151,0.5477372781048324
1786902912.4907959,47,1.84,1,walking,walking,walking,0,0.0,0.7054700592355303,0.10252881309683273,0.12698461066239544,0.15625423491211282,0.42442102145357363,6.929503981912004,163.1497356834496,0.0,0.30303030303030304,0.5151515151515151,0.08967233498169927,0,0,0.48484848484848486,0.5419176870542911
1786902912.5310743,48,1.88,1,walking,walking,walking,0,0.0,0.6664521550833395,0.10352372923974557,0.11996138791500112,0.14547568634332866,0.41465470375006896,7.3135946839848955,164.52950336201457,0.0,0.3333333333333333,0.5454545454545454,0.09351705006999125,0,0,0.45454545454545453,0.5357686721495204
1786902912.5813694,49,1.92,1,walking,walking,walking,0,0.0,0.6,0.10044378934648811,0.10547780126287278,0.17007018215547115,0.4092405260821344,8.297076741454765,166.55404411950377,0.0,0.36363636363636365,0.5757575757575758,0.09812375125315695,0,0,0.42424242424242425,0.5294963003885315
1786902912.61216,50,1.96,1,walking,walking,walking,0,0.0,0.6,0.09597955281257733,0.09784063634624612,0.15295871323512994,0.39679462565272655,9.269150313583648,167.0946953187152,0.0,0.3939393939393939,0.6060606060606061,0.1022382304800546,0,0,0.3939393939393939,0.5229511199012324
1786902912.6496406,51,2.0,1,walking,walking,walking,0,0.0,0.6,0.0894613939133136,0.10189156249565114,0.15300437688856164,0.3901628247119977,10.111262022279291,166.35900845485116,0.0,0.42424242424242425,0.6363636363636364,0.10634393700726043,0,0,0.36363636363636365,0.516210414942929
1786902912.700672,52,2.04,1,walking,walking,walking,0,0.0,0.6,0.08659221486235189,0.10462758140471869,0.1438087802191796,0.3639314583837347,10.575872917849962,165.6394274732657,0.0,0.45454545454545453,0.6666666666666666,0.11014992451988515,0,0,0.3333333333333333,0.5086690088392195
1786902912.7307727,53,2.08,1,walking,walking,walking,0,0.0,0.6,0.08166581793760717,0.09599869274884681,0.13570782343941393,0.33787940494952395,10.458404938210899,164.97403570773866,0.0,0.48484848484848486,0.696969696969697,0.11364395590936387,0,0,0.30303030303030304,0.500425749411541
1786902912.7619112,54,2.12,1,walking,walking,walking,0,0.0,0.6,0.07471041901821768,0.08506943408002816,0.13759252090820845,0.3228613289334454,10.22911652916243,164.72917105947016,0.0,0.5151515151515151,0.7272727272727273,0.11721877783816512,0,0,0.2727272727272727,0.49176967823561807
1786902912.813887,55,2.16,1,walking,walking,walking,0,0.0,0.6,0.06247413877574594,0.07078139970382191,0.14140881432263827,0.3196240361120417,9.593664058574806,165.37595496966404,0.0,0.5454545454545454,0.7575757575757576,0.1207706783246888,0,0,0.24242424242424243,0.48332583906692506
1786902912.8473964,56,2.2,1,standing,walking,walking,0,0.0,0.75,0.0575730476221455,0.0540854822047389,0.1446691987511207,0.320703119175746,8.787362586212517,166.9574324519679,0.0,0.5454545454545454,0.7575757575757576,0.12415715647357115,0,0,0.24242424242424243,0.47536681169057415
1786902912.9202764,57,2.24,1,standing,walking,walking,0,0.0,0.75,0.05391180149368294,0.05056373735462843,0.1531171435247032,0.2986678903317016,7.938413914337576,168.63803571566314,0.0,0.5454545454545454,0.7575757575757576,0.12774587752766656,0,0,0.24242424242424243,0.46684567713689556
1786902912.9667547,58,2.28,1,standing,walking,walking,0,0.0,0.75,0.04862336212548221,0.056834297218046594,0.11897531981116209,0.2815613380477125,6.683509919693046,169.5574084294758,0.0,0.5454545454545454,0.7575757575757576,0.1301747888192128,0,0,0.24242424242424243,0.4581325028446974
1786902912.997159,59,2.32,1,walking,walking,walking,0,0.0,0.6,0.046262515461337715,0.0699417363197028,0.1269890873331578,0.27031307808975635,5.464674102776504,169.35795650890512,0.0,0.5757575757575758,0.7878787878787878,0.1325775648675278,0,0,0.21212121212121213,0.44950835523442667
1786902913.026297,60,2.36,1,walking,standing,standing,0,0.0,0.6,0.04456844786674839,0.07409507294263121,0.1090831149214352,0.25778054736800055,4.24380181423952,168.61171922467796,0.0,0.6060606060606061,0.8181818181818182,0.13438651795806777,0,0,0.18181818181818182,0.440810102437948
1786902913.087469,61,2.4,1,walking,standing,standing,0,0.0,0.6,0.04159961591213008,0.07560248939702376,0.10393489391880717,0.2653319759678866,2.9040858551040776,168.38472006257683,0.0,0.6363636363636364,0.8484848484848485,0.13554910304068507,0,0,0.15151515151515152,0.43223159731665245
1786902913.1199183,62,2.44,1,walking,standing,standing,0,0.0,0.6,0.04137178180163364,0.0720430470474485,0.10066174813343844,0.27113171935612423,1.944751971752463,168.36176690387862,0.0,0.6666666666666666,0.8787878787878788,0.13659417441503896,0,0,0.12121212121212122,0.4235953261587933
1786902913.1494544,63,2.48,1,walking,walking,walking,0,0.0,0.6,0.04253723434981818,0.06925869082662461,0.09994158249433902,0.2847367866267279,1.4844093265294518,168.88862498368832,0.0,0.696969696969697,0.9090909090909091,0.13759452012212095,0,0,0.09090909090909091,0.4151113472238323
1786902913.3137777,64,2.52,1,walking,walking,walking,0,0.0,0.6,0.04425988915800732,0.06368286198770644,0.09095096909395271,0.3051821671995977,1.3612413513833537,169.79107058323035,0.0,0.696969696969697,0.9090909090909091,0.13812431466305197,0,0,0.09090909090909091,0.4071631918563448
1786902913.3545697,65,2.56,1,walking,walking,walking,0,0.0,0.6,0.04245134909599287,0.06056370770063143,0.07900776892502569,0.3299240410291317,1.3453613190268228,170.27864334814774,0.0,0.7272727272727273,0.9090909090909091,0.13801857611206206,0,0,0.09090909090909091,0.40049113454161156
1786902913.4812016,66,2.6,1,standing,walking,walking,0,0.0,0.75,0.04091501176824913,0.05706394884729856,0.0740570193502251,0.3517537160518962,1.5457114104086616,170.07983357254662,0.0,0.7272727272727273,0.8787878787878788,0.13732577391554895,0,0,0.12121212121212122,0.3947612785089218
1786902913.5410993,67,2.64,1,standing,walking,walking,0,0.0,0.75,0.036763859232572756,0.050238871365217166,0.06576754104770738,0.37637386223890845,2.0167464706814293,169.8191946564017,0.0,0.7272727272727273,0.8484848484848485,0.1362948450674239,0,0,0.15151515151515152,0.3896589830771313
1786902913.5733194,68,2.68,1,standing,walking,walking,0,0.0,0.75,0.03260527755639097,0.03523840273592885,0.05464451073614712,0.3924343204613544,2.5925728702293225,169.54988079575975,0.0,0.7272727272727273,0.8181818181818182,0.13458258930288267,0,0,0.18181818181818182,0.38539644007979673
1786902913.6154156,69,2.72,1,standing,walking,walking,0,0.0,0.75,0.025862059236817142,0.02287746380151972,0.05216139375542422,0.4031195338718022,3.134578390872506,169.5234510393351,0.0,0.7272727272727273,0.7878787878787878,0.13236295081884303,0,0,0.21212121212121213,0.38187689194249247
1786902913.6855145,70,2.76,1,standing,standing,standing,0,0.0,0.75,0.02227458351535834,0.013716862160490558,0.04541461731571858,0.41519022058270527,3.7170668438357124,169.86624775490924,0.0,0.7272727272727273,0.7575757575757576,0.12934381866099834,0,0,0.24242424242424243,0.37867600855630595
1786902913.721743,71,2.8,1,standing,standing,standing,0,0.0,0.75,0.019875485332088192,0.012464156127474839,0.04097555463859242,0.42451380107336634,4.377839571032944,170.2909134514631,0.0,0.7272727272727273,0.7272727272727273,0.12581856608446976,0,0,0.2727272727272727,0.37609973178684203
1786902913.7507489,72,2.84,1,standing,standing,standing,0,0.0,0.75,0.01615403814198379,0.01174667924703586,0.03632176696559374,0.4303408570032615,5.093369815279038,170.42856921995931,0.0,0.696969696969697,0.696969696969697,0.12195046155614003,0,0,0.30303030303030304,0.3743052597262763
1786902913.7969024,73,2.88,1,idle,standing,standing,0,0.0,0.85,0.012681331820591389,0.014062374363892806,0.03357739707619535,0.43196477951408097,5.6944241927782535,170.1257625459966,0.0,0.6666666666666666,0.6666666666666666,0.11799580117369184,0,0,0.3333333333333333,0.37281061896221057
1786902913.8265572,74,2.92,1,idle,standing,standing,0,0.0,0.85,0.011880377899977984,0.012484046263879228,0.03111203546589945,0.4296480614229495,6.19921546529564,169.655917851812,0.0,0.6363636363636364,0.6363636363636364,0.11388344474468531,0,0,0.36363636363636365,0.3717835698915192
1786902913.8547366,75,2.96,1,idle,standing,standing,0,0.0,0.85,0.010718120125130633,0.013350755328714235,0.028694085156991806,0.42633079606516777,6.671034126007514,169.2883808123237,0.0,0.6060606060606061,0.6060606060606061,0.1096350000974915,0,0,0.3939393939393939,0.3700912994523596
1786902913.9358978,76,3.0,1,idle,standing,standing,0,0.0,0.85,0.011398314437942366,0.013018653841706565,0.02668799837117419,0.4226606499210493,6.977365953116349,168.97350125859728,0.0,0.5757575757575758,0.5757575757575758,0.10512132454474783,0,0,0.42424242424242425,0.36799803067232256
1786902913.9681337,77,3.04,1,idle,idle,idle,0,0.0,0.85,0.012166252287502125,0.01223254853084873,0.026915509470458107,0.4202025653238769,7.137119000178818,168.76742346620642,0.0,0.5454545454545454,0.5454545454545454,0.10056192859322546,0,0,0.45454545454545453,0.36637252119572955
1786902914.002896,78,3.08,1,idle,idle,idle,0,0.0,0.85,0.01318760598175494,0.012393655355587981,0.02408346663744986,0.41821915904388024,7.135203827179453,168.64060797685315,0.0,0.5151515151515151,0.5151515151515151,0.09588510007161952,0,0,0.48484848484848486,0.3651775018079992
1786902914.071454,79,3.12,1,idle,idle,idle,0,0.0,0.85,0.01381712180468714,0.013203136013290224,0.023166021496058453,0.41860135406669297,7.107293433693783,168.66618802330044,0.0,0.48484848484848486,0.48484848484848486,0.09173305687317643,0,0,0.5151515151515151,0.3644320081776553
1786902914.1162872,80,3.16,1,idle,idle,idle,0,0.0,0.85,0.013032652927191184,0.01565439209004725,0.021448076801382384,0.41777050330051574,7.090247062994647,169.1072770016984,0.0,0.45454545454545453,0.45454545454545453,0.08764802177891187,0,0,0.5454545454545454,0.36423047732453223
1786902914.1467657,81,3.2,1,idle,idle,idle,0,0.0,0.85,0.013659301903734608,0.019186202988726152,0.017907539563924574,0.41595939546207356,6.982851339059566,169.63924769634488,0.0,0.42424242424242425,0.42424242424242425,0.08378232036135419,0,0,0.5757575757575758,0.36427001343701726
1786902914.2208743,82,3.24,1,standing,idle,idle,0,0.0,0.75,0.014514897455432281,0.02100803497209621,0.022452000847905135,0.4184338494970975,6.845706261104965,169.848240703351,0.0,0.3939393939393939,0.3939393939393939,0.07930904213991279,0,0,0.6060606060606061,0.36454859899504644
1786902914.3215623,83,3.28,1,standing,idle,idle,0,0.0,0.75,0.015999806876101155,0.021500940424594592,0.033155936685666985,0.428190320500429,6.753765303265856,169.46468034282296,0.0,0.36363636363636365,0.36363636363636365,0.07567865497174722,0,0,0.6363636363636364,0.36549998368740105
1786902914.353531,84,3.32,1,standing,idle,idle,0,0.0,0.75,0.01588622218924577,0.021757573679891135,0.03919672003783189,0.44382951120516667,6.568391389258849,168.67619036221782,0.0,0.3333333333333333,0.3333333333333333,0.07222993809748268,0,0,0.6666666666666666,0.3671262469144668
1786902914.4025328,85,3.36,1,standing,idle,idle,0,0.0,0.75,0.014799892545125457,0.027329028782072273,0.04473832522436469,0.4568501176803891,6.425409958509553,168.92438035489354,0.0,0.30303030303030304,0.30303030303030304,0.06922780309763982,0,0,0.696969696969697,0.3699419638628503
1786902914.4356039,86,3.4,1,standing,standing,standing,0,0.0,0.75,0.014056152789044632,0.0315632202972052,0.045552872917438224,0.46680008885490604,6.2597371423178245,169.18359031769128,0.0,0.2727272727272727,0.2727272727272727,0.0664958349000042,0,0,0.7272727272727273,0.37384865125392247
1786902914.465997,87,3.44,1,standing,standing,standing,0,0.0,0.75,0.013516714323670721,0.03153374337501296,0.04804953361348671,0.47561806881378466,6.108772633700876,169.4336413213523,0.0,0.24242424242424243,0.24242424242424243,0.06378241104258839,0,0,0.7575757575757576,0.3784776433715084
1786902914.5449119,88,3.48,1,standing,standing,standing,0,0.0,0.75,0.014011381296964566,0.03191258893918091,0.05064321287950471,0.48527641004295263,6.074939767538215,169.86604631789245,0.0,0.21212121212121213,0.21212121212121213,0.06103193827158433,0,0,0.7878787878787878,0.3834974122785058
1786902914.586477,89,3.52,1,standing,standing,standing,0,0.0,0.75,0.01442040294022636,0.03039285338123198,0.051065490087484504,0.49512972467062993,6.014009105228552,170.08302802918016,0.0,0.21212121212121213,0.21212121212121213,0.058195462251474143,0,0,0.7878787878787878,0.388783066990472
1786902914.6377237,90,3.56,1,standing,standing,standing,0,0.0,0.75,0.012877349049783857,0.028290308698305844,0.05009558183146819,0.5052841623438548,5.9424885771771025,170.14110347886322,0.0,0.21212121212121213,0.21212121212121213,0.055073596745618535,0,0,0.7878787878787878,0.39504416614235544
1786902914.685708,91,3.6,1,standing,standing,standing,0,0.0,0.75,0.012715157124958472,0.024397976599487156,0.045691499656296215,0.5151038188077208,5.859331721346345,170.01399915167278,0.0,0.21212121212121213,0.21212121212121213,0.05285287492274382,0,0,0.7878787878787878,0.40212121101387077
1786902914.7427413,92,3.64,1,standing,standing,standing,0,0.0,0.75,0.012592312722434773,0.025184168787811614,0.037058863769078874,0.52237864937905,5.642801829955442,169.98702160550508,0.0,0.18181818181818182,0.18181818181818182,0.05012771663292325,0,0,0.8181818181818182,0.4097595616590009
1786902914.77439,93,3.68,1,standing,standing,standing,0,0.0,0.75,0.012297105893194441,0.023773850133335758,0.03201393636598934,0.5269858055318276,5.313859703855658,170.61947781834144,0.0,0.15151515151515152,0.15151515151515152,0.04779228697972792,0,0,0.8484848484848485,0.4179172967548745
1786902914.8644965,94,3.72,1,idle,standing,standing,0,0.0,0.85,0.013476092715297185,0.017674983711517503,0.02817017957470292,0.5275083655121608,4.960843616377541,171.69943157375116,0.0,0.12121212121212122,0.12121212121212122,0.04549638654505809,0,0,0.8787878787878788,0.4258620358319737
1786902914.8940022,95,3.76,1,idle,standing,standing,0,0.0,0.85,0.013036840691464765,0.0138059151176535,0.028120295123875434,0.5308695955740305,4.702501976091592,171.70111787938566,0.0,0.09090909090909091,0.09090909090909091,0.043298160696283464,0,0,0.9090909090909091,0.4337328805658496
1786902914.9266417,96,3.8,1,idle,standing,standing,0,0.0,0.85,0.013547171028888251,0.012843385752438933,0.026124393477825907,0.5371046726988864,4.483705590510221,171.71315296158974,0.0,0.06060606060606061,0.06060606060606061,0.041061276180631545,0,0,0.9393939393939394,0.4413803922650059
1786902914.9887352,97,3.84,1,idle,standing,standing,0,0.0,0.85,0.012861201298057299,0.012296014610984424,0.02349884378330789,0.5432751041551631,4.33487561287767,171.70235600330443,0.0,0.030303030303030304,0.030303030303030304,0.039017272383339276,0,0,0.9696969696969697,0.44859532974850796
1786902915.0223513,98,3.88,1,idle,idle,idle,0,0.0,0.85,0.01205421540802145,0.011387930766672655,0.021535089728058437,0.5478909502385565,4.104770871015242,171.5704959714891,0.0,0.0,0.0,0.03727567604403724,0,0,1.0,0.455200387603339
1786902915.0522366,99,3.92,1,idle,idle,idle,0,0.0,0.85,0.01202867830391353,0.009066458613705752,0.02298857535714932,0.5536492964001641,3.9125979191070512,171.6226027166069,0.0,0.0,0.0,0.035728147438186454,0,0,1.0,0.4613184354926805
1786902915.1218898,100,3.96,1,idle,idle,idle,0,0.0,0.85,0.01103520035490739,0.009245465096853003,0.027620911959491328,0.5643822869321408,3.7280821707861422,171.46920734877062,0.0,0.0,0.0,0.03457218898096779,0,0,1.0,0.46701566048338444
1786902915.16472,101,4.0,1,idle,idle,idle,0,0.0,0.85,0.008830034950438645,0.008476332557804778,0.03164916265433812,0.5770623847437422,3.57811641010386,171.3244570355372,0.0,0.0,0.0,0.03387536025121599,0,0,1.0,0.4726104503101235
1786902915.1955407,102,4.04,1,idle,idle,idle,0,0.0,0.85,0.009115121908259508,0.009268726271021278,0.035757826191470825,0.5884817666383303,3.525810300429844,171.55072279782604,0.0,0.0,0.0,0.033378282446247715,0,0,1.0,0.478227487666685
1786902915.249156,103,4.08,1,idle,idle,idle,0,0.0,0.85,0.009399753359072156,0.011704821696017288,0.04124156617182317,0.5938718927461537,3.5292685994866817,171.79222117889896,0.0,0.0,0.0,0.03325182635097815,0,0,1.0,0.4836420837928501
1786902915.2799277,104,4.12,1,idle,idle,idle,0,0.0,0.85,0.009783891346472678,0.012227504375525472,0.044051391386615735,0.5925699218411313,3.558187172619385,171.91657567392022,0.0,0.0,0.0,0.03334503352516069,0,0,1.0,0.48873469351308535
1786902915.3126748,105,4.16,1,idle,idle,idle,0,0.0,0.85,0.00949427564141126,0.0138943505299301,0.05249390967772119,0.5839827318931187,3.6228929509815786,172.16502658601433,0.0,0.0,0.0,0.033835098455831214,0,0,1.0,0.4933905079036871
1786902915.3784733,106,4.2,1,idle,idle,idle,0,0.0,0.85,0.008729278790204714,0.013778183670605336,0.05914331850893143,0.5710064520514796,3.702263982666281,172.251304098363,0.0,0.0,0.0,0.0346098233477323,0,0,1.0,0.4976038919199719
1786902915.4133449,107,4.24,1,idle,idle,idle,0,0.0,0.85,0.0082327412759697,0.01406077803258428,0.061251846132292696,0.5568029893288775,3.85454659014401,172.29927634278368,0.0,0.0,0.0,0.035523150943683614,0,0,1.0,0.5014570715534848
1786902915.5068698,108,4.28,1,idle,idle,idle,0,0.0,0.85,0.007735276117998277,0.016078837730110766,0.06403155769019916,0.5442556642287523,4.0791448259651375,172.3338299259599,0.0,0.0,0.0,0.03659398344468989,0,0,1.0,0.505030552406927
1786902915.5697124,109,4.32,1,idle,idle,idle,0,0.0,0.85,0.007580130381679829,0.01708153032774399,0.058290381622907866,0.529993449125487,4.336983378712562,172.4381528826594,0.0,0.0,0.0,0.03755163142201516,0,0,1.0,0.5082830614737279
1786902915.6113842,110,4.36,1,idle,idle,idle,0,0.0,0.85,0.007974500410120329,0.018226886038941646,0.05307024785445713,0.5093364894843443,4.571610775921401,172.52627742137514,0.0,0.0,0.0,0.038344199251833314,0,0,1.0,0.5109840894785905
1786902915.6527395,111,4.4,1,idle,idle,idle,0,0.0,0.85,0.007301731487584269,0.018500468091600667,0.050676371034546794,0.4859390754079123,4.7932703475142215,172.4997031156401,0.0,0.0,0.0,0.039150044839624136,0,0,1.0,0.5130362081562886
1786902915.701093,112,4.44,1,idle,idle,idle,0,0.0,0.85,0.006175974320520153,0.01651172777722291,0.04642229591972428,0.46477858284035206,4.950394539320184,172.39660934617058,0.0,0.0,0.0,0.03985478042822006,0,0,1.0,0.5144355181191268
1786902915.7306929,113,4.48,1,idle,idle,idle,0,0.0,0.85,0.005534893897861992,0.016060721183713413,0.041464001880875644,0.4465450728755601,5.089185331573512,172.23509392722048,0.0,0.0,0.0,0.040461323612447135,0,0,1.0,0.5153074747729159
1786902915.807004,114,4.52,1,idle,idle,idle,0,0.0,0.85,0.004988230330554429,0.014728984992107555,0.0360910036621571,0.43376500611676133,5.311303361777092,172.1125451272074,0.0,0.0,0.0,0.04101233767602994,0,0,1.0,0.515847038732149
1786902915.8582115,115,4.56,1,idle,idle,idle,0,0.0,0.85,0.005460928754709721,0.015159472642188762,0.03074199521615105,0.4276590411867943,5.395858874598518,172.07010599756921,0.0,0.0,0.0,0.041263549626582845,0,0,1.0,0.516126589995473
1786902915.8864439,116,4.6,1,idle,idle,idle,0,0.0,0.85,0.005034545466324359,0.0144012326368146,0.028460856922835072,0.42530026600526566,5.527574914446681,172.02953554985558,0.0,0.0,0.0,0.041121274482254604,0,0,1.0,0.5160390125865287
1786902915.915097,117,4.64,1,idle,idle,idle,0,0.0,0.85,0.005270930201349975,0.013502145011613618,0.023243364833804327,0.4240334341066162,5.527387379089379,172.0577959344462,0.0,0.0,0.0,0.04063783947607195,0,0,1.0,0.5154391314623302
1786902915.963694,118,4.68,1,idle,idle,idle,0,0.0,0.85,0.005114808456000116,0.013016470073057458,0.02272225965337905,0.42177263144290544,5.549387372146727,172.07943707557288,0.0,0.0,0.0,0.03997068597392087,0,0,1.0,0.5143761773339216
1786902915.992427,119,4.72,1,idle,idle,idle,0,0.0,0.85,0.004970758899344018,0.012027862951412331,0.023075025682147907,0.4206929043125321,5.540178704717914,171.9877025598077,0.0,0.0,0.0,0.03928953908800298,0,0,1.0,0.5129789899235466
1786902916.0304513,120,4.76,1,idle,idle,idle,0,0.0,0.85,0.00516436384856953,0.012344728358426633,0.02103756111289837,0.4190345561924043,5.560733156276939,171.94157821557357,0.0,0.0,0.0,0.03847099446677303,0,0,1.0,0.511264338025929
1786902916.0829022,121,4.8,1,idle,idle,idle,0,0.0,0.85,0.004625395230372622,0.012275481101127682,0.01942429004192052,0.4202776644339149,5.603485369573064,171.77880578041135,0.0,0.0,0.0,0.037524966501997756,0,0,1.0,0.5092946790680795
1786902916.1138022,122,4.84,1,idle,idle,idle,0,0.0,0.85,0.004893886378652871,0.013560272451064382,0.02008587947866132,0.42094904595085525,5.686720289946419,171.65718190156034,0.0,0.0,0.0,0.036586190422942505,0,0,1.0,0.5070467797129348
1786902916.1450722,123,4.88,1,idle,idle,idle,0,0.0,0.85,0.005331220398130781,0.012799081015683365,0.016405993489659952,0.4223647249989845,5.753671305212078,171.59507565604386,0.0,0.0,0.0,0.03556529380652407,0,0,1.0,0.504534069490363
1786902916.1981726,124,4.92,1,idle,idle,idle,0,0.0,0.85,0.005031336793984829,0.012223868526141286,0.015252256839150035,0.4231157428366359,5.743559272310867,171.46997239424695,0.0,0.0,0.0,0.034642892509034795,0,0,1.0,0.5017465520366937
1786902916.2557087,125,4.96,1,idle,idle,idle,0,0.0,0.85,0.005062167630883906,0.01222051258073582,0.015256357461583282,0.4239059108631563,5.804182357639771,171.38519356575517,0.0,0.0,0.0,0.03398221049971675,0,0,1.0,0.4987625296574241
1786902916.2876437,126,5.0,1,idle,idle,idle,0,0.0,0.85,0.004730130473411381,0.011897943844729504,0.018981663542488543,0.42344182730435065,5.861589812238806,171.4205711481061,0.0,0.0,0.0,0.03358729314142884,0,0,1.0,0.49562483334750057
1786902916.3372257,127,5.04,1,idle,idle,idle,0,0.0,0.85,0.005377529354074596,0.012393248332830235,0.024790329737326266,0.423413772642375,6.00411245636371,171.38561071985464,0.0,0.0,0.0,0.03348487344938712,0,0,1.0,0.4924704517453859
1786902916.3748975,128,5.08,1,idle,idle,idle,0,0.0,0.85,0.007791866197466593,0.013474167630403724,0.03182841058243508,0.42039484044928466,6.039155755484011,171.50120857291446,0.0,0.0,0.0,0.03359724058449499,0,0,1.0,0.4891227318931209
1786902916.4076262,129,5.12,1,idle,idle,idle,0,0.0,0.85,0.008422408934559557,0.012924781788004968,0.0483567301498022,0.4146323422071795,5.931010581433624,171.56956567335925,0.0,0.0,0.0,0.03427094775637307,0,0,1.0,0.4854114491509479
1786902916.4893084,130,5.16,1,idle,idle,idle,0,0.0,0.85,0.008994868164697706,0.013719804714829198,0.059134273416976336,0.41624722155418575,5.810758357493956,171.7532726058194,0.0,0.0,0.0,0.03535080926042363,0,0,1.0,0.4815621193751607
1786902916.5206978,131,5.2,1,idle,idle,idle,0,0.0,0.85,0.010781619493957888,0.0129001371051543,0.07869970760073827,0.4243392747837529,5.54015519602242,171.97833560190406,0.0,0.0,0.0,0.037083070408080586,0,0,1.0,0.47781812920986366
1786902916.6313262,132,5.24,1,idle,idle,idle,0,0.0,0.85,0.011335884808210718,0.013150155692200863,0.09858664590700988,0.42784016674161596,5.375910882909986,172.18321985339628,0.0,0.0,0.0,0.03937392103080363,0,0,1.0,0.47400573134142276
1786902916.68385,133,5.28,1,idle,idle,idle,0,0.0,0.85,0.011984981250644212,0.013818819533470169,0.10811747368800768,0.43018018645389844,5.279686896149656,172.27767727978122,0.0,0.0,0.0,0.04181321078015261,0,0,1.0,0.4699390010239003
1786902916.7144883,134,5.32,1,idle,idle,idle,0,0.0,0.85,0.01205102123434487,0.013683810466042966,0.11026126529903493,0.4302939073724895,5.1960564460608385,172.42156403374946,0.0,0.0,0.0,0.04419539570877979,0,0,1.0,0.4654914714065896
1786902916.7571597,135,5.36,1,idle,idle,idle,0,0.0,0.85,0.012947901021729786,0.012985657235634943,0.10915953701704618,0.4297612133154026,5.0347102242905715,172.5064184450303,0.0,0.0,0.0,0.046419689976221465,0,0,1.0,0.4606817576695312
1786902916.8065581,136,5.4,1,idle,idle,idle,0,0.0,0.85,0.014005166238522592,0.011178230969713805,0.1057022965564867,0.4292438761903671,4.888401248970807,172.55444489816765,0.0,0.0,0.0,0.048373045442423386,0,0,1.0,0.4556930298951134
1786902916.933927,137,5.44,1,idle,idle,idle,0,0.0,0.85,0.01199698072290943,0.009810958413653054,0.10106345737098713,0.4271345897090283,4.71260853135995,172.62893609033486,0.0,0.0,0.0,0.05010068380558617,0,0,1.0,0.4506798380123225
1786902916.9850483,138,5.48,1,idle,idle,idle,0,0.0,0.85,0.010956973100507264,0.00929602917950298,0.08359233081526357,0.4277129338024726,4.63166882218699,172.5326169344765,0.0,0.0,0.0,0.05104306020369351,0,0,1.0,0.44594438958533317
1786902917.4141662,139,5.52,1,idle,idle,idle,0,0.0,0.85,0.010748627234917358,0.009369479479290704,0.07107355203812174,0.42923613378610204,4.721303289148932,172.5602429601602,0.0,0.0,0.0,0.051404582431850795,0,0,1.0,0.44164831933486715
1786902917.457006,140,5.56,1,idle,idle,idle,0,0.0,0.85,0.008384504055265012,0.009210678664666391,0.05041423426650109,0.4240377981636379,4.852424391539244,172.45742942815266,0.0,0.0,0.0,0.05107616995106923,0,0,1.0,0.43762513172379935
1786902917.4907908,141,5.6,1,idle,idle,idle,0,0.0,0.85,0.007527619753470955,0.009276791223997018,0.03075750018199032,0.41279271099322745,5.094444453750575,172.41263621998732,0.0,0.0,0.0,0.0500678651780932,0,0,1.0,0.4336414058681773
1786902917.5423007,142,5.64,1,idle,idle,idle,0,0.0,0.85,0.006994657338261347,0.008481453779907323,0.02114337165242314,0.40557567025729196,5.221537457178703,172.2413074475787,0.0,0.0,0.0,0.04894219820929064,0,0,1.0,0.4298711701448987
1786902917.6291032,143,5.68,1,idle,idle,idle,0,0.0,0.85,0.007166680562963416,0.008909304621465138,0.01895798895100159,0.39887149748345313,5.274297364926649,172.21830117441294,0.0,0.0,0.0,0.04790849339403441,0,0,1.0,0.42652374614487165
1786902917.8117054,144,5.72,1,idle,idle,idle,0,0.0,0.85,0.006417092786224364,0.008623605118314934,0.017340536343667622,0.3951350025541749,5.353294612467467,172.29252130835934,0.0,0.0,0.0,0.04689831658521988,0,0,1.0,0.42377210757354633
1786902917.875405,145,5.76,1,idle,idle,idle,0,0.0,0.85,0.0050422759943518,0.009234575578202613,0.016110697731365427,0.39086194425961696,5.488568406365904,172.29148564902488,0.0,0.0,0.0,0.04597978330678477,0,0,1.0,0.4215322094347362
1786902917.9076889,146,5.8,1,idle,idle,idle,0,0.0,0.85,0.004779642721858441,0.010311991033396757,0.012477918417907314,0.38886468014792364,5.597859299471155,172.36041404863423,0.0,0.0,0.0,0.045101417141240274,0,0,1.0,0.4197843187460199
1786902917.9455478,147,5.84,1,idle,idle,idle,0,0.0,0.85,0.005494762238165377,0.010762100629540394,0.018134985339603827,0.38947883432905817,5.760322958625026,172.36204457655353,0.0,0.0,0.0,0.04455729537389017,0,0,1.0,0.4184423135403319
1786902917.9944704,148,5.88,1,idle,idle,idle,0,0.0,0.85,0.006207602938421509,0.010367395464046315,0.022586610874046814,0.39247752676120673,5.974056166904836,172.333596431231,0.0,0.0,0.0,0.04431016251503853,0,0,1.0,0.4173762070425869
1786902918.0591795,149,5.92,1,idle,idle,idle,0,0.0,0.85,0.00606830027182275,0.009960607883370153,0.023821380686425662,0.3970076159881715,6.205463224389755,172.09555806862494,0.0,0.0,0.0,0.04416957232605643,0,0,1.0,0.41651885401176575
1786902918.0912552,150,5.96,1,idle,idle,idle,0,0.0,0.85,0.005515261784140566,0.010103925728175523,0.02594927557208627,0.40375547303240705,6.445653639786178,171.99493609414645,0.0,0.0,0.0,0.04425156962115588,0,0,1.0,0.4159043703428503
1786902918.1368515,151,6.0,1,idle,idle,idle,0,0.0,0.85,0.006183659809972731,0.010607817771678026,0.028010420012272535,0.41158812151715407,6.7013322298412845,171.90789669939718,0.0,0.0,0.0,0.04441181690475872,0,0,1.0,0.4155957488299489
1786902918.1652446,152,6.04,1,idle,idle,idle,0,0.0,0.85,0.006358370458656287,0.011808788207770572,0.03010961118478481,0.4206495498572349,7.0064095719202895,171.8300639197651,0.0,0.0,0.0,0.04462498616241437,0,0,1.0,0.4155944350585762
1786902918.1943777,153,6.08,1,idle,idle,idle,0,0.0,0.85,0.006591204667167862,0.012310355794031105,0.029322702870905257,0.43051075083150697,7.3402062762569145,171.72989631944702,0.0,0.0,0.0,0.04487605106417217,0,0,1.0,0.4159421985324884
1786902918.2497492,154,6.12,1,idle,idle,idle,0,0.0,0.85,0.007172306779682094,0.011945577415184535,0.029257816654519153,0.43772757165927095,7.581751569738327,171.4994910081254,0.0,0.0,0.0,0.04517403671909939,0,0,1.0,0.4164709835999234
1786902918.280048,155,6.16,1,idle,idle,idle,0,0.0,0.85,0.007380470150471976,0.012266385760829869,0.029552056841410393,0.4474595397916513,7.836223861871642,171.27768180174206,0.0,0.0,0.0,0.04546089057857664,0,0,1.0,0.4172743318981294
1786902918.3200417,156,6.2,1,idle,idle,idle,0,0.0,0.85,0.006962478339316016,0.011572738167348467,0.024983870570682503,0.45745425504971066,8.10442307323467,171.0833524107091,0.0,0.0,0.0,0.04572082624769853,0,0,1.0,0.4183376509905756
1786902918.3743036,157,6.24,1,idle,idle,idle,0,0.0,0.85,0.005836905464814103,0.011711968030983724,0.021279915516143968,0.4663114755395689,8.351470791499398,170.8926196030008,0.0,0.0,0.0,0.045903482571243805,0,0,1.0,0.41964661258763425
1786902918.5073075,158,6.28,1,idle,idle,idle,0,0.0,0.85,0.006347277255952843,0.013140130762994934,0.020951390130662065,0.4714660800425228,8.452975455968717,170.75215921147637,0.0,0.0,0.0,0.04607605931879164,0,0,1.0,0.42108782983549375
1786902918.5709918,159,6.32,1,idle,idle,idle,0,0.0,0.85,0.006443251065053977,0.013367192299817095,0.019366814952695932,0.4767147445420412,8.481399465281426,170.73453960969292,0.0,0.0,0.0,0.046087730573646415,0,0,1.0,0.4227021606608784
1786902918.7318864,160,6.36,1,idle,idle,idle,0,0.0,0.85,0.006060111031807762,0.01289548349322523,0.017873563725261284,0.48019352331747694,8.464039199556145,170.82785181038406,0.0,0.0,0.0,0.04587813160358384,0,0,1.0,0.4244227591661845
1786902918.7632818,161,6.4,1,idle,idle,idle,0,0.0,0.85,0.0064330646160185466,0.01128013653659703,0.016462607559899436,0.47895644319991354,8.403575584216611,170.75842867653174,0.0,0.0,0.0,0.04541250120896155,0,0,1.0,0.4261973531889308
1786902918.8088448,162,6.44,1,idle,idle,idle,0,0.0,0.85,0.005915716371509449,0.011346895792157505,0.017236663628241788,0.47719886032998576,8.311436094858308,170.81995474945057,0.0,0.0,0.0,0.04446946889012638,0,0,1.0,0.42809330828356135
1786902918.8574872,163,6.48,1,idle,idle,idle,0,0.0,0.85,0.005281394451786813,0.011067569341625826,0.016942551840680303,0.4744758991336715,8.234357856995967,170.86499000861625,0.0,0.0,0.0,0.04319093187266286,0,0,1.0,0.42985781366475784
1786902918.9018168,164,6.52,1,idle,idle,idle,0,0.0,0.85,0.004942681044391939,0.010656636454857059,0.017713517547187738,0.47186384515963314,8.22013378590882,171.04683203296022,0.0,0.0,0.0,0.04134286550740376,0,0,1.0,0.4312979521609967
1786902918.9999664,165,6.56,1,idle,idle,idle,0,0.0,0.85,0.005621381965341735,0.010792503559025599,0.01591127122746809,0.4675755862771441,8.170143508999777,171.26061033640485,0.0,0.0,0.0,0.03883755112317522,0,0,1.0,0.4325020557832854
1786902919.0538337,166,6.6,1,idle,idle,idle,0,0.0,0.85,0.0060410296124258295,0.010280313862740222,0.017739777221004296,0.4619428082195669,8.074758133310809,171.3210646518867,0.0,0.0,0.0,0.036098833048417545,0,0,1.0,0.43346455947315404
1786902919.0942533,167,6.64,1,idle,idle,idle,0,0.0,0.85,0.005834364038192572,0.008763624545927055,0.017356785485949367,0.4562635241093849,7.927631651856787,171.41408139075148,0.0,0.0,0.0,0.03328354578135434,0,0,1.0,0.4342515175560903
1786902919.1246374,168,6.68,1,idle,idle,idle,0,0.0,0.85,0.006382024498858296,0.00878125129228806,0.018728234385396562,0.45057654799013064,7.784079654233487,171.5240247631836,0.0,0.0,0.0,0.030543203277364955,0,0,1.0,0.43488228527350636
1786902919.1744027,169,6.72,1,idle,idle,idle,0,0.0,0.85,0.00606487043200345,0.009193699823041052,0.01894977043494492,0.4440219525909949,7.6017410080614765,171.5484706024771,0.0,0.0,0.0,0.027914338849439446,0,0,1.0,0.4353301057704951
1786902919.2069614,170,6.76,1,idle,idle,idle,0,0.0,0.85,0.005239339674705874,0.009760686093207821,0.019441812938985416,0.4390516039993977,7.491689872926417,171.40287662697443,0.0,0.0,0.0,0.02544095568483334,0,0,1.0,0.43569122741565774
1786902919.2458048,171,6.8,1,idle,idle,idle,0,0.0,0.85,0.0060168571431705635,0.011370953467037632,0.020570439842657436,0.4344325489194717,7.315493587943619,171.59241451658073,0.0,0.0,0.0,0.023531201412936183,0,0,1.0,0.43589485211617285
1786902919.334205,172,6.84,1,idle,idle,idle,0,0.0,0.85,0.005971045725786187,0.012291992942474338,0.02079676623071416,0.42870539329147783,7.105830950497747,171.80005083150553,0.0,0.0,0.0,0.022007662449075347,0,0,1.0,0.4358787690708813
1786902919.3658612,173,6.88,1,idle,idle,idle,0,0.0,0.85,0.006138778366554487,0.011118314293354302,0.021830678586875873,0.4223366331697008,6.867955752879206,171.93830701179692,0.0,0.0,0.0,0.02114149409514731,0,0,1.0,0.43582721861651946
1786902919.4060726,174,6.92,1,idle,idle,idle,0,0.0,0.85,0.0053852412193278465,0.011305158290765364,0.024122193822342815,0.41998157056053537,6.656715721130297,172.10776086642392,0.0,0.0,0.0,0.020940424205461022,0,0,1.0,0.4360450628458319
1786902919.456225,175,6.96,1,idle,idle,idle,0,0.0,0.85,0.005421520013454167,0.011341466899032168,0.02317192583880255,0.41690168288690393,6.451127431666661,172.13225557339803,0.0,0.0,0.0,0.02100189554444222,0,0,1.0,0.4363882753497595
1786902919.4890068,176,7.0,1,idle,idle,idle,0,0.0,0.85,0.005965207886274485,0.011975328238007286,0.026518091645626327,0.41399601066201763,6.255517242200089,172.16521269493518,0.0,0.0,0.0,0.021230989565491454,0,0,1.0,0.4368465939309281
1786902919.5324185,177,7.04,1,idle,idle,idle,0,0.0,0.85,0.005544911802394619,0.012189848692540778,0.024461369978117174,0.41080151476758403,6.099146276533651,172.27106891355785,0.0,0.0,0.0,0.021446772402899012,0,0,1.0,0.4373213367252739
1786902919.5863636,178,7.08,1,idle,idle,idle,0,0.0,0.85,0.005443633956655781,0.012244630661561859,0.024887009527678444,0.40854489688259055,5.959723635433348,172.46506161889002,0.0,0.0,0.0,0.02171272124521153,0,0,1.0,0.4378571837744549
1786902919.6275897,179,7.12,1,idle,idle,idle,0,0.0,0.85,0.006565768963842466,0.011672381708333422,0.024012479137521296,0.40571383714232434,5.893185108972743,172.63784365884408,0.0,0.0,0.0,0.022062253388230132,0,0,1.0,0.4383677642894367
1786902919.6829903,180,7.16,1,idle,idle,idle,0,0.0,0.85,0.006342091085856701,0.010381326015607685,0.022347653291221375,0.40271557637038596,5.819221376561893,172.89460548282432,0.0,0.0,0.0,0.022189909992824608,0,0,1.0,0.4387688776846285
1786902919.7739894,181,7.2,1,idle,idle,idle,0,0.0,0.85,0.006000218244067444,0.010934712523344959,0.021452909867568638,0.40123771977752415,5.883320237439208,172.96407683303545,0.0,0.0,0.0,0.022155555416870722,0,0,1.0,0.43903433807906234
1786902919.8078113,182,7.24,1,idle,idle,idle,0,0.0,0.85,0.005669285788190467,0.011839849299080574,0.019463551984027983,0.4017340850757507,5.953838328560669,172.91387220432566,0.0,0.0,0.0,0.02202350000164655,0,0,1.0,0.43917756441504957
1786902919.9080443,183,7.28,1,idle,idle,idle,0,0.0,0.85,0.005846456075938686,0.012420355412266947,0.01787728359783372,0.40212052744130283,6.032733029711784,172.88937861268775,0.0,0.0,0.0,0.021778894184244956,0,0,1.0,0.43912802060925854
1786902919.9775226,184,7.32,1,idle,idle,idle,0,0.0,0.85,0.005226743210137528,0.01326812805158027,0.017601024761238513,0.4017267843796247,6.101493334120959,172.76868677157594,0.0,0.0,0.0,0.021463457964516652,0,0,1.0,0.4388291922111515
1786902920.007648,185,7.36,1,idle,idle,idle,0,0.0,0.85,0.004389294396340495,0.014983161451947983,0.01944766365931083,0.4033380503881737,6.154618769549646,172.86795803706383,0.0,0.0,0.0,0.021140368645562894,0,0,1.0,0.43830460131814974
1786902920.0398993,186,7.4,1,idle,idle,idle,0,0.0,0.85,0.004675046965720026,0.014501848538690389,0.030327079512804254,0.4078412890288578,6.169786820027127,173.0109989988164,0.0,0.0,0.0,0.021170804301378018,0,0,1.0,0.43761764793019065
1786902920.0908823,187,7.44,1,idle,idle,idle,0,0.0,0.85,0.005025079014831483,0.014045348005017916,0.044878934783700926,0.41062437474915986,6.137139898034007,173.03997589840816,0.0,0.0,0.0,0.02164417151741383,0,0,1.0,0.43679633893291453
1786902920.1256242,188,7.48,1,idle,idle,idle,0,0.0,0.85,0.006088291547657599,0.01560744906731616,0.0534963629865632,0.4064542208480928,6.22135446442265,172.83439428296361,0.0,0.0,0.0,0.022369756552115427,0,0,1.0,0.43555375351038256
1786902920.1788602,189,7.52,1,idle,idle,idle,0,0.0,0.85,0.006977220054331498,0.01641729712974634,0.06833312096553755,0.4025489761903766,6.385403494932617,172.8944398197247,0.0,0.0,0.0,0.023683370200444368,0,0,1.0,0.43388995718131174
1786902920.2283187,190,7.56,1,idle,idle,idle,0,0.0,0.85,0.008085193978473144,0.015484519616985108,0.08453882197130416,0.4022007580160568,6.5771748889546675,173.0117250651156,0.0,0.0,0.0,0.02560030675969165,0,0,1.0,0.4319472081654478
1786902920.25892,191,7.6,1,idle,idle,idle,0,0.0,0.85,0.011713405761050765,0.014987292401420181,0.09841562727573772,0.4039752589582726,6.605139721970971,173.16287334676946,0.0,0.0,0.0,0.027947707885300002,0,0,1.0,0.4299020317689553
1786902920.3775058,192,7.64,1,idle,idle,idle,0,0.0,0.85,0.012083503949372687,0.015302458402373228,0.10001377386426938,0.4062810758818878,6.691080592648925,173.18583668117657,0.0,0.0,0.0,0.030391555125044656,0,0,1.0,0.4277676781731931
1786902920.4276094,193,7.68,1,idle,idle,idle,0,0.0,0.85,0.012610405396855266,0.013538611073721346,0.10176874995818838,0.4100331804980459,6.867480578241117,173.2864320215125,0.0,0.0,0.0,0.03293383349573941,0,0,1.0,0.42564160717866484
1786902920.460234,194,7.72,1,idle,idle,idle,0,0.0,0.85,0.012728361982774347,0.01205970015011739,0.09924625635373958,0.41147311832301714,7.038104906293898,173.37946480550767,0.0,0.0,0.0,0.035442428913734565,0,0,1.0,0.42359665793997114
1786902920.4909165,195,7.76,1,idle,idle,idle,0,0.0,0.85,0.013210123127747784,0.012327512115038757,0.08955901208987121,0.4113747039437408,7.278373551054313,173.28491355866288,0.0,0.0,0.0,0.037634015230753645,0,0,1.0,0.4216019865343273
1786902920.540494,196,7.8,1,idle,idle,idle,0,0.0,0.85,0.01273147851749775,0.01264295193681773,0.07528519786431442,0.4073823539336471,7.582182696884035,173.15874465039025,0.0,0.0,0.0,0.03940197420116679,0,0,1.0,0.41956884880099315
1786902920.5721798,197,7.84,1,idle,idle,idle,0,0.0,0.85,0.01169229749709648,0.012758824790287572,0.06916196268855651,0.4034656550096088,7.892688992416261,173.1028016615378,0.0,0.0,0.0,0.040961017993329484,0,0,1.0,0.41749617637220454
1786902920.6702056,198,7.88,1,idle,idle,idle,0,0.0,0.85,0.010416056570046251,0.011368195259598847,0.054396285494136595,0.40600292455092496,8.149660444091932,173.19395373298727,0.0,0.0,0.0,0.042127230546864895,0,0,1.0,0.4156303381380768
1786902920.7471323,199,7.92,1,idle,idle,idle,0,0.0,0.85,0.00941401819333047,0.011000545116002887,0.03835705995832353,0.4096377723714081,8.348068078463594,173.14029211732594,0.0,0.0,0.0,0.04275199669042003,0,0,1.0,0.4140453370517689
1786902920.7778757,200,7.96,1,idle,idle,idle,0,0.0,0.85,0.005733626760379437,0.011045269695895317,0.025696355068098135,0.4075052697842449,8.526101309099158,172.93086201399518,0.0,0.0,0.0,0.043004710920182106,0,0,1.0,0.4125678141934313
1786902920.8211937,201,8.0,1,idle,idle,idle,0,0.0,0.85,0.004814303797003951,0.010632126185929678,0.023725508633866608,0.4030180901462149,8.790252114581385,172.6671101091653,0.0,0.0,0.0,0.04315614347316605,0,0,1.0,0.41112664880422173
1786902920.8718607,202,8.04,1,idle,idle,idle,0,0.0,0.85,0.004945980522610775,0.012075170126917964,0.022296593313022986,0.39660234272057954,9.012726661973554,172.60235032095474,0.0,0.0,0.0,0.043257562348259324,0,0,1.0,0.4096896909293607
1786902920.903875,203,8.08,1,idle,idle,idle,0,0.0,0.85,0.005430535432305701,0.01182047589837165,0.02046630063379628,0.39091470694209596,9.158972007604461,172.49060748761562,0.0,0.0,0.0,0.04328860742992025,0,0,1.0,0.40823099707913946
1786902920.9401853,204,8.12,1,idle,idle,idle,0,0.0,0.85,0.004535617622360444,0.011788039785131385,0.01920585481832129,0.38676591790622594,9.28677209023164,172.3489548805863,0.0,0.0,0.0,0.04324725636857674,0,0,1.0,0.40678655371510164
1786902921.0220132,205,8.16,1,idle,idle,idle,0,0.0,0.85,0.005149370410958656,0.01313333614003053,0.019986828608886013,0.38513402924027085,9.32732617738368,172.36056149886647,0.0,0.0,0.0,0.04322271280427892,0,0,1.0,0.40546620934991356
1786902921.060831,206,8.2,1,idle,idle,idle,0,0.0,0.85,0.005232926229384304,0.013586151746971283,0.01953867043658588,0.3857008124102169,9.380189252169206,172.28285245887827,0.0,0.0,0.0,0.043153258011845885,0,0,1.0,0.40435603296326256
1786902921.0915518,207,8.24,1,idle,idle,idle,0,0.0,0.85,0.005154981037856398,0.014469088389340483,0.01959657091274522,0.38878377358077304,9.442432024285546,172.21351302528078,0.0,0.0,0.0,0.04301611792367626,0,0,1.0,0.403410645175997
1786902921.1401644,208,8.28,1,idle,idle,idle,0,0.0,0.85,0.005514434336552662,0.015509246976929073,0.022957653206578582,0.39229147883572,9.396472430034697,172.29956243571,0.0,0.0,0.0,0.04300962481360887,0,0,1.0,0.40266488141687024
1786902921.1712198,209,8.32,1,idle,idle,idle,0,0.0,0.85,0.005582033999850787,0.015316119475269488,0.02292868440446348,0.39505556540307224,9.416888393279004,172.36583316777885,0.0,0.0,0.0,0.04290085489720999,0,0,1.0,0.40209092853023554
1786902921.2010818,210,8.36,1,idle,idle,idle,0,0.0,0.85,0.006052144620830851,0.01542114768437654,0.02418445279064024,0.3996025330775025,9.37298625939014,172.49438974275864,0.0,0.0,0.0,0.04289246346728645,0,0,1.0,0.4017515654487179
1786902921.327032,211,8.4,1,idle,idle,idle,0,0.0,0.85,0.005394367057454221,0.015198984162844563,0.022969938982011467,0.40479078313034816,9.334988260368835,172.59802894267617,0.0,0.0,0.0,0.04283437042044806,0,0,1.0,0.4016378044259227
1786902921.3634222,212,8.44,1,idle,idle,idle,0,0.0,0.85,0.005500257309802536,0.015762378048415383,0.02227342869428424,0.4108146929467962,9.29085872439116,172.61977721243704,0.0,0.0,0.0,0.042781671922168155,0,0,1.0,0.401792375813937
1786902921.3934822,213,8.48,1,idle,idle,idle,0,0.0,0.85,0.005970584819709044,0.01760482511673803,0.026364643330203455,0.4151932717330838,9.167457923808726,172.6039884920516,0.0,0.0,0.0,0.04290339889304639,0,0,1.0,0.40217048779462483
1786902921.474406,214,8.52,1,idle,idle,idle,0,0.0,0.85,0.005161657374823303,0.016857630960533745,0.024473079597683,0.41922785768178433,9.11809341622928,172.7770447123096,0.0,0.0,0.0,0.04299491918789834,0,0,1.0,0.40271564348869326
1786902921.5074916,215,8.56,1,idle,idle,idle,0,0.0,0.85,0.004499621044972124,0.015339510316494252,0.023186627341446962,0.42120001328712153,9.113726235706956,172.9248846786205,0.0,0.0,0.0,0.043107739653274676,0,0,1.0,0.40330552010115905
1786902921.5396717,216,8.6,1,idle,idle,idle,0,0.0,0.85,0.0048530521404588625,0.014676544674837342,0.023128095899529286,0.42231704097951805,9.066584654186594,173.02160928445934,0.0,0.0,0.0,0.04326685517756848,0,0,1.0,0.4039175356629231
1786902921.5871675,217,8.64,1,idle,idle,idle,0,0.0,0.85,0.004428153132860393,0.013465899127297693,0.018854517203023637,0.422846236197731,8.989384685567348,173.13534666939555,0.0,0.0,0.0,0.04330483979701651,0,0,1.0,0.4045575190513507
1786902921.6199853,218,8.68,1,idle,idle,idle,0,0.0,0.85,0.00442998345390988,0.013265196379042816,0.017631231580818925,0.42361651173276044,9.013925265907204,173.10216806879333,0.0,0.0,0.0,0.04324979640069858,0,0,1.0,0.4051720178799744
1786902921.7222557,219,8.72,1,idle,idle,idle,0,0.0,0.85,0.004494967527068078,0.012507042237337167,0.015301715485205246,0.4246318777993875,8.932357315186684,173.13477954585306,0.0,0.0,0.0,0.04279448233925619,0,0,1.0,0.4056808236002935
1786902921.7731931,220,8.76,1,idle,idle,idle,0,0.0,0.85,0.004620601904323069,0.0131113200057869,0.015172365639442267,0.4242065823942025,8.870680123678897,173.1308432326603,0.0,0.0,0.0,0.04189428327427865,0,0,1.0,0.40609240565014326
1786902921.8886142,221,8.8,1,idle,idle,idle,0,0.0,0.85,0.004072411861930985,0.012638682246967174,0.014459868954929024,0.42364350478129786,8.826553452467842,173.08844389255205,0.0,0.0,0.0,0.04071135921271399,0,0,1.0,0.4066132930420586
1786902921.9169264,222,8.84,1,idle,idle,idle,0,0.0,0.85,0.004114693412986917,0.01100156243290177,0.0099869985698734,0.4225651445752619,8.823496862759777,173.14423414656227,0.0,0.0,0.0,0.03894329489769386,0,0,1.0,0.4072198435991764
1786902921.962761,223,8.88,1,idle,idle,idle,0,0.0,0.85,0.004874496085924472,0.010468685375189198,0.010173234533459889,0.4222858720195636,8.88695150623641,173.30437997638052,0.0,0.0,0.0,0.03668979224806221,0,0,1.0,0.4078284834174644
1786902921.9909291,224,8.92,1,idle,idle,idle,0,0.0,0.85,0.00454233892208052,0.01115474046612027,0.010591631496909863,0.42242016177808983,8.716239906169559,173.31847538792022,0.0,0.0,0.0,0.034028459042643185,0,0,1.0,0.4083874198665498
1786902922.0443041,225,8.96,1,idle,idle,idle,0,0.0,0.85,0.004777751173735504,0.010850463542269921,0.01093458637934028,0.4226302676308261,8.489330709419196,173.23148846094654,0.0,0.0,0.0,0.031329089724918054,0,0,1.0,0.40888284991954793
1786902922.100249,226,9.0,1,idle,idle,idle,0,0.0,0.85,0.005308739243486501,0.010679568758754648,0.014393420853753077,0.4225651400245091,8.229276622102084,173.37127274094925,0.0,0.0,0.0,0.028681352479329108,0,0,1.0,0.40926260626883476
1786902922.1794543,227,9.04,1,idle,idle,idle,0,0.0,0.85,0.005727837244730749,0.011894870221187574,0.014856224144777897,0.4241380655479102,7.949819812804624,173.26164449987965,0.0,0.0,0.0,0.02612407877602724,0,0,1.0,0.40964639254837687
1786902922.2255762,228,9.08,1,idle,idle,idle,0,0.0,0.85,0.005479915076948932,0.011871019543641748,0.01615158505200862,0.4261664525747924,7.648388231761397,173.16994716747416,0.0,0.0,0.0,0.023899611290031403,0,0,1.0,0.41009462735537844
1786902922.296236,229,9.12,1,idle,idle,idle,0,0.0,0.85,0.005848156885754509,0.01139220173447792,0.01848039315751623,0.42846674992138134,7.363475072797835,173.03661212670616,0.0,0.0,0.0,0.02217825357164358,0,0,1.0,0.41073354844591586
1786902922.34882,230,9.16,1,idle,idle,idle,0,0.0,0.85,0.006175399659803686,0.011099405639948571,0.01896451827690647,0.4314106339051997,7.077470414475552,172.8796062738328,0.0,0.0,0.0,0.02065711889250267,0,0,1.0,0.4115803659882066
1786902922.399411,231,9.2,1,idle,idle,idle,0,0.0,0.85,0.005594921050127398,0.01036651871511182,0.02114548509259465,0.43375892402192573,6.7657685624169615,172.91397340424328,0.0,0.0,0.0,0.01964951888033473,0,0,1.0,0.41242145688126713
1786902922.495382,232,9.24,1,idle,idle,idle,0,0.0,0.85,0.005257723220260104,0.011045937593940226,0.020716210424789085,0.43647890195607414,6.474036145889096,172.89791995978916,0.0,0.0,0.0,0.019114947682348837,0,0,1.0,0.4132348244444388
1786902922.5260208,233,9.28,1,idle,idle,idle,0,0.0,0.85,0.005743277211232332,0.011240704219645788,0.02117085485435662,0.43837866500066713,6.221351341446498,172.8435231911343,0.0,0.0,0.0,0.01897781131223546,0,0,1.0,0.4141703818752395
1786902922.5578468,234,9.32,1,idle,idle,idle,0,0.0,0.85,0.006634621213856679,0.012658336744954507,0.022808449308647213,0.4387132815538667,6.185074670523366,172.57532028251046,0.0,0.0,0.0,0.018950021635713663,0,0,1.0,0.4152520543421381
1786902922.608305,235,9.36,1,idle,idle,idle,0,0.0,0.85,0.00837610796510935,0.013962061614186762,0.025275644154128828,0.436537675245409,6.374597925479957,172.07292348026417,0.0,0.0,0.0,0.019040295903625958,0,0,1.0,0.4164622159337996
1786902922.6406097,236,9.4,1,idle,idle,idle,0,0.0,0.85,0.009990970101261503,0.015081175225478603,0.031117187993127442,0.4318101330507771,6.758877225371812,171.46038158381873,0.0,0.0,0.0,0.019363050066029938,0,0,1.0,0.41770147127042623
1786902922.6853673,237,9.44,1,idle,idle,idle,0,0.0,0.85,0.01200582670765602,0.016854858842536905,0.03448811788998068,0.4215067570673111,7.303880570043449,170.99894835625093,0.0,0.0,0.0,0.019826148946989305,0,0,1.0,0.41875422397227735
1786902922.7491026,238,9.48,1,standing,idle,idle,0,0.0,0.75,0.01624690028787986,0.024744795944004597,0.037055892984214474,0.4059319183862578,7.614970216741179,171.20567486085025,0.0,0.0,0.0,0.020343393321999262,0,0,1.0,0.41938446303730725
1786902922.7798204,239,9.52,1,standing,idle,idle,0,0.0,0.75,0.021354871472876187,0.028186727199015344,0.04222105922154486,0.38485784990007654,7.725365607288862,171.44695389822755,0.0,0.0,0.0,0.02103073843669499,0,0,1.0,0.41935891871881814
1786902922.8118138,240,9.56,1,standing,idle,idle,0,0.0,0.75,0.028732707403097635,0.030543306550825138,0.050474337845719745,0.3631149377717933,7.691356264897226,171.59066289836434,0.0,0.0,0.0,0.021966428343754823,0,0,1.0,0.41858107520945514
1786902922.897441,241,9.6,1,standing,idle,idle,0,0.0,0.75,0.039591364572911424,0.030769939063543868,0.06028128760499291,0.3415317293215318,7.3612623795233505,171.53425988152676,0.0,0.0,0.0,0.023097447567949198,0,0,1.0,0.4170429009817524
1786902922.9285207,242,9.64,1,standing,standing,standing,0,0.0,0.75,0.04836616216833917,0.032049567947695,0.0734465152004397,0.3165092873780594,6.890608984853573,171.1484896208762,0.0,0.0,0.0,0.02462829092540302,0,0,1.0,0.4146627107385702
1786902922.9625423,243,9.68,1,standing,standing,standing,0,0.0,0.75,0.05725025164279477,0.03608557387949889,0.08457123876948232,0.29187423491602127,6.26273025329102,170.463296850489,0.0,0.0,0.0,0.02645819353082248,0,0,1.0,0.4113982168548889
1786902923.119228,244,9.72,1,standing,standing,standing,0,0.0,0.75,0.0627225986711772,0.04619886531840474,0.09071626019563071,0.2650601432940062,5.789256910840138,168.95699886151522,0.0,0.0,0.0,0.028511112355477604,0,0,1.0,0.4071639550416665
1786902923.1512232,245,9.76,1,standing,standing,standing,0,0.0,0.75,0.0665264715652636,0.059750654028646,0.09166695818738149,0.25304146286029966,5.128553508590071,167.0633263134272,0.0,0.0,0.0,0.03061394658254116,0,0,1.0,0.4023829480693484
1786902923.193761,246,9.8,1,walking,standing,standing,0,0.0,0.6,0.07108429049902434,0.07961477221459819,0.10204174127906365,0.23459504305619971,4.297096359978245,165.63566578259992,0.0,0.030303030303030304,0.030303030303030304,0.03290719197493086,0,0,0.9696969696969697,0.3969102744730792
1786902923.2494016,247,9.84,1,walking,standing,standing,0,0.0,0.6,0.07792526667225806,0.08823854595227493,0.11397618790636448,0.23781272879714313,3.384511451758314,165.71385380770658,0.0,0.06060606060606061,0.06060606060606061,0.035619407378224235,0,0,0.9393939393939394,0.39141284632505974
1786902923.2850134,248,9.88,1,walking,standing,standing,0,0.0,0.6,0.08109277550229366,0.09823849547357198,0.12170195554203236,0.24530647740286451,2.797269461282565,165.36741223741598,0.0,0.09090909090909091,0.09090909090909091,0.038604720353999554,0,0,0.9090909090909091,0.386082739177052
1786902923.3343182,249,9.92,1,walking,standing,standing,0,0.0,0.6,0.08504325706671591,0.10302537306625013,0.1301617433514417,0.25284741415791145,2.449874444746899,165.02674434110895,0.0,0.12121212121212122,0.12121212121212122,0.041848164216178714,0,0,0.8787878787878788,0.38094729594003357
1786902923.3855712,250,9.96,1,walking,walking,walking,0,0.0,0.6018897186757981,0.08818383746308496,0.10834014936164366,0.13346192071658514,0.26160487584166936,2.2656901605331123,164.13977617123084,0.0,0.15151515151515152,0.15151515151515152,0.0453211158378018,0,0,0.8484848484848485,0.37606119411106204
1786902923.417873,251,10.0,1,walking,walking,walking,0,0.0,0.6209744623366168,0.09631813813515544,0.11177540322059103,0.13607363788865104,0.27428344885935835,2.5225901192560443,162.57342879812262,0.0,0.18181818181818182,0.18181818181818182,0.04891027966531186,0,0,0.8181818181818182,0.371535949781565
1786902923.4878795,252,10.04,1,walking,walking,walking,0,0.0,0.6761955649878163,0.1030075461074987,0.12171520169780692,0.13387027416774494,0.28993500826999924,3.016934899006442,160.78739534630762,0.0,0.21212121212121213,0.21212121212121213,0.052503266292055484,0,0,0.7878787878787878,0.3674542264624927
1786902923.5538363,253,10.08,1,walking,walking,walking,0,0.0,0.6994899611749177,0.10841465960936372,0.12590819301148518,0.1343260570426076,0.31496965679980676,3.729059327690533,159.50188526662973,0.0,0.24242424242424243,0.24242424242424243,0.05611398421336353,0,0,0.7575757575757576,0.3641440165959958
1786902923.5858178,254,10.12,1,walking,walking,walking,0,0.0,0.6842433521854624,0.11713810415105784,0.12316380339338323,0.15311918845945688,0.34147766537796737,4.0745667543690445,160.2063178842392,0.0,0.2727272727272727,0.2727272727272727,0.0603157817741068,0,0,0.7272727272727273,0.36165414267468277
1786902923.6248,255,10.16,1,walking,walking,walking,0,0.0,0.6692876089557295,0.11994376261676878,0.12047176961203131,0.14575396522875536,0.35919114402665375,4.200649429140199,161.58525540019812,0.0,0.30303030303030304,0.30303030303030304,0.06442993227892141,0,0,0.696969696969697,0.359733718415634
1786902923.680005,256,10.2,1,walking,walking,walking,0,0.0,0.6814847295686101,0.12182375350111224,0.1226672513223498,0.14621013337357217,0.3816039559992349,4.327188761002495,162.50380414319778,0.0,0.3333333333333333,0.3333333333333333,0.06855226254680358,0,0,0.6666666666666666,0.3585009330816847
1786902923.72927,257,10.24,1,walking,walking,walking,0,0.0,0.6528952522909782,0.12282362535564514,0.11752114541237607,0.14440033893110324,0.3877941212685276,4.665419331498725,161.06018066633038,0.0,0.36363636363636365,0.36363636363636365,0.07260707186299127,0,0,0.6363636363636364,0.35745165912684945
1786902923.760661,258,10.28,1,walking,walking,walking,0,0.0,0.7009511911917312,0.12404990400071864,0.12617121441451162,0.13321314573355073,0.38665564910342454,4.703776581337874,159.97624228429308,0.0,0.3939393939393939,0.3939393939393939,0.07631248275251279,0,0,0.6060606060606061,0.3563615191714737
1786902923.813725,259,10.32,1,walking,walking,walking,0,0.0,0.7461467117573172,0.1247449623915928,0.13430640811631708,0.13075603455154342,0.37452873960976724,4.858322406806266,158.29233736718146,0.0,0.42424242424242425,0.42424242424242425,0.07983862256153675,0,0,0.5757575757575758,0.3549058706740572
1786902923.8440971,260,10.36,1,walking,walking,walking,0,0.0,0.805060043936186,0.12809856224621574,0.1449108079085135,0.12312998207217486,0.3610624726375176,4.824999504977208,157.46862833815874,0.0,0.45454545454545453,0.45454545454545453,0.08311964552903363,0,0,0.5454545454545454,0.352994489070712
1786902923.8854856,261,10.4,1,walking,walking,walking,0,0.0,0.7356567155267695,0.1177879650188956,0.1324182087948185,0.11480993718194564,0.33771439656561275,4.994339423383604,157.72880371938032,0.0,0.48484848484848486,0.48484848484848486,0.08610929256327414,0,0,0.5151515151515151,0.3503141237371005
1786902923.9673452,262,10.44,1,walking,walking,walking,0,0.0,0.6991187306235279,0.116147632587914,0.12584137151223504,0.10895558366163466,0.33447924293093084,5.19882707036771,158.7668520543959,0.0,0.5151515151515151,0.5151515151515151,0.08885096500279288,0,0,0.48484848484848486,0.34746601746466255
1786902924.0342195,263,10.48,1,walking,walking,walking,0,0.0,0.6774899638366073,0.11097091147735168,0.1219481934905893,0.08412673727546718,0.32520615445609924,5.339172136189027,159.71979605403266,0.0,0.5454545454545454,0.5454545454545454,0.09082557769971895,0,0,0.45454545454545453,0.344247699905599
1786902924.0631354,264,10.52,1,walking,walking,walking,0,0.0,0.6051072562818022,0.10477773946726139,0.10891930613072438,0.07281053323372633,0.3184047880711532,5.88901726942167,160.17593850950445,0.0,0.5757575757575758,0.5757575757575758,0.0923911852191472,0,0,0.42424242424242425,0.3407521200283028
1786902924.118267,265,10.56,1,walking,walking,walking,0,0.0,0.6,0.09255225515805515,0.09522364412198998,0.06715197777752953,0.31370647866334517,6.934130135773385,160.8586507950153,0.0,0.6060606060606061,0.6060606060606061,0.09379832968438176,0,0,0.3939393939393939,0.3370317435648868
1786902924.171267,266,10.6,1,walking,walking,walking,0,0.0,0.6,0.08512669624508043,0.08951411671242303,0.07444628501468527,0.31950910542106953,7.894901347259028,161.61921977389935,0.0,0.6363636363636364,0.6363636363636364,0.09541273665893717,0,0,0.36363636363636365,0.3334296356988383
1786902924.2234752,267,10.64,1,walking,walking,walking,0,0.0,0.6,0.07433973369804148,0.0774453942583915,0.0808343368036739,0.33720540417497796,8.480718305709782,163.2330974613499,0.0,0.6666666666666666,0.6666666666666666,0.09717109688605918,0,0,0.3333333333333333,0.3303536394146297
1786902924.2906191,268,10.68,1,walking,walking,walking,0,0.0,0.6,0.06233000338501435,0.0637693212367374,0.07449406171931741,0.36191917866872175,9.011702122543621,164.136909999461,0.0,0.696969696969697,0.696969696969697,0.09866256408500429,0,0,0.30303030303030304,0.3280924728516997
1786902924.323226,269,10.72,1,standing,walking,walking,0,0.0,0.75,0.04842727808815116,0.050402866218385106,0.06707604728141478,0.3899219771449543,9.299808940665026,165.92248319912383,0.0,0.696969696969697,0.696969696969697,0.09975222648767967,0,0,0.30303030303030304,0.32682313479394753
1786902924.3805382,270,10.76,1,standing,walking,walking,0,0.0,0.75,0.04927264763151702,0.048912367069066875,0.06643860584579113,0.41636097120535787,9.658065616532246,167.4187267185864,0.0,0.696969696969697,0.696969696969697,0.1007204230924012,0,0,0.30303030303030304,0.3266672018890398
1786902924.490869,271,10.8,1,standing,walking,walking,0,0.0,0.75,0.04602828053238247,0.04383232597660267,0.06360041911255133,0.451687998234312,9.583267805584518,167.94969202106185,0.0,0.696969696969697,0.696969696969697,0.10152480267204778,0,0,0.30303030303030304,0.3280537497632233
1786902924.5231302,272,10.84,1,standing,walking,walking,0,0.0,0.75,0.04445288107713915,0.037640206723088605,0.06139344353537631,0.4695288099042392,9.108782006381766,168.22584907679845,0.0,0.696969696969697,0.696969696969697,0.10210578401489115,0,0,0.30303030303030304,0.3306195364300161
1786902924.6720016,273,10.88,1,standing,standing,standing,0,0.0,0.75,0.04655151141308678,0.03853985717410032,0.06980873918824151,0.48820612957849824,8.67566895777747,168.5796877868334,0.0,0.696969696969697,0.696969696969697,0.10269167496466453,0,0,0.30303030303030304,0.3344101786059769
1786902924.7410119,274,10.92,1,standing,standing,standing,0,0.0,0.75,0.049735887324405786,0.04376745277450521,0.07320034089127776,0.4960171354658069,8.069296346311166,169.26459581162038,0.0,0.696969696969697,0.696969696969697,0.10308316142788529,0,0,0.30303030303030304,0.33909155454974277
1786902924.7874832,275,10.96,1,standing,standing,standing,0,0.0,0.75,0.055402526712029054,0.053832499897760865,0.06876089464858055,0.5022051806089534,7.119529189511977,169.48223795353275,0.0,0.696969696969697,0.696969696969697,0.10294117292631381,0,0,0.30303030303030304,0.3447187028294668
1786902924.8255098,276,11.0,1,walking,standing,standing,0,0.0,0.6,0.055066551403168074,0.06737511458477433,0.1551929456472657,0.4991480205070175,6.097536328546638,170.05870465695773,0.0,0.7272727272727273,0.7272727272727273,0.105081224649883,0,0,0.2727272727272727,0.3509997266352546
1786902924.876061,277,11.04,1,walking,standing,standing,0,0.0,0.6,0.06407329591924421,0.08248311987864018,0.25082215591242085,0.49439990196591077,5.593333596363137,170.94095227078012,0.0,0.7575757575757576,0.7575757575757576,0.10993291845948268,0,0,0.24242424242424243,0.35794941629197896
1786902924.9080355,278,11.08,1,walking,standing,standing,0,0.0,0.6,0.06285636682491796,0.09043497621644521,0.27401767798628485,0.4647972783282793,5.568942056846884,171.73682171903252,0.0,0.7878787878787878,0.7878787878787878,0.11545869784732825,0,0,0.21212121212121213,0.36436625918494797
1786902924.949262,279,11.12,1,walking,standing,standing,0,0.0,0.6,0.06631246338987284,0.09569784261061351,0.30898071188621845,0.47334540472680436,5.648915830831607,171.9666921288319,0.0,0.7878787878787878,0.7878787878787878,0.12172957574451475,0,0,0.21212121212121213,0.37160111862951184
1786902925.0721345,280,11.16,1,walking,walking,walking,0,0.0,0.6,0.06702478565016239,0.10696692457087179,0.32880369109156193,0.49211524662817585,5.8704762636495555,170.7095745018807,0.0,0.7878787878787878,0.7878787878787878,0.12823950008346013,0,0,0.21212121212121213,0.3793072555334825
1786902925.10513,281,11.2,1,walking,walking,walking,0,0.0,0.6525920136892555,0.06769689206081256,0.11746656246406599,0.36093422506999095,0.48473548355587565,6.144712514798938,169.911451197565,0.0,0.7878787878787878,0.7878787878787878,0.1354889627964286,0,0,0.21212121212121213,0.3865626799623616
1786902925.1369197,282,11.24,1,walking,walking,walking,0,0.0,0.7355144953758551,0.07365545892663761,0.1323926091676539,0.36751683033992677,0.48310854074599224,6.46622151539859,170.26887169405313,0.0,0.7878787878787878,0.7878787878787878,0.14268154119001908,0,0,0.21212121212121213,0.3935402898589701
1786902925.207425,283,11.28,1,walking,walking,walking,0,0.0,0.7608883406778634,0.0838378319698512,0.1369599013220154,0.3847849012878092,0.46529824889019145,6.590405139398032,171.22991282738522,0.0,0.7878787878787878,0.7878787878787878,0.15029738908611676,0,0,0.21212121212121213,0.39971281631498595
1786902925.2420616,284,11.32,1,walking,walking,walking,0,0.0,0.7372688757660892,0.09159207016594742,0.13270839763789605,0.39803425986131113,0.4471436783018115,6.232876387153963,170.6804021179052,0.0,0.7878787878787878,0.7878787878787878,0.15823558975195492,0,0,0.21212121212121213,0.40495100508596943
1786902925.2743273,285,11.36,1,walking,walking,walking,0,0.0,0.6947226277594772,0.1051812573968689,0.1250500729967059,0.3216160307481935,0.43416037564226445,6.037239564218732,169.82757998195277,0.0,0.7878787878787878,0.7878787878787878,0.1639248551028776,0,0,0.21212121212121213,0.4093214707639168
1786902925.3810434,286,11.4,1,walking,walking,walking,0,0.0,0.6368011911492346,0.11521529193981205,0.11462421440686223,0.24158916305127487,0.4237864683962359,6.1133584191065165,167.04339577438674,0.0,0.7878787878787878,0.7878787878787878,0.1671752522546554,0,0,0.21212121212121213,0.4126189499032025
1786902925.467286,287,11.44,1,walking,walking,walking,0,0.0,0.6775167499131172,0.1274729877931698,0.12195301498436109,0.22995162467303906,0.41202610120570765,5.719631121502092,164.72447472065534,0.0,0.7878787878787878,0.7878787878787878,0.16950350789749125,0,0,0.21212121212121213,0.41475678129192195
1786902925.548873,288,11.48,1,walking,walking,walking,0,0.0,0.7312670484685578,0.13137683718034543,0.1316280687243404,0.20099857674156962,0.4241830162190041,5.073008049079215,161.45926726624523,0.0,0.7878787878787878,0.7878787878787878,0.17117758703424316,0,0,0.21212121212121213,0.4167262319644174
1786902925.6573822,289,11.52,1,walking,walking,walking,0,0.0,0.7912585404901723,0.13478375569281864,0.14242653728823101,0.1909894754549874,0.40723885823296213,4.373807624488125,159.35070189241767,0.0,0.7878787878787878,0.7878787878787878,0.17253453679428604,0,0,0.21212121212121213,0.41750304718362125
1786902925.6892903,290,11.56,1,walking,walking,walking,0,0.0,0.8372834030859564,0.14232270481831136,0.15071101255547215,0.17219266761981383,0.37838353156263943,3.660597737268195,159.5462573464403,0.0,0.7878787878787878,0.7878787878787878,0.17337672857273181,0,0,0.21212121212121213,0.41721787779859437
1786902925.725474,291,11.6,1,walking,walking,walking,0,0.0,0.8513097225337917,0.14746175343717383,0.1532357500560825,0.1702237525272921,0.3728761459512394,2.871655601380202,160.55268288999594,0.0,0.7878787878787878,0.7878787878787878,0.1744982621119361,0,0,0.21212121212121213,0.416800317097013
1786902925.777051,292,11.64,1,walking,walking,walking,0,0.0,0.817039294798379,0.14904555577401754,0.14706707306370823,0.16154414619102822,0.35769907729717604,2.340779797779125,160.24687911758528,0.0,0.7878787878787878,0.7878787878787878,0.1754312351919205,0,0,0.21212121212121213,0.41629032732996485
1786902925.8088093,293,11.68,1,walking,walking,walking,0,0.0,0.8162640390970471,0.1530989352317904,0.14692752703746847,0.1613339967855018,0.35463812441281306,2.078438857069339,158.92942610967688,0.0,0.7878787878787878,0.7878787878787878,0.17658893260747588,0,0,0.21212121212121213,0.41609565011103433
1786902925.8563318,294,11.72,1,walking,walking,walking,0,0.0,0.8244786985764606,0.1543702603454772,0.1484061657437629,0.15795607948988433,0.35641132880758997,2.2090680387816706,158.61305471871563,0.0,0.7878787878787878,0.7878787878787878,0.1778963914652922,0,0,0.21212121212121213,0.4166622238153367
1786902925.911872,295,11.76,1,walking,walking,walking,0,0.0,1.0,0.15462291817755003,0.18277433911131677,0.15680061006041238,0.34851998053518457,2.045078295344432,158.54667925987613,0.0,0.7878787878787878,0.7878787878787878,0.17934624075010364,0,0,0.21212121212121213,0.4170877007124353
1786902925.9446464,296,11.8,1,walking,walking,walking,0,0.0,0.965985538404186,0.14372528861597228,0.17387739691275347,0.16675876392912375,0.3370351342598195,2.366608893678759,159.80036183676623,0.0,0.7878787878787878,0.7878787878787878,0.1818502415577902,0,0,0.21212121212121213,0.4174461546458813
1786902925.9764833,297,11.84,1,walking,walking,walking,0,0.0,0.981503265560904,0.14855417502822077,0.1766705878009627,0.17722892543706326,0.3249212047440913,2.4717949741215253,160.30153123134085,0.0,0.7878787878787878,0.7878787878787878,0.18501443526092162,0,0,0.21212121212121213,0.4176436218177886
1786902926.071916,298,11.88,1,walking,walking,walking,0,0.0,0.9494782542201716,0.15142933266958203,0.1709060857596309,0.17884478997382056,0.3080044419147005,2.6302992423751634,161.77068563695624,0.0,0.7878787878787878,0.7878787878787878,0.18839906593353647,0,0,0.21212121212121213,0.4174708328254054
1786902926.105836,299,11.92,1,walking,walking,walking,0,0.0,0.9391948206836053,0.15031353556020136,0.16905506772304896,0.17805064651513,0.2844949719879327,2.7997954036470536,162.96718263173588,0.0,0.7878787878787878,0.7878787878787878,0.19153859203961057,0,0,0.21212121212121213,0.4164097984789467
1786902926.1391733,300,11.96,1,walking,walking,walking,0,0.0,0.8620544227140333,0.14775607742841318,0.155169796088526,0.1724327692972627,0.26054787723128825,3.3725163804074683,163.2450177576255,0.0,0.7878787878787878,0.7878787878787878,0.19431430211517386,0,0,0.21212121212121213,0.4140868431170167
1786902926.1914182,301,12.0,1,walking,walking,walking,0,0.0,0.8486840857461814,0.1518105278399613,0.15276313543431264,0.17117863920192578,0.2503703821941357,4.148299249436333,162.81037164918,0.0,0.7878787878787878,0.7878787878787878,0.19724413779646502,0,0,0.21212121212121213,0.41070657655718085
1786902926.2251,302,12.04,1,walking,walking,walking,0,0.0,0.8235370147822155,0.14915261913734368,0.1482366626607988,0.16359506954127145,0.2511096180282103,4.769289874011642,161.96485461861067,0.0,0.8181818181818182,0.8181818181818182,0.20016895665282433,0,0,0.18181818181818182,0.40650014143243096
1786902926.2934892,303,12.08,1,walking,walking,walking,0,0.0,0.7995716665795468,0.14461274161279616,0.14392289998431843,0.1558801876916697,0.26538414438135083,5.444285561027935,160.6814356018472,0.0,0.8484848484848485,0.8484848484848485,0.20287930761785097,0,0,0.15151515151515152,0.40192508607412775
1786902926.356669,304,12.12,1,walking,walking,walking,0,0.0,0.6053709182794645,0.1346461105271213,0.10896676529030362,0.15710175096638201,0.2957103736952205,6.1693964148990705,159.2722383129511,0.0,0.8787878787878788,0.8787878787878788,0.2057126813103913,0,0,0.12121212121212122,0.39719849139112495
1786902926.388808,305,12.16,1,walking,walking,walking,0,0.0,0.6,0.13138520269738288,0.10455165682757218,0.14377736369047825,0.3244380198259187,7.350283965731897,158.68175045705257,0.0,0.9090909090909091,0.9090909090909091,0.20820916373933376,0,0,0.09090909090909091,0.39280180078269106
1786902926.418805,306,12.2,1,walking,walking,walking,0,0.0,0.6,0.11444074419270318,0.09060285194800352,0.129078295761373,0.3578469451148457,8.185099550940667,160.03024987961982,0.0,0.9393939393939394,0.9393939393939394,0.21000521090821656,0,0,0.06060606060606061,0.3888515224656106
1786902926.4915576,307,12.24,1,walking,walking,walking,0,0.0,0.6,0.10086547308677181,0.07557404058893541,0.11587251271856035,0.3911027111829341,9.562981848169535,161.40505885606592,0.0,0.9696969696969697,0.9696969696969697,0.2112983070241948,0,0,0.030303030303030304,0.3856722974873418
1786902926.522102,308,12.28,1,walking,walking,walking,0,0.0,0.6,0.08805524444594595,0.0601080773263381,0.10272431256130275,0.4278589982669209,10.981563791191421,162.89833539864318,0.0,1.0,1.0,0.2123275015063985,0,0,0.0,0.3834193828709165
1786902926.55151,309,12.32,1,standing,walking,walking,0,0.0,0.75,0.07848772151816721,0.053231086055160595,0.1001377429876243,0.461945916140181,12.206669921271843,163.88042164678885,0.0,0.9696969696969697,0.9696969696969697,0.2106591620318639,0,0,0.030303030303030304,0.3822920463749518
1786902926.6087184,310,12.36,1,standing,walking,walking,0,0.0,0.75,0.06820566960934861,0.047594544563969804,0.08818003271659311,0.4970054546612305,12.802444306485658,165.1022984227287,0.0,0.9393939393939394,0.9393939393939394,0.20573061284411157,0,0,0.06060606060606061,0.3823710025172342
1786902926.6383467,311,12.4,1,standing,walking,walking,0,0.0,0.75,0.06287176548485705,0.04782182108682831,0.08671592775665826,0.5212952624509026,13.061107730214294,166.45778032098323,0.0,0.9090909090909091,0.9090909090909091,0.20005480223109257,0,0,0.09090909090909091,0.3840830626421622
1786902926.6990128,312,12.44,1,standing,walking,walking,0,0.0,0.75,0.05976575640670497,0.04355759824792123,0.08418389871926016,0.5379426711764443,13.240297873608066,168.02649575140782,0.0,0.8787878787878788,0.8787878787878788,0.1932427775896696,0,0,0.12121212121212122,0.3860405555648785
1786902926.7527208,313,12.48,1,standing,standing,standing,0,0.0,0.75,0.057319528649176506,0.04362120349088902,0.07456262109735029,0.5429250940165455,12.976786802597761,170.05132511755932,0.0,0.8484848484848485,0.8484848484848485,0.1855385027413602,0,0,0.15151515151515152,0.38758024790998064
1786902926.7973962,314,12.52,1,standing,standing,standing,0,0.0,0.75,0.06181061885731276,0.04884603159590444,0.07195405459944199,0.5325019329358021,12.709930100559113,172.1026566365444,0.0,0.8181818181818182,0.8181818181818182,0.17678152787861623,0,0,0.18181818181818182,0.3890277160730086
1786902926.8299575,315,12.56,1,carrying,standing,standing,0,0.0,0.6139451642355259,0.06775232028881095,0.06322631998851598,0.07835985462598856,0.5232419403925432,12.281486551518409,173.4043859527409,0.0,0.7878787878787878,0.8181818181818182,0.1680191952812242,0,0,0.18181818181818182,0.39024387969866176
1786902926.8994012,316,12.6,1,carrying,standing,standing,0,0.0,0.6046606263531699,0.07362511838862673,0.0809244669643619,0.08363416732588522,0.5077677105886165,11.456707093325148,173.003265338479,0.0,0.7575757575757576,0.8181818181818182,0.15889341546419616,0,0,0.18181818181818182,0.39153083308346254
1786902926.932303,317,12.64,1,walking,standing,standing,0,0.0,0.6,0.08327847623212219,0.09640869951340975,0.09087791108872925,0.4840687257042771,10.30713711011416,172.81114959443474,0.0,0.7575757575757576,0.8181818181818182,0.1495856473195725,0,0,0.18181818181818182,0.39264977391384026
1786902926.964499,318,12.68,1,walking,standing,standing,0,0.0,0.6043501522284489,0.09007368215335783,0.1087830274011208,0.10030203503245176,0.45381621083703366,9.311886968966368,173.33149428154167,0.0,0.7575757575757576,0.8181818181818182,0.14287916260091363,0,0,0.18181818181818182,0.3932454052833787
1786902927.0243075,319,12.72,1,walking,standing,standing,0,0.0,0.6123317389251991,0.09210136017899904,0.11021971300653582,0.11602226851150628,0.4232853927877658,8.461154947608824,172.3745113449112,0.0,0.7575757575757576,0.8181818181818182,0.1390741051906176,0,0,0.18181818181818182,0.3932302211740311
1786902927.0562046,320,12.76,1,walking,standing,standing,0,0.0,0.6198702733057228,0.09272688832546847,0.1115766491950301,0.12432946648263675,0.3936843491042187,7.695438133278749,170.10783154084282,0.0,0.7575757575757576,0.8181818181818182,0.1358734337303024,0,0,0.18181818181818182,0.392674410504289
1786902927.1304934,321,12.8,1,walking,walking,walking,0,0.0,0.6845667582740864,0.0959853723360839,0.12322201648933555,0.1388999443199893,0.37152608376142504,7.103611550439725,165.9201285216953,0.0,0.7575757575757576,0.8181818181818182,0.1339916569902545,0,0,0.18181818181818182,0.3910787458843624
1786902927.2271974,322,12.84,1,walking,walking,walking,0,0.0,0.7281585707908739,0.09894637026849071,0.1310685427423573,0.1556795240261031,0.3652924502039167,6.460160563323259,162.5815936922689,0.0,0.7575757575757576,0.8181818181818182,0.1329216584621065,0,0,0.18181818181818182,0.389807642610755
1786902927.2700286,323,12.88,1,walking,walking,walking,0,0.0,0.7580734128664869,0.10237850400753408,0.13645321431596763,0.16372245918443346,0.35844395245271643,5.774477781991605,160.776969749721,0.0,0.7575757575757576,0.8181818181818182,0.13266498547921615,0,0,0.18181818181818182,0.38920341294075733
1786902927.341154,324,12.92,1,walking,walking,walking,0,0.0,0.7785368856897895,0.1080247948037918,0.1401366394241621,0.16408674355763864,0.34982369527891993,5.2100161713195385,160.1504641926931,0.0,0.7575757575757576,0.8181818181818182,0.1324790155104388,0,0,0.18181818181818182,0.38850485382947486
1786902927.4023438,325,12.96,1,walking,walking,walking,0,0.0,0.8191852944823809,0.11265688777915489,0.14745335300682855,0.16592288501429261,0.34518566810861023,4.415423291304264,159.70411701719632,0.0,0.7575757575757576,0.8181818181818182,0.13261170456568921,0,0,0.18181818181818182,0.3881256596116396
1786902927.4340684,326,13.0,1,walking,walking,walking,0,0.0,0.7357887824265933,0.11644272952210254,0.1324419808367868,0.1672111072898031,0.34381247989509933,3.7558221296463805,159.4091416466615,0.0,0.7575757575757576,0.8181818181818182,0.13278979882339534,0,0,0.18181818181818182,0.3877976097777695
1786902927.488726,327,13.04,1,walking,walking,walking,0,0.0,0.7398850839864167,0.11992218466591378,0.133179315117555,0.16710108715434757,0.3437983932010388,3.203406224973434,158.78357950038364,0.0,0.7575757575757576,0.8181818181818182,0.133066920267773,0,0,0.18181818181818182,0.38741539960787397
1786902927.5620017,328,13.08,1,walking,walking,walking,0,0.0,0.7551063715966285,0.12179640333323898,0.13591914688739312,0.1546986393029213,0.3580197718973678,2.4642982578695323,156.82689536178543,0.0,0.7575757575757576,0.8181818181818182,0.13300322418421268,0,0,0.18181818181818182,0.38770327207339467
1786902927.5973785,329,13.12,1,walking,walking,walking,0,0.0,0.8082700149453587,0.12117065276489554,0.14548860269016456,0.15480260884629043,0.37202181071990137,1.942155341476094,154.7612487710719,0.0,0.7575757575757576,0.8181818181818182,0.13264091645442985,0,0,0.18181818181818182,0.3887634743903669
1786902927.6277847,330,13.16,1,walking,walking,walking,0,0.0,0.9083476286949911,0.12537577824836174,0.1635025731650984,0.14060491568266265,0.38113282633691126,1.527242700641494,153.68853493466312,0.0,0.7575757575757576,0.8181818181818182,0.13153109797702378,0,0,0.18181818181818182,0.3904668568628766
1786902927.6874857,331,13.2,1,walking,walking,walking,0,0.0,0.9231358968410593,0.12048340378928397,0.16616446143139066,0.12649976523759318,0.39013044792111423,1.022413246583794,155.23823226381225,0.0,0.7575757575757576,0.8181818181818182,0.129944885106229,0,0,0.18181818181818182,0.39295552371155573
1786902927.7196472,332,13.24,1,walking,walking,walking,0,0.0,0.9128989563112633,0.11929969114277249,0.1643218121360274,0.11958228135403438,0.3741932461500291,0.8050097800405502,156.72262906878822,0.0,0.7575757575757576,0.8181818181818182,0.1281731164649837,0,0,0.18181818181818182,0.3956736532316193
1786902927.8414648,333,13.28,1,walking,walking,walking,0,0.0,0.8841336510593116,0.1173729719447576,0.1591440571906761,0.11379001439219662,0.36010687086513543,0.8381800635375802,157.92978748051024,0.0,0.7575757575757576,0.8181818181818182,0.1263960632860423,0,0,0.18181818181818182,0.3986905924326449
1786902927.8976176,334,13.32,1,walking,walking,walking,0,0.0,0.7833379042677843,0.11544249243200858,0.14100082276820117,0.11607125583459989,0.3549465138414375,1.184878138280655,158.18738200753484,0.0,0.7575757575757576,0.8181818181818182,0.12472614257794151,0,0,0.18181818181818182,0.4018595661189268
1786902927.9426124,335,13.36,1,walking,walking,walking,0,0.0,0.7891111369409818,0.11555583234428947,0.14204000464937672,0.12476185080998403,0.3506634658208666,1.6429905848429391,158.1347517301578,0.0,0.7575757575757576,0.8181818181818182,0.1235493783739631,0,0,0.18181818181818182,0.404876349385371
1786902927.975609,336,13.4,1,walking,walking,walking,0,0.0,0.731270099653471,0.11989369024864839,0.13162861793762476,0.1205908902034566,0.35062042570701113,2.087324603210812,157.67276681696185,0.0,0.7575757575757576,0.8181818181818182,0.12248000572280511,0,0,0.18181818181818182,0.4074592670013
1786902928.0253556,337,13.44,1,walking,walking,walking,0,0.0,0.7573301577177897,0.12489668744994578,0.13631942838920214,0.13948723380556657,0.3612068431501408,2.4637227552226717,157.05269957711405,0.0,0.7575757575757576,0.8181818181818182,0.1219462324755077,0,0,0.18181818181818182,0.409444008499934
1786902928.0566707,338,13.48,1,walking,walking,walking,0,0.0,0.7547280008780163,0.12472574251654137,0.13585104015804292,0.1386727649218275,0.3631736867211647,2.873576660294443,156.37036711761897,0.0,0.7575757575757576,0.8181818181818182,0.12179154766433646,0,0,0.18181818181818182,0.41061781658766877
1786902928.1254687,339,13.52,1,walking,walking,walking,0,0.0,0.6520438327800019,0.119735750220313,0.11736788990040033,0.1463646194051874,0.3749766987399604,3.393519274537522,157.33208097744236,0.0,0.7575757575757576,0.8181818181818182,0.12231537565354296,0,0,0.18181818181818182,0.411136900030854
1786902928.2204633,340,13.56,1,walking,walking,walking,0,0.0,0.6462677217468705,0.1260114419026701,0.11632818991443668,0.15033038929344578,0.3895420607360785,3.775858567187684,159.78529510269482,0.0,0.7575757575757576,0.8181818181818182,0.12335955373156979,0,0,0.18181818181818182,0.4110896075930705
1786902928.251425,341,13.6,1,walking,walking,walking,0,0.0,0.6597957332299259,0.1208771496472045,0.11876323198138666,0.1443049264204576,0.39676042672729017,4.396860061542393,161.53310555729794,0.0,0.7575757575757576,0.8181818181818182,0.12461957233336236,0,0,0.18181818181818182,0.4101472266373241
1786902928.2860048,342,13.64,1,walking,walking,walking,0,0.0,0.6058153652141169,0.11394082325131714,0.10904676573854105,0.14137325617448668,0.40640179348694805,5.030382320748855,162.66222077919613,0.0,0.7878787878787878,0.8484848484848485,0.12586913333902486,0,0,0.15151515151515152,0.40846407140540797
1786902928.4249735,343,13.68,1,walking,walking,walking,0,0.0,0.6,0.10941967329353879,0.0984014813318827,0.12681056418494824,0.4109336678684652,5.674094955068908,162.74719718270313,0.0,0.8181818181818182,0.8787878787878788,0.12703975550473262,0,0,0.12121212121212122,0.40585583544199083
1786902928.464938,344,13.72,1,walking,walking,walking,0,0.0,0.6,0.10089898901808472,0.09997225284867052,0.11414709649045067,0.41683244352403354,6.0785205481504585,162.4649881207396,0.0,0.8484848484848485,0.9090909090909091,0.12787100304212023,0,0,0.09090909090909091,0.4026902954745099
1786902928.4951348,345,13.76,1,walking,walking,walking,0,0.0,0.6,0.09013043787294478,0.10030494194897734,0.11029075369525694,0.4082212832599468,6.3621524750055425,162.25880444593002,0.0,0.8787878787878788,0.9393939393939394,0.12866211985957468,0,0,0.06060606060606061,0.3987593443255252
1786902928.5493646,346,13.8,1,walking,walking,walking,0,0.0,0.6,0.08309490663357405,0.09514042383953115,0.10234386332390816,0.3863531862012753,6.70229494469478,161.76098562438446,0.0,0.9090909090909091,0.9696969696969697,0.12950397568462188,0,0,0.030303030303030304,0.3940147410583958
1786902928.5989916,347,13.84,1,walking,walking,walking,0,0.0,0.6,0.08287365038237175,0.08729513232402367,0.09273759217184166,0.37101962681763045,6.89990245409638,162.10212332071183,0.0,0.9393939393939394,1.0,0.1301337798534825,0,0,0.0,0.38912133784269365
1786902928.653231,348,13.88,1,walking,walking,walking,0,0.0,0.6,0.0782948529406519,0.08105146749288547,0.08300686733296765,0.3552300628033869,7.165284758932353,162.89680445992474,0.0,0.9696969696969697,1.0,0.13027459842036063,0,0,0.0,0.38403006882484036
1786902928.7034278,349,13.92,1,walking,walking,walking,0,0.0,0.6,0.06857599450215975,0.07186512262148542,0.06388960344523949,0.33038958176887523,7.262160825703873,163.2348349384517,0.0,1.0,1.0,0.1296762783027653,0,0,0.0,0.37865497401212095
1786902928.74043,350,13.96,1,walking,walking,walking,0,0.0,0.6,0.06792511056377817,0.0758721766894685,0.06692571923881427,0.3171429637392069,7.588320757374774,162.82645323435713,0.0,1.0,1.0,0.12895045430731336,0,0,0.0,0.373596617588937
1786902928.8079977,351,14.0,1,walking,walking,walking,0,0.0,0.6,0.0631218920972176,0.08220244660370396,0.05944252862293386,0.30442234359825854,8.007631799771657,163.02194652811448,0.0,1.0,1.0,0.12771228744641885,0,0,0.0,0.3690695307029135
1786902928.8691158,352,14.04,1,walking,walking,walking,0,0.0,0.6,0.061212334117553974,0.08333056658474595,0.060742233486202835,0.2955892144478676,8.236611292282872,163.99893077034864,0.0,1.0,1.0,0.12603713486989454,0,0,0.0,0.3651999495410984
1786902928.9008355,353,14.08,1,walking,walking,walking,0,0.0,0.6,0.06026189202392883,0.07588360200637329,0.06371102701598111,0.2983666000316489,8.45674532073934,164.93645081937282,0.0,1.0,1.0,0.12420021246181402,0,0,0.0,0.36231153290253565
1786902928.929738,354,14.12,1,walking,walking,walking,0,0.0,0.6,0.059698118611744455,0.07012526433328083,0.06422061779016233,0.3006754431915607,8.196093228417993,165.88742290030888,0.0,1.0,1.0,0.12193720256697081,0,0,0.0,0.36016454379435797
1786902928.997365,355,14.16,1,walking,walking,walking,0,0.0,0.6,0.055648075685172174,0.06648352154434908,0.06888193401542173,0.3222031229238774,8.002163740091055,166.8134404634699,0.0,1.0,1.0,0.11930697256664712,0,0,0.0,0.3588588066040538
1786902929.0318406,356,14.2,1,standing,walking,walking,0,0.0,0.75,0.0530220724897502,0.059974781494619295,0.06847358250502639,0.3531871748782833,7.892717581182351,167.8306079781825,0.0,0.9696969696969697,0.9696969696969697,0.11642064297030144,0,0,0.030303030303030304,0.35869951031391945
1786902929.063264,357,14.24,1,standing,walking,walking,0,0.0,0.75,0.05747536050217664,0.057852979450695945,0.0734364961219777,0.3718400814795541,7.759812815190903,168.4687695855668,0.0,0.9393939393939394,0.9393939393939394,0.11367366577528143,0,0,0.06060606060606061,0.3593666735321205
1786902929.1229222,358,14.28,1,standing,walking,walking,0,0.0,0.75,0.05790330914508003,0.05895949053928408,0.0721286432574863,0.38561506262035466,7.493300661805307,169.60291842739304,0.0,0.9090909090909091,0.9090909090909091,0.11083141602507517,0,0,0.09090909090909091,0.36059180669914304
1786902929.1701934,359,14.32,1,standing,walking,walking,0,0.0,0.75,0.05973818417738704,0.0456255735664172,0.0677712795389656,0.4035165248357133,7.055848603168551,170.89455890043857,0.0,0.8787878787878788,0.8787878787878788,0.10781808791141344,0,0,0.12121212121212122,0.36240102018219195
1786902929.244583,360,14.36,1,standing,standing,standing,0,0.0,0.75,0.06459969756573004,0.04735852689471216,0.07097648798964873,0.41574296467131483,6.520908475517044,172.3111411768202,0.0,0.8484848484848485,0.8484848484848485,0.10490522127005891,0,0,0.15151515151515152,0.36458115871159424
1786902929.296461,361,14.4,1,standing,standing,standing,0,0.0,0.75,0.06570930442684925,0.05344676417396024,0.078943378148202,0.4284435754643166,5.910095309343157,173.27502733001856,0.0,0.8181818181818182,0.8181818181818182,0.10260960729567348,0,0,0.18181818181818182,0.3667152133651381
1786902929.3270574,362,14.44,1,walking,standing,standing,0,0.0,0.6,0.06464040310649778,0.06051211274287048,0.08048676402455562,0.4444817216919038,5.57563761110025,173.55227374689153,0.0,0.8181818181818182,0.8181818181818182,0.10035761199804516,0,0,0.18181818181818182,0.3689109682430776
1786902929.3593616,363,14.48,1,walking,standing,standing,0,0.0,0.6,0.06297401206827552,0.061828305696987114,0.07681145494050551,0.45850396922408654,5.397842142595136,173.56558480967408,0.0,0.8181818181818182,0.8181818181818182,0.09842447682404039,0,0,0.18181818181818182,0.3712555483305678
1786902929.4328907,364,14.52,1,walking,standing,standing,0,0.0,0.6,0.06079140467216762,0.07227861786091357,0.07040995999517306,0.47246976020108145,5.469696710264156,172.68481636657992,0.0,0.8181818181818182,0.8181818181818182,0.09672478575608827,0,0,0.18181818181818182,0.3737506790057183
1786902929.4708428,365,14.56,1,walking,standing,standing,0,0.0,0.6,0.0589369493703022,0.08127884367382016,0.06958281835829941,0.4767326575412212,5.55978260437371,171.19369935764274,0.0,0.8181818181818182,0.8181818181818182,0.09520965051379326,0,0,0.18181818181818182,0.3768579338963605
1786902929.5074668,366,14.6,1,walking,walking,walking,0,0.0,0.6,0.055426756966115896,0.09406173145319535,0.06852898680777612,0.4764329654890348,5.665242688221494,170.80529943057283,0.0,0.8181818181818182,0.8181818181818182,0.09383810422335628,0,0,0.18181818181818182,0.3803829670667817
1786902929.5546217,367,14.64,1,walking,walking,walking,0,0.0,0.6,0.059647336891431424,0.10265391007562759,0.07467089275102097,0.4779832027905028,5.933729596892491,171.17299916822907,0.0,0.8181818181818182,0.8181818181818182,0.09258354776627814,0,0,0.18181818181818182,0.3841113515803897
1786902929.583922,368,14.68,1,walking,walking,walking,0,0.0,0.6,0.0647967231025029,0.10584105787351973,0.08281260358043468,0.47605206645246206,6.031934411312571,171.79779164326132,0.0,0.8181818181818182,0.8181818181818182,0.0913123584562918,0,0,0.18181818181818182,0.38791100614498353
1786902929.6192281,369,14.72,1,walking,walking,walking,0,0.0,0.6,0.0744273190148237,0.09606908805184258,0.08756224059244075,0.4704658461330893,6.111479037214611,172.12844526232658,0.0,0.8181818181818182,0.8181818181818182,0.090311490286261,0,0,0.18181818181818182,0.39154268555183436
1786902929.6706722,370,14.76,1,walking,walking,walking,0,0.0,0.6,0.08636704932929695,0.09386496598135739,0.08969634824451017,0.4640272343582679,6.020460400544033,170.8949880455362,0.0,0.8181818181818182,0.8181818181818182,0.0888026755722896,0,0,0.18181818181818182,0.39465845498238367
1786902929.7102108,371,14.8,1,walking,walking,walking,0,0.0,0.6,0.09750993755142419,0.08980797711258307,0.09943931573988558,0.4556890579096008,5.917290758574895,168.30018749254026,0.0,0.8181818181818182,0.8181818181818182,0.08761378317283681,0,0,0.18181818181818182,0.39746195107900295
1786902929.7682369,372,14.84,1,walking,walking,walking,0,0.0,0.6,0.10451005425835301,0.10111620836876134,0.11082232878601177,0.4425002590026434,5.493409166299526,165.55070948149375,0.0,0.8181818181818182,0.8181818181818182,0.08653674406316483,0,0,0.18181818181818182,0.3995081195718116
1786902929.843318,373,14.88,1,walking,walking,walking,0,0.0,0.6711449148598697,0.11268462110185415,0.12080608467477655,0.11889882980036151,0.4253698263442212,4.876050001561303,163.00231696904052,0.0,0.8181818181818182,0.8181818181818182,0.08558427256337439,0,0,0.18181818181818182,0.40059380943872497
1786902929.883379,374,14.92,1,walking,walking,walking,0,0.0,0.702098926837421,0.11804879708440787,0.1263778068307358,0.12775120876617546,0.4122144257339926,4.302432557799487,161.57187242608603,0.0,0.8181818181818182,0.8181818181818182,0.08508264475566887,0,0,0.18181818181818182,0.40106211243892803
1786902929.9620585,375,14.96,1,walking,walking,walking,0,0.0,0.7112995555278018,0.12069906526688524,0.1280339199950043,0.13466768914904412,0.40121893776374373,3.7111132736583428,162.2730044280281,0.0,0.8181818181818182,0.8181818181818182,0.08487944575489789,0,0,0.18181818181818182,0.4009050562048916
1786902930.057604,376,15.0,1,walking,walking,walking,0,0.0,0.760288375709628,0.1267626371489473,0.13685190762773305,0.14039284340989727,0.392463931578298,3.0097695256845274,163.24720316607122,0.0,0.8181818181818182,0.8181818181818182,0.08529102997383575,0,0,0.18181818181818182,0.4003453672264017
1786902930.093801,377,15.04,1,walking,walking,walking,0,0.0,0.7962112985996868,0.13934370906316265,0.1433180337479436,0.14778054525014184,0.379261802111529,2.2871995738783686,162.66377785421676,0.0,0.8181818181818182,0.8181818181818182,0.0863102253907961,0,0,0.18181818181818182,0.39920686294117425
1786902930.1294806,378,15.08,1,walking,walking,walking,0,0.0,0.7821165984767524,0.14150045779301546,0.14078098772581543,0.15151806308728674,0.36502816005013117,1.8418742364902125,161.06985881390693,0.0,0.8181818181818182,0.8181818181818182,0.08755953779661517,0,0,0.18181818181818182,0.39789798041966473
1786902930.1858711,379,15.12,1,walking,walking,walking,0,0.0,0.7936106420778045,0.14135467704240687,0.1428499155740048,0.15290222190012906,0.3575295887139658,1.6962472309946413,159.5305860847713,0.0,0.8181818181818182,0.8181818181818182,0.08909160926862185,0,0,0.18181818181818182,0.3970245380715644
1786902930.2173839,380,15.16,1,walking,walking,walking,0,0.0,0.8655034943881398,0.14086238681837068,0.15579062898986515,0.1510127067250253,0.3467488290419383,1.6725721528191166,159.51324128941914,0.0,0.8181818181818182,0.8181818181818182,0.09085752183083955,0,0,0.18181818181818182,0.3962890593510889
1786902930.2755826,381,15.2,1,walking,walking,walking,0,0.0,0.9371723226265919,0.14452955993261168,0.16869101807278652,0.1487139649630717,0.3338060564625433,1.378774172191284,160.05102613479,0.0,0.8181818181818182,0.8181818181818182,0.09284864600144875,0,0,0.18181818181818182,0.39563984703773003
1786902930.324608,382,15.24,1,walking,walking,walking,0,0.0,0.8344029836321512,0.14244958567410385,0.1501925370537872,0.14796927407926858,0.32003697809741705,1.412786353480347,161.7660731131912,0.0,0.8181818181818182,0.8181818181818182,0.09539651480854054,0,0,0.18181818181818182,0.39532613177495857
1786902930.3553457,383,15.28,1,walking,walking,walking,0,0.0,0.8723126139563417,0.14146682442297565,0.1570162705121415,0.14720443282360718,0.3072863976879947,1.3042180312142992,162.88459648313864,0.0,0.8181818181818182,0.8181818181818182,0.09782920309898882,0,0,0.18181818181818182,0.39502744795522476
1786902930.3868644,384,15.32,1,walking,walking,walking,0,0.0,0.8723963506166365,0.1420952959288414,0.15703134311099456,0.14477718292708383,0.29193375028317875,1.2773610949784975,163.95702047133105,0.0,0.8181818181818182,0.8181818181818182,0.10041510171426608,0,0,0.18181818181818182,0.39464900573355577
1786902930.4370582,385,15.36,1,walking,walking,walking,0,0.0,0.821147567760558,0.14048690657320995,0.14780656219690044,0.13480197669142702,0.28205013155623954,1.406785594442511,164.3851594146423,0.0,0.8181818181818182,0.8181818181818182,0.10265933635684864,0,0,0.18181818181818182,0.3942387304944155
1786902930.4970298,386,15.4,1,walking,walking,walking,0,0.0,0.7837583642781278,0.1302826305208135,0.14107650557006302,0.12671435447561813,0.28411507110577844,1.8272902745732011,163.5483523739593,0.0,0.8181818181818182,0.8181818181818182,0.10456852809804977,0,0,0.18181818181818182,0.3938068659815103
1786902930.556462,387,15.44,1,walking,walking,walking,0,0.0,0.8014097926886974,0.12817129960218843,0.14425376268396553,0.12375419406975656,0.2997653499657219,2.4698728497051734,163.50833760101173,0.0,0.8181818181818182,0.8181818181818182,0.10637257586409808,0,0,0.18181818181818182,0.3937792873989091
1786902930.6151028,388,15.48,1,walking,walking,walking,0,0.0,0.7837877960919754,0.12880706687551957,0.14108180329655556,0.12270676036726619,0.32778126361205745,3.10922894130542,163.1147687351698,0.0,0.8181818181818182,0.8181818181818182,0.10800363120809335,0,0,0.18181818181818182,0.3939483219652177
1786902930.6480238,389,15.52,1,walking,walking,walking,0,0.0,0.7178435999512113,0.12313965928276044,0.12921184799121804,0.11918982414278771,0.35305882621473544,3.953945708514568,163.31287472900263,0.0,0.8484848484848485,0.8484848484848485,0.10954048701529825,0,0,0.15151515151515152,0.39394443261177675
1786902930.6985738,390,15.56,1,walking,walking,walking,0,0.0,0.6,0.11456803692455031,0.10776022901728569,0.11896525743577044,0.38544014297041707,4.988279523597058,163.31661543064016,0.0,0.8787878787878788,0.8787878787878788,0.11092014644904954,0,0,0.12121212121212122,0.3943565556872574
1786902930.7582881,391,15.6,1,walking,walking,walking,0,0.0,0.6,0.10857880865467409,0.10227068124810267,0.11687540195732776,0.4183475862484437,6.587393381050028,165.0020227099415,0.0,0.9090909090909091,0.9090909090909091,0.11227610883389323,0,0,0.09090909090909091,0.39534845034265415
1786902930.7920246,392,15.64,1,walking,walking,walking,0,0.0,0.6,0.09940085688129098,0.08453613377975722,0.10868437883088468,0.45421507293794566,8.183975834094984,165.48894299442793,0.0,0.9393939393939394,0.9393939393939394,0.11351589972152713,0,0,0.06060606060606061,0.39688476998211564
1786902930.8360453,393,15.68,1,walking,walking,walking,0,0.0,0.6,0.0910452923981059,0.06708947301991565,0.09938400317872459,0.49092434060719753,10.052809165134406,166.48575519760777,0.0,0.9696969696969697,0.9696969696969697,0.1143767335151355,0,0,0.030303030303030304,0.39916299349532425
1786902930.907435,394,15.72,1,carrying,walking,walking,0,0.0,0.6126443882820805,0.08155782125098145,0.057861631356234,0.10559877256555429,0.5210739804701341,11.7326892496821,167.37580050407732,0.0,0.9696969696969697,1.0,0.11518447273990375,0,0,0.0,0.4019699754651975
1786902930.936916,395,15.76,1,standing,walking,walking,0,0.0,0.75,0.07116308854905376,0.052912667878337566,0.0979889184848878,0.5412926948976399,13.101655979295924,167.94045863318632,0.0,0.9393939393939394,0.9696969696969697,0.11571484105688352,0,0,0.030303030303030304,0.4049036413199168
1786902930.965431,396,15.8,1,standing,walking,walking,0,0.0,0.75,0.06601305972809444,0.04623241225755162,0.09231600725594058,0.5456640498948271,14.007663966450403,168.71905065671095,0.0,0.9090909090909091,0.9393939393939394,0.11618467597553307,0,0,0.06060606060606061,0.40754485588569683
1786902931.0111973,397,15.84,1,standing,walking,walking,0,0.0,0.75,0.058456825151125186,0.0415846293568262,0.08840028207720001,0.5376156251329061,14.640003035073487,169.45685734225168,0.0,0.8787878787878788,0.9090909090909091,0.116729837250746,0,0,0.09090909090909091,0.409518973004843
1786902931.0396185,398,15.88,1,standing,walking,walking,0,0.0,0.75,0.06158477925323463,0.03764751401185138,0.08791095255956267,0.5219638548428999,15.010677925485291,170.86439585793966,0.0,0.8484848484848485,0.8787878787878788,0.11728523525684488,0,0,0.12121212121212122,0.4108896153473181
1786902931.0713334,399,15.92,1,standing,standing,standing,0,0.0,0.75,0.06482355218439528,0.037458809029596946,0.08492772486345093,0.505301501128127,14.846208210581617,172.04406955784776,0.0,0.8181818181818182,0.8484848484848485,0.11778216671307745,0,0,0.15151515151515152,0.4117644194575937
1786902931.1777422,400,15.96,1,standing,standing,standing,0,0.0,0.75,0.06701668446424686,0.042278790210575005,0.08630756592366369,0.48624503731699537,14.408958750636256,172.5490741622344,0.0,0.7878787878787878,0.8181818181818182,0.11813479317285451,0,0,0.18181818181818182,0.41201477807960857
1786902931.208726,401,16.0,1,standing,standing,standing,0,0.0,0.75,0.07417552140832778,0.054663592142197855,0.09289588523009522,0.46832825818460294,13.429495784132104,171.51943365984897,0.0,0.7575757575757576,0.7878787878787878,0.11844034716223815,0,0,0.21212121212121213,0.4117807232836128
1786902931.2513266,402,16.04,1,walking,standing,standing,0,0.0,0.6,0.08131531851769175,0.07217453263554163,0.09675939886274115,0.4469335774454336,12.360910521445737,171.2378820256563,0.0,0.7575757575757576,0.7878787878787878,0.11871904892800483,0,0,0.21212121212121213,0.4110676242324718
1786902931.3103473,403,16.08,1,walking,standing,standing,0,0.0,0.6,0.08977694362176306,0.08951328645710345,0.09614343225756662,0.419573735701017,11.240495807997121,171.59686306558862,0.0,0.7575757575757576,0.7878787878787878,0.11891441511021866,0,0,0.21212121212121213,0.40972054851558537
1786902931.3615572,404,16.12,1,walking,standing,standing,0,0.0,0.6,0.09754508747703729,0.09708419242829085,0.10258832991112692,0.388164120817193,10.13509693516883,172.05859032171472,0.0,0.7575757575757576,0.7878787878787878,0.11900983978207447,0,0,0.21212121212121213,0.4076743383006639
1786902931.3928475,405,16.16,1,walking,standing,standing,0,0.0,0.6,0.09777249835221413,0.09841563424426551,0.11169604784011228,0.3587330397020594,9.162542695055054,171.56351553498234,0.0,0.7575757575757576,0.7878787878787878,0.11903631611704721,0,0,0.21212121212121213,0.40513593771579776
1786902931.442817,406,16.2,1,walking,walking,walking,0,0.0,0.6,0.09700709119254881,0.10370893995174188,0.12333248248782673,0.3398526818966841,8.264544689913171,169.76714287887353,0.0,0.7575757575757576,0.7878787878787878,0.11917066922878858,0,0,0.21212121212121213,0.4025445090961754
1786902931.5289204,407,16.24,1,walking,walking,walking,0,0.0,0.6302283759238043,0.09616594490514797,0.11344110766628478,0.13087515163305072,0.33025263468552835,7.5611955864520315,167.41006866540323,0.0,0.7575757575757576,0.7878787878787878,0.11926533416414843,0,0,0.21212121212121213,0.4000608184583432
1786902931.5599089,408,16.28,1,walking,walking,walking,0,0.0,0.6637220268620007,0.09296598775737788,0.1194699648351601,0.13423658470716796,0.3234424706783733,6.714607279272334,165.05623625856077,0.0,0.7575757575757576,0.7878787878787878,0.1192522703931825,0,0,0.21212121212121213,0.3977039558193925
1786902931.6087325,409,16.32,1,walking,walking,walking,0,0.0,0.6749352022149847,0.09396879480575053,0.12148833639869723,0.13731569346890796,0.3151048328486697,5.985747060601746,163.07336423041824,0.0,0.7575757575757576,0.7878787878787878,0.11915902342527374,0,0,0.21212121212121213,0.3953597407063735
1786902931.6403959,410,16.36,1,walking,walking,walking,0,0.0,0.7198025512923522,0.09759124054522987,0.12956445923262339,0.13885290773616524,0.3093972770268009,5.233613200285552,162.13617160476986,0.0,0.7575757575757576,0.7878787878787878,0.11888848895515322,0,0,0.21212121212121213,0.39324263388562414
1786902931.6794212,411,16.4,1,walking,walking,walking,0,0.0,0.6855489742376825,0.10009834143702896,0.12339881536278284,0.14156540569831924,0.3039203347253056,4.723200917793347,162.18313800978567,0.0,0.7575757575757576,0.7878787878787878,0.11858689327669965,0,0,0.21212121212121213,0.3913908816030537
1786902931.7383137,412,16.44,1,walking,walking,walking,0,0.0,0.6401768335453892,0.09758144937272538,0.11523183003817006,0.1473806479388658,0.29985516843645244,4.1550441047671995,162.35779417002917,0.0,0.7575757575757576,0.7878787878787878,0.11841957285363107,0,0,0.21212121212121213,0.38964317189767456
1786902931.7861054,413,16.48,1,walking,walking,walking,0,0.0,0.6167731340342413,0.09512812562169647,0.11101916412616343,0.14552656841752837,0.30965921365876,3.4786601956518424,162.01353655334918,0.0,0.7575757575757576,0.7878787878787878,0.11825332623825238,0,0,0.21212121212121213,0.3885192441587903
1786902931.8594105,414,16.52,1,walking,walking,walking,0,0.0,0.616769575167213,0.09464434351434964,0.11101852353009833,0.13672287383436565,0.32661578316371936,2.77476732556726,161.02381113356574,0.0,0.7575757575757576,0.7878787878787878,0.1178899598404128,0,0,0.21212121212121213,0.388301357089129
1786902931.9091575,415,16.56,1,walking,walking,walking,0,0.0,0.618961016952699,0.0977565058070274,0.11141298305148581,0.12306155779095228,0.34393131859653664,2.2448059452573803,159.90583809373643,0.0,0.7575757575757576,0.7878787878787878,0.11713518055894867,0,0,0.21212121212121213,0.3890254280133448
1786902931.9627292,416,16.6,1,walking,walking,walking,0,0.0,0.6297140897872541,0.09360023046052118,0.11334853616170573,0.11157816238988143,0.35696719685102196,1.852862723945936,158.10267586661982,0.0,0.7575757575757576,0.7878787878787878,0.11605559660641152,0,0,0.21212121212121213,0.39053090677586066
1786902931.9929836,417,16.64,1,walking,walking,walking,0,0.0,0.6950648168078374,0.09532466676117686,0.12511166702541074,0.11291219179544891,0.36380198456738644,1.3566718804949298,156.92314665439693,0.0,0.7575757575757576,0.7878787878787878,0.1150899908145438,0,0,0.21212121212121213,0.39270873205720036
1786902932.0414681,418,16.68,1,walking,walking,walking,0,0.0,0.6937548925087426,0.09532909608424112,0.12487588065157364,0.10308573526976095,0.3668202063181276,1.0939852726818828,157.27724421910568,0.0,0.7575757575757576,0.7878787878787878,0.11412889258964481,0,0,0.21212121212121213,0.3952775222015
1786902932.0875645,419,16.72,1,walking,walking,walking,0,0.0,0.6117164575964725,0.09204944359703778,0.11010896236736506,0.09028250418972911,0.3677628739772945,0.9186363385105697,158.08075815935644,0.0,0.7575757575757576,0.7878787878787878,0.11302489712643608,0,0,0.21212121212121213,0.39781230410669743
1786902932.122056,420,16.76,1,walking,walking,walking,0,0.0,0.6234063976994202,0.08731835937169775,0.11221315158589563,0.08252802895283994,0.3631548509700356,1.0267375565279746,159.0807261535367,0.0,0.7575757575757576,0.7878787878787878,0.11177561939562043,0,0,0.21212121212121213,0.39973319807652513
1786902932.180844,421,16.8,1,walking,walking,walking,0,0.0,0.6,0.08392224508011853,0.09999567934707282,0.0662817040861658,0.35836167342427294,1.2162140659044203,159.29841577771418,0.0,0.7575757575757576,0.7878787878787878,0.11006576920528406,0,0,0.21212121212121213,0.4006598771617438
1786902932.2339654,422,16.84,1,walking,walking,walking,0,0.0,0.6,0.08275605077783925,0.09489458984042114,0.0758589958391724,0.3646516615196916,1.59933958311737,158.9870284600352,0.0,0.7575757575757576,0.7878787878787878,0.1087527138021442,0,0,0.21212121212121213,0.4010111752012879
1786902932.263578,423,16.88,1,walking,walking,walking,0,0.0,0.6,0.08275985677470976,0.09526761323480074,0.0830370922614086,0.3343574618944888,1.8642153221893984,158.35365005515445,0.0,0.7575757575757576,0.7878787878787878,0.10766398152413323,0,0,0.21212121212121213,0.399463215168684
1786902932.3289483,424,16.92,1,walking,walking,walking,0,0.0,0.6,0.08206503354295963,0.10137661694754357,0.10957706955372748,0.3340220301852132,2.3971923140746885,157.83813385351053,0.0,0.7575757575757576,0.7878787878787878,0.10744281993614534,0,0,0.21212121212121213,0.39690789528798004
1786902932.3776934,425,16.96,1,walking,walking,walking,0,0.0,0.6,0.0809155178670391,0.09544366228395278,0.12169235298663826,0.33659944251017987,3.0797272706694243,157.80876046958483,0.0,0.7575757575757576,0.7878787878787878,0.10783700097116818,0,0,0.21212121212121213,0.3933437852750174
1786902932.4076965,426,17.0,1,walking,walking,walking,0,0.0,0.6,0.07654427909850357,0.0791467798689415,0.11367643347811927,0.3422429536168655,3.805070170380848,159.8626170780629,0.0,0.7575757575757576,0.7878787878787878,0.10827010491963467,0,0,0.21212121212121213,0.3888382886995529
1786902932.4552734,427,17.04,1,walking,walking,walking,0,0.0,0.6,0.07342556431380425,0.06769051831185253,0.11712265747790511,0.3565940412155581,4.568932577526402,162.03713971470142,0.0,0.7878787878787878,0.7878787878787878,0.10861931355334228,0,0,0.21212121212121213,0.3838540481160808
1786902932.4882035,428,17.08,1,walking,walking,walking,0,0.0,0.6,0.06559269318752466,0.06502093536253539,0.11778882493071562,0.36780473538375935,5.287048695993548,163.39012595608992,0.0,0.8181818181818182,0.8181818181818182,0.10921931071836737,0,0,0.18181818181818182,0.3785968372217208
1786902932.5170157,429,17.12,1,standing,walking,walking,0,0.0,0.75,0.06071151530916193,0.05250055357271619,0.11931538286612607,0.37758376055372617,5.915726609001877,163.9265343095421,0.0,0.8181818181818182,0.8181818181818182,0.11003747361564571,0,0,0.18181818181818182,0.37350349512047537
1786902932.6103103,430,17.16,1,standing,walking,walking,0,0.0,0.75,0.056465968381284815,0.052930385295670956,0.12513464557515094,0.37443281410976875,6.259274728948469,163.53829978813718,0.0,0.8181818181818182,0.8181818181818182,0.11115063614588665,0,0,0.18181818181818182,0.3685585614531075
1786902932.6415408,431,17.2,1,standing,walking,walking,0,0.0,0.75,0.052380672955998756,0.051202402068640795,0.12420038325762237,0.38540163065219657,6.489543481750545,164.02937465528356,0.0,0.8181818181818182,0.8181818181818182,0.11225031586400967,0,0,0.18181818181818182,0.36442031223520743
1786902932.6729438,432,17.24,1,standing,walking,walking,0,0.0,0.75,0.04605861604857309,0.05530606602139615,0.1308249421490853,0.3907799391510539,6.743097900945896,164.85898460108416,0.0,0.8181818181818182,0.8181818181818182,0.11364114063024103,0,0,0.18181818181818182,0.36094996187226586
1786902932.7203903,433,17.28,1,standing,standing,standing,0,0.0,0.75,0.037758361317527155,0.05637004971039956,0.12220802960918842,0.41489762018645376,7.178412821790976,166.25969357708092,0.0,0.8181818181818182,0.8181818181818182,0.11472903346919631,0,0,0.18181818181818182,0.35878791892891604
1786902932.7511394,434,17.32,1,standing,standing,standing,0,0.0,0.75,0.034726689383007686,0.05900748810600778,0.10922060461775467,0.43103724871472254,7.3084558704934555,167.77549294457174,0.0,0.8181818181818182,0.8181818181818182,0.11522372193548902,0,0,0.18181818181818182,0.35765788833891976
1786902932.7969542,435,17.36,1,walking,standing,standing,0,0.0,0.6,0.03450797032745326,0.06449995854655716,0.10428517973452664,0.44568056023613023,7.431365059840289,169.5775415069406,0.0,0.8181818181818182,0.8181818181818182,0.11545177590130071,0,0,0.18181818181818182,0.357619918120456
1786902932.850534,436,17.4,1,walking,standing,standing,0,0.0,0.6,0.03281353518332384,0.0728600658557219,0.10272349493452304,0.46700761773444194,7.495175087840589,171.63189454274706,0.0,0.8181818181818182,0.8181818181818182,0.11565117173999637,0,0,0.18181818181818182,0.3590573084851052
1786902932.882475,437,17.44,1,walking,standing,standing,0,0.0,0.6,0.03642602451734336,0.07482910361126467,0.10671385599615761,0.4787094649130194,7.581195318678878,173.43855860679744,0.0,0.8181818181818182,0.8181818181818182,0.11577618768196696,0,0,0.18181818181818182,0.36180110679103933
1786902932.9162123,438,17.48,1,walking,standing,standing,0,0.0,0.6,0.04175821390609084,0.07735061934558857,0.11289367758720362,0.48624947273491503,7.563998182601947,174.83333320623962,0.0,0.8181818181818182,0.8181818181818182,0.11581247949248491,0,0,0.18181818181818182,0.36566524112536836
1786902933.004621,439,17.52,1,walking,walking,walking,0,0.0,0.6,0.049133946449344844,0.07760992566003583,0.11814229146099749,0.49256166720536926,7.455857424896898,176.03920170874676,0.0,0.8181818181818182,0.8181818181818182,0.11565520097652036,0,0,0.18181818181818182,0.3702927861347224
1786902933.0503209,440,17.56,1,walking,walking,walking,0,0.0,0.6,0.060210951790292205,0.07916402373805992,0.12758480989952825,0.4885050601380761,7.468537224103405,176.9564479597455,0.0,0.8181818181818182,0.8181818181818182,0.11555549365126212,0,0,0.18181818181818182,0.37508831417873895
1786902933.0804977,441,17.6,1,carrying,walking,walking,0,0.0,0.6009814885099812,0.06755829343908386,0.07949859530301888,0.13784929641353216,0.5016358141833022,7.152722205144306,177.4900705563615,0.0,0.7878787878787878,0.8181818181818182,0.11566496976357617,0,0,0.18181818181818182,0.38048811246676717
1786902933.130541,442,17.64,1,carrying,walking,walking,0,0.0,0.6062001166752129,0.07443238891140519,0.0715168765021046,0.13489785123009493,0.5103335277920216,6.362155384175539,177.38596783267045,0.0,0.7575757575757576,0.8181818181818182,0.11559170181694547,0,0,0.18181818181818182,0.3864041335256566
1786902933.1927674,443,17.68,1,walking,walking,walking,0,0.0,0.7126627708595438,0.07673133426376162,0.12827929875471789,0.23832481354491358,0.511592620721985,5.567808203116497,177.3056238916966,0.0,0.7575757575757576,0.8181818181818182,0.11860600199296815,0,0,0.18181818181818182,0.3925312651527834
1786902933.2499588,444,17.72,1,walking,walking,walking,0,0.0,0.95713704477911,0.07829153615457095,0.1722846680602398,0.3407558179497573,0.5102441453698112,5.075014459678855,177.2999050234961,0.0,0.7575757575757576,0.8181818181818182,0.12464207509149657,0,0,0.18181818181818182,0.3987835018389805
1786902933.30152,445,17.76,1,walking,walking,walking,0,0.0,0.9309010234091976,0.07727608174644467,0.16756218421365554,0.33001001492646653,0.5141314817825575,4.501756605683817,177.2862292774631,0.0,0.7575757575757576,0.8181818181818182,0.1301762983335451,0,0,0.18181818181818182,0.4052767234555292
1786902933.331425,446,17.8,1,walking,walking,walking,0,0.0,0.9050406766095164,0.07492608078201826,0.16290732178971293,0.32209257191238444,0.5087156887409237,3.7537124524392076,176.92757595442643,0.0,0.7575757575757576,0.8181818181818182,0.1355267832879347,0,0,0.18181818181818182,0.4113087378519584
1786902933.3668535,447,17.84,1,walking,walking,walking,0,0.0,0.8860414381264045,0.0710065979345192,0.15948745886275278,0.3153260038134928,0.5012949028440478,2.8373389058688234,176.4682679189434,0.0,0.7575757575757576,0.8181818181818182,0.1409389993479082,0,0,0.18181818181818182,0.41660204450893806
1786902933.4434094,448,17.88,1,walking,walking,walking,0,0.0,0.8764087906425474,0.0629575208270003,0.15775358231565853,0.30204339952291087,0.4911227512951892,2.1880421998873674,175.67322989954857,0.0,0.7575757575757576,0.8181818181818182,0.14636269152160394,0,0,0.18181818181818182,0.4210623909543517
1786902933.4741285,449,17.92,1,walking,walking,walking,0,0.0,0.8684154584506468,0.05049287283917799,0.1563147825211164,0.28474434426919715,0.48264718677974494,1.8226128093089773,174.92560429021728,0.0,0.7575757575757576,0.8181818181818182,0.1516101515785529,0,0,0.18181818181818182,0.4248708754976464
1786902933.50529,450,17.96,1,walking,walking,walking,0,0.0,0.8476499842858872,0.04215773467346565,0.1525769971714597,0.2659694800107276,0.4894565755475398,1.5039635544477878,174.6310462928888,0.0,0.7575757575757576,0.8181818181818182,0.15624825122144012,0,0,0.18181818181818182,0.42867859037583284
1786902933.5545394,451,18.0,1,walking,walking,walking,0,0.0,0.8276007582151995,0.03396121106121559,0.1489681364787359,0.257129229634088,0.4737311866944838,1.377410774880293,174.3249677958591,0.0,0.7575757575757576,0.8181818181818182,0.160916235899147,0,0,0.18181818181818182,0.4319183170539042
1786902933.5832453,452,18.04,1,walking,walking,walking,0,0.0,0.6,0.03252446384492409,0.08490016670257353,0.1512047788504665,0.4654016368507852,1.4724481091872825,174.40107156697957,0.0,0.7575757575757576,0.8181818181818182,0.1627623654343209,0,0,0.18181818181818182,0.43487706744401
1786902933.6357546,453,18.08,1,standing,walking,walking,0,0.0,0.75,0.033900049034994904,0.036102094028646156,0.05247480320424762,0.45757526094596407,2.0738247614311165,174.1231415107918,0.0,0.7272727272727273,0.7878787878787878,0.16185166162375744,0,0,0.21212121212121213,0.4377382919887351
1786902933.7659028,454,18.12,1,standing,walking,walking,0,0.0,0.75,0.037905006539092026,0.037619544352457145,0.05563197882206868,0.45237040388890914,3.0786727284966657,173.9217242103261,0.0,0.696969696969697,0.7575757575757576,0.1615289426763606,0,0,0.24242424242424243,0.44058704139675436
1786902933.8258579,455,18.16,1,standing,walking,walking,0,0.0,0.75,0.04944692245157031,0.03481825647108768,0.07485486085940789,0.4457918076122295,4.476046430782743,173.80145394143022,0.0,0.6666666666666666,0.7272727272727273,0.16149851434364043,0,0,0.2727272727272727,0.4430458337025889
1786902933.8566654,456,18.2,1,standing,walking,walking,0,0.0,0.75,0.04893706710080423,0.03510629115008869,0.09474625436449136,0.46316629948855814,7.012354535696646,173.4764522223369,0.0,0.6363636363636364,0.696969696969697,0.16185333743767324,0,0,0.30303030303030304,0.44694913181150003
1786902933.904759,457,18.24,1,standing,standing,standing,0,0.0,0.75,0.055800236585209176,0.038474777108472545,0.14640369362547936,0.5837853847898187,12.809126544887977,172.67399779933245,0.0,0.6060606060606061,0.6666666666666666,0.16296929574287786,0,0,0.3333333333333333,0.4545177183146699
1786902933.9369345,458,18.28,1,standing,standing,standing,0,0.0,0.75,0.05589610918974164,0.049421416070598904,0.18366771378598393,0.8134246373217398,21.14001464596189,171.63350826436164,0.0,0.5757575757575758,0.6363636363636364,0.1648473369792217,0,0,0.36363636363636365,0.468966966642293
1786902933.9907675,459,18.32,1,standing,standing,standing,0,0.0,0.75,0.07542354389694123,0.04851918161431809,0.20545845562291445,1.007431586033993,28.820181418505637,169.9265385899726,0.0,0.5454545454545454,0.6060606060606061,0.16762861037754878,0,0,0.3939393939393939,0.48912419792766043
1786902934.0671432,460,18.36,1,bending,standing,standing,0,0.0,0.6148493210379065,0.09523442149806784,0.0561384937054979,0.2372307913534971,1.2183664199187638,36.890959262274386,167.90972563929728,0.030303030303030304,0.5151515151515151,0.6060606060606061,0.17126825079802127,0,0,0.3939393939393939,0.5152385124338182
1786902934.096868,461,18.4,1,bending,standing,standing,0,0.0,0.7400946159639287,0.09476952385968368,0.06558844178569384,0.2494040578084135,1.4628330862672512,44.40567695783572,165.47416867363262,0.06060606060606061,0.48484848484848486,0.6060606060606061,0.1752565911882545,0,0,0.3939393939393939,0.548421189733318
1786902934.1286216,462,18.44,1,bending,standing,standing,0,0.0,0.8498825784650631,0.11834618231413503,0.09562802570773424,0.2726476656652526,1.7295360198283727,50.992954707903785,164.70944144143223,0.09090909090909091,0.48484848484848486,0.6363636363636364,0.17990302400034927,0,0,0.36363636363636365,0.5893894400143679
1786902934.190265,463,18.48,1,bending,standing,material_handling,1,1.0,0.9542145529090246,0.12535280834851112,0.09397549412201507,0.29092340280442625,1.985331956546423,57.25287317454148,163.85142264310468,0.12121212121212122,0.48484848484848486,0.6666666666666666,0.18492692573456976,1,0,0.3333333333333333,0.6382045655427513
1786902934.2381003,464,18.52,1,bending,bending,material_handling,1,1.0,1.0,0.1279075884075203,0.10470732124583332,0.30517283581191446,2.2303915610891467,62.530664151648935,161.9399092826567,0.15151515151515152,0.48484848484848486,0.696969696969697,0.1904109394483362,1,0,0.30303030303030304,0.6941133513135679
1786902934.268477,465,18.56,1,bending,bending,material_handling,1,1.0,1.0,0.13704068628726532,0.12303071936840343,0.3088940224733882,2.4444003501875224,65.2901232198996,159.09113313561454,0.18181818181818182,0.48484848484848486,0.7272727272727273,0.19580697218543625,1,0,0.2727272727272727,0.7563442728601277
1786902934.3179972,466,18.6,1,bending,bending,material_handling,1,1.0,1.0,0.1368371815547739,0.12667556353310505,0.2627502160305207,2.600164035203553,67.36517194725899,156.7121307201653,0.21212121212121213,0.48484848484848486,0.7575757575757576,0.20006582631941605,1,0,0.24242424242424243,0.8225644672545851
1786902934.3506012,467,18.64,1,bending,bending,material_handling,1,1.0,1.0,0.15019365302646498,0.1282734824252419,0.28892191022348895,2.7248085452174178,66.92163635741558,155.76521972621973,0.24242424242424243,0.48484848484848486,0.7878787878787878,0.20551132042868073,1,0,0.21212121212121213,0.8920726883607274
1786902934.3803508,468,18.68,1,bending,bending,material_handling,1,1.0,1.0,0.13279534884424263,0.13396691406832428,0.2649366816331788,2.731221921484893,63.80513778259699,155.10701249047946,0.2727272727272727,0.45454545454545453,0.7878787878787878,0.2103795477589429,1,0,0.21212121212121213,0.9613315174894778
1786902934.4489312,469,18.72,1,bending,bending,material_handling,1,1.0,1.0,0.13019040962551304,0.1371676447459111,0.2743642163036703,2.713692408455674,61.02005869803749,154.43966914797176,0.30303030303030304,0.42424242424242425,0.7878787878787878,0.21558078173982614,1,0,0.21212121212121213,1.0294128747840607
1786902934.480653,470,18.76,1,bending,bending,material_handling,1,1.0,0.9579775013534083,0.13123810500578037,0.12812208248562018,0.2675840585405364,2.6942991050495255,57.4786500812045,153.8837768629131,0.3333333333333333,0.3939393939393939,0.7878787878787878,0.22045563636238308,1,0,0.21212121212121213,1.096551954788197
1786902934.5283237,471,18.8,1,bending,bending,material_handling,1,1.0,0.9092684685003919,0.10036602481506748,0.09266001800405471,0.24094979470852498,2.6427568663280745,54.556108110023516,153.58100492341148,0.36363636363636365,0.36363636363636365,0.7878787878787878,0.2243361247599989,1,0,0.21212121212121213,1.1619006636849596
1786902934.5805473,472,18.84,1,bending,bending,material_handling,1,1.0,0.9127909280538777,0.12817295447227847,0.10457065286428487,0.29106869454599144,2.6135301940491993,54.76745568323266,152.0456521586184,0.3939393939393939,0.3333333333333333,0.7878787878787878,0.22957631879287752,1,0,0.21212121212121213,1.2261724372256815
1786902934.6133802,473,18.88,1,bending,bending,material_handling,1,1.0,0.9300026644145762,0.12381896375424922,0.09769019715429286,0.2760622323917682,2.539252470275365,55.80015986487457,150.37198363535188,0.42424242424242425,0.30303030303030304,0.7878787878787878,0.23407563462597566,1,0,0.21212121212121213,1.288316298138933
1786902934.6600468,474,18.92,1,bending,bending,material_handling,1,1.0,0.9686441355962402,0.12140487270940323,0.08238107642043518,0.28321519597411676,2.427475824225939,58.118648135774414,149.62710598574517,0.45454545454545453,0.30303030303030304,0.7878787878787878,0.23848066188538733,1,0,0.21212121212121213,1.346675086322043
1786902934.7123911,475,18.96,1,bending,bending,material_handling,1,1.0,0.9711703851739862,0.1231164510837997,0.08255736510150906,0.3208334168535998,2.2674648991666206,58.270223110439176,151.35327857721387,0.48484848484848486,0.30303030303030304,0.7878787878787878,0.24411507296488746,1,0,0.21212121212121213,1.3999214915152127
1786902934.7441278,476,19.0,1,bending,bending,material_handling,1,1.0,0.934623620785262,0.11126219951887445,0.07191172367492442,0.2807977520903075,2.094945309966717,56.07741724711572,153.5318371903396,0.5151515151515151,0.2727272727272727,0.7878787878787878,0.2454021317086873,1,0,0.21212121212121213,1.4479018760377802
1786902934.7798896,477,19.04,1,bending,bending,material_handling,1,1.0,0.8762015636439959,0.11462772477900973,0.0649331213309584,0.2923353894396924,1.838636507230408,52.57209381863976,155.05441351150566,0.5454545454545454,0.24242424242424243,0.7878787878787878,0.24393484599626108,1,0,0.21212121212121213,1.4881561900335558
1786902934.8495064,478,19.08,1,bending,bending,material_handling,1,1.0,0.8081450890250483,0.10557747255419274,0.05285754223971199,0.2752476728688961,1.601565900859773,48.4887053415029,156.89904999234832,0.5757575757575758,0.21212121212121213,0.7878787878787878,0.2422753810854256,1,0,0.21212121212121213,1.5211087481874113
1786902934.882286,479,19.12,1,bending,bending,material_handling,1,1.0,0.736958978408979,0.11121972196704359,0.05341438010159147,0.28335034143024934,1.4319863436355493,44.21753870453874,159.62449210560803,0.6060606060606061,0.18181818181818182,0.7878787878787878,0.24110137410111845,1,0,0.21212121212121213,1.5490866468205815
1786902934.9254847,480,19.16,1,bending,bending,material_handling,1,1.0,0.6672496706312981,0.11681134730672449,0.05286513795930016,0.2850439224587815,1.2553902963151615,40.03498023787789,162.19173446115963,0.6363636363636364,0.15151515151515152,0.7878787878787878,0.24018373527218784,1,0,0.21212121212121213,1.571938022380312
1786902934.9828768,481,19.2,1,bending,bending,material_handling,1,1.0,0.5926775096155864,0.0785548126863266,0.03550431150360959,0.21973493266850552,1.0765105220258688,35.56065057693518,164.6652624409356,0.6666666666666666,0.12121212121212122,0.7878787878787878,0.23768953930690284,1,0,0.21212121212121213,1.5896770457357874
1786902935.107847,482,19.24,1,standing,bending,material_handling,1,1.0,0.75,0.0698212429858991,0.031077390617209908,0.20024835633813182,0.8468404658245883,28.67343728058133,166.41099695869565,0.6666666666666666,0.09090909090909091,0.7575757575757576,0.23512905482414326,1,0,0.24242424242424243,1.6007132057068434
1786902935.1457,483,19.28,1,standing,bending,material_handling,1,1.0,0.75,0.06144958338890835,0.02630621714137401,0.16365323502626772,0.6746574334200404,20.914413456379187,168.42563656179618,0.6666666666666666,0.06060606060606061,0.7272727272727273,0.23202856255188692,1,0,0.2727272727272727,1.606325352915101
1786902935.2490573,484,19.32,1,standing,bending,material_handling,1,1.0,0.75,0.05282269013449789,0.019094128697630774,0.11668155558581332,0.5439118792071592,12.333893384610615,170.5745855172827,0.6666666666666666,0.030303030303030304,0.696969696969697,0.22777257242921192,1,0,0.30303030303030304,1.608452040567
1786902935.2961378,485,19.36,1,standing,bending,material_handling,1,1.0,0.75,0.050516282553056804,0.016099428396046105,0.09275681577534327,0.4939695282290798,7.9680422726406,171.3700850559209,0.6666666666666666,0.0,0.6666666666666666,0.22600142203299606,1,0,0.3333333333333333,1.6093177342451304
1786902935.326836,486,19.4,1,standing,standing,material_handling,1,1.0,0.75,0.042626650803426855,0.015756517759074017,0.07899898995550264,0.4910993636385193,5.628165861394962,171.44212962890538,0.6666666666666666,0.0,0.6666666666666666,0.2268051852678826,1,0,0.3333333333333333,1.6103336161449047
1786902935.3835833,487,19.44,1,standing,standing,material_handling,1,1.0,0.75,0.033120816877437856,0.015470746380132893,0.05529880989246036,0.5074863505691398,3.8641455304202923,171.27605048839445,0.6666666666666666,0.0,0.6666666666666666,0.22679508923971264,1,0,0.3333333333333333,1.6120037963473357
1786902935.456471,488,19.48,1,standing,standing,material_handling,1,1.0,0.75,0.022820547796355194,0.013452182363302612,0.04198787044334152,0.5156202247097902,2.7270366298642212,170.94827106383661,0.6666666666666666,0.0,0.6666666666666666,0.22579911983316517,1,0,0.3333333333333333,1.614119808986656
1786902935.5838604,489,19.52,1,standing,standing,material_handling,1,1.0,0.75,0.016289273726544387,0.016135197426292783,0.037358603824485255,0.5176761583232474,2.291915709561868,171.07842183905723,0.6666666666666666,0.0,0.6666666666666666,0.22406010011983166,1,0,0.3333333333333333,1.6157716228907375
1786902935.6418707,490,19.56,1,standing,standing,material_handling,1,1.0,0.75,0.014112177154445725,0.02023912162964398,0.03498014542521602,0.5190128296085883,2.1450698751604484,171.7777758672404,0.6666666666666666,0.0,0.6666666666666666,0.2206836289622479,1,0,0.3333333333333333,1.6138088181882762
1786902935.6752815,491,19.6,1,standing,standing,material_handling,1,1.0,0.75,0.01579761809654022,0.02138900431067253,0.045466175103009814,0.5168287466884386,2.0675234873258828,172.353151363285,0.6666666666666666,0.0,0.6666666666666666,0.21649570354761233,1,0,0.3333333333333333,1.6048210639266607
1786902935.7167432,492,19.64,1,standing,standing,material_handling,1,1.0,0.75,0.0190872208494122,0.022784933127620064,0.05374184588131209,0.5182364590197459,2.0589228737052294,172.47294873989037,0.6666666666666666,0.0,0.6666666666666666,0.21189823052513956,1,0,0.3333333333333333,1.5899969691686533
1786902935.7902467,493,19.68,1,standing,standing,material_handling,1,1.0,0.75,0.02251291966954589,0.02513204493990365,0.055147563622648686,0.5168225255063196,2.1372048465106213,172.41307843310966,0.6363636363636364,0.0,0.6363636363636364,0.20638055695753807,1,0,0.36363636363636365,1.5687380632773673
1786902935.828201,494,19.72,1,standing,standing,material_handling,1,1.0,0.75,0.02513241174486082,0.03080690736097806,0.06144115172175148,0.5189402435572694,2.4000983895886745,172.92728407383146,0.6060606060606061,0.0,0.6060606060606061,0.20068471131854831,1,0,0.3939393939393939,1.540135249861913
1786902935.8590689,495,19.76,1,standing,standing,material_handling,1,1.0,0.75,0.03297299518893334,0.03673028921527763,0.06496498325750995,0.5177360807393349,3.039263536875137,173.40305328229834,0.5757575757575758,0.0,0.5757575757575758,0.1943912967001319,1,0,0.42424242424242425,1.5034140395864877
1786902935.9359267,496,19.8,1,standing,standing,material_handling,1,1.0,0.75,0.04007950974072018,0.04166330623673342,0.06645699229221719,0.5182003520127012,4.328513121133436,173.44917003203872,0.5454545454545454,0.0,0.5454545454545454,0.18758928426036794,1,0,0.45454545454545453,1.4589555061157689
1786902935.9679463,497,19.84,1,standing,standing,material_handling,1,1.0,0.75,0.04579372024770152,0.04464267161316638,0.08046493701267919,0.5114441003562245,6.532295647123213,173.56787001240374,0.5151515151515151,0.0,0.5151515151515151,0.18077995399372446,1,0,0.48484848484848486,1.406866189123862
1786902935.996771,498,19.88,1,standing,standing,material_handling,1,1.0,0.75,0.05139059414606983,0.042865142573485684,0.10029564755871628,0.5166750219095689,10.217272799798135,172.90152413849736,0.48484848484848486,0.0,0.48484848484848486,0.17445879111752227,1,0,0.5151515151515151,1.3484502700851364
1786902936.0573106,499,19.92,1,standing,standing,material_handling,1,1.0,0.75,0.06295759544826277,0.051347339643874175,0.1292056623909938,0.5500751917956612,14.83423546529336,169.29926306367398,0.45454545454545453,0.0,0.45454545454545453,0.17041198646177905,1,0,0.5454545454545454,1.2863263657394428
1786902936.1053636,500,19.96,1,walking,standing,material_handling,1,1.0,0.6,0.0578356619666002,0.08457572122914365,0.1350567352816203,0.5972965598207434,20.618975986726184,164.67686539564008,0.42424242424242425,0.030303030303030304,0.45454545454545453,0.16574940540293456,1,0,0.5454545454545454,1.221856305575907
1786902936.1363075,501,20.0,1,walking,standing,material_handling,1,1.0,0.6,0.062394478063757,0.09313117093430065,0.14353305458520293,0.6628079818462287,27.428590806632485,160.05267894498724,0.3939393939393939,0.06060606060606061,0.45454545454545453,0.16207050761360192,1,0,0.5454545454545454,1.1591770952838263
1786902936.1889086,502,20.04,1,bending,standing,material_handling,1,1.0,0.5920469118062524,0.06701077583038469,0.10655055317061948,0.161067812899266,0.7613979191701628,35.522814708375144,155.2439867927933,0.3939393939393939,0.06060606060606061,0.45454545454545453,0.15863728326801393,1,0,0.5454545454545454,1.1000166562145683
1786902936.2221363,503,20.08,1,bending,standing,material_handling,1,1.0,0.7316997448351004,0.07147365244408692,0.11751387233408221,0.16853779434906133,0.8557263337196472,43.90198469010602,149.63054197846196,0.3939393939393939,0.06060606060606061,0.45454545454545453,0.15563588132281772,1,0,0.5454545454545454,1.0443023298106324
1786902936.2521856,504,20.12,1,bending,standing,material_handling,1,1.0,0.8674407780961708,0.07051187785540979,0.11579896547785001,0.18032015155615946,0.9476546782255258,52.04644668577025,144.09072813784024,0.3939393939393939,0.06060606060606061,0.45454545454545453,0.1537986194091097,1,0,0.5454545454545454,0.9929355968378283
1786902936.381833,505,20.16,1,bending,standing,material_handling,1,1.0,0.9919783771604759,0.07381011929570803,0.11951853861254305,0.18980556073922572,1.0560363903036212,59.51870262962855,138.06866183634867,0.3939393939393939,0.06060606060606061,0.45454545454545453,0.1507300395967834,1,0,0.5454545454545454,0.945738814906144
1786902936.4249377,506,20.2,1,bending,bending,material_handling,1,1.0,1.0,0.07587688515683172,0.12342467303470987,0.18020976007678724,1.1563253985541526,66.28374539281394,132.35639531794612,0.3939393939393939,0.06060606060606061,0.45454545454545453,0.14782541922360215,1,0,0.5454545454545454,0.903831933944895
1786902936.466183,507,20.24,1,bending,bending,material_handling,1,1.0,1.0,0.07379191567315194,0.12324710005550969,0.16538141184364388,1.257149976536747,72.2217575410131,126.5951459311668,0.3939393939393939,0.06060606060606061,0.45454545454545453,0.1442546984923757,1,0,0.5454545454545454,0.8683675143179499
1786902936.565504,508,20.28,1,bending,bending,material_handling,1,1.0,1.0,0.06248568823888328,0.11170871359909847,0.1373631970494914,1.3441057416494724,76.93902280503713,121.69611437296514,0.3939393939393939,0.06060606060606061,0.45454545454545453,0.1386949948619482,1,0,0.5454545454545454,0.8403869337871271
1786902936.607563,509,20.32,1,bending,bending,material_handling,1,1.0,1.0,0.06375997007219907,0.08118756636130894,0.12546603568854883,1.401122030982271,80.550364991205,118.49690833890516,0.3939393939393939,0.06060606060606061,0.45454545454545453,0.13398797315280397,1,0,0.5454545454545454,0.8193619859391136
1786902936.63911,510,20.36,1,bending,bending,material_handling,1,1.0,1.0,0.06136061941988048,0.07683441445342287,0.11215530003060928,1.447462644330369,83.10629090984726,116.2059043922098,0.3939393939393939,0.06060606060606061,0.45454545454545453,0.1285279704434379,1,0,0.5454545454545454,0.8075082325179003
1786902936.709151,511,20.4,1,bending,bending,material_handling,1,1.0,1.0,0.06080157924954927,0.06836106211990346,0.11026795745210609,1.4673940635509286,84.64558673688711,115.75816719023874,0.3939393939393939,0.06060606060606061,0.45454545454545453,0.12352858512777753,1,0,0.5454545454545454,0.8034424192661173
1786902936.751071,512,20.44,1,bending,bending,material_handling,1,1.0,1.0,0.06642603526612087,0.07034632900487561,0.11453300122847446,1.454746744413574,85.01224217714118,115.6678328253931,0.3939393939393939,0.06060606060606061,0.45454545454545453,0.11841290815196619,1,0,0.5454545454545454,0.8041321283806028
1786902936.7870672,513,20.48,1,bending,bending,material_handling,1,1.0,1.0,0.06693157436504243,0.07946492747455203,0.11632428001380128,1.41274760800974,83.54597572907804,117.5111190512273,0.3939393939393939,0.06060606060606061,0.45454545454545453,0.11330019171423952,1,0,0.5454545454545454,0.8089005317652871
1786902936.8464878,514,20.52,1,bending,bending,material_handling,1,1.0,1.0,0.06630036065533214,0.07459565781219861,0.12584505083423447,1.3518503004674864,80.98349299049123,119.26545123464618,0.3939393939393939,0.06060606060606061,0.45454545454545453,0.11045504377986767,1,0,0.5454545454545454,0.817244161415033
1786902936.877362,515,20.56,1,bending,bending,material_handling,1,1.0,1.0,0.06803305720082473,0.06989532096695666,0.14155812681006863,1.2579952495375701,77.43573329631296,122.43059996343536,0.42424242424242425,0.06060606060606061,0.48484848484848486,0.10867655197598695,1,0,0.5151515151515151,0.8297033972851232
1786902936.9128065,516,20.6,1,bending,bending,material_handling,1,1.0,1.0,0.07413470753866716,0.0720794807631903,0.15725743495189656,1.165474985272106,72.79395196164847,126.47157719297505,0.45454545454545453,0.06060606060606061,0.5151515151515151,0.10848273985252119,1,0,0.48484848484848486,0.8445766564321555
1786902937.007004,517,20.64,1,bending,bending,material_handling,1,1.0,1.0,0.08174624739225841,0.07210807961407847,0.17204404848394597,1.07445460878616,67.14409653337115,130.285234912318,0.48484848484848486,0.06060606060606061,0.5454545454545454,0.11016039115246458,1,0,0.45454545454545453,0.8606537088436405
1786902937.0554678,518,20.68,1,bending,bending,material_handling,1,1.0,1.0,0.08510151096768184,0.06892137624131282,0.17299534664380242,0.9707021864397609,60.255133872810326,135.18569448581584,0.5151515151515151,0.06060606060606061,0.5757575757575758,0.11259186178484214,1,0,0.42424242424242425,0.875100153031843
1786902937.093188,519,20.72,1,bending,bending,material_handling,1,1.0,0.8780186848651975,0.08121427541028078,0.06371532142250441,0.17419920069673347,0.8612469905275812,52.68112109191185,141.07868243082515,0.5454545454545454,0.06060606060606061,0.6060606060606061,0.11547671665578853,1,0,0.3939393939393939,0.8863167477860568
1786902937.170012,520,20.76,1,bending,bending,material_handling,1,1.0,0.7397826471474291,0.07275469325454946,0.0558315538891881,0.15654609024411864,0.7429076225033658,44.38695882884575,146.83278789673992,0.5757575757575758,0.06060606060606061,0.6363636363636364,0.11854481606038424,1,0,0.36363636363636365,0.8934507257234577
1786902937.230973,521,20.8,1,bending,bending,material_handling,1,1.0,0.6021100398478522,0.060081334011855794,0.03736073564813746,0.14352734024948513,0.6431843696872241,36.12660239087113,151.06014556972048,0.6060606060606061,0.06060606060606061,0.6666666666666666,0.12162176969087342,1,0,0.3333333333333333,0.897316305874289
1786902937.2608101,522,20.84,1,standing,bending,material_handling,1,1.0,0.75,0.05253894426113011,0.025419349033124553,0.13521727713087184,0.5483881377652856,27.81835690040416,155.95347173985323,0.6060606060606061,0.06060606060606061,0.6666666666666666,0.12458718403349121,1,0,0.3333333333333333,0.8982469719179872
1786902937.3122792,523,20.88,1,standing,bending,material_handling,1,1.0,0.75,0.04428845923860555,0.022058155557393194,0.11816232914581885,0.494336397018479,20.790470017960974,159.9902934848774,0.6060606060606061,0.06060606060606061,0.6666666666666666,0.1271078562674489,1,0,0.3333333333333333,0.8974992012334384
1786902937.3432014,524,20.92,1,standing,bending,material_handling,1,1.0,0.75,0.0371837460114782,0.021215727602284764,0.09851104900777048,0.4609905291672988,14.831201090854211,163.3437829384842,0.6060606060606061,0.06060606060606061,0.6666666666666666,0.12871527668880528,1,0,0.3333333333333333,0.895807134035828
1786902937.3839917,525,20.96,1,standing,bending,material_handling,1,1.0,0.75,0.028772729928432796,0.01995331360860485,0.07699183511228441,0.44611005812577503,10.253754817338635,165.81790173270775,0.6060606060606061,0.06060606060606061,0.6666666666666666,0.12941982181701656,1,0,0.3333333333333333,0.8936214855238895
1786902937.4492803,526,21.0,1,standing,standing,material_handling,1,1.0,0.75,0.022185208296950344,0.019219435650269182,0.06031642857494601,0.43810319439652046,6.998989830461173,167.94901563350786,0.6060606060606061,0.06060606060606061,0.6666666666666666,0.1295764540882983,1,0,0.3333333333333333,0.8912360512478351
1786902937.48111,527,21.04,1,standing,standing,material_handling,1,1.0,0.75,0.02042021424383099,0.019525897503041716,0.05818937933246368,0.43867303783911665,4.80595629081525,170.4586388950032,0.6060606060606061,0.06060606060606061,0.6666666666666666,0.12947791553104715,1,0,0.3333333333333333,0.8888037116806183
1786902937.5186026,528,21.08,1,standing,standing,material_handling,1,1.0,0.75,0.02403227181330655,0.021106092685940492,0.0549366597093478,0.45542084946822825,3.6479896438347117,171.58420200076517,0.6060606060606061,0.06060606060606061,0.6666666666666666,0.12917402693867858,1,0,0.3333333333333333,0.8869153713390696
1786902937.646569,529,21.12,1,standing,standing,material_handling,1,1.0,0.75,0.029470771540644106,0.022238519939285505,0.06215449816468033,0.48248185000239047,2.9775586216201075,171.8942356516611,0.6060606060606061,0.06060606060606061,0.6666666666666666,0.1290436483287532,1,0,0.3333333333333333,0.8858329924902724
1786902937.6782897,530,21.16,1,standing,standing,material_handling,1,1.0,0.75,0.03199354499479216,0.02454514604574437,0.05674753923906269,0.5120380510964926,2.900154865749397,171.54264160072165,0.6060606060606061,0.06060606060606061,0.6666666666666666,0.1283249393053103,1,0,0.3333333333333333,0.8858509909975533
1786902937.712242,531,21.2,1,standing,standing,material_handling,1,1.0,0.75,0.03634965086200298,0.030181561225325726,0.048356224433106956,0.534620954695278,3.00829134592136,171.19290864982617,0.6060606060606061,0.06060606060606061,0.6666666666666666,0.12675101739241304,1,0,0.3333333333333333,0.8863948071425747
1786902937.7991204,532,21.24,1,standing,standing,material_handling,1,1.0,0.75,0.036690346215008246,0.040773122777363675,0.055464569818033264,0.5448126569744216,3.2401400304470895,171.07362785884752,0.6060606060606061,0.06060606060606061,0.6666666666666666,0.12451643882959605,1,0,0.3333333333333333,0.8862353363904159
1786902937.830926,533,21.28,1,standing,standing,material_handling,1,1.0,0.75,0.03687537789057348,0.04965207585621128,0.05511191705530985,0.5556548524980345,3.550682891373807,171.32855569857617,0.6060606060606061,0.030303030303030304,0.6363636363636364,0.12209386858031393,1,0,0.36363636363636365,0.884973466471546
1786902937.8626435,534,21.32,1,standing,standing,material_handling,1,1.0,0.75,0.045527578179539736,0.05620804540813283,0.058601231035056975,0.5676660897506457,3.6717057171483036,171.33600098474201,0.6060606060606061,0.0,0.6060606060606061,0.11952017695758221,1,0,0.3939393939393939,0.8820903788322859
1786902937.931957,535,21.36,1,walking,standing,material_handling,1,1.0,0.6,0.04971574816172808,0.06263626383785374,0.07851755027417685,0.5776631385572945,3.5176394413635115,170.64462248287333,0.5757575757575758,0.030303030303030304,0.6060606060606061,0.11701865384773105,1,0,0.3939393939393939,0.8765226582076534
1786902937.964665,536,21.4,1,carrying,standing,material_handling,1,1.0,0.6575055497548596,0.05306872987399748,0.06473643171750737,0.08949865809899592,0.5958425829247661,3.2824854731929323,169.03307813585508,0.5454545454545454,0.030303030303030304,0.6060606060606061,0.11462352850681998,1,0,0.3939393939393939,0.868647393032051
1786902937.9986706,537,21.44,1,carrying,standing,material_handling,1,1.0,0.6658979335823628,0.05585443913064573,0.06565891026466657,0.10124341527896984,0.6098298893039381,3.1727605727614123,166.9977231472753,0.5151515151515151,0.030303030303030304,0.6060606060606061,0.11222726377114756,1,0,0.3939393939393939,0.8584102782162454
1786902938.0471842,538,21.48,1,carrying,standing,material_handling,1,1.0,0.6770106771122121,0.057290902648933745,0.0717272176622938,0.1128794969366357,0.6283511285203536,2.7585240620336138,165.5707371436526,0.48484848484848486,0.030303030303030304,0.6060606060606061,0.10989617092864482,1,0,0.3939393939393939,0.8454501187682676
1786902938.076576,539,21.52,1,carrying,standing,material_handling,1,1.0,0.6875302456871016,0.062231144077943425,0.08689492753571369,0.12259083405541579,0.6458837428118361,2.6403831831805156,165.5917027020393,0.45454545454545453,0.030303030303030304,0.6060606060606061,0.10815014286739114,1,0,0.3939393939393939,0.8299821898063792
1786902938.1078942,540,21.56,1,carrying,carrying,material_handling,1,1.0,0.713743011774171,0.0780850666320913,0.08686363977748573,0.15095023231285395,0.6895716862902851,2.8902897998288197,166.66131452668213,0.42424242424242425,0.030303030303030304,0.6060606060606061,0.10771283439676113,1,0,0.3939393939393939,0.8127828476776985
1786902938.1550643,541,21.6,1,carrying,carrying,material_handling,1,1.0,0.7511107115010007,0.1025206659432138,0.07835005404103476,0.17355533766955572,0.7518511858350012,3.289304066759931,167.22769456828973,0.3939393939393939,0.030303030303030304,0.6060606060606061,0.10880956593070248,1,0,0.3939393939393939,0.7948357399257447
1786902938.2087054,542,21.64,1,walking,carrying,material_handling,1,1.0,0.6,0.1157513758237897,0.08023615748926054,0.203480952443778,0.8363091961070216,2.9414641497777607,167.0915148806684,0.36363636363636365,0.06060606060606061,0.6060606060606061,0.11117365431722459,1,0,0.3939393939393939,0.7777201994749796
1786902938.2476332,543,21.68,1,walking,carrying,material_handling,1,1.0,0.6,0.1402576763027401,0.07922614779909117,0.28900615085217995,1.007042182617338,4.280535395451802,165.79655546862577,0.3333333333333333,0.09090909090909091,0.6060606060606061,0.11653277100878733,1,0,0.3939393939393939,0.764374124877615
1786902938.2970586,544,21.72,1,walking,carrying,material_handling,1,1.0,0.7579328493639784,0.1819038838473548,0.09043795134143057,0.46947443119221294,1.594101983251441,5.480499024476488,165.50463608254654,0.30303030303030304,0.12121212121212122,0.6060606060606061,0.12741781566757845,1,0,0.3939393939393939,0.7682137588079335
1786902938.32714,545,21.76,1,walking,carrying,material_handling,1,1.0,0.9195587576567009,0.22069410183760824,0.1431238849628199,0.5004775680009925,2.0525819557159046,9.108706632084713,166.2937139404381,0.2727272727272727,0.15151515151515152,0.6060606060606061,0.13911310556977594,1,0,0.3939393939393939,0.7863299773322466
1786902938.4327075,547,21.84,1,walking,walking,material_handling,1,1.0,1.0,0.2607082752864144,0.3402443204211385,0.8012381135269658,2.4771976187870077,17.38130824618679,168.0921930867059,0.24242424242424243,0.18181818181818182,0.6060606060606061,0.15986807022169006,1,0,0.3939393939393939,0.8185860382648913
1786902938.6693687,555,22.16,3,standing,standing,standing,0,0.0,0.75,0.0,0.0,0.0,2.3397296347575907,0.22646435234118434,159.62749422391244,0.0,0.0,0.0,0.0,0,0,0.0,0.0
1786902938.7170882,556,22.2,3,walking,walking,walking,0,0.0,1.0,0.10541809446714603,0.234884679176467,0.37937889417288706,1.773176857103814,4.283220209032357,162.3991870536202,0.0,0.0,0.0,0.0,0,0,0.0,0.0
1786902938.7470412,557,22.24,3,walking,walking,walking,0,0.0,0.7550624672062884,0.13330446774595706,0.13591124409713193,0.35592259045256786,1.464472969052718,6.464840489671644,164.52514705205775,0.0,0.0,0.0,0.0,0,0,0.0,0.0
1786902938.7798488,558,22.28,3,walking,walking,walking,0,0.0,0.6,0.12702504560678815,0.09615417503477414,0.33291907709255825,1.2514714630625134,6.0977013935549556,165.39000513198937,0.0,0.0,0.0,0.0,0,0,0.0,0.0
1786902938.848598,559,22.32,3,walking,walking,walking,0,0.0,0.6,0.11945062006990467,0.08606002394911427,0.263481673970813,1.1119818699840265,5.735215546508863,166.49014882912755,0.0,0.0,0.0,0.0,0,0,0.0,0.0
1786902938.879915,560,22.36,3,walking,walking,walking,0,0.0,0.6,0.10667521699419528,0.08041953182129793,0.2741671757985082,1.0474631192373511,5.901093611193328,168.4331441508426,0.0,0.0,0.0,0.0,0,0,0.0,0.0
1786902938.9107852,561,22.4,3,walking,walking,walking,0,0.0,0.6,0.09900571401730385,0.07542774049899836,0.27720876422295876,0.9782780406728718,5.8001415106992535,168.89787987016422,0.0,0.0,0.0,0.0,0,0,0.0,0.0
1786902938.9795375,562,22.44,3,walking,walking,walking,0,0.0,0.6,0.09502901089206146,0.06819503042450922,0.2486708560644261,0.9255845562705488,5.859194318360437,169.54946786123986,0.0,0.0,0.0,0.0,0,0,0.0,0.0
1786902939.0094724,563,22.48,3,walking,walking,walking,0,0.0,0.6,0.09342542870270362,0.06538365223922857,0.23154813548221617,0.8860861757852576,5.954149350081908,170.20115225098593,0.0,0.0,0.0,0.0,0,0,0.0,0.0
1786902939.0670648,564,22.52,3,walking,walking,walking,0,0.0,0.6,0.0896208346101604,0.06727796730636339,0.21453463594858366,0.8529581978793193,6.12618236676311,170.67116994510852,0.0,0.0,0.0,0.0,0,0,0.0,0.0
1786902939.1194859,565,22.56,3,carrying,walking,walking,0,0.0,0.7010179951051444,0.08160525307833381,0.052534742510136595,0.17867910487571945,0.6683633251752407,6.880947546842711,171.32977456696014,0.0,0.0,0.0,0.0,0,0,0.0,0.0
1786902939.1588278,566,22.6,3,carrying,walking,walking,0,0.0,0.6554493433185741,0.06763065038032512,0.06033765779723274,0.14872145196217149,0.5924155721976234,6.909127482238203,171.05249212020186,0.0,0.0,0.0,0.0,0,0,0.0,0.0
1786902939.1901393,567,22.64,3,carrying,walking,walking,0,0.0,0.6260521376672475,0.05624417077808007,0.06442050557712233,0.12781701001646525,0.5434202294454126,6.732399480042723,170.9490790035524,0.0,0.0,0.0,0.0,0,0,0.0,0.0
1786902939.249129,568,22.68,3,walking,walking,walking,0,0.0,0.6,0.046888250791716074,0.06769414301379499,0.13085086864104703,0.5107855573358275,7.040954365935468,170.70692496465182,0.0,0.0,0.0,0.0,0,0,0.0,0.0
1786902939.2845712,569,22.72,3,walking,carrying,carrying,0,0.0,0.6,0.05134798626245554,0.06720011345853791,0.10393453785217,0.4782520757434737,7.012910974340596,170.43361751474652,0.0,0.0,0.0,0.0,0,0,0.0,0.0
1786902939.3856637,570,22.76,3,walking,carrying,carrying,0,0.0,0.6,0.04784956749687705,0.06776558865349366,0.07918953803566017,0.42782538058811453,6.7364258993307855,169.45503221516577,0.0,0.0,0.0,0.0,0,0,0.0,0.0
1786902939.5183203,571,22.8,3,walking,carrying,carrying,0,0.0,0.6,0.044313771760017856,0.0667611290784542,0.07628551070409842,0.39442681517273426,6.398813305002488,168.68347576090179,0.0,0.0,0.0,0.0,0,0,0.0,0.0
1786902939.6687596,572,22.84,3,walking,walking,walking,0,0.0,0.6,0.04017198159683832,0.06635930051699217,0.07222626740408215,0.3628747751529693,5.845094710227719,167.65888365369648,0.0,0.0,0.0,0.0,0,0,0.0,0.0
1786902939.7427993,573,22.88,3,walking,walking,walking,0,0.0,0.6,0.038899576014489554,0.06497303361420316,0.0772999591810993,0.3336107732115591,5.2285425734727715,166.54909194621953,0.0,0.0,0.0,0.0,0,0,0.0,0.0
1786902939.801499,574,22.92,3,walking,walking,walking,0,0.0,0.6,0.04078039327750673,0.066157325551006,0.07931887724821238,0.3041494887989309,4.502637661396028,165.24830377812503,0.0,0.8,0.95,0.18260774645631225,0,0,0.05,0.8623663438313951
1786902939.8314266,575,22.96,3,walking,walking,walking,0,0.0,0.6,0.04238604303689396,0.06252612840183251,0.0801064722326813,0.27822518431712656,3.8778861128726496,164.63438848664296,0.0,0.8095238095238095,0.9523809523809523,0.17772673339804412,0,0,0.047619047619047616,0.8345500981402394
1786902939.8679893,576,23.0,3,walking,walking,walking,0,0.0,0.6,0.04686826308851134,0.06691102503657875,0.07703748534968753,0.25485059544199934,3.1494213684847905,164.91738342466414,0.0,0.8181818181818182,0.9545454545454546,0.17314994939584608,0,0,0.045454545454545456,0.8082001207448649
1786902939.973496,577,23.04,3,walking,walking,walking,0,0.0,0.6,0.051236421587386775,0.06588662747282013,0.07545889836741058,0.24297005084359116,2.514614645107614,164.77084197486533,0.0,0.8260869565217391,0.9565217391304348,0.16890251239460974,0,0,0.043478260869565216,0.7836249003143748
1786902940.0057292,578,23.08,3,walking,walking,walking,0,0.0,0.6,0.04921699337743249,0.06483835820230385,0.08602910964657245,0.24631093784150196,1.974582716432311,164.4702522991585,0.0,0.8333333333333334,0.9583333333333334,0.16544945394677485,0,0,0.041666666666666664,0.7612368185446714
1786902940.0363736,579,23.12,3,walking,walking,walking,0,0.0,0.6,0.05734176865557188,0.0646263923289813,0.08848060360881844,0.25960735744206426,1.942511891035645,163.4605136882394,0.0,0.84,0.96,0.1623706999332566,0,0,0.04,0.7411716401005671
1786902940.0854328,580,23.16,3,walking,walking,walking,0,0.0,0.6,0.06364047603567562,0.075022522727387,0.09952713308060583,0.28116783677557977,2.1611329105124475,162.2403606187051,0.0,0.8461538461538461,0.9615384615384616,0.15995363966969312,0,0,0.038461538461538464,0.7234791861265292
1786902940.1177337,581,23.2,3,walking,walking,walking,0,0.0,0.6,0.06683997424024943,0.07909051731047495,0.10507665814548864,0.31128643011751544,2.8272980949815585,161.41072859578173,0.0,0.8518518518518519,0.9629629629629629,0.15792115887250036,0,0,0.037037037037037035,0.708212787755825
1786902940.155027,582,23.24,3,walking,walking,walking,0,0.0,0.6,0.06919577007850036,0.08459842554972025,0.1009270143909726,0.3459358620217827,3.7018250009152234,160.68003908665466,0.0,0.8571428571428571,0.9642857142857143,0.15588565371244578,0,0,0.03571428571428571,0.6952743261224663
1786902940.23438,583,23.28,3,walking,walking,walking,0,0.0,0.6,0.07074548131662321,0.08355618082273529,0.10347074529735051,0.37003604871562684,4.66862316655944,160.45477708005768,0.0,0.8620689655172413,0.9655172413793104,0.1540782430774425,0,0,0.034482758620689655,0.6840592131084373
1786902940.2652988,584,23.32,3,walking,walking,walking,0,0.0,0.6,0.07038529405151495,0.08344467453103585,0.09731281861437938,0.3864366994893253,5.7746057952687755,160.71607091211834,0.0,0.8666666666666667,0.9666666666666667,0.15218606226200707,0,0,0.03333333333333333,0.674138462654467
1786902940.2977662,585,23.36,3,walking,walking,walking,0,0.0,0.6,0.06984131376941857,0.07879877441860327,0.10588386841237335,0.40944159602100644,7.0695531247587935,161.02718374097313,0.0,0.8709677419354839,0.967741935483871,0.1506924431055673,0,0,0.03225806451612903,0.6655998540533876
1786902940.380995,586,23.4,3,walking,walking,walking,0,0.0,0.6,0.06756507032141248,0.07453771336593974,0.10512208881281032,0.43895934225517036,8.949127786823219,160.46521749652567,0.0,0.875,0.96875,0.14926836953391862,0,0,0.03125,0.6585173380596934
1786902940.4110978,587,23.44,3,walking,walking,walking,0,0.0,0.6,0.06124623272221682,0.07331510903659762,0.08483699464289232,0.465587453224556,11.163402878626119,160.19523862037394,0.0,0.8787878787878788,0.9696969696969697,0.14731590362812996,0,0,0.030303030303030304,0.6526709779131741
1786902940.445518,588,23.48,3,walking,walking,walking,0,0.0,0.6,0.05661578458406576,0.07101534792457816,0.09004905071077055,0.4955541598914576,14.059755225357815,160.56860191529097,0.0,0.9090909090909091,1.0,0.15004466274057754,0,0,0.0,0.5967868726142003
1786902940.4995563,589,23.52,3,carrying,walking,walking,0,0.0,0.6311144041197726,0.05398938511918193,0.06128101339808632,0.08317468984982676,0.5518573401996211,17.55004354971089,161.28448054562537,0.0,0.8787878787878788,1.0,0.14106877776109086,0,0,0.0,0.5597771902837703
1786902940.5414703,590,23.56,3,standing,walking,walking,0,0.0,0.75,0.05268442033136957,0.055406144803540815,0.12456406058356799,0.5895131727121384,21.645285290797215,161.64333265226074,0.0,0.8484848484848485,0.9696969696969697,0.134057913219606,0,0,0.030303030303030304,0.5332632570613285
1786902940.5884447,591,23.6,3,standing,walking,walking,0,0.0,0.75,0.054997214736786315,0.043738702278118734,0.13153858991611633,0.6282643209343545,26.1436774307309,161.96924241800897,0.0,0.8181818181818182,0.9393939393939394,0.1279554742142593,0,0,0.06060606060606061,0.514378192148354
1786902940.662853,592,23.64,3,standing,walking,walking,0,0.0,0.75,0.05469818897916423,0.037398728042229795,0.13882350504227892,0.6795920335908813,31.415466844379715,161.58703451953755,0.0,0.7878787878787878,0.9090909090909091,0.12417795394369763,0,0,0.09090909090909091,0.5012754698334102
1786902940.6930056,593,23.68,3,bending,walking,walking,0,0.0,0.6204931279257937,0.05316934518352837,0.03162708296824709,0.14686456241412862,0.7608135059380632,37.22958767554762,160.19951191229214,0.030303030303030304,0.7575757575757576,0.9090909090909091,0.12032029899265584,0,0,0.09090909090909091,0.4925891179152499
1786902940.7298598,594,23.72,3,bending,standing,standing,0,0.0,0.7118109509550727,0.062915014461905,0.03452785389676586,0.1453073431774631,0.8505295764515907,42.708657057304364,157.2581322656813,0.06060606060606061,0.7272727272727273,0.9090909090909091,0.11632328623370143,0,0,0.09090909090909091,0.48871795233278686
1786902940.7961237,595,23.76,3,bending,standing,standing,0,0.0,0.8090716806356334,0.06441156690459092,0.03727925128145198,0.14963665451327515,0.9370367533672959,48.54430083813801,152.69763732687153,0.09090909090909091,0.696969696969697,0.9090909090909091,0.1133222498230605,0,0,0.09090909090909091,0.48906498860844577
1786902940.8352165,596,23.8,3,bending,standing,material_handling,1,1.0,0.9169171033966276,0.07118384204064429,0.054597367233540015,0.16454949534755137,1.0457838825449626,55.01502620379765,148.72397417247072,0.12121212121212122,0.6666666666666666,0.9090909090909091,0.11129198800079793,1,0,0.09090909090909091,0.49390431305570964
1786902940.8657622,597,23.84,3,bending,bending,material_handling,1,1.0,0.9995790009704808,0.07366297260540938,0.0699261177260566,0.1599847002192218,1.1359750883963233,59.974740058228846,143.89141779747882,0.15151515151515152,0.6363636363636364,0.9090909090909091,0.10963895964536272,1,0,0.09090909090909091,0.5024805824653158
1786902940.9164488,598,23.88,3,bending,bending,material_handling,1,1.0,1.0,0.06737235345172969,0.0694529209500096,0.14940816069519502,1.1822609772181965,64.47053438797693,138.92178359015776,0.18181818181818182,0.6363636363636364,0.9090909090909091,0.10875196133686198,1,0,0.09090909090909091,0.5180532385878296
1786902940.947905,599,23.92,3,bending,bending,material_handling,1,1.0,1.0,0.06281226710678772,0.06810239642660806,0.10958978901840181,1.2365219114616872,68.2811181306901,133.7642020803953,0.21212121212121213,0.6363636363636364,0.9090909090909091,0.10756615336886895,1,0,0.09090909090909091,0.5375716125049225
1786902940.9940472,600,23.96,3,bending,bending,material_handling,1,1.0,1.0,0.056012648831653945,0.06903237844381761,0.09529675792669484,1.2967596456466821,71.20483940623532,129.34802569418525,0.24242424242424243,0.6363636363636364,0.9090909090909091,0.10658069118433047,1,0,0.09090909090909091,0.5604000796625366
1786902941.0409522,601,24.0,3,bending,bending,material_handling,1,1.0,1.0,0.055854777698097734,0.06849498144842248,0.0918107341807324,1.3336619686568978,73.35840453830886,125.41204774292393,0.2727272727272727,0.6060606060606061,0.9090909090909091,0.10539765680674516,1,0,0.09090909090909091,0.5853357284904479
1786902941.0701947,602,24.04,3,bending,bending,material_handling,1,1.0,1.0,0.063180242221804,0.07567514479295116,0.09486110751648176,1.3441354463741648,74.20975447656393,123.49854717423003,0.30303030303030304,0.5757575757575758,0.9090909090909091,0.10512270437233037,1,0,0.09090909090909091,0.6115746185095596
1786902941.0999217,603,24.08,3,bending,bending,material_handling,1,1.0,1.0,0.05884264240041622,0.070389018206027,0.09967756048093462,1.3294986860838884,73.69827683893374,122.49579609772088,0.3333333333333333,0.5454545454545454,0.9090909090909091,0.10574355353733869,1,0,0.09090909090909091,0.6388980520094317
1786902941.1469624,604,24.12,3,bending,bending,material_handling,1,1.0,1.0,0.06596938175383629,0.06584674336757268,0.09861157795829531,1.299341346329016,72.7323617029895,123.31070759370664,0.36363636363636365,0.5151515151515151,0.9090909090909091,0.10642010102989011,1,0,0.09090909090909091,0.6663197044687129
1786902941.1777482,605,24.16,3,bending,bending,material_handling,1,1.0,1.0,0.06706437244633917,0.04616782750975293,0.09917044039001449,1.2521843469835683,70.37295855124067,126.6068364849751,0.3939393939393939,0.48484848484848486,0.9090909090909091,0.10723659112037291,1,0,0.09090909090909091,0.6932684793726706
1786902941.2284126,606,24.2,3,bending,bending,material_handling,1,1.0,1.0,0.06806324078742819,0.029363508292249596,0.10828829406557598,1.1556537681585477,65.81182278567762,130.55613173316814,0.42424242424242425,0.45454545454545453,0.9090909090909091,0.10817563157141764,1,0,0.09090909090909091,0.7181788731589428
1786902941.2979548,607,24.24,3,bending,bending,material_handling,1,1.0,1.0,0.07125550835101097,0.031013262093390368,0.12460067899334926,1.1050640008392894,61.41686545023159,135.40710576915941,0.45454545454545453,0.42424242424242425,0.9090909090909091,0.10954780738187633,1,0,0.09090909090909091,0.7424490098874386
1786902941.3273873,608,24.28,3,bending,bending,material_handling,1,1.0,0.9310379046984452,0.07637664569163875,0.03183175129201864,0.13608961118998164,0.9949059667782394,55.86227428190671,140.46386149300037,0.48484848484848486,0.3939393939393939,0.9090909090909091,0.11124426613815817,1,0,0.09090909090909091,0.7641666093559573
1786902941.3597522,609,24.32,3,bending,bending,material_handling,1,1.0,0.8291338836886759,0.07700400701360041,0.031683804150538876,0.1420678826723163,0.8806561050792832,49.74803302132055,146.0190475563027,0.5151515151515151,0.36363636363636365,0.9090909090909091,0.1132148842388439,1,0,0.09090909090909091,0.783130412678299
1786902941.4428964,610,24.36,3,bending,bending,material_handling,1,1.0,0.7166246917887794,0.07459290684650545,0.02994776240947545,0.13734404806070163,0.7701553618635137,42.99748150732677,151.43407644638046,0.5454545454545454,0.3333333333333333,0.9090909090909091,0.11509019180530727,1,0,0.09090909090909091,0.7991057251334482
1786902941.4729714,611,24.4,3,bending,bending,material_handling,1,1.0,0.6009217349053775,0.06592207968147282,0.0223219084266493,0.13499008537161128,0.694851617300811,36.05530409432265,156.57957752315474,0.5757575757575758,0.30303030303030304,0.9090909090909091,0.11657385773636905,1,0,0.09090909090909091,0.8126978669352455
1786902941.5124583,612,24.44,3,standing,bending,material_handling,1,1.0,0.75,0.05558031461050761,0.02110521530661935,0.1243581575873066,0.6083351412548972,29.261867134849574,160.32708535712473,0.5757575757575758,0.2727272727272727,0.8787878787878788,0.11766105634177777,1,0,0.12121212121212122,0.8232653755356344
1786902941.5708268,613,24.48,3,standing,bending,material_handling,1,1.0,0.75,0.043775508454285704,0.020555426094974835,0.1127499520464073,0.5359207413409276,23.05348829629511,163.47453475505682,0.5757575757575758,0.24242424242424243,0.8484848484848485,0.11806174782558995,1,0,0.15151515151515152,0.8309851605224631
1786902941.623098,614,24.52,3,standing,bending,material_handling,1,1.0,0.75,0.03447220932844853,0.021172674104668693,0.09901166239636838,0.47754686721320144,17.46475567835078,166.0130833990406,0.5757575757575758,0.21212121212121213,0.8181818181818182,0.1178779600756166,1,0,0.18181818181818182,0.8360233555859689
1786902941.654494,615,24.56,3,standing,bending,material_handling,1,1.0,0.75,0.025209271874503933,0.0202563389221325,0.07835783526992833,0.4308540824491207,12.717667158236127,167.54742685800178,0.5757575757575758,0.18181818181818182,0.7878787878787878,0.11719404555679708,1,0,0.21212121212121213,0.8385966349928577
1786902941.7317061,616,24.6,3,standing,standing,material_handling,1,1.0,0.75,0.020754462701014453,0.01806339823534775,0.0713798048137828,0.4016008157073653,9.028213686540258,168.16312400072877,0.5757575757575758,0.15151515151515152,0.7575757575757576,0.11622159281487077,1,0,0.24242424242424243,0.8395531430835165
1786902941.762681,617,24.64,3,idle,standing,material_handling,1,1.0,0.85,0.01421827837235422,0.017158110228333252,0.06800249473037054,0.37400891501127204,6.303995773464397,168.37918983190016,0.5757575757575758,0.12121212121212122,0.7272727272727273,0.11533340118202202,1,0,0.2727272727272727,0.8391765435538786
1786902941.8050096,618,24.68,3,idle,standing,material_handling,1,1.0,0.85,0.011447113228197614,0.017285385841016927,0.06599311345147932,0.3634190734099533,4.469665514931046,168.2041042359003,0.5757575757575758,0.09090909090909091,0.696969696969697,0.11412459042563129,1,0,0.30303030303030304,0.8377819216565738
1786902941.871841,619,24.72,3,idle,standing,material_handling,1,1.0,0.85,0.008503391877089879,0.01529587219454575,0.0622761707344123,0.35411438986611155,3.087850029251824,167.9049392896854,0.5757575757575758,0.06060606060606061,0.6666666666666666,0.11282622927174046,1,0,0.3333333333333333,0.835210862493269
1786902941.9241729,620,24.76,3,idle,standing,material_handling,1,1.0,0.85,0.008047159124132603,0.014912320947225761,0.05497181155150746,0.3388832212300286,2.2414828912082454,167.44037230362576,0.5757575757575758,0.030303030303030304,0.6363636363636364,0.11192122372351666,1,0,0.36363636363636365,0.8313713403116166
1786902941.9850488,621,24.8,3,idle,idle,material_handling,1,1.0,0.85,0.011604887064415738,0.014487099203268525,0.0565865276294614,0.3215222263393983,1.9157595648629453,166.79600232811032,0.5757575757575758,0.0,0.6060606060606061,0.1109072078725679,1,0,0.3939393939393939,0.8260976453554937
1786902942.0883257,622,24.84,3,idle,idle,material_handling,1,1.0,0.85,0.012701972269865164,0.017090229009958036,0.06254023459034982,0.2954321949144295,2.0158833284220306,166.71523673739912,0.5757575757575758,0.0,0.5757575757575758,0.11028192134955343,1,0,0.42424242424242425,0.8183271864074576
1786902942.1167696,623,24.88,3,standing,idle,material_handling,1,1.0,0.75,0.013684934309201272,0.022418400673385616,0.06194800170871765,0.2665674364776611,2.355305005759493,166.64855252992552,0.5757575757575758,0.0,0.5757575757575758,0.10838446502001253,1,0,0.42424242424242425,0.8085409519761098
1786902942.1455529,624,24.92,3,standing,idle,material_handling,1,1.0,0.75,0.0164955217076557,0.030280331713942572,0.0616930145245288,0.22754232743125047,2.875579134371063,166.2048642040339,0.5757575757575758,0.0,0.5757575757575758,0.10626793243238866,1,0,0.42424242424242425,0.7963978612638946
1786902942.2013075,625,24.96,3,standing,idle,material_handling,1,1.0,0.75,0.020642255866771216,0.039471303803050924,0.05677606366370242,0.2128116457273758,3.3031028347011215,165.1468859343508,0.5757575757575758,0.0,0.5757575757575758,0.10378164633000757,1,0,0.42424242424242425,0.7822530010256064
1786902942.2544909,626,25.0,3,standing,idle,material_handling,1,1.0,0.75,0.021934152314458485,0.0427769094710494,0.05452677718244289,0.1991671086000045,3.5378061969923174,164.51798804232848,0.5454545454545454,0.0,0.5454545454545454,0.10098353162601709,1,0,0.45454545454545453,0.7652334132274835
1786902942.2844915,627,25.04,3,standing,standing,standing,0,0.0,0.75,0.024273136974115338,0.043059528146625926,0.05270921110843604,0.18597522691979887,3.6414371643648105,164.04740808945365,0.5151515151515151,0.0,0.5151515151515151,0.09817752762392537,0,0,0.48484848484848486,0.745095402635611
1786902942.3342059,628,25.08,3,standing,standing,standing,0,0.0,0.75,0.030130791562562195,0.0465909277704201,0.045968208569543256,0.17551319183424693,3.711611159877522,163.7602385764875,0.48484848484848486,0.0,0.48484848484848486,0.0950360595650244,0,0,0.5151515151515151,0.7220189310740035
1786902942.365275,629,25.12,3,standing,standing,standing,0,0.0,0.75,0.032748158845743634,0.048228976514925984,0.04867691568345104,0.16928956592432515,3.92478435124569,163.4122663076398,0.45454545454545453,0.0,0.45454545454545453,0.09152476927217287,0,0,0.5454545454545454,0.6954584972370144
1786902942.3960426,630,25.16,3,standing,standing,standing,0,0.0,0.75,0.03301572739160505,0.04926625428348716,0.04634301903315961,0.16613919383655013,4.424895422682344,163.08984141293269,0.42424242424242425,0.0,0.42424242424242425,0.08808108196350432,0,0,0.5757575757575758,0.666069530735203
1786902942.4711397,631,25.2,3,standing,standing,standing,0,0.0,0.75,0.035654633165833186,0.047050415395072674,0.04390446206583621,0.1632085091411481,4.777355735838482,162.61172019466264,0.3939393939393939,0.0,0.3939393939393939,0.08488400018685709,0,0,0.6060606060606061,0.6351891529146866
1786902942.5018365,632,25.24,3,standing,standing,standing,0,0.0,0.75,0.036560541728007816,0.0449036809131191,0.0448030223936327,0.16341851130822188,4.83663405030636,161.73753601341838,0.36363636363636365,0.0,0.36363636363636365,0.08292076483459135,0,0,0.6363636363636364,0.6026708680615513
1786902942.532611,633,25.28,3,standing,standing,standing,0,0.0,0.75,0.035484884138832815,0.03786250230924378,0.045950445592681945,0.16551726384058357,4.714845574764856,161.1749172687025,0.3333333333333333,0.0,0.3333333333333333,0.08142542203659095,0,0,0.6666666666666666,0.5683907958856088
1786902942.5903275,634,25.32,3,standing,standing,standing,0,0.0,0.75,0.03360350714661259,0.0328288820520763,0.0503687329163677,0.1626670272659195,4.334472487219122,161.19482388493435,0.30303030303030304,0.0,0.30303030303030304,0.0801696038164587,0,0,0.696969696969697,0.5329061006919428
1786902942.6226957,635,25.36,3,standing,standing,standing,0,0.0,0.75,0.03608498383020342,0.04382499305096583,0.050007985630659904,0.1588678994119615,3.9151796656675715,161.26291920738686,0.2727272727272727,0.0,0.2727272727272727,0.07881041830476714,0,0,0.7272727272727273,0.4969889022991489
1786902942.6706612,636,25.4,3,standing,standing,standing,0,0.0,0.75,0.03520887725864884,0.048808813706882885,0.04964610066485824,0.15577901473847186,3.644043345452726,161.77674867828173,0.24242424242424243,0.0,0.24242424242424243,0.07729431346185571,0,0,0.7575757575757576,0.46142163953110593
1786902942.7418902,637,25.44,3,standing,standing,standing,0,0.0,0.75,0.033792225935366696,0.049932963729353415,0.05974102673041724,0.14833813921618572,3.5000029228215666,162.22256960504106,0.21212121212121213,0.0,0.21212121212121213,0.07611641797010184,0,0,0.7878787878787878,0.42654275446708073
1786902942.7759001,638,25.48,3,standing,standing,standing,0,0.0,0.75,0.03612002180992138,0.05093319827632029,0.06724008779212003,0.13572654648159896,3.6758612718231047,162.47450131862232,0.18181818181818182,0.0,0.18181818181818182,0.0751488315277414,0,0,0.8181818181818182,0.392710699906415
1786902942.8091373,639,25.52,3,standing,standing,standing,0,0.0,0.75,0.03593919858525046,0.05141528031636118,0.07426231619291153,0.1508111261473891,3.982390694818607,163.1690618104398,0.15151515151515152,0.0,0.15151515151515152,0.07411774128917581,0,0,0.8484848484848485,0.3622609228757738
1786902942.8762326,640,25.56,3,standing,standing,standing,0,0.0,0.75,0.03302468117325466,0.05564511727167863,0.13007292840672427,0.21463856652029958,4.563609255425422,164.1615959923956,0.12121212121212122,0.0,0.12121212121212122,0.07428356702897504,0,0,0.8787878787878788,0.3352783339570165
1786902942.908383,641,25.6,3,walking,standing,standing,0,0.0,0.6,0.03602872685681612,0.0606918600906328,0.1621476751535348,0.2721473981547348,6.3870189739116565,163.76772812703564,0.09090909090909091,0.030303030303030304,0.12121212121212122,0.07507320533090091,0,0,0.8787878787878788,0.31337655915024365
1786902942.948637,642,25.64,3,walking,standing,standing,0,0.0,0.6,0.04642178807644588,0.06733734829069386,0.18614104978814847,0.31913068048052995,9.351379819669521,162.82983648867702,0.06060606060606061,0.06060606060606061,0.12121212121212122,0.07640875584956248,0,0,0.8787878787878788,0.29636063719270567
1786902943.001825,643,25.68,3,walking,standing,standing,0,0.0,0.6,0.05713038140023426,0.07042069483097234,0.20513841536841737,0.39162126602266917,13.735551923575077,161.33224856211598,0.030303030303030304,0.09090909090909091,0.12121212121212122,0.07846313061646294,0,0,0.8787878787878788,0.28488990701571043
1786902943.0318592,644,25.72,3,standing,standing,standing,0,0.0,0.75,0.06096387280026757,0.05970123705532688,0.21460619077778717,0.4830864176029362,19.88504756336664,158.53827059481904,0.0,0.09090909090909091,0.09090909090909091,0.08087573987119556,0,0,0.9090909090909091,0.2784727797521384
1786902943.0638943,645,25.76,3,walking,walking,walking,0,0.0,0.6,0.07387429706857672,0.061545440314533004,0.2123744872882176,0.5691682370325325,26.918702788368996,156.23214625202928,0.0,0.12121212121212122,0.12121212121212122,0.08354290137728376,0,0,0.8787878787878788,0.2772859038666122
1786902943.118877,646,25.8,3,walking,walking,walking,0,0.0,0.6,0.08044812451096348,0.06139180001020277,0.22129185056470657,0.6688239948881939,34.939172525094186,152.21396636547,0.0,0.15151515151515152,0.15151515151515152,0.08683204981723222,0,0,0.8484848484848485,0.2813132751862264
1786902943.1720622,647,25.84,3,bending,walking,walking,0,0.0,0.7239709394583043,0.08148576690557591,0.06333763120037281,0.2101552194458705,0.7650474473873974,43.438256367498255,147.93057942741143,0.030303030303030304,0.15151515151515152,0.18181818181818182,0.09020003639448988,0,0,0.8181818181818182,0.2900254139793838
1786902943.212464,648,25.88,3,bending,walking,walking,0,0.0,0.8625784095430566,0.0815706883218577,0.06489421137262116,0.20404702914904377,0.8669119548955899,51.7547045725834,143.9651568730791,0.06060606060606061,0.15151515151515152,0.21212121212121213,0.09400879984537217,0,0,0.7878787878787878,0.30323928890200413
1786902943.2615619,649,25.92,3,bending,walking,walking,0,0.0,0.996085468043032,0.08221918981060047,0.06669219030247354,0.17528784966408942,0.9866689306022716,59.76512808258192,139.9772460248039,0.09090909090909091,0.15151515151515152,0.24242424242424243,0.09715752847719965,0,0,0.7575757575757576,0.32096862571700124
1786902943.3127668,650,25.96,3,bending,walking,walking,0,0.0,1.0,0.07766721941788772,0.05967907367768556,0.14827366276259335,1.072935838637664,67.44319008428641,135.59970947450583,0.12121212121212122,0.15151515151515152,0.2727272727272727,0.09958998811453972,0,0,0.7272727272727273,0.34214822946325557
1786902943.343877,651,26.0,3,bending,bending,bending,0,0.0,1.0,0.07127368368200984,0.05969391508577536,0.12756247203042353,1.154201542217921,73.91575315182047,132.86452142489568,0.15151515151515152,0.15151515151515152,0.30303030303030304,0.1014557262532956,0,0,0.696969696969697,0.3661113345786485
1786902943.3982365,652,26.04,3,bending,bending,bending,0,0.0,1.0,0.061298493492163764,0.06202736741864244,0.11115856856453273,1.2161263320041924,79.03664002872759,130.2479406146158,0.18181818181818182,0.15151515151515152,0.3333333333333333,0.10293701103602654,0,0,0.6666666666666666,0.39223290858283283
1786902943.4305282,653,26.08,3,bending,bending,material_handling,1,1.0,1.0,0.06575904392760408,0.06622467217192357,0.11043729787512738,1.2388364554794724,81.67999134536471,127.65405072692553,0.21212121212121213,0.15151515151515152,0.36363636363636365,0.10461778334886351,1,0,0.6363636363636364,0.4195042187116038
1786902943.4740648,654,26.12,3,bending,bending,material_handling,1,1.0,1.0,0.060227135197989085,0.06410131791158086,0.1145277537997304,1.2291881757443475,81.6377017860161,127.23158586054487,0.24242424242424243,0.15151515151515152,0.3939393939393939,0.1063735780812959,1,0,0.6060606060606061,0.4470092474814508
1786902943.5435257,655,26.16,3,bending,bending,material_handling,1,1.0,1.0,0.05848108650454637,0.06448739645670346,0.11294692424996573,1.1998227942094688,79.59134604215618,127.80878957017714,0.2727272727272727,0.15151515151515152,0.42424242424242425,0.10790105352552667,1,0,0.5757575757575758,0.47441502321766404
1786902943.574926,656,26.2,3,bending,bending,material_handling,1,1.0,1.0,0.060581196730923326,0.06879182968938403,0.1175194525159035,1.1393732570840562,75.06008164965911,129.27181524575496,0.30303030303030304,0.15151515151515152,0.45454545454545453,0.10958503688332019,1,0,0.5454545454545454,0.500863684448161
1786902943.6083517,657,26.24,3,bending,bending,material_handling,1,1.0,1.0,0.062105055588308256,0.07973760252743428,0.11301863052735991,1.0568974375447646,68.15185180660099,130.73322622355818,0.3333333333333333,0.15151515151515152,0.48484848484848486,0.11114035858037567,1,0,0.5151515151515151,0.5259956574819038
1786902943.6592548,658,26.28,3,bending,bending,material_handling,1,1.0,1.0,0.06692337196804,0.08036561764928415,0.11819926466004166,0.9487683004555428,60.340095173483654,132.07313379348753,0.36363636363636365,0.15151515151515152,0.5151515151515151,0.11300166770147686,1,0,0.48484848484848486,0.5482973742918482
1786902943.691466,659,26.32,3,bending,bending,material_handling,1,1.0,0.865368544340814,0.0760980413443117,0.09004128115496532,0.12741243109173075,0.8586756373479789,51.92211266044884,134.46962391747803,0.3939393939393939,0.15151515151515152,0.5454545454545454,0.11521032388054618,1,0,0.45454545454545453,0.568282481223605
1786902943.8399355,660,26.36,3,bending,bending,material_handling,1,1.0,0.720838836608834,0.07919915284972294,0.0891223557043478,0.13341054204502856,0.7591123726848532,43.25033019653004,137.3529773483599,0.42424242424242425,0.15151515151515152,0.5757575757575758,0.11765581875741261,1,0,0.42424242424242425,0.5856502735195158
1786902944.0402555,661,26.4,3,walking,bending,material_handling,1,1.0,0.6,0.08561030167462406,0.08285368374969451,0.1319321706953778,0.6308506107529901,34.36984508378153,140.53327366558833,0.42424242424242425,0.18181818181818182,0.6060606060606061,0.12026078730668034,1,0,0.3939393939393939,0.599448377123114
1786902944.0833335,662,26.44,3,walking,bending,material_handling,1,1.0,0.6,0.0818503760029821,0.08344599623298365,0.12026839459494269,0.5230849099521779,25.9836588173596,144.23322689392575,0.42424242424242425,0.21212121212121213,0.6363636363636364,0.12243022606157401,1,0,0.36363636363636365,0.6101694481542611
1786902944.1176023,663,26.48,3,walking,bending,material_handling,1,1.0,0.6,0.0783797017171404,0.08220582155931239,0.11423141609999411,0.43688221481592554,18.996784880483382,148.66604514439874,0.42424242424242425,0.24242424242424243,0.6666666666666666,0.12448745021511445,1,0,0.3333333333333333,0.618373782123333
1786902944.2406967,664,26.52,3,walking,bending,material_handling,1,1.0,0.6,0.07577180890255279,0.09038395830725071,0.09102187094423513,0.3567379508283848,13.032760138613238,151.46779393245646,0.42424242424242425,0.2727272727272727,0.696969696969697,0.12591525048415686,1,0,0.30303030303030304,0.6242383106593099
1786902944.313546,665,26.56,3,walking,walking,material_handling,1,1.0,0.6,0.07264452311434462,0.09376572048110447,0.0819740627611251,0.28913680476414705,8.260293278230213,153.84580012038327,0.42424242424242425,0.30303030303030304,0.7272727272727273,0.12704164564680814,1,0,0.2727272727272727,0.6280479559155501
1786902944.3584082,666,26.6,3,walking,walking,material_handling,1,1.0,0.6,0.07661987579031632,0.08461170471762504,0.08303645533819821,0.23351024253422414,4.990189308679488,156.25530494124786,0.42424242424242425,0.3333333333333333,0.7575757575757576,0.128165464123945,1,0,0.24242424242424243,0.6301083492092967
1786902944.4091413,667,26.64,3,walking,walking,material_handling,1,1.0,0.6,0.07974394242185541,0.076444028745961,0.07552749860205935,0.19974979888120845,3.458811216654196,158.99676652796092,0.42424242424242425,0.36363636363636365,0.7878787878787878,0.12892785096290535,1,0,0.21212121212121213,0.6312320695612752
1786902944.4420354,668,26.68,3,walking,walking,material_handling,1,1.0,0.6,0.07728125221165857,0.06677085995870931,0.07262577478112554,0.1789202454082488,2.8364410265534175,161.61735187129383,0.42424242424242425,0.3939393939393939,0.8181818181818182,0.12961323851291948,1,0,0.18181818181818182,0.6318397164096475
1786902944.4738767,669,26.72,3,walking,walking,material_handling,1,1.0,0.6,0.07399730739077098,0.061386964138368305,0.07516393091510579,0.18067213214094882,3.0323511077979792,163.03416280258512,0.42424242424242425,0.42424242424242425,0.8484848484848485,0.1303865060962603,1,0,0.15151515151515152,0.6325940533006317
1786902944.526471,670,26.76,3,standing,walking,material_handling,1,1.0,0.75,0.07064601965851905,0.05866556355274813,0.07283100033924014,0.18587400664823092,3.3718054712456214,164.0716514768671,0.42424242424242425,0.42424242424242425,0.8484848484848485,0.13078317196319436,1,0,0.15151515151515152,0.6337315038288754
1786902944.6505225,671,26.8,3,standing,walking,material_handling,1,1.0,0.75,0.06474347923783713,0.05249839617720992,0.062144398914260934,0.18353936555813596,3.6955161500524945,164.46579790355253,0.42424242424242425,0.42424242424242425,0.8484848484848485,0.13062875714871375,1,0,0.15151515151515152,0.6351803771342251
1786902944.6832042,672,26.84,3,standing,walking,material_handling,1,1.0,0.75,0.060692791035258264,0.0496732509349985,0.05164401723804907,0.18848724435760428,3.683671764014244,164.40883798915326,0.42424242424242425,0.42424242424242425,0.8484848484848485,0.12994335415008154,1,0,0.15151515151515152,0.6363220776860498
1786902944.7453187,673,26.88,3,standing,walking,material_handling,1,1.0,0.75,0.05522442723081694,0.04404730950972437,0.05525601919433614,0.22680124068378937,3.392934291848621,164.0209594382713,0.42424242424242425,0.42424242424242425,0.8484848484848485,0.12767617508303947,1,0,0.15151515151515152,0.6366906435697919
1786902944.831338,674,26.92,3,standing,standing,material_handling,1,1.0,0.75,0.050813258710629645,0.0341773309882207,0.06733282331050702,0.2582082801872933,3.3419694935330275,164.66779902031922,0.42424242424242425,0.3939393939393939,0.8181818181818182,0.12480299775446291,1,0,0.18181818181818182,0.6362682460556269
1786902944.883986,675,26.96,3,standing,standing,material_handling,1,1.0,0.75,0.046152146725990634,0.02987441928928742,0.0758391729668295,0.28690114296838,3.39752328666045,165.39466877372155,0.42424242424242425,0.36363636363636365,0.7878787878787878,0.12146051663866535,1,0,0.21212121212121213,0.6352915934037436
1786902944.933121,676,27.0,3,standing,standing,material_handling,1,1.0,0.75,0.04357959066402287,0.032795439844110895,0.08084333962704138,0.323866172240204,3.8262924837206667,165.46103029018508,0.42424242424242425,0.3333333333333333,0.7575757575757576,0.11769399919195699,1,0,0.24242424242424243,0.6332384087436691
1786902945.0415304,677,27.04,3,standing,standing,material_handling,1,1.0,0.75,0.03744032566653543,0.033395492833571655,0.0802786329387932,0.357274616443904,4.432933870518991,165.15253819802385,0.42424242424242425,0.3333333333333333,0.7575757575757576,0.11362346713622991,1,0,0.24242424242424243,0.629425929920668
1786902945.0846214,678,27.08,3,standing,standing,material_handling,1,1.0,0.75,0.034335655204796124,0.03480523517126359,0.0731376884297492,0.38371351491254,5.205163436277643,164.91056951440336,0.42424242424242425,0.30303030303030304,0.7272727272727273,0.10940417020112479,1,0,0.2727272727272727,0.6238060898564257
1786902945.1346211,679,27.12,3,standing,standing,material_handling,1,1.0,0.75,0.033687982177390066,0.03462058333492508,0.07298512363929743,0.4248960581812638,6.310302595287075,163.83211713598925,0.42424242424242425,0.2727272727272727,0.696969696969697,0.1049100269609609,1,0,0.30303030303030304,0.6164143341986401
1786902945.1642888,680,27.16,3,standing,standing,material_handling,1,1.0,0.75,0.03770650586159011,0.032633776807095345,0.0764810472372771,0.47030924583753786,7.9180072446516885,161.15875914448677,0.3939393939393939,0.2727272727272727,0.6666666666666666,0.10085929446979137,1,0,0.3333333333333333,0.607482873545614
1786902945.227747,681,27.2,3,standing,standing,standing,0,0.0,0.75,0.04864758462488665,0.03220273807298029,0.08496478482629173,0.5190239216622624,9.927022155154294,157.361536669105,0.36363636363636365,0.2727272727272727,0.6363636363636364,0.09725074161152616,0,0,0.36363636363636365,0.5969408119324829
1786902945.2893546,682,27.24,3,standing,standing,standing,0,0.0,0.75,0.05967564694763752,0.029553172913936207,0.08483369216959662,0.5697402042513516,12.529224108867975,151.9870601399072,0.3333333333333333,0.2727272727272727,0.6060606060606061,0.09450970653593548,0,0,0.3939393939393939,0.5843066081036672
1786902945.330447,683,27.28,3,unknown,standing,standing,0,0.0,0.3,0.07108108225371024,0.028627801017763594,0.08353584997582902,0.6381212235947699,15.469206243018368,144.5570869514939,0.30303030303030304,0.2727272727272727,0.5757575757575758,0.09254795463330627,0,0,0.3939393939393939,0.5711304076478219
1786902945.3621888,684,27.32,3,carrying,standing,standing,0,0.0,0.7280507646159493,0.08090720257331369,0.03053352235830918,0.07793831977016584,0.7134179410265823,18.0660532889765,135.36560221823854,0.2727272727272727,0.2727272727272727,0.5757575757575758,0.09104419244360147,0,0,0.3939393939393939,0.5577733288238418
1786902945.4474568,685,27.36,3,walking,standing,standing,0,0.0,0.6,0.0854815010958187,0.035431284334178574,0.07162839196434544,0.7915703931128146,20.831446288346548,124.63272641835049,0.24242424242424243,0.30303030303030304,0.5757575757575758,0.08984630830420187,0,0,0.3939393939393939,0.544907997342285
1786902945.476741,686,27.4,3,walking,standing,standing,0,0.0,0.6,0.09277735779634659,0.03449220024217948,0.0813077874585468,0.8669488697105087,23.401167066096317,114.05670466591769,0.21212121212121213,0.3333333333333333,0.5757575757575758,0.08896359586733578,0,0,0.3939393939393939,0.5336386765614073
1786902945.5055878,687,27.44,3,walking,standing,standing,0,0.0,0.6,0.09218623188432043,0.03472442765812759,0.08387877115412971,0.9535498941794487,26.110632857325935,103.81671175761672,0.18181818181818182,0.36363636363636365,0.5757575757575758,0.0880348388174691,0,0,0.3939393939393939,0.525286001362471
1786902945.5535831,688,27.48,3,walking,standing,standing,0,0.0,0.6,0.08877275946355961,0.034722815833129174,0.08806193242377165,1.0554079376236727,28.79460409627767,93.91169486456299,0.15151515151515152,0.3939393939393939,0.5757575757575758,0.08728074815606927,0,0,0.3939393939393939,0.5209097935871437
1786902945.5978,689,27.52,3,walking,walking,walking,0,0.0,0.6,0.08569416894740384,0.03776356755017907,0.08245752538259547,1.073022798076336,30.88426218986164,85.06207743560758,0.12121212121212122,0.42424242424242425,0.5757575757575758,0.08621826551566601,0,0,0.3939393939393939,0.5188991736172128
1786902945.6557832,690,27.56,3,walking,walking,walking,0,0.0,0.6,0.08415592287157243,0.03784277661743273,0.08259765868342334,1.0902525156797689,32.836818308332155,77.68013436651252,0.09090909090909091,0.45454545454545453,0.5757575757575758,0.08529641788403157,0,0,0.3939393939393939,0.5199099335606979
1786902945.7065387,691,27.6,3,walking,walking,walking,0,0.0,0.6,0.08148421139697579,0.035757464590366134,0.08034470206170906,1.1015393901237065,34.59056110076456,72.39094079354776,0.06060606060606061,0.48484848484848486,0.5757575757575758,0.08414930992650632,0,0,0.3939393939393939,0.5245393605203391
1786902945.7384663,692,27.64,3,bending,walking,walking,0,0.0,0.597810196952666,0.07557441000002516,0.03452363065109879,0.07452103317624154,1.1127048705474072,35.86861181715996,69.89877729349328,0.06060606060606061,0.48484848484848486,0.5757575757575758,0.08254654029270363,0,0,0.3939393939393939,0.5322372160718369
1786902945.7712119,693,27.68,3,bending,walking,walking,0,0.0,0.6095604628183339,0.07242403944242329,0.03503671260579442,0.08031617379257643,1.1149144982025585,36.573627769100035,70.51015654212723,0.06060606060606061,0.48484848484848486,0.5757575757575758,0.08093762004262933,0,0,0.3939393939393939,0.5430190986632827
1786902945.8472056,694,27.72,3,bending,walking,walking,0,0.0,0.6186505775603713,0.07197304924378785,0.030895579208017818,0.08374851323591465,1.1147084525333548,37.11903465362228,73.3373320293862,0.09090909090909091,0.45454545454545453,0.5757575757575758,0.07947750921052439,0,0,0.3939393939393939,0.5576814575051118
1786902945.8769393,695,27.76,3,bending,walking,walking,0,0.0,0.6160555275340276,0.07063277676576152,0.030951144464787514,0.08519737447909542,1.0883301614912504,36.96333165204165,78.81382075659312,0.12121212121212122,0.42424242424242425,0.5757575757575758,0.07841475102519566,0,0,0.3939393939393939,0.5748101014911443
1786902945.9341042,696,27.8,3,bending,bending,bending,0,0.0,0.6031959596019578,0.07848371057281094,0.030043814406634124,0.09529972090539172,1.047041790601228,36.19175757611747,86.79109039935162,0.15151515151515152,0.3939393939393939,0.5757575757575758,0.07784106329202589,0,0,0.3939393939393939,0.5932997856058505
1786902945.9842498,697,27.84,3,walking,bending,bending,0,0.0,0.6,0.08318029762766156,0.029841674932714248,0.10370966982565823,0.9955308202823132,34.22293282609955,95.86350205366873,0.15151515151515152,0.3939393939393939,0.5757575757575758,0.07822554204600843,0,0,0.3939393939393939,0.6126571452862725
1786902946.0186465,698,27.88,3,walking,bending,bending,0,0.0,0.6,0.08544870302194957,0.028904286527678204,0.1075299284236757,0.9437979935988926,31.504513213422946,105.21898626465898,0.15151515151515152,0.3939393939393939,0.5757575757575758,0.07899996221760087,0,0,0.3939393939393939,0.6324953631297497
1786902946.0548573,699,27.92,3,unknown,bending,bending,0,0.0,0.3,0.07685338702156042,0.032879641192008924,0.10666425229019909,0.9178879465720764,28.362894502192866,114.57502102813112,0.15151515151515152,0.36363636363636365,0.5454545454545454,0.0797159560646312,0,0,0.3939393939393939,0.653234081433927
1786902946.1177745,700,27.96,3,unknown,bending,bending,0,0.0,0.3,0.06832298923991077,0.035389997472677175,0.10841353349861428,0.8627447033193107,24.380290068979882,124.456338473057,0.15151515151515152,0.3333333333333333,0.5151515151515151,0.08071250257664801,0,0,0.3939393939393939,0.6733248361138695
1786902946.14848,701,28.0,3,unknown,bending,bending,0,0.0,0.3,0.060569516375534344,0.03609703446228225,0.11200660397183398,0.8220971486897403,20.705804883823745,133.8445456928153,0.15151515151515152,0.30303030303030304,0.48484848484848486,0.0819058610369725,0,0,0.3939393939393939,0.6928150453042178
1786902946.1826332,702,28.04,3,unknown,bending,bending,0,0.0,0.3,0.04996806801207549,0.03312254729198751,0.10616468782772998,0.7757784254842464,17.20491310725047,142.14777782275797,0.15151515151515152,0.2727272727272727,0.45454545454545453,0.08284527791311264,0,0,0.3939393939393939,0.7108485693449238
1786902946.2934446,703,28.08,3,standing,bending,bending,0,0.0,0.75,0.040649601204114455,0.03006994176439775,0.09880379717568094,0.7316079335814112,14.113168992123587,149.36477418211362,0.15151515151515152,0.2727272727272727,0.45454545454545453,0.08363233236270173,0,0,0.3939393939393939,0.7273859610701716
1786902946.32551,704,28.12,3,standing,bending,bending,0,0.0,0.75,0.03554095757630099,0.0285498697179429,0.08896903823310591,0.672109346583879,11.342207587683111,155.47186948712277,0.15151515151515152,0.2727272727272727,0.45454545454545453,0.08444520022084857,0,0,0.3939393939393939,0.7421911120103457
1786902946.366543,705,28.16,3,standing,bending,bending,0,0.0,0.75,0.025125685415528693,0.032682111281135406,0.07737333274879056,0.6113453979778257,8.979000578125897,160.22211495844476,0.15151515151515152,0.2727272727272727,0.45454545454545453,0.08522487644844678,0,0,0.3939393939393939,0.7550049954533826
1786902946.418093,706,28.2,3,standing,bending,bending,0,0.0,0.75,0.01827535709683338,0.033797534085155886,0.06196846896367248,0.5654866829348989,7.062350069540512,163.1497215991647,0.15151515151515152,0.2727272727272727,0.45454545454545453,0.08542828401721457,0,0,0.3939393939393939,0.7652681906731132
1786902946.4753385,707,28.24,3,standing,standing,standing,0,0.0,0.75,0.012501629036726502,0.031572868368720426,0.052796343997037344,0.5271897451228048,6.132518803917726,164.81661035497962,0.15151515151515152,0.2727272727272727,0.45454545454545453,0.08498778464407912,0,0,0.3939393939393939,0.7734191441560074
1786902946.5185418,708,28.28,3,standing,standing,standing,0,0.0,0.75,0.011292859712166111,0.025738681321483985,0.043684204032166246,0.4950575594910345,5.81278024390094,165.7684579801248,0.15151515151515152,0.2727272727272727,0.45454545454545453,0.08401339164605902,0,0,0.3939393939393939,0.7797269143536638
1786902946.5673292,709,28.32,3,standing,standing,standing,0,0.0,0.75,0.009575459794085861,0.020937771785370887,0.038355237785494864,0.471470803390314,6.15242274345484,166.26014263059355,0.15151515151515152,0.2727272727272727,0.45454545454545453,0.0827258734084364,0,0,0.3939393939393939,0.7841997819642732
1786902946.5978198,710,28.36,3,standing,standing,standing,0,0.0,0.75,0.011015105553053945,0.02024263930735217,0.02875847351101952,0.4397145214106362,7.027992481037964,166.50604777336372,0.15151515151515152,0.2727272727272727,0.45454545454545453,0.08116465645607963,0,0,0.3939393939393939,0.786697960902659
1786902946.6305094,711,28.4,3,idle,standing,standing,0,0.0,0.85,0.010917522312134388,0.018982862061075717,0.025553090843501824,0.4255776308692522,7.565571364208417,166.5514517392447,0.15151515151515152,0.2727272727272727,0.45454545454545453,0.07972269895346606,0,0,0.3939393939393939,0.7879665704771048
1786902946.6944623,712,28.44,3,idle,standing,standing,0,0.0,0.85,0.010666962190232623,0.018786570392266198,0.02951851286557496,0.41703403129036487,8.076065030631952,166.59336174711194,0.15151515151515152,0.2727272727272727,0.45454545454545453,0.07840552893001992,0,0,0.3939393939393939,0.7877283272379867
1786902946.7252185,713,28.48,3,idle,standing,standing,0,0.0,0.85,0.010369920412524576,0.018610801752034126,0.026042308828980766,0.41066049486345113,8.504636310206381,166.74570283232572,0.15151515151515152,0.2727272727272727,0.45454545454545453,0.07687708231158671,0,0,0.3939393939393939,0.785920789329681
1786902946.757191,714,28.52,3,idle,standing,standing,0,0.0,0.85,0.011330146919842887,0.013133552155132415,0.021320155403293833,0.40476984102072683,8.949811959466967,167.23716351348233,0.15151515151515152,0.2727272727272727,0.45454545454545453,0.07494845717755647,0,0,0.3939393939393939,0.7824585444617557
1786902946.8106112,715,28.56,3,idle,idle,idle,0,0.0,0.85,0.011606729613512496,0.011155115330588682,0.01826889068047467,0.39582623155362684,9.425865392388276,167.65597017807116,0.15151515151515152,0.2727272727272727,0.45454545454545453,0.07293134198091641,0,0,0.3939393939393939,0.7771884240769762
1786902946.8405807,716,28.6,3,idle,idle,idle,0,0.0,0.85,0.01112169574509591,0.010841648814671053,0.016918146960933387,0.39492171505230095,9.86306271473173,167.76913842070294,0.15151515151515152,0.2727272727272727,0.45454545454545453,0.07091262370773774,0,0,0.42424242424242425,0.7698187419999317
1786902946.8925822,717,28.64,3,idle,idle,idle,0,0.0,0.85,0.010275694962314338,0.010620434689533992,0.014749874751608705,0.3936796805652124,10.30341067173787,167.97427405711443,0.15151515151515152,0.2727272727272727,0.42424242424242425,0.06899782234353904,0,0,0.45454545454545453,0.7601297038041326
1786902946.9591637,718,28.68,3,idle,idle,idle,0,0.0,0.85,0.00998340905610435,0.01097703225897759,0.014889626229287323,0.387833029706814,10.674503499942904,168.27193145986743,0.15151515151515152,0.24242424242424243,0.3939393939393939,0.06727846580611303,0,0,0.48484848484848486,0.747895238246375
1786902947.0012608,719,28.72,3,idle,idle,idle,0,0.0,0.85,0.008874056283975662,0.010574855514744326,0.015740777641958685,0.38468834401046953,10.959787129170088,168.27276136163522,0.15151515151515152,0.21212121212121213,0.36363636363636365,0.06529158672076188,0,0,0.5151515151515151,0.7332812829221312
1786902947.0470095,720,28.76,3,idle,idle,idle,0,0.0,0.85,0.008579734854108165,0.011494482287645451,0.015403561520583827,0.38144760380070564,11.220338897652269,168.28561931667113,0.15151515151515152,0.18181818181818182,0.3333333333333333,0.0632165803682302,0,0,0.5454545454545454,0.7159448498803512
1786902947.1200676,721,28.8,3,idle,idle,idle,0,0.0,0.85,0.007602238555124166,0.011031463215836042,0.012242965260151688,0.37787781254240543,11.44815702963877,168.2807970051842,0.15151515151515152,0.15151515151515152,0.30303030303030304,0.06091903590872657,0,0,0.5757575757575758,0.6954136339687976
1786902947.159361,722,28.84,3,idle,idle,idle,0,0.0,0.85,0.006023810706455595,0.010919080379642114,0.010660512948212054,0.3703914035944566,11.574165644097986,168.2658885597952,0.15151515151515152,0.12121212121212122,0.2727272727272727,0.058743368865260395,0,0,0.6060606060606061,0.6741217735299528
1786902947.2033117,723,28.88,3,idle,idle,idle,0,0.0,0.85,0.005247593917797686,0.01020277485937355,0.011373620735725206,0.3617934037591484,11.460141568204453,168.17686156694444,0.15151515151515152,0.09090909090909091,0.24242424242424243,0.056585064685027116,0,0,0.6363636363636364,0.6520472549869037
1786902947.2999716,724,28.92,3,idle,idle,idle,0,0.0,0.85,0.005591692027168193,0.010714997589629896,0.013949879264395948,0.35539927581927083,11.027896106069909,167.91417806298247,0.15151515151515152,0.06060606060606061,0.21212121212121213,0.054573100357835816,0,0,0.6666666666666666,0.6294369484928298
1786902947.3301678,725,28.96,3,idle,idle,idle,0,0.0,0.85,0.0065048603290736515,0.010908021547660641,0.014212024166532788,0.36152969569041865,10.214346114917454,167.58409744608997,0.12121212121212122,0.06060606060606061,0.18181818181818182,0.052745554630268886,0,0,0.696969696969697,0.6066740644062545
1786902947.360375,726,29.0,3,idle,idle,material_handling,1,1.0,0.85,0.00799587536964916,0.01158464777341557,0.01803052107452552,0.37883428145077774,9.228184398294813,167.37879666348633,0.09090909090909091,0.06060606060606061,0.15151515151515152,0.05085811060850976,0,1,0.7272727272727273,0.5843686032925642
1786902947.409809,727,29.04,3,idle,idle,idle,0,0.0,0.85,0.008497445632565421,0.011318222446734163,0.021625311704520287,0.4073185094383239,8.760469685594114,167.1897286948289,0.06060606060606061,0.06060606060606061,0.12121212121212122,0.048975589349982654,0,0,0.7575757575757576,0.5629325444108966
1786902947.4614344,728,29.08,3,idle,idle,idle,0,0.0,0.85,0.010147000978082256,0.01142589956581954,0.03203022124982297,0.45812442553099986,9.133318123853723,166.52892965581358,0.030303030303030304,0.06060606060606061,0.09090909090909091,0.04736446349455016,0,0,0.7878787878787878,0.5438354008969497
1786902947.517639,729,29.12,3,idle,idle,idle,0,0.0,0.85,0.013984617515716823,0.012923180878100356,0.047879427572066285,0.5096671588544773,10.600011473165742,165.8616108090203,0.0,0.06060606060606061,0.06060606060606061,0.04592748490869181,0,0,0.8181818181818182,0.5275513211470481
1786902947.567146,730,29.16,3,standing,idle,idle,0,0.0,0.75,0.021407219444820505,0.01909964648579726,0.07266603800334148,0.5803467616787774,13.067573750494365,164.10809422098046,0.0,0.030303030303030304,0.030303030303030304,0.044986768792864035,0,0,0.8484848484848485,0.5149699860378499
1786902947.5963266,731,29.2,3,standing,idle,idle,0,0.0,0.75,0.03264775879742185,0.019989805099963804,0.09903743289520466,0.6617815082038971,16.364268023601518,160.70390595651676,0.0,0.0,0.0,0.04472942044351642,0,0,0.8787878787878788,0.5064240319349713
1786902947.6477535,732,29.24,3,standing,idle,idle,0,0.0,0.75,0.04741001165381578,0.024957935924423427,0.12351892092940095,0.7537116425103915,20.28188222570195,155.64829284229276,0.0,0.0,0.0,0.0452401679780377,0,0,0.9090909090909091,0.5014489924179506
1786902947.7722332,733,29.28,3,standing,idle,idle,0,0.0,0.75,0.06201187891949203,0.029200120430846657,0.12844635570722993,0.8277325879205211,24.46234506151702,149.31455209603703,0.0,0.0,0.0,0.045847223196480595,0,0,0.9393939393939394,0.500388019224048
1786902947.8123226,734,29.32,3,unknown,standing,standing,0,0.0,0.3,0.07170547033393031,0.0456173846124471,0.14645202776532118,0.9088585223159471,29.600787808474383,142.84737798423825,0.0,0.0,0.0,0.046891023917495354,0,0,0.9393939393939394,0.5030171517581754
1786902947.855044,735,29.36,3,bending,standing,standing,0,0.0,0.5858485970610552,0.08401383156026576,0.05184957394967307,0.15731993044184509,1.0138089675829138,35.15091582366331,135.29731200957832,0.030303030303030304,0.0,0.030303030303030304,0.048441182784589754,0,0,0.9393939393939394,0.5102301984884381
1786902947.983645,736,29.4,3,bending,standing,material_handling,1,1.0,0.679196317390849,0.09174861322952006,0.057132296493940235,0.17395062171116346,1.097506931317682,40.75177904345094,126.73822703029025,0.06060606060606061,0.0,0.06060606060606061,0.05071835928566498,0,1,0.9090909090909091,0.5213180469046886
1786902948.0165563,737,29.44,3,bending,standing,material_handling,1,1.0,0.7641594598799234,0.09344254976270723,0.06265059604042271,0.16947143013427002,1.1766953470575765,45.8495675927954,118.45574508062309,0.09090909090909091,0.0,0.09090909090909091,0.05315782570691238,0,1,0.8787878787878788,0.5366085317675281
1786902948.0983496,738,29.48,3,bending,standing,standing,0,0.0,0.8348844740225411,0.0912310254896212,0.0679715289721597,0.16365012724804312,1.2383741118311224,50.093068441352465,110.5295009677632,0.12121212121212122,0.0,0.12121212121212122,0.055772274025071546,0,0,0.8484848484848485,0.5556094018842946
1786902948.1632817,739,29.52,3,bending,bending,bending,0,0.0,0.8892250288575172,0.08804913153217192,0.06952854244267506,0.1489786560326536,1.2937302338189152,53.35350173145103,102.75570005519197,0.15151515151515152,0.0,0.15151515151515152,0.05840894636049521,0,0,0.8181818181818182,0.5776773882747194
1786902948.1938114,740,29.56,3,bending,bending,bending,0,0.0,0.9239612752871302,0.08282761020712384,0.07948264726435353,0.1355242876235289,1.3324829249355337,55.437676517227814,96.8946198262054,0.18181818181818182,0.0,0.18181818181818182,0.06091585374311616,0,0,0.7878787878787878,0.6020802119054081
1786902948.2301033,741,29.6,3,bending,bending,bending,0,0.0,0.9399837856671281,0.07932484090675021,0.07981797332953186,0.12031628299101287,1.3448080421507433,56.39902714002769,93.62970855150935,0.21212121212121213,0.0,0.21212121212121213,0.06323803795399031,0,0,0.7575757575757576,0.6278302265314598
1786902948.2834797,742,29.64,3,bending,bending,bending,0,0.0,0.9464273212280151,0.07810508596470804,0.08897429705156848,0.12760592636125664,1.327263952103571,56.78563927368091,91.59938753511764,0.24242424242424243,0.0,0.24242424242424243,0.06594260427446794,0,0,0.7272727272727273,0.6537633522500435
1786902948.3257089,743,29.68,3,bending,bending,bending,0,0.0,0.9466262881867029,0.07892850958469218,0.08140113537310406,0.12519042775574396,1.3060968391554229,56.797577291202174,92.28297660504585,0.2727272727272727,0.0,0.2727272727272727,0.06886478470612625,0,0,0.696969696969697,0.6800173618786733
1786902948.3682315,744,29.72,3,bending,bending,bending,0,0.0,0.9231717540019789,0.0779047953947244,0.07971206965184241,0.1424251222456144,1.2418225099469709,55.390305240118735,94.72234159775199,0.30303030303030304,0.0,0.30303030303030304,0.07240636141528117,0,0,0.6666666666666666,0.7047520551840587
1786902948.4303272,745,29.76,3,bending,bending,bending,0,0.0,0.8876728824143346,0.08469808426853281,0.07816339008599887,0.14785303082054593,1.1504469560353972,53.26037294486008,99.13026224282848,0.3333333333333333,0.0,0.3333333333333333,0.07599225589876515,0,0,0.6363636363636364,0.7269766892672415
1786902948.5030942,746,29.8,3,bending,bending,bending,0,0.0,0.8401166559651173,0.09243342264654249,0.07248863475239675,0.15208589779073176,1.0655449236956582,50.40699935790704,105.32154805574324,0.36363636363636365,0.0,0.36363636363636365,0.07981175859457577,0,0,0.6060606060606061,0.7468216719591265
1786902948.555374,747,29.84,3,bending,bending,bending,0,0.0,0.7708836058683876,0.0954910393015343,0.06850103960765153,0.15786932343783908,0.961620542682871,46.25301635210325,112.44854880422974,0.3939393939393939,0.0,0.3939393939393939,0.08394961217138018,0,0,0.5757575757575758,0.7636959356458582
1786902948.6405,748,29.88,3,bending,bending,bending,0,0.0,0.6871509668769238,0.09584239370802032,0.06278477452887876,0.16357850044653016,0.8802780293124409,41.229058012615425,120.3138896399523,0.42424242424242425,0.0,0.42424242424242425,0.08835293367944247,0,0,0.5454545454545454,0.778376293153701
1786902948.674263,749,29.92,3,bending,bending,bending,0,0.0,0.5907525504444469,0.09293177360731222,0.052442199080816196,0.1604920689304844,0.7842851067845817,35.44515302666681,128.82178214539175,0.45454545454545453,0.0,0.45454545454545453,0.09270365858761068,0,0,0.5151515151515151,0.7901751838122549
1786902948.7059488,750,29.96,3,walking,bending,bending,0,0.0,0.6,0.08297044623533427,0.047860233704419795,0.15823875605007096,0.6719633249587353,30.123907565071914,136.61859514543914,0.45454545454545453,0.030303030303030304,0.48484848484848486,0.09705180650574591,0,0,0.48484848484848486,0.7986080215211496
1786902948.779878,751,30.0,3,unknown,bending,material_handling,1,1.0,0.3,0.06918507496935551,0.03419291911900641,0.14584508441622598,0.5462240824550839,25.354369347878993,143.44946053140205,0.45454545454545453,0.030303030303030304,0.48484848484848486,0.10102015372353194,1,0,0.45454545454545453,0.8034077503923094
1786902948.810438,752,30.04,3,standing,bending,material_handling,1,1.0,0.75,0.05874480683951994,0.02541521057517439,0.1266219412137173,0.4435327355566934,20.76699137579697,150.72372279893887,0.45454545454545453,0.030303030303030304,0.48484848484848486,0.10438018898328219,1,0,0.45454545454545453,0.805190913772498
1786902948.8425946,753,30.08,3,standing,bending,material_handling,1,1.0,0.75,0.04584995217935308,0.020152596792998866,0.09087130645338005,0.342858700952586,16.559593571282917,156.26214799465254,0.45454545454545453,0.030303030303030304,0.48484848484848486,0.10666709034488207,1,0,0.45454545454545453,0.8040215530801307
1786902948.901421,754,30.12,3,standing,bending,material_handling,1,1.0,0.75,0.030848870026528957,0.015908466966641707,0.0576295402742993,0.264021453384398,13.058527209814297,160.25276642485576,0.45454545454545453,0.030303030303030304,0.48484848484848486,0.10804244110288656,1,0,0.45454545454545453,0.8005713603783728
1786902948.9332232,755,30.16,3,standing,bending,material_handling,1,1.0,0.75,0.019792880671093502,0.016483655622313978,0.04835428065468828,0.20145216954902675,10.148067308285267,163.48688741710345,0.45454545454545453,0.030303030303030304,0.48484848484848486,0.10918467648793127,1,0,0.45454545454545453,0.7954519896497235
1786902948.9803314,756,30.2,3,standing,standing,material_handling,1,1.0,0.75,0.01511991870915162,0.014172332651827026,0.028604267263594645,0.14024166679844535,8.003931976723099,165.94450932187905,0.45454545454545453,0.030303030303030304,0.48484848484848486,0.1097068172918061,1,0,0.45454545454545453,0.7887383006509143
1786902949.056319,757,30.24,3,idle,standing,material_handling,1,1.0,0.85,0.012670039327546106,0.013116920132012589,0.022588182148239707,0.09940554975906979,7.124744591843533,167.21527257456358,0.45454545454545453,0.030303030303030304,0.48484848484848486,0.10996858404586199,1,0,0.45454545454545453,0.7809809150127264
1786902949.088768,758,30.28,3,idle,standing,material_handling,1,1.0,0.85,0.01403211269046393,0.015726861104644333,0.030451383334663826,0.09055269556128205,6.945086909777261,167.4810216947398,0.45454545454545453,0.030303030303030304,0.48484848484848486,0.11046068583883564,1,0,0.45454545454545453,0.7727694907663889
1786902949.1480653,759,30.32,3,standing,standing,material_handling,1,1.0,0.75,0.016261565093204686,0.014892808305012868,0.029562630468850333,0.09213428286735527,7.641176820943284,167.0299143734969,0.45454545454545453,0.030303030303030304,0.48484848484848486,0.11081014369926975,1,0,0.45454545454545453,0.7640816120214369
1786902949.2153752,760,30.36,3,standing,standing,material_handling,1,1.0,0.75,0.020160997701071593,0.01828206612233969,0.03628441002295158,0.0928144253930789,7.973439555329209,166.32145885367242,0.45454545454545453,0.030303030303030304,0.48484848484848486,0.11125435879982827,1,0,0.45454545454545453,0.7545511852321869
1786902949.2458992,761,30.4,3,standing,standing,material_handling,1,1.0,0.75,0.023086254630029848,0.02712887347153021,0.0477874357256939,0.07621071902586614,7.949174778142222,164.7403364753065,0.45454545454545453,0.030303030303030304,0.48484848484848486,0.11173185014758193,1,0,0.45454545454545453,0.7429780426108192
1786902949.2797542,762,30.44,3,standing,standing,material_handling,1,1.0,0.75,0.027143425535716945,0.027613471460681722,0.06056637519253077,0.08926406484725989,7.409486165340449,162.80862450391186,0.45454545454545453,0.030303030303030304,0.48484848484848486,0.11211630310577783,1,0,0.45454545454545453,0.7302385549136308
1786902949.33271,763,30.48,3,standing,standing,material_handling,1,1.0,0.75,0.034464701870772045,0.03838775666383623,0.07587491680186058,0.11168754140575148,6.779578506290569,161.31069013105838,0.45454545454545453,0.030303030303030304,0.48484848484848486,0.1122135418572481,1,0,0.45454545454545453,0.7160367603599027
1786902949.4208748,764,30.52,3,walking,standing,material_handling,1,1.0,0.6,0.05672074327445312,0.0675053613025387,0.1107646487338655,0.16598543575096622,5.905977157636853,160.72685445509975,0.45454545454545453,0.06060606060606061,0.5151515151515151,0.11256891203417722,1,0,0.42424242424242425,0.701012636952238
1786902949.4533498,765,30.56,3,walking,standing,material_handling,1,1.0,0.6,0.07479630892333275,0.08757759856801511,0.14282692963481797,0.2126333253772448,5.130133008145505,159.15116164366242,0.45454545454545453,0.09090909090909091,0.5454545454545454,0.11315400320706864,1,0,0.3939393939393939,0.6846163243118398
1786902949.5166798,766,30.6,3,walking,standing,material_handling,1,1.0,0.6,0.09128140021410933,0.10271424683084382,0.14171039741007066,0.25292073747126376,4.485150156968407,158.23331235761208,0.45454545454545453,0.12121212121212122,0.5757575757575758,0.11355594386473049,1,0,0.36363636363636365,0.667197783389135
1786902949.5472581,767,30.64,3,walking,standing,material_handling,1,1.0,0.7808684522820174,0.09753256397916489,0.14055632141076313,0.13423497676335328,0.2906661069601526,3.693126699887558,156.73641801952198,0.45454545454545453,0.15151515151515152,0.6060606060606061,0.11318573019800417,1,0,0.36363636363636365,0.6484646798935049
1786902949.6037908,768,30.68,3,walking,walking,material_handling,1,1.0,0.9825531390488186,0.1072954691928333,0.17685956502878736,0.14810055428853686,0.3287304466004107,3.4780195077440097,156.53060754490284,0.42424242424242425,0.18181818181818182,0.6060606060606061,0.11290635516305544,1,0,0.36363636363636365,0.6277047247122168
1786902949.655252,769,30.72,3,walking,walking,material_handling,1,1.0,1.0,0.1159453242837002,0.18643770887896477,0.14836976820400194,0.36749002107174833,3.278934407360117,156.79606887210062,0.3939393939393939,0.21212121212121213,0.6060606060606061,0.11213117778405056,1,0,0.36363636363636365,0.6055830001593099
1786902949.6892922,770,30.76,3,walking,walking,material_handling,1,1.0,1.0,0.12103653748781021,0.19348919748918295,0.14328442619986098,0.4044765846545047,3.427695691943034,158.19257451532033,0.36363636363636365,0.24242424242424243,0.6060606060606061,0.11133763221028059,1,0,0.36363636363636365,0.582182431601641
1786902949.7248065,771,30.8,3,walking,walking,material_handling,1,1.0,1.0,0.12806426881258728,0.21452351849642032,0.1366921859792945,0.42574558019801684,4.143524342809042,160.0324090756148,0.3333333333333333,0.2727272727272727,0.6060606060606061,0.1105207248991064,1,0,0.36363636363636365,0.5575573245824561
1786902949.7960188,772,30.84,3,walking,walking,material_handling,1,1.0,1.0,0.12835168493914473,0.21598647778277913,0.13482801712306766,0.43632862038775716,5.606592486206458,161.16951862946905,0.30303030303030304,0.30303030303030304,0.6060606060606061,0.11009191765942196,1,0,0.36363636363636365,0.5315754575087845
1786902949.8274698,773,30.88,3,walking,walking,material_handling,1,1.0,1.0,0.11617037958205523,0.19204912268107877,0.12407136523667336,0.4453827782048389,7.705727182298038,161.8224775600186,0.2727272727272727,0.3333333333333333,0.6060606060606061,0.1097448594052748,1,0,0.36363636363636365,0.5046936348805816
1786902949.8689823,774,30.92,3,walking,walking,material_handling,1,1.0,0.9836074463044963,0.109368108028091,0.17704934033480932,0.11370013829130933,0.45442399006850726,10.621717637426078,160.59290126037084,0.24242424242424243,0.36363636363636365,0.6060606060606061,0.10954437017195047,1,0,0.36363636363636365,0.4777122999689987
1786902949.9259832,775,30.96,3,walking,walking,material_handling,1,1.0,0.9351882671395346,0.09715881377229978,0.16833388808511623,0.11955344098763951,0.4766347119119361,14.43968965781499,158.8583398028335,0.21212121212121213,0.3939393939393939,0.6060606060606061,0.10930035546365904,1,0,0.36363636363636365,0.4519356563268279
1786902949.9591756,776,31.0,3,carrying,walking,material_handling,1,1.0,0.6040720091838386,0.09986190117469981,0.14018821448604335,0.12136954694731553,0.5067866819730644,18.673588931644474,154.75801909215662,0.18181818181818182,0.3939393939393939,0.6060606060606061,0.10918457119673697,1,0,0.36363636363636365,0.42771413641221107
1786902950.0671597,777,31.04,3,walking,walking,material_handling,1,1.0,0.672643469341303,0.10137364267863555,0.12107582448143453,0.13128444193571365,0.5473394429864137,23.651743003426482,150.30708785089496,0.15151515151515152,0.42424242424242425,0.6060606060606061,0.10884697482370967,1,0,0.36363636363636365,0.4066691949891638
1786902950.1311436,778,31.08,3,walking,walking,material_handling,1,1.0,0.6121095848099815,0.104326170937007,0.11017972526579667,0.13931457290853994,0.6062645469589167,29.05673498045784,144.51997238566423,0.12121212121212122,0.45454545454545453,0.6060606060606061,0.108588233674861,1,0,0.36363636363636365,0.3901788189565432
1786902950.1613336,779,31.12,3,walking,walking,walking,0,0.0,0.6,0.11550973974983725,0.09592488372014417,0.15561898028866983,0.6779661480513322,34.49677060061306,137.1533939004501,0.09090909090909091,0.48484848484848486,0.6060606060606061,0.10869529678085912,0,0,0.36363636363636365,0.3784340075733818
1786902950.2203023,780,31.16,3,bending,walking,walking,0,0.0,0.6705133783618987,0.11529672510206668,0.07964514338886901,0.15731032574882556,0.7557976368557593,40.23080270171393,128.49698833925783,0.09090909090909091,0.48484848484848486,0.6060606060606061,0.10867835745694962,0,0,0.36363636363636365,0.37219694982104506
1786902950.267843,781,31.2,3,bending,walking,walking,0,0.0,0.7616189338147451,0.12870749333299916,0.07016797697854767,0.15808535360824522,0.8446570325125575,45.69713602888471,119.30173086116068,0.09090909090909091,0.48484848484848486,0.6060606060606061,0.10851189846185008,0,0,0.36363636363636365,0.3711175256755941
1786902950.2979991,782,31.24,3,bending,walking,walking,0,0.0,0.8439132875194338,0.12655674766869415,0.06727487139301275,0.150623041709969,0.9385665503444572,50.63479725116603,111.07277176277776,0.09090909090909091,0.48484848484848486,0.6060606060606061,0.10821283703092538,0,0,0.36363636363636365,0.3757927209349843
1786902950.3288329,783,31.28,3,bending,walking,material_handling,1,1.0,0.9171965994719048,0.116913944576263,0.060976216705582176,0.14715402367297467,1.022769630529954,55.031795968314285,102.79602830769984,0.12121212121212122,0.45454545454545453,0.6060606060606061,0.10787693604980124,1,0,0.36363636363636365,0.386423215043203
1786902950.3815851,784,31.32,3,bending,bending,material_handling,1,1.0,0.9931394489953327,0.12397111104127248,0.05753372187642372,0.14808185859875617,1.100720456815856,59.58836693971996,96.698713107383,0.15151515151515152,0.45454545454545453,0.6363636363636364,0.10794471708563548,1,0,0.36363636363636365,0.40322613547837793
1786902950.424399,785,31.36,3,bending,bending,material_handling,1,1.0,1.0,0.1305505929050711,0.04874872308774262,0.16270502536972817,1.1627841429825208,63.028945896243386,93.83058444287403,0.18181818181818182,0.45454545454545453,0.6666666666666666,0.10903814387824189,1,0,0.3333333333333333,0.4250216326730999
1786902950.4912922,786,31.4,3,bending,bending,material_handling,1,1.0,1.0,0.12982772012563398,0.03626248556632282,0.168789648125604,1.1924476747090655,65.43752274454664,92.94884250452854,0.21212121212121213,0.45454545454545453,0.696969696969697,0.11139930574709718,1,0,0.30303030303030304,0.45076675308996295
1786902950.5524793,787,31.44,3,bending,bending,material_handling,1,1.0,1.0,0.13122251148774428,0.03788876679678691,0.16525534188951002,1.2034270052690257,66.83571645968819,93.61035034084145,0.24242424242424243,0.45454545454545453,0.7272727272727273,0.11466069367483082,1,0,0.2727272727272727,0.47923358799555776
1786902950.5846996,788,31.48,3,bending,bending,material_handling,1,1.0,1.0,0.13653738507275537,0.062021800961493095,0.16591001471469805,1.1798490819504752,65.7168735794695,94.9610651640226,0.2727272727272727,0.45454545454545453,0.7575757575757576,0.11822298864634626,1,0,0.24242424242424243,0.5088819792804502
1786902950.62449,789,31.52,3,bending,bending,material_handling,1,1.0,1.0,0.1368863708582782,0.06436604584059204,0.18107738892039166,1.1245072688997109,62.670918159701344,98.94749316974898,0.30303030303030304,0.45454545454545453,0.7878787878787878,0.12284338627230984,1,0,0.21212121212121213,0.5387082096471552
1786902950.6940985,790,31.56,3,bending,bending,material_handling,1,1.0,0.9681029766565323,0.12289743881007241,0.0847695987937051,0.18381089070670567,1.0488770270091687,58.08617859939194,104.96943442710214,0.3333333333333333,0.45454545454545453,0.8181818181818182,0.1277289228952936,1,0,0.18181818181818182,0.5674800725941278
1786902950.7261403,791,31.6,3,bending,bending,material_handling,1,1.0,0.8825553614856568,0.1227953012275592,0.10344376434244842,0.19135070491424305,0.9646173659392275,52.95332168913941,112.95543615595045,0.36363636363636365,0.45454545454545453,0.8484848484848485,0.13260465991285664,1,0,0.15151515151515152,0.5939668807873989
1786902950.7579355,792,31.64,3,bending,bending,material_handling,1,1.0,0.7888778412448836,0.12990980601375854,0.10457799218664998,0.19111602923657392,0.8758764857441144,47.33267047469302,121.68964568440515,0.3939393939393939,0.45454545454545453,0.8787878787878788,0.13750021745127253,1,0,0.12121212121212122,0.6177166445109371
1786902950.8075802,793,31.68,3,bending,bending,material_handling,1,1.0,0.6887140646547244,0.1209516396121264,0.10407759963215917,0.19156708447438284,0.7969927550285141,41.32284387928346,131.12930676834623,0.42424242424242425,0.45454545454545453,0.9090909090909091,0.14220575304070984,1,0,0.09090909090909091,0.639055381772617
1786902950.85381,794,31.72,3,walking,bending,material_handling,1,1.0,0.6,0.10597297391748665,0.10104373443198796,0.17320991867415356,0.7227074611846467,34.10654786798194,139.4909505449485,0.42424242424242425,0.48484848484848486,0.9393939393939394,0.1460064343421783,1,0,0.06060606060606061,0.6586461921410649
1786902950.8904896,795,31.76,3,walking,bending,material_handling,1,1.0,0.6,0.09395815254696233,0.09987067618843286,0.14643136610370405,0.6445403209753561,26.902268679982956,145.96816928915842,0.42424242424242425,0.5151515151515151,0.9696969696969697,0.148608403763729,1,0,0.030303030303030304,0.6754727453570677
1786902950.952324,796,31.8,3,walking,bending,material_handling,1,1.0,0.6,0.07774554640314917,0.09844390706771372,0.132663970184001,0.5888223427611979,20.14521727790605,152.35132770006186,0.42424242424242425,0.5454545454545454,1.0,0.1503292841692484,1,0,0.0,0.6899313757011722
1786902950.9925323,797,31.84,3,carrying,bending,material_handling,1,1.0,0.6207458060861245,0.052359429120696764,0.07181217415451298,0.10808748332120889,0.5345763434768742,13.828242896588606,157.8682938157678,0.42424242424242425,0.5151515151515151,1.0,0.15024815794462246,1,0,0.0,0.7011007971474118
1786902951.0347743,798,31.88,3,walking,walking,material_handling,1,1.0,0.6,0.04090847045123772,0.06438186831574456,0.083634346433758,0.493957705744135,9.330052906853,163.0143639626683,0.42424242424242425,0.5151515151515151,1.0,0.14845444330216612,1,0,0.0,0.7096257783706509
1786902951.1759071,799,31.92,3,standing,walking,material_handling,1,1.0,0.75,0.03457518401611187,0.041833424129939886,0.06869481004135239,0.4680862028844593,6.602466523072854,166.8121962382662,0.42424242424242425,0.48484848484848486,0.9696969696969697,0.14624184974553822,1,0,0.030303030303030304,0.7161459439892327
1786902951.207542,800,31.96,3,standing,walking,material_handling,1,1.0,0.75,0.027335807184900456,0.02024315321599017,0.05616631926581983,0.45506938386552925,4.876028110784435,168.7430247999118,0.42424242424242425,0.45454545454545453,0.9393939393939394,0.1438761328516736,1,0,0.06060606060606061,0.7211278614712137
1786902951.273002,801,32.0,3,standing,walking,material_handling,1,1.0,0.75,0.018803703987028506,0.019490501057737412,0.04754876062335426,0.4475333753385926,3.4650834966059714,169.70364658932368,0.42424242424242425,0.42424242424242425,0.9090909090909091,0.14082910880121352,1,0,0.09090909090909091,0.7247279502208557
1786902951.3188314,802,32.04,3,idle,walking,material_handling,1,1.0,0.85,0.013929488265047994,0.01618253797411219,0.032868453748194346,0.4426679805245003,2.6134750343518647,169.98824004930165,0.42424242424242425,0.3939393939393939,0.8787878787878788,0.13732906896921937,1,0,0.12121212121212122,0.7270060702042724
1786902951.3480873,803,32.08,3,idle,standing,material_handling,1,1.0,0.85,0.009022026990751572,0.014799893660840453,0.028052241660760993,0.4338500543657545,2.0792017407679326,170.06289366975776,0.42424242424242425,0.36363636363636365,0.8484848484848485,0.13383718458924662,1,0,0.15151515151515152,0.7278961753470375
1786902951.3763204,804,32.12,3,idle,standing,material_handling,1,1.0,0.85,0.007346782775844635,0.011212535452203111,0.02078630288761587,0.4238285256352716,2.0125589965120128,169.93894215645366,0.42424242424242425,0.3333333333333333,0.8181818181818182,0.13032488510162,1,0,0.18181818181818182,0.7278380827845301
1786902951.421119,805,32.16,3,idle,standing,material_handling,1,1.0,0.85,0.006384131727700013,0.009006357039432181,0.01854229473600107,0.41940855581599823,2.0324565229517377,169.90066595555965,0.42424242424242425,0.30303030303030304,0.7878787878787878,0.12680107533231494,1,0,0.21212121212121213,0.7273253535550829
1786902951.4527245,806,32.2,3,idle,idle,material_handling,1,1.0,0.85,0.00639886264054306,0.009021068201357653,0.016109775382259727,0.41718187474856716,2.165857387974385,169.61006795482118,0.42424242424242425,0.2727272727272727,0.7575757575757576,0.12352951200339334,1,0,0.24242424242424243,0.7264707807230746
1786902951.5059257,807,32.24,3,idle,idle,material_handling,1,1.0,0.85,0.005774958865143762,0.008595868376107837,0.015661044487310493,0.41761753283080816,2.266135143851679,169.43118456169262,0.42424242424242425,0.24242424242424243,0.7272727272727273,0.1205586303729691,1,0,0.2727272727272727,0.7253554335340535
1786902951.5705097,808,32.28,3,idle,idle,material_handling,1,1.0,0.85,0.005252978188207304,0.007673665812132542,0.01625681648814286,0.4168979471756146,2.2327169656623824,169.07158973116134,0.42424242424242425,0.21212121212121213,0.696969696969697,0.11742842963056013,1,0,0.30303030303030304,0.7235452285420436
1786902951.611304,809,32.32,3,idle,idle,material_handling,1,1.0,0.85,0.005299382879863061,0.007171027201066884,0.016414985530759943,0.41253464866135775,2.1643873411967496,168.77319751238628,0.42424242424242425,0.21212121212121213,0.6666666666666666,0.11424798837551298,1,0,0.3333333333333333,0.7206891063204768
1786902951.6420364,810,32.36,3,idle,idle,material_handling,1,1.0,0.85,0.007325617875161311,0.007391286808178108,0.029161160553444827,0.4151918556689975,1.9727716103014454,168.46489638700638,0.42424242424242425,0.18181818181818182,0.6363636363636364,0.11115334348514122,1,0,0.36363636363636365,0.7166846339775248
1786902951.7126338,811,32.4,3,idle,idle,material_handling,1,1.0,0.85,0.007681817826451652,0.011313944130390663,0.0452486835864645,0.42622018707980314,1.726197282600685,168.81394759995518,0.42424242424242425,0.15151515151515152,0.6060606060606061,0.10830286199053286,1,0,0.3939393939393939,0.7112287442842183
1786902951.7433856,812,32.44,3,idle,idle,material_handling,1,1.0,0.85,0.009113493108890688,0.013741129852397829,0.051205993421899215,0.44193175923126693,1.5133177834499407,169.11674781304717,0.42424242424242425,0.12121212121212122,0.5757575757575758,0.10513883208547921,1,0,0.42424242424242425,0.7040761870472466
1786902951.7769616,813,32.48,3,idle,idle,material_handling,1,1.0,0.85,0.011246354356285956,0.015732307379385926,0.053522818706356314,0.457998121419918,1.426056077779873,169.19537565438083,0.3939393939393939,0.12121212121212122,0.5454545454545454,0.10199375611449528,1,0,0.45454545454545453,0.6950519593067666
1786902951.826028,814,32.52,3,standing,idle,idle,0,0.0,0.75,0.015670222050630886,0.018418629059466132,0.06581604306330852,0.474241543225913,1.3818839580967361,169.10048003811283,0.36363636363636365,0.12121212121212122,0.5151515151515151,0.09919771640101235,0,0,0.48484848484848486,0.6838272475102015
1786902951.8583848,815,32.56,3,standing,idle,idle,0,0.0,0.75,0.01637613959899922,0.025874009191994552,0.06893551985304275,0.49439431474385875,1.5203708454857616,168.97970748467986,0.3333333333333333,0.12121212121212122,0.48484848484848486,0.09672233695080246,0,0,0.5151515151515151,0.6703674827950318
1786902951.9424305,816,32.6,3,standing,idle,idle,0,0.0,0.75,0.01636402637808025,0.03505249226385981,0.08817460099181441,0.4988956557537,1.8740069847880432,169.45533914818103,0.30303030303030304,0.12121212121212122,0.45454545454545453,0.09493508171804006,0,0,0.5454545454545454,0.6544925138624181
1786902952.0012388,817,32.64,3,walking,idle,idle,0,0.0,0.6,0.01738991282966982,0.06881020489624347,0.17340997880328904,0.5099330363274543,2.133732032365016,169.99012425450545,0.2727272727272727,0.15151515151515152,0.45454545454545453,0.09570260051211679,0,0,0.5454545454545454,0.636589864756709
1786902952.0329576,818,32.68,3,walking,standing,standing,0,0.0,0.622618446232028,0.0214933828137195,0.11207132032176505,0.28010862586084506,0.5316478638329973,2.33852652643134,171.09135595163565,0.24242424242424243,0.18181818181818182,0.45454545454545453,0.09926028537548398,0,0,0.5454545454545454,0.6174645229642993
1786902952.0653,819,32.72,3,walking,standing,material_handling,1,1.0,0.632515351350974,0.024262716125466377,0.11385276324317532,0.27691975392939105,0.5556998465680865,2.5809536730588505,172.08362576994804,0.21212121212121213,0.21212121212121213,0.45454545454545453,0.102536955248326,1,0,0.5454545454545454,0.5981691342327543
1786902952.1966743,820,32.76,3,walking,standing,material_handling,1,1.0,0.655813045684435,0.0392781524279454,0.1180463482231983,0.28239683764795237,0.5734879420553991,2.885863776495424,173.06076312694861,0.18181818181818182,0.24242424242424243,0.45454545454545453,0.10608669754403638,1,0,0.5454545454545454,0.5790800717111294
1786902952.2273073,821,32.8,3,walking,walking,material_handling,1,1.0,0.6520457851580231,0.05774318735522985,0.11736824132844416,0.30532713665285066,0.5912974298942129,3.891857442812685,172.66324105422706,0.15151515151515152,0.2727272727272727,0.45454545454545453,0.11031145881488948,1,0,0.5454545454545454,0.5612451731639698
1786902952.2892234,822,32.84,3,walking,walking,material_handling,1,1.0,0.7357871675155253,0.07885550783849091,0.13244169015279456,0.3393560269028431,0.5959890667425202,5.26528486004692,172.63140893838946,0.12121212121212122,0.30303030303030304,0.45454545454545453,0.11510778117799408,1,0,0.5454545454545454,0.5452294700682975
1786902952.379849,823,32.88,3,walking,walking,walking,0,0.0,0.8113136419564854,0.09294552879854479,0.14603645555216735,0.43067363127248054,0.6934610641381697,7.337407145532043,172.05118957280706,0.09090909090909091,0.3333333333333333,0.45454545454545453,0.12258847028604786,0,0,0.5454545454545454,0.5344592893752368
1786902952.4092035,824,32.92,3,walking,walking,walking,0,0.0,1.0,0.12313852111063602,0.2006606714988363,0.5238577677879687,0.9731774116673512,12.594997339309206,171.6283882128136,0.06060606060606061,0.36363636363636365,0.45454545454545453,0.13266444188828197,0,0,0.5454545454545454,0.5347186847003316
1786902952.4512875,825,32.96,3,walking,walking,walking,0,0.0,1.0,0.19726727045815728,0.2618901012361235,0.6158338086005493,1.459733535773866,20.58928403913159,169.83834117692737,0.030303030303030304,0.3939393939393939,0.45454545454545453,0.14553467762658423,0,0,0.5454545454545454,0.5524113225800209
1786902952.5001173,826,33.0,3,walking,walking,walking,0,0.0,1.0,0.3490001061697022,0.5238849230970222,0.7644343854774376,2.549626875279139,22.88350791704242,168.4399198384406,0.0,0.42424242424242425,0.45454545454545453,0.162894292808495,0,0,0.5454545454545454,0.6055214474361005
1786902952.5615194,827,33.04,3,walking,walking,walking,0,0.0,1.0,0.4563520861777699,0.5909921395025569,0.7823985087668999,3.8836305027630056,27.027031007266952,168.38124051726263,0.0,0.42424242424242425,0.45454545454545453,0.1813545531143358,0,0,0.5454545454545454,0.7013069941505963
1786902952.5926437,828,33.08,3,walking,walking,walking,0,0.0,1.0,0.4740987032897914,0.6071345854475434,0.8124521595832896,4.787035621570762,33.95462275772958,167.50346200524223,0.0,0.42424242424242425,0.45454545454545453,0.20153700140159594,0,0,0.5454545454545454,0.8268371547746994
1786902952.6440184,829,33.12,3,bending,walking,walking,0,0.0,0.6374354085157614,0.4983907175066593,0.6252448581406969,0.8266479215500094,5.410654924740481,38.246124510945684,167.12700178482186,0.030303030303030304,0.3939393939393939,0.45454545454545453,0.2225668181096568,0,0,0.5454545454545454,0.9729532936225563
1786902952.676773,830,33.16,3,bending,walking,walking,0,0.0,0.7297271102420032,0.5206043156292363,0.6571430497272368,0.8441798367673248,5.915171109366438,43.783626614520195,167.0394102888161,0.06060606060606061,0.3939393939393939,0.45454545454545453,0.2448726470019634,0,0,0.5454545454545454,1.1360016198616343
1786902952.7096393,831,33.2,3,bending,walking,walking,0,0.0,0.8007898386412741,0.5917571623238579,0.7804580502081022,0.9182705713581419,6.552951168021056,48.047390318476445,167.29109043503144,0.09090909090909091,0.36363636363636365,0.45454545454545453,0.2701646538178538,0,0,0.5454545454545454,1.3196074823548742
1786902952.7728937,832,33.24,3,bending,walking,material_handling,1,1.0,0.8947627336630316,0.7391070308251864,0.9899017056891063,1.2873443324348424,7.662200166971656,53.6857640197819,167.1557019075895,0.12121212121212122,0.36363636363636365,0.48484848484848486,0.3070934272237171,1,0,0.5151515151515151,1.5376109358120622
1786902952.8070705,833,33.28,3,bending,bending,material_handling,1,1.0,0.890029449714235,0.715640330509169,0.9522999275249752,1.2490997826947432,7.646676190359369,53.4017669828541,167.44253138858915,0.15151515151515152,0.36363636363636365,0.5151515151515151,0.3432429261155027,1,0,0.48484848484848486,1.755538414796724
1786902952.8409584,834,33.32,3,bending,bending,material_handling,1,1.0,0.8197771118637835,0.6603037836957282,0.8863318659975444,1.1930045520495867,7.389571761321266,49.18662671182701,168.06360692950787,0.18181818181818182,0.36363636363636365,0.5454545454545454,0.3779537076738734,1,0,0.45454545454545453,1.9659032143719564
1786902952.892802,835,33.36,3,bending,bending,material_handling,1,1.0,0.7012590643023658,0.5232422561022975,0.5938675511590177,0.9947184774713382,6.903268844503735,42.07554385814195,170.36725251270974,0.21212121212121213,0.36363636363636365,0.5757575757575758,0.4071006780897262,1,0,0.42424242424242425,2.1616789981289033
1786902952.925193,836,33.4,3,bending,bending,material_handling,1,1.0,0.666173428569014,0.4243126771651461,0.4862621460360923,0.8873571509549855,5.833303003582385,39.97040571414084,171.7728603952668,0.24242424242424243,0.36363636363636365,0.6060606060606061,0.4331402207956118,1,0,0.3939393939393939,2.325298784468801
1786902952.9566255,837,33.44,3,bending,bending,material_handling,1,1.0,0.5954495793805468,0.41320287296309427,0.47423441391296467,0.8545934877239412,4.508509321897516,35.7269747628328,171.24472659937658,0.2727272727272727,0.36363636363636365,0.6363636363636364,0.4584071051845914,1,0,0.36363636363636365,2.4490769904161414
1786902953.0497282,838,33.48,3,walking,bending,material_handling,1,1.0,1.0,0.37977160828621703,0.4519454964016988,0.824263457727704,3.5981299112727454,28.717483252096446,171.35194658616538,0.2727272727272727,0.3939393939393939,0.6666666666666666,0.48282289800252176,1,0,0.3333333333333333,2.5454018799754365
1786902953.0798886,839,33.52,3,walking,bending,material_handling,1,1.0,1.0,0.34055063237347905,0.418261634598131,0.7795444366048231,2.9671355699784683,24.081192010390676,171.16483097335976,0.2727272727272727,0.42424242424242425,0.696969696969697,0.5059572816759328,1,0,0.30303030303030304,2.6226732040733127
1786902953.126855,840,33.56,3,walking,bending,material_handling,1,1.0,1.0,0.2488042214463054,0.27951592458387825,0.6710984014979183,2.4549582743931024,18.236074600138192,171.15725823261977,0.2727272727272727,0.45454545454545453,0.7272727272727273,0.5258190197671634,1,0,0.2727272727272727,2.684410802302473
1786902953.1984901,841,33.6,3,walking,bending,material_handling,1,1.0,0.6,0.08474503877872931,0.05413713665217433,0.20231843026879748,1.7944008855140552,13.007207709864494,171.6929035330861,0.2727272727272727,0.48484848484848486,0.7575757575757576,0.5314572504877891,1,0,0.24242424242424243,2.726153315585456
1786902953.2286692,842,33.64,3,carrying,walking,material_handling,1,1.0,0.7030332538773733,0.08035666681928005,0.033272221274669216,0.14905598626991423,0.6717220897956222,5.987500108880015,172.24214136166697,0.2727272727272727,0.48484848484848486,0.7878787878787878,0.5354766747526122,1,0,0.21212121212121213,2.734007480468313
1786902953.2583287,843,33.68,3,standing,walking,material_handling,1,1.0,0.75,0.06525498989638347,0.030283179393427048,0.09950004165511771,0.5767204020146068,4.120744238247655,173.0280583505011,0.2727272727272727,0.48484848484848486,0.7878787878787878,0.5376081559981173,1,0,0.21212121212121213,2.738902284903028
1786902953.304099,844,33.72,3,standing,walking,material_handling,1,1.0,0.75,0.0513606784578763,0.02779267805012622,0.06560503603828799,0.5391917795775226,2.9870425245119,173.5131168230145,0.2727272727272727,0.48484848484848486,0.7878787878787878,0.5382250151633241,1,0,0.21212121212121213,2.742325666493868
1786902953.332582,845,33.76,3,standing,walking,material_handling,1,1.0,0.75,0.03944830134411732,0.026980295635666066,0.04975640345328442,0.5192495035995385,1.8093211762764614,173.71822661539943,0.2727272727272727,0.48484848484848486,0.7878787878787878,0.5381810881945782,1,0,0.21212121212121213,2.7446686284444217
1786902953.3610578,846,33.8,3,standing,walking,material_handling,1,1.0,0.75,0.027561770901476306,0.024282557010438466,0.043258255953498984,0.495058693547146,1.2620064015002337,173.82914143324007,0.2727272727272727,0.48484848484848486,0.7878787878787878,0.537870040838431,1,0,0.21212121212121213,2.745791676084641
1786902953.4255693,847,33.84,3,standing,standing,material_handling,1,1.0,0.75,0.022412312292132294,0.02671350364592299,0.03786332783158575,0.47582072765895755,1.182250957809742,174.38929102679825,0.2727272727272727,0.48484848484848486,0.7878787878787878,0.5370229888617122,1,0,0.21212121212121213,2.7458395301583693
1786902953.4575725,848,33.88,3,standing,standing,material_handling,1,1.0,0.75,0.021184153416670112,0.03337875933493442,0.037335411742043904,0.46271620384822654,1.2223708004983629,174.66831128658333,0.2727272727272727,0.48484848484848486,0.7878787878787878,0.5360654098280456,1,0,0.21212121212121213,2.744879587403956
1786902953.4953806,849,33.92,3,standing,standing,material_handling,1,1.0,0.75,0.019952895074185534,0.04020841804883978,0.03827758885402048,0.4539422106729577,1.3944984692199167,175.04904899691925,0.2727272727272727,0.48484848484848486,0.7878787878787878,0.5345533791572031,1,0,0.21212121212121213,2.743517361795449
1786902953.5480485,850,33.96,3,standing,standing,material_handling,1,1.0,0.75,0.025300870629530542,0.04734775199925243,0.0412267949807615,0.44698252737085353,1.431636831676248,175.16116140820944,0.2727272727272727,0.45454545454545453,0.7575757575757576,0.5305478281322782,1,0,0.24242424242424243,2.7416097706149456
1786902953.608518,851,34.0,3,standing,standing,material_handling,1,1.0,0.75,0.029153153408370047,0.04504692145512368,0.04297877956550914,0.4465024652776573,1.422816152728347,175.3050558788293,0.2727272727272727,0.42424242424242425,0.7272727272727273,0.5233620752142376,1,0,0.2727272727272727,2.73902960702236
1786902953.6737726,852,34.04,3,standing,standing,material_handling,1,1.0,0.75,0.034942475318063666,0.04807939068900033,0.046909743145407815,0.4438717249907576,1.4930003107302514,175.69633866467433,0.2727272727272727,0.3939393939393939,0.696969696969697,0.5163920748874504,1,0,0.30303030303030304,2.7356408760654705
1786902953.8141484,853,34.08,3,standing,standing,material_handling,1,1.0,0.75,0.04699236133932107,0.049611513939048196,0.05638707328584407,0.44614841916808795,1.4340829699841147,175.88979905386594,0.2727272727272727,0.36363636363636365,0.6666666666666666,0.5095432941492046,1,0,0.3333333333333333,2.7317821026446434
1786902953.8460102,854,34.12,3,standing,standing,material_handling,1,1.0,0.75,0.055095883009321514,0.05320770886098264,0.06821794546380901,0.4482784558149592,1.4658458912296688,175.81509631112414,0.2727272727272727,0.3333333333333333,0.6363636363636364,0.502358167143476,1,0,0.36363636363636365,2.727448194339211
1786902953.8874238,855,34.16,3,standing,standing,material_handling,1,1.0,0.75,0.06025862747578378,0.05506720620173851,0.07254304819341337,0.4551459058964641,1.4741663516334003,175.62978335411194,0.2727272727272727,0.30303030303030304,0.6060606060606061,0.4942729253644025,1,0,0.3939393939393939,2.7231802197681185
1786902953.937744,856,34.2,3,walking,standing,material_handling,1,1.0,0.6,0.06813371996488947,0.06623027571388367,0.11324955472510302,0.42706389065131933,1.5770204943050765,175.72472479806086,0.2727272727272727,0.30303030303030304,0.6060606060606061,0.48465401395387586,1,0,0.3939393939393939,2.715107578147305
1786902953.968273,857,34.24,3,walking,standing,material_handling,1,1.0,0.6,0.06708847860276682,0.062370396204292106,0.15000609820460206,0.43127528918295494,1.4883568154636044,175.03178888232085,0.2727272727272727,0.30303030303030304,0.6060606060606061,0.47332517548165254,1,0,0.3939393939393939,2.698686301708384
1786902954.0180416,858,34.28,3,standing,standing,material_handling,1,1.0,0.75,0.07253968713160658,0.0563152641999271,0.15753812194188438,0.441707673578786,1.3056439262566122,175.1010915610114,0.2727272727272727,0.2727272727272727,0.5757575757575758,0.45943742740108706,1,0,0.42424242424242425,2.6678370331570185
1786902954.077489,859,34.32,3,standing,standing,material_handling,1,1.0,0.75,0.07384903365526098,0.05130767256397168,0.159375683804682,0.45029756949049676,1.394856826155505,175.21779745809098,0.2727272727272727,0.24242424242424243,0.5454545454545454,0.4411023152291853,1,0,0.45454545454545453,2.6042209935876657
1786902954.109052,860,34.36,3,standing,standing,material_handling,1,1.0,0.75,0.07948092711463439,0.056754624763221274,0.17734957968623843,0.46548598669710045,1.5514475377864694,174.70139241692345,0.2727272727272727,0.21212121212121213,0.5151515151515151,0.422767499196438,1,0,0.48484848484848486,2.5006408567371836
1786902954.1401787,861,34.4,3,walking,standing,material_handling,1,1.0,0.6,0.08994141491364868,0.05575268190051346,0.19686104301248877,0.4844271564928566,1.7693805991903506,174.42988290477211,0.2727272727272727,0.21212121212121213,0.5151515151515151,0.4041132229367167,1,0,0.48484848484848486,2.370258782037853
1786902954.5572262,874,34.92,3,walking,standing,material_handling,1,1.0,0.6,0.09085247169470966,0.06051899376506266,0.19623225782355846,0.5049425516412915,1.9742946907272934,172.07614929063672,0.24242424242424243,0.24242424242424243,0.5151515151515151,0.38500971797530914,1,0,0.48484848484848486,2.2216008313378772
1786902954.5926638,875,34.96,3,walking,standing,material_handling,1,1.0,0.6,0.09844473470653209,0.058711731155616315,0.2093620639082689,0.5222232862625054,2.140196643124822,170.16210424428888,0.21212121212121213,0.2727272727272727,0.5151515151515151,0.365772815767459,1,0,0.48484848484848486,2.058178170031698
1786902954.6312625,876,35.0,3,walking,standing,material_handling,1,1.0,0.6,0.10545367940950462,0.08217664270285584,0.3299849146151927,0.53269491901687,2.0181321388336224,170.3714449635931,0.18181818181818182,0.30303030303030304,0.5151515151515151,0.3479459776843393,1,0,0.48484848484848486,1.8757461624861163
1786902954.7829785,877,35.04,3,walking,walking,material_handling,1,1.0,0.6,0.10919022442635916,0.09268256736210355,0.4162421183437978,0.547506740418453,2.207109166334783,170.35804862977884,0.15151515151515152,0.3333333333333333,0.5151515151515151,0.32154894089370156,1,0,0.48484848484848486,1.660149391984504
1786902954.8143723,878,35.08,3,walking,walking,material_handling,1,1.0,0.6,0.11368911919149174,0.09179611638161406,0.3883704407375748,0.596889577296243,2.3610466189786843,170.3187274111925,0.12121212121212122,0.36363636363636365,0.5151515151515151,0.29546623356166624,1,0,0.48484848484848486,1.4465194946189548
1786902954.847387,879,35.12,3,walking,walking,walking,0,0.0,0.6,0.11128653460473331,0.09109701279157259,0.3862936140150948,0.6144457507820624,2.531561254748772,171.113496296408,0.09090909090909091,0.3939393939393939,0.5151515151515151,0.271020447560621,0,0,0.48484848484848486,1.2412126458147363
1786902954.9054556,880,35.16,3,walking,walking,walking,0,0.0,0.6,0.10723722901828393,0.0887257138619079,0.38124628096432744,0.6236048503896149,2.667924155482594,171.39990141703953,0.06060606060606061,0.42424242424242425,0.5151515151515151,0.2524303809998025,0,0,0.48484848484848486,1.0509197975082478
1786902954.9358912,881,35.2,3,walking,walking,walking,0,0.0,0.6,0.09580596550958902,0.0821230253272463,0.37200536857734745,0.6220571974470197,2.480228626959056,171.40262809943033,0.030303030303030304,0.45454545454545453,0.5151515151515151,0.23681366032169227,0,0,0.48484848484848486,0.8930032579283885
1786902954.9658065,882,35.24,3,walking,walking,walking,0,0.0,0.6,0.07604930793358389,0.08083038427338346,0.3442098550011919,0.6123463349523267,2.34267088651223,171.912919911117,0.0,0.48484848484848486,0.5151515151515151,0.2213474896331241,0,0,0.48484848484848486,0.7749377128694434
1786902955.0165658,883,35.28,3,walking,walking,walking,0,0.0,0.6,0.061258480753835075,0.07378760233382549,0.33433798920978863,0.597752877183759,2.2403407659064265,172.01909860092638,0.0,0.48484848484848486,0.5151515151515151,0.20650126331439936,0,0,0.48484848484848486,0.6840171966849287
1786902955.0456996,884,35.32,3,walking,walking,walking,0,0.0,0.6,0.04458900863843024,0.06973014427068505,0.3071142471611654,0.5815598488048345,2.151535019770043,174.1018413790161,0.0,0.48484848484848486,0.5151515151515151,0.19218519696762187,0,0,0.48484848484848486,0.6117270233160306
1786902955.0998867,885,35.36,3,standing,walking,walking,0,0.0,0.75,0.032336619026282334,0.041258291523163515,0.18210217832561537,0.5686643223328696,2.1252908895397264,175.82224803317433,0.0,0.45454545454545453,0.48484848484848486,0.1773671295987642,0,0,0.5151515151515151,0.5545666005263266
1786902955.1484551,886,35.4,3,standing,walking,walking,0,0.0,0.75,0.019743636501752978,0.013841445939639228,0.05734570301077605,0.5666411089465636,2.3278442628700966,175.81898507992304,0.0,0.42424242424242425,0.45454545454545453,0.17297401665155143,0,0,0.5454545454545454,0.5173617588121601
1786902955.1774194,887,35.44,3,idle,walking,walking,0,0.0,0.85,0.014244097380377317,0.012541172009911845,0.048108838095485336,0.5587738347668387,2.3191159807679833,176.13690916232957,0.0,0.42424242424242425,0.42424242424242425,0.16991501216141722,0,0,0.5757575757575758,0.5139390844173486
1786902955.2159047,888,35.48,3,idle,walking,walking,0,0.0,0.85,0.009299427671175522,0.010891005438293,0.03991152562528387,0.5501323035623512,2.116168688543907,176.23497793734427,0.0,0.42424242424242425,0.42424242424242425,0.16810929955445256,0,0,0.5757575757575758,0.5131333844642498
1786902955.2664971,889,35.52,3,idle,walking,walking,0,0.0,0.85,0.005791493645018018,0.010442159303431965,0.037662502343285775,0.5420592686343111,2.0059791617818385,176.4195097613993,0.0,0.42424242424242425,0.42424242424242425,0.16726255610914945,0,0,0.5757575757575758,0.5132202780720314
1786902955.314836,890,35.56,3,idle,walking,walking,0,0.0,0.85,0.00460029953742582,0.011162379586276538,0.02234521603013887,0.5360620625289687,1.9508762397096966,176.4861844621132,0.0,0.42424242424242425,0.42424242424242425,0.1664319140660238,0,0,0.5757575757575758,0.5137297495547415
1786902955.361725,891,35.6,3,idle,idle,idle,0,0.0,0.85,0.004688071107534862,0.010191376472651097,0.02142393845830016,0.5400088209389383,2.024980947876472,176.52113092112566,0.0,0.42424242424242425,0.42424242424242425,0.1657702680813208,0,0,0.5757575757575758,0.5150918746272198
1786902955.4151552,892,35.64,3,idle,idle,idle,0,0.0,0.85,0.00466898079345929,0.010246232377758315,0.018088541939754635,0.5429285168359356,2.0996460151032545,176.41912036448906,0.0,0.42424242424242425,0.42424242424242425,0.16517103214520473,0,0,0.5757575757575758,0.5171254439962193
1786902955.453696,893,35.68,3,idle,idle,idle,0,0.0,0.85,0.004173428815535122,0.009967888592097372,0.018442409620092342,0.5442785206001426,2.167014611670382,176.37823083274017,0.0,0.42424242424242425,0.42424242424242425,0.164598516929388,0,0,0.5757575757575758,0.5195970293523379
1786902955.4857337,894,35.72,3,idle,idle,idle,0,0.0,0.85,0.004245737615183428,0.009796824513301486,0.01679870084184944,0.5457835195739105,2.2434227959616284,176.32187338903086,0.0,0.42424242424242425,0.42424242424242425,0.16394764153507982,0,0,0.5757575757575758,0.5223800993190334
1786902955.5529175,895,35.76,3,idle,idle,idle,0,0.0,0.85,0.004502153519483361,0.009333463163244073,0.019765741084724828,0.5469483682532059,2.4615005365197216,176.3324676920922,0.0,0.42424242424242425,0.42424242424242425,0.16329730656853322,0,0,0.5757575757575758,0.5254093672245593
1786902955.5845854,896,35.8,3,idle,idle,idle,0,0.0,0.85,0.005289156009360255,0.01193856606008013,0.02361642217140205,0.5474416058505038,2.7693467571152217,175.87765594435695,0.0,0.42424242424242425,0.42424242424242425,0.16271056846568152,0,0,0.5757575757575758,0.5284681290601001
1786902955.638915,897,35.84,3,idle,idle,idle,0,0.0,0.85,0.006387887843976396,0.012246239081592364,0.03462128513154164,0.5473773737198966,3.0637583524239487,175.52728255884026,0.0,0.42424242424242425,0.42424242424242425,0.16233819095010982,0,0,0.5757575757575758,0.531604663870074
1786902955.7610054,898,35.88,3,idle,idle,idle,0,0.0,0.85,0.007535889970223007,0.01391612399749993,0.040465388946067105,0.5403730918787615,3.497007778382219,175.35002540270435,0.0,0.42424242424242425,0.42424242424242425,0.16185571566708626,0,0,0.5757575757575758,0.5344599569825187
1786902955.7930925,899,35.92,3,idle,idle,idle,0,0.0,0.85,0.007531822347972587,0.015467142711607977,0.05147135844901335,0.525232884413072,3.8899146818408212,174.78729556658573,0.0,0.42424242424242425,0.42424242424242425,0.16134824333330455,0,0,0.5757575757575758,0.5367919093642796
1786902955.8256705,900,35.96,3,idle,idle,idle,0,0.0,0.85,0.008200293253110188,0.01897712428123968,0.06685692293608271,0.5223073144864665,4.31913587030863,174.0522080045002,0.0,0.42424242424242425,0.42424242424242425,0.16117593650732487,0,0,0.5757575757575758,0.5388271035639766
1786902955.8788102,901,36.0,3,standing,idle,material_handling,1,1.0,0.75,0.010509921517291779,0.02217332114912845,0.07562888951223944,0.5263959732725055,4.661975762111677,173.09749451586043,0.0,0.3939393939393939,0.3939393939393939,0.1600359163493593,0,1,0.6060606060606061,0.5418371666737096
1786902955.9478185,902,36.04,3,standing,idle,material_handling,1,1.0,0.75,0.014794971204956637,0.024584540577745735,0.0802181738640083,0.5339070026079862,4.99581429337019,172.2863398164419,0.0,0.36363636363636365,0.36363636363636365,0.15792113076328068,0,1,0.6363636363636364,0.5449472185956802
1786902955.987078,903,36.08,3,standing,idle,material_handling,1,1.0,0.75,0.016842618563385328,0.024834438041295606,0.09688662206808514,0.531129509934914,5.3582121257116375,171.61844584408357,0.0,0.36363636363636365,0.36363636363636365,0.15608320652468075,0,1,0.6363636363636364,0.5476569712125325
1786902956.0642984,904,36.12,3,standing,idle,material_handling,1,1.0,0.75,0.020805284750555108,0.02603366382845008,0.09569500623692535,0.5303477955583333,5.655617189210971,170.74558866615047,0.0,0.36363636363636365,0.36363636363636365,0.15415348902262752,0,1,0.6363636363636364,0.5500827356388307
1786902956.1097615,905,36.16,3,standing,standing,material_handling,1,1.0,0.75,0.022433433369668257,0.02490170532302027,0.09166334414871942,0.5301887461549073,5.715414397515825,169.70767094449616,0.0,0.36363636363636365,0.36363636363636365,0.1515569364305815,0,1,0.6363636363636364,0.5520434253193702
1786902956.140959,906,36.2,3,standing,standing,material_handling,1,1.0,0.75,0.022175714753526234,0.024930566713266898,0.08016481718382458,0.5292754258507941,5.5795921149231305,169.08210177884368,0.0,0.3333333333333333,0.3333333333333333,0.1480206871630462,0,1,0.6666666666666666,0.5534024637847623
1786902956.2009435,907,36.24,3,standing,standing,material_handling,1,1.0,0.75,0.02192021537984847,0.024805260755257075,0.07652916865568211,0.5225284367644567,5.385719949667534,168.2340405379462,0.0,0.30303030303030304,0.30303030303030304,0.14439332082462572,0,1,0.696969696969697,0.5539353693945552
1786902956.2302485,908,36.28,3,standing,standing,material_handling,1,1.0,0.75,0.023209639731866027,0.024575889246763894,0.07565186064432233,0.5290239756077983,4.887451273544405,167.1473449491137,0.0,0.2727272727272727,0.2727272727272727,0.140341496483294,0,1,0.7272727272727273,0.5541414508898672
1786902956.265678,909,36.32,3,standing,standing,material_handling,1,1.0,0.75,0.026698533740587407,0.022364108116128725,0.09203666709917786,0.5391406400467382,4.61198346440634,166.3975777175782,0.0,0.24242424242424243,0.24242424242424243,0.13313094352826324,0,1,0.7575757575757576,0.5543367757695601
1786902956.3146524,910,36.36,3,standing,standing,material_handling,1,1.0,0.75,0.027906063608124674,0.026019726981942756,0.10495435606067322,0.5356059639572739,5.0503028764229505,165.10291348709535,0.0,0.21212121212121213,0.21212121212121213,0.12369798103483522,0,1,0.7878787878787878,0.5539761461798274
1786902956.3452673,911,36.4,3,standing,standing,material_handling,1,1.0,0.75,0.03827749685701839,0.032744942182318076,0.1304743260398136,0.5271306365120371,6.256586737825269,164.9156019816908,0.0,0.18181818181818182,0.18181818181818182,0.11588294725611518,0,1,0.8181818181818182,0.5518622388833362
1786902956.3925757,912,36.44,3,standing,standing,material_handling,1,1.0,0.75,0.04720346239954317,0.03543070334971158,0.14678918881605274,0.5353385453974592,8.301157237427276,165.22906216566412,0.0,0.15151515151515152,0.15151515151515152,0.10862523740159874,0,1,0.8484848484848485,0.5494650508413786
1786902956.4635882,913,36.48,3,standing,standing,material_handling,1,1.0,0.75,0.05301571586832474,0.03887531178855516,0.16661634003438044,0.5784526882386128,11.837282570472244,162.91690147154566,0.0,0.12121212121212122,0.12121212121212122,0.10212129979766096,0,1,0.8787878787878788,0.5480968035034695
1786902956.4949386,914,36.52,3,standing,standing,material_handling,1,1.0,0.75,0.05981880612256277,0.053386781744339785,0.22276769544726363,0.6869510039929838,17.61444673614828,160.55751456813186,0.0,0.09090909090909091,0.09090909090909091,0.0975989460664463,0,1,0.9090909090909091,0.5500632824897108
1786902956.5910265,915,36.56,3,walking,standing,material_handling,1,1.0,0.6,0.08260107009708433,0.0684677391454528,0.2508268304518954,0.8410364415580499,25.717157429108,158.66801375814617,0.0,0.09090909090909091,0.09090909090909091,0.09476915744374034,0,1,0.9090909090909091,0.5569932857201872
1786902956.645805,916,36.6,3,walking,standing,material_handling,1,1.0,0.6,0.10302567308302178,0.0841375466253983,0.3104274976161714,1.0163257944839004,33.46961210608183,156.3291103419544,0.0,0.09090909090909091,0.09090909090909091,0.09404459709241861,0,1,0.9090909090909091,0.5696773135171612
1786902956.6776168,917,36.64,3,bending,standing,material_handling,1,1.0,0.6856182482194685,0.12392072271857822,0.13077294782866974,0.3333812082604785,1.1600946594212551,41.13709489316811,153.7343868659873,0.030303030303030304,0.06060606060606061,0.09090909090909091,0.09484056561057959,0,1,0.9090909090909091,0.5872086714146285
1786902956.7082407,918,36.68,3,bending,standing,material_handling,1,1.0,0.8136020645291844,0.12977642410064524,0.14115131391981542,0.3219985890484909,1.2946732098385052,48.81612387175106,150.51624820489363,0.06060606060606061,0.06060606060606061,0.12121212121212122,0.09907985078400008,0,1,0.8787878787878788,0.6092089407329812
1786902956.7738614,919,36.72,3,bending,standing,material_handling,1,1.0,0.9396809118416346,0.13453101042598242,0.1416595633389207,0.3151465055476317,1.4495086440743437,56.38085471049808,147.19157858817726,0.09090909090909091,0.06060606060606061,0.15151515151515152,0.10689199631541994,0,1,0.8484848484848485,0.6359625024035199
1786902956.8049648,920,36.76,3,bending,standing,standing,0,0.0,1.0,0.1236816722386826,0.140518621816225,0.2877422882056505,1.593639126992705,63.67670046351717,144.5467566447651,0.12121212121212122,0.06060606060606061,0.18181818181818182,0.11415361601572797,0,0,0.8181818181818182,0.6673220567133946
1786902956.833544,921,36.8,3,bending,bending,bending,0,0.0,1.0,0.12782154443572757,0.15538198927947372,0.26904245441689933,1.7383832926156213,69.73260080309319,140.50821669740054,0.15151515151515152,0.06060606060606061,0.21212121212121213,0.12109697749426178,0,0,0.7878787878787878,0.7033296624422817
1786902956.8813288,922,36.84,3,bending,bending,bending,0,0.0,1.0,0.13612245132899453,0.16860665486317358,0.29086172892616435,1.8533365656711145,76.01429843511283,136.4692765020854,0.18181818181818182,0.06060606060606061,0.24242424242424243,0.1287696813301066,0,0,0.7575757575757576,0.7430653381100636
1786902956.9116395,923,36.88,3,bending,bending,bending,0,0.0,1.0,0.1523735848495307,0.168239108622093,0.32345743984289693,1.9374034721253914,78.79062844167996,137.4407112661532,0.21212121212121213,0.06060606060606061,0.2727272727272727,0.13789429417291743,0,0,0.7272727272727273,0.7855302293099552
1786902956.9421587,924,36.92,3,bending,bending,bending,0,0.0,1.0,0.15133961651284766,0.1726620197223221,0.3558507331610634,1.904565079620077,77.79487743486276,136.5022327647151,0.24242424242424243,0.06060606060606061,0.30303030303030304,0.14802843946694058,0,0,0.696969696969697,0.8268804189669594
1786902957.0023296,925,36.96,3,bending,bending,bending,0,0.0,1.0,0.1397607721229765,0.16318576706901078,0.3156732309753247,1.7825332844030606,73.5839044016644,136.0740830398175,0.2727272727272727,0.06060606060606061,0.3333333333333333,0.1570461573165033,0,0,0.6666666666666666,0.8644441998023268
1786902957.0335104,926,37.0,3,bending,bending,material_handling,1,1.0,1.0,0.1288529239125641,0.1179325270933736,0.29522727243648883,1.622277204910231,68.68389564630294,136.9782456229686,0.30303030303030304,0.06060606060606061,0.36363636363636365,0.16543357740184866,1,0,0.6363636363636364,0.8971108265996022
1786902957.090919,927,37.04,3,bending,bending,material_handling,1,1.0,1.0,0.13284518933937417,0.10750658376918847,0.2971948347558749,1.4759363453232228,63.640566344115896,139.27084290622756,0.3333333333333333,0.06060606060606061,0.3939393939393939,0.17393042994469793,1,0,0.6060606060606061,0.9252972758647329
1786902957.1409943,928,37.08,3,bending,bending,material_handling,1,1.0,0.9690019548720019,0.1346308939225035,0.10250195270765834,0.2911168595283067,1.3265823648614277,58.14011729232011,142.18306825153616,0.36363636363636365,0.06060606060606061,0.42424242424242425,0.18215319110965494,1,0,0.5757575757575758,0.9489225484892243
1786902957.173877,929,37.12,3,bending,bending,material_handling,1,1.0,0.8591882039621971,0.13919834874555836,0.09719229907947176,0.3000543672557694,1.1562584887934313,51.55129223773182,145.89517818327332,0.3939393939393939,0.06060606060606061,0.45454545454545453,0.19053009853645395,1,0,0.5454545454545454,0.9673715449420404
1786902957.2200704,930,37.16,3,bending,bending,material_handling,1,1.0,0.7348287940417717,0.1264353353525122,0.08288241100612542,0.29222122917700566,0.9909961716329052,44.089727642506304,149.41192449719887,0.42424242424242425,0.06060606060606061,0.48484848484848486,0.19833615744692257,1,0,0.5151515151515151,0.9808145388181922
1786902957.2696419,931,37.2,3,bending,bending,material_handling,1,1.0,0.6112810142273841,0.10997711018949563,0.0707655132129369,0.2504198024482626,0.8160702602510582,36.67686085364305,153.77984559863265,0.45454545454545453,0.06060606060606061,0.5151515151515151,0.20469841240153452,1,0,0.48484848484848486,0.9891689984658375
1786902957.299427,932,37.24,3,walking,bending,material_handling,1,1.0,0.6,0.08736625978617284,0.056995215148730925,0.16638794387493777,0.6505950558431225,28.004329218296824,157.92590508925122,0.45454545454545453,0.09090909090909091,0.5454545454545454,0.2081807331720171,1,0,0.45454545454545453,0.992967852145536
1786902957.3306985,933,37.28,3,standing,bending,material_handling,1,1.0,0.75,0.0694774850466817,0.03823555831567724,0.10769168115301492,0.49358666377100724,21.103792883839713,159.6583680227534,0.45454545454545453,0.09090909090909091,0.5454545454545454,0.20941815008768172,1,0,0.45454545454545453,0.9920975293965828
1786902957.380574,934,37.32,3,standing,bending,material_handling,1,1.0,0.75,0.05936205188141689,0.030728865556879276,0.0871435492043648,0.38505731843049,15.826932151752274,163.4920526608303,0.45454545454545453,0.09090909090909091,0.5454545454545454,0.20976707916926127,1,0,0.45454545454545453,0.9878145398559156
1786902957.431301,935,37.36,3,standing,bending,material_handling,1,1.0,0.75,0.05062004996435819,0.02764044022870597,0.07797888370182844,0.3172176560284949,11.544218142387624,166.5223245336486,0.45454545454545453,0.09090909090909091,0.5454545454545454,0.20969922189161944,1,0,0.45454545454545453,0.9812481960201735
1786902957.4627166,936,37.4,3,standing,bending,material_handling,1,1.0,0.75,0.038605857139997694,0.02579768338559462,0.05879400764036231,0.26723375674848426,8.53396465234303,168.7884574845002,0.45454545454545453,0.09090909090909091,0.5454545454545454,0.2085449002422945,1,0,0.45454545454545453,0.9732513550145239
1786902957.5136943,937,37.44,3,standing,standing,material_handling,1,1.0,0.75,0.02844232991076166,0.02382142785081682,0.0523035100814237,0.23891580241082852,5.871140133728594,170.02630521337852,0.45454545454545453,0.09090909090909091,0.5454545454545454,0.20723000641940054,1,0,0.45454545454545453,0.9644200824949027
1786902957.5450234,938,37.48,3,standing,standing,material_handling,1,1.0,0.75,0.022357379237571823,0.02607191509817929,0.04070552359123143,0.21748367236345115,3.7255347984340923,170.8598630973229,0.45454545454545453,0.09090909090909091,0.5454545454545454,0.2056858300388706,1,0,0.45454545454545453,0.9549441711678889
1786902957.5778975,939,37.52,3,standing,standing,material_handling,1,1.0,0.75,0.020528301487828273,0.023714928899247572,0.03493144730566526,0.20047872270937347,2.56885136855346,170.99126052694203,0.45454545454545453,0.09090909090909091,0.5454545454545454,0.20431512186074455,1,0,0.45454545454545453,0.944980634709058
1786902957.7052612,940,37.56,3,standing,standing,material_handling,1,1.0,0.75,0.02035444774859408,0.025486519916186428,0.03129610780810875,0.19264965757835634,1.751359996220368,171.49332566544666,0.45454545454545453,0.09090909090909091,0.5454545454545454,0.2029444230471817,1,0,0.45454545454545453,0.9349843080670549
1786902957.7361717,941,37.6,3,standing,standing,material_handling,1,1.0,0.75,0.018692058458936504,0.02645055410845137,0.026256653300322088,0.19206143708047657,1.3640500463902385,171.7173497227081,0.45454545454545453,0.09090909090909091,0.5454545454545454,0.20144759858221203,1,0,0.45454545454545453,0.9247733220510755
1786902957.7695491,942,37.64,3,standing,standing,material_handling,1,1.0,0.75,0.016822024869145018,0.02916844458971544,0.029148747725291666,0.19163074886042536,1.1353470140702684,171.53967780582084,0.45454545454545453,0.09090909090909091,0.5454545454545454,0.19954190405573063,1,0,0.45454545454545453,0.9142427192878539
1786902957.8431299,943,37.68,3,standing,standing,material_handling,1,1.0,0.75,0.019902434056475685,0.03386875418811054,0.029148074858226132,0.19441812545336828,1.248308271127999,171.18063506531553,0.45454545454545453,0.09090909090909091,0.5454545454545454,0.19724474401929284,1,0,0.45454545454545453,0.9039036938786447
1786902957.882891,944,37.72,3,standing,standing,material_handling,1,1.0,0.75,0.021754191031667675,0.03523151514536278,0.03359423434080602,0.20685001475107087,1.4973857893090226,170.86586722598082,0.45454545454545453,0.09090909090909091,0.5454545454545454,0.19430898366477745,1,0,0.45454545454545453,0.8941982204919487
1786902957.9137201,945,37.76,3,standing,standing,material_handling,1,1.0,0.75,0.024827536728713122,0.03584067946594818,0.03474676486238596,0.2203218382420089,1.9102562821999143,170.4691672333363,0.45454545454545453,0.09090909090909091,0.5454545454545454,0.19091375869648453,1,0,0.45454545454545453,0.8846522596690561
1786902957.9645817,946,37.8,3,standing,standing,material_handling,1,1.0,0.75,0.031342959288637506,0.04025233497661984,0.037639804468791185,0.23535326629751144,2.3306804234782765,169.68015920370422,0.45454545454545453,0.09090909090909091,0.5454545454545454,0.18700537883086057,1,0,0.45454545454545453,0.8742553074890229
1786902958.0554082,947,37.84,3,standing,standing,material_handling,1,1.0,0.75,0.0367385693186142,0.0385864647909494,0.042446791912134005,0.2507716718809775,3.1566295904774195,168.88758009263285,0.45454545454545453,0.09090909090909091,0.5454545454545454,0.18154110902676576,1,0,0.45454545454545453,0.8610377519704772
1786902958.0860891,948,37.88,3,standing,standing,material_handling,1,1.0,0.75,0.039604418888527615,0.04347641812505442,0.044320325779676734,0.26945711033590236,4.308406361500613,168.45750270701558,0.45454545454545453,0.06060606060606061,0.5151515151515151,0.17528333615791064,1,0,0.48484848484848486,0.8437171661758667
1786902958.1334045,949,37.92,3,standing,standing,material_handling,1,1.0,0.75,0.0438515230303239,0.03823050526194365,0.0544226185859047,0.2887276580872386,5.738758298971405,168.75186275390874,0.45454545454545453,0.030303030303030304,0.48484848484848486,0.16752561255093285,1,0,0.5151515151515151,0.8216687378002103
1786902958.1626902,950,37.96,3,standing,standing,material_handling,1,1.0,0.75,0.045797987735610085,0.04096214838711382,0.06407323157180983,0.3177222201605751,7.7037895467927795,168.1100991057664,0.42424242424242425,0.030303030303030304,0.45454545454545453,0.15936476477248837,1,0,0.5454545454545454,0.7961423002468564
1786902958.192316,951,38.0,3,standing,standing,material_handling,1,1.0,0.75,0.05426024193759047,0.04805945334433444,0.0656301158853469,0.3478811912839963,9.4564158269324,167.84400062333827,0.3939393939393939,0.030303030303030304,0.42424242424242425,0.151596023161484,1,0,0.5757575757575758,0.7674516330179318
1786902958.2665691,952,38.04,3,standing,standing,material_handling,1,1.0,0.75,0.059343692008807375,0.05531460357793003,0.07736638923758134,0.375862133177256,11.53836508940239,167.31374443749888,0.36363636363636365,0.030303030303030304,0.3939393939393939,0.14439056509148246,1,0,0.6060606060606061,0.7349168902634747
1786902958.330008,953,38.08,3,walking,standing,material_handling,1,1.0,0.6,0.0687750800008467,0.06694284420673861,0.10007779174983077,0.41765005479424494,14.15192111241024,166.9088504623855,0.3333333333333333,0.06060606060606061,0.3939393939393939,0.13870376216857883,1,0,0.6060606060606061,0.6992808577726122
1786902958.3604712,954,38.12,3,walking,standing,material_handling,1,1.0,0.6,0.07821753419366016,0.08133560968487252,0.1434760455921878,0.4917982466978392,17.562505358751515,166.4417387634002,0.30303030303030304,0.09090909090909091,0.3939393939393939,0.1348987194769209,1,0,0.6060606060606061,0.6615055533508613
1786902958.4130514,955,38.16,3,walking,standing,material_handling,1,1.0,0.6063890918642629,0.1083801721000652,0.10915003653556732,0.22427933841221648,0.6682789596405224,22.249731489671895,165.37558983402513,0.2727272727272727,0.12121212121212122,0.3939393939393939,0.13288107127952856,1,0,0.6060606060606061,0.6255947168044796
1786902958.469595,956,38.2,3,walking,standing,material_handling,1,1.0,0.7311862787871553,0.15770647596080936,0.13161353018168795,0.25925954859758815,0.8199905345763506,28.42942134190149,162.65231552060024,0.24242424242424243,0.15151515151515152,0.3939393939393939,0.1309356806357313,1,0,0.6060606060606061,0.5917337186969329
1786902958.5050733,957,38.24,3,bending,walking,material_handling,1,1.0,0.5939755872434641,0.1771385972434289,0.14960155461816863,0.2964100571704621,1.0175408822962742,35.63853523460784,159.82091742640364,0.24242424242424243,0.15151515151515152,0.3939393939393939,0.1291344480299555,1,0,0.6060606060606061,0.5648541975659087
1786902958.5544589,958,38.28,3,bending,walking,material_handling,1,1.0,0.7215113992893162,0.2016962033181009,0.18206361972133045,0.31166120662291047,1.310008556825521,43.29068395735897,157.42224966869642,0.24242424242424243,0.15151515151515152,0.3939393939393939,0.1290128715344278,1,0,0.6060606060606061,0.5505352664271952
1786902958.5863216,959,38.32,3,bending,walking,material_handling,1,1.0,0.8412259553394088,0.20779286664041585,0.1888677620427449,0.31973105146279696,1.581391637378239,50.47355732036453,154.82356584468886,0.24242424242424243,0.15151515151515152,0.3939393939393939,0.12975541029280077,1,0,0.6060606060606061,0.5492963098353167
1786902958.6299624,960,38.36,3,bending,walking,material_handling,1,1.0,0.9454897529370315,0.22404494355770144,0.19475835584768805,0.325920944968579,1.8066419588222078,56.72938517622189,152.2476146487015,0.24242424242424243,0.15151515151515152,0.3939393939393939,0.13062589848106454,1,0,0.6060606060606061,0.5593176920625587
1786902958.7018607,961,38.4,3,bending,bending,material_handling,1,1.0,1.0,0.24603079850485723,0.22900334709540246,0.3396260222094802,1.969551083525325,63.46558992992148,148.82133018634664,0.24242424242424243,0.15151515151515152,0.3939393939393939,0.13209587310776677,1,0,0.6060606060606061,0.5788015926281314
1786902958.7320876,962,38.44,3,bending,bending,material_handling,1,1.0,1.0,0.2535613035995037,0.2641499939507012,0.38934400880778053,2.092829237789883,68.03647340579684,148.17619656407606,0.24242424242424243,0.15151515151515152,0.3939393939393939,0.13480161982146407,1,0,0.6060606060606061,0.6071825244159026
1786902958.7690535,963,38.48,3,bending,bending,material_handling,1,1.0,1.0,0.24525362825586727,0.28501682930385985,0.39365295159927727,2.110962517607909,68.33242962696634,147.89432851197733,0.24242424242424243,0.15151515151515152,0.3939393939393939,0.13787530837971473,1,0,0.6060606060606061,0.6411208985363572
1786902958.8307376,964,38.52,3,bending,bending,material_handling,1,1.0,1.0,0.22682154128535917,0.2964401175619371,0.34150451237632223,2.0702512632324988,65.93640617422872,146.07043286371578,0.24242424242424243,0.15151515151515152,0.3939393939393939,0.14063545110480746,1,0,0.6060606060606061,0.6791263834751888
1786902958.8875358,965,38.56,3,bending,bending,material_handling,1,1.0,1.0,0.1987505162763531,0.2782576381026176,0.33454385780877405,1.921942417373709,61.84898002138601,146.46960656772876,0.2727272727272727,0.12121212121212122,0.3939393939393939,0.14573108486037825,1,0,0.6060606060606061,0.7176520610973278
1786902958.9194632,966,38.6,3,bending,bending,material_handling,1,1.0,0.9345761561984551,0.1850507674469633,0.257258084290947,0.3066583463650285,1.7913578155132677,56.07456937190731,148.15174619665362,0.30303030303030304,0.12121212121212122,0.42424242424242425,0.15176037774559079,1,0,0.5757575757575758,0.7569784596349721
1786902958.9679883,967,38.64,3,bending,bending,material_handling,1,1.0,0.8166795092183373,0.15964542865285816,0.22626493958096047,0.2899883300196338,1.6087213207673727,49.00077055310024,148.76651892928285,0.3333333333333333,0.12121212121212122,0.45454545454545453,0.15790718928544745,1,0,0.5454545454545454,0.7940591869785139
1786902958.9981663,968,38.68,3,bending,bending,material_handling,1,1.0,0.6878622857799112,0.15713268949654363,0.21583145052005914,0.2862941795224358,1.3164236215751344,41.27173714679467,150.7165194073222,0.36363636363636365,0.12121212121212122,0.48484848484848486,0.164219774007284,1,0,0.5151515151515151,0.8243381556314424
1786902959.0295873,969,38.72,3,walking,bending,material_handling,1,1.0,1.0,0.13799957736557403,0.20285747775851448,0.28160259224083184,1.0392956657996968,33.84548170685417,152.3291028117771,0.36363636363636365,0.15151515151515152,0.5151515151515151,0.17097154929820732,1,0,0.48484848484848486,0.8477339710572366
1786902959.164351,970,38.76,3,walking,bending,material_handling,1,1.0,0.8846583349068692,0.1139759527309934,0.15923850028323644,0.2803519915021504,0.8052988395646631,26.52465071980264,154.1127886488553,0.36363636363636365,0.18181818181818182,0.5454545454545454,0.17788210934125961,1,0,0.45454545454545453,0.8648970933952317
1786902959.2051268,971,38.8,3,walking,bending,material_handling,1,1.0,0.6380963850775929,0.10524542510677723,0.11485734931396673,0.21964134630482546,0.6341289627266697,18.622735496912693,156.77215257475984,0.36363636363636365,0.21212121212121213,0.5757575757575758,0.18330440699924735,1,0,0.42424242424242425,0.8775227082547232
1786902959.2379966,972,38.84,3,walking,bending,material_handling,1,1.0,0.6,0.11394628918544142,0.08426708984478178,0.18699723285060738,0.5061678182659678,12.386010122763308,157.72952449617895,0.36363636363636365,0.24242424242424243,0.6060606060606061,0.18791246110666981,1,0,0.3939393939393939,0.8867860141806806
1786902959.3051534,973,38.88,3,walking,walking,material_handling,1,1.0,0.6,0.1027431766177289,0.05054471741167885,0.17848964438285048,0.4811132057927813,9.5541487931424,157.86477011171084,0.36363636363636365,0.2727272727272727,0.6363636363636364,0.1923728713059044,1,0,0.36363636363636365,0.895527333823542
1786902959.3973708,974,38.92,3,walking,walking,material_handling,1,1.0,0.6,0.08494437294611328,0.06004591540265411,0.16323461192206165,0.48052444352801305,8.342570171867994,157.20783475598014,0.36363636363636365,0.30303030303030304,0.6666666666666666,0.19652371853686623,1,0,0.3333333333333333,0.9042686370492249
1786902959.429085,975,38.96,3,walking,walking,material_handling,1,1.0,0.6,0.08448627174191642,0.0741629848836248,0.15976936070803624,0.4866446487705864,7.477904807285642,155.13445707816504,0.36363636363636365,0.3333333333333333,0.696969696969697,0.20048191893028275,1,0,0.30303030303030304,0.9132084521980177
1786902959.5106657,976,39.0,3,walking,walking,material_handling,1,1.0,0.6,0.09240604988618671,0.08930140635874692,0.163747861777863,0.4937281078936378,6.7640806486903085,155.2472486444809,0.36363636363636365,0.36363636363636365,0.7272727272727273,0.20456070035208992,1,0,0.2727272727272727,0.9222784516659046
1786902959.5406685,977,39.04,3,carrying,walking,material_handling,1,1.0,0.6078810330844447,0.10090145880149497,0.11011553009709668,0.16696284273169174,0.5131350551407413,6.072548300844353,157.91754323984208,0.36363636363636365,0.36363636363636365,0.7575757575757576,0.20860217333363187,1,0,0.24242424242424243,0.9315598165261977
1786902959.5711417,978,39.08,3,carrying,walking,material_handling,1,1.0,0.6241432009901863,0.10618511672467122,0.12268833841483603,0.17374281876707645,0.5402386683169771,5.325312923952102,159.07779607158028,0.36363636363636365,0.36363636363636365,0.7878787878787878,0.21281417496710736,1,0,0.21212121212121213,0.9412542659224087
1786902959.6212285,979,39.12,3,carrying,walking,material_handling,1,1.0,0.6392444944517112,0.11773374497304896,0.12730582043494962,0.16088715316566662,0.5654074907528519,4.54816222053306,159.63758291355592,0.36363636363636365,0.36363636363636365,0.8181818181818182,0.21654894310943693,1,0,0.18181818181818182,0.9512559090877222
1786902959.666555,980,39.16,3,carrying,walking,material_handling,1,1.0,0.6470615049404419,0.12528161398661067,0.13443921172265919,0.15679389330336801,0.5784358415674031,4.241302337521054,159.26810345145992,0.36363636363636365,0.36363636363636365,0.8484848484848485,0.22001400678795918,1,0,0.15151515151515152,0.9611851263509472
1786902959.766897,981,39.2,3,carrying,carrying,material_handling,1,1.0,0.6592013319926672,0.12644599095080952,0.1502135943047854,0.1625909082505138,0.5986688866544454,4.390844037291702,157.09566331576758,0.36363636363636365,0.36363636363636365,0.8787878787878788,0.22359796383252997,1,0,0.12121212121212122,0.9711612407848423
1786902959.8333058,982,39.24,3,carrying,carrying,material_handling,1,1.0,0.673331824207471,0.14264914919512095,0.16075516327021264,0.16134534508702147,0.6222197070124517,4.360364274095913,154.74380400408285,0.36363636363636365,0.36363636363636365,0.9090909090909091,0.22683804645377595,1,0,0.09090909090909091,0.9812670604492428
1786902959.8663273,983,39.28,3,carrying,carrying,material_handling,1,1.0,0.6675494087487623,0.14083024255364024,0.1695474975882927,0.15658570024266308,0.612582347914604,4.676465559325122,154.07711481638722,0.36363636363636365,0.36363636363636365,0.9393939393939394,0.22964145459531696,1,0,0.06060606060606061,0.9902022158357284
1786902959.968614,984,39.32,3,carrying,carrying,material_handling,1,1.0,0.6595323576638543,0.1547282011553989,0.18095963629834222,0.1717314555466388,0.5992205961064239,4.569511127135885,156.32741824354645,0.36363636363636365,0.36363636363636365,0.9696969696969697,0.23285664670626519,1,0,0.030303030303030304,0.9978185614364082
1786902960.0395823,985,39.36,3,carrying,carrying,material_handling,1,1.0,0.6454656986826898,0.1578835805497839,0.17731751932876189,0.16854514590384861,0.5757761644711497,4.402942681946451,158.88908622257708,0.36363636363636365,0.36363636363636365,1.0,0.23561963933251573,1,0,0.0,1.003876562384708
1786902960.0738575,986,39.4,3,carrying,carrying,material_handling,1,1.0,0.6354268188602954,0.15799645267656515,0.16454438982914787,0.1648920223554447,0.5590446981004923,4.1415458850476545,160.04637984353377,0.36363636363636365,0.3333333333333333,1.0,0.23758370692662523,1,0,0.0,1.0081612485455034
1786902960.1291611,987,39.44,3,walking,carrying,material_handling,1,1.0,0.8869083518358162,0.15721272541564213,0.1596435033304469,0.1923318479030578,0.5680636742134114,3.9426196209424917,158.78703027070884,0.36363636363636365,0.3333333333333333,1.0,0.2390641857845304,1,0,0.0,1.0104723221065812
1786902960.1835632,988,39.48,3,walking,carrying,material_handling,1,1.0,0.8862637401547587,0.15374150246490056,0.15952747322785657,0.18728173459850514,0.5714965234777495,3.6635904040706677,157.46071560343555,0.36363636363636365,0.3333333333333333,1.0,0.23794304627502397,1,0,0.0,1.0075395210107396
1786902960.2142794,989,39.52,3,carrying,carrying,material_handling,1,1.0,0.6354714544493767,0.14681092221003092,0.15740030542514669,0.17904989345896927,0.5591190907489613,3.4735040916932847,156.32736935156274,0.36363636363636365,0.30303030303030304,1.0,0.23551245066476278,1,0,0.0,0.9996343257432432
1786902960.2453587,990,39.56,3,carrying,carrying,material_handling,1,1.0,0.6238955156317451,0.13818315306203008,0.13787749461108031,0.15413309668908018,0.5398258593862418,3.4930486433713646,157.1896313937923,0.3333333333333333,0.30303030303030304,1.0,0.2312010276198725,1,0,0.0,0.9851581129277874
1786902960.3029811,991,39.6,3,carrying,carrying,material_handling,1,1.0,0.608013465165942,0.12171214379398768,0.12206371923458557,0.1381683239407082,0.5133557752765701,3.5580981505616585,160.35740269460356,0.30303030303030304,0.30303030303030304,1.0,0.22594366753859363,1,0,0.0,0.9610171195475161
1786902960.3632488,992,39.64,3,carrying,carrying,material_handling,1,1.0,0.6002072322879349,0.11491166927902181,0.1034816116979802,0.13944628330886535,0.5003453871465583,4.197211254081912,163.632055316577,0.2727272727272727,0.30303030303030304,1.0,0.22048049274605022,1,0,0.0,0.9282581422677684
1786902960.4027522,993,39.68,3,carrying,carrying,material_handling,1,1.0,0.6090945279050254,0.09388906139927075,0.07678366039007724,0.1399442944175837,0.5151575465083758,4.770023677645803,165.50277203212647,0.24242424242424243,0.30303030303030304,1.0,0.21484483666874735,1,0,0.0,0.889122250985531
1786902960.496195,994,39.72,3,carrying,carrying,material_handling,1,1.0,0.6175854553108617,0.0805978066715796,0.06416113059902563,0.14880336468374517,0.5293090921847696,5.821176730057283,166.6342451501569,0.21212121212121213,0.30303030303030304,1.0,0.2090623318952402,1,0,0.0,0.8454785542782414
1786902960.6096616,995,39.76,3,standing,carrying,material_handling,1,1.0,0.75,0.0721020122424639,0.05462906108594186,0.14814242670526315,0.5468702353629084,6.581697649259818,167.24894310306576,0.18181818181818182,0.30303030303030304,0.9696969696969697,0.20175319304364878,1,0,0.030303030303030304,0.7986313117804544
1786902960.642736,996,39.8,3,standing,carrying,material_handling,1,1.0,0.75,0.06679483267544212,0.043610433302513234,0.13591338211207388,0.5643235290126095,7.206107047926546,167.44059468427895,0.15151515151515152,0.30303030303030304,0.9393939393939394,0.19394290305918807,1,0,0.06060606060606061,0.7517634636412027
1786902960.69111,997,39.84,3,standing,carrying,material_handling,1,1.0,0.75,0.06610873011898497,0.03655614614853261,0.14847461739816062,0.5427246056004151,7.372090917181872,168.31688752981512,0.12121212121212122,0.30303030303030304,0.9090909090909091,0.18809351230227409,1,0,0.09090909090909091,0.7054747770462912
1786902960.724445,998,39.88,3,standing,carrying,carrying,0,0.0,0.75,0.062334812852359436,0.032869134180333666,0.15213651879440104,0.5428349849337525,7.48537496830366,169.76433844988318,0.09090909090909091,0.30303030303030304,0.8787878787878788,0.1825660171806264,0,0,0.12121212121212122,0.6636836427299289
1786902960.8222842,999,39.92,3,standing,standing,standing,0,0.0,0.75,0.05965064179066163,0.04010963749077711,0.1569596921031426,0.5685242749853586,7.4431587690968,171.60438246337168,0.06060606060606061,0.30303030303030304,0.8484848484848485,0.1780296943242056,0,0,0.15151515151515152,0.6266280808957498
1786902960.87785,1000,39.96,3,standing,standing,standing,0,0.0,0.75,0.06278240196807346,0.05064675809386694,0.15899369625147355,0.5979249327257462,7.17424212077353,172.85187207492675,0.030303030303030304,0.30303030303030304,0.8181818181818182,0.17406015996759472,0,0,0.18181818181818182,0.5959978873187308
1786902960.9162138,1001,40.0,3,standing,standing,standing,0,0.0,0.75,0.0651968380425049,0.056141486419974934,0.1515477080766225,0.622964455080913,6.646461268528969,173.56998848880724,0.0,0.30303030303030304,0.7878787878787878,0.1699769335601458,0,0,0.21212121212121213,0.5749839731825422
1786902961.0023284,1002,40.04,3,carrying,standing,standing,0,0.0,0.6807991219173766,0.07239647337561106,0.06602907293101197,0.14219823134975892,0.6346652031956276,5.836123599841736,173.17567484894488,0.0,0.2727272727272727,0.7878787878787878,0.16575255898768904,0,0,0.21212121212121213,0.5627224440127221
1786902961.049511,1003,40.08,3,carrying,standing,standing,0,0.0,0.6746820282147795,0.07824162582700682,0.06889876108652776,0.1370054274271141,0.6244700470246326,4.975720356196783,172.22656942853743,0.0,0.24242424242424243,0.7878787878787878,0.16140872371268797,0,0,0.21212121212121213,0.5572427836327212
1786902961.0792215,1004,40.12,3,carrying,standing,standing,0,0.0,0.6701616519062799,0.08261277616004559,0.07731811384522932,0.15024765492387798,0.6169360865104664,4.235488654400493,170.31042480729838,0.0,0.21212121212121213,0.7878787878787878,0.15930588457993197,0,0,0.21212121212121213,0.5567217873837453
1786902961.1095023,1005,40.16,3,carrying,standing,standing,0,0.0,0.6683250234403731,0.08777596126737969,0.10050359056742347,0.14374181024097915,0.6138750390672886,4.023745040674814,169.61519299054237,0.0,0.18181818181818182,0.7878787878787878,0.15799511419782203,0,0,0.21212121212121213,0.5599856425595429
1786902961.1755617,1006,40.2,3,carrying,carrying,carrying,0,0.0,0.6646248827214637,0.0857039130780201,0.107263798468944,0.13858043212828347,0.6077081378691063,4.004728141145343,168.92408207783444,0.0,0.15151515151515152,0.7878787878787878,0.1567857441295018,0,0,0.21212121212121213,0.5638218526224619
1786902961.2082744,1007,40.24,3,carrying,carrying,carrying,0,0.0,0.6670752590039399,0.09261390286488708,0.1201452398498722,0.14290496944222406,0.6117920983398999,4.254809827483901,167.7600954652411,0.0,0.12121212121212122,0.7878787878787878,0.15616969435738554,0,0,0.21212121212121213,0.5677996603440342
1786902961.2392519,1008,40.28,3,carrying,carrying,carrying,0,0.0,0.6602565304102987,0.10110523086027706,0.13369381900428529,0.14138673097623589,0.6004275506838314,4.48682792632494,166.98983604291362,0.0,0.09090909090909091,0.7878787878787878,0.15561264497157337,0,0,0.21212121212121213,0.5712476270686779
1786902961.3185272,1009,40.32,3,carrying,carrying,carrying,0,0.0,0.6520072691830986,0.10134374933094131,0.1383372816675825,0.15096399491515028,0.5866787819718311,4.333505020287297,166.25274415250044,0.0,0.06060606060606061,0.7878787878787878,0.1552252550666427,0,0,0.21212121212121213,0.5740643141619566
1786902961.3723004,1010,40.36,3,carrying,carrying,carrying,0,0.0,0.6503750043643731,0.11429559426299957,0.1327874667706409,0.16186479081751798,0.5839583406072886,3.9458303827049273,164.71908641183285,0.0,0.06060606060606061,0.7878787878787878,0.15507076864500105,0,0,0.21212121212121213,0.5762104743276095
1786902961.4041822,1011,40.4,3,carrying,carrying,carrying,0,0.0,0.6459062120615748,0.12572858258202863,0.13243504483973298,0.1606978936374325,0.576510353435958,3.6885572224762733,161.96806187720324,0.0,0.06060606060606061,0.7878787878787878,0.1546754678834967,0,0,0.21212121212121213,0.5773096163009118
1786902961.4539554,1012,40.44,3,carrying,carrying,carrying,0,0.0,0.6361334024236982,0.13813283951868188,0.14130763795571954,0.1635220459867305,0.5602223373728303,3.4663268992291627,159.60230210521658,0.0,0.06060606060606061,0.7878787878787878,0.15475531312049862,0,0,0.21212121212121213,0.5771524904409113
1786902961.498999,1013,40.48,3,carrying,carrying,carrying,0,0.0,0.6281963092179551,0.1390821338114191,0.1482089450497009,0.1464288792544859,0.546993848696592,3.280412403827441,157.1785664526466,0.0,0.06060606060606061,0.7878787878787878,0.154441221785684,0,0,0.21212121212121213,0.5761997027781595
1786902961.5317013,1014,40.52,3,carrying,carrying,carrying,0,0.0,0.6188090900737224,0.14203653741049233,0.14892303706194898,0.14183280092894268,0.531348483456204,3.1757377098964468,157.0473113853604,0.0,0.06060606060606061,0.7878787878787878,0.1538121882304849,0,0,0.21212121212121213,0.5741596905600309
1786902961.6181748,1015,40.56,3,carrying,carrying,carrying,0,0.0,0.6097082047738671,0.14860967997732213,0.1783691934097217,0.12992125457056372,0.5161803412897786,2.8783716899214986,156.83390717506387,0.0,0.06060606060606061,0.7878787878787878,0.15285994306331954,0,0,0.21212121212121213,0.5709463764472227
1786902961.6500003,1016,40.6,3,carrying,carrying,carrying,0,0.0,0.6065103565850117,0.14519823594518685,0.18058728183626405,0.13666856239270095,0.5108505943083529,2.4685313994384046,156.8068595262718,0.0,0.06060606060606061,0.7878787878787878,0.15225639343150246,0,0,0.21212121212121213,0.5678635960349119
1786902961.6937678,1017,40.64,3,carrying,carrying,carrying,0,0.0,0.602780675157435,0.14667562818763763,0.170684159641389,0.14237170521501938,0.5046344585957252,1.7305912257319847,157.6914515410126,0.0,0.06060606060606061,0.7878787878787878,0.15136670402751404,0,0,0.21212121212121213,0.5649973494436786
1786902961.7438662,1018,40.68,3,walking,carrying,carrying,0,0.0,0.8981134507245422,0.14613555146864365,0.1616604211304176,0.12926419056681449,0.49445732355038785,1.1807361696873304,157.90444384747235,0.0,0.09090909090909091,0.7878787878787878,0.15017637204760392,0,0,0.21212121212121213,0.5625331421430495
1786902961.7773943,1019,40.72,3,walking,carrying,carrying,0,0.0,0.9990595652082006,0.13719220328737258,0.1798307217374761,0.11607145897209589,0.48151461015793606,1.0383432758338496,158.98803703762314,0.0,0.12121212121212122,0.7878787878787878,0.14869696103598726,0,0,0.21212121212121213,0.5601837455387297
1786902961.8391051,1020,40.76,3,walking,carrying,carrying,0,0.0,1.0,0.1280653149968316,0.19324084449602175,0.1175546629569925,0.4685703130424125,1.1067532458443052,160.0984021280608,0.0,0.12121212121212122,0.7878787878787878,0.14643098573459135,0,0,0.21212121212121213,0.5571687952002146
1786902961.9165287,1021,40.8,3,walking,carrying,carrying,0,0.0,1.0,0.1162845729616728,0.19802272666980567,0.10700268790509403,0.46813005915509287,1.2243405745538316,162.0469187313627,0.0,0.12121212121212122,0.7878787878787878,0.14399828734994252,0,0,0.21212121212121213,0.5540364780995279
1786902961.9518518,1022,40.84,3,walking,walking,walking,0,0.0,1.0,0.11132787699689173,0.20012020693681354,0.10441207796319214,0.4849149074076702,1.2309111885900776,164.85877126515916,0.0,0.15151515151515152,0.7878787878787878,0.141736535365222,0,0,0.21212121212121213,0.5517878664831253
1786902962.000194,1023,40.88,3,carrying,walking,walking,0,0.0,0.602697157844059,0.10289257040982643,0.18722160117107123,0.11422335878525056,0.5044952630734316,1.214450336391843,167.63500662910332,0.0,0.15151515151515152,0.7878787878787878,0.14052714936813626,0,0,0.21212121212121213,0.550717242352434
1786902962.1135192,1024,40.92,3,carrying,walking,walking,0,0.0,0.6168940969316481,0.09411340206693103,0.1538393248625801,0.11457033583618093,0.5281568282194135,1.247218629489708,169.24069558920766,0.0,0.15151515151515152,0.7878787878787878,0.1398120588195142,0,0,0.21212121212121213,0.5511657591082777
1786902962.1671748,1025,40.96,3,carrying,walking,walking,0,0.0,0.6228417985176307,0.08622999009702893,0.1384537820224168,0.10499741947178326,0.5380696641960511,1.5172326406933567,169.2908203460429,0.0,0.15151515151515152,0.7878787878787878,0.13876815385475416,0,0,0.21212121212121213,0.5523089190188684
1786902962.2196865,1026,41.0,3,carrying,walking,walking,0,0.0,0.6207189187254958,0.07926677957241582,0.1349017371215996,0.10246284679028712,0.5345315312091596,2.0242793866391127,168.8185725575994,0.0,0.15151515151515152,0.7878787878787878,0.13763235241150273,0,0,0.21212121212121213,0.5528960094643467
1786902962.278178,1027,41.04,3,carrying,walking,walking,0,0.0,0.6147128772388641,0.07734362938174366,0.12544126379262982,0.1081361218010605,0.5245214620647736,2.9110447826295336,167.6884305837819,0.0,0.15151515151515152,0.7878787878787878,0.13640001171808808,0,0,0.21212121212121213,0.5527509297637409
1786902962.3116786,1028,41.08,3,carrying,carrying,carrying,0,0.0,0.6106833373634565,0.07031011029587639,0.10877357245432973,0.11810580457513423,0.5178055622724276,3.5839112055361397,165.9055824527595,0.0,0.15151515151515152,0.8181818181818182,0.13548981104747812,0,0,0.18181818181818182,0.5518701820943324
1786902962.3432264,1029,41.12,3,walking,carrying,carrying,0,0.0,0.6,0.06878292179394639,0.09865596782818324,0.1338879268586006,0.49910811445034425,4.064467842395186,164.1189919437903,0.0,0.18181818181818182,0.8484848484848485,0.13542843361555465,0,0,0.15151515151515152,0.5498939574106273
1786902962.3937705,1030,41.16,3,walking,carrying,carrying,0,0.0,0.6,0.06865728036751216,0.09615222890032422,0.14851333108734047,0.4864743351773824,4.170566844849574,164.53318386929243,0.0,0.21212121212121213,0.8787878787878788,0.13542960675765103,0,0,0.12121212121212122,0.5481894037614444
1786902962.4854202,1031,41.2,3,walking,carrying,carrying,0,0.0,0.6,0.07057563843306919,0.08124995082793651,0.15149813198683412,0.469083407192722,3.9949018981786635,165.10947752211263,0.0,0.24242424242424243,0.9090909090909091,0.13541026170287626,0,0,0.09090909090909091,0.5459545074662617
1786902962.5156398,1032,41.24,3,walking,carrying,carrying,0,0.0,0.6,0.07630388077804627,0.07119919803835202,0.15174962934589092,0.4456883130745629,4.20516050919195,163.745993891497,0.0,0.2727272727272727,0.9393939393939394,0.1352523810132626,0,0,0.06060606060606061,0.542232205590177
1786902962.5671353,1033,41.28,3,walking,walking,walking,0,0.0,0.6,0.08157324188652287,0.07043784492908291,0.16083420340559046,0.4256142333795722,4.306861819004559,161.8207154184345,0.0,0.30303030303030304,0.9696969696969697,0.1353081539573267,0,0,0.030303030303030304,0.5370106692463535
1786902962.6187847,1034,41.32,3,walking,walking,walking,0,0.0,0.6,0.08573045074966121,0.07402812772018003,0.16656830019394764,0.40750165201799565,4.050317851097329,159.1428825934309,0.0,0.3333333333333333,1.0,0.1357633234154275,0,0,0.0,0.5304814933959622
1786902962.661015,1035,41.36,3,walking,walking,walking,0,0.0,0.6,0.0896360391121982,0.08444176836227382,0.16451344259559175,0.40095978713623015,3.6036651185655812,155.89569206770722,0.0,0.36363636363636365,1.0,0.13643954193802846,0,0,0.0,0.5233995110911319
1786902962.7374985,1036,41.4,3,walking,walking,walking,0,0.0,0.6001817313032192,0.09144271536215037,0.10803271163457945,0.17322926968335262,0.4090734280638135,3.1509926700619193,155.02184255368866,0.0,0.3939393939393939,1.0,0.13753723412761149,0,0,0.0,0.5168723408195919
1786902962.767885,1037,41.44,3,walking,walking,walking,0,0.0,0.6490150467586395,0.1014432693600867,0.11682270841655511,0.17188151171309993,0.4305877069537135,2.381821840410071,155.99290870349392,0.0,0.42424242424242425,1.0,0.13819280554546667,0,0,0.0,0.5112254202269629
1786902962.8021488,1038,41.48,3,walking,walking,walking,0,0.0,0.6569890668046929,0.10303795493825217,0.11825803202484472,0.16168726411662554,0.4421474850311303,2.089204568896448,158.07045463424896,0.0,0.45454545454545453,1.0,0.138736607178062,0,0,0.0,0.50602155495314
1786902962.8839793,1039,41.52,3,walking,walking,walking,0,0.0,0.6220219427607518,0.10557942246183394,0.11196394969693532,0.16093773605956121,0.47075069295911426,2.1191691379764257,159.07900982093332,0.0,0.48484848484848486,1.0,0.1394141012365856,0,0,0.0,0.5018713293498069
1786902962.9133158,1040,41.56,3,walking,walking,walking,0,0.0,0.6354636725387769,0.11272566831995004,0.11438346105697983,0.16479869283899276,0.48207507193679483,2.4123801917577437,158.5366299335574,0.0,0.5151515151515151,1.0,0.14007754740012404,0,0,0.0,0.4979405103678946
1786902962.9480662,1041,41.6,3,walking,walking,walking,0,0.0,0.699978711260532,0.11504353840235838,0.12599616802689576,0.180040874222718,0.5092242450173387,3.0452958418229668,156.77350892551166,0.0,0.5454545454545454,1.0,0.14124888507425987,0,0,0.0,0.49517677383254644
1786902963.0010011,1042,41.64,3,carrying,walking,walking,0,0.0,0.6413387421790827,0.1261065435124886,0.14538267507475788,0.17379360037250124,0.5688979036318045,3.521066912572823,156.51468065868193,0.0,0.5454545454545454,1.0,0.1419406913002402,0,0,0.0,0.494637959337394
1786902963.0295331,1043,41.68,3,carrying,walking,walking,0,0.0,0.6564246054067459,0.12646608699620682,0.1528388052275244,0.16614580499532877,0.5940410090112431,4.035806838330292,158.8672007322919,0.0,0.5454545454545454,1.0,0.14207041900259806,0,0,0.0,0.4949434947435745
1786902963.0837414,1044,41.72,3,carrying,walking,walking,0,0.0,0.6713616534774306,0.12197286864521967,0.14312918003524966,0.17325710868039546,0.6189360891290511,4.536188820242495,162.30909319561195,0.0,0.5454545454545454,1.0,0.1424510012766273,0,0,0.0,0.49622912309791073
1786902963.132983,1045,41.76,3,carrying,walking,walking,0,0.0,0.689676887773746,0.11801229095020092,0.1318587964735532,0.15602022789288308,0.6494614796229101,4.9963509787231235,166.81030728727575,0.0,0.5454545454545454,1.0,0.1422236734556016,0,0,0.0,0.4989333395297313
1786902963.1689572,1046,41.8,3,carrying,carrying,carrying,0,0.0,0.6982079257469712,0.10975786703837773,0.11816422956288214,0.16614233585242746,0.6636798762449521,5.066441718519202,169.27606329996587,0.0,0.5454545454545454,1.0,0.1428210509282665,0,0,0.0,0.5024692797584696
1786902963.1984372,1047,41.84,3,carrying,carrying,carrying,0,0.0,0.7185353344295292,0.1092739705223625,0.12452315606133062,0.17546720920921058,0.6975588907158821,5.151408871752593,170.0120015748155,0.0,0.5454545454545454,1.0,0.14384027542160793,0,0,0.0,0.5075059587663386
1786902963.2548203,1048,41.88,3,carrying,carrying,carrying,0,0.0,0.7337986001139232,0.10362301417299888,0.13020977702539832,0.14421157104784754,0.7229976668565387,4.893573577509148,170.0715569049189,0.0,0.5454545454545454,1.0,0.14427331531485899,0,0,0.0,0.5137731504501797
1786902963.2948484,1049,41.92,3,carrying,carrying,carrying,0,0.0,0.7200830446007135,0.0956497808776228,0.13483038169244665,0.136365410518198,0.7001384076678558,4.443470290854722,170.4221982228948,0.0,0.5454545454545454,1.0,0.1442641288944195,0,0,0.0,0.519509144794407
1786902963.3273244,1050,41.96,3,carrying,carrying,carrying,0,0.0,0.7105982359589551,0.08885992873484322,0.12662414445132225,0.045640786519768564,0.6843303932649252,3.943843707885923,171.32592748802847,0.0,0.5454545454545454,1.0,0.14133288893395735,0,0,0.0,0.5249544761480193
1786902963.3759995,1051,42.0,3,carrying,carrying,carrying,0,0.0,0.6875357161828948,0.0685194843934714,0.11937484051237043,0.033758615892481005,0.6458928603048247,3.370708027004582,173.2862404761418,0.0,0.5151515151515151,1.0,0.1384387806104927,0,0,0.0,0.5295434318072446
1786902963.4071841,1052,42.04,3,carrying,carrying,carrying,0,0.0,0.6522854629800886,0.060628753508186556,0.11139008560139826,0.044900267231011294,0.5871424383001477,2.759731202861272,174.81168995787164,0.0,0.48484848484848486,1.0,0.13628207783045984,0,0,0.0,0.5327442750842813
1786902963.462994,1053,42.08,3,carrying,carrying,carrying,0,0.0,0.6625570822756695,0.05607611922715974,0.1043813560523034,0.06106309423610109,0.6042618037927824,2.243778810884842,174.9463812420244,0.0,0.45454545454545453,1.0,0.13457021211164494,0,0,0.0,0.5368561384403531
1786902963.532646,1054,42.12,3,carrying,carrying,carrying,0,0.0,0.6712109347957528,0.0541531569423406,0.09336545826256741,0.06159286989266992,0.6186848913262547,2.1316351360155026,174.6241744051137,0.0,0.42424242424242425,1.0,0.1331941570203594,0,0,0.0,0.5414184060819034
1786902963.6074624,1055,42.16,3,carrying,carrying,carrying,0,0.0,0.6667996500534338,0.06163599150555515,0.10847425060810087,0.06345587340674558,0.6113327500890563,2.0163449834136484,173.82155126681937,0.0,0.3939393939393939,1.0,0.13195305991258827,0,0,0.0,0.5452492497995212
1786902963.6383357,1056,42.2,3,carrying,carrying,carrying,0,0.0,0.6694315867310703,0.05899569693596532,0.10287207627454631,0.08192742864495882,0.6157193112184505,2.1126103028422967,172.78914679752728,0.0,0.3939393939393939,1.0,0.13097439536288244,0,0,0.0,0.5486196755008855
1786902963.7050948,1057,42.24,3,carrying,carrying,carrying,0,0.0,0.6603568085391721,0.059359429563103014,0.09487080683125038,0.08269570212424489,0.6005946808986202,2.440067701219931,172.33129694677868,0.0,0.3939393939393939,1.0,0.13000849737161166,0,0,0.0,0.5508147619457099
1786902963.7369788,1058,42.28,3,carrying,carrying,carrying,0,0.0,0.660553450236289,0.05827600373268175,0.090406547385717,0.09167816862214759,0.6009224170604817,2.897243946491936,172.48065575321576,0.0,0.3939393939393939,1.0,0.12960488370950143,0,0,0.0,0.5527193908203896
1786902963.7670014,1059,42.32,3,carrying,carrying,carrying,0,0.0,0.6660612294740498,0.05562384493360227,0.09955884117203974,0.10134866693014954,0.6101020491234164,3.3136023692976324,172.53572618122251,0.0,0.3939393939393939,1.0,0.12957112068343674,0,0,0.0,0.555009406514761
1786902963.8225586,1060,42.36,3,carrying,carrying,carrying,0,0.0,0.6749589546298932,0.05418671297031286,0.09542019815424295,0.11317320515007648,0.6249315910498221,3.486940415529658,172.76789751052743,0.0,0.3939393939393939,1.0,0.12972375957280083,0,0,0.0,0.5580521376961262
1786902963.8580406,1061,42.4,3,carrying,carrying,carrying,0,0.0,0.6842296540273148,0.059865742467843916,0.09492747447585122,0.10617098555354948,0.6403827567121915,3.4298101413404387,172.708287687203,0.0,0.3939393939393939,1.0,0.12936209839032858,0,0,0.0,0.5617665981336948
1786902963.9275734,1062,42.44,3,carrying,carrying,carrying,0,0.0,0.6847376155500146,0.06628900940921567,0.10648780663424906,0.1000362949651984,0.6412293592500243,3.6958392677727097,172.4283159959857,0.0,0.36363636363636365,1.0,0.12833629136325575,0,0,0.0,0.5660733025215638
1786902963.9799197,1063,42.48,3,carrying,carrying,carrying,0,0.0,0.6770715893523332,0.06759227193197193,0.11199599147452906,0.1013304087398089,0.6284526489205554,3.694140783515002,171.5410562561922,0.0,0.3333333333333333,1.0,0.126906505837573,0,0,0.0,0.5703756756652963
1786902964.0164733,1064,42.52,3,carrying,carrying,carrying,0,0.0,0.6665308397545462,0.06586006697179235,0.10025970222151076,0.10329652424100469,0.6108847329242437,3.2978388354057833,170.79859155479386,0.0,0.30303030303030304,1.0,0.12544585105739636,0,0,0.0,0.5746726855359485
1786902964.047523,1065,42.56,3,carrying,carrying,carrying,0,0.0,0.6671507015147252,0.06176942984250622,0.0957921607336846,0.09795117139976234,0.6119178358578754,2.9018580973674974,170.21316234042715,0.0,0.2727272727272727,1.0,0.12381559475599851,0,0,0.0,0.5797099438021096
1786902964.0964694,1066,42.6,3,carrying,carrying,carrying,0,0.0,0.662324692816915,0.05787715262432702,0.09397937321831623,0.09950290490521366,0.6038744880281917,2.4800200417400027,170.69287515659533,0.0,0.24242424242424243,1.0,0.12195707055901739,0,0,0.0,0.5851117697005526
1786902964.1368034,1067,42.64,3,carrying,carrying,carrying,0,0.0,0.6621377655525408,0.05892615072625716,0.09345245606830083,0.0978530929505679,0.6035629425875679,2.0347473138695387,171.44101488509034,0.0,0.21212121212121213,1.0,0.11987479155164224,0,0,0.0,0.5910530209299335
1786902964.1782932,1068,42.68,3,carrying,carrying,carrying,0,0.0,0.6584296124362435,0.05669891644350985,0.08152624454567402,0.09974332181259084,0.5973826873937393,1.7220554391613163,170.45481068338995,0.0,0.18181818181818182,1.0,0.11791206061882403,0,0,0.0,0.5970052300286458
1786902964.2287316,1069,42.72,3,carrying,carrying,carrying,0,0.0,0.6587814393088179,0.05798593593047146,0.07736945942374439,0.09394046731969521,0.5979690655146966,1.439371827912813,169.17028267177216,0.0,0.15151515151515152,1.0,0.11550936963810715,0,0,0.0,0.6027293402544301
1786902964.2592192,1070,42.76,3,carrying,carrying,carrying,0,0.0,0.6610799489639422,0.05575106946551186,0.07769193054949233,0.10744162927821603,0.6017999149399036,1.3527423318109872,166.60096265592878,0.0,0.12121212121212122,1.0,0.11355664592795914,0,0,0.0,0.6079175889812845
1786902964.2901535,1071,42.8,3,walking,carrying,carrying,0,0.0,0.6,0.04973750819009377,0.0646886127831568,0.11591487820163898,0.5872165551576297,1.4704666143414449,164.99053070000315,0.0,0.12121212121212122,1.0,0.11216960393053532,0,0,0.0,0.6123136214093601
1786902964.3721294,1072,42.84,3,standing,carrying,carrying,0,0.0,0.75,0.04772589701916949,0.05752194357239583,0.11542855137609004,0.5690719895422118,1.1818797377177623,164.20603734933567,0.0,0.09090909090909091,0.9696969696969697,0.11079053772800589,0,0,0.030303030303030304,0.6152930546391511
1786902964.4024346,1073,42.88,3,standing,carrying,carrying,0,0.0,0.75,0.03925434270539238,0.05494057255107652,0.1067098055779668,0.5436748628764998,1.093095425963795,164.7142389863487,0.0,0.06060606060606061,0.9393939393939394,0.1090302684170657,0,0,0.06060606060606061,0.6171597149706572
1786902964.444677,1074,42.92,3,standing,carrying,carrying,0,0.0,0.75,0.03922394674568777,0.05004959328882256,0.10142418623848633,0.5188232738699806,1.0886955843048922,165.2676304938338,0.0,0.030303030303030304,0.9090909090909091,0.10664794453875565,0,0,0.09090909090909091,0.6174505946328585
1786902964.5388772,1075,42.96,3,standing,carrying,carrying,0,0.0,0.75,0.04098608851093228,0.045713839935447614,0.09996467706220699,0.48990927708842186,1.2315602256324847,166.16662962640538,0.0,0.030303030303030304,0.8787878787878788,0.1044107044384437,0,0,0.12121212121212122,0.6150569998891197
1786902964.5700333,1076,43.0,3,standing,standing,standing,0,0.0,0.75,0.03445245747658879,0.04060106714660601,0.09048908783888157,0.4609387584608249,1.489810166672239,166.16448152968934,0.0,0.030303030303030304,0.8484848484848485,0.10211807664582409,0,0,0.15151515151515152,0.6110235983572888
1786902964.6019695,1077,43.04,3,standing,standing,standing,0,0.0,0.75,0.03904842178762172,0.05872638825796851,0.09004823287329991,0.45761636121957266,1.639180313564997,164.34288351206607,0.0,0.030303030303030304,0.8181818181818182,0.0995965955607606,0,0,0.18181818181818182,0.6061351217539712
1786902964.677541,1078,43.08,3,walking,standing,standing,0,0.0,0.6,0.03914313162184357,0.06892730108301245,0.09086214436474868,0.44971342928649244,1.84097757139716,164.0715535175161,0.0,0.06060606060606061,0.8181818181818182,0.09762210818112016,0,0,0.18181818181818182,0.6000821505316557
1786902964.7096052,1079,43.12,3,walking,standing,standing,0,0.0,0.6,0.03594584639231378,0.06505996624106244,0.09322826171114,0.416048156212006,1.9796783185005467,164.7498298087177,0.0,0.09090909090909091,0.8181818181818182,0.09541259078289932,0,0,0.18181818181818182,0.5925781590155057
1786902964.7633946,1080,43.16,3,walking,standing,standing,0,0.0,0.6,0.04018073367230793,0.07488443457106377,0.09206087271197708,0.38795413762991954,2.556231740962711,166.60133588282244,0.0,0.12121212121212122,0.8181818181818182,0.09288512604055892,0,0,0.18181818181818182,0.5831961968007795
1786902964.8223538,1081,43.2,3,walking,standing,standing,0,0.0,0.6,0.04467199806947105,0.08774243047948142,0.0983915658318954,0.38373666012829194,3.0340436783543665,168.2192028705091,0.0,0.15151515151515152,0.8181818181818182,0.09149664103401492,0,0,0.18181818181818182,0.572915560233257
1786902964.855301,1082,43.24,3,walking,walking,walking,0,0.0,0.6,0.0557556490335549,0.09245271949156392,0.12420273991087069,0.4134755084632781,3.4612351315866783,169.50254785236672,0.0,0.18181818181818182,0.8181818181818182,0.0911280752580353,0,0,0.18181818181818182,0.564228805711906
1786902964.889317,1083,43.28,3,walking,walking,walking,0,0.0,0.6,0.06103135505968836,0.08778140920964916,0.14114976142645602,0.4322821762668044,3.7646731834426923,169.77258218821996,0.0,0.21212121212121213,0.8181818181818182,0.094022286618844,0,0,0.18181818181818182,0.5565909809543872
1786902964.9390461,1084,43.32,3,walking,walking,walking,0,0.0,0.6,0.06527160754911313,0.09147012399030098,0.136332245463473,0.45910896447428146,4.162077228037777,169.9425532477154,0.0,0.24242424242424243,0.8181818181818182,0.09713057842402559,0,0,0.18181818181818182,0.5509308628989162
1786902964.9783714,1085,43.36,3,walking,walking,walking,0,0.0,0.6,0.07057220545037021,0.09609585990094524,0.13874067686853092,0.4866016651136807,4.327419527307638,170.0148414080079,0.0,0.2727272727272727,0.8181818181818182,0.09997422720092011,0,0,0.18181818181818182,0.5478841728023567
1786902965.0098705,1086,43.4,3,carrying,walking,walking,0,0.0,0.6080187633520933,0.07083462574869989,0.08702227007654802,0.13246837219943752,0.5133646055868221,4.01988074395287,170.02490318894948,0.0,0.2727272727272727,0.8181818181818182,0.10213802350283942,0,0,0.18181818181818182,0.545129712250661
1786902965.0599158,1087,43.44,3,carrying,walking,walking,0,0.0,0.6103556826921326,0.07100053637742756,0.08817040873858399,0.1386642814389515,0.5172594711535544,4.042433813189103,171.24788259548413,0.0,0.2727272727272727,0.8181818181818182,0.10447352082242368,0,0,0.18181818181818182,0.5420562146696699
1786902965.0917244,1088,43.48,3,carrying,walking,walking,0,0.0,0.6173473772639113,0.07603797749131974,0.10285710746633797,0.13739573022961613,0.5289122954398523,3.7464097085609147,172.69453923682042,0.0,0.2727272727272727,0.8181818181818182,0.10671412254432887,0,0,0.18181818181818182,0.5395586251348456
1786902965.123756,1089,43.52,3,carrying,walking,walking,0,0.0,0.6330034060067192,0.0766145949498144,0.10981151743862481,0.13130164584597456,0.5550056766778654,3.400839977680281,173.49645819031946,0.0,0.2727272727272727,0.8181818181818182,0.10821031094435964,0,0,0.18181818181818182,0.5377188180275552
1786902965.1968317,1090,43.56,3,carrying,carrying,carrying,0,0.0,0.6437495132023118,0.08168788507374924,0.11731669241487713,0.1336773080142409,0.5729158553371864,3.0851115872376043,173.80911911834033,0.0,0.2727272727272727,0.8181818181818182,0.10975520809254134,0,0,0.18181818181818182,0.5368800657378148
1786902965.240735,1091,43.6,3,carrying,carrying,carrying,0,0.0,0.6537646308092839,0.07791927042333574,0.12357420930702477,0.11129999875258376,0.5896077180154732,2.9565619567555785,173.5924871133238,0.0,0.2727272727272727,0.8181818181818182,0.11034980900558485,0,0,0.18181818181818182,0.5365371960697841
1786902965.2719624,1092,43.64,3,carrying,carrying,carrying,0,0.0,0.6491729860598481,0.07639739045024728,0.14095186849624564,0.10127321693903651,0.5819549767664135,2.949044820058435,172.31825839196114,0.0,0.2727272727272727,0.8181818181818182,0.1103475226422178,0,0,0.18181818181818182,0.5356842544832084
1786902965.322782,1093,43.68,3,carrying,carrying,carrying,0,0.0,0.6515158045064517,0.07525534656550495,0.1444732939099112,0.10311459275564278,0.5858596741774196,3.064612743611197,171.01125579454438,0.0,0.2727272727272727,0.8181818181818182,0.11004271620602285,0,0,0.18181818181818182,0.5345002570022265
1786902965.4149027,1094,43.72,3,carrying,carrying,carrying,0,0.0,0.6521280185527247,0.07751338680128761,0.1626565943684785,0.10854495384930461,0.5868800309212079,3.168412446047555,170.7815741392619,0.0,0.2727272727272727,0.8181818181818182,0.11011465463922754,0,0,0.18181818181818182,0.5328789622812875
1786902965.445229,1095,43.76,3,carrying,carrying,carrying,0,0.0,0.655222081893718,0.07983245230038459,0.16490272409652149,0.11307375341709663,0.5920368031561968,3.307570625837652,171.26548683363745,0.0,0.2727272727272727,0.8181818181818182,0.11050972913776991,0,0,0.18181818181818182,0.5313882787632929
1786902965.498819,1096,43.8,3,carrying,carrying,carrying,0,0.0,0.6595673644231398,0.08675051362106914,0.1606216787108283,0.11084836562673749,0.599278940705233,3.4286561765084507,172.18380819109265,0.0,0.2727272727272727,0.8181818181818182,0.11079815207373744,0,0,0.18181818181818182,0.5305042269991921
1786902965.53004,1097,43.84,3,carrying,carrying,carrying,0,0.0,0.6626296482099535,0.09185026195174271,0.14471085135072953,0.11726270764116323,0.6043827470165892,3.2306302801429125,173.31491868064316,0.0,0.2727272727272727,0.8181818181818182,0.11122136975253014,0,0,0.18181818181818182,0.5303071971232025
1786902965.5623093,1098,43.88,3,carrying,carrying,carrying,0,0.0,0.6633434137205171,0.09812967636355908,0.13504066945291343,0.12178956282663041,0.6055723562008619,3.2599752574684815,173.63501067186428,0.0,0.2727272727272727,0.8181818181818182,0.111943745250314,0,0,0.18181818181818182,0.5301149098608687
1786902965.6185324,1099,43.92,3,carrying,carrying,carrying,0,0.0,0.6646453419938282,0.09737222333472427,0.12098180954603983,0.11322224567874185,0.6077422366563804,3.3394481771640003,173.13034337877178,0.0,0.2727272727272727,0.8181818181818182,0.1123594828495118,0,0,0.18181818181818182,0.5302321143647533
1786902965.649379,1100,43.96,3,carrying,carrying,carrying,0,0.0,0.6669294340102667,0.09975887004775554,0.11846758624360529,0.11872249356241388,0.6115490566837779,3.204037084248499,172.93058716320348,0.0,0.2727272727272727,0.8181818181818182,0.11299188892865868,0,0,0.18181818181818182,0.5304741178222141
1786902965.6809144,1101,44.0,3,carrying,carrying,carrying,0,0.0,0.6664192985761872,0.10143828959718822,0.11732114919856576,0.11130164779379542,0.6106988309603121,3.328158351815273,172.48862310041304,0.0,0.2727272727272727,0.8181818181818182,0.11334214123111941,0,0,0.18181818181818182,0.5308776373242315
1786902965.7392113,1102,44.04,3,carrying,carrying,carrying,0,0.0,0.6672771735896402,0.10201481533582323,0.12033931901609465,0.11302548741728757,0.6121286226494005,3.5950488784897403,173.07157373947874,0.0,0.2727272727272727,0.8181818181818182,0.1139204751734707,0,0,0.18181818181818182,0.5313067148131619
1786902965.809028,1103,44.08,3,carrying,carrying,carrying,0,0.0,0.66330668743744,0.10171030886615896,0.1202820421473772,0.1260852694496108,0.6055111457290668,3.81930908105858,174.72979156374225,0.0,0.2727272727272727,0.8181818181818182,0.11448543396654327,0,0,0.18181818181818182,0.5314191763522276
1786902965.8457162,1104,44.12,3,carrying,carrying,carrying,0,0.0,0.6590169458155811,0.10060369884598291,0.12235357341576433,0.12517405402648493,0.598361576359302,4.103131617605283,174.80930021513015,0.0,0.24242424242424243,0.8181818181818182,0.11476601505214466,0,0,0.18181818181818182,0.5317569042674298
1786902965.8979185,1105,44.16,3,carrying,carrying,carrying,0,0.0,0.654831609481505,0.095489919975566,0.11462235380458487,0.1202531920462917,0.5913860158025083,4.140046382023584,174.62473917665795,0.0,0.24242424242424243,0.8484848484848485,0.11491221628457501,0,0,0.15151515151515152,0.532433086881378
1786902965.9425988,1106,44.2,3,carrying,carrying,carrying,0,0.0,0.6496303869605864,0.09048418886730879,0.13195235808439423,0.11316981459931948,0.5827173116009773,4.342683664375085,174.2560488693918,0.0,0.24242424242424243,0.8787878787878788,0.11510797413370691,0,0,0.12121212121212122,0.5336161913881804
1786902965.9961128,1107,44.24,3,carrying,carrying,carrying,0,0.0,0.6480176635798639,0.08058229414424602,0.12398682518079639,0.11534856487842994,0.5800294392997731,4.672592844457126,172.734302762282,0.0,0.24242424242424243,0.9090909090909091,0.11552992500158399,0,0,0.09090909090909091,0.5354709236739318
1786902966.0458176,1108,44.28,3,carrying,carrying,carrying,0,0.0,0.6456533678750965,0.07585653188012426,0.12903692625502322,0.11676147328888896,0.5760889464584942,4.627671171525644,171.4817517049225,0.0,0.24242424242424243,0.9393939393939394,0.11603891882663496,0,0,0.06060606060606061,0.5380824288063581
1786902966.0768616,1109,44.32,3,carrying,carrying,carrying,0,0.0,0.6371077159261724,0.074028998490699,0.1387384046599337,0.1170737591004035,0.5618461932102875,4.884893108359434,171.9156661229335,0.0,0.24242424242424243,0.9696969696969697,0.11684451492546896,0,0,0.030303030303030304,0.5411402298593722
1786902966.1061893,1110,44.36,3,carrying,carrying,carrying,0,0.0,0.6330601250304287,0.07362381774318977,0.13288378656688482,0.125915329810625,0.5551002083840479,5.205967141906482,171.8052359072098,0.0,0.24242424242424243,1.0,0.11793139665084244,0,0,0.0,0.5440942858340533
1786902966.1531034,1111,44.4,3,carrying,carrying,carrying,0,0.0,0.6292528559782425,0.07973729604226369,0.12258598503674639,0.12557802241978466,0.5487547599637377,5.241903018594785,172.05287943542245,0.0,0.21212121212121213,1.0,0.1189833929555405,0,0,0.0,0.5470955382788184
1786902966.1921864,1112,44.44,3,carrying,carrying,carrying,0,0.0,0.6230917558165893,0.08318198713216854,0.1025039222938096,0.11075693782587773,0.5384862596943154,5.1554334474236,171.93835598644142,0.0,0.18181818181818182,1.0,0.1195145649590174,0,0,0.0,0.5508057838388882
1786902966.2253997,1113,44.48,3,carrying,carrying,carrying,0,0.0,0.615113020871674,0.08574880656829703,0.0987198734516991,0.1228866799847829,0.5251883681194567,5.109285252599702,169.84079726037322,0.0,0.15151515151515152,1.0,0.12044868033092063,0,0,0.0,0.5549643968840259
1786902966.2914877,1114,44.52,3,carrying,carrying,carrying,0,0.0,0.6025670591726466,0.08368869979303178,0.10245282197682182,0.12880906686858312,0.504278431954411,5.277357368865734,168.55126505495727,0.0,0.12121212121212122,1.0,0.12137042278657781,0,0,0.0,0.5586171778484537
1786902966.3236363,1115,44.56,3,walking,carrying,carrying,0,0.0,0.6,0.0807956712701622,0.08802840096553118,0.12983834530605867,0.47207849936328417,5.8601194722895675,167.0722763819607,0.0,0.12121212121212122,1.0,0.12154119870764411,0,0,0.0,0.5603930260575448
1786902966.3548443,1116,44.6,3,walking,carrying,carrying,0,0.0,0.6,0.08068259057623518,0.09010337319325369,0.12921378819592294,0.45016693449382233,6.614958079387352,165.97226211395576,0.0,0.12121212121212122,1.0,0.12117950254914311,0,0,0.0,0.5609349884280604
1786902966.4164736,1117,44.64,3,walking,carrying,carrying,0,0.0,0.6,0.07392209493679926,0.0796554402210378,0.12339487614238946,0.43443948498933926,7.158851938726704,166.5417121255395,0.0,0.12121212121212122,1.0,0.12078746105456484,0,0,0.0,0.5601874284436682
1786902966.4608884,1118,44.68,3,walking,carrying,carrying,0,0.0,0.6,0.06711446819021012,0.06246601557757129,0.1198889236401584,0.4249486132269384,7.84640940568916,167.33134289184915,0.0,0.12121212121212122,1.0,0.12021619580522022,0,0,0.0,0.5583191541440699
1786902966.5018454,1119,44.72,3,standing,walking,walking,0,0.0,0.75,0.06412134256310527,0.057489512835017034,0.11392664079686231,0.4325758246384207,8.188052017081061,167.006978079549,0.0,0.12121212121212122,0.9696969696969697,0.11965432515665733,0,0,0.030303030303030304,0.5558710092668456
1786902966.5675852,1120,44.76,3,walking,walking,walking,0,0.0,0.6,0.05724476273366133,0.0616843600399961,0.11237658726977588,0.4353708093563668,8.28806307341445,166.49134072146612,0.0,0.15151515151515152,0.9696969696969697,0.118857728363652,0,0,0.030303030303030304,0.5533895346669309
1786902966.6226099,1121,44.8,3,walking,walking,walking,0,0.0,0.6,0.052393044629791496,0.061539504421530146,0.10792958030916376,0.43721314491275765,8.322965838791664,165.51375410629095,0.0,0.18181818181818182,0.9696969696969697,0.1179648147296989,0,0,0.030303030303030304,0.5506107725297462
1786902966.6593938,1122,44.84,3,standing,walking,walking,0,0.0,0.75,0.044599636940853726,0.05488416685390232,0.09475887751579717,0.4487293078239688,8.191194441023724,163.55376579049062,0.0,0.18181818181818182,0.9393939393939394,0.11685745811363292,0,0,0.06060606060606061,0.5473902765038705
1786902966.7195804,1123,44.88,3,standing,walking,walking,0,0.0,0.75,0.04611969289008968,0.05534624206749002,0.0904715053381108,0.4718773601074293,8.202295249064498,163.19569359945157,0.0,0.18181818181818182,0.9090909090909091,0.1155481913658714,0,0,0.09090909090909091,0.5443285039211505
1786902966.748193,1124,44.92,3,walking,walking,walking,0,0.0,0.6,0.04631332163205995,0.06109031465861852,0.07892310327361066,0.5027799258919864,7.916375393188453,162.67055931072395,0.0,0.21212121212121213,0.9090909090909091,0.11456707332105404,0,0,0.09090909090909091,0.5416973587052872
1786902966.7792573,1125,44.96,3,walking,walking,walking,0,0.0,0.6,0.04788247175414024,0.06880026188405924,0.06739802991362154,0.5399692964204483,7.384032316009001,162.67221755795174,0.0,0.24242424242424243,0.9090909090909091,0.11354055250210207,0,0,0.09090909090909091,0.5404250653614702
1786902966.8798597,1126,45.0,3,carrying,walking,walking,0,0.0,0.640794744310889,0.0545200903368152,0.08074743120819468,0.07205403260352244,0.5679912405181484,6.740254290037905,162.67215055248047,0.0,0.24242424242424243,0.9090909090909091,0.11259932340658327,0,0,0.09090909090909091,0.5398835976748256
1786902966.9106808,1127,45.04,3,carrying,walking,walking,0,0.0,0.6529697950262054,0.06042508781261099,0.08628740046709954,0.06736389244948646,0.5882829917103425,6.199685780267897,162.81002347963877,0.0,0.24242424242424243,0.9090909090909091,0.11135141245507363,0,0,0.09090909090909091,0.5399261116381329
1786902966.9512408,1128,45.08,3,carrying,walking,walking,0,0.0,0.6575044203455181,0.07209544081449762,0.08147138070020832,0.06928797992710961,0.5958407005758637,5.7620586055112115,162.72962293087002,0.0,0.24242424242424243,0.9090909090909091,0.11002457083416493,0,0,0.09090909090909091,0.5400413812569106
1786902967.0115173,1129,45.12,3,carrying,walking,walking,0,0.0,0.6601507263982973,0.07838061911051657,0.08352488223508993,0.07013669966409765,0.6002512106638288,5.38626587676203,161.60120441111152,0.0,0.24242424242424243,0.9090909090909091,0.10879088398681219,0,0,0.09090909090909091,0.5400708439829286
1786902967.066353,1130,45.16,3,carrying,carrying,carrying,0,0.0,0.6667497178256138,0.08601471747143899,0.09488186675047577,0.07416864205791623,0.6112495297093563,4.8275880442490005,159.9318608289885,0.0,0.24242424242424243,0.9090909090909091,0.1074850032115623,0,0,0.09090909090909091,0.5402789283069519
1786902967.0977569,1131,45.2,3,carrying,carrying,carrying,0,0.0,0.672788101382301,0.09488756066586164,0.1061201995437826,0.07870524588349988,0.6213135023038352,4.351642323613939,159.0805886460185,0.0,0.24242424242424243,0.9090909090909091,0.10617941784964925,0,0,0.09090909090909091,0.5407559327343148
1786902967.1481552,1132,45.24,3,carrying,carrying,carrying,0,0.0,0.6795184797354804,0.0984812867283703,0.11344947870967476,0.08027509493198055,0.632530799559134,3.970104804132493,160.25431524136883,0.0,0.24242424242424243,0.9090909090909091,0.10518101934217162,0,0,0.09090909090909091,0.5415071013071254
1786902967.1949475,1133,45.28,3,carrying,carrying,carrying,0,0.0,0.6803177934668412,0.1057627881091545,0.110770455572541,0.0837628947979361,0.6338629891114019,3.536092330096392,161.10625715750342,0.0,0.24242424242424243,0.9090909090909091,0.10412163756142988,0,0,0.09090909090909091,0.5421832810776596
1786902967.2259452,1134,45.32,3,carrying,carrying,carrying,0,0.0,0.6826105606037062,0.11014007572119619,0.11007775855615498,0.09642813615507545,0.6376842676728437,3.011307458129757,162.00080970369743,0.0,0.24242424242424243,0.9090909090909091,0.10367092508752929,0,0,0.09090909090909091,0.5430010215840998
1786902967.2939663,1135,45.36,3,carrying,carrying,carrying,0,0.0,0.6869979132074391,0.1132156302795647,0.10255942890815925,0.1003416063301714,0.6449965220123985,2.657834004668095,162.45396434442438,0.0,0.24242424242424243,0.9090909090909091,0.10328656505458636,0,0,0.09090909090909091,0.5439970185344937
1786902967.340141,1136,45.4,3,carrying,carrying,carrying,0,0.0,0.6879535476999034,0.11424883358905502,0.1027273102723712,0.10812810457627713,0.6465892461665057,2.261442353513501,162.03332588789308,0.0,0.24242424242424243,0.9090909090909091,0.10274240854327324,0,0,0.09090909090909091,0.5452418094568404
1786902967.371602,1137,45.44,3,carrying,carrying,carrying,0,0.0,0.6940127458755817,0.10684279374025815,0.10882424542424791,0.10519233615022376,0.6566879097926362,2.0866425040497534,158.6347821934993,0.0,0.24242424242424243,0.9090909090909091,0.1021369019409623,0,0,0.09090909090909091,0.5470092741063353
1786902967.4199011,1138,45.48,3,carrying,carrying,carrying,0,0.0,0.704304785480601,0.10496062803372413,0.1227237175719474,0.10272541117913721,0.6738413091343352,1.9559709645366687,153.8759840432042,0.0,0.24242424242424243,0.9090909090909091,0.10160575706620004,0,0,0.09090909090909091,0.549507919358815
1786902967.4711833,1139,45.52,3,carrying,carrying,carrying,0,0.0,0.7009921624738452,0.09895277380185227,0.12264801413531873,0.08696948658446185,0.6683202707897421,1.8911737758666392,150.93795231601243,0.0,0.24242424242424243,0.9090909090909091,0.10081180773241648,0,0,0.09090909090909091,0.5521019484251412
1786902967.5164356,1140,45.56,3,carrying,carrying,carrying,0,0.0,0.6917472998503744,0.09333587458754077,0.12085196186195939,0.07806677068757858,0.6529121664172908,2.1362812156414503,151.24141616873573,0.0,0.24242424242424243,0.9090909090909091,0.09968205639329976,0,0,0.09090909090909091,0.5543105159135508
1786902967.5693212,1141,45.6,3,carrying,carrying,carrying,0,0.0,0.6945893923984897,0.09192621172683846,0.11508247874704673,0.075340530752036,0.6576489873308162,2.5726200422923786,152.40163234295255,0.0,0.24242424242424243,0.9090909090909091,0.09842687631642541,0,0,0.09090909090909091,0.5567820323036212
1786902967.6004672,1142,45.64,3,carrying,carrying,carrying,0,0.0,0.69444665298321,0.08970849520293801,0.11339868170686294,0.0813759308908952,0.65741108830535,3.426643902748304,152.80422882165755,0.0,0.24242424242424243,0.9090909090909091,0.0973451239464403,0,0,0.09090909090909091,0.5596779382155926
1786902967.630498,1143,45.68,3,carrying,carrying,carrying,0,0.0,0.6922500886945494,0.08771821398184725,0.10954825621674298,0.08148536648721928,0.6537501478242491,4.921332634572851,152.6315202364841,0.0,0.24242424242424243,0.9090909090909091,0.09599876142148864,0,0,0.09090909090909091,0.5626673303198412
1786902967.7040627,1144,45.72,3,carrying,carrying,carrying,0,0.0,0.6962946566402546,0.08550113906982888,0.1049692719032142,0.0884690484400101,0.6604910944004244,7.249391751761715,151.49730767499273,0.0,0.24242424242424243,0.9090909090909091,0.09487424705846516,0,0,0.09090909090909091,0.5660532798482256
1786902967.7418084,1145,45.76,3,carrying,carrying,carrying,0,0.0,0.7069243528631578,0.08219447921266211,0.09877155500438553,0.11001233788201649,0.6782072547719297,9.94552590140812,149.87223124395484,0.0,0.24242424242424243,0.9090909090909091,0.0948516834238027,0,0,0.09090909090909091,0.5702872493960323
1786902967.775014,1146,45.8,3,carrying,carrying,carrying,0,0.0,0.731336225248219,0.07794445008074499,0.09535625500880159,0.12082273414479443,0.7188937087470316,13.954078376806404,148.74293103207714,0.0,0.24242424242424243,0.9090909090909091,0.0947891396104697,0,0,0.09090909090909091,0.5761571082029284
1786902967.8274884,1147,45.84,3,carrying,carrying,carrying,0,0.0,0.7615130543729851,0.07952535642551538,0.07738267980038767,0.1292915693627045,0.7691884239549752,18.011256904149413,149.06261342310827,0.0,0.24242424242424243,0.9090909090909091,0.09480376089817036,0,0,0.09090909090909091,0.5841846837180971
1786902967.8631132,1148,45.88,3,walking,carrying,carrying,0,0.0,0.6,0.08142733366038085,0.06462049575967357,0.14374312747059903,0.8130809116611225,22.933352070888322,150.17467104472559,0.0,0.24242424242424243,0.9090909090909091,0.09522511793345946,0,0,0.09090909090909091,0.5945180901513648
1786902967.910596,1149,45.92,3,walking,carrying,carrying,0,0.0,0.6,0.08694464313287559,0.056087803532994855,0.1509850432211997,0.8770299491670165,28.152112833237624,148.61023604069078,0.0,0.24242424242424243,0.9090909090909091,0.09588485293422544,0,0,0.09090909090909091,0.6074533330202495
1786902967.9600978,1150,45.96,3,walking,carrying,carrying,0,0.0,0.6,0.08776357366928456,0.04843630823480921,0.15481004832948936,0.9300104096823304,33.310364264507925,143.91236096128182,0.0,0.24242424242424243,0.9090909090909091,0.09683682784898602,0,0,0.09090909090909091,0.6224706337685221
1786902968.117834,1151,46.0,3,bending,carrying,carrying,0,0.0,0.6419706208848578,0.08710740820722436,0.04280784510199777,0.16129303965595754,0.9970609462801572,38.51823725309147,137.04719600486425,0.030303030303030304,0.21212121212121213,0.9090909090909091,0.09809149803128298,0,0,0.09090909090909091,0.6398073711337711
1786902968.1483269,1152,46.04,3,bending,walking,walking,0,0.0,0.7261767080771582,0.08247899336314861,0.03857639029235872,0.14969247889665496,1.071672842714816,43.57060248462949,129.90258503670125,0.06060606060606061,0.21212121212121213,0.9393939393939394,0.09917531130703428,0,0,0.06060606060606061,0.6591739474391164
1786902968.2312143,1153,46.08,3,bending,walking,walking,0,0.0,0.7976248577739686,0.0761193735098013,0.0373174455148889,0.12832190294546356,1.1330694000182167,47.85749146643812,123.37670878300915,0.09090909090909091,0.18181818181818182,0.9393939393939394,0.09965850269114601,0,0,0.06060606060606061,0.6803163289743238
1786902968.2640352,1154,46.12,3,bending,walking,material_handling,1,1.0,0.8511272511093125,0.07872269796193662,0.036319510060993036,0.1410137107131696,1.1918619732045899,51.06763506655875,118.89331286477356,0.12121212121212122,0.15151515151515152,0.9393939393939394,0.10066105209732802,1,0,0.06060606060606061,0.7031844752861977
1786902968.3147175,1155,46.16,3,bending,bending,material_handling,1,1.0,0.8908315912209483,0.08249495439909416,0.03323296716374536,0.14592859365292754,1.2256249184781403,53.4498954732569,116.32648740366824,0.15151515151515152,0.15151515151515152,0.9696969696969697,0.10221164955602893,1,0,0.030303030303030304,0.7267267665181423
1786902968.3644524,1156,46.2,3,bending,bending,material_handling,1,1.0,0.9006895386989701,0.07574774572080703,0.03532934771797787,0.16982333008110703,1.2114318206332968,54.041372321938205,114.24696753216219,0.18181818181818182,0.15151515151515152,1.0,0.10461625030581669,1,0,0.0,0.7491375077461989
1786902968.3948157,1157,46.24,3,bending,bending,material_handling,1,1.0,0.8998248450050859,0.06719997812307754,0.04102338108289354,0.1609865426972715,1.2184745910399413,53.989490700305154,113.28285678109057,0.21212121212121213,0.12121212121212122,1.0,0.10710302119744276,1,0,0.0,0.7708252248718944
1786902968.429536,1158,46.28,3,bending,bending,material_handling,1,1.0,0.8737933753615592,0.06063791756591806,0.04353888668053673,0.15952772925624134,1.1951896838931069,52.42760252169355,112.23226071476113,0.24242424242424243,0.09090909090909091,1.0,0.10989483026843126,1,0,0.0,0.7906803881286417
1786902968.4928565,1159,46.32,3,bending,bending,material_handling,1,1.0,0.8322156250707131,0.06622058188049591,0.057842683648892924,0.159213192641199,1.1093957555276457,49.93293750424279,111.97719729279235,0.2727272727272727,0.09090909090909091,1.0,0.11253601693623963,1,0,0.0,0.8070865855531718
1786902968.5379138,1160,46.36,3,bending,bending,material_handling,1,1.0,0.771672779871654,0.07726254391328423,0.06125042466968586,0.1808134301609268,1.0740488773237546,46.300366792299236,110.04695960307649,0.30303030303030304,0.09090909090909091,1.0,0.11597388171537419,1,0,0.0,0.8218067639050934
1786902968.5727053,1161,46.4,3,bending,bending,material_handling,1,1.0,0.7034675853412705,0.08558214660466078,0.06059706003038523,0.20781059699976856,1.0559415983268468,42.20805512047623,106.9780239935171,0.3333333333333333,0.09090909090909091,1.0,0.12017153677818204,1,0,0.0,0.835749215352093
1786902968.5731275,1161,46.4,5,unknown,unknown,unknown,0,0.0,0.3,0.0,0.0,0.0,0.5105497370899639,0.4602711039316513,144.76751674179025,0.0,0.0,0.0,0.0,0,0,0.0,0.0
1786902968.6373105,1162,46.44,3,bending,bending,material_handling,1,1.0,0.6233007860210061,0.09047618755843985,0.06241057269393186,0.28600484286969524,0.9877115325085197,37.398047161260365,105.58357261604642,0.36363636363636365,0.09090909090909091,1.0,0.12671299566320016,1,0,0.0,0.8474904372261746
1786902968.6379569,1162,46.44,5,walking,walking,walking,0,0.0,0.6,0.03847764256180951,0.07342154890507822,0.10153889388450893,0.48882143740293765,0.2979410815779776,127.15793177537083,0.0,0.0,0.0,0.0,0,0,0.0,0.0
1786902968.6713934,1163,46.48,3,walking,bending,material_handling,1,1.0,0.6,0.08923630263915647,0.06012604795355504,0.2831340834277365,0.9078075577300014,32.39774785903346,106.60838651456723,0.36363636363636365,0.12121212121212122,1.0,0.1330452817653159,1,0,0.0,0.8564770441358911
1786902968.7257817,1164,46.52,3,walking,bending,material_handling,1,1.0,0.6,0.08277828043963564,0.06623550982198914,0.2958985599756527,0.846306149609389,27.673682465726728,105.88413465576043,0.36363636363636365,0.15151515151515152,1.0,0.139626897343866,1,0,0.0,0.8632950031451502
1786902968.8089836,1165,46.56,3,walking,bending,material_handling,1,1.0,0.6,0.07645396006535446,0.06296673606753533,0.26529316408827375,0.7894485503203333,23.43782912916875,102.79226830327907,0.36363636363636365,0.18181818181818182,1.0,0.1452335055001173,1,0,0.0,0.8680500865015501
1786902968.842682,1166,46.6,3,walking,bending,material_handling,1,1.0,0.6,0.07675800978080217,0.062127694148731476,0.28470982222576313,0.782465820299564,19.99863281137582,93.02366012586369,0.36363636363636365,0.21212121212121213,1.0,0.15132280633126358,1,0,0.0,0.872553202598161
1786902968.875062,1167,46.64,3,walking,walking,material_handling,1,1.0,0.6,0.07885088639556177,0.062056674632049544,0.3081554811815228,0.7274003076798692,17.4192291608821,86.7568421088943,0.36363636363636365,0.24242424242424243,1.0,0.15773878648358017,1,0,0.0,0.875271870477162
1786902968.9398108,1168,46.68,3,unknown,walking,material_handling,1,1.0,0.3,0.07177690671474517,0.04771693010246422,0.3071251204169289,0.7062206091096367,16.187724840837408,81.28348732897413,0.36363636363636365,0.24242424242424243,0.9696969696969697,0.16400495357711828,1,0,0.0,0.8771271458437448
1786902968.992706,1169,46.72,3,unknown,walking,material_handling,1,1.0,0.3,0.07330015477860317,0.047099888012092056,0.29922067569128263,0.7898189998956974,16.193994505476788,80.59161537400381,0.36363636363636365,0.24242424242424243,0.9393939393939394,0.16979563755030028,1,0,0.0,0.8814674414112962
1786902969.0254545,1170,46.76,3,walking,walking,material_handling,1,1.0,0.6,0.0843179818776334,0.056233842361370995,0.26253259856407163,0.8181441437967452,17.579402872796447,83.83048865436606,0.36363636363636365,0.2727272727272727,0.9393939393939394,0.17456352429011382,1,0,0.0,0.8863600545629358
1786902969.0770426,1171,46.8,3,carrying,walking,material_handling,1,1.0,0.778506764834008,0.09450739786193792,0.05813646118294416,0.16369810125823683,0.7975112747233467,19.589025261009517,89.60519315642875,0.36363636363636365,0.2727272727272727,0.9393939393939394,0.17641118156523805,1,0,0.0,0.8901076292777544
1786902969.1092374,1172,46.84,3,walking,walking,material_handling,1,1.0,0.6,0.10503834834593317,0.05744537784529137,0.16489660152210925,0.8114813814580397,22.179951803000733,94.4023179027005,0.36363636363636365,0.30303030303030304,0.9393939393939394,0.17877260929062133,1,0,0.0,0.8944458447525513
1786902969.1625607,1173,46.88,3,walking,walking,material_handling,1,1.0,0.6,0.11664262207164497,0.04991346850359687,0.20240529190508025,0.8452294271905093,24.806396114306185,97.29057012856542,0.36363636363636365,0.3333333333333333,0.9393939393939394,0.18254044326690927,1,0,0.0,0.9002736405335579
1786902969.2136905,1174,46.92,3,walking,walking,material_handling,1,1.0,0.6,0.12663486754856743,0.04773512408457956,0.2036467594284572,0.8440642928296698,26.97395158860031,101.5106426749417,0.36363636363636365,0.36363636363636365,0.9393939393939394,0.18642851080255837,1,0,0.0,0.9059225891850383
1786902969.2474892,1175,46.96,3,walking,walking,material_handling,1,1.0,0.6,0.13257684023456923,0.04573581343436605,0.18951066152234866,0.8261164382248699,28.183389139082994,107.57213347291895,0.36363636363636365,0.3939393939393939,0.9393939393939394,0.1897053208216933,1,0,0.0,0.9110348725159327
1786902969.3090656,1176,47.0,3,walking,walking,material_handling,1,1.0,0.6,0.1320591228425556,0.044216506108707324,0.1903705675223016,0.8094848312889,28.466965003795888,120.15001470384284,0.36363636363636365,0.42424242424242425,0.9393939393939394,0.193004872368211,1,0,0.0,0.9157541053481949
1786902969.3722858,1177,47.04,3,walking,walking,material_handling,1,1.0,0.6,0.1284342920230675,0.05106587392729814,0.18819282787305805,0.8113155878133432,27.994285382319013,128.60827252691823,0.36363636363636365,0.45454545454545453,0.9393939393939394,0.19602680507830333,1,0,0.0,0.9203245445425259
1786902969.4075177,1178,47.08,3,walking,walking,material_handling,1,1.0,0.6,0.10943227988663434,0.05758254246306011,0.16293726914220527,0.8034617139388522,26.33384483771199,136.56139895012228,0.36363636363636365,0.48484848484848486,0.9393939393939394,0.19763059087406665,1,0,0.0,0.9241201342142508
1786902969.4445245,1179,47.12,3,walking,walking,material_handling,1,1.0,0.6,0.09155404400951297,0.05797140444256494,0.15573746267974095,0.7728326147489291,23.767628194374076,142.29184140728177,0.36363636363636365,0.5151515151515151,0.9393939393939394,0.19868861295088316,1,0,0.0,0.9257546465173386
1786902969.4933875,1180,47.16,3,walking,walking,material_handling,1,1.0,0.6,0.07953514095551778,0.06214850452786843,0.14555622033003776,0.7444034824138116,20.736571652071593,147.70059235464205,0.36363636363636365,0.5454545454545454,0.9393939393939394,0.1991814811620145,1,0,0.0,0.9250035876827579
1786902969.525735,1181,47.2,3,carrying,walking,material_handling,1,1.0,0.726676796183772,0.06442403838914477,0.06357997119313737,0.13556733889397013,0.7111279936396201,17.01177564679822,152.59338406393258,0.36363636363636365,0.5151515151515151,0.9393939393939394,0.19893372999302575,1,0,0.0,0.92191410531847
1786902969.5783548,1182,47.24,3,carrying,walking,material_handling,1,1.0,0.7109718124542195,0.05394828185509368,0.06201874185934158,0.10114650351943445,0.6849530207570326,13.420737122643985,157.45976698278568,0.36363636363636365,0.48484848484848486,0.9393939393939394,0.19742347121418435,1,0,0.0,0.9160935923363492
1786902969.6285484,1183,47.28,3,carrying,walking,material_handling,1,1.0,0.6870247679072737,0.051079931298765265,0.06359591252721838,0.0967108257464819,0.6450412798454562,10.147915365578466,161.84023423374992,0.36363636363636365,0.45454545454545453,0.9393939393939394,0.19566288871166898,1,0,0.0,0.9074581641594742
1786902969.6686733,1184,47.32,3,walking,walking,material_handling,1,1.0,0.6,0.04787281733888867,0.060856597380629,0.09811193125842793,0.6122513051442096,7.48979625501452,165.36716435060362,0.3333333333333333,0.48484848484848486,0.9393939393939394,0.1937483096693196,1,0,0.0,0.8957972659432334
1786902969.698188,1185,47.36,3,standing,carrying,material_handling,1,1.0,0.75,0.044206253528502576,0.05558306632911905,0.09118792540665693,0.5941775824626058,5.726714401221889,167.57121233664336,0.30303030303030304,0.48484848484848486,0.9090909090909091,0.19197544441204695,1,0,0.030303030303030304,0.8813277126022574
1786902969.7499352,1186,47.4,3,standing,carrying,material_handling,1,1.0,0.75,0.04153405492356047,0.051030570545273,0.09539868840713321,0.5862627018264948,4.706297457745466,169.06290054025325,0.2727272727272727,0.48484848484848486,0.8787878787878788,0.19097777124421877,1,0,0.06060606060606061,0.8647578126570536
1786902969.7991254,1187,47.44,3,standing,carrying,material_handling,1,1.0,0.75,0.04077546844981377,0.045177838053265224,0.09088879732783654,0.5789996284734046,3.926621581464596,171.11872179968515,0.24242424242424243,0.48484848484848486,0.8484848484848485,0.18945883447496623,1,0,0.09090909090909091,0.8461862264530784
1786902969.8364658,1188,47.48,3,standing,carrying,material_handling,1,1.0,0.75,0.03725880548540763,0.03849205782498888,0.08808057798499791,0.5558955568526688,3.536001711802286,173.38044855901393,0.21212121212121213,0.48484848484848486,0.8181818181818182,0.18770586430321082,1,0,0.12121212121212122,0.8258913973129125
1786902969.8884237,1189,47.52,3,standing,standing,material_handling,1,1.0,0.75,0.03628474977929224,0.029908384348824407,0.08547006206084642,0.5374259568065579,3.282213356724841,174.16423775893472,0.18181818181818182,0.48484848484848486,0.7878787878787878,0.1851497046662332,1,0,0.15151515151515152,0.8054669771969507
1786902969.9210405,1190,47.56,3,standing,standing,material_handling,1,1.0,0.75,0.03540762000909675,0.030485966518580425,0.07902032998396145,0.5230454430477796,3.0940801369751103,173.90747302899172,0.15151515151515152,0.48484848484848486,0.7575757575757576,0.18266588003855716,1,0,0.18181818181818182,0.7843933666517335
1786902969.9502406,1191,47.6,3,standing,standing,material_handling,1,1.0,0.75,0.03280883366393143,0.03520171223335519,0.07257881477354239,0.5152441752787263,3.0770825712693157,173.87482181564397,0.12121212121212122,0.48484848484848486,0.7272727272727273,0.18003106444817232,1,0,0.21212121212121213,0.7637889572997827
1786902970.0166447,1192,47.64,3,standing,standing,standing,0,0.0,0.75,0.025763347747325617,0.03521287826708622,0.06253408238007359,0.5102520625831596,2.8792613220649232,173.32199460981445,0.09090909090909091,0.48484848484848486,0.696969696969697,0.17710139444025944,0,0,0.24242424242424243,0.7456330878166164
1786902970.074982,1193,47.68,3,standing,standing,standing,0,0.0,0.75,0.02187092059967727,0.0339777814900124,0.050514069486112895,0.5086122096486512,2.6385253610299353,172.7434520701906,0.06060606060606061,0.48484848484848486,0.6666666666666666,0.17315292896526507,0,0,0.2727272727272727,0.7284986433416134
1786902970.1073961,1194,47.72,3,standing,standing,standing,0,0.0,0.75,0.01928316545776194,0.03370234175148175,0.04308921305611055,0.5164042831291817,2.3236130880994113,172.40573218447324,0.030303030303030304,0.48484848484848486,0.6363636363636364,0.1681613718760633,0,0,0.30303030303030304,0.7121490277295628
1786902970.171369,1195,47.76,3,standing,standing,standing,0,0.0,0.75,0.01923312980092638,0.029228481622591673,0.03536697756550849,0.5227093049404508,1.9730398482690652,172.4247949757574,0.0,0.48484848484848486,0.6060606060606061,0.16056628504866371,0,0,0.3333333333333333,0.6980580511365911
1786902970.2269602,1196,47.8,3,standing,standing,standing,0,0.0,0.75,0.020582704036498048,0.02557091890655812,0.03977611299424898,0.5216033161026966,1.6655741913863285,172.91641573401662,0.0,0.45454545454545453,0.5757575757575758,0.15319180109613378,0,0,0.36363636363636365,0.6863548922993999
1786902970.26518,1197,47.84,3,standing,standing,standing,0,0.0,0.75,0.021950503694256596,0.022547578934169376,0.039768031218278904,0.5222380230798842,1.5151368634293738,173.3465153041299,0.0,0.42424242424242425,0.5454545454545454,0.1454302699216679,0,0,0.3939393939393939,0.6765346460409302
1786902970.3174767,1198,47.88,3,standing,standing,standing,0,0.0,0.75,0.021171192751310526,0.022403066076518853,0.04361455058946037,0.527117145375301,1.4536852084642218,173.7912671649346,0.0,0.3939393939393939,0.5151515151515151,0.13871273617927965,0,0,0.42424242424242425,0.6685852095274444
1786902970.3475425,1199,47.92,3,standing,standing,standing,0,0.0,0.75,0.022538108218146294,0.020815309873463507,0.043710142445215754,0.5329169766186491,1.6897659312900308,174.28574141776892,0.0,0.36363636363636365,0.48484848484848486,0.1314097155798691,0,0,0.45454545454545453,0.6610231233552954
1786902970.3771162,1200,47.96,3,standing,standing,standing,0,0.0,0.75,0.023042870972292566,0.015874011121638134,0.04063832176213407,0.5332321323201762,2.0717233427830193,174.88240751701161,0.0,0.3333333333333333,0.45454545454545453,0.12330313499140277,0,0,0.48484848484848486,0.6551392392534866
1786902970.458162,1201,48.0,3,standing,standing,standing,0,0.0,0.75,0.02383689196914777,0.014125727112591187,0.04133165907580558,0.5361598159249769,2.4683946564604486,175.22703328590893,0.0,0.3333333333333333,0.45454545454545453,0.1152487876780354,0,0,0.5151515151515151,0.6499858818842544
1786902970.4889896,1202,48.04,3,standing,standing,standing,0,0.0,0.75,0.023168117217533424,0.014102361539230454,0.04428782087687028,0.5349194236976633,2.856110333658598,175.53089064790566,0.0,0.3333333333333333,0.45454545454545453,0.10752354965335625,0,0,0.5454545454545454,0.6422616523024959
1786902970.5189993,1203,48.08,3,standing,standing,standing,0,0.0,0.75,0.021505298886134356,0.012668420377772297,0.045038087068893354,0.5316786569210865,3.253723394838398,175.89208477689107,0.0,0.30303030303030304,0.42424242424242425,0.1009328068807751,0,0,0.5757575757575758,0.6335808799729304
1786902970.566761,1204,48.12,3,standing,standing,standing,0,0.0,0.75,0.01952410704059249,0.011477889120734573,0.04150337704879191,0.5265529841425219,3.6142877193400027,175.9944431412303,0.0,0.30303030303030304,0.3939393939393939,0.09722993645018585,0,0,0.6060606060606061,0.6253700226826026
1786902970.5957816,1205,48.16,3,standing,standing,standing,0,0.0,0.75,0.016790939689314957,0.010391520287400839,0.03920649704271932,0.5245740826960904,3.9362073943225964,175.9117665101847,0.0,0.2727272727272727,0.36363636363636365,0.09342114540535586,0,0,0.6363636363636364,0.6166758621140586
1786902970.6574428,1206,48.2,3,idle,standing,material_handling,1,1.0,0.85,0.0140853890938704,0.009582126375934167,0.036208304438307276,0.5298357839012764,4.29803436309072,175.95889290457825,0.0,0.24242424242424243,0.3333333333333333,0.08838487305787789,0,1,0.6666666666666666,0.6071184789840818
1786902970.7046006,1207,48.24,3,idle,standing,material_handling,1,1.0,0.85,0.011767396122580119,0.009133943713330723,0.03389026757852119,0.5368974348756504,4.5644880927395155,175.90209830902535,0.0,0.21212121212121213,0.30303030303030304,0.08324073694121314,0,1,0.696969696969697,0.5978103923794145
1786902970.7390883,1208,48.28,3,idle,standing,material_handling,1,1.0,0.85,0.009557031177704348,0.007679313684351154,0.03141450803854374,0.5452358996718455,4.774214290647102,175.66710353443204,0.0,0.18181818181818182,0.2727272727272727,0.07844994441140088,0,1,0.7272727272727273,0.5892988609081106
1786902970.772161,1209,48.32,3,idle,standing,material_handling,1,1.0,0.85,0.008952901748546066,0.008616564428298414,0.03635754477900463,0.5477407943811283,4.845361268638962,175.38346218459327,0.0,0.15151515151515152,0.24242424242424243,0.07378288311614947,0,1,0.7575757575757576,0.581367223426057
1786902970.8384168,1210,48.36,3,idle,idle,material_handling,1,1.0,0.85,0.007990544596729496,0.008790532108151077,0.03615862619772138,0.5497296554965723,4.933003832250551,175.00035780894325,0.0,0.12121212121212122,0.21212121212121213,0.06917578609568473,0,1,0.7878787878787878,0.5734403769922155
1786902970.869048,1211,48.4,3,idle,idle,material_handling,1,1.0,0.85,0.008026021769862352,0.013105320437729015,0.033123414919455745,0.5527443836735667,4.994364379671331,174.76063433508116,0.0,0.09090909090909091,0.18181818181818182,0.06524203293741959,0,1,0.8181818181818182,0.5658428821356917
1786902970.897439,1212,48.44,3,idle,idle,material_handling,1,1.0,0.85,0.00869325376810625,0.013954351165814234,0.033693066210008546,0.5580889935542539,5.031634975367773,174.78078169480568,0.0,0.06060606060606061,0.15151515151515152,0.06154371789288223,0,1,0.8484848484848485,0.559335499675247
1786902970.944818,1213,48.48,3,idle,idle,material_handling,1,1.0,0.85,0.010369024073692543,0.014203280327822936,0.03472029056717375,0.5649825463683052,4.8924868480584225,174.7462540469773,0.0,0.030303030303030304,0.12121212121212122,0.058185053354613624,0,1,0.8787878787878788,0.5538985016132619
1786902970.9770076,1214,48.52,3,idle,idle,material_handling,1,1.0,0.85,0.012116281016530539,0.015070705548300624,0.034818888412032734,0.5741614016256873,4.679369371424817,174.85840338612533,0.0,0.030303030303030304,0.09090909090909091,0.05513207000667613,0,1,0.9090909090909091,0.549747998824961
1786902971.0086255,1215,48.56,3,idle,idle,material_handling,1,1.0,0.85,0.013965190354890907,0.015279107504770073,0.03523798860807544,0.5770174415914495,4.480119984823834,175.14959141788046,0.0,0.030303030303030304,0.06060606060606061,0.05313484228208949,0,1,0.9393939393939394,0.5464772236987313
1786902971.0782974,1216,48.6,3,standing,idle,material_handling,1,1.0,0.75,0.015180444704510378,0.016239264206581575,0.03715980364973835,0.5767978562869139,4.265972440815552,175.45773865975443,0.0,0.030303030303030304,0.030303030303030304,0.05133026585491544,0,1,0.9696969696969697,0.544409241166654
1786902971.1107874,1217,48.64,3,standing,idle,idle,0,0.0,0.75,0.015948928433709958,0.016591730585942793,0.03490802376007285,0.5737664107503129,3.957461226186897,175.71573361819293,0.0,0.0,0.0,0.04941499593072286,0,0,1.0,0.543243032245627
1786902971.143457,1218,48.68,3,standing,idle,idle,0,0.0,0.75,0.0153013267403485,0.015287550498916835,0.033629442225342636,0.5708235453741503,3.631094759455075,176.07317691202817,0.0,0.0,0.0,0.04767079947068304,0,0,1.0,0.5425353341520374
1786902971.1935987,1219,48.72,3,standing,idle,idle,0,0.0,0.75,0.01669377240973588,0.015330677344132971,0.03779537478187672,0.5718840360577492,3.356850746285898,176.52520453156154,0.0,0.0,0.0,0.04592524451234194,0,0,1.0,0.54209961700753
1786902971.2254653,1220,48.76,3,standing,standing,standing,0,0.0,0.75,0.01638321536702191,0.010913619639033907,0.03838334352228675,0.5714349570839384,3.032827857596872,177.06982705166246,0.0,0.0,0.0,0.04433417015459799,0,0,1.0,0.5418703845411824
1786902971.2721717,1221,48.8,3,standing,standing,standing,0,0.0,0.75,0.016782965049149254,0.01103136056714365,0.03683879243673108,0.570923700849821,2.7735006307207035,177.48000239047562,0.0,0.0,0.0,0.042781388774347485,0,0,1.0,0.5423257828441266
1786902971.347788,1222,48.84,3,idle,standing,standing,0,0.0,0.85,0.014809586238257332,0.012010371568811866,0.037312217629701105,0.571186946684606,2.4800030263039017,177.7102790712707,0.0,0.0,0.0,0.04132206015522188,0,0,1.0,0.5433488431434612
1786902971.37995,1223,48.88,3,idle,standing,standing,0,0.0,0.85,0.012934456567128128,0.011169906146296081,0.03555859006815624,0.5676658193924917,2.2721154506207517,177.9392601136405,0.0,0.0,0.0,0.040005037733530806,0,0,1.0,0.5447009757599677
1786902971.4145617,1224,48.92,3,idle,standing,standing,0,0.0,0.85,0.011342776368792697,0.010793271308385304,0.035532843054674766,0.5606662315637767,2.078428283874387,178.09950401484537,0.0,0.0,0.0,0.03888243252992875,0,0,1.0,0.5460774017079995
1786902971.485787,1225,48.96,3,idle,standing,standing,0,0.0,0.85,0.010128991524650015,0.010723329174336242,0.033999501788279915,0.5542899947391311,1.8944288530028206,178.1343316668203,0.0,0.0,0.0,0.038017748269571376,0,0,1.0,0.5474118845006047
1786902971.5176523,1226,49.0,3,idle,idle,idle,0,0.0,0.85,0.009647101335454232,0.011599908826716021,0.03466648139696128,0.5479437298740968,1.7236825122407158,178.01650566820322,0.0,0.0,0.0,0.03753751832747587,0,0,1.0,0.5486037487498605
1786902971.5463343,1227,49.04,3,idle,idle,idle,0,0.0,0.85,0.008512608790228433,0.012104857219361817,0.03126601214360193,0.541706716454971,1.6852512789854952,177.9639336129938,0.0,0.0,0.0,0.03717923951194531,0,0,1.0,0.5493704891536725
1786902971.6218321,1228,49.08,3,idle,idle,idle,0,0.0,0.85,0.00702177396972702,0.01119449592935912,0.02636764584430012,0.5333864808115787,1.6888502961944105,177.8754929579951,0.0,0.0,0.0,0.0369065324900905,0,0,1.0,0.5496940399376461
1786902971.6728346,1229,49.12,3,idle,idle,idle,0,0.0,0.85,0.006748253924191528,0.011890523609018638,0.024900528128690463,0.5255456787505008,1.6936306175819191,177.8213511581257,0.0,0.0,0.0,0.03645575719113419,0,0,1.0,0.5498135054724279
1786902971.7089956,1230,49.16,3,idle,idle,idle,0,0.0,0.85,0.0055554262976350716,0.012254671612700328,0.023463932174412453,0.5196677781932849,1.7452146874904044,177.75689673213802,0.0,0.0,0.0,0.03596169358374429,0,0,1.0,0.5497356192637431
1786902971.759932,1231,49.2,3,idle,idle,idle,0,0.0,0.85,0.005763004607117561,0.011808153256034591,0.026885475363802824,0.5171669954140535,1.7580331954020552,177.71177670247636,0.0,0.0,0.0,0.03545475191023952,0,0,1.0,0.5494340995679478
1786902971.792923,1232,49.24,3,idle,idle,idle,0,0.0,0.85,0.00629355343106258,0.011665784943196911,0.03564907612986511,0.5232001914644241,1.8396630228250892,177.7451623351738,0.0,0.0,0.0,0.03521047717341071,0,0,1.0,0.5491396515329713
1786902971.82424,1233,49.28,3,idle,idle,idle,0,0.0,0.85,0.00605770649411821,0.012599861299553972,0.036533874468683544,0.535066424568486,1.9543545008379097,177.78133726218243,0.0,0.0,0.0,0.0350860999827001,0,0,1.0,0.5491952361465564
1786902971.882056,1234,49.32,3,idle,idle,idle,0,0.0,0.85,0.006409902785536833,0.012491362781109452,0.03608411685680321,0.5492326666789655,2.1079194026845096,177.82520490316796,0.0,0.0,0.0,0.03492708355182123,0,0,1.0,0.5495913831391014
1786902971.9287114,1235,49.36,3,idle,idle,idle,0,0.0,0.85,0.00544992514237976,0.012312379470130294,0.03545325823318179,0.5653482879361044,2.2348818809191293,177.90315657685557,0.0,0.0,0.0,0.034659369532315513,0,0,1.0,0.5505134699342057
1786902971.964173,1236,49.4,3,idle,idle,idle,0,0.0,0.85,0.005987524667532341,0.012510453774253758,0.03801421645416337,0.5788051388575742,2.3024774948098594,177.95649366367826,0.0,0.0,0.0,0.03444652496823279,0,0,1.0,0.5519415451444025
1786902972.0161223,1237,49.44,3,idle,idle,idle,0,0.0,0.85,0.006227678009924792,0.013596962277094712,0.040704520310066605,0.5925241708855089,2.4054034482978275,178.0569342179114,0.0,0.0,0.0,0.03442231718827143,0,0,1.0,0.553940672015402
1786902972.0469298,1238,49.48,3,idle,idle,idle,0,0.0,0.85,0.005774771526646385,0.013271511417424747,0.040515722304965515,0.6058892900877633,2.4959039224033304,178.13848158201043,0.0,0.0,0.0,0.034461990681066756,0,0,1.0,0.5564047692090891
1786902972.0798686,1239,49.52,3,idle,idle,idle,0,0.0,0.85,0.0060285910207686895,0.012521364626655335,0.04258422408470407,0.6200170745692948,2.5638733081123983,178.2466864532955,0.0,0.0,0.0,0.034655200367321205,0,0,1.0,0.5591375355929684
1786902972.158028,1240,49.56,3,idle,idle,idle,0,0.0,0.85,0.006111587187802072,0.012240589202645064,0.03811348105857412,0.635547549644667,2.6067766995775896,178.2715878980158,0.0,0.0,0.0,0.03478317653338342,0,0,1.0,0.5621269330102113
1786902972.239912,1241,49.6,3,idle,idle,idle,0,0.0,0.85,0.005356018214316866,0.01204147478272872,0.02792085560629433,0.6486531992652822,2.6346447581807055,178.29978945410008,0.0,0.0,0.0,0.03467730827786072,0,0,1.0,0.5652607905736489
1786902972.329911,1242,49.64,3,idle,idle,idle,0,0.0,0.85,0.005236312235280801,0.011333623400810261,0.0263909460467611,0.6554268803552042,2.6830960420250713,178.26480517597355,0.0,0.0,0.0,0.03437529013445939,0,0,1.0,0.5685240053001359
1786902972.395199,1243,49.68,3,idle,idle,idle,0,0.0,0.85,0.004933923242732547,0.011215695085492156,0.025634749831893632,0.6579357501733762,2.7414867450947993,178.27094266286696,0.0,0.0,0.0,0.03405638479004037,0,0,1.0,0.5718029778660998
1786902972.4256856,1244,49.72,3,idle,idle,idle,0,0.0,0.85,0.005073122106222235,0.011642629666941816,0.026646117972673106,0.659290553320817,2.822190334392424,178.26542414100373,0.0,0.0,0.0,0.03386010306438029,0,0,1.0,0.5750316496735921
1786902972.4789627,1245,49.76,3,idle,idle,idle,0,0.0,0.85,0.004694293878501043,0.011453576480610114,0.02324741235104746,0.661138903113617,2.909303240541912,178.26575407289275,0.0,0.0,0.0,0.03354356809895723,0,0,1.0,0.578154374205694
1786902972.6025698,1246,49.8,3,idle,idle,idle,0,0.0,0.85,0.00449602890290125,0.01126288517303405,0.022990449687633495,0.6644314082915885,3.0243366739128517,178.23314558026206,0.0,0.0,0.0,0.03318811837533479,0,0,1.0,0.5811679760821572
1786902972.6350212,1247,49.84,3,idle,idle,idle,0,0.0,0.85,0.004418276862112026,0.011344375923865772,0.029211492681370424,0.6672155691020913,3.0090341396512255,178.05990500302346,0.0,0.0,0.0,0.03301819729258745,0,0,1.0,0.583987799339018
1786902972.6718543,1248,49.88,3,idle,idle,idle,0,0.0,0.85,0.004394643074334606,0.01065607161668234,0.029252319321163883,0.6716978107069912,3.0417446674121154,177.88293993651115,0.0,0.0,0.0,0.03283681337480225,0,0,1.0,0.5868569014334283
1786902972.7421095,1249,49.92,3,idle,idle,idle,0,0.0,0.85,0.004355903178012604,0.010110132793609063,0.029922684330430785,0.67509296294152,3.079597116536571,177.67866041518764,0.0,0.0,0.0,0.03261750672876263,0,0,1.0,0.5898355410290224
1786902972.7798731,1250,49.96,3,idle,idle,idle,0,0.0,0.85,0.0049843625383191766,0.010179066347019965,0.03378604413546317,0.680532695719199,3.1488430980870894,177.6578054633547,0.0,0.0,0.0,0.0325835073461987,0,0,1.0,0.5930708829977765
1786902972.82047,1251,50.0,3,idle,idle,idle,0,0.0,0.85,0.005911529458643651,0.009880448839671926,0.039184110646679995,0.6866046476506054,3.2722315589932536,177.62366579487295,0.0,0.0,0.0,0.03275183063169376,0,0,1.0,0.5965794012485781
1786902972.9388006,1252,50.04,3,idle,idle,idle,0,0.0,0.85,0.006058586146836401,0.010237381827640548,0.0402424875884885,0.6896092326542315,3.270301758476363,177.670424809184,0.0,0.0,0.0,0.03282598556522746,0,0,1.0,0.6001468314484716
1786902973.0166698,1253,50.08,3,idle,idle,idle,0,0.0,0.85,0.006362186037192498,0.009246868498241566,0.04963914007798991,0.6900186636085535,3.26518259689871,177.69675790475202,0.0,0.0,0.0,0.03316707030933967,0,0,1.0,0.6037402771007326
1786902973.0464363,1254,50.12,3,idle,idle,idle,0,0.0,0.85,0.0064488580126958375,0.008804823182711438,0.05119463070853028,0.6899147432827276,3.231810290234961,177.7391344534794,0.0,0.0,0.0,0.0336020957115154,0,0,1.0,0.6073460662653662
1786902973.0987358,1255,50.16,3,idle,idle,idle,0,0.0,0.85,0.007217577339361656,0.008267481276744974,0.055078538832627956,0.6897371672470305,3.2476656879223946,177.69152666472388,0.0,0.0,0.0,0.03414046908130107,0,0,1.0,0.6109384971915003
1786902973.1654153,1256,50.2,3,idle,idle,idle,0,0.0,0.85,0.008124693470586954,0.007417578583679212,0.052907859764019266,0.690128061745227,3.2800680308082932,177.91791661075928,0.0,0.0,0.0,0.03466620452663025,0,0,1.0,0.6146494742324923
1786902973.1967804,1257,50.24,3,idle,idle,idle,0,0.0,0.85,0.007601377375040229,0.007864747127032085,0.05607571338421127,0.687301708089779,3.412995878442969,178.11964200879333,0.0,0.0,0.0,0.035288715748737425,0,0,1.0,0.6184869129150984
1786902973.321439,1258,50.28,3,idle,idle,idle,0,0.0,0.85,0.008143698514852561,0.009030270090006804,0.06098499481496438,0.6757409934960746,3.4894230960049897,178.21995584787845,0.0,0.0,0.0,0.036106457961667254,0,0,1.0,0.6221672462107632
1786902973.3535616,1259,50.32,3,idle,idle,idle,0,0.0,0.85,0.0076324317183069906,0.010146150993916254,0.06652807323025428,0.6702319911761669,3.681118092906271,178.4187152794695,0.0,0.0,0.0,0.037071960744494314,0,0,1.0,0.6258729510987048
1786902973.3935814,1260,50.36,3,idle,idle,idle,0,0.0,0.85,0.007650188775216625,0.011840986034869938,0.06892375976385832,0.6528368177756717,3.795448646210634,178.4365786346819,0.0,0.0,0.0,0.03821310461177481,0,0,1.0,0.6292405299266048
1786902973.4590352,1261,50.4,3,idle,idle,idle,0,0.0,0.85,0.007682033407378965,0.011773836244284212,0.0659757670782781,0.6339544075487731,3.7983369486881484,178.41994661587745,0.0,0.0,0.0,0.03941335070977414,0,0,1.0,0.632288042858035
1786902973.490631,1262,50.44,3,idle,idle,idle,0,0.0,0.85,0.007795294485522217,0.012012710810771973,0.06182944780051166,0.6197818690147774,3.780089019486681,178.35876663655293,0.0,0.0,0.0,0.04053240888164752,0,0,1.0,0.6351436849872555
1786902973.5226903,1263,50.48,3,idle,idle,idle,0,0.0,0.85,0.007752877306920954,0.01215123267119458,0.06370847684993211,0.6122790460858751,3.743782634898723,178.27705813421272,0.0,0.0,0.0,0.04175194053848144,0,0,1.0,0.6379500870446067
1786902973.5865743,1264,50.52,3,idle,idle,idle,0,0.0,0.85,0.007428944609109127,0.011679261937463522,0.06455817709534362,0.6106449575655589,3.7226997244229407,178.11515147832603,0.0,0.0,0.0,0.04289353756064935,0,0,1.0,0.6407827525643492
1786902973.6159103,1265,50.56,3,idle,idle,idle,0,0.0,0.85,0.0076292039174449865,0.013430310694396914,0.06887388100587269,0.6152895476163402,3.7074931221275356,177.97006536752704,0.0,0.0,0.0,0.04390034982961927,0,0,1.0,0.6435733391144073
1786902973.6452084,1266,50.6,3,idle,idle,idle,0,0.0,0.85,0.0076482063955676865,0.01360522130586961,0.06811577569115111,0.6220394713082471,3.661350503746391,177.53446279336566,0.0,0.0,0.0,0.044857377139391016,0,0,1.0,0.6462088859853092
1786902973.7436345,1267,50.64,3,idle,idle,idle,0,0.0,0.85,0.007208164239819277,0.012972403719949222,0.06302373379755516,0.6314158758072672,3.5911572245427257,177.29194906366104,0.0,0.0,0.0,0.045673729167898657,0,0,1.0,0.6486992862619244
1786902973.7760525,1268,50.68,3,idle,idle,idle,0,0.0,0.85,0.008036653574611023,0.013307998259753302,0.05689539569077172,0.6452932492279669,3.626240344609164,177.27141704809588,0.0,0.0,0.0,0.046323490909037736,0,0,1.0,0.6511218608465263
1786902973.8256197,1269,50.72,3,idle,idle,idle,0,0.0,0.85,0.008817063401232231,0.012757499530515894,0.054331062348200045,0.6472487255879222,3.5020664430453343,177.04345954648795,0.0,0.0,0.0,0.04681794078461462,0,0,1.0,0.6531959089292642
1786902973.8759925,1270,50.76,3,idle,idle,idle,0,0.0,0.85,0.00947522429162131,0.012746713479273385,0.06710534871297597,0.6558572983708502,3.4576872466123794,176.9603669636292,0.0,0.0,0.0,0.04761796588773308,0,0,1.0,0.6551150946106381
1786902973.9069297,1271,50.8,3,idle,idle,idle,0,0.0,0.85,0.01118914667720297,0.012406867852811532,0.06943531280721728,0.6563917317985914,3.3525366165043673,176.9642080910198,0.0,0.0,0.0,0.04849431711507404,0,0,1.0,0.6566454716321783
1786902973.940133,1272,50.84,3,idle,idle,idle,0,0.0,0.85,0.012380679226603152,0.01260012589593027,0.06760308718916876,0.6538513288654622,3.2078290565140812,176.90860174477808,0.0,0.0,0.0,0.04925246448187601,0,0,1.0,0.6576707520653955
1786902973.9879093,1273,50.88,3,idle,idle,material_handling,1,1.0,0.85,0.01316517847900343,0.013020903575038984,0.06604627912749851,0.6426500654271173,3.2804396862020666,176.77404698349483,0.0,0.0,0.0,0.05009891290820705,0,1,1.0,0.6578859798163789
1786902974.0473983,1274,50.92,3,idle,idle,material_handling,1,1.0,0.85,0.013244899699359748,0.012015930683547614,0.05802292727085126,0.6255651069594192,3.3605717467516443,176.8030998669485,0.0,0.0,0.0,0.0510110968980421,0,1,1.0,0.6571863406555952
1786902974.0766997,1275,50.96,3,idle,idle,material_handling,1,1.0,0.85,0.014194561555534866,0.011129790335599316,0.059015234198729866,0.6067841479874883,3.412805252920876,176.80971049771702,0.0,0.0,0.0,0.051999711690525995,0,1,1.0,0.6557123184626341
1786902974.1281903,1276,51.0,3,idle,idle,material_handling,1,1.0,0.85,0.014499758604926352,0.010699370847486615,0.061508330898348076,0.5888494248003574,3.478067533640445,176.90492319925073,0.0,0.0,0.0,0.05308678990466099,0,1,1.0,0.6536187934513306
1786902974.1591845,1277,51.04,3,standing,idle,material_handling,1,1.0,0.75,0.015459097566613641,0.008838400298284692,0.06315927829982115,0.5762834324943531,3.4552832214681133,177.04565956569735,0.0,0.0,0.0,0.05419324930851395,0,1,1.0,0.6511034261535589
1786902974.1934872,1278,51.08,3,standing,idle,material_handling,1,1.0,0.75,0.015572296912935789,0.008428187227369119,0.059133036645984204,0.567144777403421,3.299581885157194,177.12208004312342,0.0,0.0,0.0,0.05528069246896658,0,1,1.0,0.6482551193138558
1786902974.2602487,1279,51.12,3,standing,idle,material_handling,1,1.0,0.75,0.015697410907612248,0.008040695363765251,0.048308790455165306,0.56338089331491,3.2848502177885472,177.2667398819603,0.0,0.0,0.0,0.056047914916467545,0,1,1.0,0.6451929824963809
1786902974.2916148,1280,51.16,3,idle,idle,material_handling,1,1.0,0.85,0.013632919906209419,0.008179844846727327,0.045247951762467827,0.5651177708806061,3.2199881380699624,177.28942569236582,0.0,0.0,0.0,0.056533868221955344,0,1,1.0,0.6420991098230023
1786902974.3243933,1281,51.2,3,idle,standing,material_handling,1,1.0,0.85,0.013317652744264968,0.012461192668990241,0.05018474208943807,0.578587608442016,3.2872497455798935,177.26087021752693,0.0,0.0,0.0,0.0571681840634182,0,1,1.0,0.6392775885422457
1786902974.3730364,1282,51.24,3,idle,standing,material_handling,1,1.0,0.85,0.013527996553433626,0.012911104251818002,0.04587704581128595,0.5954589501753493,3.5244687132328494,177.24756733579608,0.0,0.0,0.0,0.05765164956283805,0,1,1.0,0.6368644366402404
1786902974.4203696,1283,51.28,3,standing,standing,material_handling,1,1.0,0.75,0.015091330134121526,0.013212559256020688,0.053282993977881124,0.6193539023161471,3.5470207450152516,177.2319990620234,0.0,0.0,0.0,0.058242466224729506,0,1,1.0,0.635010533809845
1786902974.455901,1284,51.32,3,standing,idle,material_handling,1,1.0,0.75,0.017625531272342086,0.01455200039449623,0.05496929681830068,0.6421551846127976,3.5759748395309443,176.97936907224806,0.0,0.0,0.0,0.0587208051996271,0,1,1.0,0.6336635803844568
1786902974.5045393,1285,51.36,3,standing,idle,material_handling,1,1.0,0.75,0.02181109282259282,0.015561791272956895,0.05915253346759935,0.660494352616646,3.710632141269774,176.8059990650244,0.0,0.0,0.0,0.059293836892933494,0,1,1.0,0.6327813112924088
1786902974.5409253,1286,51.4,3,standing,idle,material_handling,1,1.0,0.75,0.02422875429218369,0.0162653870457366,0.06395657834776737,0.6713022574851972,3.8062688274138856,176.64249852598132,0.0,0.0,0.0,0.05972769865868432,0,1,1.0,0.632214147470489
1786902974.5721579,1287,51.44,3,standing,standing,material_handling,1,1.0,0.75,0.02633167675465388,0.016808986615508434,0.06551868484162465,0.6756656713609897,4.044506291637408,176.4859138048727,0.0,0.0,0.0,0.060161760905141734,0,1,1.0,0.6317823574122543
1786902974.6445737,1288,51.48,3,standing,standing,material_handling,1,1.0,0.75,0.028834079535811536,0.017057419763796478,0.0687151922164026,0.6775234528384009,4.349920003998051,176.3765376517115,0.0,0.0,0.0,0.06057499282586218,0,1,1.0,0.6314122448544173
1786902974.6765451,1289,51.52,3,standing,standing,material_handling,1,1.0,0.75,0.028939698772975902,0.017266177900740563,0.07068914560731487,0.6722852411281057,4.56370159868869,176.3620792028368,0.0,0.0,0.0,0.06111381966959841,0,1,1.0,0.6308715533205651
1786902974.7127664,1290,51.56,3,standing,standing,material_handling,1,1.0,0.75,0.02984339411767375,0.015577549917446849,0.07311450463575514,0.6562062461890057,4.836973996085591,176.16379515728687,0.0,0.0,0.0,0.06163014667722095,0,1,1.0,0.6299292665962991
1786902974.760829,1291,51.6,3,standing,standing,material_handling,1,1.0,0.75,0.029068109910179114,0.017542684992964946,0.07897407399498824,0.630350909340574,5.160120532740523,175.65241649001004,0.0,0.0,0.0,0.062175270288736824,0,1,1.0,0.628553809500678
1786902974.7920017,1292,51.64,3,standing,standing,material_handling,1,1.0,0.75,0.026919235575308384,0.018882895162954966,0.07852505726475362,0.6013955791811367,5.3422997176089115,175.07533316701756,0.0,0.0,0.0,0.06253881525947924,0,1,1.0,0.6264678576220408
1786902974.8239346,1293,51.68,3,standing,standing,material_handling,1,1.0,0.75,0.026179563231326402,0.018710074687092584,0.07616646037854757,0.5707814110169022,5.419896402005273,174.65588524811926,0.0,0.0,0.0,0.06275829103568194,0,1,1.0,0.6239813301445023
1786902974.8859112,1294,51.72,3,standing,standing,material_handling,1,1.0,0.75,0.022666109432386675,0.019181472206154272,0.07111461352359709,0.5398443096255616,5.553828352517466,174.5167400116295,0.0,0.0,0.0,0.06291401365523705,0,1,1.0,0.6211295089953139
1786902974.9168024,1295,51.76,3,standing,standing,material_handling,1,1.0,0.75,0.020592493459588752,0.019304484261847023,0.06838681758263061,0.5116258335787915,5.6524487515117645,174.50441221925672,0.0,0.0,0.0,0.06311272183045279,0,1,1.0,0.6178520533760417
1786902974.9461765,1296,51.8,3,standing,standing,material_handling,1,1.0,0.75,0.01810940455732701,0.018192600219888097,0.07072888168741133,0.49620588021253403,5.745977631401846,174.43456898505116,0.0,0.0,0.0,0.06332546137098245,0,1,1.0,0.6143346847132132
1786902975.0031452,1297,51.84,3,standing,standing,material_handling,1,1.0,0.75,0.01683486075374383,0.01923678218896331,0.07150497066241064,0.48598901063913436,5.886495740881565,174.3669282128763,0.0,0.0,0.0,0.06353597026695418,0,1,1.0,0.6105572317760488
1786902975.0838447,1298,51.88,3,standing,standing,material_handling,1,1.0,0.75,0.018427588753978298,0.019890717983996945,0.06811721031759337,0.47897636905483737,5.896796864848709,174.11647180450612,0.0,0.0,0.0,0.06351304085215784,0,1,1.0,0.6064265293953972
1786902975.1736028,1299,51.92,3,standing,standing,material_handling,1,1.0,0.75,0.01782188348914325,0.017696462913194946,0.07079894146329165,0.48837769444107676,5.875879086077076,173.8601630988731,0.0,0.0,0.0,0.06359434890585906,0,1,1.0,0.6023761725206345
1786902975.2243083,1300,51.96,3,standing,standing,material_handling,1,1.0,0.75,0.01960358134206734,0.015879511401210536,0.07264263634705675,0.5096172983099101,5.797851942220709,173.78511814605403,0.0,0.0,0.0,0.06388583080129852,0,1,1.0,0.598685306535866
1786902975.2851286,1301,52.0,3,standing,standing,material_handling,1,1.0,0.75,0.020941844626926394,0.014018912703539273,0.07124623887253936,0.5412720475473354,5.5958065019446535,174.0979216405288,0.0,0.0,0.0,0.06432070483710967,0,1,1.0,0.5955331489091802
1786902975.3158274,1302,52.04,3,standing,standing,material_handling,1,1.0,0.75,0.018783877820964336,0.014422185063272185,0.07243979719340944,0.5779214646606712,5.556549467881044,174.3543913551161,0.0,0.0,0.0,0.06486945437787359,0,1,1.0,0.5934323228204758
1786902975.3649676,1303,52.08,3,standing,standing,material_handling,1,1.0,0.75,0.018155415162715138,0.012998803536097378,0.07138984180606062,0.6155031587070765,5.635462865884209,174.4576289688596,0.0,0.0,0.0,0.06499928750190644,0,1,1.0,0.5922094701033918
1786902975.3945234,1304,52.12,3,standing,standing,material_handling,1,1.0,0.75,0.0173707513602444,0.01309856735262573,0.06511276042311165,0.6531047967083335,5.568587536139608,174.42390734435673,0.0,0.0,0.0,0.06486830106602445,0,1,1.0,0.5921098660097475
1786902975.4264243,1305,52.16,3,standing,standing,material_handling,1,1.0,0.75,0.01676526842037561,0.013394512855136174,0.064359626894081,0.68244447480104,5.3830837064678745,174.11233748610056,0.0,0.0,0.0,0.06477001439041573,0,1,1.0,0.5929763249774923
1786902975.531746,1306,52.2,3,standing,standing,material_handling,1,1.0,0.75,0.015034848131532259,0.01287520857881199,0.0615852182818052,0.701752107723623,5.211454140786988,174.05942776228363,0.0,0.0,0.0,0.06463483072842502,0,1,1.0,0.5947672959561742
1786902975.5615757,1307,52.24,3,idle,standing,material_handling,1,1.0,0.85,0.01393337173035358,0.01251437491402583,0.06302761442625772,0.711409843768679,4.903866793356282,173.89403412317444,0.0,0.0,0.0,0.06478648791495248,0,1,1.0,0.5973686516170609
1786902975.590358,1308,52.28,3,idle,standing,material_handling,1,1.0,0.85,0.013869283132346146,0.01333942598529086,0.0603231866391427,0.7138574873801228,4.7044752902912235,173.79919786112077,0.0,0.0,0.0,0.06482612283738924,0,1,1.0,0.6006132982653224
1786902975.6388326,1309,52.32,3,idle,standing,material_handling,1,1.0,0.85,0.012171018323248791,0.012770196088202982,0.06007907029496205,0.708272978357352,4.453238963486934,173.60523562877617,0.0,0.0,0.0,0.0647828119100139,0,1,1.0,0.6042321938276557
1786902975.6799066,1310,52.36,3,idle,standing,material_handling,1,1.0,0.85,0.010276109956133104,0.012899844738105874,0.05719360339712291,0.6940812075064536,4.271802687182044,173.52511179573236,0.0,0.0,0.0,0.06460203388265941,0,1,1.0,0.6078018233734769
1786902975.7112992,1311,52.4,3,idle,idle,material_handling,1,1.0,0.85,0.011200902596096577,0.01272975681941162,0.05751749214015741,0.6699492126120485,4.140152063007781,173.14214133557167,0.0,0.0,0.0,0.06455307798854346,0,1,1.0,0.6109171092888898
1786902975.7721252,1312,52.44,3,idle,idle,material_handling,1,1.0,0.85,0.010841158701837928,0.014474343379773966,0.05997657803041196,0.6393841545621208,4.009927453035738,172.8222552310433,0.0,0.0,0.0,0.06490664730900546,0,1,1.0,0.6132202384175931
1786902975.8024213,1313,52.48,3,idle,idle,material_handling,1,1.0,0.85,0.011186284990033664,0.014819608049838038,0.06524631242585283,0.6041403359778601,3.840533920928918,172.47906302015517,0.0,0.0,0.0,0.06551265823819895,0,1,1.0,0.6144027403902373
1786902975.8308852,1314,52.52,3,idle,idle,material_handling,1,1.0,0.85,0.01221427791080566,0.015308109160310144,0.06406434279110679,0.5720655555361842,3.838244527401122,172.18201492252155,0.0,0.0,0.0,0.06593325219885558,0,1,1.0,0.6142051024233939
1786902975.9007025,1315,52.56,3,standing,idle,material_handling,1,1.0,0.75,0.015191786574382157,0.015769788242845532,0.06471684376816061,0.5460542449412845,3.804907011676555,172.0287774783553,0.0,0.0,0.0,0.06650415516724571,0,1,1.0,0.6127079901435738
1786902975.9311278,1316,52.6,3,standing,idle,material_handling,1,1.0,0.75,0.018172433512218016,0.015515499967663366,0.06069738174641934,0.5250910936913973,3.8651310476962286,171.87720220271382,0.0,0.0,0.0,0.06672883358447415,0,1,1.0,0.6098515413973692
1786902975.9602146,1317,52.64,3,standing,idle,material_handling,1,1.0,0.75,0.02174040659441491,0.015390671261796739,0.06220548478192876,0.5014187666842791,3.9075873227505737,171.85736166643738,0.0,0.0,0.0,0.06694811200761441,0,1,1.0,0.6055868014601414
1786902976.007727,1318,52.68,3,standing,idle,material_handling,1,1.0,0.75,0.02396476765311704,0.017320554634824136,0.058053209709063386,0.4823508169224341,3.925162391975159,171.78606085592278,0.0,0.0,0.0,0.06691479916644666,0,1,1.0,0.6001885124997107
1786902976.0372033,1319,52.72,3,standing,standing,material_handling,1,1.0,0.75,0.02733667514474324,0.01745403332872096,0.06382273753183249,0.45770034189279496,4.05104036661875,171.5107723146736,0.0,0.0,0.0,0.06691074338414559,0,1,1.0,0.5937157271787289
1786902976.0665736,1320,52.76,3,standing,standing,material_handling,1,1.0,0.75,0.027507451959834065,0.018143281760899303,0.058531279060383884,0.43859346727964327,4.074937129923368,171.18545046863557,0.0,0.0,0.0,0.06669900381501707,0,1,1.0,0.5865317209944455
1786902976.2013617,1321,52.8,3,standing,standing,material_handling,1,1.0,0.75,0.02834786888974876,0.016519045204426194,0.06970554910740702,0.4280120002833606,4.192027802238853,170.99513307514889,0.0,0.0,0.0,0.066729014629896,0,1,1.0,0.5789707678867171
1786902976.2341866,1322,52.84,3,standing,standing,material_handling,1,1.0,0.75,0.029135068335153447,0.01830886050541206,0.07834898384574182,0.4327535491449347,3.971142120102138,170.85729834295256,0.0,0.0,0.0,0.06696113094015137,0,1,1.0,0.571712231766015
1786902976.35862,1323,52.88,3,standing,standing,material_handling,1,1.0,0.75,0.030451954644814865,0.021899003752948714,0.0776081691683928,0.44093772584925645,3.682401071518524,170.6607207330539,0.0,0.0,0.0,0.06709730259265553,0,1,1.0,0.565188943270871
1786902976.4217224,1324,52.92,3,standing,standing,material_handling,1,1.0,0.75,0.028717231058649498,0.02284849723831707,0.08053433776311014,0.4522831095892239,3.3078793796806893,170.45780109130357,0.0,0.0,0.0,0.06714458331290164,0,1,1.0,0.5597929493390119
1786902976.4642482,1325,52.96,3,standing,standing,material_handling,1,1.0,0.75,0.03005251769456853,0.02970613182698107,0.08397691282475579,0.4682352380343787,3.3727213495867665,169.45761577461587,0.0,0.0,0.0,0.06730979105714414,0,1,1.0,0.5557577874860798
1786902976.495288,1326,53.0,3,standing,standing,material_handling,1,1.0,0.75,0.027491358485117478,0.033398617431760216,0.08201666923229549,0.47747224260713284,3.716765129718908,166.89384782979,0.0,0.0,0.0,0.06748707011331834,0,1,1.0,0.5529302369282081
1786902976.5574467,1327,53.04,3,standing,standing,material_handling,1,1.0,0.75,0.03050625865824806,0.03819934629939242,0.08457514159515754,0.48660511242149773,4.463478041058084,164.248909850513,0.0,0.0,0.0,0.0678949649033656,0,1,1.0,0.5513169279220244
1786902976.590703,1328,53.08,3,standing,standing,material_handling,1,1.0,0.75,0.03318835588690731,0.047687617767831175,0.08047290039592095,0.5031854507918403,5.642375426773713,162.78926214731305,0.0,0.0,0.0,0.06826120983710167,0,1,1.0,0.5510611587466622
1786902976.6230347,1329,53.12,3,standing,standing,material_handling,1,1.0,0.75,0.03750466628510419,0.053579645148003834,0.0976284175058657,0.5283277746740734,7.460767533574158,161.70762863443332,0.0,0.0,0.0,0.06907634728614576,0,1,1.0,0.5520345494879211
1786902976.6716318,1330,53.16,3,standing,standing,material_handling,1,1.0,0.75,0.04493425054384069,0.05962467641999038,0.09291598874489598,0.5611275629857281,9.599555934714354,159.52068203164086,0.0,0.0,0.0,0.06972516601591804,0,1,1.0,0.5543114753166056
1786902976.7387955,1331,53.2,3,standing,standing,material_handling,1,1.0,0.75,0.06121254119066081,0.05835776040642224,0.08252469528514561,0.591804855100408,11.470327979250659,156.633236498896,0.0,0.0,0.0,0.07016175646948024,0,1,1.0,0.5577305203482895
1786902976.7909746,1332,53.24,3,standing,standing,material_handling,1,1.0,0.75,0.07274060447845734,0.05724632716763441,0.09092104154537739,0.6079003050489564,13.663764229602146,153.19428641442465,0.0,0.0,0.0,0.07077151707802828,0,1,1.0,0.5613524176394374
1786902976.836716,1333,53.28,3,carrying,standing,material_handling,1,1.0,0.6744965684805612,0.0821403573922833,0.05619883314810319,0.0993239373468715,0.624160947467602,15.979650170302381,149.69763634856923,0.0,0.0,0.030303030303030304,0.07158004135074993,0,1,0.9696969696969697,0.5648234373108827
1786902976.865151,1334,53.32,3,carrying,standing,material_handling,1,1.0,0.6814304095270892,0.09190286191447673,0.051458598959422674,0.10681599075926841,0.6357173492118153,18.202911487020877,145.3907139088325,0.0,0.0,0.06060606060606061,0.07265791262004476,0,1,0.9393939393939394,0.5676854161492003
1786902976.8940768,1335,53.36,3,walking,standing,material_handling,1,1.0,0.6,0.09838706545302656,0.059189343550008836,0.11202710376282218,0.6490286983927307,20.327952884320574,139.92108513962097,0.0,0.030303030303030304,0.09090909090909091,0.07385752797063304,0,1,0.9090909090909091,0.5698401808077473
1786902976.9568338,1336,53.4,3,walking,standing,material_handling,1,1.0,0.6,0.10284455529559006,0.05311977498831128,0.108663757622461,0.6774340617924062,22.354947689802806,133.45167879600015,0.0,0.06060606060606061,0.12121212121212122,0.07498704057113001,0,1,0.8787878787878788,0.5717168748406363
1786902976.9888453,1337,53.44,3,walking,standing,material_handling,1,1.0,0.6,0.10132912922362254,0.04538463844311208,0.10907877769734609,0.734727343272481,24.12112619828678,125.88553948585339,0.0,0.09090909090909091,0.15151515151515152,0.07631934412489469,0,1,0.8484848484848485,0.5741902853425801
1786902977.018511,1338,53.48,3,walking,standing,material_handling,1,1.0,0.6,0.09669359268843344,0.039653510864062935,0.09661715885629,0.7733861352074518,25.655029520163133,117.23448097988918,0.0,0.12121212121212122,0.18181818181818182,0.07729684509344648,0,1,0.8181818181818182,0.5769460932336835
1786902977.068243,1339,53.52,3,walking,walking,material_handling,1,1.0,0.6,0.08829258442944837,0.03412979025216562,0.08967894603357364,0.805276090330078,26.71511628949247,108.48059070438963,0.0,0.15151515151515152,0.21212121212121213,0.0781481701768334,0,1,0.7878787878787878,0.5800831836156972
1786902977.098062,1340,53.56,3,unknown,walking,material_handling,1,1.0,0.3,0.07216394025897233,0.03608916030027954,0.11824527591908923,0.820067677734136,28.29535449232763,101.31029392745121,0.0,0.15151515151515152,0.21212121212121213,0.07982143264631314,0,1,0.7575757575757576,0.5833758452510143
1786902977.1315098,1341,53.6,3,unknown,walking,material_handling,1,1.0,0.3,0.0622836494855291,0.04244285392693245,0.11994786301294996,0.8286534298366061,30.03973433846942,96.33836331835337,0.0,0.15151515151515152,0.21212121212121213,0.08162824102127698,0,1,0.7272727272727273,0.5868545101739379
1786902977.1827269,1342,53.64,3,unknown,walking,material_handling,1,1.0,0.3,0.05691866221015174,0.04391723480305829,0.11444156374826589,0.8408366181079874,31.697119613028853,92.96653151251408,0.0,0.15151515151515152,0.21212121212121213,0.08327558930774075,0,1,0.696969696969697,0.5908715901663815
1786902977.213186,1343,53.68,3,unknown,walking,material_handling,1,1.0,0.3,0.059726728058473726,0.0443452961561904,0.11121725628129117,0.8615309790333863,33.52731422219259,90.83137450327585,0.0,0.15151515151515152,0.21212121212121213,0.08491266969817009,0,1,0.6666666666666666,0.5959458256671976
1786902977.249456,1344,53.72,3,unknown,walking,material_handling,1,1.0,0.3,0.06025090928890924,0.0359301718636332,0.11227887943488035,0.8853003166087234,34.930322281801224,89.89529254798956,0.0,0.15151515151515152,0.21212121212121213,0.08657210567679806,0,1,0.6363636363636364,0.6024716166973998
1786902977.369452,1345,53.76,3,bending,unknown,unknown,0,0.0,0.5944723627942039,0.06929006884011277,0.038817703550485756,0.13909204616341114,0.8993717585527616,35.66834176765224,92.89859025859002,0.030303030303030304,0.15151515151515152,0.24242424242424243,0.08896954410507074,0,0,0.6060606060606061,0.6103500289395404
1786902977.399388,1346,53.8,3,bending,unknown,unknown,0,0.0,0.600128395043773,0.08319005356042723,0.03814553056525044,0.15446458924133732,0.8658948861253184,36.00770370262638,99.0104361085458,0.06060606060606061,0.15151515151515152,0.2727272727272727,0.09167312825099454,0,0,0.5757575757575758,0.618281985004615
1786902977.4274867,1347,53.84,3,bending,unknown,unknown,0,0.0,0.5978091072767077,0.09512140403448169,0.040269812445158135,0.1538017843094662,0.8345338351555757,35.86854643660246,106.96335011963899,0.09090909090909091,0.15151515151515152,0.30303030303030304,0.09439244466064178,0,0,0.5454545454545454,0.6262355692355056
1786902977.5061,1348,53.88,3,walking,unknown,unknown,0,0.0,0.6,0.1026611643453964,0.04916736541948101,0.15682237617216974,0.7810503308111745,34.9083723824775,114.8030223378616,0.09090909090909091,0.18181818181818182,0.3333333333333333,0.09718352140015721,0,0,0.5151515151515151,0.6333566627467144
1786902977.5384207,1349,53.92,3,walking,bending,bending,0,0.0,0.6,0.10551672311785666,0.05974096048836386,0.14396987512093923,0.7408463475350543,33.27752640398828,122.57685225578068,0.09090909090909091,0.21212121212121213,0.36363636363636365,0.09970693029029418,0,0,0.48484848484848486,0.6398947007419766
1786902977.5707085,1350,53.96,3,walking,bending,bending,0,0.0,0.6,0.10326211789762157,0.06341701104915376,0.14099840270446162,0.7173235699921586,30.241070283350222,129.7191828914766,0.09090909090909091,0.24242424242424243,0.3939393939393939,0.10209459446976488,0,0,0.45454545454545453,0.6464372705391852
1786902977.6335433,1351,54.0,3,walking,bending,bending,0,0.0,0.6,0.10033503767161486,0.07863148220049394,0.1280192498091563,0.6986173202244861,26.632239536960157,135.92582992697896,0.09090909090909091,0.2727272727272727,0.42424242424242425,0.10421477750310101,0,0,0.42424242424242425,0.6529908009422777
1786902977.9163547,1352,54.04,3,walking,walking,walking,0,0.0,0.6,0.0892954751397424,0.08332015262437507,0.12353048954097735,0.6894744175206987,22.64766538539557,142.17754873137864,0.09090909090909091,0.30303030303030304,0.45454545454545453,0.10602410332155995,0,0,0.3939393939393939,0.6600142577794869
1786902978.1645384,1353,54.08,3,carrying,walking,walking,0,0.0,0.703860308866971,0.0871886410611321,0.08309307831532829,0.12055524886378936,0.6731005147782851,18.70299951654619,147.54215027327714,0.09090909090909091,0.30303030303030304,0.48484848484848486,0.10790361755802678,0,0,0.36363636363636365,0.6671205319461124
1786902978.2263906,1354,54.12,3,carrying,walking,walking,0,0.0,0.6913362363125767,0.07363564643078034,0.07978372899023063,0.11054414435049052,0.6522270605209611,15.435784117520239,152.61316105369553,0.09090909090909091,0.30303030303030304,0.5151515151515151,0.10914115074721113,0,0,0.3333333333333333,0.6739149277108881
1786902978.2705276,1355,54.16,3,carrying,walking,walking,0,0.0,0.6788018780525413,0.061497606755596,0.07983882120709576,0.10103037277698179,0.6313364634209023,12.798716329590519,155.9977599716309,0.09090909090909091,0.30303030303030304,0.5454545454545454,0.1098284655633093,0,0,0.30303030303030304,0.6799325917798569
1786902978.3218136,1356,54.2,3,carrying,walking,walking,0,0.0,0.671385740395311,0.05030316588426764,0.08056111910308575,0.09118020844890638,0.618976233992185,10.354806912806547,158.46222739065888,0.09090909090909091,0.30303030303030304,0.5757575757575758,0.11023973948090064,0,0,0.2727272727272727,0.6853276980872184
1786902978.5622578,1357,54.24,3,walking,carrying,carrying,0,0.0,0.6,0.045508416444782235,0.07422341006644266,0.08326084179751754,0.6015878211976009,8.35432102231889,159.11227176193415,0.09090909090909091,0.3333333333333333,0.6060606060606061,0.1103223608152766,0,0,0.24242424242424243,0.6898520832874722
1786902978.6118429,1358,54.28,3,walking,carrying,carrying,0,0.0,0.6,0.04462090437665811,0.06957372746868017,0.06873145977455322,0.5952621181565372,7.012653414736104,160.59732623697886,0.09090909090909091,0.36363636363636365,0.6363636363636364,0.1098603773895129,0,0,0.21212121212121213,0.6937013826851134
1786902978.6571136,1359,54.32,3,walking,carrying,carrying,0,0.0,0.6,0.045989662713491926,0.06444553521794424,0.06103122860010105,0.5876250599822211,6.023255956127998,162.49961338866757,0.09090909090909091,0.3939393939393939,0.6666666666666666,0.10922445494611306,0,0,0.18181818181818182,0.697039346847995
1786902978.7107375,1360,54.36,3,standing,carrying,carrying,0,0.0,0.75,0.04583382809322881,0.05340902031348306,0.06986879994945955,0.5751573463978807,5.441371416338177,164.59948342861463,0.09090909090909091,0.3939393939393939,0.6666666666666666,0.10877880822957678,0,0,0.18181818181818182,0.6997227478775822
1786902978.7421465,1361,54.4,3,standing,walking,walking,0,0.0,0.75,0.043425447054681245,0.05224534403081879,0.07725791153510501,0.5698374224445484,5.41702584770369,166.69110253430668,0.09090909090909091,0.3939393939393939,0.6666666666666666,0.10868138432470358,0,0,0.18181818181818182,0.701742504594331
1786902978.8499925,1362,54.44,3,standing,walking,walking,0,0.0,0.75,0.04134939248192003,0.05047381156188322,0.1019901262398975,0.5877297125871126,5.671723886474782,166.89061985797656,0.09090909090909091,0.3939393939393939,0.6666666666666666,0.10881355731664391,0,0,0.18181818181818182,0.7035425633189685
1786902978.8969028,1363,54.48,3,standing,walking,walking,0,0.0,0.75,0.045059404900841746,0.05735834963070915,0.1079726364176857,0.6152044924702044,5.59420913926885,166.04590027720988,0.09090909090909091,0.3939393939393939,0.6666666666666666,0.10926981936733451,0,0,0.18181818181818182,0.7051812581518314
1786902978.9265263,1364,54.52,3,walking,standing,standing,0,0.0,0.6,0.04529990491559244,0.10227606730239991,0.112503831956947,0.6517551052133035,5.3338998793630035,164.28214496029108,0.09090909090909091,0.42424242424242425,0.696969696969697,0.1101782780543588,0,0,0.15151515151515152,0.7069979323976767
1786902978.9551117,1365,54.56,3,carrying,standing,standing,0,0.0,0.714449681266906,0.05313078584976703,0.12114202983399774,0.11565566475446502,0.6907494687781768,5.199681598748789,161.74076366545526,0.09090909090909091,0.42424242424242425,0.7272727272727273,0.11092781209099782,0,0,0.12121212121212122,0.7095085131167439
1786902979.0578477,1366,54.6,3,carrying,standing,standing,0,0.0,0.743542745367442,0.053992100376700755,0.12712284979983732,0.12114814523134552,0.7392379089457368,5.174647759174735,158.99676001688334,0.09090909090909091,0.42424242424242425,0.7272727272727273,0.11158915172386068,0,0,0.12121212121212122,0.7129956937675965
1786902979.091059,1367,54.64,3,carrying,standing,standing,0,0.0,0.7722035333143683,0.052246826964118295,0.1265403546282051,0.12500890798411107,0.7870058888572806,5.036729182473985,158.04260443769857,0.09090909090909091,0.42424242424242425,0.7272727272727273,0.1121404522458256,0,0,0.12121212121212122,0.7175801949689742
1786902979.1285396,1368,54.68,3,carrying,standing,standing,0,0.0,0.8032035868625865,0.05191569498652002,0.13410789808449852,0.1298144112195427,0.8386726447709776,4.836675644351046,156.95257534917815,0.09090909090909091,0.3939393939393939,0.7272727272727273,0.11267946156269591,0,0,0.12121212121212122,0.7233269812228605
1786902979.176418,1369,54.72,3,carrying,carrying,carrying,0,0.0,0.8310484163152132,0.05320441364313748,0.14268498871581495,0.12446971450775468,0.8850806938586888,4.672727432614189,156.0715383683485,0.09090909090909091,0.36363636363636365,0.7272727272727273,0.11315842995315936,0,0,0.12121212121212122,0.7296193034066873
1786902979.2944236,1370,54.76,3,carrying,carrying,carrying,0,0.0,0.8609649079794198,0.05541119065217699,0.1442567545443869,0.11653928831747318,0.9349415132990331,4.772355169563184,155.4341639097835,0.09090909090909091,0.3333333333333333,0.7272727272727273,0.11338450603255715,0,0,0.12121212121212122,0.735686399468098
1786902979.3298388,1371,54.8,3,carrying,carrying,carrying,0,0.0,0.894160211662322,0.05335372657225643,0.1505928855180056,0.09337651682261001,0.9902670194372034,4.710841114748332,153.60599498726177,0.09090909090909091,0.30303030303030304,0.7272727272727273,0.11328630475880927,0,0,0.12121212121212122,0.7422585474750601
1786902979.3890738,1372,54.84,3,walking,carrying,carrying,0,0.0,0.8180205151637642,0.04642544330181427,0.14724369272947754,0.08542925965656903,1.020420824204816,4.748520210131902,152.4508865459233,0.09090909090909091,0.30303030303030304,0.7272727272727273,0.11315752638374853,0,0,0.12121212121212122,0.7487780848652037
1786902979.4372892,1373,54.88,3,walking,carrying,carrying,0,0.0,0.6,0.04405982380506232,0.10792239080050253,0.08381075887695028,1.0519988878991573,4.703501083871964,152.63643700455245,0.09090909090909091,0.3333333333333333,0.7575757575757576,0.11211405617035038,0,0,0.12121212121212122,0.7558063033550528
1786902979.4686556,1374,54.92,3,walking,carrying,carrying,0,0.0,0.6,0.0363353674766778,0.0862843793021287,0.07658843942993204,1.0787423718643283,4.637755560677301,153.88318585645456,0.09090909090909091,0.36363636363636365,0.7878787878787878,0.11080013424359225,0,0,0.12121212121212122,0.7633847561437717
1786902979.5178359,1375,54.96,3,walking,carrying,carrying,0,0.0,0.6,0.03648251806640496,0.08485855642005509,0.06821656259091079,1.1037018069226445,4.1245100562887735,154.99810133106527,0.09090909090909091,0.3939393939393939,0.8181818181818182,0.1093993766327633,0,0,0.12121212121212122,0.7713503679260341
1786902979.5478652,1376,55.0,3,walking,walking,walking,0,0.0,0.6,0.040007406660854304,0.07833079531955182,0.0891178467778278,1.104931800859561,3.857118217716112,156.9835261600078,0.09090909090909091,0.42424242424242425,0.8484848484848485,0.10872969755690078,0,0,0.12121212121212122,0.7787261504056151
1786902979.6571453,1377,55.04,3,walking,walking,walking,0,0.0,0.6,0.04410319848496839,0.06632919332036656,0.11518044131429413,1.1043319085458956,4.169942574160229,158.21796372456075,0.09090909090909091,0.45454545454545453,0.8787878787878788,0.10881762367445877,0,0,0.12121212121212122,0.7853634713734081
1786902979.7064857,1378,55.08,3,standing,walking,walking,0,0.0,0.75,0.04078427899664606,0.057418336224908155,0.14958821797229205,1.0767743850289921,4.755680140054462,159.01997673615483,0.06060606060606061,0.45454545454545453,0.8484848484848485,0.10913568948684912,0,0,0.15151515151515152,0.7907393085393545
1786902979.7425494,1379,55.12,3,standing,walking,walking,0,0.0,0.75,0.0407103246427574,0.05499264657195672,0.1663991245311022,1.0383531581399692,5.326686513627863,159.4885136738495,0.030303030303030304,0.45454545454545453,0.8181818181818182,0.10949734207138745,0,0,0.18181818181818182,0.7959653167822228
1786902979.773989,1380,55.16,3,walking,walking,walking,0,0.0,0.6,0.0460770025715381,0.06043690139535904,0.17949518944525997,0.9931338396992937,6.557932502166698,157.4962334195821,0.0,0.48484848484848486,0.8181818181818182,0.11027593010580544,0,0,0.18181818181818182,0.8007713775259717
1786902979.8234622,1381,55.2,3,walking,walking,walking,0,0.0,0.6,0.05006141940201679,0.10330132142706883,0.18143711585601419,0.944576542634666,8.16418946859088,154.92620964063448,0.0,0.48484848484848486,0.8181818181818182,0.11102183130834618,0,0,0.18181818181818182,0.8057267172781989
1786902979.8764021,1382,55.24,3,walking,walking,walking,0,0.0,0.6019867691230248,0.05229471214384293,0.10835761844214448,0.1858506895952904,0.906667776802815,10.439731326529346,152.98910261220183,0.0,0.48484848484848486,0.8181818181818182,0.11229094689847803,0,0,0.18181818181818182,0.8107516090741915
1786902979.9087663,1383,55.28,3,walking,walking,walking,0,0.0,0.8175637459301534,0.05096091626145847,0.1471614742674276,0.21220671278663525,0.8645695504364914,12.96556041557407,152.5582368705076,0.0,0.48484848484848486,0.8181818181818182,0.11444877447672572,0,0,0.18181818181818182,0.8152136084815956
1786902979.9587286,1384,55.32,3,walking,walking,walking,0,0.0,0.8173807016534558,0.05309470399474484,0.14712852629762205,0.25222856514151615,0.8308337954852298,15.595801556403899,152.8307546451711,0.0,0.48484848484848486,0.8181818181818182,0.11821269312316086,0,0,0.18181818181818182,0.8192201683379818
1786902979.9966555,1385,55.36,3,walking,walking,walking,0,0.0,0.8410283557366816,0.047696108694201385,0.15138510403260266,0.24631126079285126,0.8124010020645727,19.052375554401284,154.3163737950337,0.0,0.48484848484848486,0.8181818181818182,0.12193332255503585,0,0,0.18181818181818182,0.8229452163544628
1786902980.0275536,1386,55.4,3,walking,walking,walking,0,0.0,0.8486519814566541,0.04639080573062177,0.15275735666219775,0.2524875851772206,0.8292906500018418,22.299119058968547,153.06658575278715,0.0,0.5151515151515151,0.8181818181818182,0.12593127214029134,0,0,0.18181818181818182,0.8276782507551766
1786902980.1060903,1387,55.44,3,walking,walking,walking,0,0.0,0.8811798247849224,0.05235386093932516,0.158612368461286,0.2371447350653798,0.8629649932825375,25.89744086181624,153.54353508943473,0.0,0.5454545454545454,0.8181818181818182,0.12976765367710613,0,0,0.18181818181818182,0.8340642487176487
1786902980.147239,1388,55.48,3,walking,walking,walking,0,0.0,0.9230731929614685,0.04909180575447666,0.16615317473306432,0.23813807439731946,0.8953870540696867,28.568469821799,151.64933313199364,0.0,0.5757575757575758,0.8181818181818182,0.1339224325140861,0,0,0.18181818181818182,0.8420657817676119
1786902980.1802464,1389,55.52,3,walking,walking,walking,0,0.0,1.0,0.043891962313033606,0.18025086992424397,0.24347738157618817,0.9138492893059016,31.239149955323615,149.8139186102278,0.0,0.6060606060606061,0.8181818181818182,0.13853749836642795,0,0,0.18181818181818182,0.8510013288983305
1786902980.2347734,1390,55.56,3,walking,walking,walking,0,0.0,0.7461884191300934,0.037575076335820384,0.1343139154434168,0.268375758213267,0.9158576719325883,32.709592751319775,149.5360859477692,0.0,0.6060606060606061,0.8181818181818182,0.14414704128811734,0,0,0.18181818181818182,0.8605246577084817
1786902980.2836978,1391,55.6,3,walking,walking,walking,0,0.0,0.7287393296416865,0.03763565747308563,0.13117307933550357,0.27072217419355904,0.9025506337914138,33.46597592455202,149.85436468206774,0.0,0.6060606060606061,0.8181818181818182,0.15026797202808723,0,0,0.18181818181818182,0.8698364309095385
1786902980.3406472,1392,55.64,3,walking,walking,walking,0,0.0,0.6,0.038602402257014536,0.10153978754475516,0.2693791427418077,0.8776595012046211,32.0424269366948,151.21885163998567,0.0,0.6060606060606061,0.8181818181818182,0.1565815451838965,0,0,0.18181818181818182,0.8786253533708235
1786902980.4032032,1393,55.68,3,walking,walking,walking,0,0.0,0.6,0.04042162041687088,0.10433173044477873,0.24766452244203258,0.8228098859121875,29.85530490802905,151.7649693233085,0.0,0.6363636363636364,0.8484848484848485,0.1619692943503381,0,0,0.15151515151515152,0.8861299757803478
1786902980.4703457,1394,55.72,3,walking,walking,walking,0,0.0,0.6759570024307461,0.05350164202252408,0.12167226043753428,0.2383718482788789,0.7641719707670711,27.456306413999563,151.37724760569654,0.0,0.6666666666666666,0.8787878787878788,0.1668515348577252,0,0,0.12121212121212122,0.8920189014870908
1786902980.5181394,1395,55.76,3,walking,walking,walking,0,0.0,0.67553698190292,0.06221918415961877,0.12159665674252561,0.21752350884171,0.6993360335898732,24.032800369911524,150.67718325630054,0.0,0.696969696969697,0.9090909090909091,0.17035254645171952,0,0,0.09090909090909091,0.8954009112144473
1786902980.5685635,1396,55.8,3,walking,walking,walking,0,0.0,0.6609803774983333,0.06741219669568742,0.11897646794969997,0.20530045404301148,0.6127595374831841,20.56206539317748,152.47022573126432,0.0,0.7272727272727273,0.9393939393939394,0.17330187425854754,0,0,0.06060606060606061,0.8953268216693862
1786902980.5993307,1397,55.84,3,walking,walking,walking,0,0.0,0.6782924171038656,0.07626312286781489,0.12209263507869579,0.18910825169065323,0.5168086106810037,16.115017126225165,152.64686242366184,0.0,0.7272727272727273,0.9393939393939394,0.17562322031108413,0,0,0.06060606060606061,0.8912375339562861
1786902980.6296272,1398,55.88,3,walking,walking,walking,0,0.0,0.6018192372678318,0.08260393764378152,0.10832746270820973,0.16452195978392486,0.4467000173980051,12.560939288623459,155.57217072059527,0.0,0.7575757575757576,0.9393939393939394,0.17710401713015866,0,0,0.06060606060606061,0.8838420960356748
1786902980.6819527,1399,55.92,3,walking,walking,walking,0,0.0,0.6630681900264409,0.0914013489773024,0.11935227420475937,0.13169578665585094,0.40755524622586076,9.201469615808387,157.88948678780883,0.0,0.7878787878787878,0.9393939393939394,0.17742364262787094,0,0,0.06060606060606061,0.8737911062562846
1786902980.7278588,1400,55.96,3,walking,walking,walking,0,0.0,0.6730881695952952,0.09200604899659626,0.12115587052715313,0.1303570933001861,0.3927520482591429,6.354109936047274,160.40629978906108,0.0,0.8181818181818182,0.9393939393939394,0.17758570884957017,0,0,0.06060606060606061,0.8618440201775532
1786902980.7624822,1401,56.0,3,walking,walking,walking,0,0.0,0.6679474477084297,0.09836089226161822,0.12023054058751735,0.1167273884491549,0.38887259169777605,4.142934337027372,163.69196069354552,0.0,0.8484848484848485,0.9393939393939394,0.17718913240198264,0,0,0.06060606060606061,0.8482137155389714
1786902980.8278275,1402,56.04,3,walking,walking,walking,0,0.0,0.6298365591858023,0.09730493937533419,0.11337058065344441,0.1138694982065917,0.4083632407276666,3.7831552606634076,165.84817011399437,0.0,0.8787878787878788,0.9393939393939394,0.17686791372618987,0,0,0.06060606060606061,0.8337677321107586
1786902980.8601665,1403,56.08,3,walking,walking,walking,0,0.0,0.6,0.0952348750769936,0.09354297102363114,0.11114956113158775,0.4280992956695707,3.955335310358567,167.06327569875097,0.0,0.9090909090909091,0.9393939393939394,0.17670458865995087,0,0,0.06060606060606061,0.8184088770310778
1786902980.8920815,1404,56.12,3,walking,walking,walking,0,0.0,0.6,0.09113465688069873,0.09106099996119799,0.09963343825783513,0.43992724252360355,4.200195270906237,168.7249681643171,0.0,0.9393939393939394,0.9393939393939394,0.1768941923398062,0,0,0.06060606060606061,0.8017319140943021
1786902980.970224,1405,56.16,3,walking,walking,walking,0,0.0,0.6,0.09138828256378043,0.0881019871742418,0.10253425665728523,0.4401947132119298,4.816309467377133,170.08444498254985,0.0,0.9393939393939394,0.9393939393939394,0.17741252558225215,0,0,0.06060606060606061,0.7841493046702753
1786902980.9999256,1406,56.2,3,walking,walking,walking,0,0.0,0.6,0.08578636533750324,0.08189010458247105,0.10275843658513659,0.4433558272504096,5.408348381206961,170.52500452359862,0.0,0.9393939393939394,0.9393939393939394,0.1779866976340154,0,0,0.06060606060606061,0.7657055755597072
1786902981.0306747,1407,56.24,3,walking,walking,walking,0,0.0,0.6,0.07806493295073728,0.07656910747011678,0.09880540226190165,0.4450757601315313,6.237339640679965,170.45402256214354,0.0,0.9393939393939394,0.9393939393939394,0.17865993893195384,0,0,0.06060606060606061,0.7465035570223496
1786902981.171241,1408,56.28,3,walking,walking,walking,0,0.0,0.6,0.07140239039777839,0.07033816701989842,0.09722835497204538,0.44337873035209147,6.802427745096023,169.55186610013268,0.0,0.9393939393939394,0.9393939393939394,0.17953908415562456,0,0,0.06060606060606061,0.7264937668232418
1786902981.2020147,1409,56.32,3,walking,walking,walking,0,0.0,0.6,0.06509905241743028,0.06241138134089727,0.08970861415841551,0.4348447626260966,7.294781135678447,169.02580714964125,0.0,0.9393939393939394,0.9393939393939394,0.1795569861974606,0,0,0.06060606060606061,0.7061880989979855
1786902981.2307878,1410,56.36,3,standing,walking,walking,0,0.0,0.75,0.05880326290089555,0.055279807229429205,0.08896495978024768,0.4206593818352536,7.7260789730651895,169.24876748007102,0.0,0.9090909090909091,0.9090909090909091,0.17876257766612588,0,0,0.09090909090909091,0.6854707497037236
1786902981.2889385,1411,56.4,3,standing,walking,walking,0,0.0,0.75,0.05570734631424365,0.054198164983781834,0.0810566982864437,0.40506686971127737,8.116634366875555,169.45989531551353,0.0,0.9090909090909091,0.9090909090909091,0.17668586494837288,0,0,0.09090909090909091,0.6651159765122777
1786902981.3265846,1412,56.44,3,standing,walking,walking,0,0.0,0.75,0.04634430707955948,0.0511193628826643,0.07445299007629251,0.38540660728716924,8.142373136918142,169.11769002310362,0.0,0.9090909090909091,0.9090909090909091,0.17389961844974228,0,0,0.09090909090909091,0.6453297173955261
1786902981.3665912,1413,56.48,3,standing,walking,walking,0,0.0,0.75,0.03621882491196806,0.05171380134246241,0.0661078617269751,0.3657772915626541,8.37263311498504,168.5135219993052,0.0,0.8787878787878788,0.8787878787878788,0.17046363882191545,0,0,0.12121212121212122,0.6263189129065372
1786902981.418491,1414,56.52,3,standing,standing,standing,0,0.0,0.75,0.024606995465552686,0.048436129015403805,0.05261685555513461,0.34685806907793715,8.703485546130182,167.48843117196822,0.0,0.8484848484848485,0.8484848484848485,0.16655999457037365,0,0,0.15151515151515152,0.6082062318896665
1786902981.4504108,1415,56.56,3,standing,standing,standing,0,0.0,0.75,0.018223885145224418,0.03953365499139095,0.04362888980717131,0.33024075482841564,8.975396069836332,166.60485066257928,0.0,0.8181818181818182,0.8181818181818182,0.16225024306164276,0,0,0.18181818181818182,0.5907387463752908
1786902981.4805381,1416,56.6,3,standing,standing,standing,0,0.0,0.75,0.017435935579780605,0.031086783529465947,0.04052229851677384,0.31240426165699964,9.103323202445566,166.28224868325674,0.0,0.7878787878787878,0.7878787878787878,0.15704768505346514,0,0,0.21212121212121213,0.5740064648971244
1786902981.553324,1417,56.64,3,standing,standing,standing,0,0.0,0.75,0.016749064689185047,0.025876436243966766,0.038843808158293726,0.2963563878619716,9.237630699892904,166.36633874265087,0.0,0.7575757575757576,0.7575757575757576,0.1505814802963978,0,0,0.24242424242424243,0.5578101798176317
1786902981.5850286,1418,56.68,3,standing,standing,standing,0,0.0,0.75,0.017698188295767338,0.024931972561014804,0.03387779059439283,0.28573802547868726,9.250229462233438,166.54899108936837,0.0,0.7272727272727273,0.7272727272727273,0.14414410241159603,0,0,0.2727272727272727,0.5418506956786654
1786902981.61726,1419,56.72,3,standing,standing,standing,0,0.0,0.75,0.01706161543503658,0.02467434153864973,0.032348327193814495,0.2799879751005686,9.227464766315105,166.59615752322,0.0,0.696969696969697,0.696969696969697,0.13747321580603827,0,0,0.30303030303030304,0.5252051600755966
1786902981.6786654,1420,56.76,3,standing,standing,standing,0,0.0,0.75,0.013407121311571601,0.023049112714025807,0.030873338044707058,0.27554877295839725,9.174355129202464,166.0073640429005,0.0,0.6666666666666666,0.6666666666666666,0.13122256741147242,0,0,0.3333333333333333,0.5074046685506226
1786902981.7072518,1421,56.8,3,standing,standing,standing,0,0.0,0.75,0.013334413761248502,0.02526627308649258,0.029540645420930038,0.27166648309466607,9.067001718970172,165.84225721504762,0.0,0.6363636363636364,0.6363636363636364,0.12490143320006668,0,0,0.36363636363636365,0.4885040451877432
1786902981.7360125,1422,56.84,3,standing,standing,standing,0,0.0,0.75,0.01603492830080952,0.023543581212113942,0.028773694018137563,0.27038922353090566,9.180101795474068,165.86142358485347,0.0,0.6060606060606061,0.6060606060606061,0.11839526084982273,0,0,0.3939393939393939,0.46900525531577364
1786902981.8026936,1423,56.88,3,standing,standing,standing,0,0.0,0.75,0.0199969818100979,0.022872381515391605,0.02907582723901227,0.26644176635705075,9.248404147732254,166.1180818271827,0.0,0.5757575757575758,0.5757575757575758,0.11114374778999682,0,0,0.42424242424242425,0.4493259854498483
1786902981.832046,1424,56.92,3,standing,standing,standing,0,0.0,0.75,0.024672898126421382,0.02370292868891634,0.03432273989825828,0.26389085882707514,9.36913719622539,166.50864860845178,0.0,0.5454545454545454,0.5454545454545454,0.1039801285689271,0,0,0.45454545454545453,0.4299726589357774
1786902981.8822596,1425,56.96,3,standing,standing,standing,0,0.0,0.75,0.028986886260283656,0.02444736947880878,0.0390895296941429,0.2601906858713732,9.35049284519997,166.79382928121314,0.0,0.5151515151515151,0.5151515151515151,0.0970016554462706,0,0,0.48484848484848486,0.4112614827135578
1786902981.934405,1426,57.0,3,standing,standing,standing,0,0.0,0.75,0.030761500459258646,0.025693415321836305,0.041752244484833875,0.2580563753168229,9.320309352959317,167.07033749655187,0.0,0.48484848484848486,0.48484848484848486,0.0907618894475676,0,0,0.5151515151515151,0.3941477399682437
1786902981.980979,1427,57.04,3,standing,standing,standing,0,0.0,0.75,0.03278757043161854,0.026018616707486102,0.04468102706148827,0.25484432288391334,9.000396865392924,166.98018063959339,0.0,0.45454545454545453,0.45454545454545453,0.0848924706227982,0,0,0.5454545454545454,0.37871356882026924
1786902982.0135105,1428,57.08,3,standing,standing,standing,0,0.0,0.75,0.03358464022246701,0.03047556177299114,0.04390818752493598,0.25035189434428234,8.789836004004112,167.3482476442311,0.0,0.42424242424242425,0.42424242424242425,0.07963140027986565,0,0,0.5757575757575758,0.3651079888431301
1786902982.0668368,1429,57.12,3,standing,standing,standing,0,0.0,0.75,0.035800905739614,0.034217398168778786,0.045016271845741515,0.24927618770946305,8.526584594657217,167.64228123155718,0.0,0.3939393939393939,0.3939393939393939,0.07477430384964534,0,0,0.6060606060606061,0.35409334188029007
1786902982.1009836,1430,57.16,3,standing,standing,standing,0,0.0,0.75,0.03450936063672742,0.033294034611360865,0.04418810493660858,0.24735474984124153,8.41461390478405,168.3741826541073,0.0,0.36363636363636365,0.36363636363636365,0.07038278425103793,0,0,0.6363636363636364,0.34592807336999426
1786902982.1322138,1431,57.2,3,standing,standing,standing,0,0.0,0.75,0.030642670129495526,0.03292136213755611,0.04201647090643379,0.24621734337912118,8.30586956469199,168.8256769114914,0.0,0.3333333333333333,0.3333333333333333,0.06667049670929578,0,0,0.6666666666666666,0.33985284082396744
1786902982.332902,1432,57.24,3,standing,standing,standing,0,0.0,0.75,0.027085652758678955,0.030791445750792987,0.039973831740396114,0.24323605313704788,8.078466170104743,169.30476626978452,0.0,0.30303030303030304,0.30303030303030304,0.06389104353003958,0,0,0.696969696969697,0.3348734713364277
1786902982.3627095,1433,57.28,3,standing,standing,standing,0,0.0,0.75,0.023250895389538135,0.0305123780532978,0.03662494209110084,0.24429540024404495,7.7988793251296045,169.34116473309263,0.0,0.2727272727272727,0.2727272727272727,0.06105067531158244,0,0,0.7272727272727273,0.3303747850329399
1786902982.4102218,1434,57.32,3,standing,standing,standing,0,0.0,0.75,0.01848234007943117,0.029494502303513866,0.030975203305032544,0.2478206278140473,7.384164982524257,169.3431795768411,0.0,0.24242424242424243,0.24242424242424243,0.05845212424660905,0,0,0.7575757575757576,0.3261004830970693
1786902982.4623582,1435,57.36,3,standing,standing,standing,0,0.0,0.75,0.0160750568793826,0.030647151653327154,0.027049354584439612,0.25189966318024787,7.03988199079843,169.2140465017446,0.0,0.21212121212121213,0.21212121212121213,0.05582121080351353,0,0,0.7878787878787878,0.3213591625653293
1786902982.4937317,1436,57.4,3,standing,standing,standing,0,0.0,0.75,0.012347093392096982,0.0324028305665053,0.024965794619175453,0.2548361600187228,6.864307243011787,169.47353055074504,0.0,0.18181818181818182,0.18181818181818182,0.053209581515258605,0,0,0.8181818181818182,0.3161087645153036
1786902982.5248458,1437,57.44,3,standing,standing,standing,0,0.0,0.75,0.012324207997162285,0.02632425362659415,0.023415874447770945,0.2581119595854753,6.831749209184849,170.26006106888028,0.0,0.15151515151515152,0.15151515151515152,0.050899958369499086,0,0,0.8484848484848485,0.31059921048687555
1786902982.612073,1438,57.48,3,standing,standing,standing,0,0.0,0.75,0.010417987292927469,0.02201114262922974,0.02023593792364614,0.2610256208733926,6.857840073282264,170.75793284047396,0.0,0.12121212121212122,0.12121212121212122,0.04840606992302517,0,0,0.8787878787878788,0.30516984405237435
1786902982.6430712,1439,57.52,3,standing,standing,standing,0,0.0,0.75,0.00931670159551038,0.020493610771947095,0.0208577385963233,0.26187805993443963,6.946281348035882,171.37554178441363,0.0,0.09090909090909091,0.09090909090909091,0.04592423059003083,0,0,0.9090909090909091,0.2996705177700722
1786902982.6757262,1440,57.56,3,standing,standing,standing,0,0.0,0.75,0.01088233374888075,0.021317754610411035,0.022855658297479445,0.2617265086845061,6.950284654460061,171.5277210217763,0.0,0.06060606060606061,0.06060606060606061,0.043622723197169554,0,0,0.9393939393939394,0.2941144798474351
1786902982.72513,1441,57.6,3,standing,standing,standing,0,0.0,0.75,0.010690472872027727,0.020733930479972903,0.022023752958135877,0.26088511363166045,7.043443142475509,171.4112842048693,0.0,0.030303030303030304,0.030303030303030304,0.041343795863414724,0,0,0.9696969696969697,0.2885843702498463
1786902982.7571318,1442,57.64,3,idle,standing,standing,0,0.0,0.85,0.00965166676091544,0.01956816890223927,0.02691015565496497,0.2592501903613539,7.137989552249318,171.15105810201572,0.0,0.0,0.0,0.03944081227240106,0,0,1.0,0.28326332260546017
1786902982.7895439,1443,57.68,3,idle,standing,standing,0,0.0,0.85,0.009898084933957989,0.019775098017047438,0.02720284132288549,0.25572658929223846,7.189424052410528,171.08549337270887,0.0,0.0,0.0,0.03756923292520827,0,0,1.0,0.2782653591950658
1786902982.8664904,1444,57.72,3,idle,standing,standing,0,0.0,0.85,0.008588504198450815,0.016930622261615322,0.02660368275446089,0.250251134976744,7.334166934264724,170.87078655720316,0.0,0.0,0.0,0.03591914154545122,0,0,1.0,0.2735739732940193
1786902982.9125519,1445,57.76,3,idle,standing,standing,0,0.0,0.85,0.008595525492986941,0.013550809051772247,0.024725530870421564,0.24613827952939338,7.446024172073256,170.7783171989019,0.0,0.0,0.0,0.034412248842243004,0,0,1.0,0.2693537209377231
1786902982.9519365,1446,57.8,3,idle,idle,idle,0,0.0,0.85,0.006685928936876311,0.012746804388762545,0.025786653070143044,0.24005667526742705,7.428514604217929,170.40163196957644,0.0,0.0,0.0,0.03319039403446021,0,0,1.0,0.2655440052924131
1786902983.026235,1447,57.84,3,idle,idle,idle,0,0.0,0.85,0.008255007110691851,0.01767749562492156,0.029194698472902132,0.2327030863862653,7.305105494301057,169.46045969769563,0.0,0.0,0.0,0.03248063169863499,0,0,1.0,0.26208476339266557
1786902983.0621235,1448,57.88,3,standing,idle,idle,0,0.0,0.75,0.011953187775913818,0.029609740812642043,0.04153512998981996,0.2200342495566817,6.918507512440714,168.01364334968181,0.0,0.0,0.0,0.03241718443144252,0,0,1.0,0.2587451723238251
1786902983.0930803,1449,57.92,3,standing,idle,idle,0,0.0,0.75,0.012810828188192985,0.030106179163441098,0.05327543960743162,0.2157362439930361,6.284269115783869,166.11373690787602,0.0,0.0,0.0,0.03280364325237155,0,0,1.0,0.25581583845522016
1786902983.141571,1450,57.96,3,standing,idle,idle,0,0.0,0.75,0.01745193809762074,0.03551668783903741,0.0616858939124546,0.21513770534703924,5.886095548279635,165.5879688832028,0.0,0.0,0.0,0.03349582766916429,0,0,1.0,0.25335466625779796
1786902983.1724517,1451,58.0,3,standing,idle,idle,0,0.0,0.75,0.024545168390860395,0.0373515907635002,0.06262950090506714,0.21559009565749082,5.29546509247466,164.71560631383744,0.0,0.0,0.0,0.03436709161797261,0,0,1.0,0.25122897141473144
1786902983.2251363,1452,58.04,3,standing,standing,standing,0,0.0,0.75,0.030004260575872164,0.0431103924870071,0.06947622571922643,0.2189385585067535,4.772953603756127,163.2680169716114,0.0,0.0,0.0,0.03549217945207601,0,0,1.0,0.2493789890937067
1786902983.2751293,1453,58.08,3,standing,standing,standing,0,0.0,0.75,0.03834671169415652,0.052010088420771136,0.07863592482359183,0.22177527935378336,4.245209097305435,160.43886058509167,0.0,0.0,0.0,0.03693953056658767,0,0,1.0,0.24774948928750626
1786902983.3082018,1454,58.12,3,walking,standing,standing,0,0.0,0.6,0.05280873014922881,0.07515042111350326,0.09108416903697487,0.22709446247324638,3.8453784075859003,156.8917746160649,0.0,0.030303030303030304,0.030303030303030304,0.03880448582767994,0,0,0.9696969696969697,0.2463988219959481
1786902983.340298,1455,58.16,3,walking,standing,standing,0,0.0,0.6,0.0650792139430362,0.09523340278489775,0.1022119204503031,0.22749032541010197,3.393630601168686,154.90730781218215,0.0,0.06060606060606061,0.06060606060606061,0.041029886628654644,0,0,0.9393939393939394,0.24509885538622678
1786902983.394125,1456,58.2,3,walking,standing,standing,0,0.0,0.6,0.07240154244258687,0.10443883802346839,0.10872738190682335,0.227035572023594,2.838426191123995,153.6900941547869,0.0,0.09090909090909091,0.09090909090909091,0.0434435701034368,0,0,0.9090909090909091,0.2439047282852129
1786902983.4492435,1457,58.24,3,walking,standing,standing,0,0.0,0.6,0.08085804218770358,0.10525486265634598,0.10808332528131209,0.22998170305898374,2.362985022127168,154.08039318359232,0.0,0.12121212121212122,0.12121212121212122,0.04567873935746874,0,0,0.8787878787878788,0.24287717811042225
1786902983.4810987,1458,58.28,3,walking,walking,walking,0,0.0,0.6351607682892136,0.08988154679185878,0.11432893829205845,0.10081010904672313,0.2426650486779816,2.302558139207942,155.27532713145507,0.0,0.15151515151515152,0.15151515151515152,0.04754905994391056,0,0,0.8484848484848485,0.24234609819547098
1786902983.560663,1459,58.32,3,walking,walking,walking,0,0.0,0.6430250885154953,0.09838435240856222,0.11574451593278916,0.09801144579952835,0.2611559566740266,2.378752299048949,156.17690124263063,0.0,0.18181818181818182,0.18181818181818182,0.04925388422617402,0,0,0.8181818181818182,0.24244002490326505
1786902983.6369746,1460,58.36,3,walking,walking,walking,0,0.0,0.7053978797223356,0.10540592051370672,0.1269716183500204,0.10583183849059848,0.2624717435649627,2.493244635310184,154.61791258758748,0.0,0.21212121212121213,0.21212121212121213,0.051106939117965246,0,0,0.7878787878787878,0.24267115886329682
1786902983.6756098,1461,58.4,3,walking,walking,walking,0,0.0,0.7512375303996186,0.11605299982826356,0.13522275547193136,0.10717467474646254,0.25398141064628,2.490452465454771,154.2028025451687,0.0,0.24242424242424243,0.24242424242424243,0.05302410539740545,0,0,0.7575757575757576,0.24278114420578165
1786902983.7249372,1462,58.44,3,walking,walking,walking,0,0.0,0.8208299658784832,0.1126127027815429,0.14774939385812697,0.10470058658214129,0.24770461659779316,2.4773419463864945,155.11526627979907,0.0,0.2727272727272727,0.2727272727272727,0.05483272099547817,0,0,0.7272727272727273,0.24273352083876137
1786902983.7559214,1463,58.48,3,walking,walking,walking,0,0.0,0.727048878671703,0.11262762775460772,0.13086879816090655,0.09767871193732532,0.25823579141526426,2.4752806553287003,158.04374541725028,0.0,0.30303030303030304,0.30303030303030304,0.05645364848034837,0,0,0.696969696969697,0.2430632493713075
1786902983.792203,1464,58.52,3,walking,walking,walking,0,0.0,0.6399284678536524,0.11015560260400993,0.11518712421365744,0.10432470228698847,0.2732660328705732,2.115274710187686,162.10026294274502,0.0,0.3333333333333333,0.3333333333333333,0.05834177670400154,0,0,0.6666666666666666,0.24388290662862422
1786902983.8474414,1465,58.56,3,walking,walking,walking,0,0.0,0.6,0.10438980767504061,0.10214217413139476,0.1252404476995582,0.27674013928697105,1.9953782160199556,164.54961060224488,0.0,0.36363636363636365,0.36363636363636365,0.06092561355124889,0,0,0.6363636363636364,0.24489818196650068
1786902983.8819375,1466,58.6,3,walking,walking,walking,0,0.0,0.6,0.09514261174864529,0.09220988228550357,0.11447337200745532,0.29026686114166533,2.0689811865260372,166.3629549141261,0.0,0.3939393939393939,0.3939393939393939,0.0632846568820475,0,0,0.6060606060606061,0.24629125653915585
1786902983.9376464,1467,58.64,3,walking,walking,walking,0,0.0,0.6,0.0850586078339891,0.08173325448814127,0.10377406154103364,0.30425672696490064,2.198032143582098,166.83619483191234,0.0,0.42424242424242425,0.42424242424242425,0.06549068288919906,0,0,0.5757575757575758,0.248001441361909
1786902984.006383,1468,58.68,3,walking,walking,walking,0,0.0,0.6,0.0754674054538263,0.08023591424345536,0.09691994879798606,0.31566368227339353,2.1029003186432282,167.04006782535888,0.0,0.45454545454545453,0.45454545454545453,0.06760797362294288,0,0,0.5454545454545454,0.24993368436473154
1786902984.072883,1469,58.72,3,walking,walking,walking,0,0.0,0.6,0.06423712277116235,0.0700757869282732,0.08515788828830094,0.321043371541079,2.0314327831524044,168.07389769053617,0.0,0.48484848484848486,0.48484848484848486,0.06943197646140123,0,0,0.5151515151515151,0.25193996350177267
1786902984.102424,1470,58.76,3,standing,walking,walking,0,0.0,0.75,0.04839381942127096,0.056808263354988627,0.07671241247154582,0.3311089835166366,1.6609404399504544,170.62834481101524,0.0,0.48484848484848486,0.48484848484848486,0.0710470230681823,0,0,0.5151515151515151,0.2541519945299897
1786902984.1655176,1471,58.8,3,standing,walking,walking,0,0.0,0.75,0.04505946097027352,0.03623246183654962,0.07075043004385033,0.3465099028706015,1.4947546347463576,172.39640381082924,0.0,0.48484848484848486,0.48484848484848486,0.07257776525364301,0,0,0.5151515151515151,0.25674242731778385
1786902984.195395,1472,58.84,3,standing,walking,walking,0,0.0,0.75,0.030315415653229545,0.02958532602937975,0.06525567646925805,0.3577477188668182,1.2035411855319331,173.52395516014934,0.0,0.48484848484848486,0.48484848484848486,0.07392315731039861,0,0,0.5151515151515151,0.25964756849755294
1786902984.2312179,1473,58.88,3,standing,walking,walking,0,0.0,0.75,0.0211261679751859,0.024859940267513935,0.05287734875598947,0.3631777899837886,0.98777363353335,174.06124646696594,0.0,0.48484848484848486,0.48484848484848486,0.07483290550611105,0,0,0.5151515151515151,0.26272184974904633
1786902984.29768,1474,58.92,3,standing,standing,standing,0,0.0,0.75,0.017486540977169097,0.02362241030120555,0.03226260824418035,0.3630547916668307,1.0261529720079223,174.1539512809406,0.0,0.48484848484848486,0.48484848484848486,0.07514317384811238,0,0,0.5151515151515151,0.26581790059859695
1786902984.3304143,1475,58.96,3,standing,standing,standing,0,0.0,0.75,0.015113209863393663,0.021961304556094793,0.02644448492108928,0.3749622494119552,1.0602746104576615,174.25129518354376,0.0,0.48484848484848486,0.48484848484848486,0.07512906261375252,0,0,0.5151515151515151,0.2693243266304334
1786902984.3612297,1476,59.0,3,standing,standing,standing,0,0.0,0.75,0.015665163849548414,0.0238291594740331,0.02696663835326204,0.3856005890467665,1.1473039409218129,174.65579977305237,0.0,0.48484848484848486,0.48484848484848486,0.07512190494800634,0,0,0.5151515151515151,0.27325990238057063
1786902984.4150577,1477,59.04,3,standing,standing,standing,0,0.0,0.75,0.012660618644161788,0.024448163023635946,0.026089626722745556,0.39833898783262395,1.3389821459014115,174.99352528779656,0.0,0.48484848484848486,0.48484848484848486,0.07510632749249983,0,0,0.5151515151515151,0.2777474130731729
1786902984.4485734,1478,59.08,3,standing,standing,standing,0,0.0,0.75,0.013889263397721214,0.029726255319782038,0.02449682188247646,0.4100181187993807,1.6851056418368011,175.51048542479305,0.0,0.48484848484848486,0.48484848484848486,0.07509939691710756,0,0,0.5151515151515151,0.28271346880862713
1786902984.5390315,1479,59.12,3,standing,standing,standing,0,0.0,0.75,0.015344982511202723,0.032483134702938926,0.02906706865734469,0.42377242561013206,2.1461629659694905,175.81617878695178,0.0,0.48484848484848486,0.48484848484848486,0.07519880345005306,0,0,0.5151515151515151,0.2882806127584061
1786902984.5906186,1480,59.16,3,standing,standing,standing,0,0.0,0.75,0.018556977893040567,0.036718815908991564,0.03300229110409124,0.43839206863626723,2.655931833989467,175.77581405765895,0.0,0.48484848484848486,0.48484848484848486,0.07531418504493757,0,0,0.5151515151515151,0.29451361222052735
1786902984.6221528,1481,59.2,3,standing,standing,standing,0,0.0,0.75,0.026456901869743338,0.03734227509760758,0.0402742045058319,0.4496658167626415,2.9552309911743544,175.85261081461294,0.0,0.48484848484848486,0.48484848484848486,0.07527597518178643,0,0,0.5151515151515151,0.3014721445601019
1786902984.6533885,1482,59.24,3,standing,standing,standing,0,0.0,0.75,0.03430680912200809,0.03780265734152064,0.04677200331507936,0.4631499037568248,3.098236401163523,175.91567123935408,0.0,0.48484848484848486,0.48484848484848486,0.07507890135474544,0,0,0.5151515151515151,0.3089695281893077
1786902984.7519937,1483,59.28,3,standing,standing,standing,0,0.0,0.75,0.047069305677311914,0.03879936088137102,0.057389429838039074,0.48140450556918235,3.16925123446952,175.83508090424306,0.0,0.48484848484848486,0.48484848484848486,0.07494870547370254,0,0,0.5151515151515151,0.31703821910513014
1786902984.784324,1484,59.32,3,standing,standing,standing,0,0.0,0.75,0.05686374151754121,0.040260284935498464,0.07255928552856733,0.49743157890724143,3.300711918725665,175.68381013913216,0.0,0.48484848484848486,0.48484848484848486,0.07524960803805106,0,0,0.5151515151515151,0.32557887011269837
1786902984.8149633,1485,59.36,3,standing,standing,standing,0,0.0,0.75,0.06414998406900928,0.04874551444118135,0.07620902820484929,0.5140666150735369,3.309285430701409,175.62908352606325,0.0,0.48484848484848486,0.48484848484848486,0.07545363235579719,0,0,0.5151515151515151,0.334522144554116
1786902984.8730097,1486,59.4,3,standing,standing,standing,0,0.0,0.75,0.07085027387846282,0.05152013683509327,0.08079378841632744,0.5286114662111269,3.2650552363674143,174.545179360506,0.0,0.48484848484848486,0.48484848484848486,0.07551902216163765,0,0,0.5151515151515151,0.34382021082252034
1786902984.9429245,1487,59.44,3,standing,standing,standing,0,0.0,0.75,0.0756708995797598,0.05835416995493551,0.08755224990159903,0.5371695171790705,3.1769696190389043,174.0654250071571,0.0,0.45454545454545453,0.45454545454545453,0.07541199430905052,0,0,0.5454545454545454,0.3532164246014847
1786902984.974899,1488,59.48,3,carrying,standing,standing,0,0.0,0.6274941981112446,0.08156611149908619,0.06669662384326758,0.08908032035906885,0.545823663518741,2.907758628882077,173.48613722210897,0.0,0.42424242424242425,0.45454545454545453,0.07501406703355856,0,0,0.5454545454545454,0.3628628893926556
1786902985.0386524,1489,59.52,3,carrying,standing,standing,0,0.0,0.6271588859390886,0.08668835318690189,0.08178948185588497,0.09639854503480136,0.5452648098984811,2.54667599215742,172.72881960262708,0.0,0.3939393939393939,0.45454545454545453,0.07464046591622456,0,0,0.5454545454545454,0.3725061996312885
1786902985.0714066,1490,59.56,3,carrying,standing,standing,0,0.0,0.6251265702609412,0.08814057126023882,0.09020356435319946,0.1015092125530421,0.5418776171015688,2.1276373039400425,172.075667748017,0.0,0.36363636363636365,0.45454545454545453,0.07444125037900426,0,0,0.5454545454545454,0.38195759096591236
1786902985.1034622,1491,59.6,3,carrying,standing,standing,0,0.0,0.6220188942449315,0.08991778031395627,0.11083496828340965,0.10886657217927366,0.5366981570748859,1.8226240070316924,171.39274134328573,0.0,0.3333333333333333,0.45454545454545453,0.07468538562544519,0,0,0.5454545454545454,0.39086768515975795
1786902985.1678007,1492,59.64,3,carrying,carrying,carrying,0,0.0,0.6169274085726285,0.08531217779182239,0.11694811533621093,0.10716951143367036,0.5282123476210476,1.7476446901293776,170.67829615093518,0.0,0.30303030303030304,0.45454545454545453,0.07496290276587372,0,0,0.5454545454545454,0.39896030306724345
1786902985.1998944,1493,59.68,3,carrying,carrying,carrying,0,0.0,0.608873868505553,0.08313353830031558,0.12779943639703395,0.09857451457928239,0.5147897808425884,1.772932066531069,169.0729284753421,0.0,0.2727272727272727,0.45454545454545453,0.07474298385947022,0,0,0.5454545454545454,0.4066063041968685
1786902985.2294304,1494,59.72,3,carrying,carrying,carrying,0,0.0,0.6034333437386717,0.08115104511746815,0.13972539656455565,0.09979891954009998,0.505722239564453,1.620449451306289,168.52967541788993,0.0,0.24242424242424243,0.45454545454545453,0.07451947612594408,0,0,0.5454545454545454,0.4142348141640858
1786902985.2827678,1495,59.76,3,walking,carrying,carrying,0,0.0,0.8354964513723672,0.08302893518708455,0.1503893612470261,0.09846640138667694,0.49730724664223763,1.5914049614331416,169.04533955082155,0.0,0.24242424242424243,0.45454545454545453,0.07433056142305121,0,0,0.5454545454545454,0.4217985302260387
1786902985.3524506,1496,59.8,3,walking,carrying,carrying,0,0.0,0.7677281375199754,0.08719864758482786,0.13819106475359555,0.09992680010093986,0.49360368124990905,1.6581918533877176,170.10625115395092,0.0,0.24242424242424243,0.45454545454545453,0.07439868530679711,0,0,0.5454545454545454,0.4289308905240582
1786902985.3834443,1497,59.84,3,walking,carrying,carrying,0,0.0,0.709793265244589,0.08605331569075123,0.12776278774402602,0.10286241358082923,0.4915574400634729,1.8415254876626121,170.67536893672658,0.0,0.24242424242424243,0.45454545454545453,0.07435437352782259,0,0,0.5454545454545454,0.43554578165111574
1786902985.4585705,1498,59.88,3,walking,carrying,carrying,0,0.0,0.6602460836823706,0.08356223285831477,0.11884429506282669,0.09841669286958708,0.4871951982191762,2.269721738187942,171.12238813763548,0.0,0.24242424242424243,0.45454545454545453,0.07354153247236891,0,0,0.5454545454545454,0.4419232076793644
1786902985.490696,1499,59.92,3,walking,walking,walking,0,0.0,0.6519837309220095,0.07709648258539414,0.11735707156596169,0.0884219429481365,0.4856767755718714,2.8500870439827306,171.59046134385164,0.0,0.24242424242424243,0.45454545454545453,0.07275209522814714,0,0,0.5454545454545454,0.44784472023785554
1786902985.5433693,1500,59.96,3,walking,walking,walking,0,0.0,0.6,0.06749967040326474,0.09705541291275177,0.07538884574875453,0.48450939985388547,3.541986253027704,172.23580642268522,0.0,0.24242424242424243,0.45454545454545453,0.07189193717383564,0,0,0.5454545454545454,0.45330692244661264
1786902985.601822,1501,60.0,3,walking,walking,walking,0,0.0,0.6,0.060957768497728194,0.0898675843950761,0.06872280384108598,0.4853401588483258,4.393295850065984,172.80778438199695,0.0,0.24242424242424243,0.45454545454545453,0.07103747823574777,0,0,0.5454545454545454,0.4584486338579742
1786902985.63637,1502,60.04,3,walking,walking,walking,0,0.0,0.6,0.05500314130568407,0.07845545353835143,0.06538274865374635,0.4859522708472778,5.145315078432911,173.40868393928494,0.0,0.24242424242424243,0.45454545454545453,0.0704382315801552,0,0,0.5454545454545454,0.46344587323088937
1786902985.6660185,1503,60.08,3,standing,walking,walking,0,0.0,0.75,0.051078198337106154,0.056853701123061096,0.05992877823164454,0.485979398607414,5.879516275092592,174.61091249363972,0.0,0.24242424242424243,0.45454545454545453,0.0699296366031885,0,0,0.5454545454545454,0.468138916112428
1786902985.717717,1504,60.12,3,standing,walking,walking,0,0.0,0.75,0.04544610064749976,0.046250797463399544,0.0593874643265926,0.4856018553655518,6.832093416503914,175.1192391414596,0.0,0.24242424242424243,0.45454545454545453,0.06958530430872614,0,0,0.5454545454545454,0.4723538237637902
1786902985.7787476,1505,60.16,3,standing,walking,walking,0,0.0,0.75,0.03800122879470122,0.054799045850507384,0.05170825416983922,0.4847752360806578,7.677768379727546,174.86879233356734,0.0,0.24242424242424243,0.45454545454545453,0.0691747763602589,0,0,0.5454545454545454,0.4762031424672399
1786902985.8278131,1506,60.2,3,walking,walking,walking,0,0.0,0.6,0.03847649681056113,0.06361660604233499,0.05648712422408639,0.47294536384117486,8.322302689954379,174.76674928610265,0.0,0.2727272727272727,0.48484848484848486,0.06928416349565579,0,0,0.5151515151515151,0.4795294325841304
1786902985.8765109,1507,60.24,3,standing,standing,standing,0,0.0,0.75,0.04322358005454419,0.059203315096507975,0.06487298116547385,0.46220847856321745,8.732599228140192,174.6923543197231,0.0,0.2727272727272727,0.48484848484848486,0.07027235661448286,0,0,0.5151515151515151,0.48253408976280876
1786902985.90798,1508,60.28,3,standing,standing,standing,0,0.0,0.75,0.05310338676577622,0.05566426450628159,0.0761486109144838,0.45002715704812263,8.838469871853535,174.211364069916,0.0,0.2727272727272727,0.48484848484848486,0.07177854225064632,0,0,0.5151515151515151,0.4848087839336017
1786902985.9403367,1509,60.32,3,standing,standing,standing,0,0.0,0.75,0.06302239332960727,0.05981796146807509,0.08448708797377903,0.44177204020294913,8.858959847426762,173.44127320509625,0.0,0.2727272727272727,0.48484848484848486,0.07352158617854078,0,0,0.5151515151515151,0.4865109491201527
1786902986.005703,1510,60.36,3,walking,standing,standing,0,0.0,0.6,0.07177824533949013,0.06808679306308388,0.08845766457844301,0.44071070877180896,8.567676476385447,172.6838478745119,0.0,0.30303030303030304,0.5151515151515151,0.07541152671962253,0,0,0.48484848484848486,0.4877949406637644
1786902986.0401711,1511,60.4,3,walking,standing,standing,0,0.0,0.6,0.08026579752985025,0.07957386016653462,0.09761359471061251,0.44603117460314445,8.237093453230475,170.4758681990333,0.0,0.3333333333333333,0.5454545454545454,0.07762718650229332,0,0,0.45454545454545453,0.48888624538509057
1786902986.0731034,1512,60.44,3,walking,standing,standing,0,0.0,0.6,0.0884391210977551,0.09832212203899898,0.10529958929288631,0.45311542049465536,7.946879045326099,168.59643447183342,0.0,0.36363636363636365,0.5757575757575758,0.07993726288518853,0,0,0.42424242424242425,0.48977542704825794
1786902986.1256077,1513,60.48,3,walking,standing,standing,0,0.0,0.6102775792262298,0.09429161840864947,0.10984996426072137,0.10876589581382062,0.46291736334713507,7.69849982988841,168.0431301650119,0.0,0.3939393939393939,0.6060606060606061,0.08223312969457425,0,0,0.3939393939393939,0.49051861779707207
1786902986.15844,1514,60.52,3,walking,walking,walking,0,0.0,0.6,0.10060604984222637,0.10646352599098519,0.11480154543663573,0.46770465764292213,7.294303614081895,167.06031209675805,0.0,0.42424242424242425,0.6363636363636364,0.08449153396520467,0,0,0.36363636363636365,0.4910652493388987
1786902986.2171545,1515,60.56,3,walking,walking,walking,0,0.0,0.6145320902678308,0.10362886336261112,0.11061577624820955,0.11381064359036869,0.4639922088690354,6.7306593814350135,165.5587547894735,0.0,0.45454545454545453,0.6666666666666666,0.08652300791294071,0,0,0.3333333333333333,0.49109077373623855
1786902986.2734826,1516,60.6,3,walking,walking,walking,0,0.0,0.6730106766839531,0.10233341617812422,0.12114192180311156,0.1188159491001042,0.45372310274092625,6.134460823054255,164.42836209529298,0.0,0.48484848484848486,0.696969696969697,0.08838441758754877,0,0,0.30303030303030304,0.4902519433475034
1786902986.306716,1517,60.64,3,walking,walking,walking,0,0.0,0.6750751301781134,0.09444586340035953,0.12151352343206041,0.11295860285903836,0.4405830464290685,5.599788308738541,163.15393940803716,0.0,0.5151515151515151,0.7272727272727273,0.08960863932483573,0,0,0.2727272727272727,0.48852926054513457
1786902986.3409052,1518,60.68,3,walking,walking,walking,0,0.0,0.7110701682186948,0.08941784361236116,0.12799263027936505,0.11372187101309748,0.42649190991677993,5.342101515517511,162.78988913663358,0.0,0.5454545454545454,0.7575757575757576,0.09074539213720692,0,0,0.24242424242424243,0.4858754816009904
1786902986.4074092,1519,60.72,3,walking,walking,walking,0,0.0,0.6787598451758634,0.08437621724543493,0.1221767721316554,0.11331630844923796,0.406804103057066,5.042799216934048,163.11242930062855,0.0,0.5757575757575758,0.7878787878787878,0.0917309230472951,0,0,0.21212121212121213,0.48218434938420074
1786902986.4402196,1520,60.76,3,walking,walking,walking,0,0.0,0.6156213033477003,0.07601465718912502,0.11081183460258605,0.10656473541274133,0.3856121926800107,4.932296265208706,163.51910149579294,0.0,0.6060606060606061,0.8181818181818182,0.09230705897187517,0,0,0.18181818181818182,0.47759170318725946
1786902986.470439,1521,60.8,3,walking,walking,walking,0,0.0,0.6,0.06762915458307733,0.09162301972135424,0.09844812815160146,0.3575204757875635,4.671046652391272,165.3211298269258,0.0,0.6363636363636364,0.8181818181818182,0.09259093193528527,0,0,0.18181818181818182,0.4718855459832844
1786902986.5173895,1522,60.84,3,walking,walking,walking,0,0.0,0.6,0.05825591129761095,0.07188722394246043,0.08813094075037708,0.3286818092299065,4.400947968243127,166.64903970315913,0.0,0.6666666666666666,0.8181818181818182,0.0923403984721209,0,0,0.18181818181818182,0.4653224247509033
1786902986.5490124,1523,60.88,3,walking,walking,walking,0,0.0,0.6,0.04773642199024142,0.06514439953380621,0.0804745360197653,0.29876203492370956,3.999151765676975,167.05805600228518,0.0,0.696969696969697,0.8181818181818182,0.09170298403171856,0,0,0.18181818181818182,0.45795528589702883
1786902986.597233,1524,60.92,3,standing,walking,walking,0,0.0,0.75,0.038670833180072334,0.05068733917362586,0.06860603381806535,0.27468958331180404,3.508810651610992,167.77371868657485,0.0,0.696969696969697,0.7878787878787878,0.09048296771774256,0,0,0.21212121212121213,0.4500156321466324
1786902986.650017,1525,60.96,3,standing,walking,walking,0,0.0,0.75,0.029620708002723817,0.035375976844971596,0.04843888066283504,0.25659295290004147,3.1863897255807756,168.29104050414247,0.0,0.696969696969697,0.7575757575757576,0.08870325163377783,0,0,0.24242424242424243,0.441784741397511
1786902986.6808755,1526,61.0,3,standing,walking,walking,0,0.0,0.75,0.02699138868899029,0.03188355185262547,0.042736955415742586,0.25163878016508817,2.869098683677509,168.42983230704257,0.0,0.696969696969697,0.7272727272727273,0.08701120438639785,0,0,0.2727272727272727,0.4338104686497079
1786902986.7115395,1527,61.04,3,standing,walking,walking,0,0.0,0.75,0.02347119634800029,0.020567896664855187,0.03595635349103968,0.250669836076847,2.527963750831499,168.86849255114186,0.0,0.696969696969697,0.696969696969697,0.08507658117278996,0,0,0.30303030303030304,0.4260816079379623
1786902986.7616553,1528,61.08,3,standing,standing,standing,0,0.0,0.75,0.025203705265568366,0.021291239942326175,0.04973363797184341,0.2705060318057754,2.3249197788332365,168.61654701431397,0.0,0.6666666666666666,0.6666666666666666,0.08359983076627986,0,0,0.3333333333333333,0.4192088438520089
1786902986.8434427,1529,61.12,3,standing,standing,standing,0,0.0,0.75,0.02820995616811882,0.02380388624189657,0.04979886374259806,0.28234719564372074,2.5009326481203287,168.08700622936854,0.0,0.6363636363636364,0.6363636363636364,0.08208080239178464,0,0,0.36363636363636365,0.4128071321669729
1786902986.874538,1530,61.16,3,standing,standing,standing,0,0.0,0.75,0.028098175111508097,0.03646864268417159,0.05209946171493349,0.3213264895382664,2.7507415468738214,167.12039737680848,0.0,0.6060606060606061,0.6060606060606061,0.08054253112312114,0,0,0.3939393939393939,0.4076486185146939
1786902986.9240663,1531,61.2,3,standing,standing,standing,0,0.0,0.75,0.03483080579557434,0.0418630752347398,0.07148584981821705,0.379544178486605,3.0198418470382804,166.45944794993892,0.0,0.5757575757575758,0.5757575757575758,0.07972644497004931,0,0,0.42424242424242425,0.40438646640158565
1786902986.9545827,1532,61.24,3,standing,standing,standing,0,0.0,0.75,0.03953484653370262,0.04838259391873163,0.12709097407746814,0.4014479523158016,3.14310820848178,166.14962955069137,0.0,0.5454545454545454,0.5454545454545454,0.08089823379215026,0,0,0.45454545454545453,0.40183407781806846
1786902987.010407,1533,61.28,3,standing,standing,standing,0,0.0,0.75,0.046975098980278046,0.052726058221311045,0.14162479147205861,0.42780387818741206,3.3065662050729103,165.92354083535056,0.0,0.5151515151515151,0.5151515151515151,0.08290538366255343,0,0,0.48484848484848486,0.4001157286766601
1786902987.0598583,1534,61.32,3,standing,standing,standing,0,0.0,0.75,0.057359989429281694,0.053679710034592334,0.1455781846524506,0.45268268487759233,3.4342712091851597,165.8375852113998,0.0,0.48484848484848486,0.48484848484848486,0.08523433459623114,0,0,0.5151515151515151,0.39912610825330463
1786902987.090987,1535,61.36,3,standing,standing,standing,0,0.0,0.75,0.06549765840227412,0.056401204983618655,0.15928717881684096,0.4805487630788985,3.4070389183519594,166.01650083982346,0.0,0.45454545454545453,0.45454545454545453,0.08807992338905218,0,0,0.5454545454545454,0.3989623655936567
1786902987.122677,1536,61.4,3,carrying,standing,standing,0,0.0,0.602529127339435,0.0694397006713028,0.06158422394304121,0.16608218595415902,0.5042152122323916,3.62408563155966,166.1287521325735,0.0,0.45454545454545453,0.48484848484848486,0.09129669332003748,0,0,0.5151515151515151,0.3995149660065348
1786902987.1708364,1537,61.44,3,carrying,standing,standing,0,0.0,0.6150704223573653,0.07281498755175131,0.06765173103806844,0.15712439087196248,0.5251173705956088,3.8586338802468134,165.66496047197901,0.0,0.45454545454545453,0.5151515151515151,0.09425841836686687,0,0,0.48484848484848486,0.4007124058619911
1786902987.2211988,1538,61.48,3,carrying,standing,standing,0,0.0,0.6188454028660315,0.07328116962219751,0.07623899697614044,0.15221695143173705,0.5314090047767192,3.955147882572823,166.22135080967175,0.0,0.45454545454545453,0.5454545454545454,0.09730413646571226,0,0,0.45454545454545453,0.40212555036793235
1786902987.2525394,1539,61.52,3,carrying,standing,standing,0,0.0,0.6224539158061176,0.07509803752680612,0.07601289226884202,0.15123206569641992,0.5374231930101961,3.763853557816175,167.50159392474598,0.0,0.42424242424242425,0.5454545454545454,0.10017519529820723,0,0,0.45454545454545453,0.4040794239791149
1786902987.3041394,1540,61.56,3,carrying,carrying,carrying,0,0.0,0.614855781728211,0.07031512509216734,0.07674658157942861,0.13638649675577894,0.524759636213685,3.5688195164522383,168.88214828919473,0.0,0.42424242424242425,0.5757575757575758,0.10234227152821647,0,0,0.42424242424242425,0.40597491360488663
1786902987.336686,1541,61.6,3,walking,carrying,carrying,0,0.0,0.6,0.06868913479783129,0.07867641649649665,0.0909886753189624,0.4953836716187553,3.3866790145512753,170.37091909655578,0.0,0.45454545454545453,0.6060606060606061,0.1027919704495643,0,0,0.3939393939393939,0.40734935344036033
1786902987.3833487,1542,61.64,3,carrying,carrying,carrying,0,0.0,0.600459128240065,0.06303678996924958,0.07484220892598044,0.08209685308599005,0.5007652137334416,3.260153015868525,171.6690120503811,0.0,0.45454545454545453,0.6363636363636364,0.10271953908932827,0,0,0.36363636363636365,0.40913702536552676
1786902987.4682884,1543,61.68,3,carrying,carrying,carrying,0,0.0,0.603475184382532,0.05854491883735686,0.09862284654226956,0.0932390251249697,0.5057919739708867,3.1460060570829245,172.81444918804857,0.0,0.42424242424242425,0.6363636363636364,0.10286442880285938,0,0,0.36363636363636365,0.4111091849170139
1786902987.49883,1544,61.72,3,carrying,carrying,carrying,0,0.0,0.6064631770942609,0.057657883921078214,0.10972993950673739,0.0899548530221666,0.5107719618237682,3.223014671434901,173.14933700132656,0.0,0.3939393939393939,0.6363636363636364,0.10263234572139132,0,0,0.36363636363636365,0.41307102695400255
1786902987.5341334,1545,61.76,3,carrying,carrying,carrying,0,0.0,0.6082180224888144,0.060988538149932645,0.11126223442700188,0.09257643418336509,0.513696704148024,3.3120108712606715,173.97156546370687,0.0,0.36363636363636365,0.6363636363636364,0.10224679556655734,0,0,0.36363636363636365,0.41490682342834706
1786902987.6054776,1546,61.8,3,carrying,carrying,carrying,0,0.0,0.6148789378524697,0.057174994864159966,0.11054293576432268,0.09072091805689643,0.5247982297541163,3.113589804575637,174.66086352127593,0.0,0.3333333333333333,0.6363636363636364,0.10169997805877176,0,0,0.36363636363636365,0.4167820011982556
1786902987.6420095,1547,61.84,3,carrying,carrying,carrying,0,0.0,0.6213959977218918,0.05724191325656675,0.10979405399567133,0.08725732462016488,0.535659996203153,2.94711753682162,175.33958873405538,0.0,0.30303030303030304,0.6363636363636364,0.10086530470069689,0,0,0.36363636363636365,0.41884125388189897
1786902987.6754885,1548,61.88,3,carrying,carrying,carrying,0,0.0,0.622634280464014,0.062310878381054396,0.10824965367607764,0.0883874662883205,0.5377238007733567,2.747667782710942,174.93316608169624,0.0,0.2727272727272727,0.6363636363636364,0.10009490538851362,0,0,0.36363636363636365,0.4210755445456663
1786902987.8468845,1549,61.92,3,carrying,carrying,carrying,0,0.0,0.6195063271899662,0.06742907759487066,0.10309935689740501,0.0973136431748942,0.5325105453166105,2.5020121175903416,174.07112432257685,0.0,0.24242424242424243,0.6363636363636364,0.09944332036047694,0,0,0.36363636363636365,0.4234630428055355
1786902987.879261,1550,61.96,3,carrying,carrying,carrying,0,0.0,0.6172203208599636,0.07041933464405688,0.09747829133260749,0.10818743970563431,0.5287005347666061,2.2706992806197146,173.05876589477882,0.0,0.21212121212121213,0.6363636363636364,0.09929873965885865,0,0,0.36363636363636365,0.4261332697248548
1786902987.9137769,1551,62.0,3,carrying,carrying,carrying,0,0.0,0.6222306586847154,0.07479087975293959,0.10566355004005235,0.11680682668888487,0.537051097807859,2.1209339626779538,171.06500276980194,0.0,0.18181818181818182,0.6363636363636364,0.09939222316418553,0,0,0.36363636363636365,0.42948354814579653
1786902987.9643357,1552,62.04,3,carrying,carrying,carrying,0,0.0,0.6299501366123764,0.07360077775748494,0.08406200662701209,0.11628297021151776,0.5499168943539607,2.1766085542104046,169.301218797205,0.0,0.15151515151515152,0.6363636363636364,0.09948212200546674,0,0,0.36363636363636365,0.43382029939721767
1786902988.098574,1553,62.08,3,carrying,carrying,carrying,0,0.0,0.6474678766794768,0.06834195221243966,0.07662907048678276,0.12086540888463061,0.579113127799128,2.2286533735259964,167.57589761466494,0.0,0.12121212121212122,0.6363636363636364,0.09991547574703914,0,0,0.36363636363636365,0.43968396409779686
1786902988.128834,1554,62.12,3,carrying,carrying,carrying,0,0.0,0.6643525601580699,0.0593502990404999,0.07871397263880854,0.11057388066277149,0.6072542669301164,2.3814247310132566,166.845768834328,0.0,0.09090909090909091,0.6363636363636364,0.10028292279283219,0,0,0.36363636363636365,0.4472516547384804
1786902988.2030494,1555,62.16,3,carrying,carrying,carrying,0,0.0,0.6793536007802596,0.0570348816887358,0.07452653546967342,0.1049012213746913,0.6322560013004327,2.6577960904180378,165.98896913968048,0.0,0.06060606060606061,0.6363636363636364,0.10079111311478109,0,0,0.36363636363636365,0.45645087268001144
1786902988.3109057,1556,62.2,3,carrying,carrying,carrying,0,0.0,0.6918754973670764,0.050890502607407975,0.06245586366380329,0.10800800071315672,0.6531258289451275,2.862271337237503,166.08625176615868,0.0,0.030303030303030304,0.6363636363636364,0.10162546052973234,0,0,0.36363636363636365,0.4671891694685392
1786902988.3397484,1557,62.24,3,standing,carrying,carrying,0,0.0,0.75,0.042990630076238046,0.05100869487747363,0.10637016972901513,0.6676523750324814,2.945345874017476,166.8195080709029,0.0,0.030303030303030304,0.6363636363636364,0.10276982828460961,0,0,0.36363636363636365,0.47909713285401434
1786902988.3865418,1558,62.28,3,standing,carrying,carrying,0,0.0,0.75,0.036107617310775185,0.05203895873697709,0.11361679833220568,0.6812661247215981,3.0452881161731096,167.832528479544,0.0,0.030303030303030304,0.6363636363636364,0.10474491669883296,0,0,0.36363636363636365,0.49196601684860697
1786902988.415365,1559,62.32,3,standing,carrying,carrying,0,0.0,0.75,0.03394749154045441,0.04838617373486567,0.1525487822766686,0.6785214983552892,3.461815810060922,168.52009397669775,0.0,0.030303030303030304,0.6363636363636364,0.10807254781583071,0,0,0.36363636363636365,0.5049018567937645
1786902988.461293,1560,62.36,3,standing,carrying,carrying,0,0.0,0.75,0.030980130041512597,0.040229657343645565,0.183930462905455,0.6757457688871402,3.7272470076123865,169.11834274230145,0.0,0.030303030303030304,0.6363636363636364,0.11255661173747968,0,0,0.36363636363636365,0.5177829456668037
1786902988.556973,1561,62.4,3,standing,standing,standing,0,0.0,0.75,0.026063766363129518,0.035662384726721924,0.18319833448247413,0.6423078940034519,4.053071620580337,170.1310414904497,0.0,0.030303030303030304,0.6363636363636364,0.11660099648022605,0,0,0.36363636363636365,0.529049668763703
1786902988.5878677,1562,62.44,3,standing,standing,standing,0,0.0,0.75,0.02391270812025251,0.032586577787239335,0.17585052846190938,0.6065248029869993,4.295667441887513,171.1162142022412,0.0,0.030303030303030304,0.6363636363636364,0.12042074389596276,0,0,0.36363636363636365,0.5388732326225902
1786902988.6252968,1563,62.48,3,standing,standing,standing,0,0.0,0.75,0.025503193293298157,0.02830799145552163,0.20243408323649276,0.5554979725132657,4.535130113629869,172.24781870056026,0.0,0.030303030303030304,0.6363636363636364,0.12497633848752518,0,0,0.36363636363636365,0.5459693381672873
1786902988.7009857,1564,62.52,3,standing,standing,standing,0,0.0,0.75,0.02497714098685432,0.028188298160593848,0.21018986665585576,0.4766378324492203,4.776770714695585,172.26730269333572,0.0,0.030303030303030304,0.6363636363636364,0.12917949051290817,0,0,0.36363636363636365,0.5489115701055483
1786902988.7485976,1565,62.56,3,standing,standing,standing,0,0.0,0.75,0.030624386391374943,0.031340000279534125,0.22268801159273646,0.40317177999197595,5.251104436304649,171.3867578376666,0.0,0.030303030303030304,0.6363636363636364,0.13207637043761325,0,0,0.36363636363636365,0.5489638073078565
1786902988.7864118,1566,62.6,3,standing,standing,standing,0,0.0,0.75,0.02881510798319893,0.04794548380711509,0.2468222732987543,0.3374353120757523,5.8308297005431395,169.4183799567217,0.0,0.030303030303030304,0.6363636363636364,0.1352641729172101,0,0,0.36363636363636365,0.5462253659105336
1786902988.8379397,1567,62.64,3,walking,standing,standing,0,0.0,0.6,0.03547859051995651,0.0800357702943302,0.23414792698525919,0.29036747493884596,6.445293745070768,168.38226629435894,0.0,0.06060606060606061,0.6666666666666666,0.13794810450305278,0,0,0.3333333333333333,0.5413067231851172
1786902988.8900993,1568,62.68,3,walking,standing,standing,0,0.0,0.6,0.037348305456787106,0.09106385162713217,0.17949619656769325,0.25606051898726734,6.912244656774128,167.61969152050855,0.0,0.09090909090909091,0.696969696969697,0.13856049898035133,0,0,0.30303030303030304,0.5345040491217343
1786902988.925167,1569,62.72,3,walking,standing,standing,0,0.0,0.6,0.04037438252971451,0.09687105001241242,0.13995985945637798,0.24922149682514735,6.743938208107887,167.28413206003762,0.0,0.12121212121212122,0.696969696969697,0.13776891332890343,0,0,0.30303030303030304,0.5267769668366662
1786902988.9759557,1570,62.76,3,walking,standing,standing,0,0.0,0.6,0.04705031986458818,0.10007049841401766,0.12664752431158127,0.26987508701854057,6.466685513920005,166.96963610300733,0.0,0.15151515151515152,0.696969696969697,0.13684537191798277,0,0,0.30303030303030304,0.5190423521828158
1786902989.009372,1571,62.8,3,walking,walking,walking,0,0.0,0.6,0.060445801279302165,0.09907504795738233,0.12937442887993936,0.30324211665922174,6.222548113717209,166.85340079644283,0.0,0.18181818181818182,0.696969696969697,0.13615317426489798,0,0,0.30303030303030304,0.5121282040580429
1786902989.059205,1572,62.84,3,walking,walking,walking,0,0.0,0.6,0.07046446935043722,0.10343626738581035,0.11559870030606086,0.33572834813934144,5.719157185204376,165.67415614378854,0.0,0.21212121212121213,0.696969696969697,0.135073375313675,0,0,0.30303030303030304,0.5060162390619566
1786902989.118,1573,62.88,3,walking,walking,walking,0,0.0,0.6,0.07556353414713561,0.10662627220418855,0.11928316935355879,0.3569859621844935,5.431443791819776,163.54581675058847,0.0,0.24242424242424243,0.696969696969697,0.1345550926651229,0,0,0.30303030303030304,0.5009321883337993
1786902989.1523314,1574,62.92,3,walking,walking,walking,0,0.0,0.6603394957425855,0.07717753679696329,0.11886110923366539,0.11243329531622058,0.3963995050856964,4.97757796443793,161.75731029034017,0.0,0.24242424242424243,0.696969696969697,0.13520492963473674,0,0,0.30303030303030304,0.4979326681358277
1786902989.1845357,1575,62.96,3,walking,walking,walking,0,0.0,0.6907763374535313,0.08457992136865965,0.12433974074163563,0.09685477467120075,0.42512758504231674,4.082574448037677,161.27581273327496,0.0,0.2727272727272727,0.696969696969697,0.13565213937974313,0,0,0.30303030303030304,0.49564061878155125
1786902989.2362614,1576,63.0,3,walking,walking,walking,0,0.0,0.609332121914591,0.0856215322249109,0.10967978194462638,0.10299437883653918,0.4485224284481714,3.216439361394289,161.18197949428352,0.0,0.30303030303030304,0.696969696969697,0.1359477561588816,0,0,0.30303030303030304,0.49390517800813566
1786902989.2960768,1577,63.04,3,walking,walking,walking,0,0.0,0.6571455460534923,0.09063172722566465,0.11828619828962861,0.11968144457531633,0.4602189975177058,2.4993702737156975,160.66999751974458,0.0,0.3333333333333333,0.696969696969697,0.13684856196352252,0,0,0.30303030303030304,0.492373269998861
1786902989.3716097,1578,63.08,3,walking,walking,walking,0,0.0,0.6681710148369043,0.09272188253277196,0.12027078267064277,0.13709492574757567,0.4470055013492546,1.8005144190306606,160.35228763098138,0.0,0.36363636363636365,0.696969696969697,0.138197607162438,0,0,0.30303030303030304,0.4903523244595044
1786902989.423202,1579,63.12,3,walking,walking,walking,0,0.0,0.8463226881134834,0.09986802548196907,0.15233808386042702,0.16874038555882606,0.43077781224358436,1.806894630230009,158.29663090047913,0.0,0.3939393939393939,0.696969696969697,0.14056183345037523,0,0,0.30303030303030304,0.48750322089857906
1786902989.4558878,1580,63.16,3,walking,walking,walking,0,0.0,0.9406433872771763,0.09014014288172428,0.16931580970989174,0.18745627405105003,0.41962610565847935,1.5890663944192422,154.611897930253,0.0,0.42424242424242425,0.696969696969697,0.14359816525131117,0,0,0.30303030303030304,0.4839870423972254
1786902989.5469816,1581,63.2,3,walking,walking,walking,0,0.0,1.0,0.08723386564977183,0.2025478559731287,0.20582836393231474,0.4207289305019808,1.7892165956469408,151.67527558398817,0.0,0.45454545454545453,0.696969696969697,0.1471569803314322,0,0,0.30303030303030304,0.4804417432980928
1786902989.6035986,1582,63.24,3,walking,walking,walking,0,0.0,1.0,0.08191085693334647,0.2240498377487394,0.21506129274705024,0.4431551489114133,2.4618944643488914,150.5899216951032,0.0,0.48484848484848486,0.696969696969697,0.15072509092452785,0,0,0.30303030303030304,0.47773400401308685
1786902989.6334217,1583,63.28,3,walking,walking,walking,0,0.0,1.0,0.0809564081181968,0.2219503455250004,0.21519641971487138,0.486757639050959,3.066046797422067,151.04545169897267,0.0,0.5151515151515151,0.696969696969697,0.15396778728844412,0,0,0.30303030303030304,0.4764630071732187
1786902989.6649194,1584,63.32,3,walking,walking,walking,0,0.0,1.0,0.07966042854982121,0.20463314675756322,0.21711735575816488,0.5196727860095023,3.8456503191746108,151.1779477632847,0.0,0.5454545454545454,0.696969696969697,0.15700750029054353,0,0,0.30303030303030304,0.4759363916641776
1786902989.7432187,1585,63.36,3,walking,walking,walking,0,0.0,1.0,0.0719725903027234,0.18770152910696025,0.23772586664605022,0.5598317693482573,4.6574068907243555,150.26173648284745,0.0,0.5757575757575758,0.696969696969697,0.1606875880612869,0,0,0.30303030303030304,0.4762368424215806
1786902989.7739825,1586,63.4,3,walking,walking,walking,0,0.0,0.9595283230768853,0.06109819108864329,0.17271509815383934,0.24597072369015568,0.589116482763153,5.2547179649043745,149.96717780706092,0.0,0.6060606060606061,0.696969696969697,0.16447865820690888,0,0,0.30303030303030304,0.47653997439018736
1786902989.8036473,1587,63.44,3,walking,walking,walking,0,0.0,0.9367012812421381,0.05212638324433137,0.16860623062358485,0.24752828074600527,0.5911752185570347,5.431748158127926,149.42529422945177,0.0,0.6363636363636364,0.696969696969697,0.16862879154276442,0,0,0.30303030303030304,0.47605273050009406
1786902989.8579435,1588,63.48,3,walking,walking,walking,0,0.0,0.8332256445694218,0.039651602263028565,0.1499806160224959,0.23624216266607068,0.5947810245609451,5.37204508087637,148.1942783422224,0.0,0.6666666666666666,0.696969696969697,0.17260882006674563,0,0,0.30303030303030304,0.4749171251443519
1786902989.8876302,1589,63.52,3,walking,walking,walking,0,0.0,0.7820637007772117,0.0468963817561433,0.14077146613989808,0.23024262926996716,0.6021903636118024,4.990130654160771,149.5561382854557,0.0,0.696969696969697,0.696969696969697,0.17631289971998232,0,0,0.30303030303030304,0.4733736261948573
1786902989.944385,1590,63.56,3,walking,walking,walking,0,0.0,0.6,0.04372943825366771,0.10422358036007225,0.21399654902845466,0.614965130443569,4.983977966597091,153.52438301681445,0.0,0.7272727272727273,0.7272727272727273,0.17957430515329867,0,0,0.2727272727272727,0.4717770430254962
1786902990.0075612,1591,63.6,3,walking,walking,walking,0,0.0,0.6,0.04611242024913295,0.09781448427131265,0.2008725005658515,0.610770879492433,4.546217206488891,156.73256888051705,0.0,0.7575757575757576,0.7575757575757576,0.18221841734219701,0,0,0.24242424242424243,0.4696408234730973
1786902990.1090825,1592,63.64,3,walking,walking,walking,0,0.0,0.6,0.045641561471924545,0.09956696251801635,0.19365110880189915,0.5875327917060945,3.879019400592103,158.66347036095215,0.0,0.7878787878787878,0.7878787878787878,0.18346394238841615,0,0,0.21212121212121213,0.4668835899382732
1786902990.2788267,1593,63.68,3,walking,walking,walking,0,0.0,0.6,0.04600607296957039,0.10577907375826054,0.17852361768884883,0.5551252381571946,3.124775220611837,160.37618718646388,0.0,0.8181818181818182,0.8181818181818182,0.1833000985939735,0,0,0.18181818181818182,0.4632284223403961
1786902990.3349452,1594,63.72,3,carrying,walking,walking,0,0.0,0.6109490196235285,0.05160944842803155,0.10967892412705171,0.15306115143945187,0.5182483660392142,2.2142810542652382,162.94097168720276,0.0,0.8181818181818182,0.8484848484848485,0.18238685062297286,0,0,0.15151515151515152,0.4594690427051162
1786902990.3940427,1595,63.76,3,walking,walking,walking,0,0.0,0.6,0.05630911000752327,0.10406267580385924,0.12536447629666264,0.4903995474762909,1.4167069803549326,165.79451028107104,0.0,0.8484848484848485,0.8787878787878788,0.18085697025432904,0,0,0.12121212121212122,0.455950095568428
1786902990.4249723,1596,63.8,3,walking,walking,walking,0,0.0,0.6,0.06151922136725228,0.0998691966443719,0.10235809071208626,0.468269983499773,0.8265691995925865,167.90344621733593,0.0,0.8787878787878788,0.9090909090909091,0.17782436442025612,0,0,0.09090909090909091,0.4533068231740798
1786902990.474369,1597,63.84,3,walking,walking,walking,0,0.0,0.6,0.061850021713403654,0.08371785449323757,0.08512515914541931,0.47208078177471335,0.6107814378309241,169.57625591562984,0.0,0.9090909090909091,0.9393939393939394,0.1740345247987277,0,0,0.06060606060606061,0.4531687307293977
1786902990.5073109,1598,63.88,3,walking,walking,walking,0,0.0,0.6,0.05193596588506858,0.07297301285201849,0.06513430398630111,0.48580651484257215,0.8333237264482518,171.3817843399188,0.0,0.9393939393939394,0.9696969696969697,0.16926017002277516,0,0,0.030303030303030304,0.4556728136036582
1786902990.540007,1599,63.92,3,walking,walking,walking,0,0.0,0.6,0.04830801887716222,0.06773741897325866,0.06287241373558784,0.4821414279741572,1.1125989260131053,172.15072874582017,0.0,0.9696969696969697,1.0,0.16368593185419433,0,0,0.0,0.46005784741876143
1786902990.6832204,1600,63.96,3,standing,walking,walking,0,0.0,0.75,0.04429915151382259,0.047489645812013974,0.06165782646013908,0.46859753023062056,1.5061311718739632,172.1657133863569,0.0,0.9393939393939394,0.9696969696969697,0.15845895911100888,0,0,0.030303030303030304,0.46545875818517884
1786902990.7132785,1601,64.0,3,standing,walking,walking,0,0.0,0.75,0.040783789903471375,0.03462576446714699,0.06266817667270586,0.443366902505615,1.8546429555437953,171.7467953965105,0.0,0.9090909090909091,0.9393939393939394,0.15491871608388805,0,0,0.06060606060606061,0.47113470920088635
1786902990.7852042,1602,64.04,3,standing,walking,walking,0,0.0,0.75,0.03513023470174845,0.026796448204825487,0.06439352274016494,0.42002391107605164,2.304782735235611,171.22667400552027,0.0,0.8787878787878788,0.9090909090909091,0.15262882709248765,0,0,0.09090909090909091,0.4763105399357623
1786902990.8400996,1603,64.08,3,standing,walking,walking,0,0.0,0.75,0.03183829637900086,0.022230014701190542,0.06555686227192613,0.4023109318730945,2.5691888487059904,170.43058118806772,0.0,0.8484848484848485,0.8787878787878788,0.15077759490946777,0,0,0.12121212121212122,0.48032374735559724
1786902990.8676455,1604,64.12,3,standing,standing,standing,0,0.0,0.75,0.027491368120430217,0.02545645858253074,0.06633557140321732,0.38771768118023836,2.756062195917705,169.82474231697387,0.0,0.8181818181818182,0.8484848484848485,0.1488673265010823,0,0,0.15151515151515152,0.48288361294714316
1786902990.8960032,1605,64.16,3,standing,standing,standing,0,0.0,0.75,0.027594598436502242,0.027030495570900804,0.0658905832292254,0.3676100837939994,2.926974409537017,170.05536329434028,0.0,0.7878787878787878,0.8181818181818182,0.14736101992299636,0,0,0.18181818181818182,0.4838497261487995
1786902990.9411368,1606,64.2,3,standing,standing,standing,0,0.0,0.75,0.02686687583599351,0.029813182045074604,0.06464302187799481,0.3469995946959898,3.0358045329964365,170.3749191839333,0.0,0.7575757575757576,0.7878787878787878,0.14570525787828228,0,0,0.21212121212121213,0.4835471089521782
1786902991.0583827,1607,64.24,3,standing,standing,standing,0,0.0,0.75,0.026624155225106014,0.030627291578517832,0.06377311736794829,0.3247761665279345,3.058161404714979,170.54464857558258,0.0,0.7272727272727273,0.7575757575757576,0.14423070703136495,0,0,0.24242424242424243,0.4813767047534581
1786902991.1043627,1608,64.28,3,standing,standing,standing,0,0.0,0.75,0.0274678870799695,0.030772344203735053,0.05937290179724213,0.30675782918386807,2.873005784433265,170.98473792616124,0.0,0.696969696969697,0.7272727272727273,0.14309489270185105,0,0,0.2727272727272727,0.4777897424547171
1786902991.152533,1609,64.32,3,standing,standing,standing,0,0.0,0.75,0.030390192140956993,0.03007970920093343,0.05720054051940883,0.2943390444494237,2.523516998471469,171.39192318466954,0.0,0.6666666666666666,0.696969696969697,0.14170720063163497,0,0,0.30303030303030304,0.4731175186971794
1786902991.2066097,1610,64.36,3,standing,standing,standing,0,0.0,0.75,0.03209238536703279,0.02844825426768137,0.05320316100359421,0.28987569406778,2.2838351722360235,171.94619740498086,0.0,0.6363636363636364,0.6666666666666666,0.13969270719006766,0,0,0.3333333333333333,0.467955600410818
1786902991.23984,1611,64.4,3,standing,standing,standing,0,0.0,0.75,0.035752241333832875,0.0307172395772646,0.05016328086137145,0.2914613271153216,2.036535227764199,172.7409355701817,0.0,0.6060606060606061,0.6363636363636364,0.13705841492078868,0,0,0.36363636363636365,0.4632421405855473
1786902991.2868404,1612,64.44,3,standing,standing,standing,0,0.0,0.75,0.03629504602020454,0.03454639321398498,0.04923427095831951,0.28725551839296243,1.745530878378953,173.83140482374534,0.0,0.5757575757575758,0.6060606060606061,0.13343701750865214,0,0,0.3939393939393939,0.4588929801658314
1786902991.3171043,1613,64.48,3,standing,standing,standing,0,0.0,0.75,0.03491494013205881,0.03537466729993439,0.049388710113630094,0.2744084843629685,1.5850655141969376,174.7399836710972,0.0,0.5454545454545454,0.5757575757575758,0.12925315193479092,0,0,0.42424242424242425,0.4544924461871796
1786902991.3468134,1614,64.52,3,standing,standing,standing,0,0.0,0.75,0.03018140486524654,0.037151218163348265,0.05360975330516029,0.2597263258674229,1.5687510246037146,174.99888703797248,0.0,0.5151515151515151,0.5454545454545454,0.12464046676427112,0,0,0.45454545454545453,0.4496135793800718
1786902991.4157138,1615,64.56,3,standing,standing,standing,0,0.0,0.75,0.02928333551610664,0.03499470619091324,0.056822085313230075,0.24669076016869695,1.5916486957056037,173.83360687440853,0.0,0.48484848484848486,0.5151515151515151,0.11984533926627657,0,0,0.48484848484848486,0.443660113054535
1786902991.4572186,1616,64.6,3,standing,standing,standing,0,0.0,0.75,0.027234039264411956,0.0363253819018489,0.05623123669789863,0.23692391205016658,1.5896983058232625,172.6321847524824,0.0,0.45454545454545453,0.48484848484848486,0.11502821250818648,0,0,0.5151515151515151,0.4360893940545109
1786902991.4887784,1617,64.64,3,standing,standing,standing,0,0.0,0.75,0.02935993906320567,0.03789032028963794,0.061771074117403485,0.22816797476678058,1.493703616611331,171.92914193883882,0.0,0.42424242424242425,0.45454545454545453,0.11032074942816342,0,0,0.5454545454545454,0.4272559149259436
1786902991.542564,1618,64.68,3,standing,standing,standing,0,0.0,0.75,0.026561506733100346,0.03634465687372741,0.0591343025942453,0.2211153115108085,1.4721086816571947,170.49463675633334,0.0,0.3939393939393939,0.42424242424242425,0.10490888385083601,0,0,0.5757575757575758,0.41699177983996033
1786902991.574546,1619,64.72,3,standing,standing,standing,0,0.0,0.75,0.02685397249012869,0.042282912946647315,0.05974236672978102,0.21157540609710848,1.4805475238422463,169.54261682694104,0.0,0.36363636363636365,0.3939393939393939,0.09926560030658223,0,0,0.6060606060606061,0.4055511411531105
1786902991.605295,1620,64.76,3,standing,standing,standing,0,0.0,0.75,0.025763184182343055,0.03717594443674202,0.05744428591212614,0.19856066738900635,1.38850620002185,168.7809071755295,0.0,0.3333333333333333,0.36363636363636365,0.09350547925101013,0,0,0.6363636363636364,0.3936537305116551
1786902991.7076428,1621,64.8,3,standing,standing,standing,0,0.0,0.75,0.025838897295934565,0.03238629969604055,0.05233957968138825,0.18757192009204285,1.246096873925461,168.38737932516077,0.0,0.30303030303030304,0.3333333333333333,0.08793267370601975,0,0,0.6666666666666666,0.38131406067926416
1786902991.742546,1622,64.84,3,standing,standing,standing,0,0.0,0.75,0.029192680796106468,0.03126887420718794,0.053367396144102505,0.18259672480521508,1.1982607681899515,167.87435674835584,0.0,0.2727272727272727,0.30303030303030304,0.08257281815675112,0,0,0.696969696969697,0.36859910192754936
1786902991.7779753,1623,64.88,3,standing,standing,standing,0,0.0,0.75,0.031339158864885655,0.03388936056419407,0.049582287834049145,0.1804937762934001,1.211952941726588,167.31601269962692,0.0,0.24242424242424243,0.2727272727272727,0.0775905678175267,0,0,0.7272727272727273,0.3554333033169382
1786902991.8293896,1624,64.92,3,standing,standing,standing,0,0.0,0.75,0.03332080545118663,0.03792162618980025,0.052721428033458216,0.1822956363015961,1.0820451203045853,167.00609642730998,0.0,0.21212121212121213,0.24242424242424243,0.07310114137715115,0,0,0.7575757575757576,0.34244920503842796
1786902991.869559,1625,64.96,3,standing,standing,standing,0,0.0,0.75,0.03558875117950608,0.0393380062443088,0.05495593031458593,0.18790654466499743,1.0469167579312781,167.51737282121763,0.0,0.18181818181818182,0.21212121212121213,0.0688982571805659,0,0,0.7878787878787878,0.3303393187644553
1786902991.8999588,1626,65.0,3,standing,standing,standing,0,0.0,0.75,0.03176147009949683,0.040607130646199446,0.04796937019617057,0.19253293284974735,1.0798901995207986,168.3656799237397,0.0,0.15151515151515152,0.18181818181818182,0.06494206786260596,0,0,0.8181818181818182,0.3193516731490781
1786902991.9568677,1627,65.04,3,standing,standing,standing,0,0.0,0.75,0.03054668937871999,0.04057217361714548,0.04508599000469089,0.19947239943926792,1.0652178168655129,168.7054554776008,0.0,0.15151515151515152,0.15151515151515152,0.06167009327367381,0,0,0.8484848484848485,0.3096917953733222
1786902991.9926596,1628,65.08,3,standing,standing,standing,0,0.0,0.75,0.02723592720853887,0.033649860377182136,0.04147058454856777,0.20747889596582883,1.1579929157041744,169.4596710664135,0.0,0.12121212121212122,0.12121212121212122,0.059127854129792136,0,0,0.8787878787878788,0.30111844229724755
1786902992.029448,1629,65.12,3,standing,standing,standing,0,0.0,0.75,0.024832270841094146,0.03412068130274051,0.03749007922865054,0.21699717142802047,1.279209776371916,169.62813394536494,0.0,0.09090909090909091,0.09090909090909091,0.05716215681211227,0,0,0.9090909090909091,0.2935041146587097
1786902992.0990238,1630,65.16,3,standing,standing,standing,0,0.0,0.75,0.020510490289414846,0.03574860391778227,0.038782538434855546,0.225769045515596,1.2916281976019182,169.32377808989187,0.0,0.06060606060606061,0.06060606060606061,0.05575783497239822,0,0,0.9393939393939394,0.28604012265085754
1786902992.1283774,1631,65.2,3,standing,standing,standing,0,0.0,0.75,0.018476137924336625,0.03830021091035207,0.043861182228365256,0.22794174810297663,1.293134716569749,167.87831204631436,0.0,0.030303030303030304,0.030303030303030304,0.05511319491912744,0,0,0.9696969696969697,0.2782260388102638
1786902992.160271,1632,65.24,3,standing,standing,standing,0,0.0,0.75,0.020755076267018793,0.0477422012137792,0.0490685789353804,0.22942083854023892,1.2980745324777863,166.92771956586904,0.0,0.0,0.0,0.054694896894878726,0,0,1.0,0.2705678391304481
1786902992.211818,1633,65.28,3,standing,standing,standing,0,0.0,0.75,0.02500381434559318,0.05423388206809009,0.05383304041917464,0.23244559770320733,1.5739144682640003,166.93461316045537,0.0,0.0,0.0,0.054457782166364654,0,0,1.0,0.2634117199629507
1786902992.2463224,1634,65.32,3,standing,standing,standing,0,0.0,0.75,0.03374251759641351,0.052940038389130556,0.055577557767465556,0.22353510797591233,1.5972454481576341,167.43798939297858,0.0,0.0,0.0,0.05424291492681191,0,0,1.0,0.2567501504317476
1786902992.289276,1635,65.36,3,standing,standing,standing,0,0.0,0.75,0.042174722006257666,0.052949051159253434,0.05974148941606,0.22493100799322358,1.6843030023811252,166.6196854951752,0.0,0.0,0.0,0.05410194422002086,0,0,1.0,0.2508382442777225
1786902992.3590505,1636,65.4,3,walking,standing,standing,0,0.0,0.6,0.051607997357926254,0.06397166055745612,0.06936584967973558,0.22829655124172862,1.7735114008061585,164.2788754828411,0.0,0.030303030303030304,0.030303030303030304,0.05421736808086357,0,0,0.9696969696969697,0.24556508122828713
1786902992.3915668,1637,65.44,3,walking,standing,standing,0,0.0,0.6,0.05748093921888897,0.07757760107041199,0.08129254848748096,0.22262802808944618,2.0191336055686193,162.43054155083954,0.0,0.06060606060606061,0.06060606060606061,0.05467060981068974,0,0,0.9393939393939394,0.24056236446796012
1786902992.4233608,1638,65.48,3,walking,standing,standing,0,0.0,0.6,0.06312769773973431,0.10332725865366205,0.09667346816962348,0.21445322359740723,2.2792784565355446,162.53860471563075,0.0,0.09090909090909091,0.09090909090909091,0.05560342450585332,0,0,0.9090909090909091,0.2359212474923058
1786902992.5315504,1639,65.52,3,walking,standing,standing,0,0.0,0.6127343712849186,0.06842701347822301,0.11029218683128535,0.10872513744246994,0.2155084756605259,2.628518540475757,162.7492743499402,0.0,0.12121212121212122,0.12121212121212122,0.056939246189625294,0,0,0.8787878787878788,0.23193666812759478
1786902992.5609753,1640,65.56,3,walking,walking,walking,0,0.0,0.6037892592511763,0.07242791521484329,0.10868206666521174,0.11277974772928612,0.2243599064883465,2.8237670353059525,163.14739650923872,0.0,0.15151515151515152,0.15151515151515152,0.058424295594514314,0,0,0.8484848484848485,0.2288937511566982
1786902992.6247377,1641,65.6,3,walking,walking,walking,0,0.0,0.6,0.0731320203101154,0.09525406363286039,0.11094148933939864,0.2419529837751276,3.0738724307985907,164.16318430176287,0.0,0.18181818181818182,0.18181818181818182,0.059986980065488756,0,0,0.8181818181818182,0.2269299679624939
1786902992.6996377,1642,65.64,3,walking,walking,walking,0,0.0,0.6,0.07243304860938732,0.08743886434317959,0.10660990416432622,0.2460116217621784,3.1238687143485224,164.68769090532496,0.0,0.21212121212121213,0.21212121212121213,0.06148423350927412,0,0,0.7878787878787878,0.22546550060833498
1786902992.7314408,1643,65.68,3,walking,walking,walking,0,0.0,0.6,0.06641414295945475,0.09240983726197234,0.10574934167738571,0.24703323329153218,2.8044244641069893,164.64370696678492,0.0,0.24242424242424243,0.24242424242424243,0.06307654201454055,0,0,0.7575757575757576,0.22416724422117595
1786902992.764406,1644,65.72,3,walking,walking,walking,0,0.0,0.6,0.06081230316245264,0.09666833650151022,0.10620215489793754,0.25932120574253403,3.0798022524572137,163.4084387169604,0.0,0.2727272727272727,0.2727272727272727,0.0647746897126183,0,0,0.7272727272727273,0.2231933011492733
1786902992.824714,1645,65.76,3,walking,walking,walking,0,0.0,0.6,0.061065081874870794,0.09380719766100289,0.10555312887686015,0.2679002502329624,3.3324165616242944,163.92996127508547,0.0,0.30303030303030304,0.30303030303030304,0.0664813217707559,0,0,0.696969696969697,0.22260677787169753
1786902992.8528545,1646,65.8,3,walking,walking,walking,0,0.0,0.6,0.06807463016660803,0.08263928803001674,0.10452964893091203,0.27212515445644625,3.550205031677779,165.5893339823644,0.0,0.3333333333333333,0.3333333333333333,0.06815225931067354,0,0,0.6666666666666666,0.2225375860563484
1786902992.8826716,1647,65.84,3,walking,walking,walking,0,0.0,0.6,0.07283787357622414,0.06284649992033102,0.11163872814618224,0.278824915724694,3.813719496729841,165.99641535645299,0.0,0.36363636363636365,0.36363636363636365,0.0699107130937348,0,0,0.6363636363636364,0.2231163312035384
1786902992.9445899,1648,65.88,3,walking,walking,walking,0,0.0,0.6,0.07948330427012551,0.06764271370487168,0.11230113517177795,0.2923561883442953,4.119679651719641,163.2018823255618,0.0,0.3939393939393939,0.3939393939393939,0.07159189642278171,0,0,0.6060606060606061,0.22450013205734443
1786902992.9776738,1649,65.92,3,walking,walking,walking,0,0.0,0.6,0.08429198958155891,0.08964627665756361,0.11376382865374021,0.2984011680467308,4.348577621901545,161.98635992147743,0.0,0.42424242424242425,0.42424242424242425,0.07333530830023147,0,0,0.5757575757575758,0.22636307920875545
1786902993.010273,1650,65.96,3,walking,walking,walking,0,0.0,0.6,0.09076794641355494,0.0984862412610482,0.12650785122554103,0.30792467921414696,4.761292459329346,161.64641492589894,0.0,0.45454545454545453,0.45454545454545453,0.07529702881865986,0,0,0.5454545454545454,0.22877994904049384
1786902993.0603645,1651,66.0,3,walking,walking,walking,0,0.0,0.6,0.09257720512287602,0.10417633438961396,0.12761082963816386,0.31771723650639144,5.413019785230402,161.73950779408148,0.0,0.48484848484848486,0.48484848484848486,0.07737207509271801,0,0,0.5151515151515151,0.23170728010096606
1786902993.1216187,1652,66.04,3,walking,walking,walking,0,0.0,0.6040121000649151,0.09565731246967778,0.10872217801168473,0.12789132591579,0.33411476296246917,6.099747809815762,162.15929992895963,0.0,0.5151515151515151,0.5151515151515151,0.07943719506805161,0,0,0.48484848484848486,0.2354205939453709
1786902993.153308,1653,66.08,3,walking,walking,walking,0,0.0,0.6,0.10134961463075362,0.10701499471283535,0.12948796000200097,0.34471584753608403,6.738860538861024,162.00467205167175,0.0,0.5454545454545454,0.5454545454545454,0.08162033670713874,0,0,0.45454545454545453,0.23984953879831267
1786902993.212193,1654,66.12,3,walking,walking,walking,0,0.0,0.6448656347663887,0.09977919826014624,0.11607581425794995,0.1256891692340122,0.348006683633621,6.838592508015583,160.34821775082384,0.0,0.5757575757575758,0.5757575757575758,0.08384305154206673,0,0,0.42424242424242425,0.24471119829957255
1786902993.2424273,1655,66.16,3,walking,walking,walking,0,0.0,0.7250052880532047,0.09362262028012427,0.13050095184957686,0.12092511368250716,0.35136943353719674,6.575390435438125,159.06779627412334,0.0,0.6060606060606061,0.6060606060606061,0.08589025510383656,0,0,0.3939393939393939,0.2498255228066024
1786902993.275201,1656,66.2,3,walking,walking,walking,0,0.0,0.7539332656978578,0.09214693692663624,0.13570798782561438,0.10898542442360709,0.35424431239077336,6.48665160988134,159.48708599596546,0.0,0.6363636363636364,0.6363636363636364,0.08769035015200498,0,0,0.36363636363636365,0.25509069056712885
1786902993.3520741,1657,66.24,3,walking,walking,walking,0,0.0,0.7316035552096313,0.08672979497736918,0.1316886399377336,0.10721444570310451,0.3660604993752565,6.324277966968932,161.06904685953552,0.0,0.6666666666666666,0.6666666666666666,0.08934165371775184,0,0,0.3333333333333333,0.2606593227814822
1786902993.3826072,1658,66.28,3,walking,walking,walking,0,0.0,0.6185971794751383,0.08553684378272708,0.11134749230552488,0.10217320521119995,0.37865655889027927,6.04536990488363,164.5482039551377,0.0,0.696969696969697,0.696969696969697,0.09077248022977046,0,0,0.30303030303030304,0.26643962624285433
1786902993.4131832,1659,66.32,3,walking,walking,walking,0,0.0,0.6,0.07970754681079438,0.10397167259363244,0.09533928316992403,0.396341548853202,5.93844250154952,166.55110385541252,0.0,0.7272727272727273,0.7272727272727273,0.09220793213806601,0,0,0.2727272727272727,0.2726156449096257
1786902993.4631915,1660,66.36,3,walking,walking,walking,0,0.0,0.6,0.07555138642389327,0.09511847851299143,0.09075096214426558,0.4095318518446606,5.94488630369865,167.60143851120543,0.0,0.7575757575757576,0.7575757575757576,0.09359171917259856,0,0,0.24242424242424243,0.27898108286130424
1786902993.4947555,1661,66.4,3,walking,walking,walking,0,0.0,0.6,0.07061471920387173,0.08652971122149151,0.09169276508230836,0.42169064361392045,5.763266459105028,168.56382262662936,0.0,0.7878787878787878,0.7878787878787878,0.09511360343119678,0,0,0.21212121212121213,0.28547234794154946
1786902993.5612588,1662,66.44,3,walking,walking,walking,0,0.0,0.6,0.06260609102000803,0.08407676697001805,0.08696422664240286,0.4305935260526324,5.586927604029584,169.41167878052278,0.0,0.8181818181818182,0.8181818181818182,0.0966128200194923,0,0,0.18181818181818182,0.29194496474835585
1786902993.6106195,1663,66.48,3,walking,walking,walking,0,0.0,0.6,0.05614316258210503,0.07027213045833451,0.08840379209898452,0.4385102902189354,5.328761098850296,169.89779617486883,0.0,0.8484848484848485,0.8484848484848485,0.09811649437295077,0,0,0.15151515151515152,0.29839166913330556
1786902993.6419687,1664,66.52,3,standing,walking,walking,0,0.0,0.75,0.04855677897370661,0.057932308305104936,0.08887274782328128,0.4511180568865154,5.290416791305905,172.16731919120122,0.0,0.8484848484848485,0.8484848484848485,0.09948048120916032,0,0,0.15151515151515152,0.3051545875812916
1786902993.6727514,1665,66.56,3,standing,walking,walking,0,0.0,0.75,0.04160798930649464,0.048797179761134755,0.08911971270730211,0.46028826755481245,5.297591506065293,173.00634495783726,0.0,0.8484848484848485,0.8484848484848485,0.1006941519295216,0,0,0.15151515151515152,0.31215057027870285
1786902993.7509553,1666,66.6,3,standing,walking,walking,0,0.0,0.75,0.042354768324225196,0.04180565425174183,0.08256380899746144,0.46929910688975623,5.029799991967708,171.886400224484,0.0,0.8484848484848485,0.8484848484848485,0.10156478128037877,0,0,0.15151515151515152,0.31932794934496206
1786902993.7832599,1667,66.64,3,standing,walking,walking,0,0.0,0.75,0.04365875751682643,0.036530791428498584,0.08118172393973379,0.4731803127358052,4.70942299278052,170.3505434854393,0.0,0.8484848484848485,0.8484848484848485,0.10234066510378084,0,0,0.15151515151515152,0.32689295554980713
1786902993.8131948,1668,66.68,3,standing,standing,standing,0,0.0,0.75,0.048263429307669005,0.03538348920152681,0.07549297933228279,0.4654536478508453,4.523980332787417,168.34096764457038,0.0,0.8484848484848485,0.8484848484848485,0.10281798298003,0,0,0.15151515151515152,0.3341815203939775
1786902993.8622167,1669,66.72,3,standing,standing,standing,0,0.0,0.75,0.05651555401694518,0.04422774364716802,0.07623896326905293,0.44413407396305465,3.9693181115356255,166.4783098691999,0.0,0.8181818181818182,0.8181818181818182,0.10302625914940326,0,0,0.18181818181818182,0.34072205138553285
1786902993.8919334,1670,66.76,3,walking,standing,standing,0,0.0,0.6,0.05963523876762178,0.0643070536833123,0.07805772373569164,0.42366219522617676,3.4271426956556716,165.23296683179666,0.0,0.8181818181818182,0.8181818181818182,0.10292823415692479,0,0,0.18181818181818182,0.3468139958442217
1786902993.9212444,1671,66.8,3,walking,standing,standing,0,0.0,0.6,0.07085035210262494,0.07731477853455807,0.08455451754019656,0.39797666001728776,2.993650127645725,163.3961759811487,0.0,0.8181818181818182,0.8181818181818182,0.10256099322876033,0,0,0.18181818181818182,0.3523753120993696
1786902993.9926403,1672,66.84,3,walking,standing,standing,0,0.0,0.6,0.08159993587580122,0.09363030959144343,0.0992849185046553,0.3864083660700677,2.656346083063841,162.08155928700646,0.0,0.8181818181818182,0.8181818181818182,0.10227492598822051,0,0,0.18181818181818182,0.35755409665723453
1786902994.0337403,1673,66.88,3,walking,standing,standing,0,0.0,0.6,0.099373680533319,0.10357537859722377,0.11044397942687284,0.38924003303739674,2.280138494049477,161.53908193335704,0.0,0.8181818181818182,0.8181818181818182,0.10220414513057162,0,0,0.18181818181818182,0.3625504641284178
1786902994.0648446,1674,66.92,3,walking,walking,walking,0,0.0,0.6046883642463582,0.11221952730117292,0.10884390556434448,0.11078161608353487,0.3849219547506251,2.0061433144378413,161.0226802606863,0.0,0.8181818181818182,0.8181818181818182,0.10219930048645452,0,0,0.18181818181818182,0.3668828571882814
1786902994.13468,1675,66.96,3,walking,walking,walking,0,0.0,0.6373391410862356,0.12115595280848702,0.1147210453955224,0.11805956483401571,0.37562945116481383,1.8903361739885143,159.76023966578447,0.0,0.8181818181818182,0.8181818181818182,0.10254625990068755,0,0,0.18181818181818182,0.37081067020048253
1786902994.1987772,1676,67.0,3,walking,walking,walking,0,0.0,0.9436726777509071,0.12819635148654715,0.16986108199516328,0.12966934957152956,0.36594173430470767,2.2570863535507835,159.4931532874352,0.0,0.8181818181818182,0.8181818181818182,0.10327110862475251,0,0,0.18181818181818182,0.37441395810997263
1786902994.241738,1677,67.04,3,walking,walking,walking,0,0.0,1.0,0.13338725799018006,0.18609473641570642,0.1429687224113239,0.3745089804091533,2.283226719828204,157.20613211530562,0.0,0.8181818181818182,0.8181818181818182,0.10438524703424906,0,0,0.18181818181818182,0.37790449673623383
1786902994.3099632,1678,67.08,3,walking,walking,walking,0,0.0,1.0,0.13369475695431318,0.20066263380254434,0.15330053974412172,0.3954039760550859,2.048392460917399,156.6406203822998,0.0,0.8181818181818182,0.8181818181818182,0.10583213827265092,0,0,0.18181818181818182,0.38176824600357095
1786902994.3419228,1679,67.12,3,walking,walking,walking,0,0.0,1.0,0.1409449505176935,0.1981001059087053,0.15564877365306315,0.41716466975922756,2.0665319247100076,157.0924607474779,0.0,0.8181818181818182,0.8181818181818182,0.10738120265817067,0,0,0.18181818181818182,0.38616338283092794
1786902994.522998,1680,67.16,3,walking,walking,walking,0,0.0,1.0,0.14159523346398337,0.19509390611820251,0.15735473833277092,0.43433896633039143,1.963026065318774,157.3014008732173,0.0,0.8181818181818182,0.8181818181818182,0.10876653630018851,0,0,0.18181818181818182,0.3908759298189794
1786902994.6534357,1681,67.2,3,walking,walking,walking,0,0.0,1.0,0.14533256753321352,0.19466453662300226,0.15862506307747687,0.4500766350118354,1.8030077578838153,157.36898921772416,0.0,0.8181818181818182,0.8181818181818182,0.1101702916912703,0,0,0.18181818181818182,0.3956553372937533
1786902994.685952,1682,67.24,3,walking,walking,walking,0,0.0,1.0,0.14103985265520752,0.1990171674215565,0.15694449596270996,0.45504114761469416,1.7858505506989673,157.69069299376946,0.0,0.8181818181818182,0.8181818181818182,0.11147879676123906,0,0,0.18181818181818182,0.40040200334126735
1786902994.7192032,1683,67.28,3,walking,walking,walking,0,0.0,1.0,0.1355676078582205,0.21213896141170613,0.16151143670425866,0.449249552179172,2.1622607310094404,158.73804853525226,0.0,0.8181818181818182,0.8181818181818182,0.11253951147271538,0,0,0.18181818181818182,0.40468457524929835
1786902994.768669,1684,67.32,3,walking,walking,walking,0,0.0,1.0,0.13013079157836663,0.21712084961347602,0.16082587080361863,0.4514876868944975,2.5747767094956733,158.63218232897464,0.0,0.8181818181818182,0.8181818181818182,0.11354602787166855,0,0,0.18181818181818182,0.4087382252610592
1786902994.81778,1685,67.36,3,walking,walking,walking,0,0.0,1.0,0.12042928395146354,0.1815540076200678,0.1502384329310492,0.46420067615383775,2.9586573443149975,160.43908720958913,0.0,0.8181818181818182,0.8181818181818182,0.11422321293273699,0,0,0.18181818181818182,0.41268022263049453
1786902994.8492532,1686,67.4,3,walking,walking,walking,0,0.0,1.0,0.1124738366206317,0.1816192072638869,0.13590738324303853,0.4839778923086615,3.055172241961245,162.4724687302926,0.0,0.8181818181818182,0.8181818181818182,0.11441774090973815,0,0,0.18181818181818182,0.4169002845933
1786902994.91011,1687,67.44,3,walking,walking,walking,0,0.0,1.0,0.12116355623100539,0.18113431975287997,0.14475069689922251,0.4931803702936036,3.11594782247213,166.84023739335544,0.0,0.8181818181818182,0.8181818181818182,0.11499536296019906,0,0,0.18181818181818182,0.42129948721936006
1786902994.9549074,1688,67.48,3,walking,walking,walking,0,0.0,0.9074346995973941,0.11544069029050805,0.16333824592753093,0.14315708155608065,0.49480285945208236,3.2165369738377505,169.08917519128718,0.0,0.8181818181818182,0.8181818181818182,0.11566905895636796,0,0,0.18181818181818182,0.42564595467132627
1786902995.0047898,1689,67.52,3,walking,walking,walking,0,0.0,0.8579218844956052,0.10637633823396357,0.15442593920920894,0.14265144155898296,0.4961372785086711,3.3448898637604074,170.0190308389509,0.0,0.8181818181818182,0.8181818181818182,0.11668924129380358,0,0,0.18181818181818182,0.4299457415233838
1786902995.0546522,1690,67.56,3,walking,walking,walking,0,0.0,0.7930502840783422,0.09391231485987761,0.1427490511341016,0.13937850781143812,0.49577021703585966,3.6553496407926125,169.84452928966925,0.0,0.8181818181818182,0.8181818181818182,0.11766390984254096,0,0,0.18181818181818182,0.4338763390282505
1786902995.0843022,1691,67.6,3,walking,walking,walking,0,0.0,0.8434869853157911,0.0914979847509118,0.1518276573568424,0.1370079416827248,0.49538052741308614,3.9446580289903843,170.74360060581208,0.0,0.8181818181818182,0.8181818181818182,0.11871950791743566,0,0,0.18181818181818182,0.4374134289834871
1786902995.1135798,1692,67.64,3,walking,walking,walking,0,0.0,0.7881542230550673,0.09191151595598034,0.14186776014991212,0.14166551004382355,0.4937542498676023,3.812015720831776,171.56125237291874,0.0,0.8181818181818182,0.8181818181818182,0.1201233329742205,0,0,0.18181818181818182,0.44036532901422654
1786902995.1619632,1693,67.68,3,walking,walking,walking,0,0.0,0.7317530139592758,0.09195604367971785,0.13171554251266965,0.14058351459407453,0.49217754879677783,3.35153153143425,171.5717960487768,0.0,0.8181818181818182,0.8181818181818182,0.12163341032118441,0,0,0.18181818181818182,0.4428697440733816
1786902995.1916478,1694,67.72,3,walking,walking,walking,0,0.0,0.7428869678911002,0.10325446470660152,0.13371965422039803,0.15724120614615894,0.48528017487429126,3.0783764137971947,172.86152282874679,0.0,0.8181818181818182,0.8181818181818182,0.12361972671705868,0,0,0.18181818181818182,0.44479669956612006
1786902995.2545068,1695,67.76,3,walking,walking,walking,0,0.0,0.6737818931770878,0.10747173238875628,0.1212807407718758,0.15996190092201695,0.4746308300295404,2.6865683371592066,172.07381174453312,0.0,0.8181818181818182,0.8181818181818182,0.12583177745280455,0,0,0.18181818181818182,0.44613116332299607
1786902995.3041272,1696,67.8,3,walking,walking,walking,0,0.0,0.6008048906167301,0.09804897349992553,0.10814488031101141,0.13882395005537612,0.4636618891080559,2.221375422500602,171.52501241801815,0.0,0.8181818181818182,0.8181818181818182,0.12735966102724067,0,0,0.18181818181818182,0.44689333298630285
1786902995.334928,1697,67.84,3,walking,walking,walking,0,0.0,0.655567930669788,0.10275631285416435,0.11800222752056184,0.14034637912504166,0.4464454223061316,2.2649725178345497,170.6577211770059,0.0,0.8484848484848485,0.8484848484848485,0.12891946803638493,0,0,0.15151515151515152,0.4467517379990184
1786902995.3637042,1698,67.88,3,walking,walking,walking,0,0.0,0.7188627414186279,0.10790380868395105,0.12939529345535303,0.1403691044011402,0.42916252378560965,2.227484874624491,170.055212433363,0.0,0.8787878787878788,0.8787878787878788,0.13047247990589514,0,0,0.12121212121212122,0.44580853364237594
1786902995.437435,1699,67.92,3,walking,walking,walking,0,0.0,0.7749361527802364,0.12052402955195042,0.13948850750044256,0.14573823307312028,0.40742696071642737,2.0924437825225115,169.3321156017351,0.0,0.9090909090909091,0.9090909090909091,0.13238685639303632,0,0,0.09090909090909091,0.44393362012197196
1786902995.4665828,1700,67.96,3,walking,walking,walking,0,0.0,0.601400628300675,0.12099578449520493,0.10825211309412149,0.1569618702452934,0.41784096149656297,3.102150950994956,170.17946974369283,0.0,0.9393939393939394,0.9393939393939394,0.1346832244629018,0,0,0.06060606060606061,0.44225667008441927
1786902995.496539,1701,68.0,3,walking,walking,walking,0,0.0,0.6,0.134304408277318,0.10606415510949913,0.16516893434681837,0.410833647709873,4.099337050695342,170.8097261365838,0.0,0.9696969696969697,0.9696969696969697,0.1374006776451604,0,0,0.030303030303030304,0.4406015185649958
1786902995.5415514,1702,68.04,3,walking,walking,walking,0,0.0,0.7477361740442993,0.12909244203816023,0.13459251132797387,0.1812416970231914,0.444061157950682,6.52252555536794,169.44643427833162,0.0,1.0,1.0,0.1405825786680131,0,0,0.0,0.4405993089888633
1786902995.5698466,1703,68.08,3,walking,walking,walking,0,0.0,0.6,0.12079875733169791,0.06685164365139845,0.1789875051308363,0.48249012466751917,10.203248489109518,166.38990600041706,0.0,1.0,1.0,0.14364105689210838,0,0,0.0,0.4423819735173889
1786902995.598053,1704,68.12,3,walking,walking,walking,0,0.0,0.6,0.11280030803648988,0.0,0.18902338103523716,0.49685499026322216,14.67286596728673,159.85654839335814,0.0,1.0,1.0,0.14680678002832176,0,0,0.0,0.44537828655514444
1786902995.694171,1705,68.16,3,walking,walking,walking,0,0.0,0.6,0.10176070878849812,0.0,0.20431740851779645,0.5151037145556143,19.72175174500475,,0.0,1.0,1.0,0.1499895827559927,0,0,0.0,0.449278145600161
1786902995.7515495,1707,68.24,3,walking,walking,walking,0,0.0,0.6,0.11321658311136723,0.0,0.2178102011959671,0.5427845380386964,26.44913803454228,,0.0,1.0,1.0,0.15324310462778343,0,0,0.0,0.4539310093880792
1786902995.8150694,1708,68.28,3,walking,walking,walking,0,0.0,0.6,0.1067520447498117,0.0,0.21368379517382818,0.5803480879918321,32.91337212374707,,0.0,1.0,1.0,0.15636135247900446,0,0,0.0,0.4598530134256915
1786902995.8879673,1709,68.32,3,bending,walking,walking,0,0.0,0.6386136441138894,0.09560442308104153,0.0,0.1980321442791731,0.6284755649531489,38.31681864683337,,0.030303030303030304,0.9696969696969697,1.0,0.15878476397734254,0,0,0.0,0.4675150168738229
1786902995.9313157,1710,68.36,3,bending,walking,walking,0,0.0,0.7298319958471969,0.09041642206064754,0.0,0.1656618843311896,0.6868272783390116,43.789919750831814,,0.06060606060606061,0.9393939393939394,1.0,0.15987544684884739,0,0,0.0,0.4772388212384987
1786902995.9964545,1711,68.4,3,bending,walking,walking,0,0.0,0.7978505913195697,0.07098634369196864,0.0,0.1386181575904011,0.6950059637567877,47.87103547917418,,0.09090909090909091,0.9090909090909091,1.0,0.15974361155124367,0,0,0.0,0.48695085103691194
1786902996.0247464,1712,68.44,3,bending,walking,walking,0,0.0,0.8683715974166287,0.0712343386298323,0.0,0.10092649620294628,0.7169227585879219,52.10229584499773,,0.12121212121212122,0.8787878787878788,1.0,0.15815651932272318,0,0,0.0,0.4966938444469978
1786902996.1841307,1713,68.48,3,bending,bending,bending,0,0.0,0.8980315682593641,0.06741333269135424,0.0,0.03745035724638911,0.7659756253745239,53.88189409556185,,0.15151515151515152,0.8484848484848485,1.0,0.15457474912858155,0,0,0.0,0.5072638734050371
1786902996.2347586,1714,68.52,3,bending,bending,bending,0,0.0,0.9091891774938792,0.07353032432999534,0.0,0.04795272889415705,0.8416357371072292,54.55135064963275,,0.18181818181818182,0.8181818181818182,1.0,0.15125953672135084,0,0,0.0,0.519606199792214
1786902996.2856548,1715,68.56,3,bending,bending,bending,0,0.0,0.8738543070249616,0.07440669296134562,0.0,0.042701730056807746,0.8705408349277179,52.431258421497695,,0.21212121212121213,0.7878787878787878,1.0,0.14774670844799725,0,0,0.0,0.5323475391836043
1786902996.3155973,1716,68.6,3,bending,bending,bending,0,0.0,0.8157322791183118,0.05415226057698944,0.0,0.05803953134923428,0.8755453099548667,48.94393674709871,,0.24242424242424243,0.7575757575757576,1.0,0.14474958830819493,0,0,0.0,0.545090089557549
1786902996.3626225,1717,68.64,3,bending,bending,material_handling,1,1.0,0.7242915763356234,0.06472191486484731,0.0,0.08261552353659286,0.8644236787247427,43.4574945801374,,0.2727272727272727,0.7272727272727273,1.0,0.14235880306068996,1,0,0.0,0.5576711236952937
1786902996.4062536,1718,68.68,3,bending,bending,material_handling,1,1.0,0.6244769956414754,0.06532555552028844,0.0,0.1259352260515973,0.8170456981978368,37.46861973848853,,0.30303030303030304,0.696969696969697,1.0,0.14130151079547715,1,0,0.0,0.5687486391893343
1786902996.4378064,1719,68.72,3,standing,bending,material_handling,1,1.0,0.75,0.07226500242889372,0.0,0.20599867046603373,0.7998101306783346,32.72097825979317,,0.30303030303030304,0.6666666666666666,0.9696969696969697,0.14299121496320397,1,0,0.030303030303030304,0.5789186226597735
1786902996.5139308,1720,68.76,3,standing,bending,material_handling,1,1.0,0.75,0.07643724337002893,0.0,0.20916901459364398,0.7702793521146691,27.62043635793186,,0.30303030303030304,0.6363636363636364,0.9393939393939394,0.14521126439807078,1,0,0.06060606060606061,0.5875944244720769
1786902996.5465572,1721,68.8,3,standing,bending,material_handling,1,1.0,0.75,0.07526006930501522,0.0,0.18733282397327233,0.7340532690783212,22.27084230639307,,0.30303030303030304,0.6060606060606061,0.9090909090909091,0.1465016318851632,1,0,0.09090909090909091,0.5948936032231288
1786902996.6228306,1722,68.84,3,standing,bending,material_handling,1,1.0,0.75,0.0750033919767426,0.0,0.17479985740385828,0.7077417069502021,16.767899763839146,,0.30303030303030304,0.5757575757575758,0.8787878787878788,0.1474605038805504,1,0,0.12121212121212122,0.6013462955715567
1786902996.6922107,1723,68.88,3,standing,standing,material_handling,1,1.0,0.75,0.06906000052589976,0.0,0.1740593475894944,0.6482445691758013,12.568186039207216,,0.30303030303030304,0.5454545454545454,0.8484848484848485,0.14841225860874774,1,0,0.15151515151515152,0.6059556074099546
1786902996.7248583,1724,68.92,3,standing,standing,material_handling,1,1.0,0.75,0.07153707572830387,0.0,0.17586546394443203,0.5912067425704753,8.39343019626243,,0.30303030303030304,0.5151515151515151,0.8181818181818182,0.1495179239461112,1,0,0.18181818181818182,0.6088476233352459
1786902996.7569935,1725,68.96,3,standing,standing,material_handling,1,1.0,0.75,0.0738759533499244,0.0,0.16768473892127383,0.5580742701159024,5.858105785926314,178.47893463701848,0.30303030303030304,0.48484848484848486,0.7878787878787878,0.15044752386243085,1,0,0.21212121212121213,0.6107474337201797
1786902996.8090298,1726,69.0,3,carrying,standing,material_handling,1,1.0,0.6246389018092606,0.0682445155104619,0.21145043734576965,0.16087553792318784,0.5410648363487678,4.171842183174099,177.7238018229552,0.30303030303030304,0.45454545454545453,0.7878787878787878,0.15102964591938126,1,0,0.21212121212121213,0.6121810878559726
1786902996.8402197,1727,69.04,3,carrying,standing,material_handling,1,1.0,0.6175354424782675,0.07318611816920621,0.08501180966106403,0.14448870016721016,0.5292257374637792,3.150783832927955,177.95745618993627,0.30303030303030304,0.42424242424242425,0.7878787878787878,0.15114798487614295,1,0,0.21212121212121213,0.6133037602398212
1786902996.8928816,1728,69.08,3,carrying,standing,material_handling,1,1.0,0.6228722211253888,0.07446153978542176,0.08477666182424383,0.10709787579723526,0.5381203685423147,2.861497521038235,177.7162417700271,0.30303030303030304,0.3939393939393939,0.7878787878787878,0.14962849001708467,1,0,0.21212121212121213,0.6149049782297613
1786902996.9420033,1729,69.12,3,carrying,standing,material_handling,1,1.0,0.6136440151200913,0.07467618909167834,0.08884062571912209,0.08858615771217285,0.5227400252001522,2.3570411374660614,177.49853353835078,0.30303030303030304,0.36363636363636365,0.7878787878787878,0.14746558870769544,1,0,0.21212121212121213,0.6163628326288708
1786902996.9795694,1730,69.16,3,carrying,carrying,material_handling,1,1.0,0.6121643699418946,0.07866203588018998,0.11804128250910084,0.09005381614115124,0.5202739499031577,1.914932112534002,177.41544039674693,0.30303030303030304,0.3333333333333333,0.7878787878787878,0.14598770586180984,1,0,0.21212121212121213,0.6180783496226617
1786902997.0121849,1731,69.2,3,carrying,carrying,material_handling,1,1.0,0.6181487353057998,0.08254008237155573,0.12631334356231588,0.10414509009541292,0.5302478921763331,1.9589796466168692,176.83446840587675,0.30303030303030304,0.30303030303030304,0.7878787878787878,0.14489069710333627,1,0,0.21212121212121213,0.6206178184066072
1786902997.0627584,1732,69.24,3,carrying,carrying,material_handling,1,1.0,0.6271731832545814,0.08852788812410385,0.11254271038224067,0.10245900594919372,0.5452886387576357,2.0954392039255945,176.47607865211378,0.30303030303030304,0.2727272727272727,0.7878787878787878,0.14374190624115604,1,0,0.21212121212121213,0.6241367915875777
1786902997.113737,1733,69.28,3,carrying,carrying,material_handling,1,1.0,0.6297802376590871,0.09670609527833009,0.10872397017105992,0.10416230704048865,0.5496337294318118,2.314492175808567,176.54400046709247,0.30303030303030304,0.24242424242424243,0.7878787878787878,0.1424820296947127,1,0,0.21212121212121213,0.628446087609256
1786902997.145087,1734,69.32,3,carrying,carrying,material_handling,1,1.0,0.6290236901446723,0.1025058815506535,0.1082761157548334,0.10196561180248337,0.5483728169077873,2.623151005968322,176.61809662534856,0.30303030303030304,0.21212121212121213,0.7878787878787878,0.14081547640856693,1,0,0.21212121212121213,0.6324015983792931
1786902997.1972904,1735,69.36,3,carrying,carrying,material_handling,1,1.0,0.6269350307821132,0.10465006193415557,0.10183526329133148,0.1064479658793068,0.5448917179701888,3.13716203610739,176.76986763829598,0.30303030303030304,0.18181818181818182,0.7878787878787878,0.13903605312167264,1,0,0.21212121212121213,0.6364639641447573
1786902997.227393,1736,69.4,3,carrying,carrying,material_handling,1,1.0,0.6255409908505646,0.09926394461095384,0.11256101199112242,0.10850194709746681,0.5425683180842744,4.003872834905743,176.4201562499415,0.30303030303030304,0.15151515151515152,0.7878787878787878,0.13683181827543855,1,0,0.21212121212121213,0.6394490296033509
1786902997.2695045,1737,69.44,3,carrying,carrying,material_handling,1,1.0,0.6266857597765351,0.08893197588003321,0.1131173969902582,0.10729487916055402,0.5444762662942251,4.718557487197122,175.83736736843585,0.30303030303030304,0.12121212121212122,0.7878787878787878,0.13465931445815724,1,0,0.21212121212121213,0.6413273975314329
1786902997.3409119,1738,69.48,3,carrying,carrying,material_handling,1,1.0,0.6251252331357213,0.08331744897039277,0.10837080050338953,0.10562471931011402,0.5418753885595355,5.4530198299857835,175.70537700458993,0.30303030303030304,0.09090909090909091,0.7878787878787878,0.13213208228466872,1,0,0.21212121212121213,0.6426916520252607
1786902997.3726392,1739,69.52,3,carrying,carrying,material_handling,1,1.0,0.6281248650412111,0.07819683600921822,0.09393453989915673,0.10355784136228449,0.5468747750686853,6.135858115601211,175.8993642882794,0.30303030303030304,0.06060606060606061,0.7878787878787878,0.12907876206783497,1,0,0.21212121212121213,0.6436544114347476
1786902997.4039497,1740,69.56,3,carrying,carrying,material_handling,1,1.0,0.6314858341711378,0.07224060860602988,0.08008586455674295,0.09118437341842417,0.5524763902852297,6.886445647358864,176.01370039522925,0.30303030303030304,0.030303030303030304,0.7878787878787878,0.1252416157715458,1,0,0.21212121212121213,0.6439481039270668
1786902997.4585733,1741,69.6,3,carrying,carrying,material_handling,1,1.0,0.6306881619289733,0.06811527177731941,0.08072007108883779,0.08928403797961088,0.5511469365482888,7.284160364992225,176.5426689118129,0.30303030303030304,0.0,0.7878787878787878,0.12147192615959983,1,0,0.21212121212121213,0.6430632205499897
1786902997.4914932,1742,69.64,3,carrying,carrying,material_handling,1,1.0,0.6279770860564565,0.06529528191956807,0.0754612750020745,0.0894134388986317,0.546628476760761,7.371957106282362,176.93931412151338,0.2727272727272727,0.0,0.7878787878787878,0.11818045023897736,1,0,0.21212121212121213,0.640583005756281
1786902997.5498314,1743,69.68,3,carrying,carrying,material_handling,1,1.0,0.6321617125930071,0.06343135611966907,0.07863946659991641,0.09828975603866921,0.5536028543216787,7.042443132444754,176.73815671568954,0.24242424242424243,0.0,0.7878787878787878,0.11613887059374947,1,0,0.21212121212121213,0.6365459019981801
1786902997.6014936,1744,69.72,3,carrying,carrying,material_handling,1,1.0,0.6483033207523187,0.06328157465631473,0.07783179101850417,0.11269695506226449,0.5805055345871979,6.503866935147902,176.5560929992201,0.21212121212121213,0.0,0.7878787878787878,0.11535337960804835,1,0,0.21212121212121213,0.6330761920233439
1786902997.6342363,1745,69.76,3,carrying,carrying,material_handling,1,1.0,0.6542190341023092,0.06409107764847648,0.07709932427688874,0.12213309263908832,0.590365056837182,5.891010903749348,175.62509135257358,0.18181818181818182,0.0,0.7878787878787878,0.1159960037424769,1,0,0.21212121212121213,0.6292411101521095
1786902997.694911,1746,69.8,3,carrying,carrying,material_handling,1,1.0,0.6656701909997885,0.06796971921435375,0.0793199722345608,0.1443102328144781,0.6094503183329809,5.111856514778912,175.12323779456588,0.15151515151515152,0.0,0.7878787878787878,0.11923418178999476,1,0,0.21212121212121213,0.6244979190296384
1786902997.764166,1747,69.84,3,carrying,carrying,material_handling,1,1.0,0.6845326567933918,0.0699659635649345,0.08805374648115613,0.1631262476493377,0.6408877613223197,4.180386286264209,174.99268319417575,0.12121212121212122,0.0,0.7878787878787878,0.1227242884189396,1,0,0.21212121212121213,0.6184146470361562
1786902997.7941542,1748,69.88,3,carrying,carrying,carrying,0,0.0,0.7117156780937343,0.06977923125105058,0.085449039886688,0.1759260703391245,0.6861927968228905,3.1268084744345326,174.4864475925812,0.09090909090909091,0.0,0.7878787878787878,0.1267613896396159,0,0,0.21212121212121213,0.6128283428511615
1786902997.8273423,1749,69.92,3,walking,carrying,carrying,0,0.0,0.6,0.06746837853156112,0.08689462163108781,0.1805422522913957,0.7279349512206466,2.248904841621651,173.46760026080545,0.06060606060606061,0.030303030303030304,0.7878787878787878,0.13047359330452987,0,0,0.21212121212121213,0.6083553016773973
1786902997.879039,1750,69.96,3,walking,carrying,carrying,0,0.0,0.6,0.06688684321095717,0.08563315474495196,0.18150922877252434,0.7700820190676212,1.496593523856034,172.33538136869203,0.030303030303030304,0.06060606060606061,0.7878787878787878,0.13347037225107325,0,0,0.21212121212121213,0.6054964635059694
1786902997.9178634,1751,70.0,3,carrying,carrying,carrying,0,0.0,0.7872498010271795,0.06331370029671474,0.09073013542704386,0.17970452663483405,0.8120830017119658,1.0321324215447898,170.4035308354908,0.0,0.06060606060606061,0.7878787878787878,0.13509974499601982,0,0,0.21212121212121213,0.6053460787639733
1786902997.9846532,1752,70.04,3,carrying,carrying,carrying,0,0.0,0.8082101808100635,0.05847377130701806,0.08154890266373879,0.17437419816889924,0.8470169680167725,0.8280082798400435,168.55467545178692,0.0,0.06060606060606061,0.8181818181818182,0.1341414276536824,0,0,0.18181818181818182,0.6067765889863501
1786902998.0732305,1753,70.08,3,walking,carrying,carrying,0,0.0,0.6,0.04989085606538104,0.07706975625044171,0.1388969121285334,0.8800326480116103,0.9740978438840848,167.57553715616987,0.0,0.09090909090909091,0.8484848484848485,0.1320119700032245,0,0,0.15151515151515152,0.6101024464377727
1786902998.1281908,1754,70.12,3,walking,carrying,carrying,0,0.0,0.6,0.04477552192445742,0.07256985726984105,0.12914507087138974,0.8809650429869399,1.212839433440737,166.98774161497252,0.0,0.12121212121212122,0.8787878787878788,0.1302487047577129,0,0,0.12121212121212122,0.6145543183743973
1786902998.1758986,1755,70.16,3,walking,walking,walking,0,0.0,0.6,0.038997915236565955,0.06101006671379117,0.10461390558775854,0.9019932532199785,1.379598782498461,167.10964942625426,0.0,0.15151515151515152,0.9090909090909091,0.1281218577329826,0,0,0.09090909090909091,0.6204407288674209
1786902998.2272134,1756,70.2,3,standing,walking,walking,0,0.0,0.75,0.03419095867555785,0.047321895085266893,0.08485696040877369,0.9101842956270484,1.450046179761384,167.33910954644517,0.0,0.15151515151515152,0.9090909090909091,0.12541875509114261,0,0,0.09090909090909091,0.6283782963356406
1786902998.259107,1757,70.24,3,standing,walking,walking,0,0.0,0.75,0.032013110128267824,0.04263555767527568,0.06839461000896238,0.8931857942032267,1.424780307271634,167.3692507641626,0.0,0.15151515151515152,0.9090909090909091,0.12216206254764352,0,0,0.09090909090909091,0.6375291766881481
1786902998.2908669,1758,70.28,3,standing,walking,walking,0,0.0,0.75,0.03038564432549438,0.03954148901041828,0.07206158300506109,0.8676456973040942,1.4213281644333855,167.60260071223914,0.0,0.15151515151515152,0.9090909090909091,0.11926439115624314,0,0,0.09090909090909091,0.6469101290271843
1786902998.3467093,1759,70.32,3,standing,walking,walking,0,0.0,0.75,0.028812524901904613,0.03845095988330063,0.0774394616455072,0.8592294140370119,1.538793244723268,168.07145878039637,0.0,0.15151515151515152,0.8787878787878788,0.11673602520843462,0,0,0.12121212121212122,0.656551479866222
1786902998.3971767,1760,70.36,3,standing,standing,standing,0,0.0,0.75,0.024872920387571433,0.03401321953973318,0.08628690128655045,0.8428052912912379,1.6183218228200633,168.86054172421743,0.0,0.15151515151515152,0.8484848484848485,0.11497233433326312,0,0,0.15151515151515152,0.6660538905882661
1786902998.4293952,1761,70.4,3,standing,standing,standing,0,0.0,0.75,0.022057646027172275,0.029456533551964495,0.09232210643002427,0.829120022228623,1.5825889231185433,170.02586330630123,0.0,0.15151515151515152,0.8181818181818182,0.11452458374637794,0,0,0.18181818181818182,0.6748720619120937
1786902998.4810164,1762,70.44,3,standing,standing,standing,0,0.0,0.75,0.020579191962715227,0.024535731877346156,0.09748541352472147,0.8190777152273889,1.4176122955741814,171.4799112014958,0.0,0.15151515151515152,0.7878787878787878,0.11479425816494003,0,0,0.21212121212121213,0.683851991912919
1786902998.5115023,1763,70.48,3,standing,standing,standing,0,0.0,0.75,0.02135791981482056,0.01823816422232792,0.08712473715688923,0.8108470251687043,1.2890875447431682,172.61890047214033,0.0,0.15151515151515152,0.7575757575757576,0.11470549819571996,0,0,0.24242424242424243,0.6926572366179357
1786902998.544849,1764,70.52,3,standing,standing,standing,0,0.0,0.75,0.019157547699056962,0.01944037150245702,0.08707987021872585,0.8242178796364088,1.1016894248210836,173.16303023753636,0.0,0.15151515151515152,0.7272727272727273,0.11418837032066884,0,0,0.2727272727272727,0.7015654180561197
1786902998.6123435,1765,70.56,3,standing,standing,standing,0,0.0,0.75,0.022969967291939185,0.022017053414082118,0.11102091087429536,0.8537232562656335,1.0283478634629124,173.29530707499316,0.0,0.15151515151515152,0.696969696969697,0.11444782198506585,0,0,0.30303030303030304,0.7109119216169683
1786902998.6429474,1766,70.6,3,standing,standing,standing,0,0.0,0.75,0.025369619915047256,0.02630154583133459,0.11239362086506446,0.8788978869970908,0.9118360103024482,173.82224537405244,0.0,0.15151515151515152,0.6666666666666666,0.11469725573732574,0,0,0.3333333333333333,0.7208896233613706
1786902998.6722832,1767,70.64,3,standing,standing,standing,0,0.0,0.75,0.028256384663002294,0.045463286213383386,0.14508910753865495,0.9204690106129854,1.4069799257915778,174.18145230919419,0.0,0.15151515151515152,0.6363636363636364,0.11600402833539153,0,0,0.36363636363636365,0.7321652655948614
1786902998.7189603,1768,70.68,3,walking,standing,standing,0,0.0,0.6,0.027839930208590172,0.06099381817119947,0.15086015851633566,0.9497385895616891,1.6072979458039227,174.4843698779502,0.0,0.18181818181818182,0.6363636363636364,0.11734985235469544,0,0,0.36363636363636365,0.7444333526127858
1786902998.7479117,1769,70.72,3,walking,standing,standing,0,0.0,0.6,0.02808869592292114,0.06831201183749272,0.15174386494770278,0.959024623469435,1.7928413972355135,174.9374131456647,0.0,0.21212121212121213,0.6363636363636364,0.1186602135016723,0,0,0.36363636363636365,0.7570532406547603
1786902998.8010693,1770,70.76,3,walking,standing,standing,0,0.0,0.6,0.03255981088298103,0.07538724013534012,0.15886612727027064,0.9746325174817047,2.317907781686941,175.14791409468216,0.0,0.24242424242424243,0.6363636363636364,0.12022297859590612,0,0,0.36363636363636365,0.7700882785695323
1786902998.8665802,1771,70.8,3,walking,standing,standing,0,0.0,0.6,0.034719817764806885,0.09348952907447869,0.21039222973905822,1.0012067349689053,2.5897226771379427,175.5065301891176,0.0,0.2727272727272727,0.6363636363636364,0.12339775163920746,0,0,0.36363636363636365,0.7840074102789072
1786902998.8968089,1772,70.84,3,walking,walking,walking,0,0.0,0.6,0.03523651072802034,0.09850637020724223,0.222563446381895,1.0423874694377653,2.9726036625121117,175.9043312227703,0.0,0.30303030303030304,0.6363636363636364,0.12700398209434716,0,0,0.36363636363636365,0.7990229464719096
1786902998.9288645,1773,70.88,3,walking,walking,walking,0,0.0,0.6786489628899289,0.038135337193662605,0.1221568133201872,0.27894832551728427,1.0672017444469588,3.5672021644104226,175.999877912552,0.0,0.3333333333333333,0.6363636363636364,0.13269379882461566,0,0,0.36363636363636365,0.8146206844768105
1786902999.0160239,1774,70.92,3,walking,walking,walking,0,0.0,0.6876961509901497,0.03979065727279543,0.12378530717822694,0.28274824534551063,1.0683395843717678,4.344676550361967,176.28212630599774,0.0,0.36363636363636365,0.6363636363636364,0.13855635056297627,0,0,0.36363636363636365,0.8302931889563098
1786902999.0543935,1775,70.96,3,walking,walking,walking,0,0.0,0.6921948744770691,0.04374205401666559,0.12459507740587242,0.3049288663763369,1.0254970299801398,5.120655246797009,176.70496261711023,0.0,0.3939393939393939,0.6363636363636364,0.1450871210926037,0,0,0.36363636363636365,0.844804357235685
1786902999.12671,1776,71.0,3,walking,walking,walking,0,0.0,0.6137075823583122,0.04468471257369124,0.1104673648244962,0.2688284140197627,0.9760769305982943,5.790287966275984,176.71471774876113,0.0,0.42424242424242425,0.6363636363636364,0.15025495921324292,0,0,0.36363636363636365,0.8576066019713399
1786902999.1746783,1777,71.04,3,walking,walking,walking,0,0.0,0.8500236376563444,0.048014968968465604,0.15300425477814197,0.3707147119764876,0.9028778680597828,5.54891150165554,176.89978263802138,0.0,0.45454545454545453,0.6363636363636364,0.15807367911973452,0,0,0.36363636363636365,0.8673754605614183
1786902999.2248406,1778,71.08,3,walking,walking,walking,0,0.0,0.8217338132552766,0.055202483435397735,0.1479120863859498,0.35188442879880066,0.8446071856036201,5.59780382656634,176.81558505950423,0.0,0.48484848484848486,0.6363636363636364,0.165035840821544,0,0,0.36363636363636365,0.8750797674937346
1786902999.257606,1779,71.12,3,walking,walking,walking,0,0.0,0.7910456793126849,0.05856177573533129,0.14238822227628328,0.33096362604320817,0.7871363160000466,5.303360427605849,176.83707553568712,0.0,0.5151515151515151,0.6363636363636364,0.1706920042527176,0,0,0.36363636363636365,0.880464191665464
1786902999.3072677,1780,71.16,3,walking,walking,walking,0,0.0,0.6945202511231542,0.06903095556351144,0.12501364520216776,0.29047065128962063,0.7306117089136474,4.828409785804463,177.10058332110523,0.0,0.5454545454545454,0.6363636363636364,0.1745509255751504,0,0,0.36363636363636365,0.8831830991682313
1786902999.3398528,1781,71.2,3,walking,walking,walking,0,0.0,0.6771409684931396,0.07242179771151838,0.12188537432876514,0.28587682901417655,0.666513761615419,4.707084053903988,177.25292416850743,0.0,0.5757575757575758,0.6363636363636364,0.17788276674712167,0,0,0.36363636363636365,0.8825867647680051
1786902999.4095383,1782,71.24,3,walking,walking,walking,0,0.0,0.6,0.07476604364058274,0.10447358692093639,0.23258800887474124,0.5897995656577468,4.6814340147577935,176.53153647249752,0.0,0.5757575757575758,0.6363636363636364,0.17945991088601096,0,0,0.36363636363636365,0.8784008439933717
1786902999.46211,1783,71.28,3,walking,walking,walking,0,0.0,0.6069015649739261,0.07427289183268498,0.1092422816953067,0.20842445444346008,0.5254809195369866,4.326694262008761,175.21996732065114,0.0,0.5757575757575758,0.6363636363636364,0.1802755237851302,0,0,0.36363636363636365,0.8709886894621403
1786902999.494123,1784,71.32,3,walking,walking,walking,0,0.0,0.607217884443152,0.0688716478907872,0.10929921919976734,0.19336333304310635,0.5007479766158462,3.905021099012591,173.7977611124066,0.0,0.6060606060606061,0.6363636363636364,0.18068942700962334,0,0,0.36363636363636365,0.8615542947622579
1786902999.5240684,1785,71.36,3,walking,walking,walking,0,0.0,0.6,0.06506027978816122,0.10381443995124734,0.19001200844974686,0.4648739591470862,3.543150689175012,172.8285682290802,0.0,0.6363636363636364,0.6363636363636364,0.18116330004843692,0,0,0.36363636363636365,0.8499742035843887
1786902999.5709736,1786,71.4,3,standing,walking,walking,0,0.0,0.75,0.05992938541166351,0.04616229007747594,0.09308596326962362,0.42827641674413613,3.1864980986060947,171.4423501286451,0.0,0.6060606060606061,0.6060606060606061,0.17977508947695475,0,0,0.3939393939393939,0.8362846208187076
1786902999.6006567,1787,71.44,3,standing,walking,walking,0,0.0,0.75,0.05169092597378886,0.04483682664937741,0.08828885935497582,0.3954372761499165,3.1554137326453846,169.75072897671922,0.0,0.5757575757575758,0.5757575757575758,0.17853702246130587,0,0,0.42424242424242425,0.8215716581872827
1786902999.6547508,1788,71.48,3,standing,walking,walking,0,0.0,0.75,0.04492233869248384,0.05040412056375511,0.08437208233544255,0.3605148849132529,3.2094717539176307,168.83568960891074,0.0,0.5454545454545454,0.5454545454545454,0.17792363387790236,0,0,0.45454545454545453,0.8051632227840485
1786902999.7026849,1789,71.52,3,standing,walking,walking,0,0.0,0.75,0.035234798446832465,0.05748132754948957,0.07408367935579824,0.3244300240982182,3.3462638012344015,168.03691923128858,0.0,0.5454545454545454,0.5454545454545454,0.17759717081569099,0,0,0.45454545454545453,0.7874130933437811
1786902999.7390933,1790,71.56,3,standing,standing,standing,0,0.0,0.75,0.035009351479907413,0.056971596708456716,0.0713956034918337,0.2907552769844924,3.290718916807542,167.45541989385654,0.0,0.5454545454545454,0.5454545454545454,0.1776881100121416,0,0,0.45454545454545453,0.7691576231250313
1786902999.7892256,1791,71.6,3,standing,standing,standing,0,0.0,0.75,0.036203040873541724,0.05220192415945226,0.07272559663733016,0.2662209127269802,3.098439932417838,166.9550813678981,0.0,0.5454545454545454,0.5454545454545454,0.1777082316373619,0,0,0.45454545454545453,0.7509326296529977
1786902999.946745,1792,71.64,3,standing,standing,standing,0,0.0,0.75,0.04411246109655701,0.047116748422630514,0.0731497192029778,0.24711976872648794,2.7782154366584857,166.66338544979078,0.0,0.5454545454545454,0.5454545454545454,0.17757823944213372,0,0,0.45454545454545453,0.7323838525223757
1786902999.97952,1793,71.68,3,standing,standing,standing,0,0.0,0.75,0.05363788809191164,0.05239706507262094,0.07894774674222445,0.22948151863889596,2.450349919268893,166.79906908714003,0.0,0.5454545454545454,0.5454545454545454,0.1773558408195784,0,0,0.45454545454545453,0.7137982836541229
1786903000.0113447,1794,71.72,3,walking,standing,standing,0,0.0,0.6,0.0629925698882248,0.06359974388750925,0.08331473136069077,0.21947681713375206,2.0269134152158435,166.12737472257805,0.0,0.5757575757575758,0.5757575757575758,0.17708289005990163,0,0,0.42424242424242425,0.6953242471360965
1786903000.0882726,1795,71.76,3,walking,standing,standing,0,0.0,0.6,0.07129575832769776,0.0749157016736001,0.08723742831829834,0.2184066535892642,1.451382774396789,165.0992118870857,0.0,0.6060606060606061,0.6060606060606061,0.17677234505364636,0,0,0.3939393939393939,0.6771220937531229
1786903000.1191854,1796,71.8,3,walking,standing,standing,0,0.0,0.6,0.07883258465178426,0.08117482409856108,0.08664370674493115,0.22278381907829062,1.4493351593106998,165.13614751737964,0.0,0.6363636363636364,0.6363636363636364,0.17675776837449617,0,0,0.36363636363636365,0.6593019965988681
1786903000.1500027,1797,71.84,3,walking,standing,standing,0,0.0,0.6,0.08520087937194193,0.09161079504021513,0.09043665708725493,0.23217699248114004,1.3347633954066904,166.50842308971704,0.0,0.6666666666666666,0.6666666666666666,0.17685948918869399,0,0,0.3333333333333333,0.641361363654769
1786903000.2012877,1798,71.88,3,walking,walking,walking,0,0.0,0.6,0.0881913035923079,0.09089434968966698,0.10223407086801067,0.242700553422231,1.20482912557225,167.12880787531074,0.0,0.696969696969697,0.696969696969697,0.17659322130971564,0,0,0.30303030303030304,0.622845524174666
1786903000.2321599,1799,71.92,3,walking,walking,walking,0,0.0,0.6,0.09353401508580568,0.09681685461498546,0.11557462109437669,0.2562651289463714,1.4887347274145406,166.48436748494407,0.0,0.7272727272727273,0.7272727272727273,0.17668961525605845,0,0,0.2727272727272727,0.6039778648397957
1786903000.2877867,1800,71.96,3,walking,walking,walking,0,0.0,0.6,0.09573178030037181,0.1059543227318886,0.11968211964910325,0.26600337282642394,1.8619474756356307,164.2810031675427,0.0,0.7575757575757576,0.7575757575757576,0.17591970653213265,0,0,0.24242424242424243,0.5841455727856574
1786903000.3386822,1801,72.0,3,walking,walking,walking,0,0.0,0.6872739633541095,0.09211254140946737,0.1237093134037397,0.12990579471798624,0.2694569230348392,2.0065537043437716,163.16947174351318,0.0,0.7575757575757576,0.7575757575757576,0.17528472581097054,0,0,0.24242424242424243,0.5635309768302984
1786903000.3729296,1802,72.04,3,walking,walking,walking,0,0.0,0.6578610425002361,0.09257309528345697,0.11841498765004249,0.13591123340798786,0.2823121974753277,2.1118459571510177,162.6619949119141,0.0,0.7575757575757576,0.7575757575757576,0.17480494909764585,0,0,0.24242424242424243,0.5430245396789618
1786903000.4050133,1803,72.08,3,walking,walking,walking,0,0.0,0.6358919428808399,0.09200924267286831,0.11446054971855119,0.13434061083100862,0.2846740956586564,2.3583943519473616,162.84252288563906,0.0,0.7575757575757576,0.7575757575757576,0.17406175162978943,0,0,0.24242424242424243,0.5221167087146269
1786903000.4698882,1804,72.12,3,walking,walking,walking,0,0.0,0.6,0.08821550913393977,0.10473216061613617,0.12811484995034964,0.29577963862373446,2.8170565665492244,163.9169639467205,0.0,0.7575757575757576,0.7575757575757576,0.17156849769679824,0,0,0.24242424242424243,0.5007401300375005
1786903000.50777,1805,72.16,3,walking,walking,walking,0,0.0,0.6,0.08234578223634959,0.09413290448249342,0.13277313774585606,0.2874687685980543,3.2640962080605407,165.02881913944552,0.0,0.7575757575757576,0.7575757575757576,0.1688475792532819,0,0,0.24242424242424243,0.47786380576963056
1786903000.5395863,1806,72.2,3,walking,walking,walking,0,0.0,0.6,0.07521347395437805,0.07679462683471688,0.12972995170246485,0.27747967264327705,3.516378847660616,165.58155629053442,0.0,0.7575757575757576,0.7575757575757576,0.16432581034980256,0,0,0.24242424242424243,0.45393283389679173
1786903000.5901358,1807,72.24,3,walking,walking,walking,0,0.0,0.6,0.07413173165973791,0.07149697779006682,0.13373003574951853,0.28577496585806933,4.086450089927801,165.01409707714808,0.0,0.7575757575757576,0.7575757575757576,0.1598101070287119,0,0,0.24242424242424243,0.4302187545478917
1786903000.622538,1808,72.28,3,walking,walking,walking,0,0.0,0.6,0.06847842462719345,0.06506127677814347,0.11990880018067342,0.30827361517523366,4.869733618539909,164.51124938666192,0.0,0.7575757575757576,0.7575757575757576,0.15420343835611602,0,0,0.24242424242424243,0.4084847116750158
1786903000.660431,1809,72.32,3,standing,walking,walking,0,0.0,0.75,0.06117314174148181,0.05746907593007557,0.10650336771691557,0.33382392649979925,5.546448575827293,165.00717506996395,0.0,0.7272727272727273,0.7272727272727273,0.14928449755906,0,0,0.2727272727272727,0.3890224994296068
1786903000.747041,1810,72.36,3,standing,walking,walking,0,0.0,0.75,0.05149707481858992,0.040218480835150956,0.0948657743125471,0.35947253553906433,6.2744781221733685,166.6253461762458,0.0,0.696969696969697,0.696969696969697,0.14092543884197092,0,0,0.30303030303030304,0.3725556711714033
1786903000.778603,1811,72.4,3,standing,walking,walking,0,0.0,0.75,0.042478557856254096,0.040508218569928256,0.08799569650683928,0.383420073812617,7.332899187079848,167.72659946164234,0.0,0.6666666666666666,0.6666666666666666,0.13292881059069936,0,0,0.3333333333333333,0.35858030414743347
1786903000.8164265,1812,72.44,3,standing,walking,walking,0,0.0,0.75,0.035180405291609575,0.03639812086300088,0.08921529294442332,0.39653352049486673,8.561462327460834,168.81757563157495,0.0,0.6363636363636364,0.6363636363636364,0.12560310352709986,0,0,0.36363636363636365,0.34674385579879163
1786903000.8673325,1813,72.48,3,walking,standing,standing,0,0.0,0.6,0.038023842859499724,0.07753328631455039,0.1751371417898612,0.40415880659596237,9.779719165439415,169.3623263140016,0.0,0.6363636363636364,0.6363636363636364,0.12210814869377379,0,0,0.36363636363636365,0.3368513436073467
1786903000.9964485,1814,72.52,3,walking,standing,standing,0,0.0,0.6,0.037553297031984,0.08575094104741382,0.17537465166195926,0.41663405645444723,10.856220495484926,170.11032334268046,0.0,0.6363636363636364,0.6363636363636364,0.11875959786491871,0,0,0.36363636363636365,0.32927923132974146
1786903001.0276933,1815,72.56,3,walking,standing,standing,0,0.0,0.6,0.04110556210591988,0.08774325796207263,0.17503107904113774,0.4421810256685893,11.666496458387929,170.91785571767997,0.0,0.6363636363636364,0.6363636363636364,0.11701544847602165,0,0,0.36363636363636365,0.32480594223916087
1786903001.1975875,1816,72.6,3,walking,standing,standing,0,0.0,0.6,0.04466757051679474,0.08872150341742792,0.16446852692128033,0.4719049616873415,11.969309561868721,171.86644534980775,0.0,0.6363636363636364,0.6363636363636364,0.11568345067231922,0,0,0.36363636363636365,0.32318242836492933
1786903001.2330914,1817,72.64,3,walking,walking,walking,0,0.0,0.6,0.05243309558962418,0.0895441823079783,0.1687572738474978,0.49016509415552767,11.906974776761668,172.873726545048,0.0,0.6363636363636364,0.6363636363636364,0.11493781251487654,0,0,0.36363636363636365,0.3228617349570408
1786903001.2767756,1818,72.68,3,walking,walking,walking,0,0.0,0.6,0.06023223033184613,0.08780482369988168,0.1723480908937728,0.4998174377139316,11.391151142415069,174.10545662467823,0.0,0.6363636363636364,0.6363636363636364,0.11440254228590763,0,0,0.36363636363636365,0.32392062824694523
1786903001.362042,1819,72.72,3,carrying,walking,walking,0,0.0,0.6012342545519064,0.06613086240983673,0.08836212599835089,0.17246393218959785,0.5020570909198441,10.62433524941252,174.98839648794268,0.0,0.6363636363636364,0.6666666666666666,0.11680793528348261,0,0,0.3333333333333333,0.3261564062522697
1786903001.3927119,1820,72.76,3,walking,walking,walking,0,0.0,0.8104196031498447,0.06679192140789506,0.14587552856697206,0.2704884958062074,0.5012709741234075,9.589186932721258,176.01496664942874,0.0,0.6666666666666666,0.696969696969697,0.12232913638806538,0,0,0.30303030303030304,0.3293634880090422
1786903001.4246871,1821,72.8,3,walking,walking,walking,0,0.0,0.8224347103154694,0.06515777853325438,0.1480382478567845,0.268235493827443,0.49483824397407916,8.508953437355292,176.77956815081347,0.0,0.696969696969697,0.7272727272727273,0.127900754918126,0,0,0.2727272727272727,0.3334338928290672
1786903001.474148,1822,72.84,3,walking,walking,walking,0,0.0,0.6,0.05578619482137218,0.10707593695740909,0.18649902807206686,0.48551423096923685,7.381312524673253,177.27396102728125,0.0,0.7272727272727273,0.7575757575757576,0.1313072806368008,0,0,0.24242424242424243,0.3383152324312193
1786903001.532762,1823,72.88,3,walking,walking,walking,0,0.0,0.6,0.055477138891544105,0.09891185935563264,0.1825442852991903,0.4777164818509177,6.215714366309713,177.78393684029103,0.0,0.7575757575757576,0.7878787878787878,0.134675422509751,0,0,0.21212121212121213,0.3439807234877776
1786903001.5699456,1824,72.92,3,walking,walking,walking,0,0.0,0.6,0.050555510976727565,0.09794536108492832,0.17466535161639507,0.4590075830460341,5.15344204120478,178.16203197589644,0.0,0.7878787878787878,0.8181818181818182,0.1377645059939651,0,0,0.18181818181818182,0.3498227438004762
1786903001.623182,1825,72.96,3,walking,walking,walking,0,0.0,0.6,0.04333934348661813,0.0982736866065723,0.17028640282338423,0.4372218259908582,4.455306653405016,178.46485964032485,0.0,0.8181818181818182,0.8484848484848485,0.14070804186125013,0,0,0.15151515151515152,0.35558341220242684
1786903001.6534605,1826,73.0,3,walking,walking,walking,0,0.0,0.7141976828247563,0.03097213542491805,0.12855558290845612,0.1873831423310195,0.404961842069903,4.293586095016009,178.10198291985972,0.0,0.8484848484848485,0.8787878787878788,0.14399396293969846,0,0,0.12121212121212122,0.36090099776094225
1786903001.6886032,1827,73.04,3,walking,walking,walking,0,0.0,0.8009097235989756,0.02361725218312562,0.1441637502478156,0.2014667897627709,0.3768818153147995,4.379328045353329,178.00190124016385,0.0,0.8484848484848485,0.8787878787878788,0.1475743283458221,0,0,0.12121212121212122,0.3656708461906709
1786903001.752345,1828,73.08,3,walking,walking,walking,0,0.0,0.8749207847353461,0.019528903349277458,0.15748574125236228,0.2173727861775268,0.3626490732945316,4.818385608808562,177.8027236086184,0.0,0.8484848484848485,0.8787878787878788,0.15151782403852598,0,0,0.12121212121212122,0.37004182860598206
1786903001.7822094,1829,73.12,3,walking,walking,walking,0,0.0,0.7685622890604575,0.02313363319446354,0.13834121203088234,0.16180283985583652,0.33895969350156646,5.537099992159149,177.66563288363346,0.0,0.8484848484848485,0.8787878787878788,0.15379537352673525,0,0,0.12121212121212122,0.37356230964911163
1786903001.8137326,1830,73.16,3,walking,walking,walking,0,0.0,0.8830783755039128,0.028248059210743495,0.1589541075907043,0.19141138670760327,0.33980110289267196,6.154237495872398,177.42849264586675,0.0,0.8484848484848485,0.8787878787878788,0.15685521381826095,0,0,0.12121212121212122,0.3768236463282489
1786903001.8635979,1831,73.2,3,walking,walking,walking,0,0.0,0.923426905874234,0.036667271721190255,0.16621684305736212,0.1985569884009874,0.33174473266628873,6.581773114042422,177.22261716805647,0.0,0.8484848484848485,0.8787878787878788,0.15977409010713906,0,0,0.12121212121212122,0.3795219547901901
1786903001.8948743,1832,73.24,3,walking,walking,walking,0,0.0,1.0,0.04677881419271875,0.2642846452067924,0.25590909439618964,0.32878503969969386,6.610669065955197,176.96966112809145,0.0,0.8484848484848485,0.8787878787878788,0.16402664990416366,0,0,0.12121212121212122,0.3817195278433211
1786903001.9603138,1833,73.28,3,walking,walking,walking,0,0.0,1.0,0.06561545296830201,0.2659011512713043,0.2665220804905614,0.33150000341948344,6.475205815238444,176.73196494014073,0.0,0.8484848484848485,0.8787878787878788,0.16847634568723818,0,0,0.12121212121212122,0.383704274224929
1786903002.0097148,1834,73.32,3,walking,walking,walking,0,0.0,1.0,0.07892481731375665,0.2685816293737312,0.28263446962093486,0.3303092157808745,6.09013399458482,176.1453105021729,0.0,0.8484848484848485,0.8787878787878788,0.17310448735096393,0,0,0.12121212121212122,0.3855482830960209
1786903002.04286,1835,73.36,3,walking,walking,walking,0,0.0,1.0,0.08970172118892134,0.2490268421775288,0.2562778739312391,0.337653518973424,5.7745023859934115,175.9045086363543,0.0,0.8484848484848485,0.8787878787878788,0.17675196130621393,0,0,0.12121212121212122,0.3872252928383875
1786903002.1152666,1836,73.4,3,walking,walking,walking,0,0.0,1.0,0.09495479328459608,0.24864976030169814,0.23751088322022668,0.35317467950979164,5.490081254576123,175.8388694224707,0.0,0.8484848484848485,0.8787878787878788,0.1798783331967963,0,0,0.12121212121212122,0.38930106810660364
1786903002.1818888,1837,73.44,3,walking,walking,walking,0,0.0,1.0,0.09917256209999922,0.24386620529923966,0.219600596186549,0.36415852600055554,5.1203346633717635,175.46781388467772,0.0,0.8484848484848485,0.8787878787878788,0.1826506285372872,0,0,0.12121212121212122,0.391373155602871
1786903002.2156808,1838,73.48,3,walking,walking,walking,0,0.0,1.0,0.09792547624165107,0.20451936168718962,0.18304887476856627,0.3563968213131168,4.588959347225818,175.1455413135174,0.0,0.8484848484848485,0.8787878787878788,0.18417413571979357,0,0,0.12121212121212122,0.39346188447302444
1786903002.2450397,1839,73.52,3,walking,walking,walking,0,0.0,1.0,0.09705197691128786,0.18596459553492478,0.15067095480327652,0.3591663757607201,3.9436103525780672,174.84960023695385,0.0,0.8484848484848485,0.8787878787878788,0.18480871157133327,0,0,0.12121212121212122,0.395937239112947
1786903002.2950358,1840,73.56,3,walking,walking,walking,0,0.0,1.0,0.0935699640433098,0.18155548440221642,0.1500004316870853,0.34578009140884747,3.475455390126072,174.5548037087926,0.0,0.8484848484848485,0.8787878787878788,0.18530175387247166,0,0,0.12121212121212122,0.3977555762508493
1786903002.3280036,1841,73.6,3,walking,walking,walking,0,0.0,0.6,0.08609267187957184,0.08779267364221816,0.09135806871948436,0.34975613286792634,3.001493279589302,174.1049313767591,0.0,0.8484848484848485,0.8787878787878788,0.18443658019182957,0,0,0.12121212121212122,0.39901262224153694
1786903002.3642132,1842,73.64,3,walking,walking,walking,0,0.0,0.6,0.07531380043188987,0.09229948547971076,0.0908676302960537,0.36306226875409636,2.7923705834647423,173.54631583548817,0.0,0.8787878787878788,0.9090909090909091,0.18396276996695496,0,0,0.09090909090909091,0.3998986326128792
1786903002.4182549,1843,73.68,3,walking,walking,walking,0,0.0,0.6,0.068644835898915,0.09074910996863342,0.07907884973980032,0.37888031633903035,2.9504930832945524,173.0315920033833,0.0,0.9090909090909091,0.9393939393939394,0.18348437831323539,0,0,0.06060606060606061,0.40048674718257526
1786903002.448447,1844,73.72,3,walking,walking,walking,0,0.0,0.6,0.0631775890225415,0.0837689564409569,0.08791385289921858,0.3856433290921514,3.4604094720388794,172.89167330485662,0.0,0.9393939393939394,0.9696969696969697,0.18348189820391353,0,0,0.030303030303030304,0.4005541185546823
1786903002.479886,1845,73.76,3,walking,walking,walking,0,0.0,0.6,0.0628270654044271,0.07571317383752255,0.097764728299329,0.3864108133663263,3.772996016487138,172.90931004180683,0.0,0.9696969696969697,1.0,0.18374097200254708,0,0,0.0,0.4002473698538175
1786903002.5514722,1846,73.8,3,walking,walking,walking,0,0.0,0.6,0.06218352967377613,0.07370832820607451,0.10459599190315864,0.38372355679436543,3.8152656123094224,171.89904028402955,0.0,0.9696969696969697,1.0,0.1816033613999197,0,0,0.0,0.39962811985982966
1786903002.6001804,1847,73.84,3,walking,walking,walking,0,0.0,0.6,0.06221340159591274,0.08803224188280348,0.09827395086174229,0.378337358044316,3.903984046468344,171.1297271055028,0.0,0.9696969696969697,1.0,0.17926697652718587,0,0,0.0,0.3984676138474015
1786903002.6313062,1848,73.88,3,walking,walking,walking,0,0.0,0.6,0.06573301991294261,0.10429711118806412,0.10493041223974514,0.38230414169655486,3.947580075522727,170.97162517915115,0.0,0.9696969696969697,1.0,0.17714271389684064,0,0,0.0,0.3966531628179458
1786903002.6817887,1849,73.92,3,walking,walking,walking,0,0.0,0.6,0.06996407685746621,0.10347466165166044,0.0993618771034745,0.39201898248866585,3.739310004164742,170.83293122292542,0.0,0.9696969696969697,1.0,0.17516978511448286,0,0,0.0,0.39423237556950114
1786903002.7119842,1850,73.96,3,walking,walking,walking,0,0.0,0.6,0.07028908391286115,0.10419471910606798,0.10856343366630623,0.4113050368307025,3.891012048456946,170.1742513268304,0.0,0.9696969696969697,1.0,0.17334572935141648,0,0,0.0,0.39184267686268826
1786903002.7444077,1851,74.0,3,walking,walking,walking,0,0.0,0.6,0.06458481175806427,0.10477293932325862,0.11311993632737027,0.4429216114373623,4.724112766341775,169.84954221215037,0.0,0.9696969696969697,1.0,0.1715509367887982,0,0,0.0,0.3901185609149135
1786903002.8101017,1852,74.04,3,walking,walking,walking,0,0.0,0.6,0.05929357548343044,0.1016607090318962,0.12168664248453807,0.4860643839296225,5.6590932729131875,169.3445757024992,0.0,1.0,1.0,0.17001223104016003,0,0,0.0,0.3896339334303613
1786903002.8386793,1853,74.08,3,carrying,walking,walking,0,0.0,0.6320927383616177,0.05640228867036574,0.10052849514483267,0.13094269026132102,0.553487897269363,6.659419982609902,168.7818736462742,0.0,0.9696969696969697,1.0,0.16578357026607257,0,0,0.0,0.3912162644347842
1786903002.868362,1854,74.12,3,carrying,walking,walking,0,0.0,0.687867015053879,0.05179220417542136,0.09481831287350763,0.13784925084330876,0.6464450250897984,7.787320422119068,168.1480859073695,0.0,0.9393939393939394,1.0,0.16183247199382608,0,0,0.0,0.39581040931707867
1786903002.9247634,1855,74.16,3,carrying,walking,walking,0,0.0,0.7380976081183117,0.05075901310252043,0.08631057072646393,0.1515922944352339,0.7301626801971863,9.07034242561561,166.54680598525584,0.0,0.9090909090909091,1.0,0.1607746921866493,0,0,0.0,0.4032239986876226
1786903002.9565632,1856,74.2,3,walking,walking,walking,0,0.0,0.6,0.04520193185884876,0.07030210749309618,0.1933870473734016,0.8060705241838871,10.161350757510544,166.74840349210717,0.0,0.9090909090909091,1.0,0.1611032607343527,0,0,0.0,0.4131741211825611
1786903003.0101285,1857,74.24,3,standing,carrying,carrying,0,0.0,0.75,0.03833900689702824,0.047575344326820077,0.20283999710460077,0.87862414742005,11.323214466328128,166.58765489765088,0.0,0.8787878787878788,0.9696969696969697,0.16195703787035892,0,0,0.030303030303030304,0.4258897746484403
1786903003.0757387,1858,74.28,3,standing,carrying,carrying,0,0.0,0.75,0.030497621602668074,0.04348964061886447,0.2241079487853542,0.9547466802622896,12.37912716238579,165.92993991808916,0.0,0.8484848484848485,0.9393939393939394,0.16358799380860045,0,0,0.06060606060606061,0.44157234598999884
1786903003.1117325,1859,74.32,3,standing,carrying,carrying,0,0.0,0.75,0.026589061323344466,0.041348305354588694,0.2123876697658612,1.026169420230159,13.517692781570096,165.42079622387075,0.0,0.8181818181818182,0.9090909090909091,0.16434570676117138,0,0,0.09090909090909091,0.46039681805546123
1786903003.143002,1860,74.36,3,standing,carrying,carrying,0,0.0,0.75,0.024733968608891207,0.034696935954355364,0.2038016195700551,1.084271479321147,14.297674272539364,165.40524212199065,0.0,0.7878787878787878,0.8787878787878788,0.16441645917957395,0,0,0.12121212121212122,0.4818328684798959
1786903003.2511048,1861,74.4,3,standing,standing,standing,0,0.0,0.75,0.022955537513819384,0.03450770830459336,0.19084824250606194,1.1251212633681889,14.595207371262443,164.85018002064152,0.0,0.7575757575757576,0.8484848484848485,0.1636126851289235,0,0,0.15151515151515152,0.5049380863609159
1786903003.285214,1862,74.44,3,standing,standing,standing,0,0.0,0.75,0.023136327038968882,0.03177408466552299,0.17241478450600545,1.1518404838827592,14.517047372216846,164.33029714003345,0.0,0.7272727272727273,0.8181818181818182,0.16393425920923166,0,0,0.18181818181818182,0.5295708375845882
1786903003.3153532,1863,74.48,3,standing,standing,standing,0,0.0,0.75,0.0249422282336554,0.029941767467137947,0.16092000982609442,1.144590402882058,14.179938379545387,164.06149995852596,0.0,0.696969696969697,0.7878787878787878,0.16301027809161017,0,0,0.21212121212121213,0.5539583921297213
1786903003.3673959,1864,74.52,3,standing,standing,standing,0,0.0,0.75,0.021638376516972656,0.028239615798375653,0.14361615057118998,1.1294397865305563,13.391605855467258,163.37060588315776,0.0,0.6666666666666666,0.7575757575757576,0.16134540421797994,0,0,0.24242424242424243,0.5781309695195476
1786903003.4633126,1865,74.56,3,standing,standing,standing,0,0.0,0.75,0.021913697963227976,0.023754869833779283,0.09908018494407923,1.1276764302886122,12.293881964781054,162.87357234335377,0.0,0.6363636363636364,0.7272727272727273,0.15659301302246145,0,0,0.2727272727272727,0.6023397995373936
1786903003.5146382,1866,74.6,3,standing,standing,standing,0,0.0,0.75,0.021951938386683613,0.027023136722591917,0.08335886697187617,1.137987850977717,11.383746229562254,161.17683459508788,0.0,0.6060606060606061,0.696969696969697,0.15104261261280433,0,0,0.30303030303030304,0.6267788252209763
1786903003.583943,1867,74.64,3,standing,standing,standing,0,0.0,0.75,0.022910505180170307,0.029925871095041388,0.05537169585972518,1.1464729915596796,10.442338481766413,159.27009482851932,0.0,0.5757575757575758,0.6666666666666666,0.1441558618927677,0,0,0.3333333333333333,0.6515110608506371
1786903003.6399236,1868,74.68,3,standing,standing,standing,0,0.0,0.75,0.02739667847699419,0.037485535014742236,0.06044229036305651,1.1505231539585001,9.79282782341322,157.84391210533755,0.0,0.5454545454545454,0.6363636363636364,0.1382214502694894,0,0,0.36363636363636365,0.676143474032003
1786903003.6734009,1869,74.72,3,standing,standing,standing,0,0.0,0.75,0.034594250815505795,0.043949459336057664,0.07967894035873523,1.1556104604803512,9.414900034835085,157.44367081823944,0.0,0.5151515151515151,0.6060606060606061,0.13343866412217148,0,0,0.3939393939393939,0.7004597098189898
1786903003.718998,1870,74.76,3,standing,standing,standing,0,0.0,0.75,0.041007715692312804,0.04440078170506012,0.11303208782832451,1.147948532676057,9.683970828213115,156.32886896013622,0.0,0.48484848484848486,0.5757575757575758,0.13020931538404348,0,0,0.42424242424242425,0.7242109221424898
1786903003.7500002,1871,74.8,3,standing,standing,standing,0,0.0,0.75,0.04259605204744958,0.04637045021267194,0.13894061708291167,1.1409480187012462,10.368898544624438,154.8702607003141,0.0,0.45454545454545453,0.5454545454545454,0.12887270151478122,0,0,0.45454545454545453,0.747985200851221
1786903003.7797859,1872,74.84,3,standing,standing,standing,0,0.0,0.75,0.043551218139476676,0.0475624694715079,0.15927773245075103,1.125597907585373,11.7148593015324,153.85537516551182,0.0,0.42424242424242425,0.5151515151515151,0.1291335129586441,0,0,0.48484848484848486,0.7712103987853014
1786903003.9161305,1873,74.88,3,standing,standing,standing,0,0.0,0.75,0.0477197600288707,0.04851251805972481,0.18315759824593844,1.1325357254811772,13.445125936170395,152.66064469193145,0.0,0.3939393939393939,0.48484848484848486,0.13013827558163962,0,0,0.5151515151515151,0.795051478605675
1786903003.9470305,1874,74.92,3,standing,standing,standing,0,0.0,0.75,0.052930440984245104,0.0516271942734596,0.21754993269101303,1.1389247144353578,16.08867443844317,151.06012586601642,0.0,0.36363636363636365,0.45454545454545453,0.13396227145956474,0,0,0.5454545454545454,0.8189656780471123
1786903003.9785209,1875,74.96,3,standing,standing,standing,0,0.0,0.75,0.05502431000476417,0.052601723273171544,0.23485781725712013,1.1508027802481924,20.303007606858557,149.2766615517438,0.0,0.3333333333333333,0.42424242424242425,0.1383256104583849,0,0,0.5757575757575758,0.8428366026378425
1786903004.1120453,1876,75.0,3,standing,standing,material_handling,1,1.0,0.75,0.05674455149267857,0.05290396270273538,0.26837908266868593,1.126316607890975,23.99280583176356,148.41304546316195,0.0,0.30303030303030304,0.3939393939393939,0.14406198115319965,0,1,0.6060606060606061,0.8654861872303258
1786903004.1470733,1877,75.04,3,standing,standing,material_handling,1,1.0,0.75,0.05213946005024447,0.05018206920177608,0.29463042665471434,1.0979956911191664,27.4214344910525,148.4179806112101,0.0,0.2727272727272727,0.36363636363636365,0.15032611975185103,0,1,0.6363636363636364,0.8870726224432656
1786903004.180672,1878,75.08,3,standing,standing,material_handling,1,1.0,0.75,0.044821314860507895,0.04549412928881951,0.29688620607559846,1.040707425743853,29.95653127963517,147.82742714777922,0.0,0.24242424242424243,0.3333333333333333,0.15636010392688948,0,1,0.6666666666666666,0.9068997925153119
1786903004.3205812,1879,75.12,3,standing,standing,material_handling,1,1.0,0.75,0.04689781740576396,0.05094354468911707,0.2912174180967807,1.0049900602989348,31.9696484349901,146.47881947839232,0.0,0.21212121212121213,0.30303030303030304,0.16201529866002956,0,1,0.696969696969697,0.9257260501972685
1786903004.3535247,1880,75.16,3,unknown,standing,material_handling,1,1.0,0.3,0.052364692374460516,0.04806109252231534,0.28149891164429475,0.9786767883200572,33.19323096862302,144.9605351236615,0.0,0.18181818181818182,0.2727272727272727,0.1675675701988948,0,1,0.696969696969697,0.9439181541450183
1786903004.4524121,1881,75.2,3,unknown,standing,material_handling,1,1.0,0.3,0.05536736864926763,0.04903043316396167,0.2646709794983059,0.9555609458194672,33.963455322521654,144.29664345992745,0.0,0.15151515151515152,0.24242424242424243,0.1724081934491542,0,1,0.696969696969697,0.9612895724517732
1786903004.610607,1882,75.24,3,unknown,standing,material_handling,1,1.0,0.3,0.05515841532438595,0.058685844039221405,0.2535150752927126,0.9320455354751733,34.59688312444787,143.65055679109204,0.0,0.12121212121212122,0.21212121212121213,0.17707950248519172,0,1,0.696969696969697,0.9776540134513643
1786903004.6688917,1883,75.28,3,walking,standing,material_handling,1,1.0,0.6,0.05178854466528007,0.06360557976941147,0.22030446402739917,0.845568540215351,34.830495234044555,144.1141035453566,0.0,0.12121212121212122,0.21212121212121213,0.18046559431431575,0,1,0.696969696969697,0.9908135135539293
1786903004.6998363,1884,75.32,3,walking,standing,material_handling,1,1.0,0.6,0.05553336999512824,0.06574262457846172,0.2103026959300394,0.7656974258509146,34.826074421041504,144.97373099360817,0.0,0.12121212121212122,0.21212121212121213,0.18341052642348757,0,1,0.696969696969697,1.0005945988391889
1786903004.7518232,1885,75.36,3,walking,standing,material_handling,1,1.0,0.6,0.06820683900961227,0.06197303715062427,0.18285130103835875,0.702815049500964,33.345987611346196,143.74968719939724,0.0,0.12121212121212122,0.21212121212121213,0.18526400092511847,0,1,0.696969696969697,1.0071628008261988
1786903004.8060446,1886,75.4,3,walking,standing,material_handling,1,1.0,0.6,0.08451589387930844,0.055496209246341716,0.1496873478894304,0.6917121365510905,32.46611552009287,142.014215691133,0.0,0.15151515151515152,0.21212121212121213,0.185832020853243,0,1,0.696969696969697,1.0113514141377666
1786903004.8365364,1887,75.44,3,walking,walking,material_handling,1,1.0,0.6,0.09926062543288998,0.05620337421486236,0.11951867973542267,0.6943753840810069,31.81492154413447,135.91790153015398,0.0,0.18181818181818182,0.21212121212121213,0.18527654900148888,0,1,0.696969696969697,1.0128038492587121
1786903004.9196994,1888,75.48,3,walking,walking,material_handling,1,1.0,0.6,0.10272291467312877,0.053001135644549155,0.09266945195794386,0.7439307767193611,32.20395792233494,127.02548092102336,0.0,0.21212121212121213,0.21212121212121213,0.1834910083203589,0,1,0.696969696969697,1.0132210643048387
1786903004.9561687,1889,75.52,3,walking,walking,material_handling,1,1.0,0.6,0.09368698979059827,0.05350704849522512,0.08190350370684531,0.7811143667474728,32.9199055391197,117.81248601058932,0.0,0.21212121212121213,0.21212121212121213,0.18011271911834204,0,1,0.696969696969697,1.0124648171097956
1786903004.986757,1890,75.56,3,walking,walking,material_handling,1,1.0,0.6,0.09365856305378867,0.05251177901438654,0.08502893731540948,0.8203817075552465,33.852119927125734,110.57005707806017,0.0,0.24242424242424243,0.24242424242424243,0.17654268700351805,0,1,0.6666666666666666,1.0106998946896504
1786903005.0346713,1891,75.6,3,walking,walking,walking,0,0.0,0.6,0.10319055480543693,0.04714044415394619,0.07814414766286369,0.854174589903102,34.828640588257954,106.37374394445817,0.0,0.2727272727272727,0.2727272727272727,0.1721195415149577,0,0,0.6363636363636364,1.0076522555878566
1786903005.0668013,1892,75.64,3,bending,walking,walking,0,0.0,0.5912012277547709,0.12579697866415318,0.0411368695526876,0.11064048155239921,0.8881396237404027,35.47207366528625,105.1929725329295,0.030303030303030304,0.2727272727272727,0.30303030303030304,0.16903629338727705,0,0,0.6060606060606061,1.0034695344821063
1786903005.0992258,1893,75.68,3,bending,walking,walking,0,0.0,0.6031848660549266,0.1390400031229838,0.03378812475951073,0.1108532685889401,0.9847859666177664,36.1910919632956,103.1584947821483,0.06060606060606061,0.2727272727272727,0.3333333333333333,0.16621967669087964,0,0,0.5757575757575758,1.0004548219759433
1786903005.1486373,1894,75.72,3,bending,walking,walking,0,0.0,0.5917201354009158,0.1380947251686862,0.03642562907686548,0.15309623848428017,1.0485847373091952,35.50320812405495,103.38856787150708,0.09090909090909091,0.2727272727272727,0.36363636363636365,0.16507567656900746,0,0,0.5454545454545454,0.998135533307489
1786903005.1795428,1895,75.76,3,walking,walking,walking,0,0.0,0.6,0.1344549731946851,0.036704447927042444,0.20319586790071706,1.0108690742925959,34.09606628312917,107.5287110751611,0.09090909090909091,0.30303030303030304,0.3939393939393939,0.16600843667187748,0,0,0.5151515151515151,0.9938636724108174
1786903005.2244833,1896,75.8,3,walking,bending,bending,0,0.0,0.6,0.12499547886230546,0.0327978386081673,0.21249272850375878,0.9815350765231672,32.040092137460775,112.31845928026075,0.09090909090909091,0.3333333333333333,0.42424242424242425,0.16757124632877643,0,0,0.48484848484848486,0.9889226019150934
1786903005.2776296,1897,75.84,3,walking,bending,bending,0,0.0,0.6,0.11621975063985965,0.02913957112994707,0.2054596079967802,0.9495314442399646,29.634508054445927,121.07971529612719,0.09090909090909091,0.36363636363636365,0.45454545454545453,0.16944529049318824,0,0,0.45454545454545453,0.9834708339668937
1786903005.3135726,1898,75.88,3,walking,bending,bending,0,0.0,0.6,0.11566030364296709,0.028209777171652073,0.20063565304096848,0.918952672919903,26.702500972285996,132.2603635536325,0.09090909090909091,0.3939393939393939,0.48484848484848486,0.1725227289203667,0,0,0.42424242424242425,0.9771458716223874
1786903005.3606334,1899,75.92,3,walking,walking,walking,0,0.0,0.6,0.11025192390955582,0.024998869217444313,0.1958050254751827,0.8808355457293148,23.58782851847901,143.38560830339352,0.09090909090909091,0.42424242424242425,0.5151515151515151,0.17593018826895174,0,0,0.3939393939393939,0.9693533775239509
1786903005.4370954,1900,75.96,3,walking,walking,walking,0,0.0,0.6,0.09743157119704891,0.018022872086983045,0.18384472601796342,0.8440174117040249,20.42757303188765,153.47065349770736,0.09090909090909091,0.45454545454545453,0.5454545454545454,0.17982331039495897,0,0,0.36363636363636365,0.9601880569222646
1786903005.4691036,1901,76.0,3,standing,walking,walking,0,0.0,0.75,0.07355507112235299,0.01840085618575448,0.15973404230085866,0.8106408269700212,17.19543150522198,159.9115329671908,0.09090909090909091,0.45454545454545453,0.5454545454545454,0.18283215136277114,0,0,0.36363636363636365,0.9498885924680681
1786903005.524935,1902,76.04,3,standing,walking,walking,0,0.0,0.75,0.054668321586868865,0.022665547591126888,0.14408942028915195,0.7842563926746612,14.168861046192575,162.48908071499264,0.09090909090909091,0.45454545454545453,0.5454545454545454,0.1847839840879353,0,0,0.36363636363636365,0.9386354388981987
1786903005.5762937,1903,76.08,3,standing,walking,walking,0,0.0,0.75,0.039933987527740376,0.02634397584807229,0.11278149711154392,0.7520671842964837,10.813529602666197,164.58929639576542,0.09090909090909091,0.45454545454545453,0.5454545454545454,0.18477639042985103,0,0,0.36363636363636365,0.9266390344018479
1786903005.6088576,1904,76.12,3,standing,walking,walking,0,0.0,0.75,0.029451355055417707,0.03386323067342155,0.0800687409564925,0.7336351481646293,8.340404088229507,165.04149740035,0.09090909090909091,0.45454545454545453,0.5454545454545454,0.18299239418359592,0,0,0.36363636363636365,0.9142962201431626
1786903005.6410868,1905,76.16,3,standing,standing,standing,0,0.0,0.75,0.027812576535162076,0.043776265460300126,0.07856510340595596,0.7411520297626045,6.699769048294695,164.80676847439514,0.09090909090909091,0.45454545454545453,0.5454545454545454,0.18054655693981425,0,0,0.36363636363636365,0.9026463450576242
1786903005.704149,1906,76.2,3,standing,standing,standing,0,0.0,0.75,0.035421594730375955,0.05201097847903675,0.08232419760317135,0.7335102455764153,5.617087523357474,164.93581243122512,0.09090909090909091,0.45454545454545453,0.5454545454545454,0.17749099934457888,0,0,0.36363636363636365,0.890554663848389
1786903005.7509098,1907,76.24,3,standing,standing,standing,0,0.0,0.75,0.04648335953580759,0.05509616274534521,0.09231655358382845,0.733359950103667,5.039973395099062,164.81424764162824,0.09090909090909091,0.45454545454545453,0.5454545454545454,0.173696048462543,0,0,0.36363636363636365,0.8782648225050044
1786903005.7809582,1908,76.28,3,carrying,standing,standing,0,0.0,0.7396267650343762,0.06120261213241803,0.06181278357044065,0.09709270165694067,0.7327112750572937,4.762960261473471,164.52349585609414,0.09090909090909091,0.45454545454545453,0.5757575757575758,0.1695213479898103,0,0,0.3333333333333333,0.8655953829537651
1786903005.831253,1909,76.32,3,carrying,standing,standing,0,0.0,0.7473835534400906,0.07324589894393416,0.07653066359398183,0.12336811749072327,0.7456392557334842,4.6667983848821795,163.5826712409738,0.09090909090909091,0.45454545454545453,0.6060606060606061,0.1651270763177508,0,0,0.30303030303030304,0.8540597056156592
1786903005.8617764,1910,76.36,3,carrying,standing,standing,0,0.0,0.7528922415941436,0.08871518697958582,0.0916730977028359,0.13311187876000335,0.7548204026569061,4.739006578309267,162.62517701668338,0.09090909090909091,0.45454545454545453,0.6363636363636364,0.16023257486639592,0,0,0.2727272727272727,0.8436604544501362
1786903005.8941739,1911,76.4,3,carrying,standing,standing,0,0.0,0.7566428354868652,0.0991328771787094,0.10395591851089549,0.14511115822567178,0.7610713924781086,5.0129827104092355,162.2315974054424,0.09090909090909091,0.45454545454545453,0.6666666666666666,0.15563333099215573,0,0,0.24242424242424243,0.8351866352602653
1786903005.9562142,1912,76.44,3,carrying,carrying,carrying,0,0.0,0.7552459037582063,0.1087434619766502,0.11985436829470039,0.15504311696493348,0.7587431729303439,5.190255300212597,163.23611227949064,0.09090909090909091,0.45454545454545453,0.696969696969697,0.1515068370184634,0,0,0.21212121212121213,0.8277246083703079
1786903005.9885678,1913,76.48,3,carrying,carrying,carrying,0,0.0,0.7533992157592455,0.11796289198289944,0.13043813442533642,0.15113982110922886,0.7556653595987426,5.639594169895473,163.867208593234,0.09090909090909091,0.45454545454545453,0.7272727272727273,0.1475565615477038,0,0,0.21212121212121213,0.8209666862878439
1786903006.0186572,1914,76.52,3,carrying,carrying,carrying,0,0.0,0.7530710735427528,0.12403431194815623,0.14120773013100807,0.14121823141482664,0.755118455904588,5.737515943080129,164.93200762373394,0.09090909090909091,0.45454545454545453,0.7575757575757576,0.14381556918153776,0,0,0.21212121212121213,0.8148926714419383
1786903006.0669775,1915,76.56,3,carrying,carrying,carrying,0,0.0,0.746787357677519,0.12448143580381517,0.15137852717983313,0.13973056039974285,0.7446455961291985,5.802117697324364,164.50482265953622,0.09090909090909091,0.45454545454545453,0.7878787878787878,0.1403675535787205,0,0,0.21212121212121213,0.8092138854011512
1786903006.096294,1916,76.6,3,carrying,carrying,carrying,0,0.0,0.7449139204793684,0.12413959724886266,0.17336560065364964,0.1413857968439193,0.7415232007989474,5.86947357347982,162.37279812487776,0.09090909090909091,0.42424242424242425,0.7878787878787878,0.13797607881558477,0,0,0.21212121212121213,0.806060996327927
1786903006.1319797,1917,76.64,3,carrying,carrying,carrying,0,0.0,0.7484091554178317,0.11956070375856381,0.18909805375239178,0.15187031869161116,0.747348592363053,5.686474483093604,161.2371237762451,0.09090909090909091,0.3939393939393939,0.7878787878787878,0.13620540071745055,0,0,0.21212121212121213,0.805504971070719
1786903006.245149,1918,76.68,3,carrying,carrying,carrying,0,0.0,0.7521978237082816,0.11625740788858102,0.18497466281824954,0.14146390255759075,0.7536630395138026,5.3184524362726355,161.1327572350807,0.09090909090909091,0.36363636363636365,0.7878787878787878,0.13495123712712423,0,0,0.21212121212121213,0.8070458192529262
1786903006.284841,1919,76.72,3,carrying,carrying,carrying,0,0.0,0.7450723350679708,0.11150485557971569,0.18733131693776256,0.1369437117144172,0.7417872251132847,5.029595457113442,162.66414614203023,0.09090909090909091,0.3333333333333333,0.7878787878787878,0.134565066333942,0,0,0.21212121212121213,0.8085632461790534
1786903006.324686,1920,76.76,3,carrying,carrying,carrying,0,0.0,0.7446918306858199,0.11271129543308232,0.18455662482091187,0.13726605485189214,0.7411530511430333,4.744936274278469,164.58470820177573,0.09090909090909091,0.30303030303030304,0.7878787878787878,0.13510286557989565,0,0,0.21212121212121213,0.8099807512415389
1786903006.4320712,1921,76.8,3,carrying,carrying,carrying,0,0.0,0.7392558455603446,0.1133238960365304,0.16666344398826605,0.1452787347332466,0.7320930759339078,4.396531041492416,166.15712673325095,0.09090909090909091,0.2727272727272727,0.7878787878787878,0.13669708627005633,0,0,0.21212121212121213,0.8096220330359192
1786903006.5006273,1922,76.84,3,carrying,carrying,carrying,0,0.0,0.7431939863601609,0.11445665128401587,0.15239434242467317,0.15500226421578797,0.7386566439336015,4.002877528863354,167.2061047099499,0.09090909090909091,0.24242424242424243,0.7878787878787878,0.13891220022487277,0,0,0.21212121212121213,0.8083354353748928
1786903006.58087,1923,76.88,3,carrying,carrying,carrying,0,0.0,0.7413572692683925,0.11356486499305335,0.13795697959932654,0.17070743471358749,0.7355954487806542,3.533840096491822,168.5546856692248,0.09090909090909091,0.21212121212121213,0.7878787878787878,0.14150851832784786,0,0,0.21212121212121213,0.8057661548059657
1786903006.6356208,1924,76.92,3,carrying,carrying,carrying,0,0.0,0.7367855748317851,0.112891899365048,0.12726910228212895,0.1790469262035333,0.7279759580529751,3.1890387637113364,167.9300265919702,0.09090909090909091,0.18181818181818182,0.7878787878787878,0.14456617828362572,0,0,0.21212121212121213,0.8019419538408104
1786903006.6676352,1925,76.96,3,carrying,carrying,carrying,0,0.0,0.7372476566714543,0.10614248626752319,0.1034726927614321,0.17147036898550586,0.7287460944524239,2.7576233631674403,167.58564553531397,0.06060606060606061,0.18181818181818182,0.7878787878787878,0.1464095082058411,0,0,0.21212121212121213,0.7971118468926898
1786903006.6978104,1926,77.0,3,carrying,carrying,carrying,0,0.0,0.7394914708369347,0.09447016434012785,0.08610492542796618,0.16069026017895544,0.7324857847282245,2.4725542245582837,168.1059201161427,0.030303030303030304,0.18181818181818182,0.7878787878787878,0.14791972007220522,0,0,0.21212121212121213,0.7894663868354309
1786903006.7476256,1927,77.04,3,carrying,carrying,carrying,0,0.0,0.7390026493564138,0.09207407237020643,0.07815255737687568,0.15212604953853215,0.7316710822606897,2.5671822035731,167.97748548437707,0.0,0.18181818181818182,0.7878787878787878,0.14789032040718253,0,0,0.21212121212121213,0.7798629427430519
1786903006.821285,1928,77.08,3,carrying,carrying,carrying,0,0.0,0.7156621717011287,0.09186385997346261,0.0705417676419799,0.17938398162965508,0.6927702861685477,2.5380060625538383,167.72187044970423,0.0,0.15151515151515152,0.7878787878787878,0.14716874809593825,0,0,0.21212121212121213,0.7702235855271716
1786903006.8517523,1929,77.12,3,walking,carrying,carrying,0,0.0,0.6,0.08429059243164093,0.06992922999810641,0.186289132824392,0.6799019623615475,2.354580328704551,166.4503162486232,0.0,0.15151515151515152,0.7878787878787878,0.14637469974201803,0,0,0.21212121212121213,0.7610831881283348
1786903006.9092853,1930,77.16,3,carrying,carrying,carrying,0,0.0,0.6932806234956594,0.08625656699706516,0.06803483947245294,0.17419096106443716,0.655467705826099,2.205949907313928,164.800139424337,0.0,0.12121212121212122,0.7878787878787878,0.1454271649864925,0,0,0.21212121212121213,0.752172165752157
1786903006.9418879,1931,77.2,3,carrying,carrying,carrying,0,0.0,0.6821997398444859,0.0824854010384886,0.0654947773139791,0.1626963472867162,0.6369995664074766,2.07968047024056,163.09040225769223,0.0,0.09090909090909091,0.7878787878787878,0.14427748905454546,0,0,0.21212121212121213,0.7436281322214774
1786903006.9930754,1932,77.24,3,carrying,carrying,carrying,0,0.0,0.6706649736361973,0.07837870688082138,0.0832263356800629,0.15004018823050203,0.6177749560603287,2.0456360779970497,161.26261856018763,0.0,0.06060606060606061,0.7878787878787878,0.14289067580470663,0,0,0.21212121212121213,0.7356565992012052
1786903007.0561728,1933,77.28,3,carrying,carrying,carrying,0,0.0,0.6681156249939639,0.07806128503545791,0.09666015064707213,0.14682609034737534,0.6135260416566066,1.7926477155515408,159.41852523136953,0.0,0.030303030303030304,0.7878787878787878,0.14176889896620398,0,0,0.21212121212121213,0.7286720122300712
1786903007.0886557,1934,77.32,3,carrying,carrying,carrying,0,0.0,0.6637939182568677,0.08855004916154666,0.11619178336326853,0.1481712188463213,0.6063231970947796,1.7508286770085477,159.82346541516665,0.0,0.030303030303030304,0.8181818181818182,0.14141851037667255,0,0,0.18181818181818182,0.7224805689005185
1786903007.1747026,1935,77.36,3,carrying,carrying,carrying,0,0.0,0.6645328110267994,0.1040853620493917,0.12996188218337226,0.16781964666074387,0.6075546850446657,1.9268688009616,161.2042283483367,0.0,0.030303030303030304,0.8484848484848485,0.14213760814550863,0,0,0.15151515151515152,0.7171259716996096
1786903007.267323,1936,77.4,3,carrying,carrying,carrying,0,0.0,0.6665941943154736,0.11408662082725307,0.13758469899397763,0.16417167462243104,0.6109903238591228,1.822987385477374,161.93594272465756,0.0,0.030303030303030304,0.8787878787878788,0.14369488625189916,0,0,0.12121212121212122,0.7128509153227199
1786903007.299408,1937,77.44,3,carrying,carrying,carrying,0,0.0,0.6558671022714517,0.12074602205803137,0.13693126443860507,0.1347923691986786,0.5931118371190863,1.5849257948571671,161.04259423865295,0.0,0.030303030303030304,0.9090909090909091,0.1453531780168139,0,0,0.09090909090909091,0.7085926331698245
1786903007.3406975,1938,77.48,3,carrying,carrying,carrying,0,0.0,0.6576805005592724,0.13495081885871402,0.14317261575229848,0.1458016623441323,0.5961341675987873,1.588656567368331,159.67073564790397,0.0,0.030303030303030304,0.9393939393939394,0.14739064949978894,0,0,0.06060606060606061,0.7041981524981937
1786903007.487824,1939,77.52,3,carrying,carrying,carrying,0,0.0,0.6586963505123202,0.1381694372832258,0.16038136733053582,0.15634589527526532,0.5978272508538671,1.6937748611045582,158.54224214478353,0.0,0.030303030303030304,0.9696969696969697,0.14963373124742813,0,0,0.030303030303030304,0.7000865465975105
1786903007.5228257,1940,77.56,3,carrying,carrying,carrying,0,0.0,0.6622995799574921,0.13774805477182106,0.17312457559136618,0.1681193168521908,0.6038326332624869,1.6786128640382079,156.63395328702836,0.0,0.030303030303030304,1.0,0.15193078467980276,0,0,0.0,0.6961614763902021
1786903007.5703657,1941,77.6,3,carrying,carrying,carrying,0,0.0,0.6676356878626643,0.14855490920163844,0.17472996834741406,0.16372093472920468,0.6127261464377738,1.548754669629806,156.65481158292636,0.0,0.030303030303030304,1.0,0.153949822045629,0,0,0.0,0.6925255634017317
1786903007.6485777,1942,77.64,3,carrying,carrying,carrying,0,0.0,0.6652941989701872,0.15531004529911738,0.17175629383155233,0.1672041684499495,0.6088236649503119,1.436553087116128,157.7376698898624,0.0,0.030303030303030304,1.0,0.15527818722621156,0,0,0.0,0.6883796364083021
1786903007.705637,1943,77.68,3,carrying,carrying,carrying,0,0.0,0.6576398472177185,0.1582962073286609,0.16713894760661385,0.17166379906804002,0.5960664120295308,1.6516415598669276,158.52175046007807,0.0,0.030303030303030304,1.0,0.156446427235546,0,0,0.0,0.6835689094195938
1786903007.756878,1944,77.72,3,carrying,carrying,carrying,0,0.0,0.6510547512478267,0.16409924767116635,0.15953221752513178,0.16045495231654944,0.5850912520797112,1.7145522561452686,156.89525317601957,0.0,0.030303030303030304,1.0,0.15691139069284532,0,0,0.0,0.6782361778923698
1786903007.8472328,1945,77.76,3,carrying,carrying,carrying,0,0.0,0.6385230758423255,0.16675567398419167,0.16790176309812052,0.17894623348094096,0.5642051264038759,1.6723348183116395,153.83365022293884,0.0,0.030303030303030304,1.0,0.1576357275569668,0,0,0.0,0.6723410855733858
1786903007.8769217,1946,77.8,3,walking,carrying,carrying,0,0.0,1.0,0.16793435254912759,0.19912822977265338,0.1876570262957711,0.5457133599026005,1.6818370634688644,153.35181129701488,0.0,0.06060606060606061,1.0,0.15874230953231658,0,0,0.0,0.6659789037644117
1786903007.907513,1947,77.84,3,carrying,carrying,carrying,0,0.0,0.6182242783027039,0.16637942389655383,0.18476280824533464,0.17442740611536509,0.5303737971711732,1.619869340730061,154.44454876695752,0.0,0.06060606060606061,1.0,0.15974864815960557,0,0,0.0,0.6591684595603688
1786903007.960595,1948,77.88,3,carrying,carrying,carrying,0,0.0,0.6180538644408254,0.16797634300516134,0.18371021494732526,0.1705908710406115,0.5300897740680424,1.5268923799875953,155.40508742971556,0.0,0.06060606060606061,1.0,0.16068380908811675,0,0,0.0,0.6526667679827581
1786903007.9901154,1949,77.92,3,carrying,carrying,carrying,0,0.0,0.6113324383219131,0.17759206047905673,0.19710515505391857,0.16797852438936903,0.5188873972031884,1.4933306596777745,157.20953691050534,0.0,0.06060606060606061,1.0,0.16148964931676674,0,0,0.0,0.6459202284798563
1786903008.040616,1950,77.96,3,walking,carrying,carrying,0,0.0,1.0,0.18090994606500302,0.18940362675582045,0.18351797243113038,0.505027531561281,1.7576813877424637,159.74524412903068,0.0,0.09090909090909091,1.0,0.16244866912705522,0,0,0.0,0.6385771660313179
1786903008.091911,1951,78.0,3,walking,carrying,carrying,0,0.0,1.0,0.18730660181303413,0.1814826363387173,0.18380954617048897,0.48342880451017056,2.028728636195442,159.0403136574002,0.0,0.12121212121212122,1.0,0.16373187044865817,0,0,0.0,0.6303882498190865
1786903008.1237128,1952,78.04,3,walking,carrying,carrying,0,0.0,0.9886407701610329,0.1913067444406903,0.1779553386289859,0.18557770475684876,0.46735105444367697,2.2750201163125743,156.3101005373909,0.0,0.15151515151515152,1.0,0.16520562781358036,0,0,0.0,0.6220720022230378
1786903008.182472,1953,78.08,3,walking,carrying,carrying,0,0.0,1.0,0.1878314372224972,0.21720600358793993,0.18061059932143567,0.4589852721083412,2.7035292646092826,156.87920023440878,0.0,0.18181818181818182,1.0,0.16651909885811197,0,0,0.0,0.6135214634644107
1786903008.2711575,1954,78.12,3,walking,walking,walking,0,0.0,1.0,0.1803751937487468,0.22356711171115012,0.1673525990458205,0.4584812422345518,3.6617417668571868,156.8533208314405,0.0,0.21212121212121213,1.0,0.16718800383728086,0,0,0.0,0.6052301957765515
1786903008.30683,1955,78.16,3,walking,walking,walking,0,0.0,1.0,0.17323389000849598,0.20158776778049192,0.1685462164777288,0.4631924252829361,4.652858026899983,158.8966634642902,0.0,0.24242424242424243,1.0,0.16759842663309726,0,0,0.0,0.5968827952113799
1786903008.3401654,1956,78.2,3,walking,walking,walking,0,0.0,1.0,0.1674178793353992,0.2157196824797317,0.17743214817869318,0.46310268657017506,5.917102329463251,159.83836178123588,0.0,0.2727272727272727,1.0,0.16780220582900954,0,0,0.0,0.5886254387807592
1786903008.4631875,1957,78.24,3,walking,walking,walking,0,0.0,1.0,0.15911990372443868,0.2285868631980771,0.1702981548945951,0.4708266388501146,7.087921370408876,161.1288973036662,0.0,0.30303030303030304,1.0,0.1675370915469205,0,0,0.0,0.5808330351685513
1786903008.4950147,1958,78.28,3,walking,walking,walking,0,0.0,1.0,0.14978992879406977,0.2148438038877615,0.1639131573331035,0.47295712164423903,8.116238162087344,162.28959622032602,0.0,0.3333333333333333,1.0,0.16730808513321138,0,0,0.0,0.5730818541743639
1786903008.5399663,1959,78.32,3,walking,walking,walking,0,0.0,1.0,0.13539750696311317,0.22985756669857013,0.1517170344237352,0.4846821735320825,8.746257277697108,162.70674046047978,0.0,0.36363636363636365,1.0,0.167036169201235,0,0,0.0,0.5655726538350869
1786903008.5913503,1960,78.36,3,walking,walking,walking,0,0.0,1.0,0.11571492396398976,0.23292140108782103,0.13599671616048237,0.49374131343868344,8.878590768991987,161.9035514199176,0.0,0.3939393939393939,1.0,0.16654740152311226,0,0,0.0,0.5583626608404807
1786903008.6229837,1961,78.4,3,carrying,walking,walking,0,0.0,0.6102783731471153,0.09449700319258908,0.22928109110340797,0.1210776345618801,0.5171306219118589,9.000668771212325,163.14777111877243,0.0,0.3939393939393939,1.0,0.16478054252105848,0,0,0.0,0.5530402467720962
1786903008.6567588,1962,78.44,3,carrying,walking,walking,0,0.0,0.6212694587644471,0.08080631018786913,0.20311172042540265,0.11775375668229408,0.5354490979407451,9.17297337556558,166.13663554488056,0.0,0.36363636363636365,1.0,0.16270371294099492,0,0,0.0,0.548662887244193
1786903008.8417292,1963,78.48,3,carrying,walking,walking,0,0.0,0.6283196663515136,0.07551442640117184,0.1882771982185272,0.11512279527824999,0.5471994439191894,9.243947102897513,166.10178656228675,0.0,0.36363636363636365,1.0,0.16091376852323167,0,0,0.0,0.5453820308227715
1786903008.9555123,1964,78.52,3,carrying,walking,walking,0,0.0,0.6247969852746021,0.07013244468830906,0.18099364097412293,0.11139612269555424,0.5413283087910037,9.073526289690145,168.24508575358055,0.0,0.36363636363636365,1.0,0.15935921626289343,0,0,0.0,0.5424829018040906
1786903009.0650077,1965,78.56,3,carrying,walking,walking,0,0.0,0.6225780508557153,0.06755531945943291,0.16686246978725358,0.10102777676311009,0.5376300847595256,8.90764942633364,169.27310161050963,0.0,0.36363636363636365,1.0,0.15787399167297245,0,0,0.0,0.5400542693404298
1786903009.3330894,1966,78.6,3,carrying,carrying,carrying,0,0.0,0.6236235445798752,0.06835426700311815,0.14409121731187274,0.112211966951719,0.5393725742997921,8.477401919962478,169.49447078575602,0.0,0.36363636363636365,1.0,0.15682507884280103,0,0,0.0,0.5378071945720415
1786903009.3774917,1967,78.64,3,carrying,carrying,carrying,0,0.0,0.611019509746506,0.06828346434906454,0.14344418020719682,0.12408662021608431,0.51836584957751,8.334779901096962,169.10731591490597,0.0,0.36363636363636365,1.0,0.15609524252067264,0,0,0.0,0.5351418204048515
1786903009.4091525,1968,78.68,3,carrying,carrying,carrying,0,0.0,0.6061298084370176,0.07282881384635646,0.11862795372697016,0.12452732841781233,0.5102163473950293,8.35680417284876,168.99860826053344,0.0,0.36363636363636365,1.0,0.15478335408906868,0,0,0.0,0.532192173809408
1786903009.5409784,1969,78.72,3,walking,carrying,carrying,0,0.0,0.6479522293692772,0.08052744637455132,0.1166314012864699,0.13336652765442492,0.48265611558131577,8.693740703127975,164.89093131751525,0.0,0.3939393939393939,1.0,0.15384986478700788,0,0,0.0,0.5283032584070503
1786903009.5775526,1970,78.76,3,walking,carrying,carrying,0,0.0,0.7737596965342598,0.09387182194620648,0.13927674537616677,0.1502134133143536,0.4665601434412495,9.131049585432045,164.55467473641013,0.0,0.42424242424242425,1.0,0.15431716915414953,0,0,0.0,0.5244683585986308
1786903009.6081707,1971,78.8,3,walking,carrying,carrying,0,0.0,0.7093049259116017,0.09829872203821566,0.1276748866640883,0.1675690032482905,0.46032409472821334,9.37529167556142,164.6793008747207,0.0,0.45454545454545453,1.0,0.15497678554518463,0,0,0.0,0.5203529018449772
1786903009.6644564,1972,78.84,3,walking,carrying,carrying,0,0.0,0.6839400524387207,0.10192502123657686,0.12310920943896972,0.17404966589766252,0.4657619198438982,9.24915211429163,162.48514831209934,0.0,0.48484848484848486,1.0,0.15551326344283303,0,0,0.0,0.5163509221174023
1786903009.763139,1973,78.88,3,walking,walking,walking,0,0.0,0.6371891825677128,0.11110836275209729,0.1146940528621883,0.17241020288895786,0.4732225275149825,8.818463272772084,161.6326014250869,0.0,0.5151515151515151,1.0,0.15564329029243204,0,0,0.0,0.5123930401250537
1786903009.792894,1974,78.92,3,walking,walking,walking,0,0.0,0.7066354477604954,0.1161525946849286,0.12719438059688917,0.1776630152926208,0.49275995127775013,8.03633021732111,158.76146018005068,0.0,0.5454545454545454,1.0,0.1560657775822325,0,0,0.0,0.5087577008777803
1786903009.849319,1975,78.96,3,walking,walking,walking,0,0.0,0.8100399922513648,0.13288678043009675,0.14580719860524566,0.18924222008531105,0.5045702357452471,7.162710266129674,151.49010296321242,0.0,0.5757575757575758,1.0,0.15673359732875863,0,0,0.0,0.5055985060533844
1786903009.880534,1976,79.0,3,carrying,walking,walking,0,0.0,0.6077987769793393,0.13555532067733755,0.15892552187081999,0.17613825484568074,0.5129979616322321,6.295372305672292,149.32648530018687,0.0,0.5757575757575758,1.0,0.15686918689777807,0,0,0.0,0.5030812802837694
1786903009.9123998,1977,79.04,3,carrying,walking,walking,0,0.0,0.6251334534253751,0.13761579426046386,0.16119284371036924,0.17477591443856377,0.5418890890422918,5.27476258478085,150.7847977408011,0.0,0.5757575757575758,1.0,0.15730315544693,0,0,0.0,0.5017721238280899
1786903009.9734614,1978,79.08,3,carrying,walking,walking,0,0.0,0.6401313341311086,0.1396414818732061,0.15905081573121863,0.17308010790100353,0.5668855568851809,4.575545490649399,153.04636626067153,0.0,0.5757575757575758,1.0,0.15712539406571976,0,0,0.0,0.5018533489941901
1786903010.008992,1979,79.12,3,carrying,walking,walking,0,0.0,0.6672709615507065,0.14280229901263564,0.13519792872143307,0.17111410244614011,0.6121182692511775,3.835606981196059,155.84524329395464,0.0,0.5454545454545454,1.0,0.1566240933430037,0,0,0.0,0.5038656189744499
1786903010.040592,1980,79.16,3,carrying,carrying,carrying,0,0.0,0.6844292461872834,0.15341193731958322,0.11986490356969225,0.15162554933709982,0.6407154103121391,3.3505837151447126,156.02598405450254,0.0,0.5454545454545454,1.0,0.15593312798608655,0,0,0.0,0.507209304221146
1786903010.0961814,1981,79.2,3,carrying,carrying,carrying,0,0.0,0.6914047521869305,0.15532749127227843,0.13096602590336753,0.1420247016565211,0.6523412536448843,3.075266084404725,154.91509198075488,0.0,0.5454545454545454,1.0,0.155067486489599,0,0,0.0,0.5109138945113532
1786903010.1320994,1982,79.24,3,carrying,carrying,carrying,0,0.0,0.6996145947715029,0.15590671286004365,0.13928334527969521,0.15384176965695806,0.6660243246191716,3.1695000989641438,154.9718182360167,0.0,0.5454545454545454,1.0,0.15463909998255623,0,0,0.0,0.5153725892815346
1786903010.1645453,1983,79.28,3,carrying,carrying,carrying,0,0.0,0.6998029406026769,0.1545483222564522,0.13728776294297196,0.1454634546526092,0.6663382343377949,3.3747181146433816,155.66502922330818,0.0,0.5151515151515151,1.0,0.15348593277714648,0,0,0.0,0.5202607923959743
1786903010.2154033,1984,79.32,3,carrying,carrying,carrying,0,0.0,0.7038778250135452,0.13695766187015285,0.1331001578575617,0.13089716498622125,0.6731297083559087,3.659013909399358,158.0202843137556,0.0,0.48484848484848486,1.0,0.15188252728671411,0,0,0.0,0.526009304633724
1786903010.2459407,1985,79.36,3,carrying,carrying,carrying,0,0.0,0.7119922134357971,0.130700814030779,0.1286094372674004,0.14245281349385688,0.6866536890596618,3.9635063231876897,162.58822168559158,0.0,0.45454545454545453,1.0,0.1505757123999568,0,0,0.0,0.5326548390160266
1786903010.2780154,1986,79.4,3,carrying,carrying,carrying,0,0.0,0.7183593936660209,0.12288947595144463,0.11212307703347905,0.13915509620953084,0.6972656561100348,4.271891412811947,164.9108985387534,0.0,0.42424242424242425,1.0,0.14931948503292938,0,0,0.0,0.5398754567130475
1786903010.373305,1987,79.44,3,carrying,carrying,carrying,0,0.0,0.7180805198937168,0.11572581247371086,0.11553418659976517,0.13311550245047352,0.6968008664895281,4.438361358735216,165.8093074961391,0.0,0.3939393939393939,1.0,0.14828199725731278,0,0,0.0,0.547097263508653
1786903010.4060154,1988,79.48,3,carrying,carrying,carrying,0,0.0,0.7112237568339317,0.10889738179152858,0.13223444765701317,0.1183937420793398,0.6853729280565528,4.382779337481017,164.9737598562101,0.0,0.36363636363636365,1.0,0.14676222530584646,0,0,0.0,0.5538300060169443
1786903010.5037887,1989,79.52,3,carrying,carrying,carrying,0,0.0,0.7109013455187756,0.09652390253516337,0.1414964171105475,0.13492581679349205,0.6848355758646261,4.4879032331729825,164.21336710437348,0.0,0.3333333333333333,1.0,0.14547415465781008,0,0,0.0,0.5605491844804126
1786903010.578528,1990,79.56,3,carrying,carrying,carrying,0,0.0,0.7124106919801936,0.09022769356502233,0.13406340527829247,0.13709962568151754,0.6873511533003226,4.56294272764146,164.57880269112448,0.0,0.30303030303030304,1.0,0.14446813862105015,0,0,0.0,0.5671105334031462
1786903010.6105888,1991,79.6,3,carrying,carrying,carrying,0,0.0,0.7165953915425578,0.07872641497308576,0.12485201231849324,0.12119467815638796,0.6943256525709297,4.616316651871317,165.97557469790013,0.0,0.2727272727272727,1.0,0.14317363925205875,0,0,0.0,0.573818670703955
1786903010.648091,1992,79.64,3,carrying,carrying,carrying,0,0.0,0.7130823541299725,0.07103514179341527,0.12301016200762865,0.11322003155817795,0.6884705902166208,4.57950049273049,167.96761847849203,0.0,0.24242424242424243,1.0,0.14200706340764793,0,0,0.0,0.5799940772701531
1786903010.6960077,1993,79.68,3,carrying,carrying,carrying,0,0.0,0.7172816374812234,0.06614498333382726,0.11168647151940675,0.10163346542880067,0.695469395802039,4.722246343193551,169.01617993931805,0.0,0.21212121212121213,1.0,0.14096575277941517,0,0,0.0,0.5861070494629821
1786903010.726597,1994,79.72,3,carrying,carrying,carrying,0,0.0,0.7077781883364223,0.06856971503902802,0.0933809891478728,0.09607569299179215,0.679630313894037,5.200732007978063,169.3818662238625,0.0,0.21212121212121213,1.0,0.14020811818638218,0,0,0.0,0.591031282553351
1786903010.7579775,1995,79.76,3,carrying,carrying,carrying,0,0.0,0.6924461042050842,0.0705455896757023,0.09725167990861411,0.09161137837607478,0.654076840341807,6.153098004585583,170.36363522711125,0.0,0.21212121212121213,1.0,0.13941592490437554,0,0,0.0,0.5946260626261106
1786903010.8200061,1996,79.8,3,carrying,carrying,carrying,0,0.0,0.6808705280581413,0.06914287883177775,0.08400913233214476,0.0950955786257058,0.6347842134302356,7.338055672258628,171.23972234962446,0.0,0.21212121212121213,1.0,0.13880903955126814,0,0,0.0,0.5972801465506877
1786903010.885923,1997,79.84,3,carrying,carrying,carrying,0,0.0,0.6755886127611378,0.06145093306643344,0.06508235309490897,0.09623789745028972,0.625981021268563,8.755572827902157,172.01127571550677,0.0,0.21212121212121213,1.0,0.13834969939232072,0,0,0.0,0.5998453802621289
1786903010.9796214,1998,79.88,3,standing,carrying,carrying,0,0.0,0.75,0.055467083977278446,0.05258556058903199,0.07678508846283671,0.6244874503728967,10.14010427661987,173.5933246316288,0.0,0.21212121212121213,0.9696969696969697,0.1376150724741306,0,0,0.030303030303030304,0.6024774216443523
1786903011.0285556,1999,79.92,3,standing,carrying,carrying,0,0.0,0.75,0.04863296309298745,0.04665250612744213,0.0695348211135603,0.6082786517890353,11.271804874184033,175.4833540313262,0.0,0.21212121212121213,0.9393939393939394,0.13632182563055004,0,0,0.06060606060606061,0.6045654845985718
1786903011.0584414,2000,79.96,3,standing,carrying,carrying,0,0.0,0.75,0.046189588632498134,0.04137735419576742,0.06774184716859234,0.5872602277414172,12.197657734635843,177.07021892677784,0.0,0.21212121212121213,0.9090909090909091,0.13461440826547452,0,0,0.09090909090909091,0.606653193027781
1786903011.1157956,2001,80.0,3,standing,carrying,carrying,0,0.0,0.75,0.04566497567301628,0.032713261283966406,0.06879227109467939,0.5637914057261717,12.862460950091371,177.61828811998512,0.0,0.21212121212121213,0.8787878787878788,0.1329254671344705,0,0,0.12121212121212122,0.6082766796438762
1786903011.2125766,2002,80.04,3,standing,standing,standing,0,0.0,0.75,0.04792259570677228,0.03327992407178641,0.07477402717911405,0.55009885348334,13.261199134220018,177.61781211595581,0.0,0.18181818181818182,0.8484848484848485,0.13114993681703685,0,0,0.15151515151515152,0.6103203989742406
1786903011.2433424,2003,80.08,3,standing,standing,standing,0,0.0,0.75,0.04914345949970525,0.035253566657315494,0.07387636042886608,0.5311035642244679,13.093517332190444,177.61611889043408,0.0,0.15151515151515152,0.8181818181818182,0.12883669279020388,0,0,0.18181818181818182,0.6122762602100957
1786903011.274913,2004,80.12,3,standing,standing,standing,0,0.0,0.75,0.048578704004403894,0.03174478525053811,0.07597144353519736,0.519206646391068,12.622421068156278,177.577113722989,0.0,0.12121212121212122,0.7878787878787878,0.1260610091625344,0,0,0.21212121212121213,0.6140605799574549
1786903011.3257923,2005,80.16,3,standing,standing,standing,0,0.0,0.75,0.04710236869051891,0.033651715065697585,0.07253926730433757,0.5090032527665604,11.608043237537217,177.0455111249288,0.0,0.09090909090909091,0.7575757575757576,0.1229849364778882,0,0,0.24242424242424243,0.6153709233793538
1786903011.356955,2006,80.2,3,standing,standing,standing,0,0.0,0.75,0.047217601451719875,0.0385916359141525,0.07059524503660393,0.49542447979830395,10.437461407464546,176.6041778916606,0.0,0.06060606060606061,0.7272727272727273,0.11989963472478656,0,0,0.2727272727272727,0.6160437098121817
1786903011.4256468,2007,80.24,3,standing,standing,standing,0,0.0,0.75,0.0465650432659978,0.04115639035863811,0.07014366325120024,0.47824057211031706,9.161673610306469,176.2516759774531,0.0,0.030303030303030304,0.696969696969697,0.11664147254171321,0,0,0.30303030303030304,0.6156037286252898
1786903011.479466,2008,80.28,3,standing,standing,standing,0,0.0,0.75,0.04793936519898362,0.0399215777545488,0.07257789507753186,0.46428024230239967,7.959386668684894,175.87587753126385,0.0,0.0,0.6666666666666666,0.11310618996571992,0,0,0.3333333333333333,0.6143828197330823
1786903011.5189798,2009,80.32,3,standing,standing,standing,0,0.0,0.75,0.05211628846290908,0.03884656551722117,0.07040803033167801,0.45030591413113435,7.018778805016742,175.46785646004682,0.0,0.0,0.6363636363636364,0.1099022437683259,0,0,0.36363636363636365,0.6124830607178975
1786903011.5512784,2010,80.36,3,standing,standing,standing,0,0.0,0.75,0.05455742271251989,0.03755150541594007,0.07661656469686998,0.4399978076599124,6.236694873545234,174.96272061312942,0.0,0.0,0.6060606060606061,0.1069277180185776,0,0,0.3939393939393939,0.6093954461305529
1786903011.6328714,2011,80.4,3,standing,standing,standing,0,0.0,0.75,0.05147875399035987,0.035037807947454876,0.07027414556233978,0.42564435364096254,5.902537897903679,174.7211457816387,0.0,0.0,0.5757575757575758,0.10381238582649688,0,0,0.42424242424242425,0.6051154096686067
1786903011.6625254,2012,80.44,3,standing,standing,standing,0,0.0,0.75,0.04865851708703994,0.03311006717040152,0.062404894414618224,0.4028740009139046,5.936768755210678,174.1861450659579,0.0,0.0,0.5454545454545454,0.10051816740129925,0,0,0.45454545454545453,0.5987746742644469
1786903011.7015104,2013,80.48,3,standing,standing,standing,0,0.0,0.75,0.04828151215410154,0.034785101704185035,0.05838390518576505,0.3887454019958944,6.429040189498933,173.64770071849722,0.0,0.0,0.5151515151515151,0.09769266303307698,0,0,0.48484848484848486,0.5911392194669849
1786903011.7596207,2014,80.52,3,standing,standing,standing,0,0.0,0.75,0.0493358596333375,0.027226516631538664,0.06207630306277853,0.3818554599700353,6.971708757155781,173.3236795132992,0.0,0.0,0.48484848484848486,0.09526998428781205,0,0,0.5151515151515151,0.5829426802647169
1786903011.7903707,2015,80.56,3,standing,standing,standing,0,0.0,0.75,0.04871836963894622,0.02709811460114142,0.061664264212211974,0.3793492822291057,7.802357757068025,173.2364949262569,0.0,0.0,0.45454545454545453,0.09247672654706217,0,0,0.5454545454545454,0.5742555577680482
1786903011.8421855,2016,80.6,3,standing,standing,standing,0,0.0,0.75,0.052713827543457374,0.023333907435361508,0.0629733658058644,0.3743988632107583,8.994569001443134,172.63526391441806,0.0,0.0,0.42424242424242425,0.0899770268850396,0,0,0.5757575757575758,0.5654089101581379
1786903011.8919,2017,80.64,3,standing,standing,standing,0,0.0,0.75,0.052692502536453335,0.02246802712311321,0.059497386026145196,0.3693269771306803,10.150365148328937,171.7039894464683,0.0,0.0,0.3939393939393939,0.08781339721958276,0,0,0.6060606060606061,0.5562027667876764
1786903011.9240122,2018,80.68,3,standing,standing,standing,0,0.0,0.75,0.04875377410774257,0.02340627480716658,0.058425669482619964,0.3753478342440671,11.500052766880943,170.02703484180483,0.0,0.0,0.36363636363636365,0.08526712012833315,0,0,0.6363636363636364,0.5467692560356888
1786903011.9563746,2019,80.72,3,standing,standing,standing,0,0.0,0.75,0.04799528998237534,0.023873137939168253,0.05539962674976312,0.3659009119477237,12.6878616919204,168.9070473131885,0.0,0.0,0.3333333333333333,0.08272907559924929,0,0,0.6666666666666666,0.5367279001519822
1786903012.016735,2020,80.76,3,standing,standing,standing,0,0.0,0.75,0.05102958088177725,0.02589260387943707,0.05128553711966487,0.37389150368646085,13.984635049615544,167.7947050080302,0.0,0.0,0.30303030303030304,0.08024937968013386,0,0,0.696969696969697,0.5269427679458288
1786903012.069385,2021,80.8,3,standing,standing,standing,0,0.0,0.75,0.055480966079504784,0.028362706697202106,0.05024577404782817,0.38251045886738533,14.688438156593302,166.95972451554871,0.0,0.0,0.2727272727272727,0.07818428973978503,0,0,0.7272727272727273,0.5177651173643391
1786903012.1114976,2022,80.84,3,standing,standing,standing,0,0.0,0.75,0.057721288711183504,0.02544630855834014,0.05263947340816099,0.38072642876142887,15.10607231058953,166.44057828016452,0.0,0.0,0.24242424242424243,0.07569076418265377,0,0,0.7575757575757576,0.508549688664242
1786903012.1937516,2023,80.88,3,standing,standing,standing,0,0.0,0.75,0.062475298451427755,0.026368994297773566,0.053321611450288124,0.3771858892385239,15.109165277528087,166.1191766319205,0.0,0.0,0.21212121212121213,0.07315203647867713,0,0,0.7878787878787878,0.49915074126842995
1786903012.2280533,2024,80.92,3,standing,standing,standing,0,0.0,0.75,0.0684895777734434,0.021104707577011474,0.06025524089638202,0.3748039705083561,15.0328806391659,165.5715684998901,0.0,0.0,0.18181818181818182,0.07130538686473756,0,0,0.8181818181818182,0.4894682660544126
1786903012.2774377,2025,80.96,3,standing,standing,standing,0,0.0,0.75,0.06656656836872382,0.023160930192352238,0.058828444012075314,0.3716425606871461,14.497814396790943,164.78724053101595,0.0,0.0,0.15151515151515152,0.06965715693909809,0,0,0.8484848484848485,0.47986741667473154
1786903012.3263133,2026,81.0,3,standing,standing,standing,0,0.0,0.75,0.06783983330660338,0.0284187645396938,0.06295507600769631,0.37514495234011197,13.525730975616288,164.34123989472062,0.0,0.0,0.12121212121212122,0.06848508453239795,0,0,0.8787878787878788,0.4701606153577034
1786903012.358215,2027,81.04,3,standing,standing,standing,0,0.0,0.75,0.06701944028385554,0.035345841682442626,0.0651227772143223,0.3772759835305784,12.444771711818747,163.71669347966494,0.0,0.0,0.09090909090909091,0.06754711738762613,0,0,0.9090909090909091,0.4609983629224471
1786903012.3891628,2028,81.08,3,standing,standing,standing,0,0.0,0.75,0.0640756379071075,0.04165579550223386,0.0652840975693404,0.3624173043919414,10.911872292524135,163.55170621480482,0.0,0.0,0.06060606060606061,0.06674932099954328,0,0,0.9393939393939394,0.4521601951663906
1786903012.4403946,2029,81.12,3,standing,standing,standing,0,0.0,0.75,0.0606289209232494,0.05389192906170229,0.06820272964685245,0.3647299252263912,9.338549775563866,162.41615618066675,0.0,0.0,0.030303030303030304,0.06593438618200227,0,0,0.9696969696969697,0.44397673188748615
1786903012.503432,2030,81.16,3,walking,standing,standing,0,0.0,0.6,0.05335288224047144,0.06058705936614872,0.0636760846343705,0.3571791418159819,7.787436644743946,161.14682472805333,0.0,0.030303030303030304,0.030303030303030304,0.06494766458151988,0,0,0.9696969696969697,0.43583122038892314
1786903012.5959008,2031,81.2,3,walking,standing,standing,0,0.0,0.6,0.05045574943119185,0.06689499390376165,0.06644529283266976,0.358769817310547,6.677513364321335,160.2120184384197,0.0,0.06060606060606061,0.06060606060606061,0.06463433744121178,0,0,0.9393939393939394,0.4277791709021852
1786903012.673055,2032,81.24,3,walking,standing,standing,0,0.0,0.6,0.04534410945554367,0.06966230625763917,0.06288601401277272,0.3727521908899014,5.595845490402246,159.82488357491061,0.0,0.09090909090909091,0.09090909090909091,0.06443285843815762,0,0,0.9090909090909091,0.4206420054203933
1786903012.7053084,2033,81.28,3,walking,standing,standing,0,0.0,0.6,0.04295842946103524,0.07082903845215655,0.059143107263269844,0.38771518175733105,4.803785585019405,159.28979319184162,0.0,0.12121212121212122,0.12121212121212122,0.06417229056223875,0,0,0.8787878787878788,0.414595185845118
1786903012.7959409,2034,81.32,3,walking,walking,walking,0,0.0,0.6,0.04527594339885083,0.07511476355216457,0.060690770355634284,0.4023896247381301,4.317162852274331,158.60354739530652,0.0,0.15151515151515152,0.15151515151515152,0.06392679053984343,0,0,0.8484848484848485,0.4097042227848743
1786903012.8607879,2035,81.36,3,walking,walking,walking,0,0.0,0.6,0.04624762748077901,0.07339661975544837,0.06317585278039789,0.4152957846865488,4.046075485918626,158.0355630793012,0.0,0.18181818181818182,0.18181818181818182,0.06357533070957931,0,0,0.8181818181818182,0.4056192813061837
1786903012.9077363,2036,81.4,3,walking,walking,walking,0,0.0,0.6,0.048175697832940075,0.07500900862056664,0.06648592674691191,0.42592288522316973,3.7278014697790374,157.72827196314682,0.0,0.21212121212121213,0.21212121212121213,0.06335137817376252,0,0,0.7878787878787878,0.40243198800311397
1786903012.9455025,2037,81.44,3,walking,walking,walking,0,0.0,0.6,0.0472031838023389,0.07357060214542294,0.0706389415374768,0.4427678289668509,3.3219043026261565,158.3243979703743,0.0,0.24242424242424243,0.24242424242424243,0.06318978720413461,0,0,0.7575757575757576,0.40011566020238015
1786903013.0021896,2038,81.48,3,walking,walking,walking,0,0.0,0.6,0.04675449965072728,0.07931998351749013,0.06873535366497813,0.46560828209589905,3.0681493207625232,158.2348107413809,0.0,0.2727272727272727,0.2727272727272727,0.06307451709385099,0,0,0.7272727272727273,0.3988006610911479
1786903013.0311801,2039,81.52,3,walking,walking,walking,0,0.0,0.6,0.044353821837277,0.07309797443066118,0.071657308658326,0.48840321564053135,2.86452883546288,158.43507271030927,0.0,0.30303030303030304,0.30303030303030304,0.0631067008399638,0,0,0.696969696969697,0.39858789551060947
1786903013.0638957,2040,81.56,3,walking,walking,walking,0,0.0,0.6,0.044785900217321005,0.07772393468435074,0.0660628427522477,0.50730265439896,2.4910217860955344,159.90121274490951,0.0,0.3333333333333333,0.3333333333333333,0.0629830396127228,0,0,0.6666666666666666,0.3994685646708714
1786903013.1307554,2041,81.6,3,walking,walking,walking,0,0.0,0.6,0.045433335412206476,0.07754921468826823,0.06176354450100169,0.5102876171360946,2.095933797256476,160.47014429463835,0.0,0.36363636363636365,0.36363636363636365,0.06265533201949462,0,0,0.6363636363636364,0.40086272754461966
1786903013.212259,2042,81.64,3,walking,walking,walking,0,0.0,0.6,0.04673533758458578,0.07569727397591691,0.07061515332766485,0.5099737207294797,1.9199393585399283,160.59058495774067,0.0,0.3939393939393939,0.3939393939393939,0.06266160847391845,0,0,0.6060606060606061,0.40267084289608474
1786903013.260385,2043,81.68,3,walking,walking,walking,0,0.0,0.6,0.04740881861741369,0.069423203574139,0.07698533072002879,0.4999813106076129,1.8543492350423485,160.5645178641061,0.0,0.42424242424242425,0.42424242424242425,0.06267278320189297,0,0,0.5757575757575758,0.4044885248035907
1786903013.322858,2044,81.72,3,walking,walking,walking,0,0.0,0.6,0.0488266001345479,0.06753751810205265,0.07689667344340621,0.4906125469557388,1.7426623975377473,160.99641247303384,0.0,0.45454545454545453,0.45454545454545453,0.06287346586495558,0,0,0.5454545454545454,0.4064572579343415
1786903013.3511856,2045,81.76,3,walking,walking,walking,0,0.0,0.6,0.04809966272945151,0.062072512695712886,0.0748409508210969,0.4756879237596518,1.4923024003453018,161.27844750333753,0.0,0.48484848484848486,0.48484848484848486,0.0632503160590913,0,0,0.5151515151515151,0.40866374044481873
1786903013.379881,2046,81.8,3,walking,walking,walking,0,0.0,0.6,0.046076668919587026,0.06579238349556354,0.06591064375796628,0.460387932816847,1.2497477315634862,161.0439597019014,0.0,0.5151515151515151,0.5151515151515151,0.0634783990461277,0,0,0.48484848484848486,0.41083472622727185
1786903013.4250371,2047,81.84,3,standing,walking,walking,0,0.0,0.75,0.043545059573828156,0.051857565864919374,0.06199267598195578,0.44348766945788115,1.1977070231623856,160.11459991389466,0.0,0.5151515151515151,0.5151515151515151,0.06347586489216338,0,0,0.48484848484848486,0.41270236893902473
1786903013.4554298,2048,81.88,3,standing,walking,walking,0,0.0,0.75,0.042033400577375285,0.05299836021016099,0.05976303423725711,0.42848854582893975,1.1921534394914282,160.28735688636718,0.0,0.5151515151515151,0.5151515151515151,0.0634182518626193,0,0,0.48484848484848486,0.41419143753295906
1786903013.514463,2049,81.92,3,standing,walking,walking,0,0.0,0.75,0.03577798573525196,0.042511265607645794,0.05764975202361153,0.42006788229676956,1.182225568044451,160.91429145026638,0.0,0.5151515151515151,0.5151515151515151,0.06325693023285406,0,0,0.48484848484848486,0.4155753472022322
1786903013.5844538,2050,81.96,3,standing,walking,walking,0,0.0,0.75,0.03058503311356661,0.03936737055454362,0.05608553930937355,0.40905913040690556,1.1324278659362272,160.51767231788432,0.0,0.5151515151515151,0.5151515151515151,0.06315354093840643,0,0,0.48484848484848486,0.4167793518469663
1786903013.6238012,2051,82.0,3,standing,standing,standing,0,0.0,0.75,0.022691936601823743,0.0377094244692871,0.04709635965689733,0.3932204279277583,1.1256497212162988,160.38516014661738,0.0,0.5151515151515151,0.5151515151515151,0.06281022851944515,0,0,0.48484848484848486,0.4173209455949569
1786903013.6673443,2052,82.04,3,standing,standing,standing,0,0.0,0.75,0.01622284370100206,0.03710535139003715,0.03924194176077972,0.37578470082138465,1.0847517339231967,160.17761460062871,0.0,0.5151515151515151,0.5151515151515151,0.06232060170159716,0,0,0.48484848484848486,0.4176204543487042
1786903013.7599156,2053,82.08,3,standing,standing,standing,0,0.0,0.75,0.012553344993243018,0.03594251183641984,0.03591322845516296,0.3622063270083535,0.9810421836878532,160.5900793111974,0.0,0.5151515151515151,0.5151515151515151,0.06185477416630923,0,0,0.48484848484848486,0.41726635808573126
1786903013.847505,2054,82.12,3,standing,standing,standing,0,0.0,0.75,0.010352642466347765,0.030494999245988683,0.032030514233396964,0.35554392377295735,0.7387821126466174,160.77061741116864,0.0,0.5151515151515151,0.5151515151515151,0.06130279659617494,0,0,0.48484848484848486,0.4164491903555971
1786903013.891791,2055,82.16,3,standing,standing,standing,0,0.0,0.75,0.01046976012022063,0.020450021858118807,0.03210112596392256,0.3501718409708515,0.7997065616230611,161.19049777251826,0.0,0.5151515151515151,0.5151515151515151,0.06068042243119802,0,0,0.48484848484848486,0.41552329375588265
1786903014.0212052,2056,82.2,3,idle,standing,standing,0,0.0,0.85,0.009058835007219167,0.014822409216200955,0.033305510718625156,0.3507464249686627,1.07234003535592,161.8932642376867,0.0,0.5151515151515151,0.5151515151515151,0.06007387392417793,0,0,0.48484848484848486,0.41472209786891706
1786903014.0518217,2057,82.24,3,idle,standing,standing,0,0.0,0.85,0.008331671716977823,0.01205499332326412,0.03325264644560199,0.35709376602712845,1.3932122113272083,162.7927082843002,0.0,0.5151515151515151,0.5151515151515151,0.059255613486275505,0,0,0.48484848484848486,0.41418542500584965
1786903014.0827634,2058,82.28,3,idle,standing,standing,0,0.0,0.85,0.008428833872385778,0.011131078968195042,0.03359075886785504,0.3646937351138075,1.7699263162872065,163.6161654494721,0.0,0.5151515151515151,0.5151515151515151,0.05849083514857187,0,0,0.48484848484848486,0.41397485453393024
1786903014.1740854,2059,82.32,3,idle,standing,standing,0,0.0,0.85,0.008478811942029285,0.012248624032731917,0.04671077712477478,0.37170385119911553,2.217802189168602,164.2726212894415,0.0,0.5151515151515151,0.5151515151515151,0.05799858366727121,0,0,0.48484848484848486,0.41387057874177885
1786903014.2092092,2060,82.36,3,idle,idle,idle,0,0.0,0.85,0.01031114741183003,0.012365161605814055,0.0540651310832989,0.3696968435897543,2.503332269488302,164.93942603112527,0.0,0.5151515151515151,0.5151515151515151,0.05766350348148262,0,0,0.48484848484848486,0.41364090783448115
1786903014.2494693,2061,82.4,3,idle,idle,idle,0,0.0,0.85,0.011635496446805383,0.012914324387283285,0.053899425717660626,0.3745831510720181,2.765582261128304,165.50583493175685,0.0,0.5151515151515151,0.5151515151515151,0.057318513425371115,0,0,0.48484848484848486,0.4140095698550896
1786903014.3176482,2062,82.44,3,idle,idle,idle,0,0.0,0.85,0.010024828935887445,0.012607412882040503,0.05331598095700246,0.38583861208588127,2.916738058860725,165.86445177408228,0.0,0.5151515151515151,0.5151515151515151,0.05686739982870899,0,0,0.48484848484848486,0.41464922703264995
1786903014.380809,2063,82.48,3,idle,idle,idle,0,0.0,0.85,0.009123620146169511,0.013171856349178406,0.053194031836125415,0.41443794471983525,3.0066643130509134,165.6979507613525,0.0,0.48484848484848486,0.48484848484848486,0.05654976186512581,0,0,0.5151515151515151,0.4163843422721606
1786903014.4683597,2064,82.52,3,idle,idle,idle,0,0.0,0.85,0.008166686219730372,0.01330011688718525,0.049036154789083214,0.43858820366581835,3.0581652713599485,165.4215782650949,0.0,0.45454545454545453,0.45454545454545453,0.056022212227441366,0,0,0.5454545454545454,0.4188030812526234
1786903014.5393977,2065,82.56,3,idle,idle,idle,0,0.0,0.85,0.007782637117193759,0.01344049413958446,0.04703090147226054,0.4535978868732085,3.066641146348536,164.98071970168445,0.0,0.42424242424242425,0.42424242424242425,0.05554175427166827,0,0,0.5757575757575758,0.42125295082787506
1786903014.6123033,2066,82.6,3,idle,idle,idle,0,0.0,0.85,0.007970166891761542,0.01409732846012736,0.04721286929263905,0.46766445813770335,3.121436448976757,164.7061864688259,0.0,0.3939393939393939,0.3939393939393939,0.055180231908921885,0,0,0.6060606060606061,0.42367565617273484
1786903014.6667292,2067,82.64,3,idle,idle,idle,0,0.0,0.85,0.011288923229615607,0.017116207783935276,0.05319791031703393,0.4655820201612218,2.9782146244504446,164.742759179237,0.0,0.36363636363636365,0.36363636363636365,0.054953175544115815,0,0,0.6363636363636364,0.42559057724616184
1786903014.7330878,2068,82.68,3,idle,idle,idle,0,0.0,0.85,0.012183895747774762,0.019444257808384005,0.05830756175152158,0.4469452567286747,2.7841067087227693,164.45511940089756,0.0,0.3333333333333333,0.3333333333333333,0.05480565157354381,0,0,0.6666666666666666,0.42654965215652935
1786903014.7888064,2069,82.72,3,standing,idle,idle,0,0.0,0.75,0.010744996029506753,0.02116092728680658,0.07249372630996304,0.41592472010287557,2.439415990493386,164.37548940364246,0.0,0.30303030303030304,0.30303030303030304,0.05498770610575747,0,0,0.696969696969697,0.42624667745591427
1786903014.819974,2070,82.76,3,standing,idle,idle,0,0.0,0.75,0.011041227295573799,0.02006193726249668,0.07071957288207892,0.39558318248217506,2.464008372338241,164.30666512177422,0.0,0.2727272727272727,0.2727272727272727,0.05499014947983632,0,0,0.7272727272727273,0.4248168396836514
1786903014.8660917,2071,82.8,3,idle,idle,idle,0,0.0,0.85,0.011628411244431112,0.018990990061180033,0.06817490004439533,0.3744373118317734,2.529657402973758,164.40911602535218,0.0,0.24242424242424243,0.24242424242424243,0.05497316603678837,0,0,0.7575757575757576,0.42205408300898095
1786903014.9027574,2072,82.84,3,idle,idle,idle,0,0.0,0.85,0.013058269023849496,0.018922797141523815,0.06663727652153034,0.3537536649995713,2.6148527067682186,164.36528707786528,0.0,0.21212121212121213,0.21212121212121213,0.05482104385082486,0,0,0.7878787878787878,0.4179737935956185
1786903014.9345102,2073,82.88,3,standing,idle,idle,0,0.0,0.75,0.014535790772653295,0.020689899964375282,0.06881979222720624,0.32340066728330463,2.5879321085145963,164.29706507202792,0.0,0.18181818181818182,0.18181818181818182,0.05490458777430845,0,0,0.8181818181818182,0.4124010061072653
1786903014.9979906,2074,82.92,3,standing,idle,idle,0,0.0,0.75,0.015586271283427041,0.02049572852093499,0.06881002801730293,0.29070757130565383,2.4228890562458054,164.49005045556245,0.0,0.15151515151515152,0.15151515151515152,0.05511811757783272,0,0,0.8484848484848485,0.40574706532452476
1786903015.0298934,2075,82.96,3,standing,standing,standing,0,0.0,0.75,0.01574679692663937,0.028392403498643186,0.06741182029598064,0.26137817938638275,2.182515671101679,164.71087714692592,0.0,0.12121212121212122,0.12121212121212122,0.055021046879902905,0,0,0.8787878787878788,0.3982138671020066
1786903015.0623977,2076,83.0,3,standing,standing,standing,0,0.0,0.75,0.014604861593519262,0.02866786225946014,0.062405734336232706,0.22932469532143376,1.8785699652974466,164.4401544069222,0.0,0.09090909090909091,0.09090909090909091,0.05457924092887878,0,0,0.9090909090909091,0.3900121514872739
1786903015.1131568,2077,83.04,3,standing,standing,standing,0,0.0,0.75,0.014518821191554392,0.028861956935770563,0.049172034250525604,0.2056333413738392,1.8940826828472261,164.51678546075848,0.0,0.06060606060606061,0.06060606060606061,0.05373910034727634,0,0,0.9393939393939394,0.3813764179847921
1786903015.1436937,2078,83.08,3,standing,standing,standing,0,0.0,0.75,0.018457953591173876,0.03241997504281721,0.034074098856890264,0.19489943058787035,1.8897909030049653,165.1493928828624,0.0,0.030303030303030304,0.030303030303030304,0.052503741196845824,0,0,0.9696969696969697,0.3728676757674654
1786903015.176716,2079,83.12,3,standing,standing,standing,0,0.0,0.75,0.023251676038518927,0.03475824805613697,0.03450271813672548,0.1979287561823197,1.9491519735298926,165.6189842100768,0.0,0.0,0.0,0.05155198587499005,0,0,1.0,0.3649143673846009
1786903015.2389128,2080,83.16,3,standing,standing,standing,0,0.0,0.75,0.029894375179144575,0.036517166117244135,0.036706071988060696,0.19800307814076795,1.6616256542802403,166.18635098815474,0.0,0.0,0.0,0.050785725147902326,0,0,1.0,0.3574754403749915
1786903015.2701163,2081,83.2,3,standing,standing,standing,0,0.0,0.75,0.03503011607088207,0.03881608820879859,0.038464936478269374,0.1985417689692545,1.325954271764222,166.74315541077803,0.0,0.0,0.0,0.050140328246114814,0,0,1.0,0.3505073562277283
1786903015.3006234,2082,83.24,3,standing,standing,standing,0,0.0,0.75,0.040279977347475765,0.042823786146834034,0.03695670618153847,0.20513045487044995,1.190433331989905,167.61129541940912,0.0,0.0,0.0,0.04951326625090048,0,0,1.0,0.3439941008511731
1786903015.3505876,2083,83.28,3,standing,standing,standing,0,0.0,0.75,0.04236164576567638,0.04650390814848374,0.04039746553675155,0.21558859572187963,1.3136917235970889,168.39616104016488,0.0,0.0,0.0,0.04903787007597254,0,0,1.0,0.33813135737586925
1786903015.4016547,2084,83.32,3,standing,standing,standing,0,0.0,0.75,0.04412442163724342,0.04057391880223104,0.039327311102905604,0.22766220671532478,1.7009815131773838,169.29765713671162,0.0,0.0,0.0,0.04880244436221521,0,0,1.0,0.3331144415815531
1786903015.432825,2085,83.36,3,standing,standing,standing,0,0.0,0.75,0.041971028368429,0.038578672069286016,0.035468650125359866,0.236576983205464,2.035253773412782,170.45692977651296,0.0,0.0,0.0,0.04868810219144491,0,0,1.0,0.3288960258962222
1786903015.4835782,2086,83.4,3,standing,standing,standing,0,0.0,0.75,0.040456928307452206,0.03542858383723005,0.036791732800791274,0.24263916515548642,2.307108459013089,172.27755366474614,0.0,0.0,0.0,0.04871472353525184,0,0,1.0,0.3252727785673475
1786903015.519693,2087,83.44,3,standing,standing,standing,0,0.0,0.75,0.0360231560529884,0.03055609745848806,0.03620227094172733,0.24779324931423036,2.3849884246513855,173.14624615945385,0.0,0.0,0.0,0.048841140405201246,0,0,1.0,0.32200760661405275
1786903015.5500157,2088,83.48,3,standing,standing,standing,0,0.0,0.75,0.03276099973796665,0.0317296163379113,0.033754222125268726,0.25474008487367733,2.465406458444945,172.9333549133539,0.0,0.0,0.0,0.04889123422827234,0,0,1.0,0.31911573521716863
1786903015.621834,2089,83.52,3,standing,standing,standing,0,0.0,0.75,0.02834346939631557,0.039479377558507764,0.03993564601960166,0.2553250236935554,2.8258253655066907,171.93830196853364,0.0,0.0,0.0,0.049092147419211016,0,0,1.0,0.3162241776027714
1786903015.690314,2090,83.56,3,standing,standing,standing,0,0.0,0.75,0.030194908662367823,0.046680122859475884,0.05370202959960052,0.25740018829308925,3.2561183187388636,171.49538638199607,0.0,0.0,0.0,0.04971182569660491,0,0,1.0,0.3132031600956794
1786903015.7265568,2091,83.6,3,standing,standing,standing,0,0.0,0.75,0.026671618624325287,0.047820106850307714,0.06370705908591333,0.2644223465618899,3.671109512319263,170.91570826688914,0.0,0.0,0.0,0.05062444085472789,0,0,1.0,0.31016463316986365
1786903015.7762544,2092,83.64,3,standing,standing,standing,0,0.0,0.75,0.03049159915620322,0.04688462558553627,0.0670904878914714,0.2658148911342377,3.9352302934568413,170.0628687598089,0.0,0.0,0.0,0.05124200784765809,0,0,1.0,0.3069558768042613
1786903015.8853066,2093,83.68,3,standing,standing,standing,0,0.0,0.75,0.035608131286484455,0.04472022443331827,0.07457516356022229,0.26146316109944556,4.024458216930796,168.6128617776091,0.0,0.0,0.0,0.05186352398332243,0,0,1.0,0.3036760682439489
1786903015.9177194,2094,83.72,3,standing,standing,standing,0,0.0,0.75,0.04656512689179471,0.049887336405196936,0.08370082563272456,0.2586977003915685,4.330938645926704,166.41800886006422,0.0,0.0,0.0,0.05276659670802134,0,0,1.0,0.3001643879202989
1786903015.9671283,2095,83.76,3,standing,standing,standing,0,0.0,0.75,0.059943213575061986,0.05935768665483651,0.08503828024792649,0.24928246332851617,4.367160327951572,162.6618393682902,0.0,0.0,0.0,0.05372787850471601,0,0,1.0,0.2960263228064393
1786903015.9968276,2096,83.8,3,walking,standing,standing,0,0.0,0.6,0.06692013406773636,0.07564772258981693,0.09091845586578581,0.24069048797693363,4.3974950504098045,159.62651752569536,0.0,0.030303030303030304,0.030303030303030304,0.05487104286925117,0,0,0.9696969696969697,0.2907612483596848
1786903016.0432727,2097,83.84,3,walking,standing,standing,0,0.0,0.6,0.07431804341218144,0.0922976481484416,0.10499870897846802,0.2512555141329745,4.544778558989075,158.30665136764338,0.0,0.06060606060606061,0.06060606060606061,0.05656687784468708,0,0,0.9393939393939394,0.28508450019202286
1786903016.1162536,2098,83.88,3,walking,standing,standing,0,0.0,0.6,0.08314283825704828,0.0998496539712206,0.11142449674286499,0.263989238612119,4.912990338054133,158.69863581798788,0.0,0.09090909090909091,0.09090909090909091,0.05851819891349327,0,0,0.9090909090909091,0.2793387835780504
1786903016.1651735,2099,83.92,3,walking,standing,standing,0,0.0,0.6,0.08435624574499083,0.09554000960343928,0.10608600903311478,0.27914807276469705,5.169232337617655,159.50425421878379,0.0,0.12121212121212122,0.12121212121212122,0.06030223345108345,0,0,0.8787878787878788,0.27362616583947447
1786903016.1968482,2100,83.96,3,walking,walking,walking,0,0.0,0.6,0.09514197470072851,0.09617308209371622,0.10738599751091625,0.28265000161582354,5.265468885332837,158.6934288983476,0.0,0.15151515151515152,0.15151515151515152,0.06194429669938291,0,0,0.8484848484848485,0.26808277133809877
1786903016.304283,2101,84.0,3,walking,walking,walking,0,0.0,0.6,0.09508836285549369,0.10438049426033219,0.1123579881740563,0.28663599620732716,5.574538987536472,155.7008207280257,0.0,0.18181818181818182,0.18181818181818182,0.06358218840915669,0,0,0.8181818181818182,0.26322491495866396
1786903016.3625927,2102,84.04,3,walking,walking,walking,0,0.0,0.620667944530879,0.09628138537090172,0.11172023001555823,0.12314467367949945,0.2983591755383209,5.883082575045657,153.31752287304795,0.0,0.21212121212121213,0.21212121212121213,0.06511706560217295,0,0,0.7878787878787878,0.25966232269913203
1786903016.3929477,2103,84.08,3,walking,walking,walking,0,0.0,0.7101625147721663,0.09412040021281948,0.12782925265898992,0.12985885284639664,0.3190032958405536,6.313945485696259,153.4033849802881,0.0,0.24242424242424243,0.24242424242424243,0.06690916499503106,0,0,0.7575757575757576,0.2573417200736284
1786903016.456682,2104,84.12,3,walking,walking,walking,0,0.0,0.7004814250506722,0.08892411011553956,0.126086656509121,0.14177576787580054,0.33518701714341875,6.646063422962119,154.51662478075428,0.0,0.2727272727272727,0.2727272727272727,0.06913949432325546,0,0,0.7272727272727273,0.2561523172042843
1786903016.495195,2105,84.16,3,walking,walking,walking,0,0.0,0.6426042992093423,0.09174904173271645,0.1156687738576816,0.1378583419960445,0.35004558971064176,7.331873765069322,157.16580832197903,0.0,0.30303030303030304,0.30303030303030304,0.07129770842854377,0,0,0.696969696969697,0.25603995128643786
1786903016.5341396,2106,84.2,3,walking,walking,walking,0,0.0,0.6,0.09325071047687235,0.09825012460969797,0.13031890639437466,0.35348114066141517,7.80956232939771,158.90867750501417,0.0,0.3333333333333333,0.3333333333333333,0.07316131794876099,0,0,0.6666666666666666,0.25695148078274427
1786903016.58584,2107,84.24,3,walking,walking,walking,0,0.0,0.6,0.08778618977480766,0.08488843855884504,0.12186667347817505,0.33763192238566636,8.52307937272466,158.56453705375176,0.0,0.36363636363636365,0.36363636363636365,0.07476909508393895,0,0,0.6363636363636364,0.2583734308154719
1786903016.6150157,2108,84.28,3,walking,walking,walking,0,0.0,0.6,0.0852596658828445,0.08899356916405819,0.12285231187147866,0.3201737570541518,9.277743062617464,156.9469954173089,0.0,0.3939393939393939,0.3939393939393939,0.07644910998016614,0,0,0.6060606060606061,0.26015511498722255
1786903016.6669688,2109,84.32,3,walking,walking,walking,0,0.0,0.6,0.07945291763063243,0.09240343070019778,0.10947466395049328,0.31391073174504275,10.325800167582193,155.98720793709418,0.0,0.42424242424242425,0.42424242424242425,0.07787544118059828,0,0,0.5757575757575758,0.26271832821218033
1786903016.7168713,2110,84.36,3,walking,walking,walking,0,0.0,0.6,0.07686782723387665,0.08376728710452769,0.10579483949583171,0.32430872986232867,11.693891940524527,156.28501421481275,0.0,0.45454545454545453,0.45454545454545453,0.07959128376378938,0,0,0.5454545454545454,0.266314552105771
1786903016.7453845,2111,84.4,3,walking,walking,walking,0,0.0,0.6,0.07356560652771024,0.07446734298856726,0.09447859249487855,0.3261125900287627,12.487241557510604,159.2000149112884,0.0,0.48484848484848486,0.48484848484848486,0.08142172296494055,0,0,0.5151515151515151,0.27029070845246467
1786903016.7962887,2112,84.44,3,standing,walking,walking,0,0.0,0.75,0.06885145412769997,0.0520859942845057,0.0819480239583438,0.32271006305776717,13.053513850698792,161.82464347875128,0.0,0.48484848484848486,0.48484848484848486,0.08285945950498959,0,0,0.5151515151515151,0.2740719601759631
1786903016.8781328,2113,84.48,3,standing,walking,walking,0,0.0,0.75,0.06159019918110087,0.04466760171112758,0.08041948992551917,0.3213171402169388,13.67222128087315,163.0540268386052,0.0,0.48484848484848486,0.48484848484848486,0.08418410853339742,0,0,0.5151515151515151,0.2778087499358471
1786903016.9101179,2114,84.52,3,standing,walking,walking,0,0.0,0.75,0.05660177801870356,0.04204306265549363,0.08166597389460184,0.32553898081428817,14.004463756131027,163.72471305333505,0.0,0.48484848484848486,0.48484848484848486,0.08549323087934689,0,0,0.5151515151515151,0.2816571502947875
1786903016.9412153,2115,84.56,3,standing,walking,walking,0,0.0,0.75,0.04774766672784789,0.04635373436788493,0.08648363526806514,0.3442948866423464,14.082975354470864,164.59534809239818,0.0,0.48484848484848486,0.48484848484848486,0.08699404691227193,0,0,0.5151515151515151,0.2858742542878752
1786903016.99059,2116,84.6,3,standing,standing,standing,0,0.0,0.75,0.04648394760676691,0.05016317849267366,0.08696624488207348,0.3683555393359491,14.180075899787562,165.7643669955792,0.0,0.48484848484848486,0.48484848484848486,0.08840522204394835,0,0,0.5151515151515151,0.29050355560951374
1786903017.022534,2117,84.64,3,standing,standing,standing,0,0.0,0.75,0.05139736802850458,0.042879743925570354,0.07711036983760161,0.4012935790724934,13.754736028112513,167.7646861491306,0.0,0.48484848484848486,0.48484848484848486,0.08955016321772703,0,0,0.5151515151515151,0.2957651123476097
1786903017.1051185,2118,84.68,3,standing,standing,standing,0,0.0,0.75,0.05380995681172237,0.03478728579708319,0.07911296761848935,0.43501641704244676,12.804153705218187,169.8742603808683,0.0,0.48484848484848486,0.48484848484848486,0.0908727182932764,0,0,0.5151515151515151,0.301778428524488
1786903017.171087,2119,84.72,3,standing,standing,standing,0,0.0,0.75,0.06377316077575333,0.033328628628661136,0.08581795249693487,0.46734768697624157,11.311077686977729,171.3176592405354,0.0,0.48484848484848486,0.48484848484848486,0.09235836131437165,0,0,0.5151515151515151,0.3085877776705715
1786903017.2177842,2120,84.76,3,standing,standing,standing,0,0.0,0.75,0.06925091657356465,0.04076726805922501,0.09369166239419993,0.49095330728771847,9.600860845531546,172.44437162862695,0.0,0.48484848484848486,0.48484848484848486,0.09410046408565871,0,0,0.5151515151515151,0.3159562642758287
1786903017.260333,2121,84.8,3,standing,standing,standing,0,0.0,0.75,0.074867072225978,0.05310215210225568,0.1021483996508711,0.5148258965586512,8.148175096185629,173.48251065311476,0.0,0.48484848484848486,0.48484848484848486,0.09617301491976787,0,0,0.5151515151515151,0.3238376525087067
1786903017.3253884,2122,84.84,3,carrying,standing,standing,0,0.0,0.6244653086752847,0.08226537192419403,0.06980452210012948,0.10175470384932664,0.5407755144588079,6.9590568521282865,173.85802452317324,0.0,0.48484848484848486,0.5151515151515151,0.09804631970248681,0,0,0.48484848484848486,0.33248766738038105
1786903017.35686,2123,84.88,3,carrying,standing,standing,0,0.0,0.6369740373775353,0.08836433379575503,0.0806348573763839,0.10265244758424369,0.5616233956292256,5.685465431092263,174.0294455644088,0.0,0.48484848484848486,0.5454545454545454,0.09952966570202146,0,0,0.45454545454545453,0.34170655245117304
1786903017.388909,2124,84.92,3,carrying,standing,standing,0,0.0,0.645508523875244,0.09446705418429215,0.0883403000285398,0.10719548977161507,0.5758475397920735,4.403244275667581,173.5324806036313,0.0,0.48484848484848486,0.5757575757575758,0.10084749693492151,0,0,0.42424242424242425,0.35114367951875436
1786903017.4394503,2125,84.96,3,carrying,standing,standing,0,0.0,0.6443417433917122,0.10279006724389994,0.11717071671686588,0.12086345537451743,0.5739029056528537,3.556696580411041,172.72869234269712,0.0,0.48484848484848486,0.6060606060606061,0.10247698079804413,0,0,0.3939393939393939,0.3604796799587124
1786903017.473411,2126,85.0,3,carrying,carrying,carrying,0,0.0,0.6408524607780953,0.10305905818655832,0.12371377719184215,0.13212731243136372,0.5680874346301589,2.9295255558300877,171.34447695808407,0.0,0.48484848484848486,0.6363636363636364,0.10422098530929082,0,0,0.36363636363636365,0.3697713246111583
1786903017.5511138,2127,85.04,3,carrying,carrying,carrying,0,0.0,0.6312898947038247,0.1028772857708091,0.12965041400873106,0.13551934928391493,0.5521498245063745,2.5983901084840517,170.4561644386082,0.0,0.48484848484848486,0.6666666666666666,0.10579124360175113,0,0,0.3333333333333333,0.37866381322069786
1786903017.605345,2128,85.08,3,carrying,carrying,carrying,0,0.0,0.612723485315482,0.09786576690287409,0.146290443516617,0.1378913084699633,0.5212058088591367,2.7434282028136416,169.97503996046447,0.0,0.48484848484848486,0.696969696969697,0.10739285051757043,0,0,0.30303030303030304,0.3869039146004136
1786903017.6390507,2129,85.12,3,walking,carrying,carrying,0,0.0,0.8439226278910739,0.096580818286544,0.1519060730203933,0.1403132492917641,0.48039855165265555,3.071294390323591,167.036567578654,0.0,0.48484848484848486,0.696969696969697,0.10888966243956977,0,0,0.30303030303030304,0.3941677953178597
1786903017.6733632,2130,85.16,3,walking,carrying,carrying,0,0.0,0.9122275505111079,0.09677339337973952,0.16420095909199942,0.14504601956948282,0.44155543760790883,3.2871227416221167,166.01978281673294,0.0,0.48484848484848486,0.696969696969697,0.11010321730596417,0,0,0.30303030303030304,0.39993445966558494
1786903017.7463822,2131,85.2,3,walking,carrying,carrying,0,0.0,0.8958221315398931,0.10088535874921473,0.16124798367718074,0.14272285232207313,0.40439128868509205,3.474183115842578,165.52406560607315,0.0,0.48484848484848486,0.696969696969697,0.11105165232351592,0,0,0.30303030303030304,0.4041890672435539
1786903017.7771573,2132,85.24,3,walking,carrying,carrying,0,0.0,0.8353145382371728,0.10674340108280071,0.15035661688269109,0.14576739133961877,0.37136858677426654,3.5295536734570154,164.97970282386802,0.0,0.48484848484848486,0.696969696969697,0.11225411845401605,0,0,0.30303030303030304,0.4069836282741469
1786903017.8083375,2133,85.28,3,walking,walking,walking,0,0.0,0.7718576325106058,0.1087749648648451,0.13893437385190904,0.14427264107668458,0.33673070441477876,3.4639467324825532,163.76539399288373,0.0,0.48484848484848486,0.696969696969697,0.1133718955317666,0,0,0.30303030303030304,0.4086224374498728
1786903017.855833,2134,85.32,3,walking,walking,walking,0,0.0,0.6052299683116823,0.103691476144146,0.1089413942961028,0.13485414264853904,0.31526796904363674,3.5425681797841704,162.86746934237345,0.0,0.48484848484848486,0.696969696969697,0.1140535971825085,0,0,0.30303030303030304,0.409490072990367
1786903017.8852756,2135,85.36,3,walking,walking,walking,0,0.0,0.622051630557403,0.0981428962419272,0.11196929350033252,0.1262348274188804,0.29947335242840617,3.2879832198421317,162.73161044398404,0.0,0.48484848484848486,0.696969696969697,0.11414723820491397,0,0,0.30303030303030304,0.4095238359264302
1786903017.9336224,2136,85.4,3,walking,walking,walking,0,0.0,0.633706742182032,0.09267997116836255,0.11406721359276577,0.11828062155813718,0.2891808047018575,3.041273725910593,163.80955519380328,0.0,0.48484848484848486,0.696969696969697,0.11379638271133037,0,0,0.30303030303030304,0.4086201240737425
1786903017.9848287,2137,85.44,3,walking,walking,walking,0,0.0,0.6,0.08704857933126196,0.09600241989942129,0.10690635578625804,0.2849898099155586,2.719478373748082,164.16488599278665,0.0,0.48484848484848486,0.696969696969697,0.1127397338601321,0,0,0.30303030303030304,0.4070989965819891
1786903018.0221415,2138,85.48,3,walking,walking,walking,0,0.0,0.6,0.07951670004376969,0.08422863277440401,0.09434499472768136,0.2927746667198283,2.2629501970160746,164.17256003161,0.0,0.48484848484848486,0.696969696969697,0.11142114757927263,0,0,0.30303030303030304,0.405363514067116
1786903018.05254,2139,85.52,3,standing,walking,walking,0,0.0,0.75,0.07231974973497021,0.05935318125282299,0.08389769641725466,0.30204333372876907,1.734516664406366,166.81684644842886,0.0,0.45454545454545453,0.6666666666666666,0.11001444424663263,0,0,0.3333333333333333,0.4038047926449146
1786903018.1017108,2140,85.56,3,standing,walking,walking,0,0.0,0.75,0.06120329108977026,0.04431619567145694,0.07886891968292259,0.30964083264617304,1.5364783846399885,167.57772629430306,0.0,0.42424242424242425,0.6363636363636364,0.10871148201041285,0,0,0.36363636363636365,0.4029565778043239
1786903018.1512983,2141,85.6,3,standing,walking,walking,0,0.0,0.75,0.04624769737817203,0.0405394517810607,0.0704907374918194,0.31646617951916023,1.5512126988546975,167.52205880100107,0.0,0.3939393939393939,0.6060606060606061,0.10712476763527166,0,0,0.3939393939393939,0.4028442269699302
1786903018.1963632,2142,85.64,3,standing,walking,walking,0,0.0,0.75,0.03588251824931382,0.03761435643678358,0.05716277187550181,0.31780873787940955,1.645590697705852,167.93558047312519,0.0,0.36363636363636365,0.5757575757575758,0.10553955878451432,0,0,0.42424242424242425,0.40296234836794137
1786903018.2510767,2143,85.68,3,standing,standing,standing,0,0.0,0.75,0.028370633737786873,0.03149826644360038,0.04359131284665518,0.32039357188872136,1.9577051171053435,168.83559410967786,0.0,0.3333333333333333,0.5454545454545454,0.10365460343150898,0,0,0.45454545454545453,0.4028437072172259
1786903018.2814887,2144,85.72,3,standing,standing,standing,0,0.0,0.75,0.02286262857802547,0.020517164966091905,0.03847429339366552,0.31442807445066623,2.249002558048656,169.88401543302692,0.0,0.30303030303030304,0.5151515151515151,0.10195750345874496,0,0,0.48484848484848486,0.40248963098758667
1786903018.3124645,2145,85.76,3,standing,standing,standing,0,0.0,0.75,0.01860263922626599,0.009390440512036486,0.038449659263559574,0.3142972114672985,2.790077803252088,170.52350254867625,0.0,0.30303030303030304,0.5151515151515151,0.10063937119526666,0,0,0.48484848484848486,0.40223469609090584
1786903018.391019,2146,85.8,3,standing,standing,standing,0,0.0,0.75,0.01628574169661549,0.01293347498904826,0.0450764199508327,0.3260238560789945,3.5900397730789564,170.21485523976065,0.0,0.30303030303030304,0.5151515151515151,0.09956836907482161,0,0,0.48484848484848486,0.4023773238443014
1786903018.4225364,2147,85.84,3,standing,standing,standing,0,0.0,0.75,0.0164308639108699,0.01936580696131687,0.05844714196247813,0.34189864383260027,4.298600850886172,170.33971423311255,0.0,0.30303030303030304,0.5151515151515151,0.09886476810718149,0,0,0.48484848484848486,0.4028730712084927
1786903018.460661,2148,85.88,3,standing,standing,standing,0,0.0,0.75,0.02250619057071727,0.023740592850287612,0.06362239547762415,0.3649515968423819,4.811915635239181,170.43235170418242,0.0,0.30303030303030304,0.5151515151515151,0.09817200326504692,0,0,0.48484848484848486,0.4034990321236453
1786903018.511285,2149,85.92,3,standing,standing,standing,0,0.0,0.75,0.027503845331915674,0.024011822206939027,0.0679859146875291,0.3899038176371149,5.272962044045975,170.24432066070182,0.0,0.30303030303030304,0.5151515151515151,0.09759684174400012,0,0,0.48484848484848486,0.4041520102539837
1786903018.5426564,2150,85.96,3,standing,standing,standing,0,0.0,0.75,0.03657512376471417,0.02713000529492499,0.07089231455080587,0.4159426292019224,5.450295738977106,170.03099662655697,0.0,0.30303030303030304,0.5151515151515151,0.09740841582621844,0,0,0.48484848484848486,0.40459592086396634
1786903018.6034126,2151,86.0,3,standing,standing,standing,0,0.0,0.75,0.04752532702454199,0.0298102933104674,0.07641419527930947,0.4407708786384904,5.318249660576991,170.05600092135052,0.0,0.30303030303030304,0.5151515151515151,0.09732663484624328,0,0,0.48484848484848486,0.40477029848808893
1786903018.6540093,2152,86.04,3,standing,standing,standing,0,0.0,0.75,0.05782954631304112,0.043207739314564425,0.0912776676779739,0.469952752424862,5.0764413522998435,170.20349088426275,0.0,0.30303030303030304,0.5151515151515151,0.09749208076082022,0,0,0.48484848484848486,0.40484923986531984
1786903018.6868076,2153,86.08,3,standing,standing,standing,0,0.0,0.75,0.06540328678631344,0.055767565672915236,0.09564598864508535,0.5017365481639199,4.805965259675524,170.31011120328472,0.0,0.30303030303030304,0.5151515151515151,0.09755130276842282,0,0,0.48484848484848486,0.40517600474035625
1786903018.7764735,2154,86.12,3,carrying,standing,standing,0,0.0,0.618811344776741,0.07192381428550391,0.07099190546190783,0.10097263486965892,0.5313522412945684,4.414996834976515,170.36842683121455,0.0,0.30303030303030304,0.5454545454545454,0.09751567353262851,0,0,0.45454545454545453,0.4056768030656871
1786903018.837561,2155,86.16,3,carrying,standing,standing,0,0.0,0.6310206955777549,0.08413219691015755,0.09773572272301365,0.10055477990083186,0.5517011592962582,3.966891139710794,170.9586974275397,0.0,0.30303030303030304,0.5454545454545454,0.09747931220085593,0,0,0.45454545454545453,0.40600788321227643
1786903018.8929834,2156,86.2,3,carrying,standing,standing,0,0.0,0.634708548437218,0.08944146286092643,0.10667341570683427,0.09240826659247231,0.5578475807286967,3.2286778860806775,171.12978607890884,0.0,0.30303030303030304,0.5454545454545454,0.09716888247383257,0,0,0.45454545454545453,0.40589346457892705
1786903018.9250288,2157,86.24,3,carrying,standing,standing,0,0.0,0.6323826329149139,0.09378503341473042,0.12412233032001035,0.09724083243165127,0.5539710548581899,2.694260777271357,171.11979048908458,0.0,0.30303030303030304,0.5454545454545454,0.09686722619080336,0,0,0.45454545454545453,0.4052305407930518
1786903018.9863627,2158,86.28,3,carrying,carrying,carrying,0,0.0,0.6230011723681022,0.09581444492781765,0.13041063943601763,0.10394328416710677,0.5383352872801702,2.3624738981269178,171.04240720408262,0.0,0.30303030303030304,0.5454545454545454,0.09635449372997272,0,0,0.45454545454545453,0.40415273417569775
1786903019.1510453,2159,86.32,3,carrying,carrying,carrying,0,0.0,0.6028537724020796,0.08932659660688703,0.13157920118627786,0.121482863961253,0.5047562873367993,2.110656880456404,171.25682333731743,0.0,0.30303030303030304,0.5454545454545454,0.09603193468542391,0,0,0.45454545454545453,0.40223360850014145
1786903019.2151415,2160,86.36,3,walking,carrying,carrying,0,0.0,0.7602837211770391,0.08366505619543253,0.13685106981186704,0.12638663016655272,0.46877107342844876,1.9966765792505854,170.9843089404233,0.0,0.3333333333333333,0.5454545454545454,0.09575518562126142,0,0,0.45454545454545453,0.39970697967959823
1786903019.270321,2161,86.4,3,walking,carrying,carrying,0,0.0,0.7459041464233871,0.07816594401497941,0.13426274635620966,0.1182875143326682,0.43157940475482137,2.0156486223331167,170.3445871407768,0.0,0.36363636363636365,0.5454545454545454,0.09516113125346459,0,0,0.45454545454545453,0.3969910280400735
1786903019.3003836,2162,86.44,3,walking,carrying,carrying,0,0.0,0.6898630321697617,0.07192018521932474,0.1241753457905571,0.11758261901473513,0.3936132743088941,2.041993364703938,169.74525664164508,0.0,0.36363636363636365,0.5454545454545454,0.0944723242753728,0,0,0.45454545454545453,0.39436117115086855
1786903019.3288875,2163,86.48,3,walking,carrying,carrying,0,0.0,0.6165125010201519,0.06762478446391755,0.11097225018362733,0.11295254373637678,0.35339324334313865,1.9252508112699598,169.1728113986276,0.0,0.36363636363636365,0.5454545454545454,0.09349979470467262,0,0,0.45454545454545453,0.39168958950648164
1786903019.3739238,2164,86.52,3,walking,walking,walking,0,0.0,0.6,0.05808494832939359,0.08101107578393814,0.09969687376824526,0.31009258952728536,1.9323547827717351,169.07012380025813,0.0,0.36363636363636365,0.5454545454545454,0.09219597717273843,0,0,0.45454545454545453,0.3888320531683662
1786903019.408087,2165,86.56,3,walking,walking,walking,0,0.0,0.6,0.05337133638900915,0.06761393004760494,0.09313977068334395,0.2722515311492105,1.7961679035346296,167.75942878673783,0.0,0.36363636363636365,0.5454545454545454,0.09060120078921498,0,0,0.45454545454545453,0.38582850602821306
1786903019.4659622,2166,86.6,3,standing,walking,walking,0,0.0,0.75,0.04196064665498596,0.045429135516630165,0.08205600405626343,0.2383453379071056,1.7360638848196317,166.78486740087743,0.0,0.3333333333333333,0.5151515151515151,0.0887158481522325,0,0,0.48484848484848486,0.3828471312855563
1786903019.5518997,2167,86.64,3,standing,walking,walking,0,0.0,0.75,0.03602738704449769,0.03946502610967456,0.07397616417949536,0.21565909252310983,1.4918123599160076,165.44160176009152,0.0,0.30303030303030304,0.48484848484848486,0.08687106092589786,0,0,0.5151515151515151,0.379828680481904
1786903019.5817735,2168,86.68,3,standing,walking,walking,0,0.0,0.75,0.031727744247829155,0.041142488070265236,0.056823392382701364,0.20211996175634583,1.3095568515978693,164.86906744731624,0.0,0.2727272727272727,0.45454545454545453,0.08476768410661971,0,0,0.5454545454545454,0.37687857773426575
1786903019.6138027,2169,86.72,3,standing,walking,walking,0,0.0,0.75,0.025649811244983393,0.03596806728646216,0.048749343137918844,0.20998024455184378,1.3854718168350948,163.66723126962583,0.0,0.24242424242424243,0.42424242424242425,0.08266067566964339,0,0,0.5757575757575758,0.37447856076002295
1786903019.6836293,2170,86.76,3,standing,standing,standing,0,0.0,0.75,0.024331796493315367,0.02531790401451674,0.047335687745232356,0.2231442647083149,1.7420139848486174,162.8590341311703,0.0,0.21212121212121213,0.3939393939393939,0.08085550391082443,0,0,0.6060606060606061,0.37260445332950043
1786903019.713338,2171,86.8,3,standing,standing,standing,0,0.0,0.75,0.028112912269864565,0.025066146408372233,0.05134114313598647,0.24497215248279658,2.552027157930984,162.52508201638898,0.0,0.18181818181818182,0.36363636363636365,0.07955235689289428,0,0,0.6363636363636364,0.3711558922920146
1786903019.7436779,2172,86.84,3,standing,standing,standing,0,0.0,0.75,0.031918929728230204,0.025598177530434224,0.05129568547405169,0.2597054517117172,3.80967482006944,162.19136690448718,0.0,0.18181818181818182,0.36363636363636365,0.07856441716734269,0,0,0.6363636363636364,0.3698729261702857
1786903019.795315,2173,86.88,3,standing,standing,standing,0,0.0,0.75,0.030711597645575992,0.047715616680217586,0.05885600133542372,0.2792500732522826,5.088893720001126,162.09171792198714,0.0,0.18181818181818182,0.36363636363636365,0.07795796509620635,0,0,0.6363636363636364,0.3689519940674406
1786903019.8262842,2174,86.92,3,walking,standing,standing,0,0.0,0.6,0.028525601809088887,0.07047609892531737,0.07814920234414297,0.30177057380035516,6.232920979939506,161.11999178427362,0.0,0.21212121212121213,0.3939393939393939,0.078190039788701,0,0,0.6060606060606061,0.3685066726820223
1786903019.8791995,2175,86.96,3,walking,standing,standing,0,0.0,0.6,0.03162880266344218,0.08505965737261922,0.09912186352426187,0.3287608835677178,7.38265277573335,162.0017240113315,0.0,0.24242424242424243,0.42424242424242425,0.07946152741442102,0,0,0.5757575757575758,0.3688385558846982
1786903019.9279969,2176,87.0,3,walking,standing,standing,0,0.0,0.6,0.03497213424507088,0.08740247288890972,0.10769274355645106,0.3561781699741278,8.421779209500603,162.7857283655517,0.0,0.2727272727272727,0.45454545454545453,0.08140399501168756,0,0,0.5454545454545454,0.3699229376448621
1786903019.9594238,2177,87.04,3,walking,standing,standing,0,0.0,0.6,0.039793063026691215,0.08375332176766184,0.1064809150962469,0.3819266749554975,9.230904959819107,164.01820806216008,0.0,0.30303030303030304,0.48484848484848486,0.0834648017299476,0,0,0.5151515151515151,0.3719683497813721
1786903019.9910917,2178,87.08,3,walking,walking,walking,0,0.0,0.6,0.04701364175686048,0.08225826709335719,0.10678394037190231,0.4057374660148576,9.613435762389447,163.60460845743765,0.0,0.3333333333333333,0.5151515151515151,0.08553553752110948,0,0,0.48484848484848486,0.37473926658584367
1786903020.0533254,2179,87.12,3,walking,walking,walking,0,0.0,0.6,0.048725683098788615,0.08678650183998099,0.1165765076614519,0.42552826250573633,9.310219228782348,164.65561384337514,0.0,0.36363636363636365,0.5454545454545454,0.08770220684567372,0,0,0.45454545454545453,0.37775455162907823
1786903020.1109874,2180,87.16,3,walking,walking,walking,0,0.0,0.6,0.05240921432064628,0.09408359461541783,0.12648135179821632,0.45544752759180834,8.680231114700721,165.9253724105165,0.0,0.3939393939393939,0.5757575757575758,0.0897638495679688,0,0,0.42424242424242425,0.38119542689450875
1786903020.1418867,2181,87.2,3,walking,walking,walking,0,0.0,0.6,0.0509309872496014,0.10465034104480714,0.1279362975909232,0.483533375077232,7.740564826593771,167.3559878595481,0.0,0.42424242424242425,0.6060606060606061,0.09171275569261424,0,0,0.3939393939393939,0.38478881411374666
1786903020.2201643,2182,87.24,3,carrying,walking,walking,0,0.0,0.6058167301201747,0.05361361796746538,0.09079938011288795,0.12791299319953506,0.5096945502002911,6.508856494779555,168.43580219093275,0.0,0.42424242424242425,0.6363636363636364,0.09352872776873562,0,0,0.36363636363636365,0.38841883631263074
1786903020.2500865,2183,87.28,3,carrying,walking,walking,0,0.0,0.6230040545913812,0.056923739009649754,0.07754973091104292,0.1134717988563187,0.5383400909856354,5.398652904642392,169.3607595829696,0.0,0.42424242424242425,0.6666666666666666,0.09481901517193299,0,0,0.3333333333333333,0.3921278503060766
1786903020.3013992,2184,87.32,3,carrying,walking,walking,0,0.0,0.6310529057897526,0.0589603379309463,0.08044706603002082,0.11134518288172683,0.5517548429829211,4.495078497905499,170.6966744834029,0.0,0.42424242424242425,0.696969696969697,0.09587752994776381,0,0,0.30303030303030304,0.3954910007407563
1786903020.3512251,2185,87.36,3,carrying,walking,walking,0,0.0,0.6321803499473773,0.061599971572287124,0.09460286408021627,0.11662465324531351,0.5536339165789621,3.7354147157950797,170.4896673701856,0.0,0.42424242424242425,0.7272727272727273,0.0966456204195014,0,0,0.2727272727272727,0.39802679359391085
1786903020.397182,2186,87.4,3,carrying,carrying,carrying,0,0.0,0.6317621637375703,0.06450946547378077,0.10209904052014722,0.11825085749097336,0.5529369395626172,3.148063484029405,170.98166988200703,0.0,0.42424242424242425,0.7575757575757576,0.09733061644513434,0,0,0.24242424242424243,0.39957832060599263
1786903020.4279237,2187,87.44,3,carrying,carrying,carrying,0,0.0,0.630987177881577,0.0634142074235033,0.10651882854536994,0.11716327225640713,0.551645296469295,2.8144526095636375,171.7705334907108,0.0,0.42424242424242425,0.7575757575757576,0.09782124182049035,0,0,0.24242424242424243,0.40019326167189345
1786903020.5004613,2188,87.48,3,carrying,carrying,carrying,0,0.0,0.6296059027056228,0.06476590674290868,0.10839545224837314,0.11617533919952192,0.5493431711760379,2.6067529294280183,173.33558674324462,0.0,0.42424242424242425,0.7575757575757576,0.09829459210226885,0,0,0.24242424242424243,0.4001218074864322
1786903020.5297742,2189,87.52,3,carrying,carrying,carrying,0,0.0,0.6294054001619729,0.0613722597950226,0.09791667425708507,0.10997428443328357,0.5490090002699549,2.6672059310623695,174.33923076544392,0.0,0.42424242424242425,0.7575757575757576,0.0988268956732025,0,0,0.24242424242424243,0.3998539717149551
1786903020.5586777,2190,87.56,3,carrying,carrying,carrying,0,0.0,0.6212059744442042,0.06528628078989328,0.0891504667966081,0.10787800686765411,0.5353432907403404,2.6917549340047544,175.08758854601243,0.0,0.42424242424242425,0.7575757575757576,0.09914923429247532,0,0,0.24242424242424243,0.39928949401441427
1786903020.6131196,2191,87.6,3,carrying,carrying,carrying,0,0.0,0.609208439848775,0.06654280262968809,0.09837227966784512,0.10429173005973974,0.5153473997479584,2.8726372124980935,175.34391001536528,0.0,0.42424242424242425,0.7575757575757576,0.09915979325891876,0,0,0.24242424242424243,0.398592891361923
1786903020.6416771,2192,87.64,3,walking,carrying,carrying,0,0.0,0.6,0.06844409338364218,0.0990697429334863,0.12239923720253569,0.4967169411968678,3.016470065852967,175.8672301611246,0.0,0.45454545454545453,0.7575757575757576,0.09918756214501823,0,0,0.24242424242424243,0.39834927481222815
1786903020.7128315,2193,87.68,3,walking,carrying,carrying,0,0.0,0.6,0.06471584186517712,0.08892190313637718,0.11237175643841983,0.48864617062047283,3.0984171950846844,176.02854906342384,0.0,0.45454545454545453,0.7575757575757576,0.09876286900174147,0,0,0.24242424242424243,0.3989515504847137
1786903020.7631073,2194,87.72,3,walking,carrying,carrying,0,0.0,0.6,0.05822652902001137,0.07855166576528672,0.10450791788035167,0.49938874340965383,3.1106021933780617,176.15186822919284,0.0,0.45454545454545453,0.7575757575757576,0.09834530547288338,0,0,0.24242424242424243,0.40100637892879953
1786903020.7968616,2195,87.76,3,carrying,carrying,carrying,0,0.0,0.6076481100776571,0.05325995974046333,0.07069910551591348,0.10311486274755598,0.5127468501294284,2.9637444767374306,176.63285910626334,0.0,0.42424242424242425,0.7575757575757576,0.0979068886163022,0,0,0.24242424242424243,0.40461648728699756
1786903020.8297434,2196,87.8,3,walking,walking,walking,0,0.0,0.6,0.049920587445147775,0.07048314574712983,0.12214044437569571,0.5150086411648926,2.4706818433881037,176.76214095020285,0.0,0.42424242424242425,0.7575757575757576,0.09818530984779672,0,0,0.24242424242424243,0.40951392358462646
1786903020.914604,2197,87.84,3,walking,walking,walking,0,0.0,0.6,0.046753879464521884,0.064966349838649,0.12103289959717269,0.5119867174192541,1.9591803946145359,176.17697084988137,0.0,0.42424242424242425,0.7575757575757576,0.09883185608503696,0,0,0.24242424242424243,0.41563192746014066
1786903020.9455447,2198,87.88,3,walking,walking,walking,0,0.0,0.6,0.04308803708841488,0.062412050649587325,0.1182135512498118,0.511194980783653,1.6405588407452,175.9495979885135,0.0,0.42424242424242425,0.7575757575757576,0.09959166761735415,0,0,0.24242424242424243,0.4228726380551238
1786903020.9857135,2199,87.92,3,standing,walking,walking,0,0.0,0.75,0.03467687879620699,0.05626641705293362,0.11457757470713596,0.5102175044537205,1.5006596882956496,175.72777625518174,0.0,0.42424242424242425,0.7575757575757576,0.10057716975828968,0,0,0.24242424242424243,0.43111118855653635
1786903021.0337114,2200,87.96,3,standing,walking,walking,0,0.0,0.75,0.029056931320603885,0.045953681340633476,0.10550798821524585,0.5099836194167454,1.52417423167486,175.46958807493988,0.0,0.42424242424242425,0.7575757575757576,0.10153267957755485,0,0,0.24242424242424243,0.4400301136139193
1786903021.1486378,2201,88.0,3,standing,walking,walking,0,0.0,0.75,0.025082189971164695,0.039457738606848466,0.08558448198069833,0.5077815967719752,1.3332417904882095,175.1757432353257,0.0,0.42424242424242425,0.7575757575757576,0.10240422774719111,0,0,0.24242424242424243,0.4492925874022717
1786903021.191937,2202,88.04,3,standing,walking,walking,0,0.0,0.75,0.024433603895608176,0.0360171841582455,0.08140540768002157,0.49874385506628344,1.1272207699394328,174.89887355392904,0.0,0.42424242424242425,0.7575757575757576,0.10339380546058817,0,0,0.24242424242424243,0.45804299984210317
1786903021.2419188,2203,88.08,3,standing,standing,standing,0,0.0,0.75,0.023645224970975126,0.031159181583455233,0.08527021743706789,0.490260952037359,0.8630102190406325,174.54349387287894,0.0,0.42424242424242425,0.7575757575757576,0.10454333666337108,0,0,0.24242424242424243,0.4661374449126803
1786903021.2759423,2204,88.12,3,standing,standing,standing,0,0.0,0.75,0.022623834068500784,0.03872860305246168,0.09018770093892807,0.48531850349996947,0.632630872774984,173.85589383513565,0.0,0.42424242424242425,0.7575757575757576,0.10572050508164203,0,0,0.24242424242424243,0.47342066767077645
1786903021.3368697,2205,88.16,3,standing,standing,standing,0,0.0,0.75,0.025521656054990762,0.03646386985052799,0.07616646339652762,0.4897631412191733,0.5107741035300399,173.58728051991864,0.0,0.42424242424242425,0.7575757575757576,0.10647416501868676,0,0,0.24242424242424243,0.48039211280736605
1786903021.395368,2206,88.2,3,standing,standing,standing,0,0.0,0.75,0.021737627576568625,0.041934378901171444,0.06718320518693623,0.5062493996184895,0.7328540573613518,173.31040692370513,0.0,0.42424242424242425,0.7575757575757576,0.10672650452933864,0,0,0.24242424242424243,0.4872708802730086
1786903021.426684,2207,88.24,3,standing,standing,standing,0,0.0,0.75,0.022269636994046348,0.05587036745306541,0.06563145909614226,0.5196917868761066,0.8388241651225934,173.28738218590598,0.0,0.3939393939393939,0.7272727272727273,0.10634717897636893,0,0,0.2727272727272727,0.4938745533965162
1786903021.4630759,2208,88.28,3,standing,standing,standing,0,0.0,0.75,0.025413535433024707,0.05908045521218018,0.06916517879023763,0.5257984775509548,0.9047612538807808,173.10867160365956,0.0,0.36363636363636365,0.696969696969697,0.10543940065109547,0,0,0.30303030303030304,0.49984538957782637
1786903021.5211422,2209,88.32,3,walking,standing,standing,0,0.0,0.6,0.026806204125418544,0.07217450065073525,0.08260155546268931,0.5215009673816404,0.8871764607687147,173.53867320932386,0.0,0.36363636363636365,0.696969696969697,0.10467906161795118,0,0,0.30303030303030304,0.5048551713174481
1786903021.5811365,2210,88.36,3,walking,standing,standing,0,0.0,0.6,0.033909763192101525,0.08726617907512206,0.08812715060318571,0.5173557639137922,1.0408270652409508,173.7803520308047,0.0,0.36363636363636365,0.696969696969697,0.10412288693634325,0,0,0.30303030303030304,0.508959083104063
1786903021.6176972,2211,88.4,3,walking,standing,standing,0,0.0,0.6,0.039941160614584005,0.1071909338514775,0.09759451613827265,0.5197720325235193,1.3280351069142955,173.894594997727,0.0,0.36363636363636365,0.696969696969697,0.10384441953532417,0,0,0.30303030303030304,0.5124146760285679
1786903021.668815,2212,88.44,3,walking,standing,standing,0,0.0,0.659882839639974,0.043746058434120466,0.11877891113519531,0.08675803701865456,0.5215767468769501,1.7588074079152023,173.4208698403957,0.0,0.36363636363636365,0.696969696969697,0.10294082951584546,0,0,0.30303030303030304,0.515325236161029
1786903021.7204318,2213,88.48,3,walking,walking,walking,0,0.0,0.6095451471510317,0.045693902867731645,0.10971812648718571,0.08640228808843065,0.5156841938762821,2.1812872035234836,172.8709346150734,0.0,0.36363636363636365,0.696969696969697,0.10172631243373075,0,0,0.30303030303030304,0.5171505896848009
1786903021.7567768,2214,88.52,3,walking,walking,walking,0,0.0,0.6342155697736673,0.04402902391473347,0.11415880255926011,0.08660110668757788,0.5038496891038944,2.2724013021684515,173.01307769325564,0.0,0.36363636363636365,0.696969696969697,0.10047373089120513,0,0,0.30303030303030304,0.5177662355643967
1786903021.8050532,2215,88.56,3,walking,walking,walking,0,0.0,0.6229087580483209,0.0471011159165906,0.11212357644869776,0.08868076113287296,0.4855046420161539,2.2718057962244163,173.12303473123495,0.0,0.3939393939393939,0.696969696969697,0.09928487537403355,0,0,0.30303030303030304,0.5170332080436653
1786903021.8565047,2216,88.6,3,walking,walking,walking,0,0.0,0.6,0.044625650917375415,0.10034071336635908,0.0908927419080498,0.4661149562985207,2.266944926507196,172.58933874648181,0.0,0.42424242424242425,0.696969696969697,0.09860066152711632,0,0,0.30303030303030304,0.5148445675986012
1786903021.8925385,2217,88.64,3,walking,walking,walking,0,0.0,0.6,0.04337247361996582,0.10305069316058707,0.09410550383793072,0.44367564412807126,2.3057144709259974,171.17899775449578,0.0,0.45454545454545453,0.696969696969697,0.09807824701063765,0,0,0.30303030303030304,0.5115694403605755
1786903021.9568584,2218,88.68,3,walking,walking,walking,0,0.0,0.6,0.04807905452349506,0.09881903287785349,0.08856991335310561,0.4293021834575161,2.432958400513477,168.45820705567604,0.0,0.48484848484848486,0.696969696969697,0.09722810337754043,0,0,0.30303030303030304,0.5078018120841681
1786903021.986917,2219,88.72,3,walking,walking,walking,0,0.0,0.6,0.04917081477228528,0.09221098456205162,0.08791249664541462,0.41845695691281476,3.0951350606728107,165.29024267900527,0.0,0.5151515151515151,0.696969696969697,0.09630875910949321,0,0,0.30303030303030304,0.50372666109478
1786903022.0406835,2220,88.76,3,walking,walking,walking,0,0.0,0.6,0.04769100252901545,0.08000211631353854,0.07649478260820003,0.40126495651903915,3.6185678860671806,161.20702654313456,0.0,0.5454545454545454,0.696969696969697,0.0950763806353051,0,0,0.30303030303030304,0.49916968109628745
1786903022.1966238,2221,88.8,3,walking,walking,walking,0,0.0,0.6,0.05187127299708946,0.07970495879243879,0.08370178092031888,0.3612135209484233,3.815994723249216,159.64779953815633,0.0,0.5757575757575758,0.696969696969697,0.0940923334147232,0,0,0.30303030303030304,0.4934687826045415
1786903022.2471979,2222,88.84,3,walking,walking,walking,0,0.0,0.6,0.0541055128829995,0.07834725119373481,0.09611544714521371,0.339256545927427,3.960037396177161,158.91312743698145,0.0,0.6060606060606061,0.696969696969697,0.09367236864841806,0,0,0.30303030303030304,0.487112647624465
1786903022.2773275,2223,88.88,3,walking,walking,walking,0,0.0,0.6,0.056321074466522375,0.07670258775185144,0.0999993411553907,0.32952756362839675,4.344997250692211,159.15851083407227,0.0,0.6363636363636364,0.696969696969697,0.09343362120259188,0,0,0.30303030303030304,0.48087580740895147
1786903022.3419764,2224,88.92,3,walking,walking,walking,0,0.0,0.6,0.055544814869021616,0.07292375267174948,0.10454039341764708,0.3249397556722644,5.160126881515664,159.29207083912468,0.0,0.6666666666666666,0.696969696969697,0.0934411564558618,0,0,0.30303030303030304,0.4751058788005971
1786903022.3846643,2225,88.96,3,walking,walking,walking,0,0.0,0.6,0.06477126862186977,0.0735217881900087,0.10258687324178073,0.32606980812858977,5.767767457591259,158.92456778544147,0.0,0.6666666666666666,0.696969696969697,0.09284078179038438,0,0,0.30303030303030304,0.4699347535561039
1786903022.453249,2226,89.0,3,walking,walking,walking,0,0.0,0.6,0.0730116211345885,0.08400696545073116,0.10155573586921873,0.32457466700969007,5.721827425430262,159.01376282177122,0.0,0.6666666666666666,0.696969696969697,0.09251302359131769,0,0,0.30303030303030304,0.4649628898103226
1786903022.5037415,2227,89.04,3,walking,walking,walking,0,0.0,0.6,0.07418959616609687,0.08620663893063335,0.1044816334994032,0.33291808020281227,5.767245686410512,159.27567614336886,0.0,0.6666666666666666,0.696969696969697,0.09251222709492529,0,0,0.30303030303030304,0.4599183242586001
1786903022.564984,2228,89.08,3,walking,walking,walking,0,0.0,0.6,0.07173027583691566,0.09371795341365213,0.10470718777845282,0.3404514690688578,6.056676654301575,160.80338660196963,0.0,0.696969696969697,0.696969696969697,0.09256047936858884,0,0,0.30303030303030304,0.45469725210524947
1786903022.6069486,2229,89.12,3,walking,walking,walking,0,0.0,0.6,0.06876746583461404,0.09996304987711052,0.11527162231150195,0.3460217096216727,5.700851199994447,163.47126822077013,0.0,0.696969696969697,0.696969696969697,0.09235233324543146,0,0,0.30303030303030304,0.4495764359978791
1786903022.661915,2230,89.16,3,walking,walking,walking,0,0.0,0.6197067266952482,0.06499764322730812,0.11154721080514468,0.11106044714053702,0.3564697535433038,5.065684865328398,167.4806859243258,0.0,0.696969696969697,0.696969696969697,0.0920501377164425,0,0,0.30303030303030304,0.44486380072891096
1786903022.704977,2231,89.2,3,walking,walking,walking,0,0.0,0.756269043131955,0.06769917523766329,0.1361284277637519,0.10302891199624355,0.38254126668098953,4.696396655197086,168.97039908154164,0.0,0.696969696969697,0.696969696969697,0.09158999713300105,0,0,0.30303030303030304,0.44096520333186057
1786903022.749598,2232,89.24,3,walking,walking,walking,0,0.0,0.8760139559065226,0.07292787595433287,0.15768251206317407,0.13303713350258417,0.372485052006006,4.22555059003543,170.1486341765107,0.0,0.7272727272727273,0.7272727272727273,0.09214937770256007,0,0,0.2727272727272727,0.4367914926516268
1786903022.8038392,2233,89.28,3,walking,walking,walking,0,0.0,0.9925012397292505,0.08116035051438295,0.17865022315126508,0.1765332471868494,0.37962534187646646,3.679422046820666,171.06932317171191,0.0,0.7575757575757576,0.7575757575757576,0.09430165827745715,0,0,0.24242424242424243,0.4328412418170729
1786903022.8429554,2234,89.32,3,walking,walking,walking,0,0.0,1.0,0.076913894456421,0.18049793836195016,0.18228259869280194,0.38989127279064845,3.158302481917562,171.87565018296354,0.0,0.7878787878787878,0.7878787878787878,0.09723190423842998,0,0,0.21212121212121213,0.4292688077570327
1786903022.879385,2235,89.36,3,walking,walking,walking,0,0.0,0.9453087225253824,0.06823738048692445,0.17015557005456883,0.1816703408668458,0.3985405931342624,2.9979033877149,172.16609857073328,0.0,0.8181818181818182,0.8181818181818182,0.10027023554712165,0,0,0.18181818181818182,0.4262323452742442
1786903023.0608773,2236,89.4,3,walking,walking,walking,0,0.0,0.8732621000946569,0.06253863192981807,0.15718717801703821,0.1724523351196864,0.40960113770861917,3.557568327081492,172.00280948143012,0.0,0.8484848484848485,0.8484848484848485,0.10291211790114038,0,0,0.15151515151515152,0.42378810847640364
1786903023.0927048,2237,89.44,3,walking,walking,walking,0,0.0,0.817096788678259,0.05655643913583002,0.14707742196208662,0.16473932470307376,0.42104471142024985,4.1421008866724796,172.36285729047387,0.0,0.8787878787878788,0.8787878787878788,0.1051712580152054,0,0,0.12121212121212122,0.4218404178073212
1786903023.1245527,2238,89.48,3,walking,walking,walking,0,0.0,0.8020636406627125,0.057448233376861876,0.14437145531928824,0.15311135142166976,0.4310302237993334,4.465422244633873,173.26941617205506,0.0,0.9090909090909091,0.9090909090909091,0.10750292128869454,0,0,0.09090909090909091,0.4200606324309624
1786903023.210817,2239,89.52,3,walking,walking,walking,0,0.0,0.7292470460340789,0.05993073889833995,0.1312644682861342,0.1535935099898566,0.4458070574946797,4.692490778177165,173.3802036231684,0.0,0.9393939393939394,0.9393939393939394,0.11012141537363153,0,0,0.06060606060606061,0.41822904630599844
1786903023.2488909,2240,89.56,3,walking,walking,walking,0,0.0,0.6,0.05975319132626042,0.10638094287755352,0.15175558708899642,0.45955490017192807,4.637686478846559,173.2368345293161,0.0,0.9696969696969697,0.9696969696969697,0.11273123743402105,0,0,0.030303030303030304,0.4164067164058719
1786903023.285195,2241,89.6,3,walking,walking,walking,0,0.0,0.6,0.061942443208185684,0.0814109921082299,0.12538660355121675,0.4669634707780229,4.615976096193702,172.73537415337563,0.0,1.0,1.0,0.11443491697223254,0,0,0.0,0.41462383741275266
1786903023.3348281,2242,89.64,3,walking,walking,walking,0,0.0,0.6,0.06179539431594175,0.06102932635043317,0.08073081976588453,0.49342297467556967,4.846348264079763,171.9614551737894,0.0,1.0,1.0,0.1143782280117233,0,0,0.0,0.41377298914893235
1786903023.3657985,2243,89.68,3,walking,walking,walking,0,0.0,0.6,0.06590115548002495,0.0657531652452336,0.0751918509902134,0.49069015239407,5.258059816868582,170.9645482172471,0.0,1.0,1.0,0.11398624923557261,0,0,0.0,0.41296494031500136
1786903023.4339213,2244,89.72,3,walking,walking,walking,0,0.0,0.6,0.072709790185067,0.07052994812657339,0.07414089221787798,0.4782993172794988,5.3054947054774635,170.15925219140198,0.0,1.0,1.0,0.11327553335919704,0,0,0.0,0.4117081913682129
1786903023.4838505,2245,89.76,3,walking,walking,walking,0,0.0,0.6,0.07874547578562884,0.08919806143573948,0.07968324314254117,0.46356208437577584,5.237824689227624,169.86881671501774,0.0,1.0,1.0,0.11306114566598148,0,0,0.0,0.4099501712924197
1786903023.5261216,2246,89.8,3,walking,walking,walking,0,0.0,0.6,0.08423694858280581,0.10131303296968922,0.08750115264942751,0.4528024454734495,4.883358041193674,170.8686766335653,0.0,1.0,1.0,0.11309444459207228,0,0,0.0,0.4080446637650612
1786903023.5576503,2247,89.84,3,walking,walking,walking,0,0.0,0.6507914642547344,0.09222055334285129,0.1171424635658522,0.09754217698252285,0.44135041957012,4.229047679334834,172.00146626254684,0.0,1.0,1.0,0.11342599217676758,0,0,0.0,0.40615074650646193
1786903023.6456637,2248,89.88,3,walking,walking,walking,0,0.0,0.6876802610077393,0.09434029263671022,0.12378244698139307,0.10159980225935682,0.43595731918754393,3.3915485725812595,172.81279821821218,0.0,1.0,1.0,0.11381747827150954,0,0,0.0,0.40464931248135255
1786903023.6776412,2249,89.92,3,walking,walking,walking,0,0.0,0.7632366853905631,0.09243320944016042,0.13738260337030136,0.10220112663295366,0.43463510858034365,3.164084909469371,172.68322159513224,0.0,1.0,1.0,0.11416015659650663,0,0,0.0,0.40369537770201375
1786903023.7099888,2250,89.96,3,walking,walking,walking,0,0.0,0.8754794386161046,0.0852175480044127,0.15758629895089882,0.10130600331885052,0.43201953328919657,3.875467061642611,171.66908059722937,0.0,1.0,1.0,0.11437835355047388,0,0,0.0,0.40334216222204794
1786903023.76157,2251,90.0,3,walking,walking,walking,0,0.0,0.8888460660007501,0.0794259329051188,0.159992291880135,0.09822661552892799,0.4350682943434786,4.608962279126373,170.65853679038858,0.0,1.0,1.0,0.11467098088913517,0,0,0.0,0.4035168928549559
1786903023.7950547,2252,90.04,3,walking,walking,walking,0,0.0,0.9501561159978661,0.07225576805706496,0.1710281008796159,0.0931850594725515,0.4405511809344332,5.188185361471568,170.93083861356217,0.0,1.0,1.0,0.11483075552026052,0,0,0.0,0.40418641479500494
1786903023.847405,2253,90.08,3,walking,walking,walking,0,0.0,0.9632093334155581,0.07175348601529663,0.17337768001480044,0.09965453654312437,0.4511563445274797,5.148153116097772,171.6513968910589,0.0,1.0,1.0,0.11553256624556127,0,0,0.0,0.4056982750376849
1786903023.9035537,2254,90.12,3,walking,walking,walking,0,0.0,0.9075182419109508,0.0749769427180858,0.16335328354397113,0.10359404909100611,0.4623993542994779,4.988538786138417,171.80221456160817,0.0,1.0,1.0,0.1161353622507336,0,0,0.0,0.4087645124119593
1786903023.9346619,2255,90.16,3,walking,walking,walking,0,0.0,1.0,0.08447454685249961,0.18711007479391906,0.1080301119483896,0.4725041288703361,4.661834112318777,172.60082405772468,0.0,1.0,1.0,0.11649641269931468,0,0,0.0,0.41280231795568384
1786903023.9642336,2256,90.2,3,walking,walking,walking,0,0.0,0.9140366653938675,0.08233981362672868,0.16452659977089615,0.10555093620343776,0.4785437410700536,4.3215755891490195,172.37850915743402,0.0,1.0,1.0,0.11666464285228582,0,0,0.0,0.4173179596963401
1786903024.038348,2257,90.24,3,walking,walking,walking,0,0.0,0.883447073504871,0.08587075206302566,0.15902047323087676,0.11564543877732597,0.484657731063613,4.413187510920168,171.38875699399168,0.0,1.0,1.0,0.11700115937833669,0,0,0.0,0.4221578983445628
1786903024.0690837,2258,90.28,3,walking,walking,walking,0,0.0,0.8582479348252735,0.08770616278788392,0.15448462826854922,0.13070527164587575,0.4882122057869827,4.459112613590069,170.2022990706459,0.0,1.0,1.0,0.11785323205724867,0,0,0.0,0.4270713043342111
1786903024.1577296,2259,90.32,3,walking,walking,walking,0,0.0,0.8167656247579139,0.08978461812777272,0.1470178124564245,0.1376118876571006,0.4785934952961295,4.4830631734729085,168.19585794921343,0.0,1.0,1.0,0.1189458427174875,0,0,0.0,0.4317385415550123
1786903024.2079914,2260,90.36,3,walking,walking,walking,0,0.0,0.8349982491096721,0.09618313447460819,0.150299684839741,0.16259678957324966,0.48119682051002854,4.611254375026416,168.80591441682046,0.0,1.0,1.0,0.1207069080530586,0,0,0.0,0.436231836715837
1786903024.257005,2261,90.4,3,walking,walking,walking,0,0.0,0.765714041357517,0.10756119019496005,0.13782852744435306,0.17735212812246853,0.4973089187156117,5.661138968292147,169.77080934635225,0.0,1.0,1.0,0.12290826988166514,0,0,0.0,0.44098509276573866
1786903024.2867877,2262,90.44,3,walking,walking,walking,0,0.0,0.8213419931686601,0.11747571327566764,0.14784155877035882,0.22888804036652718,0.5591900764260839,7.545856315888097,168.6342413902927,0.0,1.0,1.0,0.12635119164090833,0,0,0.0,0.4474447402446602
1786903024.4287212,2263,90.48,3,walking,walking,walking,0,0.0,0.8659054415657607,0.1350512127836249,0.15586297948183692,0.23998756143029318,0.5923980880180179,10.186024660857392,167.837567593885,0.0,1.0,1.0,0.13025807389211308,0,0,0.0,0.4545940837135909
1786903024.4676263,2264,90.52,3,walking,walking,walking,0,0.0,0.6417334320793152,0.1422704076443716,0.11551201777427673,0.25051799122321183,0.6419987722156699,13.76412962820902,167.44856714691258,0.0,1.0,1.0,0.13472743992929395,0,0,0.0,0.462456432366157
1786903024.4972777,2265,90.56,3,walking,walking,walking,0,0.0,0.7094121898552301,0.149111322406095,0.12769419417394143,0.258763137584669,0.6901909754828791,18.06802993603902,166.1248910699889,0.0,1.0,1.0,0.13853731884087225,0,0,0.0,0.4720838845927289
1786903024.5527778,2266,90.6,3,walking,walking,walking,0,0.0,0.7256279424055861,0.14783685894901716,0.1306130296330055,0.25354205115010037,0.7440427651061576,22.95592892883856,164.76800419531236,0.0,1.0,1.0,0.14087091896097076,0,0,0.0,0.4831268368118105
1786903024.5826714,2267,90.64,3,walking,walking,walking,0,0.0,0.8050414955646903,0.1435161858883109,0.14490746920164424,0.23929046841941315,0.8007326628478982,27.464730116925836,164.5677668237471,0.0,1.0,1.0,0.14259843016480747,0,0,0.0,0.49557657590445436
1786903024.6135616,2268,90.68,3,walking,walking,walking,0,0.0,0.729880156660888,0.13917985462268298,0.13137842819895984,0.22785796570087516,0.8664284896274786,32.542446299052116,163.9288287535094,0.0,1.0,1.0,0.14399805515977807,0,0,0.0,0.5097549970103095
1786903024.7440803,2269,90.72,3,bending,walking,walking,0,0.0,0.6191808147779673,0.1319533030178915,0.15961893966826277,0.2513931081608554,0.923714639016083,37.150848886678034,167.6834345487176,0.030303030303030304,0.9696969696969697,1.0,0.14639019979738924,0,0,0.0,0.5253341940196266
1786903024.7779777,2270,90.76,3,bending,walking,walking,0,0.0,0.6815393814149612,0.12293672432962305,0.2224694685497622,0.2766125189027572,0.9887952186006163,40.89236288489767,165.66329861684625,0.06060606060606061,0.9393939393939394,1.0,0.14978029659131906,0,0,0.0,0.542538754843274
1786903024.813262,2271,90.8,3,bending,walking,walking,0,0.0,0.7227815288315225,0.1107471414468108,0.0,0.1881491992118708,1.034460673491344,43.36689172989135,160.09663500139948,0.09090909090909091,0.9090909090909091,1.0,0.1508420495546585,0,0,0.0,0.5608245260460623
1786903024.918456,2272,90.84,3,bending,walking,walking,0,0.0,0.7393690056883947,0.08863016128654097,0.0,0.16744711169288826,1.0121868803920089,44.36214034130368,,0.12121212121212122,0.8787878787878788,1.0,0.15126185566687156,0,0,0.0,0.5779875509823448
1786903024.9579277,2273,90.88,3,bending,bending,bending,0,0.0,0.742879565299352,0.07284272889859914,0.0,0.17211167212990575,1.010206280839315,44.572773917961115,,0.15151515151515152,0.8484848484848485,1.0,0.15187870672871728,0,0,0.0,0.5946739564571143
1786903024.9945042,2274,90.92,3,bending,bending,bending,0,0.0,0.725655289302896,0.062362646902109055,0.0,0.16363373735074496,1.0028500868576438,43.53931735817376,,0.18181818181818182,0.8181818181818182,1.0,0.15303771078324843,0,0,0.0,0.6109129448231634
1786903025.0424733,2275,90.96,3,bending,bending,bending,0,0.0,0.6946754763121077,0.055707913622113664,0.0,0.15975107062719518,1.0107798196949942,41.68052857872646,,0.21212121212121213,0.7878787878787878,1.0,0.1554322638396518,0,0,0.0,0.6265904249752672
1786903025.0928223,2276,91.0,3,bending,bending,bending,0,0.0,0.6463692670951903,0.05672833145042441,0.0,0.16198755345107577,1.0234494773904816,38.782156025711416,,0.24242424242424243,0.7575757575757576,1.0,0.1580624366414961,0,0,0.0,0.6427346469448554
1786903025.1252446,2277,91.04,3,bending,bending,material_handling,1,1.0,0.5989279090523956,0.05545207702386526,0.0,0.16617396843924964,1.0315583103286665,35.93567454314373,,0.2727272727272727,0.7272727272727273,1.0,0.16085131773911343,1,0,0.0,0.6595000709766482
1786903025.1752741,2278,91.08,3,standing,bending,material_handling,1,1.0,0.75,0.054275956932068214,0.0,0.14775874341640263,1.0339997902199767,32.98142149168009,,0.2727272727272727,0.696969696969697,0.9696969696969697,0.1629142116868062,1,0,0.030303030303030304,0.6767860620628362
1786903025.206503,2279,91.12,3,standing,bending,material_handling,1,1.0,0.75,0.05206086059616269,0.0,0.12749267972962874,1.0662632134544379,30.20062193549473,,0.2727272727272727,0.6666666666666666,0.9393939393939394,0.164126076143782,1,0,0.06060606060606061,0.6953757823046843
1786903025.2481177,2280,91.16,3,standing,bending,material_handling,1,1.0,0.75,0.04907864492292467,0.0,0.1301353105105174,1.0824661494720842,27.71617191946761,,0.2727272727272727,0.6363636363636364,0.9090909090909091,0.16511374685675154,1,0,0.09090909090909091,0.7148035316956528
1786903025.3230746,2281,91.2,3,standing,bending,material_handling,1,1.0,0.75,0.046285483405908684,0.0,0.13649216097549208,1.100451507168124,25.341634584803852,,0.2727272727272727,0.6060606060606061,0.8787878787878788,0.16617109106027078,1,0,0.12121212121212122,0.734939719210216
1786903025.3883383,2282,91.24,3,standing,standing,material_handling,1,1.0,0.75,0.05412818766866302,0.0,0.125849115872713,1.1181047832449904,24.308072136389047,,0.2727272727272727,0.5757575757575758,0.8484848484848485,0.16688769679480894,1,0,0.15151515151515152,0.755650921472781
1786903025.4360023,2283,91.28,3,standing,standing,material_handling,1,1.0,0.75,0.05424467615428936,0.0,0.14923645625259307,1.1316810539111937,25.065653083225136,,0.2727272727272727,0.5454545454545454,0.8181818181818182,0.16834013476249812,1,0,0.18181818181818182,0.7768527857340537
1786903025.4903638,2284,91.32,3,standing,standing,material_handling,1,1.0,0.75,0.054774229502799233,0.0,0.15829937316867193,1.1342060552752389,27.405806227940435,,0.2727272727272727,0.5151515151515151,0.7878787878787878,0.1701605213576419,1,0,0.21212121212121213,0.7980387784895615
1786903025.5309553,2285,91.36,3,standing,standing,material_handling,1,1.0,0.75,0.059991718507168196,0.0,0.1670553715541905,1.1394298824964706,30.53469195690666,,0.2727272727272727,0.48484848484848486,0.7575757575757576,0.17239901566314608,1,0,0.24242424242424243,0.8192169209611385
1786903025.5781498,2286,91.4,3,standing,standing,material_handling,1,1.0,0.75,0.06515708501264705,0.0,0.1813798681213822,1.1434478425440493,34.948946073260494,,0.2727272727272727,0.45454545454545453,0.7272727272727273,0.17487554086248724,1,0,0.2727272727272727,0.8401954512040648
1786903025.6723225,2287,91.44,3,bending,standing,material_handling,1,1.0,0.6634113311204964,0.06515634634333582,0.0,0.1667331571037654,1.154426894904862,39.80467986722979,,0.30303030303030304,0.42424242424242425,0.7272727272727273,0.17678884716590418,1,0,0.2727272727272727,0.8611659827375613
1786903025.7155292,2288,91.48,3,bending,standing,material_handling,1,1.0,0.7403834070051925,0.0662143818963828,0.0,0.1762417607689279,1.1688661796316078,44.42300442031155,,0.3333333333333333,0.3939393939393939,0.7272727272727273,0.17885586682713264,1,0,0.2727272727272727,0.8822678630636603
1786903025.7463124,2289,91.52,3,bending,standing,material_handling,1,1.0,0.8205905548442796,0.0633417477259607,0.0,0.18653010458423194,1.1846144012650746,49.23543329065677,,0.36363636363636365,0.36363636363636365,0.7272727272727273,0.18130978102049,1,0,0.2727272727272727,0.9036639436756307
1786903025.797586,2290,91.56,3,bending,standing,material_handling,1,1.0,0.9075831790613977,0.06009715409428687,0.0,0.21824148055705433,1.2085462502713205,54.454990743683865,,0.3939393939393939,0.3333333333333333,0.7272727272727273,0.1844187519835121,1,0,0.2727272727272727,0.9255999594091977
1786903025.831569,2291,91.6,3,bending,bending,material_handling,1,1.0,1.0,0.04644273407452253,0.0,0.24295538730021018,1.2347138598425473,60.3747336323997,,0.42424242424242425,0.30303030303030304,0.7272727272727273,0.187820270639704,1,0,0.2727272727272727,0.9482212216533056
1786903025.8765757,2292,91.64,3,bending,bending,material_handling,1,1.0,1.0,0.04100372406963562,0.0,0.15097591210463773,1.250701185943845,64.8375142607928,,0.45454545454545453,0.2727272727272727,0.7272727272727273,0.18822524107750818,1,0,0.2727272727272727,0.9716184244002062
1786903025.9431982,2293,91.68,3,bending,bending,material_handling,1,1.0,1.0,0.03896011544637659,0.0,0.15097591210463773,1.2342084209859299,67.48078645980013,,0.48484848484848486,0.24242424242424243,0.7272727272727273,0.18787309327542903,1,0,0.2727272727272727,0.9944369577479607
1786903025.9801533,2294,91.72,3,bending,bending,material_handling,1,1.0,1.0,0.032795898489454495,0.0,0.11428181787834356,1.21764172017552,68.86571597898717,,0.5151515151515151,0.21212121212121213,0.7272727272727273,0.18596187175287981,1,0,0.2727272727272727,1.016265224458867
1786903026.0587366,2295,91.76,3,bending,bending,material_handling,1,1.0,1.0,0.02737154056632243,0.0,0.07584435855172789,1.1234923616733705,69.11663807635566,,0.5454545454545454,0.18181818181818182,0.7272727272727273,0.18132418442515857,1,0,0.2727272727272727,1.0333652937087847
1786903026.1260388,2296,91.8,3,bending,bending,material_handling,1,1.0,1.0,0.03125972283135928,0.0,0.07130159808859346,1.0405401578222098,68.4965015477362,,0.5757575757575758,0.15151515151515152,0.7272727272727273,0.17621248856631924,1,0,0.2727272727272727,1.0469453564301239
1786903026.1697438,2297,91.84,3,bending,bending,material_handling,1,1.0,1.0,0.035412079929798425,0.0,0.08747543515063927,0.9802504872269113,66.83170085941364,,0.6060606060606061,0.12121212121212122,0.7272727272727273,0.17127180504896852,1,0,0.2727272727272727,1.0571954084001614
1786903026.1995096,2298,91.88,3,bending,bending,material_handling,1,1.0,1.0,0.036705072466519634,0.0,0.07639401714835592,0.955068734235464,64.39872810793167,,0.6363636363636364,0.09090909090909091,0.7272727272727273,0.16574546806604998,1,0,0.2727272727272727,1.0652220071502396
1786903026.2714174,2299,91.92,3,bending,bending,material_handling,1,1.0,1.0,0.04403198930419994,0.0,0.08808757786639788,0.9210688496012658,61.04156052028692,,0.6666666666666666,0.06060606060606061,0.7272727272727273,0.160731696148362,1,0,0.2727272727272727,1.070586433953122
1786903026.300738,2300,91.96,3,bending,bending,material_handling,1,1.0,0.944864371210596,0.05627245562932669,0.0,0.0917587481059966,0.8966120799417588,56.69186227263576,,0.696969696969697,0.030303030303030304,0.7272727272727273,0.15626103795704635,1,0,0.2727272727272727,1.0734918708347543
1786903026.3483546,2301,92.0,3,bending,bending,material_handling,1,1.0,0.8433308365561504,0.06988506463873911,0.0,0.10842959819382492,0.8649843556549267,50.59985019336902,,0.7272727272727273,0.0,0.7272727272727273,0.1526419965174388,1,0,0.2727272727272727,1.073448109199222
1786903026.3956041,2302,92.04,3,bending,bending,material_handling,1,1.0,0.7531348116799231,0.0874258735775899,0.0,0.11254756296892435,0.8439717257929293,45.18808870079539,,0.7272727272727273,0.0,0.7272727272727273,0.1484345557540469,1,0,0.2727272727272727,1.0710316572833691
1786903026.4358885,2303,92.08,3,bending,bending,material_handling,1,1.0,0.6614241466766776,0.09941457683071664,0.0,0.11991828952334671,0.8060848459952169,39.68544880060065,,0.7272727272727273,0.0,0.7272727272727273,0.14368624577285266,1,0,0.2727272727272727,1.0654949793256299
1786903026.4774306,2304,92.12,3,walking,bending,material_handling,1,1.0,0.6,0.1049310045244663,0.0,0.1232123587936716,0.7671040301611826,34.0019353020361,,0.696969696969697,0.030303030303030304,0.7272727272727273,0.14171846272987693,1,0,0.2727272727272727,1.0573932628610796
1786903026.5227416,2305,92.16,3,walking,bending,material_handling,1,1.0,0.6,0.10705514535517673,0.0,0.13497482817794434,0.7284060624659215,28.886751346507822,,0.6666666666666666,0.06060606060606061,0.7272727272727273,0.140734454138515,1,0,0.2727272727272727,1.0487938441360463
1786903026.5725455,2306,92.2,3,walking,bending,material_handling,1,1.0,0.6,0.10980251444234643,0.0,0.13061133627063545,0.6952251549234362,24.148189529016754,,0.6363636363636364,0.09090909090909091,0.7272727272727273,0.13947686820338556,1,0,0.2727272727272727,1.0392489615325349
1786903026.6085205,2307,92.24,3,walking,bending,material_handling,1,1.0,0.6,0.11547132767315044,0.0,0.13273066079813808,0.6631044934630029,20.011806615317827,,0.6060606060606061,0.12121212121212122,0.7272727272727273,0.1385404113381551,1,0,0.2727272727272727,1.0289536405205761
1786903026.659592,2308,92.28,3,carrying,walking,material_handling,1,1.0,0.6890558522308562,0.11886791990376423,0.0,0.13024760019489623,0.6484264203847603,17.043214667991183,173.25286577553987,0.5757575757575758,0.12121212121212122,0.7272727272727273,0.13764636677960054,1,0,0.2727272727272727,1.017973234480872
1786903026.6912968,2309,92.32,3,carrying,walking,material_handling,1,1.0,0.6834904287062763,0.11827992447862193,0.1252452616795205,0.14530924804554685,0.6391507145104605,14.812384676624522,171.7072478742799,0.5454545454545454,0.12121212121212122,0.7272727272727273,0.13714096358549363,1,0,0.2727272727272727,1.0063278174239019
1786903026.728819,2310,92.36,3,carrying,walking,material_handling,1,1.0,0.676749129903708,0.11253113040085931,0.08156840334594509,0.12740759297283644,0.62791521650618,13.409726428163605,171.1743234332549,0.5151515151515151,0.12121212121212122,0.7272727272727273,0.13596622493499627,1,0,0.2727272727272727,0.9940962085201899
1786903026.7887824,2311,92.4,3,carrying,walking,material_handling,1,1.0,0.6769608597227963,0.09814495480881186,0.06661714191670341,0.12160583385443507,0.6282680995379939,13.16344797046651,171.36698564535214,0.5151515151515151,0.12121212121212122,0.7575757575757576,0.13517371252402755,1,0,0.24242424242424243,0.9818013088025541
1786903026.8343709,2312,92.44,3,carrying,carrying,material_handling,1,1.0,0.674076679782433,0.08617816549813778,0.08549501803432168,0.11474721411954916,0.6234611329707217,12.440786506807026,170.29746900475683,0.5151515151515151,0.12121212121212122,0.7878787878787878,0.13478748629341905,1,0,0.21212121212121213,0.9683830639394113
1786903026.874472,2313,92.48,3,carrying,carrying,material_handling,1,1.0,0.669252834623251,0.0790575405173858,0.08566199298055481,0.10653091879743343,0.6154213910387518,11.820528385359289,168.9638651616665,0.5151515151515151,0.12121212121212122,0.8181818181818182,0.13407220169605288,1,0,0.18181818181818182,0.9542301924717345
1786903026.9281542,2314,92.52,3,carrying,carrying,material_handling,1,1.0,0.6682158744227326,0.07598210586419536,0.08876938230214004,0.09414049261843996,0.6136931240378877,11.534400346987013,167.3598538063135,0.5151515151515151,0.12121212121212122,0.8484848484848485,0.13278881780644525,1,0,0.15151515151515152,0.9394799384374848
1786903026.9600952,2315,92.56,3,carrying,carrying,material_handling,1,1.0,0.6703039257693866,0.07102482810991341,0.08805698703925659,0.08730348497674656,0.6171732096156443,11.347116790963042,165.2734383135715,0.5151515151515151,0.12121212121212122,0.8787878787878788,0.13162076838535536,1,0,0.12121212121212122,0.9243001937820502
1786903027.020126,2316,92.6,3,carrying,carrying,material_handling,1,1.0,0.6677243739694878,0.06929690431598047,0.08558408218793348,0.09103360240434871,0.612873956615813,10.819557762741349,164.85498037994307,0.5151515151515151,0.12121212121212122,0.9090909090909091,0.12985704554146915,1,0,0.09090909090909091,0.9085787665912811
1786903027.1349676,2317,92.64,3,carrying,carrying,material_handling,1,1.0,0.6620946407256846,0.06162951392893831,0.07647321460451,0.09104845691794622,0.6034910678761409,10.29626598494002,165.2650989789913,0.5151515151515151,0.12121212121212122,0.9393939393939394,0.12781913898841687,1,0,0.06060606060606061,0.8924964942458539
1786903027.176518,2318,92.68,3,carrying,carrying,material_handling,1,1.0,0.6534017776840506,0.05715570215371397,0.08330404181239959,0.06591211135515383,0.5890029628067511,9.3467258922693,165.21678779881165,0.5151515151515151,0.12121212121212122,0.9696969696969697,0.12475419170965815,1,0,0.030303030303030304,0.8758168906188926
1786903027.2187483,2319,92.72,3,carrying,carrying,material_handling,1,1.0,0.6467790999547198,0.0526932799849134,0.09722919846835093,0.0719579279309487,0.5779651665911997,8.312261533373508,165.40376392504785,0.5151515151515151,0.12121212121212122,1.0,0.1214383753402511,1,0,0.0,0.8586810519536546
1786903027.3272226,2320,92.76,3,carrying,carrying,material_handling,1,1.0,0.6433045991826273,0.051973198643516676,0.09503485793028069,0.067139448769698,0.5721743319710455,6.9507696412688365,166.13463114272622,0.48484848484848486,0.12121212121212122,1.0,0.1184203841786127,1,0,0.0,0.8410370348950542
1786903027.3637726,2321,92.8,3,carrying,carrying,material_handling,1,1.0,0.6385634981802835,0.056737589976563,0.09371257514784564,0.06998575335595486,0.5642724969671392,5.726449941476513,165.64220510934092,0.45454545454545453,0.12121212121212122,1.0,0.11520050516609837,1,0,0.0,0.8227160142082521
1786903027.3965335,2322,92.84,3,carrying,carrying,material_handling,1,1.0,0.6337477480317028,0.05681825531840033,0.10002431763692034,0.07070472688352054,0.5562462467195046,4.7862170731269575,166.02447504785644,0.42424242424242425,0.12121212121212122,1.0,0.11169064523577377,1,0,0.0,0.8036745549795986
1786903027.4724813,2323,92.88,3,carrying,carrying,material_handling,1,1.0,0.6323982964283241,0.056511862484327255,0.09976283493540908,0.06971942991109252,0.5539971607138735,4.195505697729764,166.23716090465638,0.3939393939393939,0.12121212121212122,1.0,0.107189977034381,1,0,0.0,0.7838397340839184
1786903027.5051212,2324,92.92,3,carrying,carrying,material_handling,1,1.0,0.6360608305023565,0.05430045530742582,0.09532265009224426,0.07187000643554543,0.5601013841705943,3.852484982304888,167.98081420024602,0.36363636363636365,0.12121212121212122,1.0,0.10200557155363357,1,0,0.0,0.7633969317908288
1786903027.5510986,2325,92.96,3,carrying,carrying,carrying,0,0.0,0.6359803858691162,0.052144888653838664,0.0935735763794624,0.0697480189750256,0.5599673097818604,3.5053740436844243,170.44002643528532,0.3333333333333333,0.12121212121212122,1.0,0.09954412024667564,0,0,0.0,0.7424656022101627
1786903027.6342144,2326,93.0,3,walking,carrying,carrying,0,0.0,0.6,0.04871265061280001,0.09674022870905663,0.06850463706321497,0.5554770881292732,3.2543379567098762,171.6361132861163,0.30303030303030304,0.15151515151515152,1.0,0.09704499069996585,0,0,0.0,0.7218979860629913
1786903027.6647987,2327,93.04,3,walking,carrying,carrying,0,0.0,0.6,0.0439895216940509,0.07988876784193062,0.08672984462954046,0.5609271908187631,4.020848490561095,171.3912309886418,0.2727272727272727,0.18181818181818182,1.0,0.0962100824196991,0,0,0.0,0.7019975457794532
1786903027.6960716,2328,93.08,3,walking,carrying,carrying,0,0.0,0.6,0.04295672325905876,0.07385456545305831,0.09441747046763332,0.5799651727470272,6.921179094677098,168.6451255484931,0.24242424242424243,0.21212121212121213,1.0,0.09677290399290835,0,0,0.0,0.6855270249028974
1786903027.7442446,2329,93.12,3,carrying,carrying,carrying,0,0.0,0.6779755330036966,0.05849518885032992,0.09510783327123996,0.11311609450368404,0.6299592216728278,11.247976277225423,165.35427823129848,0.21212121212121213,0.21212121212121213,1.0,0.0980400099448808,0,0,0.0,0.673085178352916
1786903027.7740097,2330,93.16,3,carrying,walking,walking,0,0.0,0.7203872961421742,0.06761853647911985,0.1040492113875727,0.14960992482007543,0.7006454935702904,16.55416049995433,159.03604586494288,0.18181818181818182,0.21212121212121213,1.0,0.09992287326819703,0,0,0.0,0.6646122997572609
1786903027.8042576,2331,93.2,3,walking,walking,material_handling,1,1.0,0.6,0.08224855618291854,0.09730131407627646,0.20577402089106855,0.7733144514061892,22.49094523052045,153.3071034110467,0.15151515151515152,0.24242424242424243,1.0,0.10384347944221864,1,0,0.0,0.6591045942169798
1786903027.8692932,2332,93.24,3,walking,walking,material_handling,1,1.0,0.6,0.09078041506659446,0.09720917413014424,0.22914234774219752,0.858983991338835,28.894686428761226,146.18248210919154,0.12121212121212122,0.2727272727272727,1.0,0.10811786640815196,1,0,0.0,0.657223234875694
1786903027.9013617,2333,93.28,3,bending,walking,material_handling,1,1.0,0.585683884621327,0.09088468054507678,0.09492871805407138,0.2509423235560526,0.9271769866167674,35.14103307727962,139.94097046583357,0.12121212121212122,0.2727272727272727,1.0,0.11294161111875971,1,0,0.0,0.6581494441688761
1786903027.9315553,2334,93.32,3,bending,walking,material_handling,1,1.0,0.6801515003678367,0.10697462245401455,0.09953952766475728,0.3129196509184651,0.9809880633632593,40.8090900220702,134.18225776769208,0.12121212121212122,0.2727272727272727,1.0,0.11913827938314273,1,0,0.0,0.6616647080388256
1786903027.9817502,2335,93.36,3,bending,walking,material_handling,1,1.0,0.7525340697884428,0.12365820095757568,0.1071088358520566,0.32637624641124974,1.0272014387466106,45.15204418730657,129.71825268116007,0.12121212121212122,0.2727272727272727,1.0,0.1256179364571526,1,0,0.0,0.6672171235828765
1786903028.0491025,2336,93.4,3,bending,walking,material_handling,1,1.0,0.8000749619539484,0.14068291615075607,0.1096782101103969,0.3342024491292061,1.0670837490693752,48.00449771723691,126.75570600219422,0.12121212121212122,0.2727272727272727,1.0,0.13211139583914835,1,0,0.0,0.6751261812517904
1786903028.1711974,2337,93.44,3,bending,bending,material_handling,1,1.0,0.8213254264969201,0.15115035368999097,0.1044443846619204,0.3414133030996916,1.0928357341130508,49.27952558981521,125.73027518529224,0.15151515151515152,0.24242424242424243,1.0,0.1387235456666035,1,0,0.0,0.6849968389473016
1786903028.378294,2338,93.48,3,bending,bending,material_handling,1,1.0,0.7886077030171708,0.1386310029925342,0.09447957050532323,0.33399293202269725,1.090950121067366,47.316462181030246,127.17712998599154,0.18181818181818182,0.21212121212121213,1.0,0.14475439729826267,1,0,0.0,0.6959830225412846
1786903028.4102952,2339,93.52,3,bending,bending,material_handling,1,1.0,0.7254755262394137,0.12714865924405022,0.08262475684481105,0.29875322214969485,1.0596076809818173,43.52853157436482,129.83060210271893,0.21212121212121213,0.18181818181818182,1.0,0.14984960596126448,1,0,0.0,0.7070249172703265
1786903028.4418485,2340,93.56,3,bending,bending,material_handling,1,1.0,0.6401079876919881,0.11368060186312191,0.07612797800962126,0.24143388290330137,0.9934950983818116,38.40647926151929,135.29516721757992,0.24242424242424243,0.15151515151515152,1.0,0.15314364299475425,1,0,0.0,0.7170367537830178
1786903028.4959853,2341,93.6,3,walking,bending,material_handling,1,1.0,0.6,0.10128347698230697,0.06901227100173012,0.21599748982756373,0.9229906098562903,32.42421603475485,140.85904452467378,0.24242424242424243,0.18181818181818182,1.0,0.1557421244987745,1,0,0.0,0.7253568807367005
1786903028.5267434,2342,93.64,3,walking,bending,material_handling,1,1.0,0.6,0.09905690787528541,0.07012806294144708,0.19347325719929553,0.8433608071347033,26.078680033581357,147.7975114561474,0.24242424242424243,0.21212121212121213,1.0,0.157201639927676,1,0,0.0,0.7315450653616775
1786903028.5691307,2343,93.68,3,carrying,bending,material_handling,1,1.0,0.766042981656393,0.08103858980000445,0.059921705132558595,0.1286957554685388,0.776738302760655,19.75693866960157,154.0931061357397,0.24242424242424243,0.21212121212121213,1.0,0.1572406751548185,1,0,0.0,0.7360548558542374
1786903028.6190648,2344,93.72,3,standing,bending,material_handling,1,1.0,0.75,0.06458469875139716,0.04912024473147631,0.10796663404810596,0.7108338342130941,13.779727188819376,158.98365025473117,0.24242424242424243,0.21212121212121213,0.9696969696969697,0.15682736606977818,1,0,0.030303030303030304,0.7385568478140889
1786903028.6478508,2345,93.76,3,standing,bending,material_handling,1,1.0,0.75,0.04307640904289089,0.04573481237349809,0.0856796299709261,0.6523721293184066,9.149125995894137,162.4700333645867,0.24242424242424243,0.21212121212121213,0.9393939393939394,0.15594653018648658,1,0,0.06060606060606061,0.7394329386125037
1786903028.6835492,2346,93.8,3,standing,bending,material_handling,1,1.0,0.75,0.02848785098729203,0.04378192916423432,0.06435545668070716,0.611655409594687,6.141600551599199,164.77321213606825,0.24242424242424243,0.21212121212121213,0.9090909090909091,0.1546684858799191,1,0,0.09090909090909091,0.7393188179626834
1786903028.7423978,2347,93.84,3,standing,bending,material_handling,1,1.0,0.75,0.020068247017708582,0.03358967617674395,0.05372208465472168,0.5812758343403164,3.9661436346842067,165.894249678375,0.24242424242424243,0.21212121212121213,0.8787878787878788,0.15344368563859434,1,0,0.12121212121212122,0.7383364758506359
1786903028.7746477,2348,93.88,3,standing,standing,material_handling,1,1.0,0.75,0.013852072049858881,0.02535572228212998,0.0445665177668657,0.5562438255416996,2.923430502346344,166.59262203500745,0.24242424242424243,0.21212121212121213,0.8484848484848485,0.15214862602617368,1,0,0.15151515151515152,0.736490130878698
1786903028.805653,2349,93.92,3,standing,standing,material_handling,1,1.0,0.75,0.011890593780342094,0.025857413089410818,0.04543166132605652,0.5335500329643252,2.3942535433975283,166.66155070143597,0.24242424242424243,0.21212121212121213,0.8181818181818182,0.15076674902380122,1,0,0.18181818181818182,0.7340863756165319
1786903028.8597324,2350,93.96,3,standing,standing,material_handling,1,1.0,0.75,0.010056307547312293,0.02305830707041018,0.044213559552747285,0.5216362849917803,2.364855285747422,166.28933556013516,0.24242424242424243,0.21212121212121213,0.7878787878787878,0.14934750970970426,1,0,0.21212121212121213,0.731605927650339
1786903028.902049,2351,94.0,3,standing,standing,material_handling,1,1.0,0.75,0.007928662251757248,0.022650337446748825,0.04457108311474733,0.5148965194563365,2.4871296709648405,166.23744030032282,0.24242424242424243,0.21212121212121213,0.7575757575757576,0.14870081188423742,1,0,0.24242424242424243,0.7293602778518417
1786903028.9311707,2352,94.04,3,standing,standing,material_handling,1,1.0,0.75,0.0067127112340417735,0.02417639107967563,0.04263052875997426,0.5078878126610058,2.6823027961252004,165.97255239771977,0.24242424242424243,0.21212121212121213,0.7272727272727273,0.14781210281845028,1,0,0.2727272727272727,0.7272367216721389
1786903028.9824853,2353,94.08,3,standing,standing,material_handling,1,1.0,0.75,0.006247422238552609,0.025435595225710306,0.0427722438405229,0.5105824137961641,2.9541952923305943,165.72884006589007,0.24242424242424243,0.21212121212121213,0.696969696969697,0.14707370266908137,1,0,0.30303030303030304,0.7253702999092636
1786903029.061672,2354,94.12,3,standing,standing,material_handling,1,1.0,0.75,0.006706983530241495,0.024840135454617857,0.041465788205538597,0.5188713580938751,3.3140139777190862,165.500941416847,0.24242424242424243,0.21212121212121213,0.6666666666666666,0.14620946130088694,1,0,0.3333333333333333,0.7239945078221951
1786903029.113393,2355,94.16,3,standing,standing,material_handling,1,1.0,0.75,0.006449071397385094,0.0253599173067969,0.037686657102525695,0.5321548655002157,3.630506408750474,165.31473634977104,0.24242424242424243,0.21212121212121213,0.6363636363636364,0.14520891373176587,1,0,0.36363636363636365,0.723264465967065
1786903029.1707404,2356,94.2,3,standing,standing,material_handling,1,1.0,0.75,0.00714735530977928,0.026059837281438153,0.036665646728711004,0.5489974690121905,3.8274913404899165,165.16173154991236,0.24242424242424243,0.21212121212121213,0.6060606060606061,0.14420728393836035,1,0,0.3939393939393939,0.7231129601579231
1786903029.2020085,2357,94.24,3,standing,standing,material_handling,1,1.0,0.75,0.006740382614709257,0.02454767538618002,0.038213097088041166,0.5670947346510471,3.9692354656585804,164.92807672283737,0.24242424242424243,0.21212121212121213,0.5757575757575758,0.14318737759449662,1,0,0.42424242424242425,0.7233248798694519
1786903029.230538,2358,94.28,3,standing,standing,material_handling,1,1.0,0.75,0.006854370898053365,0.02534664363498612,0.03531395893912117,0.5892004117786618,4.119769121878465,164.67740260280294,0.24242424242424243,0.21212121212121213,0.5454545454545454,0.14214392122977224,1,0,0.45454545454545453,0.7242107314451128
1786903029.2938926,2359,94.32,3,standing,standing,material_handling,1,1.0,0.75,0.007221240452404445,0.02654372605009789,0.035483528119761194,0.6101241148552659,4.281828344596732,164.49720373458737,0.24242424242424243,0.18181818181818182,0.5151515151515151,0.1411432815648191,1,0,0.48484848484848486,0.725866701951961
1786903029.32351,2360,94.36,3,standing,standing,material_handling,1,1.0,0.75,0.007955177687563854,0.025635489144449325,0.03553144444155977,0.6333400160510507,4.48705481406371,164.52741549817102,0.24242424242424243,0.15151515151515152,0.48484848484848486,0.13959181489245603,1,0,0.5151515151515151,0.728061029989303
1786903029.351788,2361,94.4,3,standing,standing,material_handling,1,1.0,0.75,0.007484184173695018,0.024518729484686058,0.03312059582378501,0.6562645801093847,4.663306749959516,164.46879597389548,0.24242424242424243,0.12121212121212122,0.45454545454545453,0.13773433384264244,1,0,0.5454545454545454,0.7303731332427077
1786903029.398092,2362,94.44,3,standing,standing,material_handling,1,1.0,0.75,0.00796202846876514,0.023985242932756206,0.03217315954000148,0.6793862802600593,4.784543176956287,164.44981401064774,0.24242424242424243,0.12121212121212122,0.42424242424242425,0.13528151763162177,1,0,0.5757575757575758,0.7318709228968663
1786903029.4273264,2363,94.48,3,standing,standing,material_handling,1,1.0,0.75,0.008299921585334873,0.025118636554365685,0.03218133205983023,0.7005935135274786,4.944296913404598,164.36038920319206,0.24242424242424243,0.12121212121212122,0.3939393939393939,0.13172307542676584,1,0,0.6060606060606061,0.7318693477440538
1786903029.4586895,2364,94.52,3,standing,standing,material_handling,1,1.0,0.75,0.010022473291376906,0.02490521482236209,0.03365166040812925,0.716817531325017,5.058470550622426,164.1986858347875,0.24242424242424243,0.09090909090909091,0.36363636363636365,0.12650724632122223,1,0,0.6363636363636364,0.7301573198628063
1786903029.5197616,2365,94.56,3,standing,standing,standing,0,0.0,0.75,0.009481940958078614,0.022379587305620886,0.03519914442341329,0.7361509573593628,5.059525146457086,164.23380012681702,0.24242424242424243,0.06060606060606061,0.3333333333333333,0.12063017955398635,0,0,0.6666666666666666,0.7264351067119131
1786903029.5494957,2366,94.6,3,standing,standing,standing,0,0.0,0.75,0.012026796587373106,0.021577986761267418,0.03447189542557971,0.7477834335083648,5.084241478312739,164.2109182987538,0.21212121212121213,0.06060606060606061,0.30303030303030304,0.1140704696106387,0,0,0.696969696969697,0.7209989384359008
1786903029.5808995,2367,94.64,3,standing,standing,standing,0,0.0,0.75,0.01271164924675325,0.02041089814851169,0.0311352549795164,0.7590145659445808,4.948980908659086,164.49143440070435,0.18181818181818182,0.06060606060606061,0.2727272727272727,0.10553154852157964,0,0,0.7272727272727273,0.7142724688171531
1786903029.6555035,2368,94.68,3,standing,standing,standing,0,0.0,0.75,0.015074905075322435,0.020391886734469386,0.03341729265936243,0.7663314086743716,4.649631925556712,165.00179064203604,0.15151515151515152,0.06060606060606061,0.24242424242424243,0.09665400446849215,0,0,0.7575757575757576,0.7063673163907216
1786903029.6890092,2369,94.72,3,standing,standing,standing,0,0.0,0.75,0.01845036881053188,0.01994268473037245,0.0344088863541722,0.7711296070593965,4.367458797830453,165.69978384824702,0.12121212121212122,0.06060606060606061,0.21212121212121213,0.08756935105106688,0,0,0.7878787878787878,0.6973990090570857
1786903029.7411332,2370,94.76,3,standing,standing,material_handling,1,1.0,0.75,0.0218328787515015,0.02138939075236367,0.03780380082258036,0.7764575289282492,4.021355946683038,166.3441644083604,0.09090909090909091,0.06060606060606061,0.18181818181818182,0.07836906310327563,0,1,0.8181818181818182,0.6878117907181523
1786903029.7954466,2371,94.8,3,standing,standing,material_handling,1,1.0,0.75,0.02468069631980069,0.025452616975478987,0.041178404978311586,0.7779900124448801,3.704632834837715,167.17550856120909,0.06060606060606061,0.06060606060606061,0.15151515151515152,0.06949589561708212,0,1,0.8484848484848485,0.6783281510629257
1786903029.8265839,2372,94.84,3,standing,standing,material_handling,1,1.0,0.75,0.026700639099635368,0.028156904634856886,0.04445175457485266,0.7791415172864153,3.4916434668401677,167.21347102350288,0.030303030303030304,0.06060606060606061,0.12121212121212122,0.0617897905390566,0,1,0.8787878787878788,0.6698291764054892
1786903029.871119,2373,94.88,3,standing,standing,material_handling,1,1.0,0.75,0.027280894364654355,0.03734398828356064,0.04654946335809204,0.7766910351930119,3.514012464737791,165.96612421744672,0.0,0.06060606060606061,0.09090909090909091,0.05588420206798964,0,1,0.9090909090909091,0.6632593563088588
1786903029.9467556,2374,94.92,3,standing,standing,material_handling,1,1.0,0.75,0.02846367793240006,0.04002116398439569,0.04892941471043337,0.7723866548635356,3.6669450216190027,163.8460500121191,0.0,0.030303030303030304,0.06060606060606061,0.050821533125046295,0,1,0.9393939393939394,0.6586956000969573
1786903029.9789414,2375,94.96,3,walking,standing,standing,0,0.0,0.6,0.02775701428456316,0.06168491910350371,0.06024555270459935,0.7532040477496886,3.7151250069122517,162.39562325907008,0.0,0.030303030303030304,0.06060606060606061,0.04678432995854035,0,0,0.9393939393939394,0.65596357708529
1786903030.0108967,2376,95.0,3,walking,standing,standing,0,0.0,0.6,0.0349310761075023,0.07107674053440768,0.07143215974539213,0.7277470367295009,3.8607297513983823,161.9915646752967,0.0,0.06060606060606061,0.06060606060606061,0.045049069482081365,0,0,0.9393939393939394,0.6544789932661643
1786903030.0604367,2377,95.04,3,walking,standing,standing,0,0.0,0.6,0.03731238315001992,0.08144845211479755,0.07409803919619459,0.7045349296357611,3.9958126336957966,161.91632215622488,0.0,0.09090909090909091,0.09090909090909091,0.044022748425962835,0,0,0.9090909090909091,0.6542881173698816
1786903030.0921254,2378,95.08,3,walking,standing,standing,0,0.0,0.6,0.04246932361080908,0.09259998191829605,0.07493020872161249,0.6732107988633595,3.8914819735729678,162.25890616393994,0.0,0.12121212121212122,0.12121212121212122,0.04369700838810485,0,0,0.8787878787878788,0.654919592204577
1786903030.1457138,2379,95.12,3,walking,walking,walking,0,0.0,0.6,0.04848877355642402,0.09621079371426682,0.08318433443150583,0.6430567370468215,3.6510906513942247,162.22916807463906,0.0,0.15151515151515152,0.15151515151515152,0.04426758044115935,0,0,0.8484848484848485,0.6558711475819143
1786903030.1930218,2380,95.16,3,carrying,walking,walking,0,0.0,0.6671979006789219,0.05964887143341903,0.0956497999360933,0.10486729006726826,0.6119965011315366,3.502949163258733,161.2131153297352,0.0,0.15151515151515152,0.18181818181818182,0.04581743515063047,0,0,0.8181818181818182,0.656802076878618
1786903030.2241762,2381,95.2,3,carrying,walking,walking,0,0.0,0.6503552774804279,0.06624637632215341,0.17021295698445976,0.12083977419779608,0.5839254624673798,3.3457302313107546,158.29454022790813,0.0,0.15151515151515152,0.21212121212121213,0.04812874595156774,0,0,0.7878787878787878,0.6576409143612145
1786903030.25596,2382,95.24,3,carrying,walking,material_handling,1,1.0,0.6328425536540123,0.08052344216468987,0.19705489053919442,0.13993525108669363,0.5547375894233538,3.138510706004676,155.3203620288743,0.0,0.15151515151515152,0.24242424242424243,0.05099249109582948,0,1,0.7575757575757576,0.6582829615266395
1786903030.3043919,2383,95.28,3,carrying,walking,material_handling,1,1.0,0.6206254610617985,0.09190771236062496,0.21701594052360704,0.15689137510235873,0.5343757684363308,2.9903193733307702,153.32932224273816,0.0,0.15151515151515152,0.2727272727272727,0.054406970354908615,0,1,0.7272727272727273,0.6586690064795047
1786903030.3754432,2384,95.32,3,carrying,carrying,material_handling,1,1.0,0.6103064582737036,0.10076997022924283,0.21540491232268666,0.14858207702943474,0.5171774304561727,2.7956949609633406,153.33785665385463,0.0,0.15151515151515152,0.30303030303030304,0.057558818655353686,0,1,0.696969696969697,0.6587381249946512
1786903030.407006,2385,95.36,3,carrying,carrying,material_handling,1,1.0,0.616925613081985,0.09595458160797521,0.22532102038258722,0.15678945978727735,0.5282093551366418,3.1533174069163197,153.79058266768155,0.0,0.15151515151515152,0.3333333333333333,0.06101818020163559,0,1,0.6666666666666666,0.6593539293120948
1786903030.4571457,2386,95.4,3,carrying,carrying,material_handling,1,1.0,0.627891603175163,0.10135315301252208,0.2353294734366106,0.1573289575962985,0.5464860052919385,3.47889973981206,154.18244319909724,0.0,0.15151515151515152,0.36363636363636365,0.06448959576999243,0,1,0.6363636363636364,0.6604419169331788
1786903030.4896717,2387,95.44,3,carrying,carrying,material_handling,1,1.0,0.6418174926706969,0.10026976163439517,0.23088060842291572,0.16407390005563272,0.5696958211178281,4.263174306823979,154.08305688388523,0.0,0.15151515151515152,0.3939393939393939,0.06820499309878317,0,1,0.6060606060606061,0.661982052176329
1786903030.530376,2388,95.48,3,carrying,carrying,carrying,0,0.0,0.6676436533246471,0.10531520897401413,0.2347066332397791,0.16973606543168338,0.6127394222077452,5.509243173422715,153.22861568268536,0.0,0.15151515151515152,0.42424242424242425,0.07220649032087885,0,0,0.5757575757575758,0.6644240084401936
1786903030.5992756,2389,95.52,3,carrying,carrying,carrying,0,0.0,0.6881975765233611,0.11220144046025696,0.2386116597276133,0.15365942581021033,0.6469959608722686,6.618192039251584,151.66633901099766,0.0,0.15151515151515152,0.45454545454545453,0.07575175635365156,0,0,0.5454545454545454,0.6673936597086807
1786903030.6509101,2390,95.56,3,carrying,carrying,carrying,0,0.0,0.7178485225298334,0.11289655211899688,0.16620838086215206,0.15742820192666893,0.6964142042163892,8.08178767232817,149.54856279184207,0.0,0.15151515151515152,0.48484848484848486,0.07936433528815542,0,0,0.5151515151515151,0.6713124315136909
1786903030.6940436,2391,95.6,3,carrying,carrying,carrying,0,0.0,0.7403261807948712,0.11160539500659114,0.14231905412579707,0.1438749997898214,0.7338769679914521,9.336783223399705,150.20520130584703,0.0,0.15151515151515152,0.5151515151515151,0.0826540637987827,0,0,0.48484848484848486,0.6756965695807453
1786903030.7442558,2392,95.64,3,carrying,carrying,carrying,0,0.0,0.7640475749987998,0.11015642187014217,0.1317448669853632,0.12990799093252747,0.7734126249979998,10.800238656380891,152.29934270031546,0.0,0.15151515151515152,0.5454545454545454,0.08551541115674532,0,0,0.45454545454545453,0.6806447062517371
1786903030.7809882,2393,95.68,3,carrying,carrying,carrying,0,0.0,0.7848539806429994,0.10744922671813954,0.12120512180917341,0.1357992674781698,0.8080899677383323,12.33285667879435,155.497091731314,0.0,0.15151515151515152,0.5757575757575758,0.08855383003664259,0,0,0.42424242424242425,0.68594015933317
1786903030.8112266,2394,95.72,3,carrying,carrying,carrying,0,0.0,0.8104019484163147,0.1113022550537022,0.10487638759770093,0.12252649359096718,0.8506699140271914,14.17256334065551,157.6997369532528,0.0,0.15151515151515152,0.6060606060606061,0.09126309966595116,0,0,0.3939393939393939,0.6918312300579519
1786903030.862716,2395,95.76,3,carrying,carrying,carrying,0,0.0,0.8272205223625233,0.10481443781881399,0.08039369968787423,0.12146877346417186,0.8787008706042057,15.875820758175593,158.23173933356526,0.0,0.15151515151515152,0.6363636363636364,0.09396902736062297,0,0,0.36363636363636365,0.6978710661289868
1786903030.8929949,2396,95.8,3,carrying,carrying,carrying,0,0.0,0.8361647494286188,0.10357417630400852,0.08102937417825766,0.1215641575913417,0.8936079157143647,17.702693010909087,156.4889520398562,0.0,0.15151515151515152,0.6666666666666666,0.09667759783127484,0,0,0.3333333333333333,0.7037199874073772
1786903030.928691,2397,95.84,3,carrying,carrying,carrying,0,0.0,0.8467666170805147,0.09028270961473266,0.07740376859086871,0.11380249903075527,0.9112776951341912,19.418678669857453,153.32504413443436,0.0,0.15151515151515152,0.696969696969697,0.09910641112286957,0,0,0.30303030303030304,0.709612719644019
1786903031.008701,2398,95.88,3,walking,carrying,carrying,0,0.0,0.6,0.07475501023816497,0.06950310587696379,0.1100814726455693,0.9200419010314885,21.65609226506679,147.85587819475765,0.0,0.18181818181818182,0.7272727272727273,0.10137557258414703,0,0,0.2727272727272727,0.7151851724825682
1786903031.0407968,2399,95.92,3,unknown,carrying,carrying,0,0.0,0.3,0.0723506886444646,0.0,0.09311929479111004,0.936298718381564,24.86742962369358,140.2005227875713,0.0,0.18181818181818182,0.7272727272727273,0.1031527665043146,0,0,0.24242424242424243,0.7208977568726651
1786903031.071383,2400,95.96,3,standing,carrying,carrying,0,0.0,0.75,0.058503834071538155,0.0,0.09478676507746484,0.944211092560272,28.367146747749775,,0.0,0.18181818181818182,0.7272727272727273,0.10508160014364638,0,0,0.24242424242424243,0.7265097728307164
1786903031.119416,2401,96.0,3,standing,carrying,carrying,0,0.0,0.75,0.05363548444356759,0.0,0.10552097151670689,0.9569520257845571,31.969620038475313,,0.0,0.18181818181818182,0.7272727272727273,0.10726656010902046,0,0,0.24242424242424243,0.7322861551673886
1786903031.151607,2402,96.04,3,bending,carrying,carrying,0,0.0,0.6011802548981485,0.04879650910051675,0.0,0.10485878286496937,0.9757359840542305,36.07081529388891,,0.030303030303030304,0.18181818181818182,0.7575757575757576,0.1094014054578325,0,0,0.21212121212121213,0.7384863484096563
1786903031.19587,2403,96.08,3,bending,carrying,carrying,0,0.0,0.6503113258840048,0.04458264572969178,0.0,0.11022406803857143,0.9840028800134338,39.018679553040286,,0.06060606060606061,0.18181818181818182,0.7878787878787878,0.11159595900983221,0,0,0.18181818181818182,0.7447756014728437
1786903031.2465737,2404,96.12,3,bending,carrying,carrying,0,0.0,0.700600009019471,0.042701467639424555,0.0,0.1192137214377283,0.986518819951374,42.03600054116826,,0.09090909090909091,0.18181818181818182,0.8181818181818182,0.11396066556920849,0,0,0.15151515151515152,0.7510946562457678
1786903031.2782056,2405,96.16,3,bending,carrying,material_handling,1,1.0,0.7521263392002819,0.03961322217481914,0.0,0.12064683731245004,0.9998849025897002,45.12758035201691,,0.12121212121212122,0.18181818181818182,0.8484848484848485,0.1162696074703478,1,0,0.12121212121212122,0.7577838497398067
1786903031.3103907,2406,96.2,3,bending,bending,material_handling,1,1.0,0.8031422606208367,0.04173998869883298,0.0,0.12810292292705536,1.0288928112297397,48.188535637250205,,0.15151515151515152,0.18181818181818182,0.8787878787878788,0.11874092442698306,1,0,0.09090909090909091,0.7654263278015258
1786903031.3727896,2407,96.24,3,bending,bending,material_handling,1,1.0,0.8410891771927085,0.041183338189082624,0.0,0.15410821008506573,1.0758166831628124,50.46535063156251,,0.18181818181818182,0.18181818181818182,0.9090909090909091,0.12192816065045675,1,0,0.06060606060606061,0.7746211771439281
1786903031.416229,2408,96.28,3,bending,bending,material_handling,1,1.0,0.8576316346493784,0.04419033832702079,0.0,0.13632448410633968,1.1315101393470903,51.45789807896271,,0.21212121212121213,0.15151515151515152,0.9090909090909091,0.12423358281414587,1,0,0.06060606060606061,0.7860849981014251
1786903031.4567125,2409,96.32,3,bending,bending,material_handling,1,1.0,0.8550743028915194,0.04957625984630093,0.0,0.14173658386928792,1.1730316639954719,51.30445817349116,,0.24242424242424243,0.12121212121212122,0.9090909090909091,0.12636401990880938,1,0,0.06060606060606061,0.7995784716549394
1786903031.504827,2410,96.36,3,bending,bending,material_handling,1,1.0,0.8442383199432634,0.05175649065130283,0.0,0.12542378805620308,1.1973153956464206,50.6542991965958,,0.2727272727272727,0.09090909090909091,0.9090909090909091,0.12791934563183993,1,0,0.06060606060606061,0.8145112130492018
1786903031.5616593,2411,96.4,3,bending,bending,material_handling,1,1.0,0.8537483870707478,0.05542782771609039,0.0,0.1370913224929328,1.2308506171414624,51.22490322424487,,0.30303030303030304,0.06060606060606061,0.9090909090909091,0.12980301574612235,1,0,0.06060606060606061,0.8314093893606596
1786903031.6098647,2412,96.44,3,bending,bending,material_handling,1,1.0,0.8530536253586445,0.06295932912425123,0.0,0.12496815843001521,1.2563389496487465,51.18321752151867,,0.3333333333333333,0.030303030303030304,0.9090909090909091,0.13106919223092567,1,0,0.06060606060606061,0.8499936988334451
1786903031.6563349,2413,96.48,3,bending,bending,material_handling,1,1.0,0.857958255196462,0.06275854522745178,0.0,0.11402735314242846,1.2795716595354591,51.47749531178772,,0.36363636363636365,0.030303030303030304,0.9090909090909091,0.13134676989986993,1,0,0.06060606060606061,0.8702232490881094
1786903031.6866019,2414,96.52,3,bending,bending,material_handling,1,1.0,0.8448776409767328,0.06858360033025439,0.0,0.11185765464472727,1.2879905674183838,50.692658458603965,,0.3939393939393939,0.030303030303030304,0.9090909090909091,0.13107458445886783,1,0,0.06060606060606061,0.8915585552987458
1786903031.7160356,2415,96.56,3,bending,bending,material_handling,1,1.0,0.8072201854153838,0.07639283364364208,0.0,0.11967735323059593,1.3050990845200756,48.43321112492303,,0.42424242424242425,0.030303030303030304,0.9090909090909091,0.13046070876625881,1,0,0.06060606060606061,0.914296782422889
1786903031.7626824,2416,96.6,3,bending,bending,material_handling,1,1.0,0.7691193533157136,0.09313939955341587,0.0,0.1427655864765599,1.3258051011804417,46.14716119894281,,0.45454545454545453,0.030303030303030304,0.9090909090909091,0.13003265456547702,1,0,0.06060606060606061,0.9382794894757409
1786903031.791478,2417,96.64,3,bending,bending,material_handling,1,1.0,0.729046950392888,0.08945191080630731,0.0,0.16483528958974247,1.352773303627015,43.74281702357328,113.18602166856212,0.48484848484848486,0.030303030303030304,0.9090909090909091,0.13052517615821363,1,0,0.06060606060606061,0.9636005765415239
1786903031.903577,2418,96.68,3,bending,bending,material_handling,1,1.0,0.6860275333597428,0.0885147025697926,0.0,0.18628651515961017,1.3364043859602885,41.161652001584564,113.18602166856212,0.5151515151515151,0.030303030303030304,0.9090909090909091,0.1314190263210116,1,0,0.06060606060606061,0.9880913350513314
1786903031.9553907,2419,96.72,3,bending,bending,material_handling,1,1.0,0.6429691808335619,0.08628741698689894,0.0,0.19118731849837275,1.3059462281225402,38.578150850013714,113.18602166856212,0.5454545454545454,0.030303030303030304,0.9090909090909091,0.13244503725743811,1,0,0.06060606060606061,1.0111052811977133
1786903031.9912486,2420,96.76,3,bending,bending,material_handling,1,1.0,0.5849607794984651,0.08410782935171103,0.0,0.18378584798989622,1.2637388192369148,35.09764676990791,113.18602166856212,0.5757575757575758,0.030303030303030304,0.9090909090909091,0.13304236901302186,1,0,0.06060606060606061,1.0321368872013217
1786903032.055372,2421,96.8,3,unknown,bending,material_handling,1,1.0,0.3,0.07647941013527551,0.0,0.18906510162834475,1.19409983283272,29.9400876345795,113.18602166856212,0.5757575757575758,0.030303030303030304,0.8787878787878788,0.13362809738261766,1,0,0.06060606060606061,1.0497538693414725
1786903032.1044755,2422,96.84,3,walking,bending,material_handling,1,1.0,0.6,0.0860531452731332,0.0,0.19137750771900375,1.1267416090912001,25.04208270945956,113.18602166856212,0.5757575757575758,0.06060606060606061,0.8787878787878788,0.13477106956167198,1,0,0.06060606060606061,1.0642916162571978
1786903032.1451929,2423,96.88,3,walking,bending,material_handling,1,1.0,0.6,0.08329323829428285,0.0,0.19403559296487743,1.0520217223862578,20.435889500349035,113.18602166856212,0.5757575757575758,0.09090909090909091,0.8787878787878788,0.1358803844416177,1,0,0.06060606060606061,1.0750676016562846
1786903032.1792092,2424,96.92,3,walking,bending,material_handling,1,1.0,0.6,0.08129259239467393,0.0,0.18221619208061285,0.9832778976745338,16.54155233894584,113.18602166856212,0.5757575757575758,0.12121212121212122,0.8787878787878788,0.13704223875345986,1,0,0.06060606060606061,1.082625205586075
1786903032.2453935,2425,96.96,3,unknown,bending,material_handling,1,1.0,0.3,0.06575823180229406,0.0,0.1631381335521579,0.9077714170434783,13.384098412536165,113.18602166856212,0.5757575757575758,0.12121212121212122,0.8484848484848485,0.1380492127722365,1,0,0.06060606060606061,1.0866966841329078
1786903032.2768023,2426,97.0,3,unknown,walking,material_handling,1,1.0,0.3,0.07048526628396672,0.0,0.14894859258054904,0.8246522314964795,10.10852077253989,113.18602166856212,0.5757575757575758,0.12121212121212122,0.8181818181818182,0.1384476771692783,1,0,0.06060606060606061,1.0871985709134575
1786903032.3087018,2427,97.04,3,standing,walking,material_handling,1,1.0,0.75,0.0723910066090532,0.0,0.1322280903692119,0.7389947078975233,7.34089665134629,,0.5757575757575758,0.12121212121212122,0.7878787878787878,0.13874166495043727,1,0,0.09090909090909091,1.0838144737580133
1786903032.3660336,2428,97.08,3,standing,walking,material_handling,1,1.0,0.75,0.06737648018571887,0.0,0.11884902905768824,0.6825035138617433,5.549568175208864,,0.5757575757575758,0.12121212121212122,0.7575757575757576,0.13866227875630138,1,0,0.12121212121212122,1.077869099311272
1786903032.410377,2429,97.12,3,carrying,walking,material_handling,1,1.0,0.684173921207095,0.08173271414311391,0.0,0.11031850418431488,0.6402898686784917,4.816642991854428,,0.5757575757575758,0.12121212121212122,0.7575757575757576,0.1383215013803309,1,0,0.12121212121212122,1.0701927948556396
1786903032.4919975,2430,97.16,3,carrying,walking,material_handling,1,1.0,0.6694005967123386,0.08637472887411345,0.0,0.10556186984609943,0.6156676611872312,4.90164471906306,142.14139150098978,0.5757575757575758,0.12121212121212122,0.7575757575757576,0.1380717853444322,1,0,0.12121212121212122,1.0612349150390648
1786903032.5500417,2431,97.2,3,carrying,walking,material_handling,1,1.0,0.6539568584291332,0.08619632039630762,0.12561358633705838,0.13539547523396422,0.5899280973818888,5.753891653932693,139.93405606249146,0.5757575757575758,0.09090909090909091,0.7575757575757576,0.13883887633195932,1,0,0.12121212121212122,1.0512314664436224
1786903032.5882757,2432,97.24,3,carrying,walking,material_handling,1,1.0,0.6587678723491041,0.08380835754743889,0.15467737334893544,0.14891073578915381,0.5979464539151735,5.910876419418223,150.0009476772024,0.5757575757575758,0.09090909090909091,0.7878787878787878,0.14052952605917277,1,0,0.12121212121212122,1.0409783675203985
1786903032.62331,2433,97.28,3,carrying,carrying,material_handling,1,1.0,0.6627162366398949,0.07583006271796205,0.09254953035016812,0.1581101854818919,0.6045270610664915,6.875524107752571,159.18775499262813,0.5757575757575758,0.09090909090909091,0.8181818181818182,0.14244841758657967,1,0,0.09090909090909091,1.030684912020587
1786903032.7020905,2434,97.32,3,walking,carrying,material_handling,1,1.0,0.6,0.07559533005960581,0.0727139579961084,0.2241647783947801,0.674353512708933,7.392564105549431,161.85965314917928,0.5757575757575758,0.12121212121212122,0.8484848484848485,0.1460436844616728,1,0,0.06060606060606061,1.022121320715265
1786903032.7342863,2435,97.36,3,walking,carrying,material_handling,1,1.0,0.6,0.07188987801481378,0.07498502589493891,0.25287300982256034,0.6811796451736486,8.370014623866272,164.85298882224157,0.5454545454545454,0.15151515151515152,0.8484848484848485,0.15052896406644828,1,0,0.06060606060606061,1.0131953710522172
1786903032.7818682,2436,97.4,3,walking,carrying,material_handling,1,1.0,0.663965120899068,0.15935162901577632,0.08128940721460494,0.2753813917858431,0.6527572547435948,8.782494998837375,165.63301770886864,0.5151515151515151,0.18181818181818182,0.8484848484848485,0.15553373145272922,1,0,0.06060606060606061,1.003157624831919
1786903032.842412,2438,97.48,3,walking,carrying,material_handling,1,1.0,0.6644504956245093,0.15946811894988222,0.08019954473798543,0.3173145515890713,0.6560485599889327,9.003109996667678,166.0935955872089,0.48484848484848486,0.21212121212121213,0.8484848484848485,0.16153678691186082,1,0,0.06060606060606061,0.9931433745300269
1786903032.9527118,2441,97.6,3,walking,walking,material_handling,1,1.0,0.7586174993241347,0.18206819983779235,0.08019954473798543,0.40945400824011624,0.7136549712168399,9.08153296542048,166.0935955872089,0.45454545454545453,0.24242424242424243,0.8484848484848485,0.17028851936421438,1,0,0.06060606060606061,0.9844697402460006
1786903032.9864585,2442,97.64,3,walking,walking,material_handling,1,1.0,0.7964229426871453,0.19114150624491488,0.08019954473798543,0.44896353390934834,0.7345575205359252,8.710816160641894,166.0935955872089,0.42424242424242425,0.2727272727272727,0.8484848484848485,0.18001156818185962,1,0,0.06060606060606061,0.9755504890128548
1786903033.0473225,2443,97.68,3,walking,walking,material_handling,1,1.0,0.8250795836274439,0.19801910007058654,0.07607099550170607,0.43955260229437004,0.7204757175125351,8.344669374898553,165.65491919390885,0.3939393939393939,0.30303030303030304,0.8484848484848485,0.18866139824880823,1,0,0.06060606060606061,0.9647825809628464
1786903033.1077363,2444,97.72,3,walking,walking,material_handling,1,1.0,0.8197957793845679,0.1967509870522963,0.06132427009830898,0.42856160265202464,0.7195230417399542,7.882962095936165,165.50129197431949,0.36363636363636365,0.3333333333333333,0.8484848484848485,0.19751706850776837,1,0,0.06060606060606061,0.9522981234596
1786903033.1425638,2445,97.76,3,walking,walking,material_handling,1,1.0,0.83424712086261,0.2002193090070264,0.07087354147162192,0.48617557251146454,0.7304757517234184,7.286468847487976,164.2351537839469,0.3333333333333333,0.36363636363636365,0.8484848484848485,0.20795461361813736,1,0,0.06060606060606061,0.9388873382392346
1786903033.2146778,2446,97.8,3,walking,walking,material_handling,1,1.0,0.8394227099421779,0.2014614503861227,0.08327023740339412,0.4474893097890402,0.7401509118835513,6.190538164438016,162.3382197637208,0.30303030303030304,0.3939393939393939,0.8484848484848485,0.21771417488276879,1,0,0.06060606060606061,0.9250338690342992
1786903033.3067691,2447,97.84,3,walking,walking,material_handling,1,1.0,0.8319365893051319,0.19966478143323166,0.08632882400986425,0.40689904004161676,0.667275941851361,5.262461156148388,162.19558494719382,0.2727272727272727,0.42424242424242425,0.8484848484848485,0.225890166323638,1,0,0.06060606060606061,0.9079558485709628
1786903033.340545,2448,97.88,3,walking,walking,material_handling,1,1.0,0.6,0.11449336296704968,0.08057263058671904,0.372704117856401,0.6774507122437131,4.116833003278196,161.3608013501195,0.24242424242424243,0.45454545454545453,0.8484848484848485,0.23339731660928606,1,0,0.06060606060606061,0.8904137807708102
1786903033.3870325,2449,97.92,3,walking,walking,material_handling,1,1.0,0.6,0.12484502457083543,0.07201988328519411,0.3484738524069977,0.7276059580099442,3.540038380306246,161.2230844677744,0.21212121212121213,0.48484848484848486,0.8484848484848485,0.2405017559809397,1,0,0.06060606060606061,0.8736875473912493
1786903033.4195726,2450,97.96,3,walking,walking,material_handling,1,1.0,0.6,0.10103756719048934,0.06770518654466111,0.2995931921726089,0.7248776476778281,3.507206682119217,161.05355693412022,0.18181818181818182,0.5151515151515151,0.8484848484848485,0.24619071166360273,1,0,0.06060606060606061,0.8566235195203233
1786903033.4615414,2451,98.0,3,walking,walking,material_handling,1,1.0,0.6,0.09771682200652394,0.06622833479200602,0.2849911187533787,0.7009185450832263,3.239548509331841,161.2252512157058,0.15151515151515152,0.5454545454545454,0.8484848484848485,0.25120021970974765,1,0,0.06060606060606061,0.8383150183252672
1786903033.5776722,2452,98.04,3,walking,walking,material_handling,1,1.0,0.6,0.08954801323974469,0.07083912911115825,0.2744905274511006,0.694653955287022,3.2620159076521382,160.7832538671815,0.12121212121212122,0.5757575757575758,0.8484848484848485,0.25519188458776404,1,0,0.06060606060606061,0.8191892260254666
1786903033.610537,2453,98.08,3,walking,walking,walking,0,0.0,0.6,0.09621384396970374,0.07879414296430658,0.2761794941596144,0.7485850317330184,3.481169644032159,161.94575654579074,0.09090909090909091,0.6060606060606061,0.8484848484848485,0.25856595139291166,0,0,0.06060606060606061,0.8008804905135274
1786903033.6426566,2454,98.12,3,walking,walking,walking,0,0.0,0.6,0.0996834220680217,0.07835785893705018,0.2299250874057769,0.8167042324605059,3.632617477695683,163.58393674074395,0.06060606060606061,0.6363636363636364,0.8484848484848485,0.2598883323700683,0,0,0.06060606060606061,0.785132001013534
1786903033.6960218,2455,98.16,3,walking,walking,walking,0,0.0,0.6,0.10068864397854894,0.07691809212505202,0.19649601230966596,0.8408562866216434,4.4281076264114025,165.59145502951978,0.030303030303030304,0.6666666666666666,0.8484848484848485,0.26004920187950137,0,0,0.06060606060606061,0.7710383664225978
1786903033.7442994,2456,98.2,3,walking,walking,walking,0,0.0,0.6,0.10004248978546973,0.07800049554368212,0.1924124298220271,0.8905540457680816,4.94689319646627,166.71810976993456,0.0,0.696969696969697,0.8484848484848485,0.26031061345017203,0,0,0.06060606060606061,0.7597297369235421
1786903033.7872653,2457,98.24,3,walking,walking,walking,0,0.0,0.6,0.09691552176792853,0.08627446760496739,0.19004818546152266,0.9329452747883766,5.685274058107396,167.08547599225318,0.0,0.7272727272727273,0.8787878787878788,0.2603404038693593,0,0,0.06060606060606061,0.7518159624373499
1786903033.8364918,2458,98.28,3,carrying,walking,walking,0,0.0,0.8810690245609697,0.0886996528956458,0.09189702308777853,0.16742266301994158,0.9684483742682829,6.378025416342153,167.12983205233115,0.0,0.696969696969697,0.8787878787878788,0.25961449948453913,0,0,0.06060606060606061,0.7470191977457464
1786903033.8690012,2459,98.32,3,carrying,walking,walking,0,0.0,0.8940781587427764,0.07847924298555237,0.0961487517348833,0.13970276048222838,0.9901302645712939,7.0328468339000825,166.95332941230174,0.0,0.6666666666666666,0.8787878787878788,0.257968050015368,0,0,0.06060606060606061,0.7451436990240808
1786903033.9001014,2460,98.36,3,carrying,walking,walking,0,0.0,0.9,0.0701347662259268,0.09712129760705357,0.12633963268183473,1.0502704750162342,7.50574466141444,167.2306606717997,0.0,0.6363636363636364,0.8787878787878788,0.25627482094267773,0,0,0.06060606060606061,0.7471737771253445
1786903033.9745615,2461,98.4,3,carrying,walking,walking,0,0.0,0.9,0.06515004960523635,0.09915293499542104,0.1178957296201107,1.0510304735083882,8.008105170378263,167.92968972026017,0.0,0.6363636363636364,0.9090909090909091,0.254903839005343,0,0,0.06060606060606061,0.751514960654584
1786903034.008231,2462,98.44,3,carrying,carrying,carrying,0,0.0,0.9,0.05616110775664302,0.09788004118284557,0.11067495960853546,1.0890330178519707,7.865273825641613,169.12849548271748,0.0,0.6363636363636364,0.9393939393939394,0.25374403194558504,0,0,0.06060606060606061,0.7595264996350535
1786903034.0405273,2463,98.48,3,carrying,carrying,carrying,0,0.0,0.9,0.05601332568329894,0.09704335170212965,0.13899108293375956,1.0592063405026717,7.456498329484475,169.97851150912612,0.0,0.6363636363636364,0.9696969696969697,0.2539489711142077,0,0,0.030303030303030304,0.7692298824412702
1786903034.1221128,2464,98.52,3,carrying,carrying,carrying,0,0.0,0.9,0.05101218539237012,0.09294388162780225,0.14065804161493178,1.0257153406156472,6.901500671712787,170.6759280707233,0.0,0.6363636363636364,1.0,0.25460985028260896,0,0,0.0,0.7796302408277521
1786903034.1776273,2465,98.56,3,walking,carrying,carrying,0,0.0,0.6,0.048737614412496674,0.09208570492834994,0.15642115812089713,1.0077450527738638,6.241937592113905,171.51559039731586,0.0,0.6666666666666666,1.0,0.25600690040189933,0,0,0.0,0.7907652464063997
1786903034.2193055,2466,98.6,3,walking,carrying,carrying,0,0.0,0.6,0.04994347887487524,0.08315968085217335,0.157129124562148,0.9801020172980444,5.712830293392886,171.8366428637126,0.0,0.696969696969697,1.0,0.2575695444842039,0,0,0.0,0.801808711743091
1786903034.2685893,2467,98.64,3,carrying,carrying,carrying,0,0.0,0.8697386329564418,0.05103554874461322,0.08021053466610975,0.16030898610613195,0.9495643882607365,5.290634650333514,172.2607050668094,0.0,0.696969696969697,1.0,0.25832449935911805,0,0,0.0,0.8127067811636622
1786903034.2988458,2468,98.68,3,carrying,carrying,carrying,0,0.0,0.8450876020663723,0.05297942531374549,0.07232864536055142,0.17818004938570758,0.9084793367772873,5.138760089718178,172.81888244115743,0.0,0.696969696969697,1.0,0.25921144825598325,0,0,0.0,0.8221168685231202
1786903034.3337336,2469,98.72,3,walking,carrying,carrying,0,0.0,0.6,0.05690211992433768,0.0689763101538779,0.19177146670670178,0.8535473035463954,5.116142338916556,173.83851367035544,0.0,0.7272727272727273,1.0,0.2602314870809775,0,0,0.0,0.8296629364770567
1786903034.4040852,2470,98.76,3,carrying,carrying,carrying,0,0.0,0.7696150385020845,0.06253504897673041,0.062089795593427914,0.17591671440953105,0.7826917308368074,5.240275383231255,174.49567144228038,0.0,0.696969696969697,1.0,0.25876942453596996,0,0,0.0,0.8329459127839619
1786903034.4467182,2471,98.8,3,standing,carrying,carrying,0,0.0,0.75,0.0706198984320956,0.05766605070566087,0.18439360993949083,0.7637665767316458,5.623627804821195,175.17118849930483,0.0,0.6666666666666666,0.9696969696969697,0.2566942912061799,0,0,0.030303030303030304,0.8354485470735983
1786903034.479,2472,98.84,3,standing,carrying,carrying,0,0.0,0.75,0.06688327516321402,0.05579783288049531,0.13990284528792407,0.7356200246644231,6.252728413814049,175.98881977385454,0.0,0.6363636363636364,0.9393939393939394,0.252588880706243,0,0,0.06060606060606061,0.8379595401015022
1786903034.5308082,2473,98.88,3,standing,carrying,carrying,0,0.0,0.75,0.06676940261964003,0.05888731942801982,0.12786077354122283,0.7289023946665321,6.810630725214357,176.70740951997567,0.0,0.6060606060606061,0.9090909090909091,0.2468478571290355,0,0,0.09090909090909091,0.8401672320614294
1786903034.5623155,2474,98.92,3,standing,carrying,carrying,0,0.0,0.75,0.06440317598763587,0.05429473438644264,0.12600568868504428,0.7115436508887039,7.513605037371067,176.96104548652653,0.0,0.5757575757575758,0.8787878787878788,0.23825851411221513,0,0,0.12121212121212122,0.8401032526575465
1786903034.6142116,2475,98.96,3,standing,standing,standing,0,0.0,0.75,0.06056412589489619,0.04810285587322752,0.1226753033501292,0.6781596523860818,8.080393561824911,176.69195106578968,0.0,0.5454545454545454,0.8484848484848485,0.228370991974057,0,0,0.15151515151515152,0.8383942263499754
1786903034.6643536,2476,99.0,3,standing,standing,standing,0,0.0,0.75,0.05707398697071849,0.044170936290242796,0.11950597874414602,0.6524292616816292,8.756949798565575,176.46003710747488,0.0,0.5151515151515151,0.8181818181818182,0.21867260944223202,0,0,0.18181818181818182,0.8363322125369178
1786903034.6942513,2477,99.04,3,standing,standing,standing,0,0.0,0.75,0.04871848551242506,0.04561841160965812,0.09929577797467083,0.6358546907832879,9.368129085829906,176.11100549619792,0.0,0.48484848484848486,0.7878787878787878,0.20869485717928193,0,0,0.21212121212121213,0.8337968079624732
1786903034.7275574,2478,99.08,3,standing,standing,standing,0,0.0,0.75,0.041170238062167894,0.04376792978560416,0.09554145942838256,0.6265693658005408,9.910162086838993,175.90466677684546,0.0,0.45454545454545453,0.7575757575757576,0.1968574598131279,0,0,0.24242424242424243,0.8306481296011741
1786903034.8447711,2479,99.12,3,standing,standing,standing,0,0.0,0.75,0.03065771994596128,0.03755629435830454,0.09548871763513009,0.5796568768176075,10.244013439753278,175.62862255655054,0.0,0.42424242424242425,0.7272727272727273,0.18619077520240337,0,0,0.2727272727272727,0.8257846739931151
1786903034.876558,2480,99.16,3,standing,standing,standing,0,0.0,0.75,0.022065336837916602,0.03138863772868804,0.07715107683441702,0.5711060952349061,10.426202912938646,175.27740958078317,0.0,0.3939393939393939,0.696969696969697,0.17619841268097308,0,0,0.30303030303030304,0.8228704362168588
1786903034.908671,2481,99.2,3,standing,standing,standing,0,0.0,0.75,0.01835694794817522,0.026074901670222556,0.08587556005542031,0.5496630020101201,10.35113308384274,174.919174648913,0.0,0.36363636363636365,0.6666666666666666,0.16750663820215547,0,0,0.3333333333333333,0.8189980813612954
1786903034.9683187,2482,99.24,3,idle,standing,standing,0,0.0,0.85,0.014241691470162203,0.01980453198866244,0.08760172405853847,0.5492090624259668,10.073071211304963,174.2603741092234,0.0,0.3333333333333333,0.6363636363636364,0.15960142219159612,0,0,0.36363636363636365,0.8135921148284476
1786903035.0145938,2483,99.28,3,standing,standing,standing,0,0.0,0.75,0.014182231788288702,0.020988446080552343,0.07033095705951443,0.504121587574402,9.72198735733159,173.19934502893008,0.0,0.30303030303030304,0.6060606060606061,0.15265408173362355,0,0,0.3939393939393939,0.806902537249556
1786903035.0530915,2484,99.32,3,standing,standing,standing,0,0.0,0.75,0.013925252747641753,0.023497067761878408,0.07164491046351011,0.5073420891371858,9.37795341319389,172.11193366036684,0.0,0.2727272727272727,0.5757575757575758,0.14618904511877903,0,0,0.42424242424242425,0.8010365840390699
1786903035.1133366,2485,99.36,3,standing,standing,standing,0,0.0,0.75,0.016188693147297935,0.02366493960267517,0.08362391831792018,0.5044920048527332,9.1859309411338,171.19337882589411,0.0,0.24242424242424243,0.5454545454545454,0.14040520847837965,0,0,0.45454545454545453,0.7952741006925762
1786903035.1433105,2486,99.4,3,standing,standing,standing,0,0.0,0.75,0.01684362961944316,0.024874115495262496,0.107742862497661,0.4837739039024042,9.167893171261687,170.49925655821838,0.0,0.21212121212121213,0.5151515151515151,0.1353010681249871,0,0,0.48484848484848486,0.7872495210613455
1786903035.1756012,2487,99.44,3,standing,standing,standing,0,0.0,0.75,0.018127312163086877,0.031088101876322154,0.11748372082450904,0.4446652126932278,8.96715598930004,170.60332692309046,0.0,0.18181818181818182,0.48484848484848486,0.13189375398616082,0,0,0.5151515151515151,0.7759756113714279
1786903035.2560785,2488,99.48,3,standing,standing,standing,0,0.0,0.75,0.021050771407123067,0.04080038744719278,0.13709541999343977,0.4110102402655568,8.747398318868688,171.07992547358282,0.0,0.15151515151515152,0.45454545454545453,0.13009373603718424,0,0,0.5454545454545454,0.7629499736030618
1786903035.3160167,2489,99.52,3,standing,standing,standing,0,0.0,0.75,0.025474754898805786,0.052548286395120596,0.14805550072409737,0.4038666318133932,8.849988701052434,171.22635239409223,0.0,0.12121212121212122,0.42424242424242425,0.1287495866705803,0,0,0.5757575757575758,0.7482018701498894
1786903035.3539314,2490,99.56,3,walking,standing,standing,0,0.0,0.6,0.03201056369171993,0.0678748672272808,0.14354688887207087,0.3883016438849175,8.849406123930965,171.09875559076403,0.0,0.12121212121212122,0.42424242424242425,0.12734045647089998,0,0,0.5757575757575758,0.7316975176982694
1786903035.4034984,2491,99.6,3,walking,standing,standing,0,0.0,0.6,0.03740612438666319,0.07093180842115446,0.14510408665486096,0.37796020276726877,9.001425444070705,171.1380970552711,0.0,0.15151515151515152,0.42424242424242425,0.12666413597498843,0,0,0.5757575757575758,0.7138039367436932
1786903035.5046356,2492,99.64,3,walking,standing,standing,0,0.0,0.6,0.041327303233771207,0.06764256105877205,0.15656662563249757,0.37579486530047107,9.08403308475765,171.49877687508442,0.0,0.18181818181818182,0.42424242424242425,0.12717516219166328,0,0,0.5757575757575758,0.6951877125233652
1786903035.536354,2493,99.68,3,walking,standing,standing,0,0.0,0.6,0.04440912349739227,0.0657121389482498,0.1556898656792737,0.38779835708919486,9.206896020477178,172.21021155405762,0.0,0.21212121212121213,0.42424242424242425,0.12806456319158563,0,0,0.5757575757575758,0.6751127998589095
1786903035.58611,2494,99.72,3,walking,walking,walking,0,0.0,0.6,0.04806992405045408,0.06574242518662442,0.1475931028719924,0.3939117236147572,8.968588931038376,172.81984067449795,0.0,0.24242424242424243,0.42424242424242425,0.12896448359315782,0,0,0.5757575757575758,0.6552001104681934
1786903035.6188905,2495,99.76,3,walking,walking,walking,0,0.0,0.6,0.05561193903520342,0.06524134037720386,0.13179053542508867,0.40742834092833946,8.34208160051471,173.2254617789727,0.0,0.2727272727272727,0.42424242424242425,0.12960434952699276,0,0,0.5757575757575758,0.6345454232886896
1786903035.6613054,2496,99.8,3,walking,walking,walking,0,0.0,0.6,0.06255036185310717,0.06089729862685516,0.12581183208413046,0.432720888541109,7.4411952879704275,173.5728964616457,0.0,0.30303030303030304,0.42424242424242425,0.12920497828912522,0,0,0.5757575757575758,0.6155610156534905
1786903035.7306678,2497,99.84,3,walking,walking,walking,0,0.0,0.6,0.06799155902725385,0.06387601162292912,0.12541859367270514,0.46706832618776223,6.589188163474479,173.01889670977624,0.0,0.3333333333333333,0.42424242424242425,0.12874317683633046,0,0,0.5757575757575758,0.5986323182465849
1786903035.7698684,2498,99.88,3,carrying,walking,walking,0,0.0,0.603080205146727,0.0716238929019178,0.06443643564322621,0.11529548492245693,0.5051336752445451,5.780521966575998,172.33788490575282,0.0,0.30303030303030304,0.42424242424242425,0.12749694431516562,0,0,0.5757575757575758,0.5834016704426662
1786903035.8008761,2499,99.92,3,carrying,walking,walking,0,0.0,0.6147937335883472,0.07535077164177571,0.07699099411479328,0.12264209427147417,0.5246562226472453,4.790177111972911,172.15301010608383,0.0,0.2727272727272727,0.42424242424242425,0.1264518827912058,0,0,0.5757575757575758,0.5696002827259753
1786903035.852312,2500,99.96,3,carrying,walking,walking,0,0.0,0.6242752984182074,0.08120044328630092,0.10180493864396697,0.11779481386470736,0.5404588306970124,3.938994532277417,172.00615558661767,0.0,0.2727272727272727,0.42424242424242425,0.12516357454146565,0,0,0.5757575757575758,0.5572031446179837
1786903035.8969378,2501,100.0,3,carrying,walking,walking,0,0.0,0.6303066179831718,0.08705385144955256,0.10465200166520455,0.11215117960303281,0.550511029971953,3.2810434680670957,171.61175331115527,0.0,0.2727272727272727,0.42424242424242425,0.12316269969956642,0,0,0.5757575757575758,0.5463556201693373
1786903035.9363604,2502,100.04,3,carrying,carrying,carrying,0,0.0,0.6298652470465788,0.09160496511923294,0.11027416537009607,0.109359408147697,0.549775411744298,2.6894550131653383,171.12269791763407,0.0,0.24242424242424243,0.42424242424242425,0.1206653645917178,0,0,0.5757575757575758,0.5371504113268495
1786903035.9851024,2503,100.08,3,carrying,carrying,carrying,0,0.0,0.6183710928206565,0.09491892408477355,0.12069631713462092,0.12164760668840875,0.5306184880344275,2.353533836733907,170.75945865277603,0.0,0.24242424242424243,0.42424242424242425,0.11902084617592622,0,0,0.5757575757575758,0.5295118282116258
1786903036.014613,2504,100.12,3,carrying,carrying,carrying,0,0.0,0.6022972863308648,0.09506738078738815,0.14072271660498206,0.13353847619829026,0.5038288105514412,2.38121502940848,168.98304483267006,0.0,0.24242424242424243,0.45454545454545453,0.11747978151710196,0,0,0.5454545454545454,0.5216349262061649
1786903036.0585344,2505,100.16,3,walking,carrying,carrying,0,0.0,0.865952387581059,0.09823734770604091,0.15587142976459062,0.14144574192536574,0.4692529555842677,2.6266784078039813,167.94698853383792,0.0,0.2727272727272727,0.48484848484848486,0.11752653596066079,0,0,0.5151515151515151,0.5135631968400997
1786903036.1094804,2506,100.2,3,walking,carrying,carrying,0,0.0,0.9333734327190285,0.10371431562394132,0.16800721788942513,0.14664481218330813,0.44090236034071106,2.6719829950714122,167.6194715142056,0.0,0.30303030303030304,0.5151515151515151,0.11809574925284519,0,0,0.48484848484848486,0.5048359230726505
1786903036.139466,2507,100.24,3,walking,carrying,carrying,0,0.0,0.9500409199300548,0.10935551045274094,0.17100736558740987,0.1583628074350455,0.4185266176488449,2.65270678597133,167.65626510867023,0.0,0.3333333333333333,0.5454545454545454,0.11907626800284524,0,0,0.45454545454545453,0.4959566190350791
1786903036.1700785,2508,100.28,3,walking,carrying,carrying,0,0.0,0.8179767247982476,0.11407003229865947,0.14723581046368456,0.15448484372707963,0.3922871534179214,2.9668754033938027,166.78147385499105,0.0,0.36363636363636365,0.5757575757575758,0.12004019346881345,0,0,0.42424242424242425,0.4872938160360438
1786903036.2303743,2509,100.32,3,walking,walking,walking,0,0.0,0.6953924593656174,0.12118133667684994,0.12517064268581113,0.16031147987074193,0.37437347344817756,3.327369448959881,164.65208642989015,0.0,0.3939393939393939,0.6060606060606061,0.121276723805983,0,0,0.3939393939393939,0.47886788305927264
1786903036.2869658,2510,100.36,3,walking,walking,walking,0,0.0,0.6993215199651766,0.12965265387532365,0.1258778735937318,0.1550052225445924,0.3488086300327534,3.542948809673068,161.62982831692756,0.0,0.42424242424242425,0.6363636363636364,0.12296488879295032,0,0,0.36363636363636365,0.4701695175819837
1786903036.3184752,2511,100.4,3,walking,walking,walking,0,0.0,1.0,0.14175339066503512,0.18363093895564903,0.16729317492740758,0.3387215644957019,3.5325470013051543,160.27465047851325,0.0,0.45454545454545453,0.6666666666666666,0.1251391832020117,0,0,0.3333333333333333,0.46144685693638254
1786903036.3713949,2512,100.44,3,walking,walking,walking,0,0.0,1.0,0.14050022507620313,0.20081452142126144,0.16083468852697871,0.3446673319712969,3.7454797688168737,158.81025552290868,0.0,0.48484848484848486,0.696969696969697,0.12711936413812833,0,0,0.30303030303030304,0.4543259616380095
1786903036.4074438,2513,100.48,3,walking,walking,walking,0,0.0,1.0,0.1424465105837872,0.2047693578931126,0.16028637631893136,0.3708471824833869,3.94049515009345,157.51940187584358,0.0,0.5151515151515151,0.7272727272727273,0.12963861563765908,0,0,0.2727272727272727,0.4482575097364483
1786903036.4409137,2514,100.52,3,walking,walking,walking,0,0.0,1.0,0.14320484379757556,0.2078887861844455,0.15385059351764177,0.40296769221629375,3.977255678522804,159.29560402041233,0.0,0.5454545454545454,0.7575757575757576,0.13169846513651426,0,0,0.24242424242424243,0.44381219731845356
1786903036.5093422,2515,100.56,3,walking,walking,walking,0,0.0,1.0,0.14133625165135927,0.19081105517940858,0.14576502678926476,0.43445586836195915,4.272817607698742,160.51092097297263,0.0,0.5757575757575758,0.7878787878787878,0.13346098946168775,0,0,0.21212121212121213,0.44033482780136246
1786903036.5819044,2516,100.6,3,walking,walking,walking,0,0.0,0.9946800771879443,0.14117329353806535,0.17904241389382997,0.148032617337193,0.4499260682463084,4.635612660425723,160.37773542366338,0.0,0.6060606060606061,0.8181818181818182,0.135815585227678,0,0,0.18181818181818182,0.4386925393368747
1786903036.6142597,2517,100.64,3,walking,walking,walking,0,0.0,1.0,0.14247599943450676,0.20422103913783432,0.1484579368865454,0.44427413754136563,4.861181624262867,159.90545549839766,0.0,0.6363636363636364,0.8484848484848485,0.13814325269504274,0,0,0.15151515151515152,0.43678138928851656
1786903036.7253506,2518,100.68,3,walking,walking,walking,0,0.0,1.0,0.13247826266933485,0.20458952261327357,0.1496216419964331,0.4310393519452094,5.077797263750824,160.1662264491684,0.0,0.6666666666666666,0.8787878787878788,0.14014318371560372,0,0,0.12121212121212122,0.43455555132162194
1786903036.7584898,2519,100.72,3,walking,walking,walking,0,0.0,1.0,0.12553601111049162,0.20970565412576575,0.14770848536768158,0.4200058061548958,5.233987610362194,160.41249597299247,0.0,0.696969696969697,0.9090909090909091,0.14135426319651345,0,0,0.09090909090909091,0.43262318472321254
1786903036.7934952,2520,100.76,3,walking,walking,walking,0,0.0,0.9291854415235749,0.11078312161958906,0.16725337947424346,0.1397287093553861,0.415607464828302,5.5148592275663235,162.23019782186384,0.0,0.7272727272727273,0.9393939393939394,0.14202835375805514,0,0,0.06060606060606061,0.43174264690912395
1786903036.8485415,2521,100.8,3,walking,walking,walking,0,0.0,0.8611704512320135,0.10853630294836183,0.15501068122176243,0.13410367928428438,0.40149965356761086,5.917602877126222,163.96388234125646,0.0,0.7575757575757576,0.9696969696969697,0.14193769494868685,0,0,0.030303030303030304,0.43145444731221644
1786903036.8860345,2522,100.84,3,walking,walking,walking,0,0.0,0.7597739099732438,0.1062886566132854,0.13675930379518386,0.12561673731872525,0.3872146332179504,6.390788718794594,166.18058025919888,0.0,0.7878787878787878,1.0,0.1412577324212513,0,0,0.0,0.4309498412941728
1786903036.9346068,2523,100.88,3,walking,walking,walking,0,0.0,0.645689489557243,0.10622238157265325,0.11622410812030373,0.12542488327080942,0.3746571771568216,6.7395196464666896,167.67201593239923,0.0,0.7878787878787878,1.0,0.14070858073636458,0,0,0.0,0.43053637260544253
1786903036.9989064,2524,100.92,3,walking,walking,walking,0,0.0,0.6437520708180404,0.10143907518117402,0.11587537274724727,0.12163478960827932,0.3736143518856686,7.3513700052724955,168.19831973538862,0.0,0.7878787878787878,1.0,0.13999738991677121,0,0,0.0,0.43040468015448496
1786903037.0418732,2525,100.96,3,walking,walking,walking,0,0.0,0.6542463789400984,0.08940322118487663,0.11776434820921772,0.12140167869064901,0.3754992596485324,8.256680309972399,168.20837458550318,0.0,0.7878787878787878,1.0,0.13893178546398796,0,0,0.0,0.4303957224074565
1786903037.074374,2526,101.0,3,walking,walking,walking,0,0.0,0.6,0.07582519731767225,0.09416855932139338,0.11818533111548381,0.3901714403853969,9.461642121815576,168.77364049621988,0.0,0.7878787878787878,1.0,0.13779528441660036,0,0,0.0,0.4304676340224929
1786903037.1646075,2527,101.04,3,walking,walking,walking,0,0.0,0.6,0.07466164783122459,0.09326644222184334,0.1139305236255857,0.4089320338129701,10.766068630470393,169.45737355507646,0.0,0.7878787878787878,1.0,0.13677520625761833,0,0,0.0,0.43092279493759034
1786903037.1961925,2528,101.08,3,walking,walking,walking,0,0.0,0.6,0.06911518845768014,0.08428042772888251,0.11969972679025018,0.42086191617088275,11.72088935985899,169.97146359984447,0.0,0.7878787878787878,1.0,0.13640881811716868,0,0,0.0,0.4313298729752431
1786903037.2368507,2529,101.12,3,walking,walking,walking,0,0.0,0.6,0.07025212521179085,0.06489157818048209,0.13861796919290012,0.44099962451761154,12.233548003176054,172.10651132649028,0.0,0.7878787878787878,1.0,0.1367968828780405,0,0,0.0,0.43158074376240985
1786903037.49655,2530,101.16,3,standing,walking,walking,0,0.0,0.75,0.0768563598358528,0.05141337157083422,0.14887694132802393,0.4565736445906993,12.652618092395027,173.58993182537654,0.0,0.7575757575757576,0.9696969696969697,0.13750774189789863,0,0,0.030303030303030304,0.4312627231079534
1786903037.5756943,2531,101.2,3,standing,walking,walking,0,0.0,0.75,0.079985435701722,0.047915908245037525,0.15294944208547986,0.46484959188917446,12.688196954297242,173.16758290105875,0.0,0.7575757575757576,0.9393939393939394,0.13864877090283875,0,0,0.06060606060606061,0.43004199330930587
1786903037.6074688,2532,101.24,3,standing,walking,walking,0,0.0,0.75,0.07596727358498172,0.05997003339450085,0.15494608228723986,0.46735771104400675,12.27106941163482,172.19698402952534,0.0,0.7575757575757576,0.9090909090909091,0.13962767963058922,0,0,0.09090909090909091,0.4283056747758744
1786903037.6686192,2533,101.28,3,walking,walking,walking,0,0.0,0.6,0.08319672359172335,0.08395285625445073,0.1560387002743648,0.46093254465649364,11.571194156595862,170.59469634126117,0.0,0.7878787878787878,0.9090909090909091,0.1407865852793667,0,0,0.09090909090909091,0.4258957873201011
1786903037.6996138,2534,101.32,3,walking,standing,standing,0,0.0,0.6,0.09220053010891596,0.09774832118245355,0.1526994801236342,0.4489977879411488,10.546568156626675,169.22668396487387,0.0,0.8181818181818182,0.9090909090909091,0.14201532165877886,0,0,0.09090909090909091,0.4228196284706827
1786903037.7312386,2535,101.36,3,walking,standing,standing,0,0.0,0.6237604113283973,0.0969866610976533,0.1122768740391115,0.1533020430754247,0.44749327680377354,9.146975104391739,168.05624011605997,0.0,0.8484848484848485,0.9090909090909091,0.14334691665658877,0,0,0.09090909090909091,0.4197201698361214
1786903037.8073056,2536,101.4,3,walking,standing,standing,0,0.0,0.6329291488449039,0.10729063298880195,0.11392724679208271,0.15077606636594595,0.42545510438760453,7.499971360161373,167.0497501959004,0.0,0.8787878787878788,0.9090909090909091,0.14422959725287782,0,0,0.09090909090909091,0.4165334006347025
1786903037.840204,2537,101.44,3,walking,walking,walking,0,0.0,0.6635847530076693,0.12254325973451552,0.11944525554138047,0.1508166267813186,0.41079248186378353,5.98480889598175,165.48965388559816,0.0,0.9090909090909091,0.9090909090909091,0.1447531775735756,0,0,0.09090909090909091,0.41371411794719776
1786903037.871681,2538,101.48,3,walking,walking,walking,0,0.0,0.7233902786817713,0.13348072459556287,0.13021025016271884,0.1381205803677306,0.41128623452451707,4.701413846732988,163.08909033839143,0.0,0.9090909090909091,0.9090909090909091,0.14465241510213211,0,0,0.09090909090909091,0.4119575506423568
1786903037.9198568,2539,101.52,3,walking,walking,walking,0,0.0,0.8206582349452525,0.14137292717201153,0.14771848229014545,0.1392569153482164,0.4185693290390181,3.7542951348262874,160.94397099604245,0.0,0.9090909090909091,0.9090909090909091,0.1444285394404627,0,0,0.09090909090909091,0.41128079211806307
1786903037.9632306,2540,101.56,3,walking,walking,walking,0,0.0,0.9277771901128942,0.14589262655809274,0.16699989422032094,0.157841867308222,0.4262416415423874,2.8321732874102468,159.36595697073398,0.0,0.9090909090909091,0.9090909090909091,0.1444127533760135,0,0,0.09090909090909091,0.4115145807208977
1786903037.9950364,2541,101.6,3,walking,walking,walking,0,0.0,0.9797176992469637,0.1493058581622034,0.17634918586445344,0.1627771275763874,0.4380325793884744,2.510508875390158,158.8018528041782,0.0,0.9090909090909091,0.9090909090909091,0.1446640347047804,0,0,0.09090909090909091,0.4129008057503084
1786903038.063947,2542,101.64,3,walking,walking,walking,0,0.0,0.9736269263127791,0.14826687250779136,0.17525284673630023,0.1690936535594418,0.45146138055613305,2.4442431393983512,158.59159100466042,0.0,0.9090909090909091,0.9090909090909091,0.1449301611801955,0,0,0.09090909090909091,0.41523680293539794
1786903038.094761,2543,101.68,3,walking,walking,walking,0,0.0,0.8977480972781278,0.1526235821878374,0.161594657510063,0.18008150068628806,0.4655596886353989,2.5334558166013474,159.46218648726511,0.0,0.9090909090909091,0.9090909090909091,0.1456900483966106,0,0,0.09090909090909091,0.41877471380214476
1786903038.1302776,2544,101.72,3,walking,walking,walking,0,0.0,0.8222201905091077,0.15787259859652417,0.14799963429163937,0.18002997513466024,0.4688231902655847,2.8768062282923976,158.89736460807626,0.0,0.9090909090909091,0.9090909090909091,0.14607601203925458,0,0,0.09090909090909091,0.42271718731032315
1786903038.2119606,2545,101.76,3,walking,walking,walking,0,0.0,0.8636303551698444,0.15164971550776574,0.155453463930572,0.17700098002911235,0.4643648739864215,3.3956341936905483,156.50717301674473,0.0,0.9090909090909091,0.9090909090909091,0.14656589966053138,0,0,0.09090909090909091,0.4263443855532056
1786903038.2481031,2546,101.8,3,walking,walking,walking,0,0.0,0.9837116680786419,0.14653409643537268,0.17706810025415554,0.19073709519760682,0.4877398943668255,4.946452089331181,153.0647759750995,0.0,0.9090909090909091,0.9090909090909091,0.1474886487174609,0,0,0.09090909090909091,0.42988658894361287
1786903038.2780855,2547,101.84,3,walking,walking,walking,0,0.0,1.0,0.1394554548648524,0.20530002038983636,0.18668748040288602,0.5193334963968091,7.282404245862855,152.61676880861552,0.0,0.9090909090909091,0.9090909090909091,0.14848370589580168,0,0,0.09090909090909091,0.43341282543393156
1786903038.3296666,2548,101.88,3,walking,walking,walking,0,0.0,1.0,0.1282298881047089,0.19298288635620475,0.18871682486462052,0.5592747479162246,10.274558074063913,152.10112076238664,0.0,0.9090909090909091,0.9090909090909091,0.1497852755344488,0,0,0.09090909090909091,0.43719521572345477
1786903038.3640056,2549,101.92,3,carrying,walking,walking,0,0.0,0.647194363510727,0.13008946200864424,0.1738469895010182,0.16275645129747487,0.5786572725178785,13.11047737557893,150.38441294429734,0.0,0.8787878787878788,0.9090909090909091,0.150231452321124,0,0,0.09090909090909091,0.4410961613074416
1786903038.6737196,2550,101.96,3,carrying,walking,walking,0,0.0,0.6610835159282483,0.14154501845522327,0.15675432324091906,0.1566331982636671,0.6018058598804139,16.33818416783841,144.08977736698776,0.0,0.8484848484848485,0.9090909090909091,0.15047918751437012,0,0,0.09090909090909091,0.4458698498631705
1786903038.825378,2551,102.0,3,carrying,walking,walking,0,0.0,0.6760583961475376,0.1381899359348258,0.12786189676442933,0.14408707033020898,0.6267639935792293,19.035283696301796,136.3196996122902,0.0,0.8181818181818182,0.9090909090909091,0.15031147322145424,0,0,0.09090909090909091,0.45180089960965586
1786903038.8579488,2552,102.04,3,walking,walking,walking,0,0.0,0.7269496320524532,0.12851652339027636,0.13085093376944157,0.11910055837293564,0.6497796005599661,21.87357181309965,128.27723605814703,0.0,0.8181818181818182,0.9090909090909091,0.14944456634282557,0,0,0.09090909090909091,0.45876374186435503
1786903038.8909411,2553,102.08,3,walking,walking,walking,0,0.0,0.750378517633095,0.13860916769254128,0.1350681331739571,0.11822059818622828,0.6679893421670932,24.445836177789566,124.53462450596358,0.0,0.8181818181818182,0.9090909090909091,0.14879280539830564,0,0,0.09090909090909091,0.46641167754128804
1786903038.9413261,2554,102.12,3,walking,walking,walking,0,0.0,0.7053965252841713,0.16127287192038028,0.12697137455115085,0.14395773378787455,0.7173647469384734,27.277750752506513,123.24682030572004,0.0,0.8181818181818182,0.9090909090909091,0.14909141311053564,0,0,0.09090909090909091,0.4759833470373748
1786903038.986829,2555,102.16,3,walking,walking,walking,0,0.0,0.681925161640387,0.16366203879369287,0.09785706495466297,0.13901784597737865,0.7765954090045447,29.72278361335148,125.10573179110682,0.0,0.8181818181818182,0.9090909090909091,0.149497507312313,0,0,0.09090909090909091,0.4877827644854534
1786903039.1750855,2556,102.2,3,walking,walking,walking,0,0.0,0.6841856262716864,0.16420455030520476,0.057730045425271416,0.16674049596270313,0.7884762110976149,30.766719013800138,128.78734089222502,0.0,0.8181818181818182,0.9090909090909091,0.15074949557570375,0,0,0.09090909090909091,0.500322735210932
1786903039.2513206,2557,102.24,3,walking,walking,walking,0,0.0,0.6819370482965158,0.16366489159116382,0.05377542718614253,0.1513957298799843,0.7388110308904551,30.647322949896484,130.3491463214653,0.0,0.8181818181818182,0.9090909090909091,0.15165134225060387,0,0,0.09090909090909091,0.51138930124138
1786903039.291864,2558,102.28,3,walking,walking,walking,0,0.0,0.6315557282172182,0.15157337477213237,0.06154084168009661,0.1514539402737849,0.6887645109051697,29.374345335336706,132.91749484567086,0.0,0.8181818181818182,0.9090909090909091,0.15256201684403226,0,0,0.09090909090909091,0.5208821876430964
1786903039.3234856,2559,102.32,3,walking,walking,walking,0,0.0,0.6,0.13531204673389322,0.0738029022028092,0.17117458400029037,0.703854004234317,27.872298522925398,135.58475096858555,0.0,0.8181818181818182,0.9090909090909091,0.15416775177993547,0,0,0.09090909090909091,0.5303877198809424
1786903039.3869195,2560,102.36,3,walking,walking,walking,0,0.0,0.6,0.13243854747557776,0.08800695538949443,0.1680270986337426,0.7127393036264283,25.531446354867697,142.96558356404904,0.0,0.8181818181818182,0.9090909090909091,0.1558070419316978,0,0,0.09090909090909091,0.5395940007843806
1786903039.4398737,2561,102.4,3,walking,walking,walking,0,0.0,0.6,0.13245511788133413,0.09453762497244123,0.1715125450198016,0.7294480374188753,23.346277593351836,151.60930563884153,0.0,0.8181818181818182,0.9090909090909091,0.1573771273325933,0,0,0.09090909090909091,0.548945095367653
1786903039.4716887,2562,102.44,3,walking,walking,walking,0,0.0,0.6,0.11698827401791904,0.09180419523385946,0.1623806937212001,0.7378291514092384,20.945418756995586,159.99140975670792,0.0,0.8181818181818182,0.9090909090909091,0.15809720989405696,0,0,0.09090909090909091,0.557939929515884
1786903039.5539424,2563,102.48,3,carrying,walking,walking,0,0.0,0.7551538457526143,0.09052735412806003,0.09627615529434314,0.1505281433393889,0.758589742921024,18.910192962471214,162.0461780866378,0.0,0.8181818181818182,0.9393939393939394,0.15814724631864374,0,0,0.06060606060606061,0.567091932495591
1786903039.5847166,2564,102.52,3,carrying,walking,walking,0,0.0,0.7480387549533434,0.08126782774346747,0.11799457318251408,0.1355870568795851,0.7467312582555724,16.326570586603864,162.04360701852147,0.0,0.8181818181818182,0.9696969696969697,0.15762111343361662,0,0,0.030303030303030304,0.5756338011733606
1786903039.6402962,2565,102.56,3,carrying,walking,walking,0,0.0,0.737509937589405,0.07701440656409701,0.13480759023441302,0.11578551760916822,0.7291832293156749,13.677017498768615,162.61343032170555,0.0,0.8181818181818182,1.0,0.15643442965549328,0,0,0.0,0.5835679077876536
1786903039.695704,2566,102.6,3,carrying,walking,walking,0,0.0,0.7316231029331092,0.07397297964765828,0.14038309845325395,0.11073551150548845,0.7193718382218487,11.366863931588995,163.5033100438133,0.0,0.7878787878787878,1.0,0.1550616057534061,0,0,0.0,0.5913994015320583
1786903039.727505,2567,102.64,3,carrying,carrying,carrying,0,0.0,0.744760721344551,0.07408501842474055,0.13404496507097383,0.09977132038985732,0.741267868907585,9.343193574229131,164.76458159338137,0.0,0.7575757575757576,1.0,0.15345772212510986,0,0,0.0,0.6002560706522532
1786903039.7589102,2568,102.68,3,carrying,carrying,carrying,0,0.0,0.7591765237914904,0.07020120768658805,0.12577773208605095,0.07924577363909574,0.7652942063191507,7.548147870203761,165.7258492339289,0.0,0.7272727272727273,1.0,0.15121359274825139,0,0,0.0,0.609886401849689
1786903039.8095117,2569,102.72,3,carrying,carrying,carrying,0,0.0,0.7414347407203459,0.0670100302734872,0.11420573486054925,0.08175759093177314,0.7357245678672432,6.2460273424199295,166.9692690921584,0.0,0.696969696969697,1.0,0.1491221237957007,0,0,0.0,0.6192885068036175
1786903039.8585718,2570,102.76,3,carrying,carrying,carrying,0,0.0,0.7378476956613125,0.06603899291637234,0.11486084183552762,0.09944385956241085,0.7297461594355209,5.746872851798285,167.8089075716214,0.0,0.6666666666666666,1.0,0.14756537327391558,0,0,0.0,0.6289537697603367
1786903039.891737,2571,102.8,3,carrying,carrying,carrying,0,0.0,0.7330232398188868,0.05991946407640236,0.11174080512457484,0.11038877562728745,0.7217053996981447,5.3781309511673765,167.74940119206207,0.0,0.6363636363636364,1.0,0.14672501555450826,0,0,0.0,0.6383604111292346
1786903039.9527879,2572,102.84,3,carrying,carrying,carrying,0,0.0,0.726804274360401,0.056100077330363485,0.10543732975744352,0.12759411007414598,0.711340457267335,4.92670022995363,166.87941051237448,0.0,0.6060606060606061,1.0,0.14637159721286974,0,0,0.0,0.6472322634997896
1786903039.9858665,2573,102.88,3,walking,carrying,carrying,0,0.0,0.6,0.0483018345457524,0.08831743199500325,0.1314549675429001,0.7114506501697948,4.322490234392326,167.33532842608528,0.0,0.6060606060606061,1.0,0.14557199418967814,0,0,0.0,0.6558749607309232
1786903040.016958,2574,102.92,3,walking,carrying,carrying,0,0.0,0.6,0.0467111291735225,0.08352348846163983,0.124595614948439,0.724204981458106,4.155555348761957,168.40702065242752,0.0,0.6060606060606061,1.0,0.1444149786554979,0,0,0.0,0.6645468517027301
1786903040.102417,2575,102.96,3,walking,carrying,carrying,0,0.0,0.6,0.04710420129642128,0.07900236439129896,0.12962987074441068,0.736877194214942,4.031276741358675,168.80865353036992,0.0,0.6060606060606061,1.0,0.1432191064489818,0,0,0.0,0.6731958157529971
1786903040.132882,2576,103.0,3,carrying,carrying,carrying,0,0.0,0.7419631092625664,0.050433333937201036,0.07950076169381044,0.1339312920665664,0.7366051821042773,3.72299821662821,168.91042607212975,0.0,0.5757575757575758,1.0,0.1418206152786872,0,0,0.0,0.6814093155550843
1786903040.164591,2577,103.04,3,carrying,walking,walking,0,0.0,0.7434480935268057,0.052830664679142075,0.08208995676241507,0.1316382270296159,0.7390801558780097,3.467827247603354,168.46945752534174,0.0,0.5454545454545454,1.0,0.14035419866944346,0,0,0.0,0.6895989205736427
1786903040.233714,2578,103.08,3,carrying,walking,walking,0,0.0,0.7463580475274507,0.05196206199356087,0.08470286228090891,0.13292352690448356,0.7439300792124178,3.4466213675927677,168.43717693987978,0.0,0.5151515151515151,1.0,0.13901851827172743,0,0,0.0,0.698070593459279
1786903040.364265,2579,103.12,3,carrying,walking,walking,0,0.0,0.7432002604128377,0.05575107507304138,0.0726265850245425,0.12447568007705853,0.738667100688063,3.398908431808432,166.49356983284827,0.0,0.48484848484848486,1.0,0.13701059660140777,0,0,0.0,0.7056744481962861
1786903040.3950558,2580,103.16,3,carrying,carrying,carrying,0,0.0,0.7326749680762384,0.06483816087644532,0.08704211250308244,0.14082514272553548,0.7211249467937308,3.624914073573469,164.79004059238827,0.0,0.45454545454545453,1.0,0.13562082879300322,0,0,0.0,0.7117893406325564
1786903040.477213,2581,103.2,3,carrying,carrying,carrying,0,0.0,0.7179333109781505,0.07334821484989952,0.09064422357824495,0.13745030933439845,0.6965555182969176,4.395701291879519,163.5428609244496,0.0,0.42424242424242425,1.0,0.1340672980193601,0,0,0.0,0.715949363977426
1786903040.5206563,2582,103.24,3,carrying,carrying,carrying,0,0.0,0.7090400191634948,0.09187737586965365,0.09511852547945371,0.13982965771205907,0.6817333652724913,6.2052235500637805,162.2021447737464,0.0,0.42424242424242425,1.0,0.13337254669858992,0,0,0.0,0.719072881939687
1786903040.5512576,2583,103.28,3,carrying,carrying,carrying,0,0.0,0.7276685302015813,0.08785050739977744,0.08924682637723849,0.17557624934032784,0.7127808836693023,10.148895949312632,161.71797499075112,0.0,0.42424242424242425,1.0,0.13394657854939784,0,0,0.0,0.7224357614484412
1786903040.646069,2584,103.32,3,walking,carrying,carrying,0,0.0,0.6,0.10628694569327994,0.09873104657831776,0.21626242626915254,0.7713669707110812,15.112132855368788,159.21850398703822,0.0,0.45454545454545453,1.0,0.13613371054754764,0,0,0.0,0.7268176698463761
1786903040.689398,2585,103.36,3,walking,carrying,carrying,0,0.0,0.6,0.10272446121689129,0.09902327641695724,0.23087894812068832,0.8654512143805139,21.70423280352948,157.0773246509451,0.0,0.45454545454545453,1.0,0.13952093447929773,0,0,0.0,0.7333531732954836
1786903040.7271793,2586,103.4,3,walking,carrying,carrying,0,0.0,0.6,0.1089605915980962,0.10254735231445815,0.2641792923426258,1.0001938929480765,29.337121889873618,154.22200524053332,0.0,0.45454545454545453,1.0,0.14394392521130978,0,0,0.0,0.7434199778646042
1786903040.7277207,2586,103.4,7,standing,standing,standing,0,0.0,0.75,0.0,0.0,0.0,0.5945503111427692,1.1180125939745005,149.56210031046112,0.0,0.0,0.0,0.0,0,0,0.0,0.0
1786903040.8298686,2587,103.44,3,bending,carrying,carrying,0,0.0,0.6327300484971847,0.11401103078797453,0.10635827716271348,0.27003742260015606,1.1265222573801503,37.96380290983108,150.55956750513423,0.030303030303030304,0.42424242424242425,1.0,0.14776452184198496,0,0,0.0,0.7558186903022308
1786903040.8303657,2587,103.44,7,unknown,unknown,unknown,0,0.0,0.3,0.03204781691288024,0.02987005377172566,0.046306302080545106,0.5727063474871988,1.3189861680332657,144.35629948561035,0.0,0.0,0.0,0.0,0,0,0.0,0.0
1786903040.8768275,2588,103.48,3,bending,walking,walking,0,0.0,0.7776144447717527,0.11328407470525155,0.10797960960182379,0.2727713456935831,1.2478772168680112,46.65686668630516,146.36093349902598,0.06060606060606061,0.3939393939393939,1.0,0.15181765819702148,0,0,0.0,0.7700999572071844
1786903041.0093389,2589,103.52,3,bending,walking,walking,0,0.0,0.9245376408967357,0.10594254658306418,0.0929218437110375,0.2612339287949198,1.3954652137128096,55.472258453804145,144.8305367927184,0.09090909090909091,0.36363636363636365,1.0,0.15468109555557352,0,0,0.0,0.7884935633470388
1786903041.073116,2590,103.56,3,bending,walking,material_handling,1,1.0,1.0,0.10176122358689818,0.08325295077146283,0.23770067057704158,1.5331083530341938,63.65095241665729,142.99345404735394,0.12121212121212122,0.3333333333333333,1.0,0.15729639678881766,1,0,0.0,0.8125631791695763
1786903041.1033692,2591,103.6,3,bending,bending,material_handling,1,1.0,1.0,0.08693602670842018,0.08011699738025137,0.2411643979596325,1.652586164301206,71.27474848682934,140.91097258296,0.15151515151515152,0.30303030303030304,1.0,0.16001489550657064,1,0,0.0,0.8417698959391532
1786903041.1536324,2592,103.64,3,bending,bending,material_handling,1,1.0,1.0,0.08985306544178509,0.07506229714716794,0.208295812063894,1.7825787712855186,77.59466251052471,140.46194807286966,0.18181818181818182,0.2727272727272727,1.0,0.16113978120546768,1,0,0.0,0.874458525243735
1786903041.2153668,2593,103.68,3,bending,bending,material_handling,1,1.0,1.0,0.06857675885825983,0.06849271555568415,0.1646688161982092,1.8613106409333704,82.26885138247916,139.71420963431882,0.21212121212121213,0.24242424242424243,1.0,0.16103801507105758,1,0,0.0,0.9092637172833394
1786903041.2517793,2594,103.72,3,bending,bending,material_handling,1,1.0,1.0,0.07103667702733199,0.07491616301804203,0.15893161071661704,1.896810320719677,85.03554026264126,140.82555571574505,0.24242424242424243,0.21212121212121213,1.0,0.16065677463762776,1,0,0.0,0.9446383319288182
1786903041.2928002,2595,103.76,3,bending,bending,material_handling,1,1.0,1.0,0.07633655448893079,0.0893967128702541,0.14129539237636907,1.9031881058027362,86.57098765872466,140.79086419679143,0.2727272727272727,0.18181818181818182,1.0,0.16001782611202683,1,0,0.0,0.979952239637712
1786903041.4428544,2596,103.8,3,bending,bending,material_handling,1,1.0,1.0,0.08881499452703744,0.08288153552794575,0.16578858514014605,1.866850536575215,87.16715440836239,139.46565037506792,0.30303030303030304,0.18181818181818182,1.0,0.1604802637423528,1,0,0.0,1.0135359000514756
1786903041.4860015,2597,103.84,3,bending,bending,material_handling,1,1.0,1.0,0.09387884080170347,0.08863501146791801,0.18620610724078934,1.856187754397204,87.29557408254935,139.40080633556403,0.3333333333333333,0.18181818181818182,1.0,0.16201417435935897,1,0,0.0,1.0471557938739493
1786903041.5692112,2598,103.88,3,bending,bending,material_handling,1,1.0,1.0,0.10622374440158573,0.08619451914108395,0.17114158862643195,1.8477127658785204,87.3670894507697,139.4565159284353,0.36363636363636365,0.18181818181818182,1.0,0.1636916310568518,1,0,0.0,1.0810506283152475
1786903041.6189427,2599,103.92,3,bending,bending,material_handling,1,1.0,1.0,0.11945316108909133,0.09737339074866802,0.22972346443519479,1.806646664743571,85.55718330858069,138.9333224240533,0.3939393939393939,0.18181818181818182,1.0,0.16729732660017627,1,0,0.0,1.113998350331057
1786903041.649352,2600,103.96,3,bending,bending,material_handling,1,1.0,1.0,0.1354506563058939,0.10331238400289049,0.2687490606644329,1.7087668155147973,81.76357225053331,139.3654982612272,0.42424242424242425,0.18181818181818182,1.0,0.1724178641842543,1,0,0.0,1.1433165002282455
1786903041.6885395,2601,104.0,3,bending,bending,material_handling,1,1.0,1.0,0.14499067457602358,0.1118103939909393,0.29869684606529906,1.5765033126276193,74.550545428299,141.48681428118627,0.45454545454545453,0.18181818181818182,1.0,0.17906789668201803,1,0,0.0,1.1678985943588054
1786903041.7346008,2602,104.04,3,bending,bending,material_handling,1,1.0,1.0,0.14810563696727236,0.12729461455816687,0.315284162652153,1.431201185504347,66.75795510878137,144.11126570028358,0.48484848484848486,0.18181818181818182,1.0,0.1861444594614235,1,0,0.0,1.1889736433781113
1786903041.7844853,2603,104.08,3,bending,bending,material_handling,1,1.0,0.9694138766267597,0.14704733219511382,0.12590432481415206,0.32678819840043893,1.276076822369689,58.16483259760558,147.1323373840541,0.5151515151515151,0.18181818181818182,1.0,0.19303368185045464,1,0,0.0,1.20552911801248
1786903041.842549,2604,104.12,3,bending,bending,material_handling,1,1.0,0.8331122273535144,0.142297431036174,0.10849916906382241,0.32639660164112094,1.1308809899275851,49.98673364121087,148.46100353243634,0.5454545454545454,0.18181818181818182,1.0,0.19957937354784355,1,0,0.0,1.217928378322463
1786903041.892728,2605,104.16,3,bending,bending,material_handling,1,1.0,0.6925070177706222,0.13008499221257475,0.11669866235537686,0.2989816777234587,0.9853965424538547,41.550421066237334,149.9711249252745,0.5757575757575758,0.18181818181818182,1.0,0.20477293620388334,1,0,0.0,1.2262331081766
1786903041.9253001,2606,104.2,3,walking,bending,material_handling,1,1.0,0.689400472887982,0.12664867641600985,0.12409208511983676,0.27323050783023883,0.8489141995399955,33.63572635013519,153.87777412565362,0.5757575757575758,0.18181818181818182,1.0,0.20906916469743902,1,0,0.0,1.2303986702787273
1786903042.0001676,2607,104.24,3,walking,bending,material_handling,1,1.0,0.6827887912492275,0.1348140155602994,0.12290198242486094,0.3007473965862567,0.7041683402385069,26.363589679349538,157.43805117373904,0.5757575757575758,0.18181818181818182,1.0,0.2144070974743426,1,0,0.0,1.229791499332679
1786903042.052002,2608,104.28,3,walking,bending,material_handling,1,1.0,0.6222485324800938,0.12709625764335622,0.11200473584641688,0.2712721719464398,0.5945792502002447,21.044169277459524,160.33554533873513,0.5757575757575758,0.18181818181818182,1.0,0.21869928841985864,1,0,0.0,1.2254794404231426
1786903042.0848517,2609,104.32,3,walking,bending,material_handling,1,1.0,0.6,0.12071771760499914,0.10369108241271147,0.2739091043267565,0.6017214036963817,21.53164283194989,162.5399480507765,0.5757575757575758,0.21212121212121213,1.0,0.22294104030653109,1,0,0.0,1.2213920531986608
1786903042.114806,2610,104.36,3,walking,walking,material_handling,1,1.0,0.6045144692497971,0.1450834726199513,0.1069164101217526,0.33325875845053465,0.7624988786824695,24.384585019853,163.16294797595313,0.5757575757575758,0.24242424242424243,1.0,0.22905075337989222,1,0,0.0,1.2221017114654629
1786903042.1753244,2611,104.4,3,walking,walking,material_handling,1,1.0,0.6554033264934085,0.15729679835841803,0.09083279598821271,0.3389730798423953,0.9562980965573982,29.479771455926056,161.42495496473626,0.5757575757575758,0.2727272727272727,1.0,0.2352946792264956,1,0,0.0,1.228537105930462
1786903042.219495,2612,104.44,3,bending,walking,material_handling,1,1.0,0.5985234593512188,0.15981259647328866,0.08082273101576692,0.3177553655975318,1.149245440937302,35.911407561073126,158.65009657943824,0.6060606060606061,0.2727272727272727,1.0,0.24115163939378267,1,0,0.0,1.2409788738168028
1786903042.262141,2613,104.48,3,bending,walking,material_handling,1,1.0,0.7130967587636289,0.15715731401801528,0.07834940896838842,0.3210864050375974,1.3351276104852268,42.785805525817736,154.93285436664857,0.6363636363636364,0.2727272727272727,1.0,0.2466141018880876,1,0,0.0,1.2595850151407877
1786903042.3121588,2614,104.52,3,bending,walking,material_handling,1,1.0,0.8324930776304955,0.15069178165427233,0.06793010454151635,0.3141254410045498,1.5232596125377922,49.94958465782973,152.53017175314562,0.6666666666666666,0.2727272727272727,1.0,0.25196789375688,1,0,0.0,1.284636654360208
1786903042.3430305,2615,104.56,3,bending,walking,material_handling,1,1.0,0.9553171059855906,0.14434444914835043,0.05600110794167544,0.30750329774462526,1.7035189213960642,57.319026359135435,149.80454406847556,0.696969696969697,0.2727272727272727,1.0,0.2570489131518064,1,0,0.0,1.3155998530306192
1786903042.4976294,2616,104.6,3,bending,bending,material_handling,1,1.0,1.0,0.13153057527912068,0.0613414852493221,0.29121409156019007,1.899421423657468,64.63923671455197,146.8687269689398,0.7272727272727273,0.2727272727272727,1.0,0.2605530901887719,1,0,0.0,1.3515586572726848
1786903042.6164672,2617,104.64,3,bending,bending,material_handling,1,1.0,1.0,0.13101156217538312,0.06327715358264124,0.27480025406323283,2.092489163457072,70.5133294858338,143.3851614672067,0.7575757575757576,0.24242424242424243,1.0,0.2623269637582895,1,0,0.0,1.3915926631134725
1786903042.6488976,2618,104.68,3,bending,bending,material_handling,1,1.0,1.0,0.13251849605832972,0.06514132511991638,0.25641416018240065,2.2465799700856315,74.58115031561223,142.02994134734678,0.7878787878787878,0.21212121212121213,1.0,0.2631007580631898,1,0,0.0,1.433445049649991
1786903042.6923697,2619,104.72,3,bending,bending,material_handling,1,1.0,1.0,0.12017497020426325,0.06426277599630749,0.2515057855352347,2.268573149347751,74.8405183559934,142.7373979839347,0.8181818181818182,0.18181818181818182,1.0,0.2627167124023598,1,0,0.0,1.4718807846924056
1786903042.742899,2620,104.76,3,bending,bending,material_handling,1,1.0,1.0,0.12529038738714557,0.06430545901704192,0.2810231265183395,2.114305907501543,71.82751411414134,144.00999866661078,0.8181818181818182,0.18181818181818182,1.0,0.2630496125210926,1,0,0.0,1.501813622574872
1786903042.8243732,2621,104.8,3,bending,bending,material_handling,1,1.0,1.0,0.11568068199299882,0.06564775102268869,0.2930946754772532,1.9302514744408559,67.041078680714,146.75047128966463,0.8181818181818182,0.18181818181818182,1.0,0.26366547099938564,1,0,0.0,1.5224916303801097
1786903042.8564115,2622,104.84,3,bending,bending,material_handling,1,1.0,1.0,0.11730630223703425,0.06433610225790411,0.283213880333288,1.7383341996713735,61.34042960407745,149.68732722453655,0.8181818181818182,0.18181818181818182,1.0,0.26433153013691196,1,0,0.0,1.5328815996515812
1786903042.9016426,2623,104.88,3,bending,bending,material_handling,1,1.0,0.9221223032186413,0.12798627019796435,0.06284687950445904,0.29735019543647634,1.5506920138411782,55.32733819311848,153.35589116532014,0.8181818181818182,0.18181818181818182,1.0,0.2661390914962888,1,0,0.0,1.5334144378578536
1786903042.9299576,2624,104.92,3,bending,bending,material_handling,1,1.0,0.8131080754820045,0.12990621013051232,0.05716826357062418,0.29556372908359163,1.364499343176011,48.78648452892027,157.54047889956686,0.8181818181818182,0.18181818181818182,1.0,0.2677875560758027,1,0,0.0,1.5246845341873931
1786903042.9604666,2625,104.96,3,bending,bending,material_handling,1,1.0,0.6956675021189447,0.12295216221154177,0.0512277051722682,0.2870908701761102,1.1873458123389946,41.74005012713668,161.70023231051545,0.8181818181818182,0.18181818181818182,1.0,0.27017528510950617,1,0,0.0,1.5066471717950742
1786903043.0300198,2626,105.0,3,walking,bending,material_handling,1,1.0,0.6,0.11475090051256452,0.04892597643425953,0.2810054162226947,0.9965162616249279,34.25620758380714,164.6072019180716,0.7878787878787878,0.21212121212121213,1.0,0.2737006366253997,1,0,0.0,1.480441281513
1786903043.0604208,2627,105.04,3,walking,bending,material_handling,1,1.0,0.6,0.09831957290573227,0.04286857531770727,0.2387169387255707,0.8017884085687745,27.019074661478168,167.84439386541058,0.7575757575757576,0.24242424242424243,1.0,0.27611837383779214,1,0,0.0,1.447258799326609
1786903043.147456,2628,105.08,3,standing,bending,material_handling,1,1.0,0.75,0.06961162676452934,0.02976599115674001,0.1454636226896146,0.6090434741762888,19.396698869824007,169.91676718189564,0.7272727272727273,0.24242424242424243,0.9696969696969697,0.2762446838472845,1,0,0.030303030303030304,1.408042295337929
1786903043.2312121,2629,105.12,3,standing,bending,material_handling,1,1.0,0.75,0.04499016548894321,0.022289512239539604,0.08652467543878804,0.45404890522058167,11.553960460354348,170.32224281519925,0.696969696969697,0.24242424242424243,0.9393939393939394,0.2738427471896676,1,0,0.06060606060606061,1.365230124690819
1786903043.2722208,2630,105.16,3,standing,bending,material_handling,1,1.0,0.75,0.04584260288327382,0.02102392077489449,0.07247690153514036,0.3948690043098505,6.723116300437742,170.88257658052575,0.6666666666666666,0.24242424242424243,0.9090909090909091,0.27039640762282974,1,0,0.09090909090909091,1.3209477383245356
1786903043.3036258,2631,105.2,3,standing,bending,material_handling,1,1.0,0.75,0.03625363009310075,0.013379443345621215,0.06374399006674838,0.3938284285363472,5.0527794399415065,170.9490031884315,0.6363636363636364,0.24242424242424243,0.8787878787878788,0.267141934939203,1,0,0.12121212121212122,1.2768906371929543
1786903043.3539114,2632,105.24,3,standing,standing,material_handling,1,1.0,0.75,0.024197956849009924,0.020518299963377815,0.0517983245102382,0.4040278961843007,3.922398174374089,171.2310108125003,0.6060606060606061,0.24242424242424243,0.8484848484848485,0.2617502640323861,1,0,0.15151515151515152,1.2343870381457038
1786903043.3856058,2633,105.28,3,standing,standing,material_handling,1,1.0,0.75,0.02230046508132259,0.0281187646383276,0.05032770421912607,0.42170126146251957,3.032604241089074,171.65782337742027,0.5757575757575758,0.24242424242424243,0.8181818181818182,0.255131435049195,1,0,0.18181818181818182,1.195385051659271
1786903043.448735,2634,105.32,3,standing,standing,material_handling,1,1.0,0.75,0.030930265180995224,0.03840294876176402,0.05346322772925812,0.4481671917044297,2.344647827376005,172.30159611418148,0.5454545454545454,0.24242424242424243,0.7878787878787878,0.2477001132814362,1,0,0.21212121212121213,1.1611930479949317
1786903043.5775084,2635,105.36,3,standing,standing,material_handling,1,1.0,0.75,0.030899676507503256,0.04190068697189055,0.06089690346703239,0.4830305068862903,1.9929597139204016,172.82456547715088,0.5151515151515151,0.24242424242424243,0.7575757575757576,0.23999140845764466,1,0,0.24242424242424243,1.1324606031883242
1786903043.6105487,2636,105.4,3,standing,standing,material_handling,1,1.0,0.75,0.03703414749771186,0.044603467280317,0.062293304244913,0.5215751276425382,1.8809874479370403,172.73036133300332,0.48484848484848486,0.24242424242424243,0.7272727272727273,0.23197641166505295,1,0,0.2727272727272727,1.1095969154693195
1786903043.656721,2637,105.44,3,standing,standing,material_handling,1,1.0,0.75,0.04468391583037167,0.05728798554089381,0.08427507464938652,0.5729264160898921,1.9907929605908588,171.956836279213,0.45454545454545453,0.24242424242424243,0.696969696969697,0.22463939569560643,1,0,0.30303030303030304,1.0926892011106017
1786903043.7094765,2638,105.48,3,carrying,standing,material_handling,1,1.0,0.679126306302981,0.05196201724776664,0.06652790136396182,0.10839685143979781,0.631877177171635,2.5833949263444893,170.96320403311074,0.42424242424242425,0.24242424242424243,0.696969696969697,0.2188640979294349,1,0,0.30303030303030304,1.0819764930717466
1786903043.7429206,2639,105.52,3,walking,standing,material_handling,1,1.0,0.6,0.05811670325431511,0.09450372235186191,0.23801315193663555,0.6784342029203081,3.3351443304219863,171.51906667651352,0.42424242424242425,0.24242424242424243,0.696969696969697,0.21779690532659843,1,0,0.30303030303030304,1.0768104325681196
1786903043.7836964,2640,105.56,3,walking,standing,material_handling,1,1.0,0.647234569092534,0.06051430962164993,0.11650222243665612,0.3444351195596764,0.7341557192251738,3.61901310302826,171.70191843203497,0.42424242424242425,0.24242424242424243,0.696969696969697,0.21912077571973237,1,0,0.30303030303030304,1.0777191410222609
1786903043.8918686,2641,105.6,3,walking,standing,material_handling,1,1.0,0.7115785642422577,0.07368488521304838,0.1280841415636064,0.38268415877250245,0.7862135785593364,3.9123265013663078,172.45794352991314,0.42424242424242425,0.24242424242424243,0.696969696969697,0.22249689653264335,1,0,0.30303030303030304,1.0835262418816274
1786903043.9365954,2642,105.64,3,walking,standing,material_handling,1,1.0,0.8000102346550845,0.08304571253064214,0.1440018422379152,0.4181540939600137,0.8435298128611166,3.991100233073662,172.9297396830627,0.42424242424242425,0.24242424242424243,0.696969696969697,0.22686795682456024,1,0,0.30303030303030304,1.090853769432074
1786903043.968624,2643,105.68,3,walking,walking,material_handling,1,1.0,0.8087446817868537,0.07676389556670792,0.14557404272163366,0.4168408188192786,0.9005926776274613,3.8365815703379864,173.08827171647243,0.42424242424242425,0.24242424242424243,0.696969696969697,0.22940074653270398,1,0,0.30303030303030304,1.0950384300061649
1786903044.017045,2644,105.72,3,walking,walking,material_handling,1,1.0,0.7952897204130313,0.08158369583277053,0.1431521496743456,0.42092990818902454,0.939732224814722,3.9562315541976254,172.44575913939292,0.42424242424242425,0.24242424242424243,0.696969696969697,0.23188428678563214,1,0,0.30303030303030304,1.0945364338927503
1786903044.0579047,2645,105.76,3,walking,walking,material_handling,1,1.0,0.8893365984540261,0.08303900648786944,0.1600805877217247,0.42860624904930733,0.9709365761314863,3.9581630563200156,169.62804564916374,0.3939393939393939,0.2727272727272727,0.696969696969697,0.235243404465989,1,0,0.30303030303030304,1.0891331349592408
1786903044.090433,2646,105.8,3,walking,walking,material_handling,1,1.0,0.881467260067739,0.07981019582794238,0.158664106812193,0.4156864658382819,1.0040987953932012,4.0480998859693305,165.0619282148722,0.36363636363636365,0.30303030303030304,0.696969696969697,0.23811007297510065,1,0,0.30303030303030304,1.079101958744331
1786903044.1503608,2647,105.84,3,walking,walking,material_handling,1,1.0,0.9152752258440592,0.07606379860184195,0.16474954065193065,0.3949900555925038,1.024444465678094,3.9733435975091664,163.85332561632214,0.3333333333333333,0.3333333333333333,0.696969696969697,0.24056051584140228,1,0,0.30303030303030304,1.063986348233431
1786903044.1810606,2648,105.88,3,walking,walking,material_handling,1,1.0,0.7865127731678654,0.07149007773302056,0.14157229917021577,0.27338050686330007,1.0295993871198303,3.3579459739590214,163.45736125350297,0.30303030303030304,0.36363636363636365,0.696969696969697,0.2395264918753015,1,0,0.30303030303030304,1.043564544164454
1786903044.2120566,2649,105.92,3,carrying,walking,material_handling,1,1.0,0.9,0.0699956472391232,0.12393247326070399,0.16555427181926674,1.0504265770745025,2.589451195092739,162.37497076209743,0.2727272727272727,0.36363636363636365,0.696969696969697,0.235718618549819,1,0,0.30303030303030304,1.017837427601334
1786903044.2855296,2650,105.96,3,carrying,walking,material_handling,1,1.0,0.9,0.05761902163891164,0.10837581606496847,0.12443610183395726,1.057513160753468,2.405415409752401,162.0008033058789,0.24242424242424243,0.36363636363636365,0.696969696969697,0.2311621290883258,1,0,0.30303030303030304,0.9864745184284974
1786903044.3165193,2651,106.0,3,walking,walking,material_handling,1,1.0,0.6,0.045773147040340884,0.08573124687846681,0.1067081753439907,1.0427333043158784,2.1160640587485378,161.1512783054507,0.21212121212121213,0.3939393939393939,0.696969696969697,0.22662558409322248,1,0,0.30303030303030304,0.9499943164354745
1786903044.3474252,2652,106.04,3,walking,walking,material_handling,1,1.0,0.6,0.04069910530289999,0.07502465199865728,0.10617085838587123,1.025655462253135,2.1607001819411997,160.60941373193367,0.18181818181818182,0.42424242424242425,0.696969696969697,0.2222214953917266,1,0,0.30303030303030304,0.912330144099274
1786903044.4029949,2653,106.08,3,walking,walking,material_handling,1,1.0,0.6,0.03512197075559066,0.07457235452950094,0.13270645906305478,0.9818337948919187,2.727586739037002,160.2269519116388,0.15151515151515152,0.45454545454545453,0.696969696969697,0.21772705092338465,1,0,0.30303030303030304,0.8780128073535279
1786903044.4349666,2654,106.12,3,standing,walking,material_handling,1,1.0,0.75,0.028829685994561576,0.05553852257288661,0.13724768249095942,0.942189648742444,3.3066122814389005,160.24832371170334,0.12121212121212122,0.45454545454545453,0.6666666666666666,0.21300441477228482,1,0,0.3333333333333333,0.8480715399081215
1786903044.4660783,2655,106.16,3,standing,walking,walking,0,0.0,0.75,0.025674450592172073,0.047791352471229,0.15827444732762783,0.8964760356844563,4.061521709069622,162.670492339688,0.09090909090909091,0.45454545454545453,0.6363636363636364,0.20921837134787089,0,0,0.36363636363636365,0.8225606864539726
1786903044.537575,2656,106.2,3,standing,walking,walking,0,0.0,0.75,0.021845957864741174,0.03354551517450157,0.176017393635567,0.8323589056620072,4.616693945796655,167.60672050114084,0.06060606060606061,0.45454545454545453,0.6060606060606061,0.20554161977814636,0,0,0.3939393939393939,0.8007930165091492
1786903044.6264367,2657,106.24,3,standing,walking,walking,0,0.0,0.75,0.020787680454789365,0.02674474502936043,0.18721387358754363,0.7528429399622288,5.248736383323148,169.69901994193373,0.030303030303030304,0.45454545454545453,0.5757575757575758,0.20225829082372068,0,0,0.42424242424242425,0.7822579739875194
1786903044.6595252,2658,106.28,3,standing,standing,standing,0,0.0,0.75,0.018158296917340885,0.024014445175192557,0.1964343631358132,0.680023261341381,5.808070302016848,171.3415994891783,0.0,0.45454545454545453,0.5454545454545454,0.19951112394371168,0,0,0.45454545454545453,0.766884563351228
1786903044.7189913,2659,106.32,3,standing,standing,standing,0,0.0,0.75,0.01745505318428591,0.02172268675883292,0.20169069664472075,0.6022904550805795,6.280597041580568,172.08190025854228,0.0,0.42424242424242425,0.5151515151515151,0.19710764759286398,0,0,0.48484848484848486,0.7549383267892782
1786903044.748367,2660,106.36,3,standing,standing,standing,0,0.0,0.75,0.01680310549133586,0.020686301038362363,0.18014139566099888,0.5259038658698361,6.435978728153282,172.59131435856705,0.0,0.3939393939393939,0.48484848484848486,0.19533263113636182,0,0,0.5151515151515151,0.7465781891317345
1786903044.7890742,2661,106.4,3,standing,standing,standing,0,0.0,0.75,0.015738301120001366,0.019238570335598126,0.1739452142692629,0.47413901718636825,6.479639917877037,172.96451891362648,0.0,0.3939393939393939,0.48484848484848486,0.19619570966907837,0,0,0.5151515151515151,0.7424901752835551
1786903044.8357358,2662,106.44,3,idle,standing,standing,0,0.0,0.85,0.013219958834954644,0.019400995816119364,0.13180550602777044,0.41727087017610154,6.484331756557528,173.24301042704525,0.0,0.3939393939393939,0.48484848484848486,0.1975678560505627,0,0,0.5151515151515151,0.7413756893731164
1786903044.864363,2663,106.48,3,standing,standing,standing,0,0.0,0.75,0.014400316277500705,0.024481948596040637,0.11963178962249205,0.3911723044041465,6.252914103776082,173.2952379380928,0.0,0.3939393939393939,0.48484848484848486,0.19899679205320975,0,0,0.5151515151515151,0.7412636681638526
1786903044.8929095,2664,106.52,3,standing,standing,standing,0,0.0,0.75,0.014911667542107217,0.029559990928475468,0.09178226632297204,0.37262830286970583,5.943555466372024,172.905674122189,0.0,0.3939393939393939,0.48484848484848486,0.19984643678824682,0,0,0.5151515151515151,0.7406212401133483
1786903044.952629,2665,106.56,3,standing,standing,standing,0,0.0,0.75,0.022139973242988085,0.04720440481939874,0.0729570955827715,0.35425343795438996,5.6179437279586395,171.17488753735816,0.0,0.3939393939393939,0.48484848484848486,0.20048761166923268,0,0,0.5151515151515151,0.7391129231972905
1786903044.9994688,2666,106.6,3,standing,standing,standing,0,0.0,0.75,0.028304379324563558,0.056687899028439785,0.059418812070511126,0.34815146451821305,5.197037105966867,168.9213068847637,0.0,0.3939393939393939,0.48484848484848486,0.2007630997859413,0,0,0.5151515151515151,0.7368841414717054
1786903045.0299826,2667,106.64,3,walking,standing,standing,0,0.0,0.6,0.03545019420214185,0.062002622439049054,0.05412952910699133,0.35728129064407843,4.683612387614168,166.59025225159294,0.0,0.42424242424242425,0.5151515151515151,0.20078329073678172,0,0,0.48484848484848486,0.7341300232577553
1786903045.0889301,2668,106.68,3,walking,standing,standing,0,0.0,0.6,0.047095723967037546,0.06684325817445097,0.05766843030882322,0.367356012783406,4.421539071325571,165.15658914600138,0.0,0.45454545454545453,0.5454545454545454,0.20068545821683595,0,0,0.45454545454545453,0.7306247355576679
1786903045.1444738,2669,106.72,3,walking,standing,standing,0,0.0,0.6,0.06256861772278656,0.07107071669622828,0.06891434661846736,0.37820077947288006,4.150994411105038,164.85669881608916,0.0,0.48484848484848486,0.5757575757575758,0.20088609586451944,0,0,0.42424242424242425,0.7262800583404055
1786903045.1868646,2670,106.76,3,walking,standing,standing,0,0.0,0.6,0.07589510463202839,0.07375606482146574,0.07814008510621143,0.38579780106482897,3.912536298432945,164.82695265286512,0.0,0.5151515151515151,0.6060606060606061,0.20070018709048384,0,0,0.3939393939393939,0.7206094942487369
1786903045.2537208,2671,106.8,3,walking,walking,walking,0,0.0,0.6,0.0886994128742609,0.0794390644226585,0.09567332551476807,0.39662494107143076,3.499983142587672,165.28879060751717,0.0,0.5454545454545454,0.6060606060606061,0.20031462569881628,0,0,0.3939393939393939,0.7134806386093367
1786903045.2854562,2672,106.84,3,walking,walking,walking,0,0.0,0.6,0.09377989762676696,0.08509600940755646,0.11919909466502648,0.40282175336633286,3.3023408450344904,165.05313603489404,0.0,0.5454545454545454,0.6060606060606061,0.1967141997208887,0,0,0.3939393939393939,0.7051287461986102
1786903045.381941,2673,106.88,3,walking,walking,walking,0,0.0,0.6,0.09910279653538487,0.08989751866101615,0.1238194236666092,0.40753273612988494,3.2477764345717546,164.35462239666035,0.0,0.5454545454545454,0.6060606060606061,0.19002887560291698,0,0,0.3939393939393939,0.6952310800442075
1786903045.429321,2674,106.92,3,walking,walking,walking,0,0.0,0.6,0.09904250001977698,0.08555120839132484,0.12892439303266012,0.4096237123618439,3.210328866382084,163.95780290439552,0.0,0.5454545454545454,0.6060606060606061,0.1823391857320127,0,0,0.3939393939393939,0.6838192659170108
1786903045.4610956,2675,106.96,3,walking,walking,walking,0,0.0,0.6,0.09562308895017806,0.08858958996074005,0.12336189829607992,0.4142494802960598,2.968630133347253,164.72751577040736,0.0,0.5454545454545454,0.6060606060606061,0.17340608889371165,0,0,0.3939393939393939,0.670810770990797
1786903045.503101,2676,107.0,3,walking,walking,walking,0,0.0,0.6,0.09105115504522444,0.08906880985264294,0.11693364300897732,0.41855354126102073,2.807640038555385,166.12250563670423,0.0,0.5454545454545454,0.6060606060606061,0.16431799265703584,0,0,0.3939393939393939,0.6562035244342381
1786903045.6473687,2677,107.04,3,walking,walking,walking,0,0.0,0.6,0.0829439799455322,0.08654260042954502,0.10816457931730275,0.4212869878723288,2.6177612230347784,168.0666401924595,0.0,0.5454545454545454,0.6060606060606061,0.15484025541849886,0,0,0.3939393939393939,0.6404930627087112
1786903045.6791246,2678,107.08,3,walking,walking,walking,0,0.0,0.6,0.07022546401734539,0.08312797196438085,0.09672114000982375,0.42361783735417147,2.2999709461805877,168.84907316397886,0.0,0.5454545454545454,0.6060606060606061,0.14478313090215084,0,0,0.3939393939393939,0.6239076463821259
1786903045.744394,2679,107.12,3,walking,walking,walking,0,0.0,0.6,0.058178740380313024,0.08453307734820709,0.0877962867656412,0.4231467482218164,2.1299596863484473,168.58797453202317,0.0,0.5454545454545454,0.6060606060606061,0.1348470648696466,0,0,0.3939393939393939,0.6063030388920839
1786903045.8179588,2680,107.16,3,walking,walking,walking,0,0.0,0.6,0.04780962455580962,0.08207180688371976,0.07353114681441814,0.4215386740063506,2.180255597223577,168.11359959147185,0.0,0.5454545454545454,0.6060606060606061,0.12510588581576523,0,0,0.3939393939393939,0.5880331664171825
1786903045.8473954,2681,107.2,3,walking,walking,walking,0,0.0,0.6,0.04218844081252424,0.07558193769929639,0.04600147478846468,0.4135692375515155,2.3651102252010356,167.28972732832744,0.0,0.5454545454545454,0.6060606060606061,0.11821561211652776,0,0,0.3939393939393939,0.5693655861272336
1786903045.8785594,2682,107.24,3,walking,walking,walking,0,0.0,0.6,0.036989400767614776,0.06680576990414473,0.04005112098659721,0.40909886643691984,2.189401593961343,166.96769358437083,0.0,0.5757575757575758,0.6060606060606061,0.1144124863337196,0,0,0.3939393939393939,0.54993141307761
1786903045.9294949,2683,107.28,3,standing,walking,walking,0,0.0,0.75,0.030329363444122643,0.05579922868784796,0.03313836940791928,0.4024570350983148,1.7991339767473036,167.37732881030144,0.0,0.5757575757575758,0.5757575757575758,0.11164588838141543,0,0,0.42424242424242425,0.5300812274516962
1786903045.9757109,2684,107.32,3,standing,walking,walking,0,0.0,0.75,0.02806117471275245,0.044322118404598945,0.03079069573876518,0.39719517165691937,1.4004588592291214,168.06656371197238,0.0,0.5454545454545454,0.5454545454545454,0.1093453586964086,0,0,0.45454545454545453,0.5105194658559701
1786903046.0065014,2685,107.36,3,standing,walking,walking,0,0.0,0.75,0.027372964953382744,0.037137762677165204,0.030684131092543594,0.3882852468867736,1.2365091870242175,168.5975662648604,0.0,0.5151515151515151,0.5151515151515151,0.10705788211176227,0,0,0.48484848484848486,0.49120521690547436
1786903046.0538876,2686,107.4,3,standing,walking,walking,0,0.0,0.75,0.02608048394205657,0.0339612433929601,0.029474033558126278,0.3809937001559203,1.1713368284516972,169.17443379380362,0.0,0.48484848484848486,0.48484848484848486,0.10392962679343112,0,0,0.5151515151515151,0.4729979413074138
1786903046.0848975,2687,107.44,3,standing,standing,standing,0,0.0,0.75,0.02621048016489445,0.03337213669597909,0.031108044278648075,0.37452783083742935,1.3592462724794294,169.53737913380627,0.0,0.48484848484848486,0.48484848484848486,0.10071327412033078,0,0,0.5151515151515151,0.4557960680375649
1786903046.133295,2688,107.48,3,standing,standing,standing,0,0.0,0.75,0.026775870656643573,0.02961079210809054,0.029689056031749213,0.3680184032259851,1.7419954129292747,169.95976208978126,0.0,0.48484848484848486,0.48484848484848486,0.09681674711136477,0,0,0.5151515151515151,0.43978220038730814
1786903046.2709863,2689,107.52,3,standing,standing,standing,0,0.0,0.75,0.024033123058703552,0.025353713020256383,0.023430060673085427,0.3628831597356757,2.1078924908625263,170.31081818481002,0.0,0.48484848484848486,0.48484848484848486,0.09219288853674411,0,0,0.5151515151515151,0.42555566263196476
1786903046.3075304,2690,107.56,3,standing,standing,standing,0,0.0,0.75,0.023389249896788023,0.021206051557801014,0.024071285590124895,0.3588334733502626,2.3634243186809307,170.39858008569018,0.0,0.48484848484848486,0.48484848484848486,0.08724917374894355,0,0,0.5151515151515151,0.41361598182554155
1786903046.3372395,2691,107.6,3,standing,standing,standing,0,0.0,0.75,0.021437351618838557,0.016481693655902043,0.024678419974827715,0.35386772618469137,2.6294560340581192,170.53699469337693,0.0,0.48484848484848486,0.48484848484848486,0.08204444819861066,0,0,0.5151515151515151,0.40373248076018736
1786903046.4198637,2692,107.64,3,standing,standing,standing,0,0.0,0.75,0.020968051179422947,0.012836762422758184,0.023527512173807996,0.34994796826910973,3.0399961204664065,170.64351352774256,0.0,0.48484848484848486,0.48484848484848486,0.0766455638207042,0,0,0.5151515151515151,0.3960857387355974
1786903046.4795914,2693,107.68,3,standing,standing,standing,0,0.0,0.75,0.01867169503869897,0.012589291769652962,0.020242212867980367,0.34578263129291775,3.5539168049623533,170.4957166337045,0.0,0.48484848484848486,0.48484848484848486,0.07180013403909757,0,0,0.5151515151515151,0.3906275195059937
1786903046.5275195,2694,107.72,3,standing,standing,standing,0,0.0,0.75,0.015587022096552506,0.011509979682564401,0.018602756991707946,0.3410698456925,4.14946968476602,170.07950921170493,0.0,0.48484848484848486,0.48484848484848486,0.06709278684886866,0,0,0.5151515151515151,0.38659512036981597
1786903046.6489413,2695,107.76,3,idle,standing,standing,0,0.0,0.85,0.012902523545863166,0.010854211603363655,0.018104626533643406,0.3384347321595448,4.657935548845213,169.90962943248445,0.0,0.48484848484848486,0.48484848484848486,0.06364730565207691,0,0,0.5151515151515151,0.3842061464905263
1786903046.6781945,2696,107.8,3,idle,standing,standing,0,0.0,0.85,0.00982294736587496,0.010312253082782925,0.01545543503782716,0.3358865271960122,5.147786160052131,169.5560630699486,0.0,0.48484848484848486,0.48484848484848486,0.06049044642223858,0,0,0.5151515151515151,0.3825308199084616
1786903046.7098117,2697,107.84,3,idle,standing,standing,0,0.0,0.85,0.007596482629270068,0.009254426320648807,0.014832173455552298,0.3336438973679785,5.504446277683082,169.23786901251364,0.0,0.48484848484848486,0.48484848484848486,0.05815862542625617,0,0,0.5151515151515151,0.3813494742871972
1786903046.8781133,2698,107.88,3,idle,standing,standing,0,0.0,0.85,0.007061934479185132,0.00914575858453421,0.01531476300559071,0.33138856877044714,5.787398512375853,168.90690535492254,0.0,0.48484848484848486,0.48484848484848486,0.056411888075432515,0,0,0.5151515151515151,0.3806565994634413
1786903046.9160047,2699,107.92,3,idle,idle,idle,0,0.0,0.85,0.005141743422124715,0.007526178612285084,0.012808656731186691,0.329639774066807,5.968921909424375,168.68514182535694,0.0,0.48484848484848486,0.48484848484848486,0.05499945912575601,0,0,0.5151515151515151,0.38009563914673206
1786903046.967413,2700,107.96,3,idle,idle,idle,0,0.0,0.85,0.004588352218203885,0.00724816218319673,0.010249625808861922,0.32965652560993336,6.161287072091932,168.5608194188297,0.0,0.45454545454545453,0.45454545454545453,0.053669765086418755,0,0,0.5454545454545454,0.37925852505478824
1786903047.0457335,2701,108.0,3,idle,idle,idle,0,0.0,0.85,0.0036191306180583913,0.007357581439901619,0.009533126329704013,0.3318299619476909,6.344267352562139,168.2981008319999,0.0,0.42424242424242425,0.42424242424242425,0.05221111951129393,0,0,0.5757575757575758,0.37818197805976667
1786903047.0845838,2702,108.04,3,idle,idle,idle,0,0.0,0.85,0.003091322274325636,0.006131368140173614,0.009509408583567823,0.3331479703910913,6.482045136760627,168.16547659898515,0.0,0.3939393939393939,0.3939393939393939,0.05041096987387273,0,0,0.6060606060606061,0.37681674142092453
1786903047.1132565,2703,108.08,3,idle,idle,idle,0,0.0,0.85,0.0032682023487978066,0.0061201021709025765,0.009603315934952407,0.3335896730741858,6.572803253839856,168.17650957697813,0.0,0.36363636363636365,0.36363636363636365,0.04833409808080428,0,0,0.6363636363636364,0.3752346769363596
1786903047.1649413,2704,108.12,3,idle,idle,idle,0,0.0,0.85,0.0029414474284574204,0.006241082992876589,0.008988637770893707,0.33329962637992405,6.6328310594174935,168.28773005405873,0.0,0.3333333333333333,0.3333333333333333,0.04570728936129293,0,0,0.6666666666666666,0.3733157280063139
1786903047.1945088,2705,108.16,3,idle,idle,idle,0,0.0,0.85,0.0031535766052466453,0.006039688968903684,0.0089256925745561,0.3323099256353189,6.703898660123715,168.37863872610689,0.0,0.30303030303030304,0.30303030303030304,0.042365671116127164,0,0,0.696969696969697,0.37117900595385894
1786903047.22769,2706,108.2,3,idle,idle,idle,0,0.0,0.85,0.0030137891415920157,0.006265587614658546,0.008316186797067743,0.33085428024114233,6.718493503226472,168.49879117724308,0.0,0.2727272727272727,0.2727272727272727,0.03886557302917137,0,0,0.7272727272727273,0.36885541638147284
1786903047.3032737,2707,108.24,3,idle,idle,idle,0,0.0,0.85,0.0025081611035873887,0.0061088967850562274,0.0086334212362683,0.3301601270081256,6.747770434891258,168.52201941138827,0.0,0.24242424242424243,0.24242424242424243,0.03522039206564433,0,0,0.7575757575757576,0.36644742894651167
1786903047.334597,2708,108.28,3,idle,idle,idle,0,0.0,0.85,0.0028478003653730913,0.006561323673386173,0.008335801331541767,0.3298698646104943,6.7729938378000485,168.57841995693838,0.0,0.21212121212121213,0.21212121212121213,0.03173475276368864,0,0,0.7878787878787878,0.3638904708954339
1786903047.436967,2709,108.32,3,idle,idle,idle,0,0.0,0.85,0.0027296887946408866,0.007373751485480116,0.008459840963770037,0.3297913111828727,6.82503019630421,168.66160587879972,0.0,0.18181818181818182,0.18181818181818182,0.02844766785322781,0,0,0.8181818181818182,0.36120070634761126
1786903047.5031927,2710,108.36,3,idle,idle,idle,0,0.0,0.85,0.0038151378320511495,0.00859279281808728,0.007898012985735243,0.3292033086798432,6.862093940505157,168.70855904963096,0.0,0.15151515151515152,0.15151515151515152,0.025409287055301523,0,0,0.8484848484848485,0.3584102918266269
1786903047.5362785,2711,108.4,3,idle,idle,idle,0,0.0,0.85,0.00391084032429678,0.008779749174206005,0.008091169330067713,0.3287416066980266,6.871839082815832,168.76231131582117,0.0,0.12121212121212122,0.12121212121212122,0.02272353036803619,0,0,0.8787878787878788,0.35553525453401635
1786903047.566751,2712,108.44,3,idle,idle,idle,0,0.0,0.85,0.004040963588322692,0.00866391630391488,0.007377270217108154,0.3277031868927964,6.841601164580053,168.74422532642,0.0,0.09090909090909091,0.09090909090909091,0.020286590472626098,0,0,0.9090909090909091,0.352643025402834
1786903047.6565726,2713,108.48,3,idle,idle,idle,0,0.0,0.85,0.003914059392890126,0.008875465438463083,0.007747738994383651,0.32753366220412916,6.818340590534727,168.63717603578692,0.0,0.06060606060606061,0.06060606060606061,0.01829315387201899,0,0,0.9393939393939394,0.34979438868155455
1786903047.703491,2714,108.52,3,idle,idle,idle,0,0.0,0.85,0.0038156387317317985,0.008749130640836994,0.008165915939606142,0.3263460648744759,6.75018285702877,168.6200854540486,0.0,0.030303030303030304,0.030303030303030304,0.017146621785689948,0,0,0.9696969696969697,0.34715126223679577
1786903047.7328033,2715,108.56,3,idle,idle,idle,0,0.0,0.85,0.003966633175819559,0.009126627846593792,0.008307310465581362,0.3260014402060092,6.677163299598872,168.59908138217867,0.0,0.0,0.0,0.01618468813353795,0,0,1.0,0.3446331584116166
1786903047.8158405,2716,108.6,3,idle,idle,idle,0,0.0,0.85,0.003942707900070928,0.008700434438903809,0.0070800291464779685,0.32523847918547877,6.65885147945545,168.57459781225447,0.0,0.0,0.0,0.01539504145894882,0,0,1.0,0.34229320217183373
1786903047.8458183,2717,108.64,3,idle,idle,idle,0,0.0,0.85,0.0037916138602324726,0.0075791579791222325,0.007350476569983,0.3243485678528432,6.630766887667134,168.56705174115538,0.0,0.0,0.0,0.01468473178716754,0,0,1.0,0.340085729329286
1786903047.8993273,2718,108.68,3,idle,idle,idle,0,0.0,0.85,0.004221469442955875,0.006851513161637885,0.007028348956036343,0.3232231479828548,6.583141014077354,168.50552607576344,0.0,0.0,0.0,0.013967889904243079,0,0,1.0,0.33811415057462174
1786903047.9628725,2719,108.72,3,idle,idle,idle,0,0.0,0.85,0.003851172498624455,0.005992084247326466,0.00751942852159704,0.3217944113767794,6.534759716646714,168.55869186816227,0.0,0.0,0.0,0.013302598842530072,0,0,1.0,0.33632023273282957
1786903047.9937935,2720,108.76,3,idle,idle,idle,0,0.0,0.85,0.003933868285157551,0.006105585584997193,0.007312290479643182,0.3210889539105012,6.479464045698499,168.6107844404468,0.0,0.0,0.0,0.012581515394075376,0,0,1.0,0.3347008728259529
1786903048.024697,2721,108.8,3,idle,idle,idle,0,0.0,0.85,0.0035607972508294814,0.005995006314452758,0.006939476064639629,0.3202486015363986,6.450257563707014,168.62547667921802,0.0,0.0,0.0,0.011892134182950846,0,0,1.0,0.33325330307778367
1786903048.073076,2722,108.84,3,idle,idle,idle,0,0.0,0.85,0.0036463043972115743,0.005562499680532702,0.006539373597511492,0.3192407822926064,6.428232552907474,168.55361359964147,0.0,0.0,0.0,0.011380295180660725,0,0,1.0,0.33193080679163006
1786903048.1195333,2723,108.88,3,idle,idle,idle,0,0.0,0.85,0.003830881941625164,0.005648966615325561,0.0063786401027501605,0.3186449787544955,6.394523264024423,168.56303020718795,0.0,0.0,0.0,0.010844154408316037,0,0,1.0,0.33071297362206137
1786903048.1522262,2724,108.92,3,idle,idle,idle,0,0.0,0.85,0.0035285558014287116,0.0053675305983433294,0.006700316384756817,0.31877200307091413,6.432882188324228,168.5552362630604,0.0,0.0,0.0,0.0102993633904351,0,0,1.0,0.32964946686103774
1786903048.2618585,2725,108.96,3,idle,idle,idle,0,0.0,0.85,0.0037813990499003794,0.005235953068209568,0.007062819322424349,0.31877100835536754,6.443691347804593,168.44535571404754,0.0,0.0,0.0,0.009800433304029537,0,0,1.0,0.3287047105000154
1786903048.2934556,2726,109.0,3,idle,idle,idle,0,0.0,0.85,0.0037551379362506967,0.005966532174387883,0.006714908584195378,0.3191991649803521,6.4353533422503375,168.34573205457997,0.0,0.0,0.0,0.009390514992399686,0,0,1.0,0.32789915091478605
1786903048.3532944,2727,109.04,3,idle,idle,idle,0,0.0,0.85,0.003588855503702531,0.0059476955308204625,0.007087156457523586,0.3192240100077862,6.433594127826455,168.25211412092605,0.0,0.0,0.0,0.009041557400454705,0,0,1.0,0.3272371558940372
1786903048.4026368,2728,109.08,3,idle,idle,idle,0,0.0,0.85,0.00307034055802954,0.006399338619162854,0.006896346733819428,0.3190848231497404,6.438368710839495,168.15441195169313,0.0,0.0,0.0,0.008701912558035797,0,0,1.0,0.3266507950149522
1786903048.4357219,2729,109.12,3,idle,idle,idle,0,0.0,0.85,0.0028946732219491188,0.006347593907043331,0.006512463689368606,0.319199636405614,6.463409559549012,167.96897739666863,0.0,0.0,0.0,0.008430913426264326,0,0,1.0,0.32614513165766734
1786903048.464744,2730,109.16,3,idle,idle,idle,0,0.0,0.85,0.0030437481460769363,0.0066981196786658976,0.006542274659081846,0.31872059159104327,6.476155510238298,167.80270257711345,0.0,0.0,0.0,0.008179704371825828,0,0,1.0,0.3256929102704875
1786903048.5536187,2731,109.2,3,idle,idle,idle,0,0.0,0.85,0.003108208712922537,0.007048585623892997,0.006707060011107521,0.3187364563052934,6.508640943864782,167.684410770103,0.0,0.0,0.0,0.00791886488714452,0,0,1.0,0.3253095129230586
1786903048.5931468,2732,109.24,3,idle,idle,idle,0,0.0,0.85,0.0033489481292718337,0.007486099022154145,0.006145780742144648,0.3188340002272606,6.565019102548794,167.62018882875026,0.0,0.0,0.0,0.007716959554143244,0,0,1.0,0.3249820652309512
1786903048.6244588,2733,109.28,3,idle,idle,idle,0,0.0,0.85,0.003530336538355474,0.0072213088400778684,0.005763721899437178,0.3186384853444525,6.617546603425072,167.45152086594004,0.0,0.0,0.0,0.007581023072039465,0,0,1.0,0.3246481852229063
1786903048.6832006,2734,109.32,3,idle,idle,idle,0,0.0,0.85,0.003544259436015995,0.008187873311259418,0.005762168136781231,0.31849614960945816,6.624525169573377,167.26984555735294,0.0,0.0,0.0,0.007466751611647865,0,0,1.0,0.3242441303035659
1786903048.7171185,2735,109.36,3,idle,idle,idle,0,0.0,0.85,0.003439295026349243,0.008010596195232863,0.006258058073975202,0.31792122779883464,6.645422357468767,167.17770292555383,0.0,0.0,0.0,0.007368225838629907,0,0,1.0,0.32378271386137625
1786903048.7632596,2736,109.4,3,idle,idle,idle,0,0.0,0.85,0.0036397784885217263,0.008087562160360502,0.006208412516467723,0.3176441911263414,6.666338812038933,167.05965251087622,0.0,0.0,0.0,0.0072653499774637045,0,0,1.0,0.3232995174387144
1786903048.828945,2737,109.44,3,idle,idle,idle,0,0.0,0.85,0.003784100201149541,0.007743722705405329,0.006123002078892433,0.31723177960312804,6.741630864003321,167.01096235269685,0.0,0.0,0.0,0.007178512532251545,0,0,1.0,0.3228126129909326
1786903048.877178,2738,109.48,3,idle,idle,idle,0,0.0,0.85,0.00394695209928117,0.007465828585991086,0.00659021422569271,0.31810362587364044,6.802197556594706,166.92279322919836,0.0,0.0,0.0,0.007107740461073865,0,0,1.0,0.32238211905876063
1786903048.9203293,2739,109.52,3,idle,idle,idle,0,0.0,0.85,0.004377567287582078,0.006985899627153906,0.006533524675284999,0.3184760220763094,6.8238426207629574,166.88780311434434,0.0,0.0,0.0,0.007053720396777419,0,0,1.0,0.32200702032649287
1786903048.987696,2740,109.56,3,idle,idle,idle,0,0.0,0.85,0.00444251648987698,0.00694947418557714,0.006151958999638528,0.31924516061033686,6.87685325100469,166.86329691168902,0.0,0.0,0.0,0.006978524571425002,0,0,1.0,0.3216762637689842
1786903049.0282874,2741,109.6,3,idle,idle,idle,0,0.0,0.85,0.004412283495944857,0.006871357851462801,0.006576577563691047,0.32008920337357394,6.90127756437618,166.82815419773306,0.0,0.0,0.0,0.0069252147602780105,0,0,1.0,0.32137988009513807
1786903049.0612342,2742,109.64,3,idle,idle,idle,0,0.0,0.85,0.004560949788788304,0.0071152716835324314,0.006707787338969118,0.32095491441165036,6.938978867056271,166.8453870560497,0.0,0.0,0.0,0.006872122226193135,0,0,1.0,0.3211121104960102
1786903049.1093574,2743,109.68,3,idle,idle,idle,0,0.0,0.85,0.0043030407503577605,0.0063620226573035295,0.006817503450832936,0.3215201653218525,6.95893965494966,166.90815759382846,0.0,0.0,0.0,0.0068393795130142765,0,0,1.0,0.3208792879700104
1786903049.1396065,2744,109.72,3,idle,idle,idle,0,0.0,0.85,0.004072332155425792,0.0066876390931026155,0.006624464999134568,0.3223809130353121,6.998603812069044,166.98059052380853,0.0,0.0,0.0,0.006794933927228424,0,0,1.0,0.3206865396772009
1786903049.1834433,2745,109.76,3,idle,idle,idle,0,0.0,0.85,0.004004860530205172,0.006761914642782254,0.0065357622451853075,0.3226965841611874,7.04214609935663,167.12340323660214,0.0,0.0,0.0,0.006769433685655004,0,0,1.0,0.32053482444290976
1786903049.2876918,2746,109.8,3,idle,idle,idle,0,0.0,0.85,0.003983388766140846,0.006262820604880961,0.006880420294215435,0.3226234076011634,7.105933859059483,167.19309324503843,0.0,0.0,0.0,0.006743151300801422,0,0,1.0,0.32038602884888046
1786903049.317378,2747,109.84,3,idle,idle,idle,0,0.0,0.85,0.0038626722703527347,0.006729172300973456,0.006542033814029787,0.322922756749621,7.115760519936292,167.1725833840896,0.0,0.0,0.0,0.006693942751541532,0,0,1.0,0.32028229223903637
1786903049.395133,2748,109.88,3,idle,idle,idle,0,0.0,0.85,0.0033841002218804577,0.007087872268076207,0.006429209854662308,0.32251598527526343,7.1430609031888626,167.2303685150015,0.0,0.0,0.0,0.006637030611816712,0,0,1.0,0.3201766723926502
1786903049.4826705,2749,109.92,3,idle,idle,idle,0,0.0,0.85,0.003342372553114068,0.006824170216423692,0.00668753598083647,0.32239529533960615,7.176719668510695,167.21626409044734,0.0,0.0,0.0,0.0066251368795245446,0,0,1.0,0.3200905153064116
1786903049.533725,2750,109.96,3,idle,idle,idle,0,0.0,0.85,0.0034877181865709092,0.006560201917556675,0.007269971193992207,0.3225432238619103,7.211271409029928,167.11859538130437,0.0,0.0,0.0,0.006622697322676339,0,0,1.0,0.32003580791274694
1786903049.601945,2751,110.0,3,idle,idle,idle,0,0.0,0.85,0.0034104136142799907,0.006259593125858284,0.00751441350865848,0.3225019757750022,7.252315641636277,167.10970508490553,0.0,0.0,0.0,0.006637426551543677,0,0,1.0,0.3200139542094787
1786903049.6666243,2752,110.04,3,idle,idle,idle,0,0.0,0.85,0.0035473011363976173,0.006298284006291344,0.007114317247530772,0.3226866351134917,7.2694377309668115,167.017819896001,0.0,0.0,0.0,0.006625150452329548,0,0,1.0,0.32004099129240937
1786903049.6971202,2753,110.08,3,idle,idle,idle,0,0.0,0.85,0.0039063987968948445,0.00606939473488884,0.007354422845782072,0.3226497824595763,7.299613116638527,166.97445321675391,0.0,0.0,0.0,0.006626427190697393,0,0,1.0,0.32008828912722986
1786903049.724164,2754,110.12,3,idle,idle,idle,0,0.0,0.85,0.0037677352151978516,0.006194437076608813,0.007354044128143546,0.32212792527850864,7.313400590505472,166.94817025833473,0.0,0.0,0.0,0.0066389898592884205,0,0,1.0,0.3201452383315362
1786903049.7699983,2755,110.16,3,idle,idle,idle,0,0.0,0.85,0.0033761088372059305,0.0063557090618711195,0.007677591657373192,0.3217324209307805,7.327574888571751,166.84711376303966,0.0,0.0,0.0,0.006673481315647866,0,0,1.0,0.320220742532693
1786903049.8620977,2756,110.2,3,idle,idle,idle,0,0.0,0.85,0.003312778311537516,0.005750702438249644,0.007890075637331875,0.32196209747056154,7.310320495147607,166.83769849223023,0.0,0.0,0.0,0.006719282392453374,0,0,1.0,0.3203212612816647
1786903049.8950868,2757,110.24,3,idle,idle,idle,0,0.0,0.85,0.0035999908779362896,0.005387529488416814,0.008463858978447591,0.32235982579553524,7.28570816507842,166.89877203451073,0.0,0.0,0.0,0.006772723077110669,0,0,1.0,0.3204299831824108
1786903049.9473522,2758,110.28,3,idle,idle,idle,0,0.0,0.85,0.0038787218411372648,0.006169413879371987,0.008606217865032519,0.32260790372374226,7.273269835615489,166.81816343460258,0.0,0.0,0.0,0.0068194927299169775,0,0,1.0,0.3205462527390282
1786903049.9768841,2759,110.32,3,idle,idle,idle,0,0.0,0.85,0.004145762210005134,0.007116830574582168,0.008314973477550051,0.32345533998392983,7.294736803045092,166.7785875708127,0.0,0.0,0.0,0.006867979544867119,0,0,1.0,0.3206752277391366
1786903050.0272374,2760,110.36,3,idle,idle,idle,0,0.0,0.85,0.004102129091244048,0.008071166505520621,0.007829018677572252,0.32406515200128927,7.283413374945731,166.82472422135407,0.0,0.0,0.0,0.006890460218201927,0,0,1.0,0.320821929011667
1786903050.0759156,2761,110.4,3,idle,idle,idle,0,0.0,0.85,0.003828410679089161,0.008548669309461437,0.00782530763683126,0.32357198004862553,7.2867140652244755,166.71866748924413,0.0,0.0,0.0,0.006918610548596225,0,0,1.0,0.3209579034631484
1786903050.1072476,2762,110.44,3,idle,idle,idle,0,0.0,0.85,0.003727701187118977,0.008277084906041092,0.0076429119744488815,0.3233534725672947,7.287156401203779,166.7698972245824,0.0,0.0,0.0,0.006952866557235021,0,0,1.0,0.3210837772862296
1786903050.1393464,2763,110.48,3,idle,idle,idle,0,0.0,0.85,0.00346824794090932,0.008199295410528157,0.007620453346669829,0.32384612255821954,7.295364899834331,166.7056291145673,0.0,0.0,0.0,0.006985538638677081,0,0,1.0,0.3212390964064471
1786903050.1871796,2764,110.52,3,idle,idle,idle,0,0.0,0.85,0.0037961253407558554,0.008389610829628377,0.007650629205023637,0.3241892248773415,7.312224650756976,166.64120737835052,0.0,0.0,0.0,0.007014131644553327,0,0,1.0,0.32140433181772127
1786903050.227639,2765,110.56,3,idle,idle,idle,0,0.0,0.85,0.003956425957117495,0.008816285944318514,0.00803908792986545,0.32511296033051873,7.3251885177974625,166.59526847449013,0.0,0.0,0.0,0.007071504589635776,0,0,1.0,0.32159460333600176
1786903050.3215084,2766,110.6,3,idle,idle,idle,0,0.0,0.85,0.0040255051067153505,0.0094073509266804,0.007976419628868121,0.3252673485339813,7.360849712767523,166.5393029162873,0.0,0.0,0.0,0.007138556035982167,0,0,1.0,0.3217954779781087
1786903050.368706,2767,110.64,3,idle,idle,idle,0,0.0,0.85,0.0036562567059229834,0.009646658215012196,0.00823250024627882,0.32518504951372246,7.396080181890835,166.42135935712386,0.0,0.0,0.0,0.007213414584754822,0,0,1.0,0.32199817191460156
1786903050.397301,2768,110.68,3,idle,idle,idle,0,0.0,0.85,0.0030883002510021015,0.008412527571287262,0.007771144755588931,0.32537930556072875,7.414536436909796,166.52516614665234,0.0,0.0,0.0,0.007259265696318874,0,0,1.0,0.3222241742710226
1786903050.4833658,2769,110.72,3,idle,idle,idle,0,0.0,0.85,0.003111728174978638,0.0078108646213489496,0.008458907830129878,0.32504305162760916,7.389817852733943,166.71178009810757,0.0,0.0,0.0,0.007327462524005607,0,0,1.0,0.3224483821650005
1786903050.5338373,2770,110.76,3,idle,idle,idle,0,0.0,0.85,0.0033158696549285584,0.00716107384740192,0.009424929653130285,0.3241127413860481,7.40519968157237,166.88138979618049,0.0,0.0,0.0,0.007427520935346148,0,0,1.0,0.32265689615842225
1786903050.5628633,2771,110.8,3,idle,idle,idle,0,0.0,0.85,0.003556309973810643,0.007753368908321874,0.009720802163514373,0.3244840526659246,7.422152301938452,167.130679659715,0.0,0.0,0.0,0.007522387236492258,0,0,1.0,0.32285024242485516
1786903050.6114814,2772,110.84,3,idle,idle,idle,0,0.0,0.85,0.004276179009782338,0.008770851325386372,0.011050727524591887,0.3248913349829143,7.512971436997683,167.06307176674096,0.0,0.0,0.0,0.00765927217131974,0,0,1.0,0.3230446458462674
1786903050.68631,2773,110.88,3,idle,idle,idle,0,0.0,0.85,0.00433094654312938,0.008844530778332162,0.011218513508302818,0.32502269792158434,7.633962607269464,167.09386675487718,0.0,0.0,0.0,0.007812804126127748,0,0,1.0,0.32321972273448696
1786903050.7192316,2774,110.92,3,idle,idle,idle,0,0.0,0.85,0.004855619184946048,0.008957786679319736,0.011274006389192516,0.32464529069607984,7.785104105551419,166.95845281245886,0.0,0.0,0.0,0.007955150454173249,0,0,1.0,0.3233577859866842
1786903050.74857,2775,110.96,3,idle,idle,idle,0,0.0,0.85,0.005043053943422928,0.008646460042825679,0.01159392133296296,0.3250150907613621,7.913513764566922,166.65246518736723,0.0,0.0,0.0,0.008103215120657908,0,0,1.0,0.3234808216336451
1786903050.7998567,2776,111.0,3,idle,idle,idle,0,0.0,0.85,0.005853944387128407,0.007898691693926676,0.013050665028284444,0.3243274503574073,7.979780014275846,166.5953745129288,0.0,0.0,0.0,0.008292098804823107,0,0,1.0,0.32356589087714677
1786903050.8286622,2777,111.04,3,idle,idle,idle,0,0.0,0.85,0.0073465030943957715,0.008143557740142743,0.013398173989256829,0.3236226875386047,8.055643620913937,166.70084763938712,0.0,0.0,0.0,0.00849736271361469,0,0,1.0,0.3236035204075495
1786903050.8725696,2778,111.08,3,idle,idle,idle,0,0.0,0.85,0.008697583552586381,0.008730518800510546,0.014210311704054493,0.32272802392136535,7.941202612848929,166.80141323487723,0.0,0.0,0.0,0.008729924818428908,0,0,1.0,0.323604473127555
1786903050.9257777,2779,111.12,3,idle,idle,idle,0,0.0,0.85,0.011242349387118572,0.009849050748275898,0.016191210974231523,0.3214885152082346,7.828704496823886,166.91452661746618,0.0,0.0,0.0,0.009012069990550608,0,0,1.0,0.32357008244898133
1786903050.9539182,2780,111.16,3,idle,idle,idle,0,0.0,0.85,0.013003581172195794,0.010373858351192365,0.018835879125601872,0.32136116888282007,7.588963248359126,167.20919280954985,0.0,0.0,0.0,0.009384610757567944,0,0,1.0,0.32352276160453286
1786903050.9823165,2781,111.2,3,standing,idle,idle,0,0.0,0.75,0.01570509434759346,0.009631588246354404,0.01950584295773661,0.31990890519266035,7.218620493996411,167.61877724317733,0.0,0.0,0.0,0.009780872366752012,0,0,1.0,0.32344375917778734
1786903051.0273857,2782,111.24,3,standing,idle,idle,0,0.0,0.75,0.017334764750079796,0.0092546672516366,0.020842032139302726,0.3176125502420739,6.760773007563425,168.11015815390914,0.0,0.0,0.0,0.010209796492766144,0,0,1.0,0.3232988275081652
1786903051.0781777,2783,111.28,3,standing,idle,idle,0,0.0,0.75,0.018594723465161885,0.010311715245312216,0.022502435954952552,0.31531425308939137,6.180974691997762,168.35526187155034,0.0,0.0,0.0,0.010671386334007365,0,0,1.0,0.32307976778778574
1786903051.1090946,2784,111.32,3,standing,idle,idle,0,0.0,0.75,0.019616941200894026,0.011176453084036631,0.02346083751516054,0.3140243817950116,5.589253971090948,168.54818861725767,0.0,0.0,0.0,0.011154611303901366,0,0,1.0,0.3228228710005133
1786903051.1935747,2785,111.36,3,standing,standing,standing,0,0.0,0.75,0.020535148601642215,0.012842614442251874,0.022759998381605223,0.31194155843878,5.028861392779478,168.69285958775532,0.0,0.0,0.0,0.011628722853418774,0,0,1.0,0.32249726261643114
1786903051.2333484,2786,111.4,3,standing,standing,standing,0,0.0,0.75,0.02004526941327793,0.01379842781382705,0.023295001313590427,0.3116103826011775,4.476760558408422,168.34550966089662,0.0,0.0,0.0,0.012111770685776603,0,0,1.0,0.3221627353479948
1786903051.2674205,2787,111.44,3,standing,standing,standing,0,0.0,0.75,0.01997827953242283,0.014948565998343584,0.023252001069784575,0.31208764724719795,3.9298584492366992,167.7940061333348,0.0,0.0,0.0,0.012593526956735423,0,0,1.0,0.32185848449856114
1786903051.3451605,2788,111.48,3,standing,standing,standing,0,0.0,0.75,0.017861227851197932,0.01511372401603526,0.020893937949078775,0.312792851544266,3.6245303903964357,166.96260438080486,0.0,0.0,0.0,0.01299402229890832,0,0,1.0,0.32158758845654556
1786903051.3767354,2789,111.52,3,standing,standing,standing,0,0.0,0.75,0.016455659403525016,0.014247727263946991,0.019602286109087392,0.3124198925770928,3.300865636666593,165.60013848496635,0.0,0.0,0.0,0.013348937767749397,0,0,1.0,0.3212984307325011
1786903051.407009,2790,111.56,3,idle,standing,standing,0,0.0,0.85,0.013535740819797158,0.013701915089560843,0.018373204507810284,0.3114675249037473,3.131590849299691,164.26712409664756,0.0,0.0,0.0,0.01364922096560887,0,0,1.0,0.3209683610085075
1786903051.458819,2791,111.6,3,idle,standing,standing,0,0.0,0.85,0.01266223408351391,0.014096415673723347,0.016616610090160397,0.3114135967267457,3.128667098260065,163.05000559576126,0.0,0.0,0.0,0.013891960123946081,0,0,1.0,0.32062913958435607
1786903051.5122657,2792,111.64,3,idle,standing,standing,0,0.0,0.85,0.011211363366096436,0.01377044899333178,0.014754473652339416,0.31166430848514964,3.1804195572041736,162.06058726933284,0.0,0.0,0.0,0.01408709649287909,0,0,1.0,0.32027183559954453
1786903051.5465288,2793,111.68,3,idle,standing,standing,0,0.0,0.85,0.009705915419777049,0.012879553179099171,0.01313917791133782,0.31184397564730054,3.35420601216324,161.02935432983645,0.0,0.0,0.0,0.014248010409053805,0,0,1.0,0.319901496922151
1786903051.5960617,2794,111.72,3,idle,idle,idle,0,0.0,0.85,0.007991644760213502,0.012165765537464006,0.011949329644612025,0.31097058777036807,3.5427413044054825,160.17991454426246,0.0,0.0,0.0,0.01437298077292595,0,0,1.0,0.31951963655008253
1786903051.6485996,2795,111.76,3,idle,idle,idle,0,0.0,0.85,0.006949541902435321,0.012326382767346619,0.011370729567325598,0.3110216712669198,3.7342224209765704,159.57473802364015,0.0,0.0,0.0,0.014485944942407061,0,0,1.0,0.3191459456015863
1786903051.6859167,2796,111.8,3,idle,idle,idle,0,0.0,0.85,0.00569890726476175,0.012163736290139487,0.010330809023338825,0.31046007568650424,3.9455233970609562,159.30124186404967,0.0,0.0,0.0,0.014568076932609154,0,0,1.0,0.31874030781759494
1786903051.7650983,2797,111.84,3,idle,idle,idle,0,0.0,0.85,0.005404900620399705,0.0111885543321757,0.010784594345482783,0.30994576077147645,4.150893643587017,159.05406898503617,0.0,0.0,0.0,0.014663045573229127,0,0,1.0,0.3183086876931748
1786903051.8146222,2798,111.88,3,idle,idle,idle,0,0.0,0.85,0.004855017464771115,0.012532324473253352,0.008890826791876123,0.3093467926671862,4.327091555418776,159.12528407872702,0.0,0.0,0.0,0.014688855841774904,0,0,1.0,0.3178309250367102
1786903051.8509452,2799,111.92,3,idle,idle,idle,0,0.0,0.85,0.004704471601485827,0.012870902435486596,0.008103883276735406,0.30967497223039303,4.5792336074799955,159.24770766800305,0.0,0.0,0.0,0.01469271837655876,0,0,1.0,0.3173584287850863
1786903051.9564812,2800,111.96,3,idle,idle,idle,0,0.0,0.85,0.0035679004417084456,0.013444983419514488,0.007721107963168764,0.3102471623076707,4.742876140519854,159.35804968412796,0.0,0.0,0.0,0.014677221640706941,0,0,1.0,0.316905765536418
1786903051.9859886,2801,112.0,3,idle,idle,idle,0,0.0,0.85,0.003140123505809338,0.014931152770252747,0.0074935456905963005,0.31004465762372263,4.857308495990396,159.0106239994964,0.0,0.0,0.0,0.014668809547828374,0,0,1.0,0.3164410792352967
1786903052.014864,2802,112.04,3,idle,idle,idle,0,0.0,0.85,0.0032767467304238326,0.015742909883374335,0.007657373126598453,0.31063141983154613,4.942945921701154,158.75835588260006,0.0,0.0,0.0,0.014644520617418335,0,0,1.0,0.3160043631202645
1786903052.059819,2803,112.08,3,idle,idle,idle,0,0.0,0.85,0.003098482799246014,0.016613237391125368,0.007822465480208719,0.31086862410964655,4.963788389881496,158.8585917038336,0.0,0.0,0.0,0.01459596109702677,0,0,1.0,0.31560302623310077
1786903052.0909162,2804,112.12,3,idle,idle,idle,0,0.0,0.85,0.002683975699080032,0.016573912512608625,0.00787272064140457,0.31175402417979636,4.993790294641527,158.79593097005565,0.0,0.0,0.0,0.014539958626659808,0,0,1.0,0.3152172677941272
1786903052.16034,2805,112.16,3,idle,idle,idle,0,0.0,0.85,0.0025731960441766353,0.015641523680476825,0.0074919891757771195,0.31207647045646647,5.021754347248256,158.7516399358279,0.0,0.0,0.0,0.014432118070635118,0,0,1.0,0.314828938566053
1786903052.2090747,2806,112.2,3,idle,idle,idle,0,0.0,0.85,0.0022567794666203764,0.01736878140808403,0.006617350577040155,0.3127701943138642,5.049394461174977,158.69559856537032,0.0,0.0,0.0,0.014292688890899885,0,0,1.0,0.3144576505779403
1786903052.2393582,2807,112.24,3,idle,idle,idle,0,0.0,0.85,0.002060116329358114,0.017015518220864886,0.007611900793394167,0.3126619877264891,5.1308921831408245,158.5117162743838,0.0,0.0,0.0,0.014181715994057513,0,0,1.0,0.3140945201849224
1786903052.26944,2808,112.28,3,idle,idle,idle,0,0.0,0.85,0.001960441710432532,0.017623995775374587,0.007367435557351599,0.31225494399408715,5.178700903283925,158.29047272738717,0.0,0.0,0.0,0.014053640667523832,0,0,1.0,0.31370784907076255
1786903052.3173845,2809,112.32,3,idle,idle,idle,0,0.0,0.85,0.0023537604140944518,0.01835970837540557,0.007282966941834891,0.3124262646764922,5.179035768690232,158.70374689059162,0.0,0.0,0.0,0.013878861937631421,0,0,1.0,0.3133472070804318
1786903052.3678846,2810,112.36,3,idle,idle,idle,0,0.0,0.85,0.0022063104939421844,0.017076614667265334,0.007387274502077946,0.312039732233813,5.2565726029509365,158.6226571393052,0.0,0.0,0.0,0.013696713468322972,0,0,1.0,0.31299620843483206
1786903052.3965414,2811,112.4,3,idle,idle,idle,0,0.0,0.85,0.002455699295033803,0.01694761446631489,0.007258657789644569,0.3122218798376639,5.34550694117404,158.92263881181375,0.0,0.0,0.0,0.013486057289098428,0,0,1.0,0.31267784043229563
1786903052.4680107,2812,112.44,3,idle,idle,idle,0,0.0,0.85,0.0032648795705707686,0.0152429034182032,0.006652569205321471,0.31204629494910163,5.394027949707677,159.06177193511772,0.0,0.0,0.0,0.013197007538525398,0,0,1.0,0.31239171254565523
1786903052.5583735,2813,112.48,3,idle,idle,idle,0,0.0,0.85,0.0035443630490602073,0.013650452280822397,0.006332020449734328,0.31203869954221464,5.478911427052256,159.12646689951495,0.0,0.0,0.0,0.012818102730165775,0,0,1.0,0.31210921347472775
1786903052.5892937,2814,112.52,3,idle,idle,idle,0,0.0,0.85,0.0035135029242972984,0.013409812826332546,0.0065287050418125206,0.3120513724437595,5.504729140727329,159.38850624068937,0.0,0.0,0.0,0.012424856126652922,0,0,1.0,0.3118711064217308
1786903052.6505105,2815,112.56,3,idle,idle,idle,0,0.0,0.85,0.0037634247862188205,0.013787978685895314,0.006258457799328358,0.31148031897602024,5.578573980073667,159.31073385543272,0.0,0.0,0.0,0.011982929631502185,0,0,1.0,0.3116852812318504
1786903052.6812265,2816,112.6,3,idle,idle,idle,0,0.0,0.85,0.003959697330232931,0.013043014924190537,0.006134689692738161,0.31094996353337373,5.6299649734683825,158.92190546676505,0.0,0.0,0.0,0.011486937320525992,0,0,1.0,0.3115530300331832
1786903052.719991,2817,112.64,3,idle,idle,idle,0,0.0,0.85,0.004004488784273764,0.013714131612949395,0.006102583322640188,0.3107295249560641,5.645813650823163,158.74094350478984,0.0,0.0,0.0,0.010960929617722345,0,0,1.0,0.3114531858865484
1786903052.7942774,2818,112.68,3,idle,idle,idle,0,0.0,0.85,0.004199064455792083,0.013125401667123317,0.006441070393584271,0.31020867072512026,5.653898174384935,158.66420114531888,0.0,0.0,0.0,0.010466416648388375,0,0,1.0,0.31140067413764966
1786903052.8256412,2819,112.72,3,idle,idle,idle,0,0.0,0.85,0.004227522494882289,0.012614123367363592,0.006745940708128301,0.31011308277684907,5.695964022050009,158.34205521727046,0.0,0.0,0.0,0.00996492996337437,0,0,1.0,0.31135530141570034
1786903052.856765,2820,112.76,3,idle,idle,idle,0,0.0,0.85,0.004051994546299712,0.012670115274782678,0.00723044797812834,0.3099005032852548,5.673723949689952,158.49072350192245,0.0,0.0,0.0,0.009479428354536305,0,0,1.0,0.3112890243259444
1786903052.921379,2821,112.8,3,idle,idle,idle,0,0.0,0.85,0.003457019918615545,0.012963664616317825,0.007698902190096232,0.30976436121313705,5.630968505680633,158.31359134804634,0.0,0.0,0.0,0.009079578786082287,0,0,1.0,0.31119725189166775
1786903052.9528048,2822,112.84,3,idle,idle,idle,0,0.0,0.85,0.0034882349389770296,0.014222994347775452,0.008022180861979656,0.30910286497256634,5.58307503795302,158.27865025230383,0.0,0.0,0.0,0.008728666505866902,0,0,1.0,0.31109673590365183
1786903052.9977686,2823,112.88,3,idle,idle,idle,0,0.0,0.85,0.003504722585349918,0.016398613121810894,0.008936044270418796,0.3093343463672337,5.556085134635143,158.12466896677233,0.0,0.0,0.0,0.008442691953218675,0,0,1.0,0.3110320941298181
1786903053.0473502,2824,112.92,3,idle,idle,idle,0,0.0,0.85,0.003492006806397335,0.01414633976964131,0.009475839555725403,0.30901545193053365,5.526783020970589,158.02425584874385,0.0,0.0,0.0,0.008226304967326705,0,0,1.0,0.31095942307538743
1786903053.0767546,2825,112.96,3,idle,idle,idle,0,0.0,0.85,0.003346762027208754,0.014990771098967657,0.009699441838212227,0.30952867344593915,5.468186433880866,157.9641787069761,0.0,0.0,0.0,0.008073122185080427,0,0,1.0,0.31089470686207804
1786903053.1171298,2826,113.0,3,idle,idle,idle,0,0.0,0.85,0.0037234129374334964,0.013964609560850392,0.01002717988648667,0.30978882798295937,5.458074478851916,157.9262931581166,0.0,0.0,0.0,0.007978819214630391,0,0,1.0,0.31083242966012836
1786903053.232068,2827,113.04,3,idle,idle,idle,0,0.0,0.85,0.003892017415853065,0.013490696483474503,0.00986178776257284,0.30964072372471835,5.436362653551055,157.81225100617831,0.0,0.0,0.0,0.007915560369720114,0,0,1.0,0.31079213074965406
1786903053.2706888,2828,113.08,3,idle,idle,idle,0,0.0,0.85,0.004386781484850719,0.013734320622454062,0.009844825226923452,0.309353319502497,5.4636384850129165,157.45790936969726,0.0,0.0,0.0,0.00786932084425338,0,0,1.0,0.31074157463558066
1786903053.3001864,2829,113.12,3,idle,idle,idle,0,0.0,0.85,0.004461472157947491,0.013522206602108133,0.009649841701735655,0.3085357763582842,5.424275200036724,157.42450898131898,0.0,0.0,0.0,0.007848685470871468,0,0,1.0,0.31068326253472545
1786903053.3474069,2830,113.16,3,idle,idle,idle,0,0.0,0.85,0.004930992593421329,0.014447970839890766,0.009702545134174453,0.3082848251091529,5.4121887123814885,157.34255931041608,0.0,0.0,0.0,0.00781589610083182,0,0,1.0,0.3106329311510187
1786903053.3769157,2831,113.2,3,idle,idle,idle,0,0.0,0.85,0.004967349438205942,0.014577366387469272,0.008956695755688743,0.3079602854010241,5.4128108839450455,157.24688081638388,0.0,0.0,0.0,0.007817892130038265,0,0,1.0,0.3105909157793168
1786903053.420332,2832,113.24,3,idle,idle,idle,0,0.0,0.85,0.005181111453587264,0.013848481567076857,0.007789433183585516,0.30790648844006596,5.46515744429274,157.23537627944722,0.0,0.0,0.0,0.007808363339336752,0,0,1.0,0.3105373253614282
1786903053.4760773,2833,113.28,3,idle,idle,idle,0,0.0,0.85,0.005074393519093082,0.015907134742209825,0.007893006729887152,0.3067019207063143,5.51985124678358,157.26409559427964,0.0,0.0,0.0,0.007813572392873672,0,0,1.0,0.31042989379775066
1786903053.5069847,2834,113.32,3,idle,idle,idle,0,0.0,0.85,0.005209928468608669,0.016912715882446087,0.008151279144912727,0.3059760949125471,5.584812258637803,157.25865157210754,0.0,0.0,0.0,0.00783350370967114,0,0,1.0,0.31030660401862414
1786903053.5390546,2835,113.36,3,idle,idle,idle,0,0.0,0.85,0.004875093926156997,0.0185444991248608,0.008519714938888989,0.30506008346262964,5.626274070564355,156.95978027486098,0.0,0.0,0.0,0.00785963527974055,0,0,1.0,0.3101377756438085
1786903053.5964816,2836,113.4,3,idle,idle,idle,0,0.0,0.85,0.004482294148580406,0.01905623697621716,0.008501148450242852,0.30511846787747626,5.654026072649154,157.12145916970633,0.0,0.0,0.0,0.007880201430347646,0,0,1.0,0.3099635284852579
1786903053.6308882,2837,113.44,3,idle,idle,idle,0,0.0,0.85,0.004025022790328194,0.019224335755588507,0.008596864251391525,0.3043797891589503,5.664810329281961,157.1754395051266,0.0,0.0,0.0,0.007902145176104826,0,0,1.0,0.3097400668179595
1786903053.6604812,2838,113.48,3,standing,idle,idle,0,0.0,0.75,0.004113039439908615,0.021559328535790807,0.008283022802836194,0.30446774838230783,5.6439759909411436,157.25468298576985,0.0,0.0,0.0,0.007926115892076315,0,0,1.0,0.30950949948237894
1786903053.7069116,2839,113.52,3,standing,idle,idle,0,0.0,0.75,0.004179807384130305,0.020077596733212147,0.00876292634622536,0.30443508892530785,5.673066805640277,157.19295431623468,0.0,0.0,0.0,0.007991133339627381,0,0,1.0,0.3092569205312106
1786903053.7412896,2840,113.56,3,idle,idle,idle,0,0.0,0.85,0.003967989147871352,0.019007092754540923,0.009494029494251916,0.30476212127483465,5.703826893010483,156.86487481703438,0.0,0.0,0.0,0.008048167542683678,0,0,1.0,0.30901753063873616
1786903053.7694871,2841,113.6,3,idle,idle,idle,0,0.0,0.85,0.003987549216486486,0.017597941629257288,0.009809514706697315,0.3043067502945999,5.761463180264282,156.9482188860744,0.0,0.0,0.0,0.0081221699411487,0,0,1.0,0.3087766762842063
1786903053.8472376,2842,113.64,3,idle,idle,idle,0,0.0,0.85,0.004030613441456628,0.015891562845544906,0.009391184167655086,0.30431379451772794,5.776380537707508,156.81143114696232,0.0,0.0,0.0,0.008186055311628098,0,0,1.0,0.30853084385515284
1786903053.8822174,2843,113.68,3,idle,idle,idle,0,0.0,0.85,0.003735780678088183,0.014419368390169123,0.008625156635279033,0.30441757647294526,5.77085875062547,156.87059721850156,0.0,0.0,0.0,0.00822356689142207,0,0,1.0,0.3082998694381568
1786903053.9131958,2844,113.72,3,idle,idle,idle,0,0.0,0.85,0.003528150044577523,0.012107152361131754,0.008730281764547968,0.30547792209727553,5.754855814225013,156.7636932302622,0.0,0.0,0.0,0.008268161557328233,0,0,1.0,0.3080955070823874
1786903053.9749746,2845,113.76,3,idle,idle,idle,0,0.0,0.85,0.0036685744111675214,0.012677633366688127,0.011934994805356761,0.3064834696304727,5.744760743699672,157.26786316299234,0.0,0.0,0.0,0.008428235060359605,0,0,1.0,0.30792693661818665
1786903054.025782,2846,113.8,3,idle,idle,idle,0,0.0,0.85,0.005192486710953886,0.012440075116467091,0.01633541757778607,0.3087586963062253,5.781729912287983,157.17854235448078,0.0,0.0,0.0,0.008731368306664202,0,0,1.0,0.3078275425807324
1786903054.057809,2847,113.84,3,idle,idle,idle,0,0.0,0.85,0.006248480240957888,0.013194944057047735,0.022695675609083962,0.31479893980010887,5.83917980839548,157.07392191184599,0.0,0.0,0.0,0.009221276505672428,0,0,1.0,0.3079108021975914
1786903054.1080875,2848,113.88,3,idle,idle,idle,0,0.0,0.85,0.006776153861440576,0.019650141879467994,0.034638469196092786,0.32526401845262665,5.829305243621754,157.62539118808064,0.0,0.0,0.0,0.010081276851028926,0,0,1.0,0.3083284900605189
1786903054.1371095,2849,113.92,3,standing,idle,idle,0,0.0,0.75,0.00832646568315536,0.0217815270915831,0.049596828437982514,0.34474560001606197,5.7371033594616465,157.83841241847603,0.0,0.0,0.0,0.011398311358460575,0,0,1.0,0.309352600256964
1786903054.1711369,2850,113.96,3,standing,idle,idle,0,0.0,0.75,0.00795755818057135,0.02679125349917326,0.06328149990125395,0.3747343329958729,5.6811196996869295,158.64901230786182,0.0,0.0,0.0,0.01313100580023675,0,0,1.0,0.311292139894534
1786903054.2857382,2851,114.0,3,standing,idle,idle,0,0.0,0.75,0.009426152486536022,0.028035970101689005,0.06925857395813158,0.4100684136173163,5.632344148383067,159.16778712178046,0.0,0.0,0.0,0.015034566514313938,0,0,1.0,0.314318192709449
1786903054.3401837,2852,114.04,3,standing,idle,idle,0,0.0,0.75,0.009957720956016443,0.029599773673393965,0.07477043931540259,0.4485221085254164,5.567288912131822,159.37420820327497,0.0,0.0,0.0,0.017095914956958613,0,0,1.0,0.31851240561092076
1786903054.3725722,2853,114.08,3,standing,standing,standing,0,0.0,0.75,0.010107701784279046,0.03153547828136682,0.07879280669016435,0.484513688572486,5.526162144648219,159.29443238177686,0.0,0.0,0.0,0.019264471281565766,0,0,1.0,0.32380371425598836
1786903054.4366481,2854,114.12,3,standing,standing,standing,0,0.0,0.75,0.010184596765304942,0.03157768302483263,0.07820741878688271,0.518574107531226,5.449333865037575,159.50238026654281,0.0,0.0,0.0,0.021401092996619905,0,0,1.0,0.3301312823262335
1786903054.466313,2855,114.16,3,standing,standing,standing,0,0.0,0.75,0.009409004132323505,0.03240181261456857,0.07925651364685933,0.5576123193454006,5.425575184046712,159.31148950165627,0.0,0.0,0.0,0.02355970914161626,0,0,1.0,0.337661871852683
1786903054.5321028,2856,114.2,3,standing,standing,standing,0,0.0,0.75,0.009161505844380012,0.03133511720510204,0.0777294866285487,0.5944179095555182,5.405922330384191,159.6925717125651,0.0,0.0,0.0,0.025644358910044435,0,0,1.0,0.34630076770687346
1786903054.5794709,2857,114.24,3,standing,standing,standing,0,0.0,0.75,0.008093181411826548,0.026590433684889225,0.06790191651349681,0.6291343005625276,5.367666343918913,159.97872838683344,0.0,0.0,0.0,0.027414846090582964,0,0,1.0,0.3560013388775399
1786903054.6279275,2858,114.28,3,standing,standing,standing,0,0.0,0.75,0.006859325497839567,0.025002280023010085,0.05527251710569542,0.6609402629941082,5.370406739718028,159.62141206642673,0.0,0.0,0.0,0.02879584837141579,0,0,1.0,0.3666501749244542
1786903054.662003,2859,114.32,3,standing,standing,standing,0,0.0,0.75,0.007594045136705512,0.02026143064988134,0.043823412399947526,0.6820864791918171,5.465462604406932,159.34995925444292,0.0,0.0,0.0,0.029819976629399447,0,0,1.0,0.3779319219307831
1786903054.7394779,2860,114.36,3,idle,standing,standing,0,0.0,0.85,0.006314247467976732,0.018594544646264605,0.03906761794145181,0.6914786865845002,5.520763957776152,158.56542508668923,0.0,0.0,0.0,0.030705001786335177,0,0,1.0,0.38950276929017047
1786903054.782865,2861,114.4,3,idle,standing,standing,0,0.0,0.85,0.00602056191112921,0.01705297635486673,0.03845571606921783,0.7011115015202585,5.505888485038801,158.1733884387426,0.0,0.0,0.0,0.03157199847852592,0,0,1.0,0.4013742293513147
1786903054.8256755,2862,114.44,3,idle,standing,standing,0,0.0,0.85,0.00624776879544524,0.016817895182117317,0.046212536136069966,0.7138058993329488,5.49259085541712,157.79424703331907,0.0,0.0,0.0,0.03267995891592999,0,0,1.0,0.41365514216872884
1786903054.8740757,2863,114.48,3,idle,standing,standing,0,0.0,0.85,0.005666417758619883,0.01586855021690815,0.059716101886060975,0.7418073878410611,5.442231511938199,157.32489129433148,0.0,0.0,0.0,0.03419552124174473,0,0,1.0,0.4267921895242412
1786903054.9031272,2864,114.52,3,idle,idle,idle,0,0.0,0.85,0.0053983469134689255,0.015878030650760808,0.06948315765923907,0.7625186022168979,5.517564744178129,156.85777058672835,0.0,0.0,0.0,0.036029656450943214,0,0,1.0,0.4405666839732071
1786903054.931726,2865,114.56,3,idle,idle,idle,0,0.0,0.85,0.004772264762466807,0.014551714208470512,0.07296155293447662,0.783169505734864,5.502747587489097,156.6763205419757,0.0,0.0,0.0,0.0380045691706672,0,0,1.0,0.45496859358820096
1786903054.9801002,2866,114.6,3,idle,idle,idle,0,0.0,0.85,0.005069757271593336,0.013908257172788461,0.10023787464453741,0.7765660970179863,5.481256524982948,156.24635642712207,0.0,0.0,0.0,0.04080289850141417,0,0,1.0,0.4692069019612819
1786903055.0089176,2867,114.64,3,idle,idle,idle,0,0.0,0.85,0.00689896924204048,0.014802072452511687,0.11778918403544433,0.7534892602008643,5.40066176313317,156.02510090653735,0.0,0.0,0.0,0.044125259255672705,0,0,1.0,0.48276790697001887
1786903055.053401,2868,114.68,3,idle,idle,idle,0,0.0,0.85,0.006798896607750735,0.01824102966527001,0.12262000604961933,0.7259895654095117,5.29028356425345,155.90113791080066,0.0,0.0,0.0,0.04758284383478574,0,0,1.0,0.495523345816894
1786903055.1079304,2869,114.72,3,standing,idle,material_handling,1,1.0,0.75,0.008046984905786463,0.02178226965598514,0.1341873204191517,0.7059539538641244,5.010047086062566,157.11200114331285,0.0,0.0,0.0,0.05139151571263147,0,1,1.0,0.5076698756952773
1786903055.141038,2870,114.76,3,standing,idle,material_handling,1,1.0,0.75,0.008421447280930625,0.02445603226865486,0.1392387689912154,0.6858344715430709,4.655961159915641,158.04116691621462,0.0,0.0,0.0,0.05535036131080794,0,1,1.0,0.5192291084947962
1786903055.1731782,2871,114.8,3,standing,idle,material_handling,1,1.0,0.75,0.009897411318433783,0.028010816456697632,0.13928112650424826,0.6545798017157776,4.384721466334735,158.57532179628134,0.0,0.0,0.0,0.05932000081691135,0,1,1.0,0.5298385646564164
1786903055.2375426,2872,114.84,3,standing,idle,material_handling,1,1.0,0.75,0.01419346049456084,0.0298376534676648,0.13537015023640392,0.6089637571890584,4.266811765278351,159.58950693436455,0.0,0.0,0.0,0.06315658335903795,0,1,1.0,0.5390667061189544
1786903055.28488,2873,114.88,3,standing,standing,material_handling,1,1.0,0.75,0.016092288538300525,0.03115103620917122,0.12737555165739162,0.545288153355298,4.234623655930077,160.9700442843811,0.0,0.0,0.0,0.06672875069731493,0,1,1.0,0.5463553737577563
1786903055.3144193,2874,114.92,3,standing,standing,material_handling,1,1.0,0.75,0.020012874375465756,0.03272205899786988,0.1264779360908042,0.4860763724895884,4.158882157197071,162.30104119196616,0.0,0.0,0.0,0.07026415740592423,0,1,1.0,0.5518635441273013
1786903055.3912804,2875,114.96,3,standing,standing,material_handling,1,1.0,0.75,0.02341917161782352,0.033235817419816176,0.10196788158056756,0.4206741421858755,4.143377167755533,163.65096219082352,0.0,0.0,0.0,0.07306951187298219,0,1,1.0,0.5553896152687603
1786903055.4282815,2876,115.0,3,standing,standing,material_handling,1,1.0,0.75,0.025233060024412644,0.033372255738107995,0.08921757206952075,0.38424662863908454,4.182809600720922,165.24896822719285,0.0,0.0,0.0,0.07551170628008042,0,1,1.0,0.557808677455613
1786903055.4881155,2877,115.04,3,standing,standing,material_handling,1,1.0,0.75,0.033122655597131706,0.0318951804370293,0.08885785497327861,0.36015610505288165,4.145297510542187,166.46609469684958,0.0,0.0,0.0,0.07793981455913288,0,1,1.0,0.5594655920906313
1786903055.5415535,2878,115.08,3,standing,standing,material_handling,1,1.0,0.75,0.03548585153315212,0.030135063598152087,0.07969423817222633,0.3373031400385197,4.161437470544207,167.41494877839685,0.0,0.0,0.0,0.0799931249641895,0,1,1.0,0.560399521496936
1786903055.574091,2879,115.12,3,standing,standing,material_handling,1,1.0,0.75,0.039816575065947754,0.028601692861819288,0.07830188991739007,0.31378792078550594,4.169582803192894,167.15844984565288,0.0,0.0,0.0,0.08187089685326843,0,1,1.0,0.5605519222387322
1786903055.606048,2880,115.16,3,standing,standing,material_handling,1,1.0,0.75,0.05082616153848268,0.03192633548084757,0.08533456927885376,0.2998949638005947,4.070905900624563,167.49277573873965,0.0,0.0,0.0,0.08376904514629176,0,1,1.0,0.5601002866023833
1786903055.696107,2881,115.2,3,standing,standing,material_handling,1,1.0,0.75,0.04904407225275149,0.030979920836472552,0.07809995780555799,0.2952798427853526,3.9137368531682206,167.96238395292238,0.0,0.0,0.0,0.08508605995263918,0,1,1.0,0.5591916752185265
1786903055.728189,2882,115.24,3,standing,standing,material_handling,1,1.0,0.75,0.04798142125980151,0.030597450913937525,0.07388421070605761,0.3016963004583817,3.5932702557736755,168.03030832577514,0.0,0.0,0.0,0.08582204123348995,0,1,1.0,0.557887150989506
1786903055.759544,2883,115.28,3,standing,standing,material_handling,1,1.0,0.75,0.043738459262617185,0.028810732535019035,0.06903129186518991,0.31210512574162147,3.2643270200686856,168.04660159395172,0.0,0.0,0.0,0.08599627735360922,0,1,1.0,0.5559892962242255
1786903055.8555307,2884,115.32,3,standing,standing,material_handling,1,1.0,0.75,0.040113567729410916,0.02781867985878125,0.06561942530176408,0.3274594862980237,2.8782769075323436,167.92086420469548,0.0,0.0,0.0,0.08588600012159807,0,1,1.0,0.5534859953963683
1786903055.8930194,2885,115.36,3,standing,standing,material_handling,1,1.0,0.75,0.03688449082553402,0.026604993451310413,0.05929903343384029,0.3434708145514819,2.502554246291022,167.65500200508757,0.0,0.0,0.0,0.08541716964033862,0,1,1.0,0.5503026228517035
1786903055.9338708,2886,115.4,3,standing,standing,material_handling,1,1.0,0.75,0.029190471652630983,0.024691618911126093,0.056904973456749636,0.3541669891559858,2.113753465326664,167.31868326988322,0.0,0.0,0.0,0.08475390196659878,0,1,1.0,0.5463527228693853
1786903055.984653,2887,115.44,3,standing,standing,material_handling,1,1.0,0.75,0.026309292352523092,0.023669736768037408,0.057354107616698125,0.36705988022916614,1.9278476165741671,167.49914359407643,0.0,0.0,0.0,0.08412198344629016,0,1,1.0,0.5417613826481108
1786903056.014525,2888,115.48,3,standing,standing,material_handling,1,1.0,0.75,0.022073011246594013,0.022531434060562558,0.05093421596951064,0.3827804629111132,1.7791907347161833,167.77884964860766,0.0,0.0,0.0,0.08326373200152198,0,1,1.0,0.5364634476046477
1786903056.0451574,2889,115.52,3,idle,standing,material_handling,1,1.0,0.85,0.010371995912280024,0.015442753074928369,0.03077524574322805,0.39285448743883783,1.7859909585519127,168.1114459977445,0.0,0.0,0.0,0.08184087621711836,0,1,1.0,0.5303554651162634
1786903056.0989628,2890,115.56,3,idle,standing,material_handling,1,1.0,0.85,0.008952282542698324,0.014049108070306817,0.025885005548643907,0.39060848056195613,1.9555203038866622,168.07971608899211,0.0,0.0,0.0,0.0805676364909107,0,1,1.0,0.5231274099647308
1786903056.1449354,2891,115.6,3,idle,standing,material_handling,1,1.0,0.85,0.008401921555362422,0.012077697904166408,0.021632011571992852,0.38458105926250674,2.1256979414275334,168.10020829988412,0.0,0.0,0.0,0.07954822723231364,0,1,1.0,0.5147528886395308
1786903056.1766448,2892,115.64,3,idle,standing,material_handling,1,1.0,0.85,0.008867115906089608,0.010960013027639225,0.021241924353424167,0.37405845831282436,2.3506070994170907,168.23126580910903,0.0,0.0,0.0,0.07886393971575233,0,1,1.0,0.5054187061886523
1786903056.349868,2893,115.68,3,idle,idle,idle,0,0.0,0.85,0.008689339522441442,0.010423380093885048,0.019024111748498697,0.36654234399708985,2.4991129142407305,168.21511265791656,0.0,0.0,0.0,0.0782565607402083,0,0,1.0,0.49557215035267016
1786903056.3790681,2894,115.72,3,idle,idle,idle,0,0.0,0.85,0.009170590050994316,0.010115703384081612,0.018941437391739976,0.35726756716986,2.7450566264198284,168.3129951941134,0.0,0.0,0.0,0.0776652189621029,0,0,1.0,0.48515263719053686
1786903056.4075887,2895,115.76,3,idle,idle,idle,0,0.0,0.85,0.008946252637873997,0.01107017283026798,0.017754153210722982,0.34751824397834186,2.9621270842309153,168.55336148728858,0.0,0.0,0.0,0.07680284372194086,0,0,1.0,0.47405301127070026
1786903056.4638894,2896,115.8,3,idle,idle,idle,0,0.0,0.85,0.007989852602847338,0.011069755238030112,0.01616164554228523,0.3434740418190497,3.0840369262968204,168.58848295763488,0.0,0.0,0.0,0.07548301171152343,0,0,1.0,0.46198230381548777
1786903056.4922829,2897,115.84,3,idle,idle,idle,0,0.0,0.85,0.008137790102263688,0.011562315530200392,0.01564966709375355,0.34215611584291133,3.1913487431090095,168.51283363502426,0.0,0.0,0.0,0.07385169381559963,0,0,1.0,0.4492440466526397
1786903056.564843,2898,115.88,3,idle,idle,idle,0,0.0,0.85,0.007341633791581,0.010460647319632067,0.01510464099753619,0.3399301221576205,3.2697339792284152,168.5603623591683,0.0,0.0,0.0,0.07209845405993477,0,0,1.0,0.43581255018060194
1786903056.6892228,2899,115.92,3,idle,idle,idle,0,0.0,0.85,0.006696217602792804,0.011488407654581874,0.015065895286253229,0.3399646839052274,3.432519186439781,168.41319512636792,0.0,0.0,0.0,0.0695174849884716,0,0,1.0,0.42258220432870025
1786903056.7330477,2900,115.96,3,idle,idle,idle,0,0.0,0.85,0.005897833230312037,0.011824074762970073,0.014964144953169788,0.3393156332241766,3.6305405961160844,168.2662458716331,0.0,0.0,0.0,0.06640157471325117,0,0,1.0,0.41003148835970965
1786903056.7635052,2901,116.0,3,idle,idle,idle,0,0.0,0.85,0.005579391168847524,0.011959896891973243,0.012562289185339848,0.33883696169519045,3.8181195996101294,167.98245655547674,0.0,0.0,0.0,0.06306649238403056,0,0,1.0,0.3982995912774575
1786903056.8631983,2902,116.04,3,idle,idle,idle,0,0.0,0.85,0.006241138660080515,0.012499951977646173,0.012095798858948318,0.33807919554808474,4.080812220936395,167.84686915281196,0.0,0.0,0.0,0.059366749306448655,0,0,1.0,0.38715187132848666
1786903056.8953717,2903,116.08,3,idle,idle,idle,0,0.0,0.85,0.005455500270670918,0.01293780527903772,0.011069891598194838,0.33573897815415416,4.3405816745209576,167.80310106960823,0.0,0.0,0.0,0.055482843930902574,0,0,1.0,0.37654291698336795
1786903056.9486887,2904,116.12,3,idle,idle,idle,0,0.0,0.85,0.004844364246844994,0.013521078150982364,0.010394188861593642,0.3347533930961967,4.51596533150429,167.79970744078042,0.0,0.0,0.0,0.05157717915385244,0,0,1.0,0.36685120763125945
1786903057.0005429,2905,116.16,3,idle,idle,idle,0,0.0,0.85,0.004993267731975174,0.013583706865262944,0.011333092359784837,0.3340367661015958,4.669699846016509,167.64519184667435,0.0,0.0,0.0,0.04781848043031852,0,0,1.0,0.35852008668921515
1786903057.0699954,2906,116.2,3,idle,idle,idle,0,0.0,0.85,0.004413025102568175,0.012664422851680571,0.012547406925908293,0.3313680138895122,4.877581458545386,167.58104612115164,0.0,0.0,0.0,0.04433883968087964,0,0,1.0,0.352037658220555
1786903057.103032,2907,116.24,3,idle,idle,idle,0,0.0,0.85,0.004058189891991118,0.013058822820253725,0.010887688290296925,0.3303821188710137,5.030413400445686,167.59292467462458,0.0,0.0,0.0,0.040836104899046086,0,0,1.0,0.34731965053514363
1786903057.169454,2908,116.28,3,idle,idle,idle,0,0.0,0.85,0.0035406832669309584,0.012881990423787654,0.010340388045351043,0.32801788302424834,5.164094744314442,167.58489239972107,0.0,0.0,0.0,0.0380595141858577,0,0,1.0,0.3445118851060034
1786903057.1979575,2909,116.32,3,idle,idle,idle,0,0.0,0.85,0.0035787713428720486,0.012644754061134146,0.010403668741643666,0.32684362070071626,5.1909730677882875,167.5258924391693,0.0,0.0,0.0,0.03567121408501295,0,0,1.0,0.3427724000169619
1786903057.2298932,2910,116.36,3,idle,idle,idle,0,0.0,0.85,0.00323660692786386,0.012558174071274488,0.010406960337816362,0.3253178507047102,5.227996993750315,167.59619760164145,0.0,0.0,0.0,0.03329391424757469,0,0,1.0,0.3417166953397446
1786903057.2793493,2911,116.4,3,idle,idle,idle,0,0.0,0.85,0.0030092767438555292,0.012441011316769434,0.012104859535418984,0.3246754506911907,5.263642504055088,167.65737867669867,0.0,0.0,0.0,0.03124575125858053,0,0,1.0,0.3413340380867952
1786903057.3098488,2912,116.44,3,idle,idle,idle,0,0.0,0.85,0.003158307500445328,0.013203175958719709,0.012220666445016216,0.32470643182037445,5.168836919656873,167.6987700448827,0.0,0.0,0.0,0.029243289941235866,0,0,1.0,0.34166490205754885
1786903057.3656294,2913,116.48,3,idle,idle,idle,0,0.0,0.85,0.0043638741401085795,0.012034399368588683,0.012466850270053474,0.3221871997586829,5.122995324520138,167.73398501276785,0.0,0.0,0.0,0.027035177243999495,0,0,1.0,0.34234042435930906
1786903057.4143882,2914,116.52,3,idle,idle,idle,0,0.0,0.85,0.006482885216258527,0.013740899948564343,0.012260482596523133,0.31904272034598125,4.960351153036685,167.35287645691875,0.0,0.0,0.0,0.0250400416316045,0,0,1.0,0.343060511558116
1786903057.4464152,2915,116.56,3,idle,idle,idle,0,0.0,0.85,0.00968678199065545,0.015440995328834549,0.018266037694774633,0.3153644075095207,4.756642066166567,166.7314208317062,0.0,0.0,0.0,0.02335464244944441,0,0,1.0,0.3434746966202717
1786903057.4771664,2916,116.6,3,idle,idle,idle,0,0.0,0.85,0.011433556149174342,0.01535170002690671,0.02537989775345505,0.3142906224488953,4.451612246927625,166.39473067147182,0.0,0.0,0.0,0.022031872930906988,0,0,1.0,0.34354092379321943
1786903057.5509632,2917,116.64,3,standing,idle,idle,0,0.0,0.75,0.015930297448476537,0.01641620306453076,0.03492252506872779,0.3148213762854329,4.134288969867813,166.25761383932564,0.0,0.0,0.0,0.021101663832936195,0,0,1.0,0.34315795076253486
1786903057.5882642,2918,116.68,3,standing,idle,idle,0,0.0,0.75,0.021828432650399267,0.01743809410536297,0.038785440093578906,0.31301015112370406,3.789723165809292,166.12401830881328,0.0,0.0,0.0,0.020480039792322213,0,0,1.0,0.3422349003556325
1786903057.6181169,2919,116.72,3,standing,idle,idle,0,0.0,0.75,0.027532387969719126,0.02178435091691403,0.04770834342553289,0.30851289963175615,3.5323646097308,166.18849207303995,0.0,0.0,0.0,0.020201354033800488,0,0,1.0,0.3408514430973225
1786903057.6951506,2920,116.76,3,standing,idle,idle,0,0.0,0.75,0.030423080633315433,0.02254535711547733,0.05034349665434178,0.3041923782278691,3.2105774803951177,166.27931686385358,0.0,0.0,0.0,0.01998891127736545,0,0,1.0,0.3389463672791014
1786903057.725888,2921,116.8,3,standing,standing,standing,0,0.0,0.75,0.032812298982028865,0.0219777110692947,0.055788599170441586,0.3029708875513527,2.9371065625473536,166.4255841249912,0.0,0.0,0.0,0.020136013798605783,0,0,1.0,0.3365278952985026
1786903057.8327177,2922,116.84,3,standing,standing,standing,0,0.0,0.75,0.035033256050108354,0.02358245817698966,0.05602812773816541,0.3020994626886459,2.634857709561146,166.3244751098738,0.0,0.0,0.0,0.020901252646937218,0,0,1.0,0.3337777430333453
1786903057.891526,2923,116.88,3,standing,standing,standing,0,0.0,0.75,0.035098828357242345,0.02277291588049779,0.053288708654052296,0.3007518307965916,2.2430270509603485,165.8073737660908,0.0,0.0,0.0,0.021731667892555654,0,0,1.0,0.3310548142525766
1786903057.9230871,2924,116.92,3,standing,standing,standing,0,0.0,0.75,0.03420235886474142,0.031100131964847438,0.053165093514532795,0.29879173723774916,1.9245835133784819,164.07239435835422,0.0,0.0,0.0,0.022687215830208378,0,0,1.0,0.328455137827584
1786903057.9550295,2925,116.96,3,standing,standing,standing,0,0.0,0.75,0.035455081834222205,0.0367747888586155,0.0517551268599541,0.29646204017280875,1.6422766702811635,160.26375469025965,0.0,0.0,0.0,0.023611858330406257,0,0,1.0,0.3261037312172804
1786903058.03105,2926,117.0,3,standing,standing,standing,0,0.0,0.75,0.03252039319730405,0.05254875481278524,0.04584476263894377,0.29301464482661665,1.439855845505627,157.15628833034611,0.0,0.0,0.0,0.02442460532708641,0,0,1.0,0.3238756191212055
1786903058.0679069,2927,117.04,3,walking,standing,standing,0,0.0,0.6,0.02809053512968717,0.06503608975383873,0.04425658780023866,0.28791831534177187,1.30178842847051,155.35341011470956,0.0,0.030303030303030304,0.030303030303030304,0.025191731097040915,0,0,0.9696969696969697,0.32177412664156646
1786903058.0990968,2928,117.08,3,walking,standing,standing,0,0.0,0.6,0.02289425603133285,0.06880732193502204,0.03815405393166278,0.28399034715130356,1.1807506494762656,154.43646240798142,0.0,0.06060606060606061,0.06060606060606061,0.025809909906766366,0,0,0.9393939393939394,0.319849038858929
1786903058.1968298,2929,117.12,3,walking,standing,standing,0,0.0,0.6,0.020122343316596313,0.07331799144200518,0.03494098627127508,0.2826609528305063,0.9524035067472203,153.54844461137267,0.0,0.09090909090909091,0.09090909090909091,0.026378980837947874,0,0,0.9090909090909091,0.3180062179804882
1786903058.2520688,2930,117.16,3,walking,standing,standing,0,0.0,0.6,0.018758996316750702,0.07336627723133757,0.028625526274380083,0.28161535418777384,0.7574066700146964,152.57632427025888,0.0,0.12121212121212122,0.12121212121212122,0.026772188691906253,0,0,0.8787878787878788,0.3161716494454841
1786903058.293499,2931,117.2,3,walking,walking,walking,0,0.0,0.6,0.016607073146437765,0.07076486520922767,0.027117096352270283,0.27859743212789817,0.623484985441812,151.58969652397943,0.0,0.15151515151515152,0.15151515151515152,0.02713620249053456,0,0,0.8484848484848485,0.314313083080947
1786903058.3418436,2932,117.24,3,walking,walking,walking,0,0.0,0.6,0.014826320502464399,0.07053557116550202,0.030777608299920316,0.2770025534414376,0.5837946176139464,150.49616870757538,0.0,0.18181818181818182,0.18181818181818182,0.027612315006100226,0,0,0.8181818181818182,0.3124051397335595
1786903058.3900263,2933,117.28,3,walking,walking,walking,0,0.0,0.6,0.01277318030829145,0.06030443136508593,0.028957485096804444,0.2790637062581653,0.6072885574706045,149.87068666951006,0.0,0.21212121212121213,0.21212121212121213,0.0280363556165134,0,0,0.7878787878787878,0.3105793237648925
1786903058.4181874,2934,117.32,3,standing,walking,walking,0,0.0,0.75,0.009827443425515859,0.054414335797738446,0.02643970465640061,0.2812207097191823,0.6673576850797448,150.49869031625005,0.0,0.21212121212121213,0.21212121212121213,0.028456883358060694,0,0,0.7878787878787878,0.30883337673531647
1786903058.4664984,2935,117.36,3,standing,walking,walking,0,0.0,0.75,0.00868502794122637,0.036559151342360076,0.02555233773387843,0.2844112504450768,0.7335381239450194,153.70099879331852,0.0,0.21212121212121213,0.21212121212121213,0.02886465726336161,0,0,0.7878787878787878,0.3072070753685586
1786903058.495865,2936,117.4,3,standing,walking,walking,0,0.0,0.75,0.007214861907360632,0.023178940610024075,0.024408680299575252,0.28696492533307,0.7495164706397806,155.76089491353895,0.0,0.21212121212121213,0.21212121212121213,0.029268862981585257,0,0,0.7878787878787878,0.30572907376791975
1786903058.5244384,2937,117.44,3,idle,walking,walking,0,0.0,0.85,0.0067155244081452455,0.015560582212359916,0.023549952743398474,0.28773831913673475,0.6585228834110447,156.29600588958237,0.0,0.21212121212121213,0.21212121212121213,0.029667522493155102,0,0,0.7878787878787878,0.3043043745570269
1786903058.5705078,2938,117.48,3,idle,standing,standing,0,0.0,0.85,0.006597734758511753,0.009637540600342862,0.022195114079680462,0.2882909210855834,0.6226577368808848,155.99386457675655,0.0,0.21212121212121213,0.21212121212121213,0.029996674666485274,0,0,0.7878787878787878,0.30291813682926894
1786903058.6140053,2939,117.52,3,idle,standing,standing,0,0.0,0.85,0.005651720122213697,0.008525602834508764,0.021180910662032607,0.2889312752774177,0.6718844661229333,155.60406857841522,0.0,0.21212121212121213,0.21212121212121213,0.030258295991822372,0,0,0.7878787878787878,0.301632175053145
1786903058.6570268,2940,117.56,3,idle,standing,standing,0,0.0,0.85,0.005244963863120675,0.008228217305186091,0.01979977067646185,0.29068570185655906,0.7213663424350435,155.2897812776134,0.0,0.21212121212121213,0.21212121212121213,0.03052835909443343,0,0,0.7878787878787878,0.30042925332543413
1786903058.7043445,2941,117.6,3,idle,idle,idle,0,0.0,0.85,0.004508929098744873,0.006702030021585612,0.016012912001904044,0.29226806139002065,0.6854759513837265,154.98030778809806,0.0,0.21212121212121213,0.21212121212121213,0.030700253759783525,0,0,0.7878787878787878,0.2993459253971242
1786903058.7359767,2942,117.64,3,idle,idle,idle,0,0.0,0.85,0.004450941423340429,0.0064194204513570545,0.013108249978921847,0.2929389854196518,0.5919607617470539,155.0236003843737,0.0,0.21212121212121213,0.21212121212121213,0.030782210766973774,0,0,0.7878787878787878,0.2983185122067889
1786903058.7652032,2943,117.68,3,idle,idle,idle,0,0.0,0.85,0.004750748271146298,0.006368449633092282,0.01224279217943517,0.29067491834794307,0.519052078406625,154.99614411626183,0.0,0.21212121212121213,0.21212121212121213,0.030837842034901614,0,0,0.7878787878787878,0.297268726377796
1786903058.8769035,2944,117.72,3,idle,idle,idle,0,0.0,0.85,0.004957525158722612,0.007662944948733307,0.014554991114258713,0.28668849026344406,0.48270193858117505,155.3264951445338,0.0,0.21212121212121213,0.21212121212121213,0.030912088446381603,0,0,0.7878787878787878,0.296117606364834
1786903058.9088297,2945,117.76,3,idle,idle,idle,0,0.0,0.85,0.005726864110698738,0.00816613090814565,0.020945897757408894,0.2846339108200239,0.4527152567935924,155.47165195352474,0.0,0.21212121212121213,0.21212121212121213,0.031176489395241987,0,0,0.7878787878787878,0.2949032875466415
1786903058.940661,2946,117.8,3,idle,idle,idle,0,0.0,0.85,0.009885375398162487,0.009712009380262593,0.04024531176880434,0.31012451136901614,0.42332306388680135,155.13283434945598,0.0,0.21212121212121213,0.21212121212121213,0.0320182609558102,0,0,0.7878787878787878,0.29453775153483347
1786903059.0099256,2947,117.84,3,idle,idle,idle,0,0.0,0.85,0.01112211466777029,0.014787894525490397,0.058765363417601725,0.3490585844776772,0.5535183311446888,154.99038389145343,0.0,0.21212121212121213,0.21212121212121213,0.03342749976857016,0,0,0.7878787878787878,0.29544732317518785
1786903059.0553303,2948,117.88,3,standing,idle,idle,0,0.0,0.75,0.015027281705126325,0.02341755230545163,0.0678269069080219,0.3876817540865821,0.6909571451523999,155.44048871238618,0.0,0.21212121212121213,0.21212121212121213,0.03492934429018371,0,0,0.7878787878787878,0.2976387579199473
1786903059.0866716,2949,117.92,3,standing,idle,idle,0,0.0,0.75,0.018853225497126893,0.030858936305543372,0.06802878189920147,0.41308619140023084,0.921880071779827,156.47413041698877,0.0,0.21212121212121213,0.21212121212121213,0.03622173471884269,0,0,0.7878787878787878,0.3006325630396848
1786903059.1346865,2950,117.96,3,standing,idle,idle,0,0.0,0.75,0.026020469433978788,0.04101320171793558,0.09473974199186082,0.4247591423431378,1.190335455781949,157.81831384586295,0.0,0.21212121212121213,0.21212121212121213,0.03803437765590732,0,0,0.7878787878787878,0.3039640104959789
1786903059.1647918,2951,118.0,3,standing,idle,idle,0,0.0,0.75,0.03351180891730928,0.045665265984707305,0.09546970235364698,0.44313634950166775,1.1829722931579685,159.39728068913726,0.0,0.21212121212121213,0.21212121212121213,0.039752082572879086,0,0,0.7878787878787878,0.3079072286286444
1786903059.2832155,2952,118.04,3,standing,standing,standing,0,0.0,0.75,0.048148213873693675,0.05513266657249581,0.10026307892626173,0.44938014789662356,1.2659100325977317,160.63767518125252,0.0,0.21212121212121213,0.21212121212121213,0.041344650315325415,0,0,0.7878787878787878,0.3121759331215192
1786903059.3316245,2953,118.08,3,walking,standing,standing,0,0.0,0.6,0.0595153870696044,0.06095401585796334,0.1084612185133031,0.45372509573186925,1.3340975095567023,160.91641172545633,0.0,0.24242424242424243,0.24242424242424243,0.04310579340196061,0,0,0.7575757575757576,0.3167072275913374
1786903059.3609035,2954,118.12,3,walking,standing,standing,0,0.0,0.6,0.07122650073820928,0.0751566028292025,0.11387776217273181,0.46185907956829303,1.318667448954112,160.03251750120356,0.0,0.2727272727272727,0.2727272727272727,0.04486607106869667,0,0,0.7272727272727273,0.3215220212888204
1786903059.4098914,2955,118.16,3,walking,standing,standing,0,0.0,0.6,0.07697856637140313,0.07981001739892499,0.11413649826236767,0.4787478638049942,1.5287718570125863,158.5036059484483,0.0,0.30303030303030304,0.30303030303030304,0.046626930781551286,0,0,0.696969696969697,0.32687500314083096
1786903059.4851148,2956,118.2,3,walking,standing,standing,0,0.0,0.6,0.08501733323641601,0.08838173377158677,0.1122685017547397,0.48680521139141775,1.7803739548475512,158.70876390109154,0.0,0.3333333333333333,0.3333333333333333,0.048414197239147874,0,0,0.6666666666666666,0.3325129843709773
1786903059.5145354,2957,118.24,3,walking,walking,walking,0,0.0,0.6,0.08870376211418769,0.0906873727310165,0.11853492308357581,0.4842775423521745,1.8072514407282043,160.03721683057512,0.0,0.36363636363636365,0.36363636363636365,0.05039510116548251,0,0,0.6363636363636364,0.33813376634414166
1786903059.546097,2958,118.28,3,walking,walking,walking,0,0.0,0.6,0.09301994996278673,0.09477806838997442,0.12559685392491748,0.47835551882474014,1.7923666246386472,160.75340503576848,0.0,0.3939393939393939,0.3939393939393939,0.05263272925836019,0,0,0.6060606060606061,0.3436456899396547
1786903059.6093526,2959,118.32,3,walking,walking,walking,0,0.0,0.6,0.09546411032161711,0.10068608228636859,0.1116474785012554,0.4755326188715349,1.749154176953126,161.1828836529348,0.0,0.42424242424242425,0.42424242424242425,0.05462675095115751,0,0,0.5757575757575758,0.34917653763798556
1786903059.6428425,2960,118.36,3,walking,walking,walking,0,0.0,0.6206976807857072,0.09434193528913236,0.1117255825414273,0.1223198368885509,0.48418962971687207,1.9204862014142208,161.63714525474964,0.0,0.42424242424242425,0.42424242424242425,0.05699230395383364,0,0,0.5757575757575758,0.3551241532251099
1786903059.6869817,2961,118.4,3,walking,walking,walking,0,0.0,0.643971597449242,0.0863677750067479,0.11591488754086357,0.12079070526046948,0.49222882667143697,2.4089093615032775,162.16400927551484,0.0,0.42424242424242425,0.42424242424242425,0.05949644490319142,0,0,0.5757575757575758,0.36143441018026534
1786903059.7356431,2962,118.44,3,carrying,walking,walking,0,0.0,0.603215368718106,0.0848956918388099,0.11200978786976828,0.12222585974743372,0.5053589478635101,3.1043586194185524,162.76203652851322,0.0,0.3939393939393939,0.42424242424242425,0.062141441069135626,0,0,0.5757575757575758,0.3681828342721746
1786903059.787074,2963,118.48,3,carrying,walking,walking,0,0.0,0.6177168276489163,0.08331260710297114,0.09970047539830683,0.12575235140722463,0.5295280460815273,4.064350130887369,163.9488415938568,0.0,0.36363636363636365,0.42424242424242425,0.06508467819437333,0,0,0.5757575757575758,0.3756953400871368
1786903059.8179927,2964,118.52,3,carrying,walking,walking,0,0.0,0.6288315767853164,0.0866990604880416,0.09563078906378228,0.13164084395254882,0.5480526279755275,5.2116892959350025,166.2818974377936,0.0,0.3333333333333333,0.42424242424242425,0.06825206448529086,0,0,0.5757575757575758,0.3838606490522165
1786903059.9081385,2965,118.56,3,carrying,walking,walking,0,0.0,0.6165013895362225,0.08515357445404272,0.08581113378561214,0.16164448430962575,0.5275023158937042,6.339802043641972,168.94408317523508,0.0,0.30303030303030304,0.42424242424242425,0.07221772739467587,0,0,0.5757575757575758,0.3914515509447094
1786903059.9398665,2966,118.6,3,carrying,carrying,carrying,0,0.0,0.6072935531778758,0.08803768879425732,0.07804784584767537,0.16708476995936433,0.5121559219631264,7.499135109703576,170.8654530652704,0.0,0.2727272727272727,0.42424242424242425,0.07640340269354134,0,0,0.5757575757575758,0.39851495142061727
1786903059.9704168,2967,118.64,3,walking,carrying,carrying,0,0.0,0.6,0.08593897605804007,0.06827902268883113,0.18226432750218968,0.5223579400772799,8.760689491669979,171.47604741982428,0.0,0.30303030303030304,0.45454545454545453,0.08112536096159555,0,0,0.5454545454545454,0.40582214021934754
1786903060.0177412,2968,118.68,3,walking,carrying,carrying,0,0.0,0.6,0.08105901218379334,0.05451695283258756,0.2012489842746189,0.5326866077286436,10.383541968744078,171.78055107417956,0.0,0.3333333333333333,0.48484848484848486,0.08644950176586041,0,0,0.5151515151515151,0.41334563589460716
1786903060.0582688,2969,118.72,3,standing,carrying,carrying,0,0.0,0.75,0.0766286131216725,0.041190154703340545,0.20715109495375955,0.5487750410152011,12.024551906909837,171.89633866593164,0.0,0.3333333333333333,0.48484848484848486,0.09198715069477509,0,0,0.5151515151515151,0.4212792757637626
1786903060.154281,2970,118.76,3,standing,carrying,carrying,0,0.0,0.75,0.07452160640098462,0.030416088889234336,0.20519862619227888,0.5647148085869036,13.92253281694524,171.61734374479877,0.0,0.3333333333333333,0.48484848484848486,0.09749165595080175,0,0,0.5151515151515151,0.429672502716798
1786903060.2052178,2971,118.8,3,standing,carrying,carrying,0,0.0,0.75,0.07146028665240103,0.033574968836735504,0.21430649901395307,0.5910214412651549,15.779626805314603,171.36102242027033,0.0,0.3333333333333333,0.48484848484848486,0.10331321307002214,0,0,0.5151515151515151,0.43884615484345174
1786903060.2432706,2972,118.84,3,standing,carrying,carrying,0,0.0,0.75,0.06547531312432442,0.03466838704260904,0.22449113900746007,0.624124741525975,17.01455211636526,171.68668657391544,0.0,0.3333333333333333,0.48484848484848486,0.10947412908048966,0,0,0.5151515151515151,0.4490035326085595
1786903060.3115566,2973,118.88,3,standing,standing,standing,0,0.0,0.75,0.052437831894432914,0.03696692825661923,0.23125598355645144,0.6500647766321016,18.3306087606012,172.25239860145203,0.0,0.3333333333333333,0.48484848484848486,0.11588189310715599,0,0,0.5151515151515151,0.4598938076017578
1786903060.3833055,2974,118.92,3,standing,standing,standing,0,0.0,0.75,0.04707202794318813,0.03833979719890236,0.21547575025565166,0.674239310853764,20.052147809282133,172.45762283379977,0.0,0.3333333333333333,0.48484848484848486,0.12192622153908775,0,0,0.5151515151515151,0.471468693949144
1786903060.416662,2975,118.96,3,standing,standing,standing,0,0.0,0.75,0.041465277385463684,0.04127512402128725,0.23966772106392042,0.7388469237192028,21.46302865492283,172.78751896328507,0.0,0.3333333333333333,0.48484848484848486,0.12879166005681497,0,0,0.5151515151515151,0.4849810557157969
1786903060.4481997,2976,119.0,3,standing,standing,standing,0,0.0,0.75,0.03915056543953539,0.04106379481853153,0.2466246382260881,0.8143511829801842,23.034724371895607,172.6409079952604,0.0,0.3333333333333333,0.48484848484848486,0.13589414024004687,0,0,0.5151515151515151,0.5008500334319255
1786903060.5903573,2977,119.04,3,standing,standing,standing,0,0.0,0.75,0.046897762558575945,0.04601935671686762,0.2811921122448727,0.8731573344970028,24.588751053742996,172.19475872216037,0.0,0.3333333333333333,0.48484848484848486,0.14397405300158062,0,0,0.5151515151515151,0.5186218165905182
1786903060.62543,2978,119.08,3,standing,standing,standing,0,0.0,0.75,0.051348175084227905,0.0596854002678456,0.27345661309053404,0.9237702029178154,25.552515729822964,172.42120460194673,0.0,0.3333333333333333,0.48484848484848486,0.1516258928601602,0,0,0.5151515151515151,0.537989583017724
1786903060.6580212,2979,119.12,3,walking,standing,standing,0,0.0,0.6,0.048616979614648594,0.07122933811779902,0.30981166245244224,0.9606979030123277,26.164513433035985,171.58878591083743,0.0,0.36363636363636365,0.5151515151515151,0.15979457015360374,0,0,0.48484848484848486,0.5577039282190365
1786903060.7566495,2980,119.16,3,walking,standing,standing,0,0.0,0.6,0.04312874411795032,0.08014873026639019,0.32837825726979686,0.9652783758263568,25.47250985500268,170.54765219251354,0.0,0.3939393939393939,0.5454545454545454,0.16796465784609452,0,0,0.45454545454545453,0.5763772552296026
1786903060.7894113,2981,119.2,3,walking,standing,standing,0,0.0,0.6,0.039672890134670416,0.09560002961966499,0.333630558736294,0.945805430590404,24.556162589471207,169.71023368504402,0.0,0.42424242424242425,0.5757575757575758,0.1760193139621028,0,0,0.42424242424242425,0.5932900939115365
1786903060.820421,2982,119.24,3,walking,standing,standing,0,0.0,0.6,0.04904550527405289,0.09411193644440181,0.3263348166803331,0.8973164254041346,23.60038054242961,168.65841581775172,0.0,0.45454545454545453,0.6060606060606061,0.18384676956153098,0,0,0.3939393939393939,0.6079637373662002
1786903060.8712711,2983,119.28,3,walking,walking,walking,0,0.0,0.6,0.049867836155709604,0.09349565110809892,0.31725136223201494,0.8528663007193774,22.346019973489497,167.90535661953595,0.0,0.48484848484848486,0.6363636363636364,0.19058954593244473,0,0,0.36363636363636365,0.6209366815594196
1786903060.913644,2984,119.32,3,walking,walking,walking,0,0.0,0.6304692623862471,0.049278075884767354,0.11348446722952447,0.3278846711655363,0.7872658783322466,20.738142422316834,166.96978469783735,0.0,0.5151515151515151,0.6666666666666666,0.1976324237752293,0,0,0.3333333333333333,0.6313648490997402
1786903060.9463098,2985,119.36,3,walking,walking,walking,0,0.0,0.6930936074721159,0.04890036599372066,0.12475684934498085,0.3144708295356428,0.7215319942685045,18.897516548214107,166.097973081004,0.0,0.5454545454545454,0.696969696969697,0.20412356773308934,0,0,0.30303030303030304,0.6396118747473729
1786903061.005857,2986,119.4,3,walking,walking,walking,0,0.0,0.708693609655172,0.040306735164282285,0.12756484973793097,0.2697519345806139,0.6364783120753412,17.087261772151827,165.50067519144721,0.0,0.5454545454545454,0.696969696969697,0.2090111651896745,0,0,0.30303030303030304,0.6451498510002054
1786903061.0380063,2987,119.44,3,walking,walking,walking,0,0.0,0.6396894899495646,0.0357799190805623,0.11514410819092163,0.28457913959381487,0.5481999952238458,15.409694798424358,164.13795001095397,0.0,0.5454545454545454,0.696969696969697,0.2141839342024346,0,0,0.30303030303030304,0.6477662423837071
1786903061.0977337,2988,119.48,3,walking,walking,walking,0,0.0,0.6490599333293307,0.040920116637612115,0.11683078799927953,0.25622880345200105,0.44511099129623033,13.896786856417782,162.59506878541106,0.0,0.5454545454545454,0.696969696969697,0.21848976163242348,0,0,0.30303030303030304,0.6467469432167748
1786903061.1619825,2989,119.52,3,walking,walking,walking,0,0.0,0.6042475670981232,0.050105832493426365,0.10876456207766218,0.23252277974816205,0.3562360918344926,12.742040104846978,160.47916417495466,0.0,0.5454545454545454,0.696969696969697,0.2221338306625272,0,0,0.30303030303030304,0.6427903032302015
1786903061.1939056,2990,119.56,3,walking,walking,walking,0,0.0,0.6,0.05113703215775284,0.09307513595519785,0.2212845485422189,0.3525674350587254,13.355932291296003,158.087246761558,0.0,0.5454545454545454,0.696969696969697,0.22524745567642546,0,0,0.30303030303030304,0.6387990878576725
1786903061.2243955,2991,119.6,3,walking,walking,walking,0,0.0,0.6,0.04513694362033529,0.09455248099113917,0.21701143971925171,0.36684825530694204,14.231173392869872,155.49175581101528,0.0,0.5454545454545454,0.696969696969697,0.22801759463989013,0,0,0.30303030303030304,0.6354200798722848
1786903061.2817001,2992,119.64,3,walking,walking,walking,0,0.0,0.6,0.0520448588639236,0.09914241137041792,0.24140628227031735,0.3637309708833794,14.585710851161261,153.9311928368225,0.0,0.5454545454545454,0.696969696969697,0.23194967960258897,0,0,0.30303030303030304,0.6320321511453711
1786903061.3111348,2993,119.68,3,walking,walking,walking,0,0.0,0.6,0.050138101848189454,0.07525892469007976,0.17853488139440368,0.34397696632069313,14.868302360142696,152.88076216679627,0.0,0.5454545454545454,0.696969696969697,0.23365316579973602,0,0,0.30303030303030304,0.627783282557608
1786903061.3547835,2994,119.72,3,walking,walking,walking,0,0.0,0.6,0.04706349719401441,0.06617872654688026,0.20734247761101277,0.3639548167183792,15.022598979070787,153.01930896935227,0.0,0.5454545454545454,0.696969696969697,0.2362759467800555,0,0,0.30303030303030304,0.6238961913469093
1786903061.4027119,2995,119.76,3,standing,walking,walking,0,0.0,0.75,0.04740906712428356,0.056995303342768255,0.1963693410447324,0.48568229254489975,15.92897983059965,152.7436394305771,0.0,0.5454545454545454,0.6666666666666666,0.23852271894057975,0,0,0.3333333333333333,0.6232999290645272
1786903061.4365747,2996,119.8,3,standing,walking,walking,0,0.0,0.75,0.047611254646675275,0.059020189582371145,0.19983866451603022,0.5207074804189696,16.525649263174707,152.0677220496434,0.0,0.5454545454545454,0.6363636363636364,0.24076775873175565,0,0,0.36363636363636365,0.6230326391959647
1786903061.5108426,2997,119.84,3,standing,walking,walking,0,0.0,0.75,0.04440424513761102,0.04500658129766291,0.1853682572947694,0.5356038107749613,17.341120168437275,152.59291238482274,0.0,0.5454545454545454,0.6060606060606061,0.24239586216636838,0,0,0.3939393939393939,0.6226554023110991
1786903061.5726962,2998,119.88,3,standing,walking,walking,0,0.0,0.75,0.03690705743699449,0.04005700458835402,0.16741956678793313,0.5756037951180375,18.31642625654232,152.99145693639912,0.0,0.5454545454545454,0.5757575757575758,0.242570864665711,0,0,0.42424242424242425,0.6241130228936547
1786903061.603147,2999,119.92,3,standing,standing,standing,0,0.0,0.75,0.03744365871700189,0.04139501239988329,0.15487134168386346,0.5974313792927922,18.99309420448975,154.81361525986443,0.0,0.5454545454545454,0.5454545454545454,0.24220076077857464,0,0,0.45454545454545453,0.6266971276612203
1786903061.6345224,3000,119.96,3,standing,standing,standing,0,0.0,0.75,0.036545736345958965,0.040491925245437814,0.15510575316512362,0.6088642757064494,18.529972637247642,158.08960985585844,0.0,0.5151515151515151,0.5151515151515151,0.24137777367745142,0,0,0.48484848484848486,0.6293185317711951
1786903061.6948307,3001,120.0,3,standing,standing,standing,0,0.0,0.75,0.03141162318512622,0.03892150948608934,0.1307202270001691,0.6169231742772733,17.822983270840034,160.31943434547554,0.0,0.48484848484848486,0.48484848484848486,0.2392405386085287,0,0,0.5151515151515151,0.6318711549999414
1786903061.7325182,3002,120.04,3,standing,standing,standing,0,0.0,0.75,0.032980834945734755,0.04351522377984552,0.13041174444573567,0.6279360807114661,18.08111050093138,161.02370306410924,0.0,0.48484848484848486,0.48484848484848486,0.23691510374464922,0,0,0.5151515151515151,0.6342699743846769
1786903061.7836864,3003,120.08,3,standing,standing,standing,0,0.0,0.75,0.043196722295150404,0.04245743892105334,0.11794238610777678,0.6288003214022635,17.88232212066179,160.8226377939133,0.0,0.48484848484848486,0.48484848484848486,0.23427097525724006,0,0,0.5151515151515151,0.6362119596215058
1786903061.8424473,3004,120.12,3,standing,standing,standing,0,0.0,0.75,0.04790323168934392,0.042918612652976744,0.13288294330583045,0.6504353301502123,17.15197267077419,158.50333223231644,0.0,0.48484848484848486,0.48484848484848486,0.23180359478123633,0,0,0.5151515151515151,0.6380123804968106
1786903061.8791232,3005,120.16,3,standing,standing,standing,0,0.0,0.75,0.05236166158516522,0.045618424903713234,0.1390807384037316,0.6077000249013618,15.53629406267471,156.58290970504345,0.0,0.48484848484848486,0.48484848484848486,0.22921540082354758,0,0,0.5151515151515151,0.6375146618112163
1786903061.9154668,3006,120.2,3,standing,standing,standing,0,0.0,0.75,0.053853296534182124,0.05334692273604154,0.15501718283348423,0.6289330651482433,13.831525837454198,155.7319029254954,0.0,0.48484848484848486,0.48484848484848486,0.22690513413497285,0,0,0.5151515151515151,0.6368743069177661
1786903062.005611,3007,120.24,3,standing,standing,standing,0,0.0,0.75,0.054979028346311486,0.053957849676596836,0.15742944710557355,0.6523784842273301,11.864025581904986,153.9664334050668,0.0,0.48484848484848486,0.48484848484848486,0.22514615525163711,0,0,0.5151515151515151,0.6362118576260559
1786903062.1175122,3008,120.28,3,standing,standing,standing,0,0.0,0.75,0.056407500555253516,0.05469619001615973,0.15286172353000294,0.68249157318688,9.9202198276077,151.6716144301045,0.0,0.48484848484848486,0.48484848484848486,0.22251567047788207,0,0,0.5151515151515151,0.6345041197311371
1786903062.1534836,3009,120.32,3,carrying,standing,standing,0,0.0,0.735425235377781,0.059043544040262935,0.060937321151280144,0.15823354795576916,0.7257087256296352,8.00534232478524,149.0663489064515,0.0,0.48484848484848486,0.5151515151515151,0.21983715259090267,0,0,0.48484848484848486,0.6318179846599083
1786903062.2157195,3010,120.36,3,carrying,standing,standing,0,0.0,0.760769333480708,0.056285699221948086,0.06439506423815372,0.15313618941507612,0.7679488891345134,6.253554372066519,145.37399100755925,0.0,0.48484848484848486,0.5454545454545454,0.21595667008090885,0,0,0.45454545454545453,0.6286298499519541
1786903062.2706478,3011,120.4,3,carrying,standing,standing,0,0.0,0.784004512436209,0.056092136183978014,0.0673805403416004,0.15124987005217017,0.8066741873936816,4.938460207863254,142.49161699531643,0.0,0.48484848484848486,0.5757575757575758,0.21225343544338268,0,0,0.42424242424242425,0.6250814858451622
1786903062.310258,3012,120.44,3,carrying,standing,standing,0,0.0,0.800433085208879,0.050793981892078545,0.07115307019582895,0.1458542390194419,0.8340551420147984,3.5966307071555783,142.46722078652436,0.0,0.45454545454545453,0.5757575757575758,0.2072850286726857,0,0,0.42424242424242425,0.6212438264209946
1786903062.3613734,3013,120.48,3,carrying,carrying,carrying,0,0.0,0.8231994803321475,0.0511209962927856,0.0838781881544102,0.1433644188351752,0.8719991338869126,2.5497300198925936,144.0585346199567,0.0,0.42424242424242425,0.5757575757575758,0.20167854872012142,0,0,0.42424242424242425,0.6184171827258599
1786903062.4500513,3014,120.52,3,carrying,carrying,carrying,0,0.0,0.8273090998846302,0.0540103992600695,0.09036598670499407,0.14583904814992615,0.878848499807717,2.162083128136884,146.97740905602686,0.0,0.3939393939393939,0.5757575757575758,0.19598789688417087,0,0,0.42424242424242425,0.6163881848233542
1786903062.480557,3015,120.56,3,carrying,carrying,carrying,0,0.0,0.825628159023862,0.05650169122293422,0.10223022640997555,0.14666217103511411,0.8760469317064367,2.208091479129007,150.22116260881182,0.0,0.36363636363636365,0.5757575757575758,0.1905432712585582,0,0,0.42424242424242425,0.6157436547113028
1786903062.5321498,3016,120.6,3,carrying,carrying,carrying,0,0.0,0.813654170043304,0.06211471545313285,0.11520776818132068,0.1466901642472009,0.8560902834055067,2.181168015876202,152.22295428537333,0.0,0.3333333333333333,0.5757575757575758,0.1853747501075032,0,0,0.42424242424242425,0.6158413511563371
1786903062.600412,3017,120.64,3,carrying,carrying,carrying,0,0.0,0.7948137015049218,0.06891054638365718,0.12253783363442167,0.15642604652273157,0.824689502508203,2.099205602508588,155.21006086796638,0.0,0.30303030303030304,0.5757575757575758,0.18017903420923637,0,0,0.42424242424242425,0.6169754003737903
1786903062.6335416,3018,120.68,3,carrying,carrying,carrying,0,0.0,0.7736592739960133,0.07392398783852502,0.13626598762328845,0.15626254941967596,0.789432123326689,1.860806280771064,158.9773010650509,0.0,0.2727272727272727,0.5757575757575758,0.17538484390269193,0,0,0.42424242424242425,0.6190329800422201
1786903062.695147,3019,120.72,3,carrying,carrying,carrying,0,0.0,0.7482321903691228,0.08615897236458957,0.1417964756091828,0.15975748439946472,0.7470536506152048,1.9387528872691173,163.26729790151862,0.0,0.24242424242424243,0.5757575757575758,0.1720516787456874,0,0,0.42424242424242425,0.6223837478767614
1786903062.7273674,3020,120.76,3,carrying,carrying,carrying,0,0.0,0.7226814008568152,0.09785199284018492,0.14872831694007715,0.1607586542593231,0.7044690014280255,2.052680225610463,167.03132149072925,0.0,0.21212121212121213,0.5757575757575758,0.1682995428264604,0,0,0.42424242424242425,0.6271191723071912
1786903062.7949939,3021,120.8,3,carrying,carrying,carrying,0,0.0,0.6997764490475601,0.11164937664909183,0.15069565731725215,0.16634505467399274,0.6662940817459335,2.0763703774809548,170.8170706618102,0.0,0.18181818181818182,0.5757575757575758,0.16557579286349045,0,0,0.42424242424242425,0.6338216901996063
1786903062.8616192,3022,120.84,3,carrying,carrying,carrying,0,0.0,0.6777560311133762,0.12466176934952419,0.14135744657099097,0.16644099955063466,0.6295933851889604,2.5341414038178316,172.4483747114188,0.0,0.15151515151515152,0.5757575757575758,0.1635733146756866,0,0,0.42424242424242425,0.6421052445436811
1786903062.893202,3023,120.88,3,carrying,carrying,carrying,0,0.0,0.6579378632107356,0.13447889022745274,0.14319619569309208,0.1616705822290242,0.5965631053512259,3.4120984904943206,172.6398468299987,0.0,0.12121212121212122,0.5757575757575758,0.16176683084801402,0,0,0.42424242424242425,0.649499052734363
1786903062.931762,3024,120.92,3,carrying,carrying,carrying,0,0.0,0.6486587816334412,0.1398244052472418,0.14243893200514723,0.1580928212202907,0.5810979693890687,4.356118132975334,173.01330727238505,0.0,0.09090909090909091,0.5757575757575758,0.15998141816622732,0,0,0.42424242424242425,0.6559914683126092
1786903062.9813552,3025,120.96,3,carrying,carrying,carrying,0,0.0,0.6473854717907064,0.14622340978419812,0.1464059274401347,0.16075818469174447,0.578975786317844,5.343709502802566,172.46391165463493,0.0,0.06060606060606061,0.5757575757575758,0.1575375364214221,0,0,0.42424242424242425,0.6625140384772901
1786903063.049084,3026,121.0,3,carrying,carrying,carrying,0,0.0,0.652385136405816,0.14209053924803355,0.15684323323861393,0.15303463730202652,0.5873085606763601,6.302843418824095,170.4857184867501,0.0,0.030303030303030304,0.5757575757575758,0.1567648017519561,0,0,0.42424242424242425,0.6698877231547344
1786903063.0800989,3027,121.04,3,carrying,carrying,carrying,0,0.0,0.6602664280514614,0.13700138850844332,0.14629478179380614,0.14550441296862193,0.6004440467524358,6.965560197224749,167.95987527006747,0.0,0.0,0.5757575757575758,0.154890921005217,0,0,0.42424242424242425,0.6770540634587968
1786903063.1651974,3028,121.08,3,carrying,carrying,carrying,0,0.0,0.6635440185327717,0.12402896928408252,0.14037227428504215,0.1410068854706163,0.6059066975546195,7.541062291676562,165.68207575189808,0.0,0.0,0.6060606060606061,0.15321327083630437,0,0,0.3939393939393939,0.68069722724697
1786903063.1974406,3029,121.12,3,carrying,carrying,carrying,0,0.0,0.6612782427424249,0.11208804210976991,0.13048219775908454,0.13362687944662188,0.6021304045707081,7.576827184148831,164.057788244402,0.0,0.0,0.6363636363636364,0.15120685310692836,0,0,0.36363636363636365,0.6831645885849016
1786903063.2535765,3030,121.16,3,carrying,carrying,carrying,0,0.0,0.6550800052556977,0.09382488757186931,0.12856880634862627,0.12103010815563175,0.5918000087594961,7.592527225597275,163.30492111019117,0.0,0.0,0.6666666666666666,0.14925721222392418,0,0,0.3333333333333333,0.684867503675342
1786903063.3266683,3031,121.2,3,carrying,carrying,carrying,0,0.0,0.6464885493533781,0.07961541749739928,0.13917314039267406,0.11081031337699858,0.5774809155889635,7.261020352377985,162.9185923876254,0.0,0.0,0.696969696969697,0.14754178030238074,0,0,0.30303030303030304,0.684924386113855
1786903063.359602,3032,121.24,3,carrying,carrying,carrying,0,0.0,0.6384160632923721,0.06444282947211058,0.13444073107065335,0.09808842420415713,0.5640267721539535,6.499756448523447,162.25822022058702,0.0,0.0,0.7272727272727273,0.14582108583329872,0,0,0.2727272727272727,0.6839121252914659
1786903063.3912065,3033,121.28,3,carrying,carrying,carrying,0,0.0,0.6335299123490001,0.056141599991637245,0.12007497081925728,0.09067079460383975,0.5558831872483336,5.648945901663438,161.68723651051408,0.0,0.0,0.7575757575757576,0.14386851133144163,0,0,0.24242424242424243,0.682306637762432
1786903063.4620569,3034,121.32,3,walking,carrying,carrying,0,0.0,0.6,0.04421937879390484,0.10479739749447481,0.08046742975738344,0.5507284563674142,4.580574811617672,161.0474842463303,0.0,0.030303030303030304,0.7878787878787878,0.14234569929378144,0,0,0.21212121212121213,0.680300737219709
1786903063.4936814,3035,121.36,3,walking,carrying,carrying,0,0.0,0.6,0.042178217105876964,0.08220947478196367,0.07698114923528986,0.5409079497350706,3.7665988717451016,161.58670250083415,0.0,0.06060606060606061,0.8181818181818182,0.14072659034801038,0,0,0.18181818181818182,0.6776635211295153
1786903063.525697,3036,121.4,3,walking,carrying,carrying,0,0.0,0.6,0.04146044652564977,0.07047138580143346,0.07567743611525117,0.5252790846437595,3.314920404159216,163.52296019499394,0.0,0.09090909090909091,0.8484848484848485,0.1394458342876308,0,0,0.15151515151515152,0.6745265139550151
1786903063.580104,3037,121.44,3,walking,carrying,carrying,0,0.0,0.6,0.043568737057342787,0.06118882013401935,0.0743730610754853,0.5059629980307077,3.3772350068931742,165.4769294501828,0.0,0.12121212121212122,0.8787878787878788,0.13767280755337793,0,0,0.12121212121212122,0.6701485644968482
1786903063.610271,3038,121.48,3,standing,walking,walking,0,0.0,0.75,0.04142061116620132,0.057395213502335896,0.07083899031224948,0.48566704172030023,3.5939283485724176,166.9374208462653,0.0,0.12121212121212122,0.8787878787878788,0.13560487579303,0,0,0.12121212121212122,0.6664505953095434
1786903063.6701322,3039,121.52,3,standing,walking,walking,0,0.0,0.75,0.041810023912329755,0.053074787730800654,0.06767966116543717,0.4647549015354409,4.009997340289474,167.71538337378792,0.0,0.12121212121212122,0.8787878787878788,0.13295828422733158,0,0,0.12121212121212122,0.6614754994424887
1786903063.7186677,3040,121.56,3,standing,walking,walking,0,0.0,0.75,0.03473481036893707,0.03999694173010455,0.06518514206637843,0.4470000926022853,4.656998192657566,168.19991883677642,0.0,0.12121212121212122,0.8787878787878788,0.13016300225644692,0,0,0.12121212121212122,0.6552519118174874
1786903063.7599902,3041,121.6,3,standing,walking,walking,0,0.0,0.75,0.030359419755780864,0.028818434346382975,0.059610223977687816,0.42961015693708315,5.384270627977733,168.00438011871887,0.0,0.12121212121212122,0.8787878787878788,0.12733719923971007,0,0,0.12121212121212122,0.6475888385977966
1786903063.7926202,3042,121.64,3,standing,standing,standing,0,0.0,0.75,0.02645779107410489,0.02254181782488215,0.051208356536243366,0.415607816387676,6.2164683411129635,167.88789877275417,0.0,0.12121212121212122,0.8484848484848485,0.12409401162093656,0,0,0.15151515151515152,0.6381918413480403
1786903063.8420396,3043,121.68,3,standing,standing,standing,0,0.0,0.75,0.022872526676877728,0.018209171152609508,0.05067827513858332,0.3998906791737499,6.821931742389429,167.57470534762524,0.0,0.12121212121212122,0.8181818181818182,0.12098922633983072,0,0,0.18181818181818182,0.6270385622583202
1786903063.8862498,3044,121.72,3,standing,standing,standing,0,0.0,0.75,0.020391285723362525,0.017134808768402163,0.04759256991809437,0.3795375883433152,7.587962724689538,167.2879232985605,0.0,0.12121212121212122,0.7878787878787878,0.1178480960327375,0,0,0.21212121212121213,0.6140950289537636
1786903063.9157794,3045,121.76,3,standing,standing,standing,0,0.0,0.75,0.017206817935322773,0.015629577072106264,0.04628167052229951,0.3616773585537869,8.08882872835396,166.44388775013135,0.0,0.12121212121212122,0.7575757575757576,0.11483074547221804,0,0,0.24242424242424243,0.5997805506670664
1786903063.9667878,3046,121.8,3,idle,standing,standing,0,0.0,0.85,0.013830565237582297,0.014182810773085435,0.040704121111549835,0.3479307349369638,8.570280056460279,166.49407072694754,0.0,0.12121212121212122,0.7272727272727273,0.11171982735938091,0,0,0.2727272727272727,0.5838996900928255
1786903064.0126286,3047,121.84,3,idle,standing,standing,0,0.0,0.85,0.012745093614821158,0.011293555506732639,0.039762810668014924,0.34284146312066077,8.803560587747597,166.6943267945592,0.0,0.12121212121212122,0.696969696969697,0.10850539592053512,0,0,0.30303030303030304,0.5676570526174601
1786903064.0518126,3048,121.88,3,idle,standing,standing,0,0.0,0.85,0.012632340327344069,0.010586748410210765,0.03530523292741175,0.34495884827282625,8.946650556040355,166.9122299462336,0.0,0.12121212121212122,0.6666666666666666,0.10513094325060474,0,0,0.3333333333333333,0.5515634743315929
1786903064.118796,3049,121.92,3,idle,standing,standing,0,0.0,0.85,0.013904513339927859,0.009078586667514942,0.029826756031971935,0.35067881948326984,9.292147248325547,167.18199000533818,0.0,0.12121212121212122,0.6363636363636364,0.10158962785014326,0,0,0.36363636363636365,0.5362479754248587
1786903064.151778,3050,121.96,3,standing,idle,idle,0,0.0,0.75,0.015650947264977243,0.00998630054966785,0.030918984286421196,0.35306211492591777,9.448041129893069,167.51706132459051,0.0,0.12121212121212122,0.6060606060606061,0.09778638353995203,0,0,0.3939393939393939,0.5219562364072137
1786903064.2052262,3051,122.0,3,idle,idle,idle,0,0.0,0.85,0.014494760730184889,0.009957393179072342,0.0313039009082769,0.3541269733239865,9.691252549261765,168.12394608016973,0.0,0.12121212121212122,0.5757575757575758,0.0939997578274854,0,0,0.42424242424242425,0.5087651712556165
1786903064.2910423,3052,122.04,3,idle,idle,idle,0,0.0,0.85,0.01344100833425359,0.01078086749939254,0.029065542210333726,0.35460323752432515,9.775205817290503,168.48470249193835,0.0,0.12121212121212122,0.5454545454545454,0.09003939594296628,0,0,0.45454545454545453,0.4968727344952869
1786903064.3366742,3053,122.08,3,idle,idle,idle,0,0.0,0.85,0.011147585729492846,0.013004657725125435,0.02785596276252809,0.3567358054999334,9.933097322848859,168.93617514311282,0.0,0.12121212121212122,0.5151515151515151,0.08601204165518461,0,0,0.48484848484848486,0.48633536492170837
1786903064.367205,3054,122.12,3,idle,idle,idle,0,0.0,0.85,0.009718478164879904,0.01508154379480363,0.02398618654735823,0.3581451511917141,9.937401801893747,169.2714731693154,0.0,0.12121212121212122,0.48484848484848486,0.08169813656043812,0,0,0.5151515151515151,0.4769975185412774
1786903064.4163315,3055,122.16,3,idle,idle,idle,0,0.0,0.85,0.009253433631285238,0.015534332569723204,0.021792520467696103,0.35741796580320717,9.979407923360425,169.93178388519047,0.0,0.12121212121212122,0.45454545454545453,0.07731484931550059,0,0,0.5454545454545454,0.468749778559891
1786903064.4477253,3056,122.2,3,idle,idle,idle,0,0.0,0.85,0.008424232166550886,0.01617189031122729,0.020185401694033458,0.3569530531404698,9.932007418253912,169.89608686284072,0.0,0.12121212121212122,0.42424242424242425,0.07302741960231904,0,0,0.5757575757575758,0.46148886788683785
1786903064.4788551,3057,122.24,3,idle,idle,idle,0,0.0,0.85,0.007386640136585946,0.015502512040368276,0.018935792324723345,0.3543793455687765,9.925616901799122,170.0049479432768,0.0,0.12121212121212122,0.3939393939393939,0.06881053993881703,0,0,0.6060606060606061,0.45461860655895014
1786903064.5620162,3058,122.28,3,idle,idle,idle,0,0.0,0.85,0.005073859458864132,0.016429910663286054,0.018503116117473337,0.3489581130048235,9.99977507964007,170.22919762482854,0.0,0.12121212121212122,0.36363636363636365,0.06449978028505121,0,0,0.6363636363636364,0.4476483740343131
1786903064.592819,3059,122.32,3,idle,idle,idle,0,0.0,0.85,0.003996634987508229,0.014829829213266758,0.015967534480940664,0.3442265897276257,10.05001550069421,170.16925613016056,0.0,0.12121212121212122,0.3333333333333333,0.06034623171471528,0,0,0.6666666666666666,0.4402822537025333
1786903064.6267178,3060,122.36,3,idle,idle,idle,0,0.0,0.85,0.0042382050336392555,0.014631330265277069,0.014853010775136047,0.343187522218463,10.073271154334908,170.08306563956302,0.0,0.12121212121212122,0.30303030303030304,0.056387098314912676,0,0,0.696969696969697,0.4324866014439281
1786903064.7016137,3061,122.4,3,idle,idle,idle,0,0.0,0.85,0.004355196998301208,0.013920405567883206,0.012932794633427924,0.34369900107543555,10.1148201290741,169.82275429531822,0.0,0.12121212121212122,0.2727272727272727,0.052506065259240293,0,0,0.7272727272727273,0.4245409136718316
1786903064.7753248,3062,122.44,3,idle,idle,idle,0,0.0,0.85,0.0050478587186908175,0.011693451186490083,0.012950530792413595,0.34363454676276894,10.242224425618662,169.66661378839427,0.0,0.12121212121212122,0.24242424242424243,0.04884920620911277,0,0,0.7575757575757576,0.4167077058594698
1786903064.8106122,3063,122.48,3,idle,idle,idle,0,0.0,0.85,0.005813899437869303,0.010566383419434423,0.013247264247977009,0.3423392019845912,10.396507878051787,169.53875302350545,0.0,0.12121212121212122,0.21212121212121213,0.045583059424032325,0,0,0.7878787878787878,0.4091482874723515
1786903064.8602042,3064,122.52,3,idle,idle,idle,0,0.0,0.85,0.00548321055075092,0.011732960833076431,0.014186131017140023,0.3407483422396601,10.53783205408629,169.59403066751437,0.0,0.12121212121212122,0.18181818181818182,0.042655053897976004,0,0,0.8181818181818182,0.40197457312843327
1786903064.8923147,3065,122.56,3,idle,idle,idle,0,0.0,0.85,0.006062351536250794,0.01274695930707341,0.013345496273705031,0.34270110725757424,10.650881053254647,169.34405597560698,0.0,0.12121212121212122,0.15151515151515152,0.040087086384932004,0,0,0.8484848484848485,0.39526773479823984
1786903064.9335365,3066,122.6,3,idle,idle,idle,0,0.0,0.85,0.0059114642157173415,0.013492257145473441,0.013997313465504415,0.3420604864543747,10.792932157445627,169.28691851375442,0.0,0.12121212121212122,0.12121212121212122,0.037763647562558206,0,0,0.8787878787878788,0.3887882590166048
1786903065.0130486,3067,122.64,3,idle,idle,idle,0,0.0,0.85,0.006353730673207046,0.013087461614247441,0.012738004715940464,0.3413274411591649,10.926310983477137,169.2318794696029,0.0,0.09090909090909091,0.09090909090909091,0.035711240743120536,0,0,0.9090909090909091,0.38244277370726387
1786903065.0439734,3068,122.68,3,idle,idle,idle,0,0.0,0.85,0.006052095857753573,0.015528970251605538,0.013866352459081582,0.34161653216218285,11.038009961241638,169.03275249108964,0.0,0.06060606060606061,0.06060606060606061,0.0337986711438415,0,0,0.9393939393939394,0.3764036398414188
1786903065.0802813,3069,122.72,3,idle,idle,idle,0,0.0,0.85,0.00595945345400817,0.01643378374453709,0.01460231721275017,0.34275914800903284,11.177856723513743,168.75988915885318,0.0,0.030303030303030304,0.030303030303030304,0.03194790996497784,0,0,0.9696969696969697,0.37087273267066956
1786903065.136569,3070,122.76,3,idle,idle,idle,0,0.0,0.85,0.005847016181731353,0.017132027215957524,0.01604940575655538,0.343878814912125,11.238570911004809,168.6923153511365,0.0,0.0,0.0,0.030180526470464805,0,0,1.0,0.3659610907579852
1786903065.1784387,3071,122.8,3,idle,idle,idle,0,0.0,0.85,0.005029882552376973,0.018274221426639002,0.016932896175430125,0.3459072514944591,11.342512063088293,168.45962590169435,0.0,0.0,0.0,0.028547008466318767,0,0,1.0,0.3617259455996264
1786903065.2132852,3072,122.84,3,idle,idle,idle,0,0.0,0.85,0.0054802004355135785,0.017730880148556432,0.017060106646139085,0.3472017581831909,11.408598612625426,168.31516717174836,0.0,0.0,0.0,0.02701308257179458,0,0,1.0,0.35816372913440664
1786903065.2723572,3073,122.88,3,idle,idle,idle,0,0.0,0.85,0.0062374717453578706,0.018166305386880667,0.0188321505768495,0.3460288376236576,11.452940116327728,168.43094735838136,0.0,0.0,0.0,0.025608446466051277,0,0,1.0,0.35510399413505433
1786903065.3041952,3074,122.92,3,idle,idle,idle,0,0.0,0.85,0.0065415621889570435,0.016978891520535264,0.017855466017397917,0.34708580525435534,11.45756195062226,168.43897810231556,0.0,0.0,0.0,0.02434315077028492,0,0,1.0,0.35260325620527466
1786903065.3358226,3075,122.96,3,idle,idle,idle,0,0.0,0.85,0.006497915701294281,0.01692712379516023,0.019675797691249206,0.3462208641572602,11.502119314787803,168.38734739765425,0.0,0.0,0.0,0.023387618684072974,0,0,1.0,0.3505006212892015
1786903065.4013598,3076,123.0,3,idle,idle,idle,0,0.0,0.85,0.006555547962526854,0.015886870354653464,0.02042700718112625,0.3467390830068898,11.54102099582386,168.37624378468007,0.0,0.0,0.0,0.022470913594453065,0,0,1.0,0.3488899668599027
1786903065.43084,3077,123.04,3,idle,idle,idle,0,0.0,0.85,0.006128703630226117,0.013661863928305623,0.020254031158482802,0.34773817667745843,11.512486589680474,168.35318718191522,0.0,0.0,0.0,0.021642473025979984,0,0,1.0,0.3479263483245737
1786903065.4602945,3078,123.08,3,idle,idle,idle,0,0.0,0.85,0.005800662690792272,0.012844504600781678,0.01835751245804646,0.3493694125932619,11.517245835577837,168.19468004208852,0.0,0.0,0.0,0.02079628641797232,0,0,1.0,0.3475533802651638
1786903065.507474,3079,123.12,3,idle,idle,idle,0,0.0,0.85,0.005717692993091921,0.012055296096787264,0.017156270370066666,0.349584634742904,11.498799137283097,168.3174178254999,0.0,0.0,0.0,0.02008271518338192,0,0,1.0,0.34760349844110144
1786903065.5355117,3080,123.16,3,idle,idle,idle,0,0.0,0.85,0.0058647200915237325,0.011338826589092282,0.01554325282625964,0.35068730749023563,11.518128975161654,168.12912762172124,0.0,0.0,0.0,0.01934878918817722,0,0,1.0,0.3478412513007855
1786903065.5636208,3081,123.2,3,idle,idle,idle,0,0.0,0.85,0.005145573970274251,0.011082592686199391,0.015035298074898189,0.3494141860192868,11.528794756455193,168.29186158591264,0.0,0.0,0.0,0.018734548738101042,0,0,1.0,0.34797626153552674
1786903065.6344326,3082,123.24,3,idle,idle,idle,0,0.0,0.85,0.005157801514186234,0.010156074530083903,0.012103508890244094,0.34801730176264944,11.572676851053043,168.33964427756726,0.0,0.0,0.0,0.01819748064289717,0,0,1.0,0.3478956094833867
1786903065.6750553,3083,123.28,3,idle,idle,idle,0,0.0,0.85,0.004888850125277246,0.010175934137144849,0.011591114023176382,0.34894483417459143,11.572915386565311,168.17515097880425,0.0,0.0,0.0,0.017611787604617023,0,0,1.0,0.3477708434000132
1786903065.7054956,3084,123.32,3,idle,idle,idle,0,0.0,0.85,0.004959836192252235,0.009496420088875005,0.010668995116848962,0.34996880322034685,11.656434197870942,167.92893287456337,0.0,0.0,0.0,0.016986487429119207,0,0,1.0,0.34764483824535747
1786903065.7541156,3085,123.36,3,idle,idle,idle,0,0.0,0.85,0.005064410889690906,0.009915158994676277,0.010203827467060488,0.3499764240458222,11.655141432807335,167.96813077052406,0.0,0.0,0.0,0.016414920315686685,0,0,1.0,0.3475046317763119
1786903065.7960045,3086,123.4,3,idle,idle,idle,0,0.0,0.85,0.0051380059259728906,0.009898551671402451,0.00900410872685313,0.3489166658875101,11.639071943509084,167.8858529071465,0.0,0.0,0.0,0.01584365201157532,0,0,1.0,0.347267688151693
1786903065.8385336,3087,123.44,3,idle,idle,idle,0,0.0,0.85,0.0054776995756218964,0.009749047264744341,0.0104083893098732,0.34798334297470485,11.702825755367144,167.82965627025536,0.0,0.0,0.0,0.015432203610439416,0,0,1.0,0.3469597545693594
1786903065.9194741,3088,123.48,3,idle,idle,idle,0,0.0,0.85,0.0059393198998008035,0.010229961319291108,0.01212892852718656,0.34539676421951937,11.746617029348158,168.0443357894355,0.0,0.0,0.0,0.015139367491030033,0,0,1.0,0.34659547573349003
1786903065.9494603,3089,123.52,3,idle,idle,idle,0,0.0,0.85,0.006442189739519627,0.011417381162849115,0.01406932357914861,0.34380556653008854,11.722479484355052,167.88415120790734,0.0,0.0,0.0,0.014954031790578977,0,0,1.0,0.346197067048327
1786903065.9873493,3090,123.56,3,idle,idle,idle,0,0.0,0.85,0.006461258639591541,0.013481228347284123,0.01604510209815836,0.33963766170808574,11.724039342685504,168.06072868545402,0.0,0.0,0.0,0.014866435117046705,0,0,1.0,0.34575034935557886
1786903066.1343403,3091,123.6,3,idle,idle,idle,0,0.0,0.85,0.005883250705749594,0.012919307464910936,0.015567957185986692,0.3368435886228299,11.70338801877819,168.1677708401096,0.0,0.0,0.0,0.014777490907001655,0,0,1.0,0.3453832425561245
1786903066.164794,3092,123.64,3,idle,idle,idle,0,0.0,0.85,0.005426565359988756,0.012446522476097698,0.01610431175274632,0.33391806746902986,11.606042613374342,168.2066416358062,0.0,0.0,0.0,0.014781635672813946,0,0,1.0,0.3450708630937428
1786903066.2010822,3093,123.68,3,idle,idle,idle,0,0.0,0.85,0.00516846140283898,0.013432087292531623,0.01612570579796925,0.3310671825325286,11.61459906800078,168.14006169608916,0.0,0.0,0.0,0.014820202188657377,0,0,1.0,0.34470358007295687
1786903066.3114467,3094,123.72,3,idle,idle,idle,0,0.0,0.85,0.005106806459832171,0.013853828034438425,0.01626281751256269,0.32864869110129075,11.533525481956975,168.08147863137214,0.0,0.0,0.0,0.014921111972873583,0,0,1.0,0.3442475100737404
1786903066.3451655,3095,123.76,3,idle,idle,idle,0,0.0,0.85,0.004867418638328698,0.015355599918352435,0.017731367371115123,0.3249482740022852,11.46125656306543,168.1238119361547,0.0,0.0,0.0,0.015065985808591812,0,0,1.0,0.34368125938402877
1786903066.376317,3096,123.8,3,idle,idle,idle,0,0.0,0.85,0.004701866892254129,0.015534306217663305,0.01738902835883778,0.32292254832558953,11.41124225679049,168.06590397841498,0.0,0.0,0.0,0.01519149381195123,0,0,1.0,0.3430928759398165
1786903066.4259195,3097,123.84,3,idle,idle,idle,0,0.0,0.85,0.005479545142265333,0.01605127448981637,0.015143866852063786,0.320362011048571,11.342674472256293,168.07202715474907,0.0,0.0,0.0,0.015220516109979224,0,0,1.0,0.3424751083279654
1786903066.5485442,3098,123.88,3,idle,idle,idle,0,0.0,0.85,0.005179524078616087,0.015951533140071354,0.0142219160301598,0.32044715773801674,11.219608925225725,167.89377062883182,0.0,0.0,0.0,0.015247074284417244,0,0,1.0,0.3418007462213121
1786903066.5786219,3099,123.92,3,idle,idle,idle,0,0.0,0.85,0.00550267037335576,0.014087960982550628,0.012338690398752208,0.318306499040071,11.105376647238929,168.00417691457375,0.0,0.0,0.0,0.01519681297936415,0,0,1.0,0.34108092842087867
1786903066.6883602,3100,123.96,3,idle,idle,idle,0,0.0,0.85,0.0067096552530547865,0.014352325010018005,0.013533596278232335,0.3195947870327602,11.01562875929324,167.9272498100011,0.0,0.0,0.0,0.015220921814585113,0,0,1.0,0.34042236314432095
1786903066.729883,3101,124.0,3,idle,idle,idle,0,0.0,0.85,0.007690708270494631,0.015652589077160238,0.015414851666304522,0.3182967105948447,10.804753651019736,167.7271894927871,0.0,0.0,0.0,0.01526784603298581,0,0,1.0,0.3397157018847047
1786903066.758676,3102,124.04,3,idle,idle,idle,0,0.0,0.85,0.009958535579870004,0.013943613951004376,0.015443146443538967,0.31506885374665966,10.613112049414445,167.71519289732325,0.0,0.0,0.0,0.015293325706646075,0,0,1.0,0.3388766020585721
1786903066.8667588,3103,124.08,3,idle,idle,idle,0,0.0,0.85,0.013113700096808964,0.01318591943501645,0.017542197452112274,0.30816058625506637,10.397199774427138,167.80870873963573,0.0,0.0,0.0,0.015338561818632647,0,0,1.0,0.3377942314932067
1786903066.9005785,3104,124.12,3,standing,idle,idle,0,0.0,0.75,0.016084426816159125,0.011689698233219678,0.01916364588144861,0.2985136271997478,10.155064982111721,167.94455942979977,0.0,0.0,0.0,0.015406160294572603,0,0,1.0,0.33635806106003363
1786903066.9301453,3105,124.16,3,standing,idle,idle,0,0.0,0.75,0.018521360656999046,0.011953197530292742,0.0240392137632598,0.28987302657549285,9.92071385889055,168.15888237812038,0.0,0.0,0.0,0.015617648389030805,0,0,1.0,0.33462082676889127
1786903066.982727,3106,124.2,3,standing,idle,idle,0,0.0,0.75,0.018749284427601935,0.011479790166156235,0.02853348728940995,0.27864763244026014,9.574136031804032,168.66269123811804,0.0,0.0,0.0,0.015911628289411426,0,0,1.0,0.3325789720663641
1786903067.0223188,3107,124.24,3,standing,idle,idle,0,0.0,0.75,0.019059377652300924,0.010859844509658077,0.0313068151704853,0.26864504029294184,9.096373556635687,169.05687672686267,0.0,0.0,0.0,0.016319244930414076,0,0,1.0,0.33020197918874555
1786903067.0704975,3108,124.28,3,standing,standing,standing,0,0.0,0.75,0.01930137516329235,0.012154152524128286,0.033623378378032004,0.2582268680097962,8.680238826706285,169.1513678249594,0.0,0.0,0.0,0.01674189889061961,0,0,1.0,0.3275354944570042
1786903067.179132,3109,124.32,3,standing,standing,standing,0,0.0,0.75,0.0185871295864781,0.012593939476503701,0.03418471712187806,0.24981835958580922,8.272212324073765,169.28349592739733,0.0,0.0,0.0,0.017158799191854517,0,0,1.0,0.32459850283818353
1786903067.2111719,3110,124.36,3,standing,standing,standing,0,0.0,0.75,0.017765957469652358,0.012514384638317548,0.0326818111878312,0.24146094369014018,7.818855948887463,169.38668178182922,0.0,0.0,0.0,0.017535398586683255,0,0,1.0,0.3213779806264466
1786903067.243265,3111,124.4,3,standing,standing,standing,0,0.0,0.75,0.015630084690129022,0.012981371062678318,0.031749138393925076,0.23592287054411426,7.589706892115743,169.59126370166297,0.0,0.0,0.0,0.01794120543322503,0,0,1.0,0.3179402066249573
1786903067.31066,3112,124.44,3,idle,standing,standing,0,0.0,0.85,0.012619390481792425,0.013598410120058784,0.030558729104707846,0.23228607543339722,7.447685377028674,169.70803423098232,0.0,0.0,0.0,0.018347340546395977,0,0,1.0,0.31438570482769945
1786903067.3431582,3113,124.48,3,idle,standing,standing,0,0.0,0.85,0.010355798163963804,0.013907248225966118,0.02888962606310564,0.2319594602949767,7.316029027859888,169.69936879432777,0.0,0.0,0.0,0.018751776099027673,0,0,1.0,0.31078789127632805
1786903067.3740232,3114,124.52,3,idle,standing,standing,0,0.0,0.85,0.008399426089877591,0.013017210072192233,0.023998643336074446,0.2344419800099061,7.210447106634739,169.55785211365622,0.0,0.0,0.0,0.01902339262209362,0,0,1.0,0.30730388503361955
1786903067.4297373,3115,124.56,3,idle,standing,standing,0,0.0,0.85,0.007078446099738067,0.013979713095299431,0.02080887941638677,0.2376078830638105,7.176846406666411,169.29583525605366,0.0,0.0,0.0,0.019287191728946426,0,0,1.0,0.3039581450730487
1786903067.460381,3116,124.6,3,idle,idle,idle,0,0.0,0.85,0.006370103676171824,0.014124806510550123,0.01696061605593435,0.24164660287491402,7.241219142909069,168.9558501574028,0.0,0.0,0.0,0.01944990391175728,0,0,1.0,0.300706683518513
1786903067.5015523,3117,124.64,3,idle,idle,idle,0,0.0,0.85,0.005469999441059843,0.012974483662844245,0.01458302789856486,0.24454450115878568,7.436834556815997,168.62551499014054,0.0,0.0,0.0,0.019568510965748666,0,0,1.0,0.29751200769846564
1786903067.551135,3118,124.68,3,idle,idle,idle,0,0.0,0.85,0.005154197943546823,0.012447762324887611,0.013119800185699432,0.24641887852633437,7.641864515767916,168.47416441745128,0.0,0.0,0.0,0.019656873775404395,0,0,1.0,0.2943739002584812
1786903067.5935032,3119,124.72,3,idle,idle,idle,0,0.0,0.85,0.00557632223422274,0.011721405181795192,0.013722225032808035,0.24712991727757153,7.890241160855801,168.32806278330085,0.0,0.0,0.0,0.019799846996796967,0,0,1.0,0.2912894533309073
1786903067.629893,3120,124.76,3,idle,idle,idle,0,0.0,0.85,0.005713290832512385,0.01268440014357567,0.014749648045904565,0.24672301086019116,8.123284726709594,168.12387663655736,0.0,0.0,0.0,0.01993140029182822,0,0,1.0,0.2882209584183463
1786903067.7057412,3121,124.8,3,idle,idle,idle,0,0.0,0.85,0.005248714000424195,0.013288065668512091,0.015550953760144525,0.24552194804192343,8.299573846348014,167.83350301643614,0.0,0.0,0.0,0.020035098026160273,0,0,1.0,0.28519444883720707
1786903067.738602,3122,124.84,3,idle,idle,idle,0,0.0,0.85,0.005739530786304942,0.015223132827965351,0.018217233853908568,0.2431702171904048,8.302583654235976,166.40862542071005,0.0,0.0,0.0,0.02016079227691058,0,0,1.0,0.2821448927966106
1786903067.7677314,3123,124.88,3,idle,idle,idle,0,0.0,0.85,0.007498833117022142,0.018493539461583983,0.025664247561766322,0.24471426273028252,8.136866346412754,165.2620902655039,0.0,0.0,0.0,0.020452281533383552,0,0,1.0,0.2792684261609195
1786903067.8144372,3124,124.92,3,idle,idle,idle,0,0.0,0.85,0.01118369687267761,0.019437436013986793,0.03868747567082748,0.25093068828546883,7.6448183326262935,164.38113825049624,0.0,0.0,0.0,0.02115287300262115,0,0,1.0,0.27666500493857527
1786903067.8441885,3125,124.96,3,standing,idle,idle,0,0.0,0.75,0.020650520654783646,0.019615940379086986,0.048993669285206556,0.25639305133766305,7.0336405324634725,164.20362940689486,0.0,0.0,0.0,0.022149520200574487,0,0,1.0,0.27431576202550345
1786903067.8739274,3126,125.0,3,standing,idle,idle,0,0.0,0.75,0.03278659192706405,0.03387374311857971,0.06011574285761085,0.2588054104144877,6.257289488352017,163.94089570328396,0.0,0.0,0.0,0.023482551626624236,0,0,1.0,0.2721260113552598
1786903067.9337804,3127,125.04,3,standing,idle,idle,0,0.0,0.75,0.047711316109139784,0.03689608076003273,0.07093821003232671,0.25888732576580276,5.557725789755916,163.0404105275715,0.0,0.0,0.0,0.02513938170298072,0,0,1.0,0.2700120305875178
1786903067.9638882,3128,125.08,3,standing,idle,idle,0,0.0,0.75,0.05992213210666732,0.05730921866572426,0.08075938426766915,0.25480659258673594,4.881341101125129,162.15243424939806,0.0,0.0,0.0,0.027049321608936906,0,0,1.0,0.26788652509007693
1786903068.0064092,3129,125.12,3,walking,standing,standing,0,0.0,0.6,0.06983422022932143,0.07529327779874777,0.0917043599071505,0.24983066247134106,4.202086743839834,159.97781363543993,0.0,0.030303030303030304,0.030303030303030304,0.029301301352825167,0,0,0.9696969696969697,0.26567161945813
1786903068.1382256,3130,125.16,3,walking,standing,standing,0,0.0,0.6,0.082525072456038,0.0917417477540607,0.09878834222131481,0.24202958171168495,3.531910753224669,155.745977122629,0.0,0.06060606060606061,0.06060606060606061,0.03183598242462065,0,0,0.9393939393939394,0.2632979094782244
1786903068.2372541,3131,125.2,3,walking,standing,standing,0,0.0,0.6681088915477326,0.09270304342315126,0.12025960047859185,0.10716374951186391,0.2363149794851179,2.8326850819413103,153.74223694554772,0.0,0.09090909090909091,0.09090909090909091,0.03465240162103593,0,0,0.9090909090909091,0.26074844953116677
1786903068.2692819,3132,125.24,3,walking,standing,standing,0,0.0,0.8221535531464251,0.10300491945065872,0.14798763956635652,0.12156993804986017,0.24507565644983056,2.1533468844548933,155.2795691437736,0.0,0.12121212121212122,0.12121212121212122,0.037962439428645266,0,0,0.8787878787878788,0.25852933308903836
1786903068.3660388,3133,125.28,3,walking,walking,walking,0,0.0,0.8790111655618956,0.11443071387536168,0.1582220098011412,0.12262490227533061,0.25157165121356556,1.5300203105283823,157.58760371277407,0.0,0.15151515151515152,0.15151515151515152,0.041268236580072476,0,0,0.8484848484848485,0.2564680259430021
1786903068.3965893,3134,125.32,3,walking,walking,walking,0,0.0,0.9107818428210455,0.11616970362899783,0.16394073170778817,0.13016459640056766,0.2560571714108767,1.2711172092948766,158.61746904254665,0.0,0.18181818181818182,0.18181818181818182,0.04474550157201985,0,0,0.8181818181818182,0.2545819793010637
1786903068.4266865,3135,125.36,3,walking,walking,walking,0,0.0,0.8519786250717206,0.1178251840986418,0.1533561525129097,0.1317327829230016,0.24591026065959184,1.3256856361648655,157.69896685040618,0.0,0.21212121212121213,0.21212121212121213,0.048269429950185384,0,0,0.7878787878787878,0.2524862643590313
1786903068.4975834,3136,125.4,3,walking,walking,walking,0,0.0,0.8900570434692284,0.11599429353919434,0.16021026782446113,0.1392780184845686,0.2443520163183498,1.2664005977252244,156.5774360092742,0.0,0.24242424242424243,0.24242424242424243,0.051958394223896184,0,0,0.7575757575757576,0.250552671330646
1786903068.5495052,3137,125.44,3,walking,walking,walking,0,0.0,0.8222682984532445,0.11116014649542888,0.148008293721584,0.14542688387356958,0.25003849360731445,1.328903367008464,155.1410037234035,0.0,0.2727272727272727,0.2727272727272727,0.05578455295093015,0,0,0.7272727272727273,0.24908372788845104
1786903068.5963361,3138,125.48,3,walking,walking,walking,0,0.0,0.8788477345425,0.11422890299057983,0.15819259221764997,0.1516432277105169,0.25510270512342453,1.209163674047344,154.9083043583393,0.0,0.30303030303030304,0.30303030303030304,0.05965134125236218,0,0,0.696969696969697,0.24803008178384292
1786903068.6622279,3139,125.52,3,walking,walking,walking,0,0.0,0.83472491624633,0.11176309473115847,0.1502504849243394,0.16151572997838512,0.27318779062491094,1.2739536271345513,156.6229500155214,0.0,0.3333333333333333,0.3333333333333333,0.06368110618233112,0,0,0.6666666666666666,0.24786463203186263
1786903068.6960526,3140,125.56,3,walking,walking,walking,0,0.0,0.7326427632893302,0.11333601356693035,0.13187569739207944,0.16271765947220193,0.2934199195980214,1.366876426417155,161.2147936844013,0.0,0.36363636363636365,0.36363636363636365,0.06766325297935284,0,0,0.6363636363636364,0.24861538595019836
1786903068.7522507,3141,125.6,3,walking,walking,walking,0,0.0,0.6446996412810525,0.11635738569651265,0.11604593543058946,0.14544049216190427,0.3050450617645788,1.4328274700389851,163.8485990627758,0.0,0.3939393939393939,0.3939393939393939,0.07105165036674292,0,0,0.6060606060606061,0.2500341190942827
1786903068.8019187,3142,125.64,3,walking,walking,walking,0,0.0,0.6,0.11245289399180843,0.10481839819485472,0.13236219355793846,0.2984377449455857,1.7845981370318669,163.3835708589511,0.0,0.42424242424242425,0.42424242424242425,0.07402672541025991,0,0,0.5757575757575758,0.2515074338021547
1786903068.8317723,3143,125.68,3,walking,walking,walking,0,0.0,0.6,0.11278620819511197,0.10166891638490431,0.12563526507599157,0.29156087771754696,2.189628893533981,161.86200084310192,0.0,0.45454545454545453,0.45454545454545453,0.07684349674020416,0,0,0.5454545454545454,0.253025613621167
1786903068.8739622,3144,125.72,3,walking,walking,walking,0,0.0,0.6,0.10946802726486415,0.10658060859795888,0.1206421624747843,0.27593980245004607,2.6492330352824482,161.0497469929413,0.0,0.48484848484848486,0.48484848484848486,0.07953722474265443,0,0,0.5151515151515151,0.25423824792134675
1786903068.9246278,3145,125.76,3,walking,walking,walking,0,0.0,0.6,0.10229241485987542,0.10462639297150042,0.10855196143196671,0.27821111187336117,3.1080019446904052,160.6284832308955,0.0,0.5151515151515151,0.5151515151515151,0.08190065602529864,0,0,0.48484848484848486,0.25562991569225474
1786903068.9755378,3146,125.8,3,walking,walking,walking,0,0.0,0.6153135422778107,0.10204973961015569,0.11075643761000592,0.10691681159172223,0.28461388639972757,3.9777188461642012,160.9975777090503,0.0,0.5454545454545454,0.5454545454545454,0.08426511619283247,0,0,0.45454545454545453,0.2572255043620957
1786903069.0329669,3147,125.84,3,walking,walking,walking,0,0.0,0.6,0.095636373421458,0.09230765260286648,0.09922504972950372,0.28864325160142584,4.634047863169334,163.43127867905406,0.0,0.5757575757575758,0.5757575757575758,0.08654470426536064,0,0,0.42424242424242425,0.2588679671375963
1786903069.0965068,3148,125.88,3,walking,walking,walking,0,0.0,0.6,0.08751123459849194,0.09371631371645987,0.0911511483511919,0.3085449736002713,5.84251002151817,165.2202015739709,0.0,0.6060606060606061,0.6060606060606061,0.08867628817247593,0,0,0.3939393939393939,0.2610175759417315
1786903069.2090194,3149,125.92,3,walking,walking,walking,0,0.0,0.6,0.07960324134537175,0.08785954346683912,0.10078276171952645,0.3338533688406009,7.042093763827855,166.59767930670384,0.0,0.6363636363636364,0.6363636363636364,0.0912163531925848,0,0,0.36363636363636365,0.26381172036493405
1786903069.3705502,3150,125.96,3,walking,walking,walking,0,0.0,0.6,0.06856922050530301,0.07757656635998235,0.09382168907898586,0.35593017702310287,8.020040881408256,167.1299777910049,0.0,0.6666666666666666,0.6666666666666666,0.09361752474350665,0,0,0.3333333333333333,0.267187043875974
1786903069.5369334,3151,126.0,3,walking,walking,walking,0,0.0,0.6,0.06297903211723196,0.08651441090171455,0.09419632094431168,0.3824182403769434,8.647815434159172,167.48018293502867,0.0,0.696969696969697,0.696969696969697,0.09607438900891914,0,0,0.30303030303030304,0.2713082366593258
1786903069.5964098,3152,126.04,3,walking,walking,walking,0,0.0,0.6,0.05393866199706982,0.10029013336548637,0.08550136073651815,0.40753364572870304,8.610418212093357,167.3112482194768,0.0,0.7272727272727273,0.7272727272727273,0.098249514333274,0,0,0.2727272727272727,0.27616895570329947
1786903069.6291244,3153,126.08,3,walking,walking,walking,0,0.0,0.6,0.04494431705940556,0.10301133977431651,0.08039671615538081,0.4326050849840394,8.478571784834106,167.39815173383937,0.0,0.7575757575757576,0.7575757575757576,0.10023881942750054,0,0,0.24242424242424243,0.28180174582826456
1786903069.689357,3154,126.12,3,walking,walking,walking,0,0.0,0.6,0.04110214380598095,0.10568881140133166,0.07673242637698086,0.45339808481709626,8.302587911933218,167.71128174434347,0.0,0.7878787878787878,0.7878787878787878,0.10209280344619255,0,0,0.21212121212121213,0.2881010227002395
1786903069.7226124,3155,126.16,3,walking,walking,walking,0,0.0,0.6,0.03745809449046322,0.10490676291832624,0.06894194729619602,0.4811755529885673,7.870949460747616,169.65145780517057,0.0,0.8181818181818182,0.8181818181818182,0.1036299159747467,0,0,0.18181818181818182,0.2953133056032141
1786903069.756685,3156,126.2,3,walking,walking,walking,0,0.0,0.6131517434612338,0.038587504705529754,0.11036731382302209,0.0679627817770681,0.5006625524814738,7.506315815086786,170.8735342308683,0.0,0.8484848484848485,0.8484848484848485,0.10491168973884676,0,0,0.15151515151515152,0.3030693143835533
1786903069.860124,3157,126.24,3,walking,walking,walking,0,0.0,0.6240811217816007,0.04099099769161493,0.11233460192068812,0.0619396329943736,0.520513607716503,7.20748786877296,171.45072122955517,0.0,0.8787878787878788,0.8787878787878788,0.10561630056683301,0,0,0.12121212121212122,0.3112384937602512
1786903069.8930547,3158,126.28,3,walking,walking,walking,0,0.0,0.6613286438564631,0.04275742799969126,0.11903915589416335,0.057524813244506784,0.5322141221895957,6.672649484352297,171.54156369350773,0.0,0.9090909090909091,0.9090909090909091,0.10587482008075119,0,0,0.09090909090909091,0.31959670802849166
1786903069.9342906,3159,126.32,3,walking,walking,walking,0,0.0,0.6543389881889843,0.044193675109960924,0.11778101787401717,0.06456718611492743,0.5260055966517905,5.953266828997991,170.60628607126418,0.0,0.9393939393939394,0.9393939393939394,0.10600971230066988,0,0,0.06060606060606061,0.327693683369016
1786903070.0092216,3160,126.36,3,walking,walking,walking,0,0.0,0.668258085415652,0.04751303021414756,0.12028645537481736,0.07311955417749977,0.5181233892854775,5.637524786851799,168.71685672172305,0.0,0.9696969696969697,0.9696969696969697,0.10607581363840239,0,0,0.030303030303030304,0.335549321657491
1786903070.039643,3161,126.4,3,carrying,walking,walking,0,0.0,0.6031779235468067,0.05421974010716155,0.11261543430376975,0.07994816027119077,0.5052965392446778,5.881053542734032,165.51036162481086,0.0,0.9696969696969697,1.0,0.10605123109305457,0,0,0.0,0.3431399261016711
1786903070.0704286,3162,126.44,3,walking,walking,walking,0,0.0,0.6839259929610444,0.05896903867937894,0.12310667873298797,0.09530502930460855,0.49020569455599733,6.394411330690142,164.70368406775953,0.0,0.9696969696969697,1.0,0.10616034228691694,0,0,0.0,0.35042401798302425
1786903070.1169598,3163,126.48,3,walking,walking,walking,0,0.0,0.7339919149890619,0.06875660831661946,0.13211854469803114,0.11936906350207484,0.48222482634003877,6.821733868554167,165.0224782041201,0.0,0.9696969696969697,1.0,0.10678400050754604,0,0,0.0,0.35770266175964105
1786903070.1462784,3164,126.52,3,walking,walking,walking,0,0.0,0.7171198437124008,0.07729928962173499,0.12908157186823213,0.13437046239332187,0.46680095712147374,6.692359057361612,165.8863922170285,0.0,0.9696969696969697,1.0,0.1076084463524387,0,0,0.0,0.36468708532437916
1786903070.176348,3165,126.56,3,walking,walking,walking,0,0.0,0.6550188341641571,0.08842774738612529,0.11790339014954826,0.15562092164713073,0.4348309246438292,6.483997428090889,165.24231916833725,0.0,0.9696969696969697,1.0,0.10864029434023477,0,0,0.0,0.3704372449666215
1786903070.2395833,3166,126.6,3,walking,walking,walking,0,0.0,0.6028866981742073,0.09867351679985398,0.10851960567135731,0.16359871361592634,0.39640673164805584,6.037097876943517,164.02147128770525,0.0,0.9696969696969697,1.0,0.10988192498691948,0,0,0.0,0.3748261867979697
1786903070.26986,3167,126.64,3,walking,walking,walking,0,0.0,0.6,0.10794920983661267,0.10535933585758504,0.16338741521728573,0.3585257672147434,5.547180418627525,161.63833017121436,0.0,0.9696969696969697,1.0,0.11088867707227457,0,0,0.0,0.37793129576172324
1786903070.3004901,3168,126.68,3,walking,walking,walking,0,0.0,0.6907418348184384,0.11817648229002625,0.12433353026731891,0.16423362581800352,0.32936629469747936,4.896660186490791,158.78040351389126,0.0,0.9696969696969697,1.0,0.11187355109939585,0,0,0.0,0.38046026649014403
1786903070.3527117,3169,126.72,3,walking,walking,walking,0,0.0,0.7501114762372908,0.12645044081724333,0.13502006572271233,0.16386008483197553,0.31542062172119867,4.192507367427816,156.434167380054,0.0,0.9696969696969697,1.0,0.11261846220083242,0,0,0.0,0.38261386059326075
1786903070.3832192,3170,126.76,3,walking,walking,walking,0,0.0,0.8437894867047739,0.13326662509751022,0.1518821076068593,0.17116462006967006,0.307144842610714,3.292934505939273,156.25258386444173,0.0,0.9696969696969697,1.0,0.11339839360071426,0,0,0.0,0.3843443560176061
1786903070.4497256,3171,126.8,3,walking,walking,walking,0,0.0,0.8550419240187384,0.14090918690844934,0.1539075463233729,0.16822625768815022,0.30578621614998136,2.331817027240746,159.10250101981487,0.0,0.9696969696969697,1.0,0.11390090966064254,0,0,0.0,0.38588021998810784
1786903070.525065,3172,126.84,3,walking,walking,walking,0,0.0,0.7986889273518686,0.1451471556116298,0.14376400692333635,0.1617208674607724,0.3051695077695761,1.8173542649141357,160.27834907294007,0.0,0.9696969696969697,1.0,0.11390712594798762,0,0,0.0,0.3868493629318856
1786903070.569283,3173,126.88,3,walking,walking,walking,0,0.0,1.0,0.15088865764359344,0.23858812854836847,0.1616228114522133,0.29802444892275,1.6775993120439452,158.7166057254837,0.0,0.9696969696969697,1.0,0.11387394873526069,0,0,0.0,0.386988894123544
1786903070.5999844,3174,126.92,3,walking,walking,walking,0,0.0,1.0,0.14817656972011548,0.3284524365793439,0.15650710383746153,0.2972191417736898,2.0389743290949776,156.24557077689064,0.0,0.9696969696969697,1.0,0.11420930060421697,0,0,0.0,0.38675174503291104
1786903070.6642027,3175,126.96,3,walking,walking,walking,0,0.0,1.0,0.1487586790970786,0.3492971540340399,0.1613843954368025,0.310343175734264,2.5625967995795635,153.1585249496903,0.0,0.9696969696969697,1.0,0.11508876126721285,0,0,0.0,0.38711251566287097
1786903070.6950572,3176,127.0,3,walking,walking,walking,0,0.0,1.0,0.1463020107311935,0.36306515626639335,0.1646533178606025,0.327466678667796,3.0634715948977083,152.04654603732666,0.0,0.9696969696969697,1.0,0.11627112650311015,0,0,0.0,0.38820057023712096
1786903070.7297034,3177,127.04,3,walking,walking,walking,0,0.0,1.0,0.14518981827633445,0.3522518767931892,0.1737554945580685,0.3388366540622171,3.573818348969523,152.96606042960133,0.0,0.9696969696969697,1.0,0.11788062141472481,0,0,0.0,0.39010653543748974
1786903070.7840266,3178,127.08,3,walking,walking,walking,0,0.0,1.0,0.14276012489008663,0.3534983882155136,0.17469659313583252,0.3402720878997257,3.927638172837696,154.10269669073577,0.0,0.9696969696969697,1.0,0.11988500419362982,0,0,0.0,0.3919871710746523
1786903070.814781,3179,127.12,3,walking,walking,walking,0,0.0,1.0,0.14100135850046205,0.34590462259025995,0.16669289196431902,0.3264441169239174,4.450891143752933,155.90432071417135,0.0,0.9696969696969697,1.0,0.12169640056855702,0,0,0.0,0.3932547538178096
1786903070.9089732,3180,127.16,3,walking,walking,walking,0,0.0,1.0,0.14159141749384177,0.33316069885916705,0.15767452770678847,0.3015810209087434,4.900554818472185,156.91818920481302,0.0,0.9696969696969697,1.0,0.12346759687089898,0,0,0.0,0.39364680743318287
1786903071.001901,3181,127.2,3,walking,walking,walking,0,0.0,1.0,0.14342873890963145,0.33220820477664215,0.15008325396733432,0.29460017144674067,4.978695564018533,155.6689623892497,0.0,0.9696969696969697,1.0,0.12525341825320635,0,0,0.0,0.3932242376709546
1786903071.0334735,3182,127.24,3,walking,walking,walking,0,0.0,1.0,0.14105885223252115,0.22962478441760492,0.14906677611300434,0.31023688072390293,5.405302686671861,155.19398280505828,0.0,0.9696969696969697,1.0,0.12671657020452384,0,0,0.0,0.39250858651590315
1786903071.0819042,3183,127.28,3,walking,walking,walking,0,0.0,0.7672166997436065,0.1354436188494673,0.13809900595384916,0.13691068071664564,0.3312916358399461,5.673075885465756,156.31711833619374,0.0,0.9696969696969697,1.0,0.12802229722384686,0,0,0.0,0.3917619640558075
1786903071.1387382,3184,127.32,3,walking,walking,walking,0,0.0,0.6421470345514737,0.12821190171934382,0.11558646621926526,0.13825448306720356,0.3655876499617159,6.455143564059066,158.0594701156508,0.0,0.9696969696969697,1.0,0.12935739304575267,0,0,0.0,0.39125194616443704
1786903071.187304,3185,127.36,3,walking,walking,walking,0,0.0,0.6,0.11867491113064738,0.09595037330076779,0.13704914593643727,0.4043102747906733,7.480876330367067,161.95075661162574,0.0,0.9696969696969697,1.0,0.1309194471427199,0,0,0.0,0.39115426825722394
1786903071.2196283,3186,127.4,3,walking,walking,walking,0,0.0,0.6,0.10460819338732606,0.0870494428527082,0.12754353440077315,0.44282564669054664,8.741584536266867,165.0579118344616,0.0,0.9696969696969697,1.0,0.13234813860470152,0,0,0.0,0.3914639822483303
1786903071.3126917,3187,127.44,3,walking,walking,walking,0,0.0,0.6,0.09019506878588075,0.06598173977628713,0.12586202492022178,0.4848262887016327,10.227982182486945,166.45942614228335,0.0,0.9696969696969697,1.0,0.13383691431813305,0,0,0.0,0.3924163520630132
1786903071.3430464,3188,127.48,3,carrying,walking,walking,0,0.0,0.6210650468958898,0.08206980089898679,0.05137878130886215,0.15078151108566973,0.5351084114931498,11.878274801097646,167.92692155257407,0.0,0.9393939393939394,1.0,0.13631690109963226,0,0,0.0,0.3940506811086066
1786903071.3750882,3189,127.52,3,standing,walking,walking,0,0.0,0.75,0.07566925323291833,0.04374939281831208,0.16956782284535482,0.5739351386663035,13.239249594583361,168.86194594815242,0.0,0.9090909090909091,0.9696969696969697,0.13939584173806518,0,0,0.030303030303030304,0.3962710625081469
1786903071.4268506,3190,127.56,3,standing,walking,walking,0,0.0,0.75,0.066456219770083,0.039902336617127276,0.16879472083924482,0.6139804658857163,14.337311000561067,169.6109470751197,0.0,0.8787878787878788,0.9393939393939394,0.14263387470306127,0,0,0.06060606060606061,0.39910339154357755
1786903071.478502,3191,127.6,3,standing,walking,walking,0,0.0,0.75,0.06248970986364012,0.03920131246092039,0.16092190083599894,0.611925410977239,15.290475277237348,170.8504879196572,0.0,0.8484848484848485,0.9090909090909091,0.14576711978159135,0,0,0.09090909090909091,0.40151888514320316
1786903071.551531,3192,127.64,3,standing,walking,walking,0,0.0,0.75,0.0656771476352686,0.03877718881159939,0.15818748904056482,0.6043690712844032,15.244497091176479,171.61142840901087,0.0,0.8181818181818182,0.8787878787878788,0.14860409865812582,0,0,0.12121212121212122,0.40389353588964594
1786903071.6138618,3193,127.68,3,standing,standing,standing,0,0.0,0.75,0.07039874122614448,0.04149861219324125,0.16004959409168912,0.5907133106819238,14.937097859897671,172.1072910890902,0.0,0.7878787878787878,0.8484848484848485,0.15123834229188915,0,0,0.15151515151515152,0.4060932304774171
1786903071.645338,3194,127.72,3,standing,standing,standing,0,0.0,0.75,0.07732015120125509,0.04955791268415672,0.15794948300264566,0.5698530070447061,14.326274378457393,171.94448436228012,0.0,0.7878787878787878,0.8181818181818182,0.15360201873829685,0,0,0.18181818181818182,0.4080494870774179
1786903071.6945674,3195,127.76,3,carrying,standing,standing,0,0.0,0.6283695926846389,0.08458382863353892,0.0672143684796531,0.1561497598640698,0.5472826544743982,13.311123228202916,170.95229564590795,0.0,0.7575757575757576,0.8181818181818182,0.1554457984522199,0,0,0.18181818181818182,0.4097790919234301
1786903071.803362,3196,127.8,3,carrying,standing,standing,0,0.0,0.6167063161103494,0.09028045020643562,0.0863812752592255,0.15259371412331132,0.5278438601839157,12.031353907737683,170.2454670815745,0.0,0.7272727272727273,0.8181818181818182,0.15645260604680286,0,0,0.18181818181818182,0.41116148688839604
1786903071.8361945,3197,127.84,3,carrying,standing,standing,0,0.0,0.6036157238137166,0.09087681694096925,0.09840353732353406,0.12468073712462963,0.5060262063561944,10.344983373225347,169.874730064737,0.0,0.696969696969697,0.8181818181818182,0.15615897800835762,0,0,0.18181818181818182,0.4123501308045997
1786903071.8891382,3198,127.88,3,walking,standing,standing,0,0.0,0.6,0.09176261110421867,0.10650505693873118,0.11914809825179296,0.46959015786586156,8.730778918459398,169.62858316716262,0.0,0.696969696969697,0.8181818181818182,0.15505374093577162,0,0,0.18181818181818182,0.413403440902237
1786903071.9822564,3199,127.92,3,walking,carrying,carrying,0,0.0,0.6,0.09391548662964905,0.10624548320885638,0.1318493767819768,0.4368011911586622,7.444209822712947,169.2436292834205,0.0,0.696969696969697,0.8181818181818182,0.15409163981959137,0,0,0.18181818181818182,0.41462751543286136
1786903072.0127976,3200,127.96,3,walking,carrying,carrying,0,0.0,0.6,0.08892166314604134,0.10795871848737233,0.13339713651746665,0.41150250428306856,6.362191133595518,168.32874504938837,0.0,0.696969696969697,0.8181818181818182,0.15318284349535438,0,0,0.18181818181818182,0.4162328711015986
1786903072.175211,3201,128.0,3,walking,carrying,carrying,0,0.0,0.6142371003276735,0.0831807661312898,0.11056267805898123,0.14558869338307096,0.4053733863038239,5.632456426241948,166.3974477209595,0.0,0.696969696969697,0.8181818181818182,0.15261784554278068,0,0,0.18181818181818182,0.41853611630179083
1786903072.228122,3202,128.04,3,walking,walking,walking,0,0.0,0.6563615922989223,0.0733927073995365,0.11814508661380602,0.14425769510183353,0.4070770469118967,4.981900879746935,163.3145110627198,0.0,0.696969696969697,0.8181818181818182,0.1520238337327764,0,0,0.18181818181818182,0.42131358373181205
1786903072.2606115,3203,128.08,3,walking,walking,walking,0,0.0,0.6398036779964773,0.0710508203525197,0.11516466203936591,0.15011044425584633,0.40654428447935664,4.47070608250174,161.03255391451273,0.0,0.696969696969697,0.8181818181818182,0.15138582840508477,0,0,0.18181818181818182,0.42432568803086174
1786903072.3027358,3204,128.12,3,walking,walking,walking,0,0.0,0.6230381463326938,0.0708246511164253,0.1121468663398849,0.16127685147409188,0.39858624248784646,3.756350471180243,160.8245738930747,0.0,0.696969696969697,0.8181818181818182,0.15117524033799207,0,0,0.18181818181818182,0.4271378100411001
1786903072.3593662,3205,128.16,3,walking,walking,walking,0,0.0,0.6,0.07106179390069604,0.09621154790154855,0.15908262781678442,0.3883494643485204,3.234105999421209,160.5845884979897,0.0,0.696969696969697,0.8181818181818182,0.1510952936821136,0,0,0.18181818181818182,0.4296584147859166
1786903072.3919806,3206,128.2,3,walking,walking,walking,0,0.0,0.6,0.07240889004042557,0.08231674361772902,0.15629254657173222,0.3739075273792386,2.7722848098410675,159.24115051779148,0.0,0.696969696969697,0.8181818181818182,0.15093377050391726,0,0,0.18181818181818182,0.43195790201187084
1786903072.4247777,3207,128.24,3,walking,walking,walking,0,0.0,0.6,0.07120095247293007,0.07467684179777788,0.14399955735543363,0.3584884164250496,2.4416336739099256,157.91599865905613,0.0,0.696969696969697,0.8181818181818182,0.15055475394385584,0,0,0.18181818181818182,0.4338145466982757
1786903072.4738023,3208,128.28,3,walking,walking,walking,0,0.0,0.6,0.066614992519555,0.07976959611911678,0.1346729214191234,0.3505409885231673,2.1670738892370105,156.73597574511288,0.0,0.696969696969697,0.8181818181818182,0.14974531533725946,0,0,0.18181818181818182,0.4350326622373334
1786903072.5236938,3209,128.32,3,walking,walking,walking,0,0.0,0.6,0.06677380535473973,0.08348260178426983,0.13008789907025398,0.35608593925227905,1.6929021376636553,155.44149552155662,0.0,0.696969696969697,0.8181818181818182,0.1486978784042186,0,0,0.18181818181818182,0.4358999125580753
1786903072.571534,3210,128.36,3,walking,walking,walking,0,0.0,0.6,0.06727415888812155,0.08709636268386595,0.11470692664504392,0.35799469828752867,1.445672271191869,153.58767812216564,0.0,0.696969696969697,0.8181818181818182,0.14690852786139968,0,0,0.18181818181818182,0.4364804593527817
1786903072.6234496,3211,128.4,3,walking,walking,walking,0,0.0,0.6,0.07068351292783483,0.08272275453807637,0.10734098762088558,0.34303795832779627,1.1849797975255556,152.44129423956105,0.0,0.696969696969697,0.8181818181818182,0.14486744890640127,0,0,0.18181818181818182,0.43656427360817773
1786903072.653453,3212,128.44,3,walking,walking,walking,0,0.0,0.6,0.06759935234359121,0.08611446354874676,0.0969619367350252,0.3161921430321013,1.0632433544868127,153.56774941751462,0.0,0.696969696969697,0.8181818181818182,0.14275438965702875,0,0,0.18181818181818182,0.43625360773266814
1786903072.686819,3213,128.48,3,walking,walking,walking,0,0.0,0.6,0.06354241479637229,0.08289250542563494,0.08229315212752716,0.28962275876329546,1.0578900717796171,154.9839620398355,0.0,0.696969696969697,0.8181818181818182,0.1404701055485663,0,0,0.18181818181818182,0.435891236152503
1786903072.8029356,3214,128.52,3,walking,walking,walking,0,0.0,0.6,0.062013933184604714,0.08381852958957021,0.07681801533831172,0.25938719560755785,1.1003868004120838,155.37258437108645,0.0,0.696969696969697,0.8181818181818182,0.13824994680223227,0,0,0.18181818181818182,0.4348241762785884
1786903072.832925,3215,128.56,3,walking,walking,walking,0,0.0,0.6,0.056842674856896015,0.08261425363866114,0.08013970916291245,0.22758413522394358,1.0133080704514612,155.96294988927008,0.0,0.696969696969697,0.8181818181818182,0.1361612478037446,0,0,0.18181818181818182,0.43231954762707453
1786903072.8637607,3216,128.6,3,walking,walking,walking,0,0.0,0.6,0.050788460117461985,0.07942722134272291,0.08096566730926787,0.19672990623211034,0.9959494799735481,156.58187940635773,0.0,0.696969696969697,0.8181818181818182,0.13446594436715745,0,0,0.18181818181818182,0.42824191945714013
1786903072.9133937,3217,128.64,3,walking,walking,walking,0,0.0,0.6,0.0462190641811919,0.06994058882769855,0.05677674996218732,0.16444799331482066,1.0406341585775265,157.06478762204046,0.0,0.696969696969697,0.8181818181818182,0.1319969221518539,0,0,0.18181818181818182,0.42214677834662817
1786903072.9489698,3218,128.68,3,walking,walking,walking,0,0.0,0.6,0.039534652197392134,0.06264268935507981,0.052441538759602696,0.12973536175709396,0.9381534816614442,157.31360025915657,0.0,0.696969696969697,0.8181818181818182,0.1294330552677074,0,0,0.18181818181818182,0.4138263264365196
1786903072.9788253,3219,128.72,3,standing,walking,walking,0,0.0,0.75,0.03156903397880656,0.053501246108825715,0.04840674320550049,0.12109897325180807,0.9140109451422515,157.8249205219187,0.0,0.6666666666666666,0.7878787878787878,0.12703497068603248,0,0,0.21212121212121213,0.4040770333020124
1786903073.031643,3220,128.76,3,standing,walking,walking,0,0.0,0.75,0.02632367170379513,0.0453206611841128,0.03674954056520179,0.10696242986256056,0.8580303655716885,159.24749430280337,0.0,0.6363636363636364,0.7575757575757576,0.12433459237224401,0,0,0.24242424242424243,0.392626613337192
1786903073.0616262,3221,128.8,3,standing,walking,walking,0,0.0,0.75,0.02110819803611708,0.03304006655462979,0.026665569541330435,0.09968067079711579,0.7867223311094211,160.94488930466304,0.0,0.6363636363636364,0.7272727272727273,0.12057350323453674,0,0,0.2727272727272727,0.37943183331610003
1786903073.105799,3222,128.84,3,standing,walking,walking,0,0.0,0.75,0.01781568451384713,0.019353395612760046,0.02248910397278388,0.08079867902833836,0.9695823752185342,161.79062181179845,0.0,0.6363636363636364,0.7272727272727273,0.11611657235961036,0,0,0.2727272727272727,0.3644883042361618
1786903073.1772778,3223,128.88,3,idle,standing,standing,0,0.0,0.85,0.013744884196108267,0.011803437852517267,0.02136461013098785,0.09967182814699432,1.0757026018355647,161.76988373992828,0.0,0.6363636363636364,0.7272727272727273,0.11164899324723893,0,0,0.2727272727272727,0.348903194001655
1786903073.2079446,3224,128.92,3,idle,standing,standing,0,0.0,0.85,0.011144343087108561,0.010039163841337927,0.01797300495210702,0.10269963594041663,1.1400789437119323,161.21938164636498,0.0,0.6363636363636364,0.7272727272727273,0.10731720852348461,0,0,0.2727272727272727,0.33347210990963005
1786903073.2524278,3225,128.96,3,idle,standing,standing,0,0.0,0.85,0.010487509698394753,0.00887279147912693,0.01571702099346704,0.12067588760572781,1.3308498360677607,160.55419324188148,0.0,0.6363636363636364,0.7272727272727273,0.10299992161296649,0,0,0.2727272727272727,0.318814740707246
1786903073.299636,3226,129.0,3,idle,standing,standing,0,0.0,0.85,0.00984401791633599,0.009046780502648654,0.016915274352174582,0.13675314565284027,1.4861652070910438,160.32520506666953,0.0,0.6363636363636364,0.7272727272727273,0.09866251798449638,0,0,0.2727272727272727,0.3050583720700011
1786903073.3288825,3227,129.04,3,idle,idle,idle,0,0.0,0.85,0.008958507967996545,0.008730175763923377,0.01394872912518832,0.15193426477360725,1.535458529140898,160.24088744385568,0.0,0.6363636363636364,0.7272727272727273,0.09429885877608858,0,0,0.2727272727272727,0.2923941677587556
1786903073.3746254,3228,129.08,3,idle,idle,idle,0,0.0,0.85,0.00829739212940375,0.00864473411216518,0.0153050971726411,0.16280845303491692,1.521164602912898,160.20519481879643,0.0,0.6363636363636364,0.696969696969697,0.09003083869453013,0,0,0.30303030303030304,0.28074343438180166
1786903073.4403443,3229,129.12,3,idle,idle,idle,0,0.0,0.85,0.007339191957470003,0.009057845219806567,0.014874617833923584,0.16504940130480356,1.5277318584871822,160.33274989343008,0.0,0.6363636363636364,0.6666666666666666,0.08585753274636686,0,0,0.3333333333333333,0.2697496629006164
1786903073.4741678,3230,129.16,3,idle,idle,idle,0,0.0,0.85,0.007031804002090269,0.00885883529893997,0.016505506581685096,0.17396397596596921,1.464329127898485,160.41670477795623,0.0,0.6363636363636364,0.6363636363636364,0.08257949545718671,0,0,0.36363636363636365,0.2596871710706096
1786903073.5072196,3231,129.2,3,idle,idle,idle,0,0.0,0.85,0.0068884426700626285,0.009625154631111802,0.018654624663810845,0.18493352224456827,1.4802745417481222,160.75146057131582,0.0,0.6060606060606061,0.6060606060606061,0.07953423868179332,0,0,0.3939393939393939,0.25106121241541896
1786903073.5622482,3232,129.24,3,idle,idle,idle,0,0.0,0.85,0.006521046623678296,0.009419873971810329,0.019391529518920946,0.19486553864553247,1.4549155056345227,160.87352863317034,0.0,0.5757575757575758,0.5757575757575758,0.07612642512836737,0,0,0.42424242424242425,0.24372982900593013
1786903073.673291,3233,129.28,3,idle,idle,idle,0,0.0,0.85,0.006740657162893193,0.009521127622622277,0.019506406211367965,0.19846797206479624,1.4719657445233612,160.93171726136418,0.0,0.5454545454545454,0.5454545454545454,0.07267519087666742,0,0,0.45454545454545453,0.23727423712052795
1786903073.7409508,3234,129.32,3,idle,idle,idle,0,0.0,0.85,0.005791244559768397,0.010060995174047982,0.01974371033319383,0.2059277380516158,1.5441172686310831,161.1871545669948,0.0,0.5151515151515151,0.5151515151515151,0.06886170654182266,0,0,0.48484848484848486,0.23123042959773377
1786903073.9713688,3235,129.36,3,idle,idle,idle,0,0.0,0.85,0.0053502090329508745,0.010514101206056422,0.019311300674499498,0.2088316292589524,1.5768509777053574,161.23269193782548,0.0,0.48484848484848486,0.48484848484848486,0.06507545216523679,0,0,0.5151515151515151,0.2252229926991597
1786903074.030306,3236,129.4,3,idle,idle,idle,0,0.0,0.85,0.00723070359949704,0.011331564312490995,0.02824395030050855,0.20731529206311067,1.5169212051983532,161.1878003369122,0.0,0.45454545454545453,0.45454545454545453,0.06138252810598412,0,0,0.5454545454545454,0.219185750504728
1786903074.0578017,3237,129.44,3,idle,idle,idle,0,0.0,0.85,0.008815926234519595,0.011474319924980379,0.0364207262333278,0.21374343432645598,1.4994620629935125,161.1532457561135,0.0,0.42424242424242425,0.42424242424242425,0.05759900915929431,0,0,0.5757575757575758,0.21358445328771616
1786903074.1114485,3238,129.48,3,idle,idle,idle,0,0.0,0.85,0.010733415990487237,0.011600594794312493,0.04426143813890009,0.22980585838587886,1.5318571762252844,161.01130015116613,0.0,0.3939393939393939,0.3939393939393939,0.05411957916905539,0,0,0.6060606060606061,0.20878010159187854
1786903074.1430914,3239,129.52,3,idle,idle,idle,0,0.0,0.85,0.012249481252875907,0.011627252620719378,0.049518909056939946,0.24844784869097233,1.7281302071895464,160.89447223884457,0.0,0.36363636363636365,0.36363636363636365,0.05088401439587986,0,0,0.6363636363636364,0.20497829314677957
1786903074.174626,3240,129.56,3,idle,idle,idle,0,0.0,0.85,0.01246410710616578,0.010663323185084847,0.052153801470029515,0.27203928175147635,1.9689982883729455,160.7020969137283,0.0,0.3333333333333333,0.3333333333333333,0.04810080967207975,0,0,0.6666666666666666,0.20235862239909555
1786903074.2587688,3241,129.6,3,idle,idle,idle,0,0.0,0.85,0.013315975854427543,0.010955690349240634,0.0526088542687414,0.29322379622734973,2.1757519439325015,160.38030087820346,0.0,0.30303030303030304,0.30303030303030304,0.045614019758431795,0,0,0.696969696969697,0.20062173778407075
1786903074.333407,3242,129.64,3,idle,idle,idle,0,0.0,0.85,0.013469669134812824,0.0122122776495951,0.05364862573505653,0.31085412763423315,2.433243450439449,160.1518427478516,0.0,0.2727272727272727,0.2727272727272727,0.0432976781422137,0,0,0.7272727272727273,0.19925107682594811
1786903074.3640785,3243,129.68,3,idle,idle,idle,0,0.0,0.85,0.01338901245880018,0.011675714895478329,0.054917742632607874,0.3308816065737553,2.724852693804656,159.9427000987826,0.0,0.24242424242424243,0.24242424242424243,0.0414858846872914,0,0,0.7575757575757576,0.19842946798613684
1786903074.4791973,3244,129.72,3,idle,idle,idle,0,0.0,0.85,0.013533433254066246,0.011251509168703606,0.05694273196470317,0.356455321804539,2.990669521149119,159.59777325368515,0.0,0.21212121212121213,0.21212121212121213,0.03995866481892223,0,0,0.7878787878787878,0.19883605475815935
1786903074.5112455,3245,129.76,3,idle,idle,idle,0,0.0,0.85,0.012013861395396584,0.010463597407647613,0.05092262975136007,0.379597938831693,3.191836795423904,159.2137451551441,0.0,0.18181818181818182,0.18181818181818182,0.03856353430426571,0,0,0.8181818181818182,0.20075744250966213
1786903074.5637567,3246,129.8,3,idle,idle,idle,0,0.0,0.85,0.010422890841081655,0.010789844596077363,0.043109144677408645,0.4035969097373308,3.507066932919281,158.9282509629128,0.0,0.15151515151515152,0.15151515151515152,0.0373761401391106,0,0,0.8484848484848485,0.20421120466039044
1786903074.6331756,3247,129.84,3,idle,idle,idle,0,0.0,0.85,0.008448553543159766,0.011595434488722862,0.03603118036009748,0.4166287913893961,3.892687499458616,158.64398146984863,0.0,0.12121212121212122,0.12121212121212122,0.03614017544280108,0,0,0.8787878787878788,0.20897610150226437
1786903074.6633172,3248,129.88,3,idle,idle,idle,0,0.0,0.85,0.008181404961650908,0.012029912380695717,0.030146687339461704,0.42353169504021404,4.234401491595619,158.4885253281736,0.0,0.09090909090909091,0.09090909090909091,0.03462523538754501,0,0,0.9090909090909091,0.21491390634518165
1786903074.6955585,3249,129.92,3,idle,idle,idle,0,0.0,0.85,0.007425021033223144,0.01155609548071223,0.024609967547140302,0.4270509326643762,4.36606730583433,158.22360145022853,0.0,0.06060606060606061,0.06060606060606061,0.03291748690990477,0,0,0.9393939393939394,0.22189333138858364
1786903074.7416072,3250,129.96,3,idle,idle,idle,0,0.0,0.85,0.006661066239829891,0.011075369911957685,0.023313040741885435,0.42352397221434435,4.470879671314745,158.0675744862555,0.0,0.030303030303030304,0.030303030303030304,0.03190343511535016,0,0,0.9696969696969697,0.22974411862796315
1786903074.769997,3251,130.0,3,idle,idle,idle,0,0.0,0.85,0.006620488855802881,0.010414442238448344,0.022862442601089848,0.41775037402153287,4.604000934305419,157.9071890075531,0.0,0.0,0.0,0.03100709886812251,0,0,1.0,0.23847184627234008
1786903074.7985508,3252,130.04,3,idle,idle,idle,0,0.0,0.85,0.006881642156594856,0.011004103489010566,0.021278321012624793,0.41435239216383357,4.6223914487652396,157.76572187167545,0.0,0.0,0.0,0.030185025468338397,0,0,1.0,0.24735831351209842
1786903074.8806047,3253,130.08,3,idle,idle,idle,0,0.0,0.85,0.006072244481988014,0.010282810917017266,0.01860308277982048,0.40966043119678053,4.604895776605874,157.5438988772799,0.0,0.0,0.0,0.029635132808175323,0,0,1.0,0.25653098021919596
1786903074.9098864,3254,130.12,3,idle,idle,idle,0,0.0,0.85,0.006029317033142691,0.010051925574867568,0.015593541052882064,0.4008192543171335,4.587053408965583,157.29343972336886,0.0,0.0,0.0,0.029299616793373853,0,0,1.0,0.26565639184101475
