timestamp,frame,video_time_sec,track_id,raw_activity,smoothed_activity,semantic_activity,material_handling,material_confidence,confidence,velocity,ankle_motion,wrist_motion,wrist_hip_distance,torso_angle,knee_angle,mh_bending_ratio,mh_walking_ratio,mh_active_ratio,mh_wrist_motion,mh_pickup,mh_stationary,mh_standing_idle_ratio,mh_wrist_hip_distance
1786839747.1499827,1,0.0,1,unknown,unknown,unknown,0,0.0,0.3,0.0,0.0,0.0,1.0115691569028973,3.152937007775314,40.508997729141804,0.0,0.0,0.0,0.0,0,0,0.0,0.0
1786839747.2108507,2,0.04,1,carrying,carrying,carrying,0,0.0,0.7701341154293169,0.9247788050910684,0.47550665790164315,0.0,0.7835568590488615,11.965241984888275,107.15903898744997,0.0,0.0,0.0,0.0,0,0,0.0,0.0
1786839747.2444222,3,0.08,1,carrying,carrying,carrying,0,0.0,0.7303906293865069,0.46404565855338986,0.24304210917064925,0.032691398680294,0.7173177156441782,15.036081453086254,129.06496085729637,0.0,0.0,0.0,0.0,0,0,0.0,0.0
1786839747.487887,4,0.12,1,carrying,carrying,carrying,0,0.0,0.7142977742783304,0.31088951625180405,0.16501025789230275,0.029311620305813663,0.690496290463884,16.661363834756898,139.98341019635086,0.0,0.0,0.0,0.0,0,0,0.0,0.0
1786839747.5389786,5,0.16,1,carrying,carrying,carrying,0,0.0,0.7035259347492226,0.23355027080732413,0.1256616154264208,0.02573055475213748,0.6725432245820377,17.526290873480427,146.5612397752707,0.0,0.0,0.0,0.0,0,0,0.0,0.0
1786839747.5779464,6,0.2,1,carrying,carrying,carrying,0,0.0,0.6984166850064224,0.18788282782339372,0.10194033691002265,0.025149473191958982,0.6640278083440373,18.12318583896758,150.86323397874767,0.0,0.0,0.0,0.0,0,0,0.0,0.0
1786839747.6257155,7,0.24,1,carrying,carrying,carrying,0,0.0,0.6950866841875537,0.15747189515548848,0.0857277160731622,0.02226467204430329,0.6584778069792563,18.600852117056665,153.98549346571025,0.0,0.0,0.0,0.0,0,0,0.0,0.0
1786839747.6563766,8,0.28,1,carrying,carrying,carrying,0,0.0,0.6916730269106949,0.13536268769582402,0.0745595657914536,0.022259733298060635,0.6527883781844914,18.887476057113478,156.29400312849435,0.0,0.0,0.0,0.0,0,0,0.0,0.0
1786839747.6853387,9,0.32,1,carrying,carrying,carrying,0,0.0,0.6900983444181523,0.1187864119157597,0.06650889494648689,0.021718663814230453,0.6501639073635873,19.13677644358393,158.18337282469759,0.0,0.0,0.0,0.0,0,0,0.0,0.0
1786839747.7575786,10,0.36,1,carrying,carrying,carrying,0,0.0,0.6882197602216081,0.10588902574277051,0.06037606860917948,0.020348376029946873,0.6470329337026802,19.338097207198576,159.69555450825922,0.0,0.0,0.0,0.0,0,0,0.0,0.0
1786839747.7929385,11,0.4,1,standing,carrying,carrying,0,0.0,0.75,0.0039539003511417144,0.008144212441992607,0.020596057996688184,0.6069070249182061,21.11420344209231,172.97451637503562,0.0,0.0,0.0,0.0,0,0,0.0,0.0
1786839747.8220677,12,0.44,1,standing,carrying,carrying,0,0.0,0.75,0.004317870286755118,0.007683341123457871,0.019507148510273808,0.6139996026389809,21.147372852522714,172.8204227576221,0.0,0.0,0.0,0.0,0,0,0.0,0.0
1786839747.8697445,13,0.48,1,standing,carrying,carrying,0,0.0,0.75,0.0041271730774164505,0.006956132316177523,0.019474006337847932,0.6159985025611989,21.1236391271377,172.78972463236684,0.0,0.0,0.0,0.0,0,0,0.0,0.0
1786839747.8993182,14,0.52,1,standing,carrying,carrying,0,0.0,0.75,0.004570801241724211,0.006906317114478442,0.019120337305896087,0.6164675261214378,21.034119060724542,172.7894427971413,0.0,0.0,0.0,0.0,0,0,0.0,0.0
1786839747.9282498,15,0.56,1,idle,standing,standing,0,0.0,0.85,0.004656151435714749,0.0069476962669065105,0.018600088429693355,0.6175721956075061,20.99248559518734,172.80053050953012,0.0,0.0,0.0,0.0,0,0,0.0,0.0
1786839748.00672,16,0.6,1,idle,standing,standing,0,0.0,0.85,0.004968555316050195,0.007300053230174176,0.018049043111003315,0.616228794194767,20.925020281241732,172.86790323302012,0.0,0.0,0.0,0.0,0,0,0.0,0.0
1786839748.0463624,17,0.64,1,idle,standing,standing,0,0.0,0.85,0.004915029149393179,0.00729017473335728,0.017180898747506966,0.6127855817335913,20.8812492779793,172.86357873435992,0.0,0.0,0.0,0.0,0,0,0.0,0.0
1786839748.085836,18,0.68,1,idle,standing,standing,0,0.0,0.85,0.005031276034685338,0.007803445953062143,0.01751606149076961,0.6126060883360129,20.890304900514604,172.87932847700483,0.0,0.0,0.0,0.0,0,0,0.0,0.0
1786839748.1336594,19,0.72,1,idle,idle,idle,0,0.0,0.85,0.005449038595697729,0.007794660183002376,0.018211192302563576,0.6127978598061479,20.865191914828358,172.851080364447,0.0,0.0,0.0,0.0,0,0,0.0,0.0
1786839748.1691973,20,0.76,1,idle,idle,idle,0,0.0,0.85,0.005274449209376025,0.008344672000082059,0.020404787586616402,0.6099069660629178,20.799850570056133,172.83813470931491,0.0,0.0,0.45,0.019406705696780234,0,0,0.5,0.664162211159834
1786839748.277771,21,0.8,1,idle,idle,idle,0,0.0,0.85,0.005256550703853768,0.008318862816397874,0.019623397257766694,0.6085116777388996,20.677498461519725,172.89222587930672,0.0,0.0,0.42857142857142855,0.019417024342541493,0,0,0.5238095238095238,0.6615121857588371
1786839748.3360555,22,0.84,1,idle,idle,idle,0,0.0,0.85,0.00710515238632784,0.008464364885314456,0.024196098267357316,0.5982707286789133,20.469670592231015,173.07802279047684,0.0,0.0,0.4090909090909091,0.019634254975487667,0,0,0.5454545454545454,0.658637574073386
1786839748.368905,23,0.88,1,idle,idle,idle,0,0.0,0.85,0.011178893254581357,0.008375304514492234,0.03291541983800329,0.5833510225953253,19.813596768300226,173.400974828889,0.0,0.0,0.391304347826087,0.020211696926031822,0,0,0.5652173913043478,0.6553642457482529
1786839748.416482,24,0.92,1,standing,idle,idle,0,0.0,0.75,0.015349109643166476,0.009577855463250875,0.034689348739553844,0.5798653306030961,18.947627602005845,173.7718951844529,0.0,0.0,0.375,0.020814932418261906,0,0,0.5833333333333334,0.6522184576172046
1786839748.4675384,25,0.96,1,standing,idle,idle,0,0.0,0.75,0.01906264027637621,0.011124247509544584,0.03882124719013723,0.5690960896902506,17.837875514679116,174.14246407554828,0.0,0.0,0.36,0.02153518500913692,0,0,0.6,0.6488935629001266
1786839748.499008,26,1.0,1,standing,idle,idle,0,0.0,0.75,0.02264510437904102,0.015440157259528412,0.04769747773876117,0.5549099492286905,16.768533950485327,174.34001367309605,0.0,0.0,0.34615384615384615,0.022541427037199392,0,0,0.6153846153846154,0.6452788085281482
1786839748.545912,27,1.04,1,standing,idle,idle,0,0.0,0.75,0.025902061090028808,0.02393575438219896,0.04938766293361741,0.5448228896517955,15.63081666027264,174.1638921844764,0.0,0.0,0.3333333333333333,0.023535732070400057,0,0,0.6296296296296297,0.6415582189401351
1786839748.6164052,28,1.08,1,standing,standing,standing,0,0.0,0.75,0.03167601002366107,0.03246742242160447,0.06556958619243569,0.5484226449706396,14.614221758446613,173.444090015678,0.0,0.0,0.32142857142857145,0.025036941146187045,0,0,0.6428571428571429,0.6382319484412246
1786839748.6468205,29,1.12,1,standing,standing,standing,0,0.0,0.75,0.03802324304040403,0.04564001159656818,0.06617439277976046,0.5561286675654779,13.525626791614519,171.37299417975717,0.0,0.0,0.3103448275862069,0.026455473961137854,0,0,0.6551724137931034,0.6354008008248195
1786839748.6816294,30,1.16,1,standing,standing,standing,0,0.0,0.75,0.04076343090142329,0.0588304855125614,0.06693017416063367,0.5647080914804422,12.061520885628742,168.97475542218348,0.0,0.0,0.3,0.027804630634454378,0,0,0.6666666666666666,0.6330443771800068
1786839748.7436523,31,1.2,1,walking,standing,standing,0,0.0,0.6,0.04961801448293335,0.0741830295833111,0.07346774924322899,0.5674712943266845,10.714322102581194,167.24916307608763,0.0,0.03225806451612903,0.3225806451612903,0.02927763446054388,0,0,0.6451612903225806,0.6309291164428029
1786839748.7741292,32,1.24,1,carrying,standing,standing,0,0.0,0.6300611594491968,0.0577833978479043,0.08375016750052909,0.0824971411076934,0.5501019324153281,9.550612079331723,167.17493351791015,0.0,0.03125,0.34375,0.03094074404326731,0,0,0.625,0.6284032669419444
1786839748.8273578,33,1.28,1,carrying,standing,standing,0,0.0,0.6245033790783955,0.06571103143047233,0.08936163665007084,0.09691949183515693,0.5408389651306592,9.047471789167902,166.86682828383306,0.0,0.030303030303030304,0.36363636363636365,0.032940100036960934,0,0,0.6060606060606061,0.6257498032506934
1786839748.875721,34,1.32,1,carrying,standing,standing,0,0.0,0.6268497668927959,0.07153186489080518,0.09651753357010974,0.09978819303583425,0.5447496114879932,8.748605476689299,165.95646204128983,0.0,0.030303030303030304,0.3939393939393939,0.035963984674410455,0,0,0.6060606060606061,0.6116037564199387
1786839748.906951,35,1.36,1,carrying,standing,standing,0,0.0,0.6198589436240383,0.07666404869107168,0.10138546926443678,0.1111489509660074,0.5330982393733972,8.691241660449855,165.07573065915906,0.0,0.030303030303030304,0.3939393939393939,0.0393321347036834,0,0,0.6060606060606061,0.604014101278258
1786839748.9393814,36,1.4,1,carrying,carrying,carrying,0,0.0,0.611558773441704,0.08050924824634778,0.10433590393611375,0.12540946372873346,0.51926462240284,8.452870690871704,163.8986870510375,0.0,0.030303030303030304,0.3939393939393939,0.042141773038484605,0,0,0.6060606060606061,0.5980124923921567
1786839748.9887602,37,1.44,1,carrying,carrying,carrying,0,0.0,0.6124916233961171,0.08486647244622375,0.10521751259060465,0.145045978524593,0.5208193723268618,8.487162767137194,162.0939901107833,0.0,0.030303030303030304,0.3939393939393939,0.04564887480269004,0,0,0.6060606060606061,0.5928707676001258
1786839749.039335,38,1.48,1,carrying,carrying,carrying,0,0.0,0.605718560679405,0.08600299477574598,0.1163566477243337,0.15730888966403483,0.5095309344656751,8.305344631336297,160.46379642918492,0.0,0.030303030303030304,0.3939393939393939,0.049636097072747534,0,0,0.6060606060606061,0.5879310012329634
1786839749.0817935,39,1.52,1,walking,carrying,material_handling,1,1.0,0.6527614561228943,0.08921718263947573,0.11749706210212096,0.16396921640047396,0.4895584350019307,7.609180145027065,160.3334725494692,0.0,0.06060606060606061,0.3939393939393939,0.053842755957854045,0,1,0.6060606060606061,0.5826440505256267
1786839749.1352553,40,1.56,1,walking,carrying,material_handling,1,1.0,0.6574751610536774,0.09163523028397608,0.11834552898966194,0.16408118969698673,0.4812879247282493,7.272427704220128,162.03083114778877,0.0,0.09090909090909091,0.3939393939393939,0.05814022618975354,0,1,0.6060606060606061,0.5772746601543841
1786839749.1673374,41,1.6,1,walking,carrying,material_handling,1,1.0,0.6592314277184127,0.09103462324241642,0.11866165698931429,0.16681979762311464,0.4635406807557645,7.1696956178074185,163.88366621897472,0.0,0.12121212121212122,0.3939393939393939,0.06252083419960366,0,1,0.6060606060606061,0.5715398814444226
1786839749.2157967,42,1.64,1,walking,carrying,material_handling,1,1.0,0.6497040261902028,0.09371866847622386,0.11694672471423652,0.16889275851438793,0.48217572055743674,6.974515486483405,164.07963626455114,0.0,0.15151515151515152,0.3939393939393939,0.06698065525112358,0,1,0.6060606060606061,0.5664493303290847
1786839749.4024463,43,1.68,1,walking,walking,material_handling,1,1.0,0.6269323244339433,0.09334937984210116,0.1128478183981098,0.17563929161171452,0.49173851966226845,6.813543840671331,164.11121260903377,0.0,0.18181818181818182,0.3939393939393939,0.07168644057178322,0,1,0.6060606060606061,0.5617434389945268
1786839749.4587688,44,1.72,1,walking,walking,walking,0,0.0,0.65160117198664,0.09420266030882714,0.1172882109575952,0.17737557587069674,0.4738443780514463,6.636459625813295,164.04890075913644,0.0,0.21212121212121213,0.42424242424242425,0.07643733505281376,0,0,0.5757575757575758,0.557711237574322
1786839749.4910815,45,1.76,1,walking,walking,walking,0,0.0,0.6669693332545977,0.09808995009865247,0.1200544799858276,0.178418807850446,0.45765479883898585,6.714329956911449,163.26577297018673,0.0,0.24242424242424243,0.45454545454545453,0.08125283988130384,0,0,0.5454545454545454,0.5529735162470495
1786839749.5515168,46,1.8,1,walking,walking,walking,0,0.0,0.7243996252753783,0.10212620368472612,0.1303919325495681,0.16018344704468027,0.44320264386804054,7.030346376443136,162.7481710190628,0.0,0.2727272727272727,0.48484848484848486,0.08551676232696544,0,0,0.5151515151515151,0.5477372781048324
1786839749.5857317,47,1.84,1,walking,walking,walking,0,0.0,0.7054700592355303,0.10252881309683273,0.12698461066239544,0.15625423491211282,0.42442102145357363,6.929503981912004,163.1497356834496,0.0,0.30303030303030304,0.5151515151515151,0.08967233498169927,0,0,0.48484848484848486,0.5419176870542911
1786839749.6266816,48,1.88,1,walking,walking,walking,0,0.0,0.6664521550833395,0.10352372923974557,0.11996138791500112,0.14547568634332866,0.41465470375006896,7.3135946839848955,164.52950336201457,0.0,0.3333333333333333,0.5454545454545454,0.09351705006999125,0,0,0.45454545454545453,0.5357686721495204
1786839749.772865,49,1.92,1,walking,walking,walking,0,0.0,0.6,0.10044378934648811,0.10547780126287278,0.17007018215547115,0.4092405260821344,8.297076741454765,166.55404411950377,0.0,0.36363636363636365,0.5757575757575758,0.09812375125315695,0,0,0.42424242424242425,0.5294963003885315
1786839749.8117197,50,1.96,1,walking,walking,walking,0,0.0,0.6,0.09597955281257733,0.09784063634624612,0.15295871323512994,0.39679462565272655,9.269150313583648,167.0946953187152,0.0,0.3939393939393939,0.6060606060606061,0.1022382304800546,0,0,0.3939393939393939,0.5229511199012324
1786839749.8422112,51,2.0,1,walking,walking,walking,0,0.0,0.6,0.0894613939133136,0.10189156249565114,0.15300437688856164,0.3901628247119977,10.111262022279291,166.35900845485116,0.0,0.42424242424242425,0.6363636363636364,0.10634393700726043,0,0,0.36363636363636365,0.516210414942929
1786839749.9083083,52,2.04,1,walking,walking,walking,0,0.0,0.6,0.08659221486235189,0.10462758140471869,0.1438087802191796,0.3639314583837347,10.575872917849962,165.6394274732657,0.0,0.45454545454545453,0.6666666666666666,0.11014992451988515,0,0,0.3333333333333333,0.5086690088392195
1786839749.9392738,53,2.08,1,walking,walking,walking,0,0.0,0.6,0.08166581793760717,0.09599869274884681,0.13570782343941393,0.33787940494952395,10.458404938210899,164.97403570773866,0.0,0.48484848484848486,0.696969696969697,0.11364395590936387,0,0,0.30303030303030304,0.500425749411541
1786839749.9729946,54,2.12,1,walking,walking,walking,0,0.0,0.6,0.07471041901821768,0.08506943408002816,0.13759252090820845,0.3228613289334454,10.22911652916243,164.72917105947016,0.0,0.5151515151515151,0.7272727272727273,0.11721877783816512,0,0,0.2727272727272727,0.49176967823561807
1786839750.0439231,55,2.16,1,walking,walking,walking,0,0.0,0.6,0.06247413877574594,0.07078139970382191,0.14140881432263827,0.3196240361120417,9.593664058574806,165.37595496966404,0.0,0.5454545454545454,0.7575757575757576,0.1207706783246888,0,0,0.24242424242424243,0.48332583906692506
1786839750.1229084,56,2.2,1,standing,walking,walking,0,0.0,0.75,0.0575730476221455,0.0540854822047389,0.1446691987511207,0.320703119175746,8.787362586212517,166.9574324519679,0.0,0.5454545454545454,0.7575757575757576,0.12415715647357115,0,0,0.24242424242424243,0.47536681169057415
1786839750.1547556,57,2.24,1,standing,walking,walking,0,0.0,0.75,0.05391180149368294,0.05056373735462843,0.1531171435247032,0.2986678903317016,7.938413914337576,168.63803571566314,0.0,0.5454545454545454,0.7575757575757576,0.12774587752766656,0,0,0.24242424242424243,0.46684567713689556
1786839750.204695,58,2.28,1,standing,walking,walking,0,0.0,0.75,0.04862336212548221,0.056834297218046594,0.11897531981116209,0.2815613380477125,6.683509919693046,169.5574084294758,0.0,0.5454545454545454,0.7575757575757576,0.1301747888192128,0,0,0.24242424242424243,0.4581325028446974
1786839750.2624958,59,2.32,1,walking,walking,walking,0,0.0,0.6,0.046262515461337715,0.0699417363197028,0.1269890873331578,0.27031307808975635,5.464674102776504,169.35795650890512,0.0,0.5757575757575758,0.7878787878787878,0.1325775648675278,0,0,0.21212121212121213,0.44950835523442667
1786839750.301121,60,2.36,1,walking,standing,standing,0,0.0,0.6,0.04456844786674839,0.07409507294263121,0.1090831149214352,0.25778054736800055,4.24380181423952,168.61171922467796,0.0,0.6060606060606061,0.8181818181818182,0.13438651795806777,0,0,0.18181818181818182,0.440810102437948
1786839750.3537621,61,2.4,1,walking,standing,standing,0,0.0,0.6,0.04159961591213008,0.07560248939702376,0.10393489391880717,0.2653319759678866,2.9040858551040776,168.38472006257683,0.0,0.6363636363636364,0.8484848484848485,0.13554910304068507,0,0,0.15151515151515152,0.43223159731665245
1786839750.388314,62,2.44,1,walking,standing,standing,0,0.0,0.6,0.04137178180163364,0.0720430470474485,0.10066174813343844,0.27113171935612423,1.944751971752463,168.36176690387862,0.0,0.6666666666666666,0.8787878787878788,0.13659417441503896,0,0,0.12121212121212122,0.4235953261587933
1786839750.4254117,63,2.48,1,walking,walking,walking,0,0.0,0.6,0.04253723434981818,0.06925869082662461,0.09994158249433902,0.2847367866267279,1.4844093265294518,168.88862498368832,0.0,0.696969696969697,0.9090909090909091,0.13759452012212095,0,0,0.09090909090909091,0.4151113472238323
1786839750.477375,64,2.52,1,walking,walking,walking,0,0.0,0.6,0.04425988915800732,0.06368286198770644,0.09095096909395271,0.3051821671995977,1.3612413513833537,169.79107058323035,0.0,0.696969696969697,0.9090909090909091,0.13812431466305197,0,0,0.09090909090909091,0.4071631918563448
1786839750.5516412,65,2.56,1,walking,walking,walking,0,0.0,0.6,0.04245134909599287,0.06056370770063143,0.07900776892502569,0.3299240410291317,1.3453613190268228,170.27864334814774,0.0,0.7272727272727273,0.9090909090909091,0.13801857611206206,0,0,0.09090909090909091,0.40049113454161156
1786839750.5840552,66,2.6,1,standing,walking,walking,0,0.0,0.75,0.04091501176824913,0.05706394884729856,0.0740570193502251,0.3517537160518962,1.5457114104086616,170.07983357254662,0.0,0.7272727272727273,0.8787878787878788,0.13732577391554895,0,0,0.12121212121212122,0.3947612785089218
1786839750.6336586,67,2.64,1,standing,walking,walking,0,0.0,0.75,0.036763859232572756,0.050238871365217166,0.06576754104770738,0.37637386223890845,2.0167464706814293,169.8191946564017,0.0,0.7272727272727273,0.8484848484848485,0.1362948450674239,0,0,0.15151515151515152,0.3896589830771313
1786839750.6632335,68,2.68,1,standing,walking,walking,0,0.0,0.75,0.03260527755639097,0.03523840273592885,0.05464451073614712,0.3924343204613544,2.5925728702293225,169.54988079575975,0.0,0.7272727272727273,0.8181818181818182,0.13458258930288267,0,0,0.18181818181818182,0.38539644007979673
1786839750.72395,69,2.72,1,standing,walking,walking,0,0.0,0.75,0.025862059236817142,0.02287746380151972,0.05216139375542422,0.4031195338718022,3.134578390872506,169.5234510393351,0.0,0.7272727272727273,0.7878787878787878,0.13236295081884303,0,0,0.21212121212121213,0.38187689194249247
1786839750.7720656,70,2.76,1,standing,standing,standing,0,0.0,0.75,0.02227458351535834,0.013716862160490558,0.04541461731571858,0.41519022058270527,3.7170668438357124,169.86624775490924,0.0,0.7272727272727273,0.7575757575757576,0.12934381866099834,0,0,0.24242424242424243,0.37867600855630595
1786839750.8025959,71,2.8,1,standing,standing,standing,0,0.0,0.75,0.019875485332088192,0.012464156127474839,0.04097555463859242,0.42451380107336634,4.377839571032944,170.2909134514631,0.0,0.7272727272727273,0.7272727272727273,0.12581856608446976,0,0,0.2727272727272727,0.37609973178684203
1786839750.8306596,72,2.84,1,standing,standing,standing,0,0.0,0.75,0.01615403814198379,0.01174667924703586,0.03632176696559374,0.4303408570032615,5.093369815279038,170.42856921995931,0.0,0.696969696969697,0.696969696969697,0.12195046155614003,0,0,0.30303030303030304,0.3743052597262763
1786839750.901334,73,2.88,1,idle,standing,standing,0,0.0,0.85,0.012681331820591389,0.014062374363892806,0.03357739707619535,0.43196477951408097,5.6944241927782535,170.1257625459966,0.0,0.6666666666666666,0.6666666666666666,0.11799580117369184,0,0,0.3333333333333333,0.37281061896221057
1786839750.9315786,74,2.92,1,idle,standing,standing,0,0.0,0.85,0.011880377899977984,0.012484046263879228,0.03111203546589945,0.4296480614229495,6.19921546529564,169.655917851812,0.0,0.6363636363636364,0.6363636363636364,0.11388344474468531,0,0,0.36363636363636365,0.3717835698915192
1786839750.970472,75,2.96,1,idle,standing,standing,0,0.0,0.85,0.010718120125130633,0.013350755328714235,0.028694085156991806,0.42633079606516777,6.671034126007514,169.2883808123237,0.0,0.6060606060606061,0.6060606060606061,0.1096350000974915,0,0,0.3939393939393939,0.3700912994523596
1786839751.029197,76,3.0,1,idle,standing,standing,0,0.0,0.85,0.011398314437942366,0.013018653841706565,0.02668799837117419,0.4226606499210493,6.977365953116349,168.97350125859728,0.0,0.5757575757575758,0.5757575757575758,0.10512132454474783,0,0,0.42424242424242425,0.36799803067232256
1786839751.0608244,77,3.04,1,idle,idle,idle,0,0.0,0.85,0.012166252287502125,0.01223254853084873,0.026915509470458107,0.4202025653238769,7.137119000178818,168.76742346620642,0.0,0.5454545454545454,0.5454545454545454,0.10056192859322546,0,0,0.45454545454545453,0.36637252119572955
1786839751.096481,78,3.08,1,idle,idle,idle,0,0.0,0.85,0.01318760598175494,0.012393655355587981,0.02408346663744986,0.41821915904388024,7.135203827179453,168.64060797685315,0.0,0.5151515151515151,0.5151515151515151,0.09588510007161952,0,0,0.48484848484848486,0.3651775018079992
1786839751.1624541,79,3.12,1,idle,idle,idle,0,0.0,0.85,0.01381712180468714,0.013203136013290224,0.023166021496058453,0.41860135406669297,7.107293433693783,168.66618802330044,0.0,0.48484848484848486,0.48484848484848486,0.09173305687317643,0,0,0.5151515151515151,0.3644320081776553
1786839751.25624,80,3.16,1,idle,idle,idle,0,0.0,0.85,0.013032652927191184,0.01565439209004725,0.021448076801382384,0.41777050330051574,7.090247062994647,169.1072770016984,0.0,0.45454545454545453,0.45454545454545453,0.08764802177891187,0,0,0.5454545454545454,0.36423047732453223
1786839751.3186529,81,3.2,1,idle,idle,idle,0,0.0,0.85,0.013659301903734608,0.019186202988726152,0.017907539563924574,0.41595939546207356,6.982851339059566,169.63924769634488,0.0,0.42424242424242425,0.42424242424242425,0.08378232036135419,0,0,0.5757575757575758,0.36427001343701726
1786839751.3747795,82,3.24,1,standing,idle,idle,0,0.0,0.75,0.014514897455432281,0.02100803497209621,0.022452000847905135,0.4184338494970975,6.845706261104965,169.848240703351,0.0,0.3939393939393939,0.3939393939393939,0.07930904213991279,0,0,0.6060606060606061,0.36454859899504644
1786839751.4030828,83,3.28,1,standing,idle,idle,0,0.0,0.75,0.015999806876101155,0.021500940424594592,0.033155936685666985,0.428190320500429,6.753765303265856,169.46468034282296,0.0,0.36363636363636365,0.36363636363636365,0.07567865497174722,0,0,0.6363636363636364,0.36549998368740105
1786839751.4327726,84,3.32,1,standing,idle,idle,0,0.0,0.75,0.01588622218924577,0.021757573679891135,0.03919672003783189,0.44382951120516667,6.568391389258849,168.67619036221782,0.0,0.3333333333333333,0.3333333333333333,0.07222993809748268,0,0,0.6666666666666666,0.3671262469144668
1786839751.4790893,85,3.36,1,standing,idle,idle,0,0.0,0.75,0.014799892545125457,0.027329028782072273,0.04473832522436469,0.4568501176803891,6.425409958509553,168.92438035489354,0.0,0.30303030303030304,0.30303030303030304,0.06922780309763982,0,0,0.696969696969697,0.3699419638628503
1786839751.5079625,86,3.4,1,standing,standing,standing,0,0.0,0.75,0.014056152789044632,0.0315632202972052,0.045552872917438224,0.46680008885490604,6.2597371423178245,169.18359031769128,0.0,0.2727272727272727,0.2727272727272727,0.0664958349000042,0,0,0.7272727272727273,0.37384865125392247
1786839751.5457697,87,3.44,1,standing,standing,standing,0,0.0,0.75,0.013516714323670721,0.03153374337501296,0.04804953361348671,0.47561806881378466,6.108772633700876,169.4336413213523,0.0,0.24242424242424243,0.24242424242424243,0.06378241104258839,0,0,0.7575757575757576,0.3784776433715084
1786839751.5976963,88,3.48,1,standing,standing,standing,0,0.0,0.75,0.014011381296964566,0.03191258893918091,0.05064321287950471,0.48527641004295263,6.074939767538215,169.86604631789245,0.0,0.21212121212121213,0.21212121212121213,0.06103193827158433,0,0,0.7878787878787878,0.3834974122785058
1786839751.6835258,89,3.52,1,standing,standing,standing,0,0.0,0.75,0.01442040294022636,0.03039285338123198,0.051065490087484504,0.49512972467062993,6.014009105228552,170.08302802918016,0.0,0.21212121212121213,0.21212121212121213,0.058195462251474143,0,0,0.7878787878787878,0.388783066990472
1786839751.717708,90,3.56,1,standing,standing,standing,0,0.0,0.75,0.012877349049783857,0.028290308698305844,0.05009558183146819,0.5052841623438548,5.9424885771771025,170.14110347886322,0.0,0.21212121212121213,0.21212121212121213,0.055073596745618535,0,0,0.7878787878787878,0.39504416614235544
1786839751.7674563,91,3.6,1,standing,standing,standing,0,0.0,0.75,0.012715157124958472,0.024397976599487156,0.045691499656296215,0.5151038188077208,5.859331721346345,170.01399915167278,0.0,0.21212121212121213,0.21212121212121213,0.05285287492274382,0,0,0.7878787878787878,0.40212121101387077
1786839751.796226,92,3.64,1,standing,standing,standing,0,0.0,0.75,0.012592312722434773,0.025184168787811614,0.037058863769078874,0.52237864937905,5.642801829955442,169.98702160550508,0.0,0.18181818181818182,0.18181818181818182,0.05012771663292325,0,0,0.8181818181818182,0.4097595616590009
1786839751.8285353,93,3.68,1,standing,standing,standing,0,0.0,0.75,0.012297105893194441,0.023773850133335758,0.03201393636598934,0.5269858055318276,5.313859703855658,170.61947781834144,0.0,0.15151515151515152,0.15151515151515152,0.04779228697972792,0,0,0.8484848484848485,0.4179172967548745
1786839751.8787367,94,3.72,1,idle,standing,standing,0,0.0,0.85,0.013476092715297185,0.017674983711517503,0.02817017957470292,0.5275083655121608,4.960843616377541,171.69943157375116,0.0,0.12121212121212122,0.12121212121212122,0.04549638654505809,0,0,0.8787878787878788,0.4258620358319737
1786839751.90959,95,3.76,1,idle,standing,standing,0,0.0,0.85,0.013036840691464765,0.0138059151176535,0.028120295123875434,0.5308695955740305,4.702501976091592,171.70111787938566,0.0,0.09090909090909091,0.09090909090909091,0.043298160696283464,0,0,0.9090909090909091,0.4337328805658496
1786839751.9763737,96,3.8,1,idle,standing,standing,0,0.0,0.85,0.013547171028888251,0.012843385752438933,0.026124393477825907,0.5371046726988864,4.483705590510221,171.71315296158974,0.0,0.06060606060606061,0.06060606060606061,0.041061276180631545,0,0,0.9393939393939394,0.4413803922650059
1786839752.025045,97,3.84,1,idle,standing,standing,0,0.0,0.85,0.012861201298057299,0.012296014610984424,0.02349884378330789,0.5432751041551631,4.33487561287767,171.70235600330443,0.0,0.030303030303030304,0.030303030303030304,0.039017272383339276,0,0,0.9696969696969697,0.44859532974850796
1786839752.0571415,98,3.88,1,idle,idle,idle,0,0.0,0.85,0.01205421540802145,0.011387930766672655,0.021535089728058437,0.5478909502385565,4.104770871015242,171.5704959714891,0.0,0.0,0.0,0.03727567604403724,0,0,1.0,0.455200387603339
1786839752.0863109,99,3.92,1,idle,idle,idle,0,0.0,0.85,0.01202867830391353,0.009066458613705752,0.02298857535714932,0.5536492964001641,3.9125979191070512,171.6226027166069,0.0,0.0,0.0,0.035728147438186454,0,0,1.0,0.4613184354926805
1786839752.147885,100,3.96,1,idle,idle,idle,0,0.0,0.85,0.01103520035490739,0.009245465096853003,0.027620911959491328,0.5643822869321408,3.7280821707861422,171.46920734877062,0.0,0.0,0.0,0.03457218898096779,0,0,1.0,0.46701566048338444
1786839752.1893218,101,4.0,1,idle,idle,idle,0,0.0,0.85,0.008830034950438645,0.008476332557804778,0.03164916265433812,0.5770623847437422,3.57811641010386,171.3244570355372,0.0,0.0,0.0,0.03387536025121599,0,0,1.0,0.4726104503101235
1786839752.2183437,102,4.04,1,idle,idle,idle,0,0.0,0.85,0.009115121908259508,0.009268726271021278,0.035757826191470825,0.5884817666383303,3.525810300429844,171.55072279782604,0.0,0.0,0.0,0.033378282446247715,0,0,1.0,0.478227487666685
1786839752.2659054,103,4.08,1,idle,idle,idle,0,0.0,0.85,0.009399753359072156,0.011704821696017288,0.04124156617182317,0.5938718927461537,3.5292685994866817,171.79222117889896,0.0,0.0,0.0,0.03325182635097815,0,0,1.0,0.4836420837928501
1786839752.295073,104,4.12,1,idle,idle,idle,0,0.0,0.85,0.009783891346472678,0.012227504375525472,0.044051391386615735,0.5925699218411313,3.558187172619385,171.91657567392022,0.0,0.0,0.0,0.03334503352516069,0,0,1.0,0.48873469351308535
1786839752.3239508,105,4.16,1,idle,idle,idle,0,0.0,0.85,0.00949427564141126,0.0138943505299301,0.05249390967772119,0.5839827318931187,3.6228929509815786,172.16502658601433,0.0,0.0,0.0,0.033835098455831214,0,0,1.0,0.4933905079036871
1786839752.397491,106,4.2,1,idle,idle,idle,0,0.0,0.85,0.008729278790204714,0.013778183670605336,0.05914331850893143,0.5710064520514796,3.702263982666281,172.251304098363,0.0,0.0,0.0,0.0346098233477323,0,0,1.0,0.4976038919199719
1786839752.429196,107,4.24,1,idle,idle,idle,0,0.0,0.85,0.0082327412759697,0.01406077803258428,0.061251846132292696,0.5568029893288775,3.85454659014401,172.29927634278368,0.0,0.0,0.0,0.035523150943683614,0,0,1.0,0.5014570715534848
1786839752.4612627,108,4.28,1,idle,idle,idle,0,0.0,0.85,0.007735276117998277,0.016078837730110766,0.06403155769019916,0.5442556642287523,4.0791448259651375,172.3338299259599,0.0,0.0,0.0,0.03659398344468989,0,0,1.0,0.505030552406927
1786839752.5201666,109,4.32,1,idle,idle,idle,0,0.0,0.85,0.007580130381679829,0.01708153032774399,0.058290381622907866,0.529993449125487,4.336983378712562,172.4381528826594,0.0,0.0,0.0,0.03755163142201516,0,0,1.0,0.5082830614737279
1786839752.5858717,110,4.36,1,idle,idle,idle,0,0.0,0.85,0.007974500410120329,0.018226886038941646,0.05307024785445713,0.5093364894843443,4.571610775921401,172.52627742137514,0.0,0.0,0.0,0.038344199251833314,0,0,1.0,0.5109840894785905
1786839752.6259775,111,4.4,1,idle,idle,idle,0,0.0,0.85,0.007301731487584269,0.018500468091600667,0.050676371034546794,0.4859390754079123,4.7932703475142215,172.4997031156401,0.0,0.0,0.0,0.039150044839624136,0,0,1.0,0.5130362081562886
1786839752.6740327,112,4.44,1,idle,idle,idle,0,0.0,0.85,0.006175974320520153,0.01651172777722291,0.04642229591972428,0.46477858284035206,4.950394539320184,172.39660934617058,0.0,0.0,0.0,0.03985478042822006,0,0,1.0,0.5144355181191268
1786839752.7069855,113,4.48,1,idle,idle,idle,0,0.0,0.85,0.005534893897861992,0.016060721183713413,0.041464001880875644,0.4465450728755601,5.089185331573512,172.23509392722048,0.0,0.0,0.0,0.040461323612447135,0,0,1.0,0.5153074747729159
1786839752.7431684,114,4.52,1,idle,idle,idle,0,0.0,0.85,0.004988230330554429,0.014728984992107555,0.0360910036621571,0.43376500611676133,5.311303361777092,172.1125451272074,0.0,0.0,0.0,0.04101233767602994,0,0,1.0,0.515847038732149
1786839752.9017556,115,4.56,1,idle,idle,idle,0,0.0,0.85,0.005460928754709721,0.015159472642188762,0.03074199521615105,0.4276590411867943,5.395858874598518,172.07010599756921,0.0,0.0,0.0,0.041263549626582845,0,0,1.0,0.516126589995473
1786839753.028385,116,4.6,1,idle,idle,idle,0,0.0,0.85,0.005034545466324359,0.0144012326368146,0.028460856922835072,0.42530026600526566,5.527574914446681,172.02953554985558,0.0,0.0,0.0,0.041121274482254604,0,0,1.0,0.5160390125865287
1786839753.062937,117,4.64,1,idle,idle,idle,0,0.0,0.85,0.005270930201349975,0.013502145011613618,0.023243364833804327,0.4240334341066162,5.527387379089379,172.0577959344462,0.0,0.0,0.0,0.04063783947607195,0,0,1.0,0.5154391314623302
1786839753.1264346,118,4.68,1,idle,idle,idle,0,0.0,0.85,0.005114808456000116,0.013016470073057458,0.02272225965337905,0.42177263144290544,5.549387372146727,172.07943707557288,0.0,0.0,0.0,0.03997068597392087,0,0,1.0,0.5143761773339216
1786839753.157061,119,4.72,1,idle,idle,idle,0,0.0,0.85,0.004970758899344018,0.012027862951412331,0.023075025682147907,0.4206929043125321,5.540178704717914,171.9877025598077,0.0,0.0,0.0,0.03928953908800298,0,0,1.0,0.5129789899235466
1786839753.1878612,120,4.76,1,idle,idle,idle,0,0.0,0.85,0.00516436384856953,0.012344728358426633,0.02103756111289837,0.4190345561924043,5.560733156276939,171.94157821557357,0.0,0.0,0.0,0.03847099446677303,0,0,1.0,0.511264338025929
1786839753.2458012,121,4.8,1,idle,idle,idle,0,0.0,0.85,0.004625395230372622,0.012275481101127682,0.01942429004192052,0.4202776644339149,5.603485369573064,171.77880578041135,0.0,0.0,0.0,0.037524966501997756,0,0,1.0,0.5092946790680795
1786839753.278013,122,4.84,1,idle,idle,idle,0,0.0,0.85,0.004893886378652871,0.013560272451064382,0.02008587947866132,0.42094904595085525,5.686720289946419,171.65718190156034,0.0,0.0,0.0,0.036586190422942505,0,0,1.0,0.5070467797129348
1786839753.3096824,123,4.88,1,idle,idle,idle,0,0.0,0.85,0.005331220398130781,0.012799081015683365,0.016405993489659952,0.4223647249989845,5.753671305212078,171.59507565604386,0.0,0.0,0.0,0.03556529380652407,0,0,1.0,0.504534069490363
1786839753.3702667,124,4.92,1,idle,idle,idle,0,0.0,0.85,0.005031336793984829,0.012223868526141286,0.015252256839150035,0.4231157428366359,5.743559272310867,171.46997239424695,0.0,0.0,0.0,0.034642892509034795,0,0,1.0,0.5017465520366937
1786839753.4237492,125,4.96,1,idle,idle,idle,0,0.0,0.85,0.005062167630883906,0.01222051258073582,0.015256357461583282,0.4239059108631563,5.804182357639771,171.38519356575517,0.0,0.0,0.0,0.03398221049971675,0,0,1.0,0.4987625296574241
1786839753.458744,126,5.0,1,idle,idle,idle,0,0.0,0.85,0.004730130473411381,0.011897943844729504,0.018981663542488543,0.42344182730435065,5.861589812238806,171.4205711481061,0.0,0.0,0.0,0.03358729314142884,0,0,1.0,0.49562483334750057
1786839753.5221407,127,5.04,1,idle,idle,idle,0,0.0,0.85,0.005377529354074596,0.012393248332830235,0.024790329737326266,0.423413772642375,6.00411245636371,171.38561071985464,0.0,0.0,0.0,0.03348487344938712,0,0,1.0,0.4924704517453859
1786839753.5534143,128,5.08,1,idle,idle,idle,0,0.0,0.85,0.007791866197466593,0.013474167630403724,0.03182841058243508,0.42039484044928466,6.039155755484011,171.50120857291446,0.0,0.0,0.0,0.03359724058449499,0,0,1.0,0.4891227318931209
1786839753.6049366,129,5.12,1,idle,idle,idle,0,0.0,0.85,0.008422408934559557,0.012924781788004968,0.0483567301498022,0.4146323422071795,5.931010581433624,171.56956567335925,0.0,0.0,0.0,0.03427094775637307,0,0,1.0,0.4854114491509479
1786839753.6891253,130,5.16,1,idle,idle,idle,0,0.0,0.85,0.008994868164697706,0.013719804714829198,0.059134273416976336,0.41624722155418575,5.810758357493956,171.7532726058194,0.0,0.0,0.0,0.03535080926042363,0,0,1.0,0.4815621193751607
1786839753.7188578,131,5.2,1,idle,idle,idle,0,0.0,0.85,0.010781619493957888,0.0129001371051543,0.07869970760073827,0.4243392747837529,5.54015519602242,171.97833560190406,0.0,0.0,0.0,0.037083070408080586,0,0,1.0,0.47781812920986366
1786839753.7593179,132,5.24,1,idle,idle,idle,0,0.0,0.85,0.011335884808210718,0.013150155692200863,0.09858664590700988,0.42784016674161596,5.375910882909986,172.18321985339628,0.0,0.0,0.0,0.03937392103080363,0,0,1.0,0.47400573134142276
1786839753.807381,133,5.28,1,idle,idle,idle,0,0.0,0.85,0.011984981250644212,0.013818819533470169,0.10811747368800768,0.43018018645389844,5.279686896149656,172.27767727978122,0.0,0.0,0.0,0.04181321078015261,0,0,1.0,0.4699390010239003
1786839753.8664658,134,5.32,1,idle,idle,idle,0,0.0,0.85,0.01205102123434487,0.013683810466042966,0.11026126529903493,0.4302939073724895,5.1960564460608385,172.42156403374946,0.0,0.0,0.0,0.04419539570877979,0,0,1.0,0.4654914714065896
1786839753.895979,135,5.36,1,idle,idle,idle,0,0.0,0.85,0.012947901021729786,0.012985657235634943,0.10915953701704618,0.4297612133154026,5.0347102242905715,172.5064184450303,0.0,0.0,0.0,0.046419689976221465,0,0,1.0,0.4606817576695312
1786839753.948958,136,5.4,1,idle,idle,idle,0,0.0,0.85,0.014005166238522592,0.011178230969713805,0.1057022965564867,0.4292438761903671,4.888401248970807,172.55444489816765,0.0,0.0,0.0,0.048373045442423386,0,0,1.0,0.4556930298951134
1786839753.9844372,137,5.44,1,idle,idle,idle,0,0.0,0.85,0.01199698072290943,0.009810958413653054,0.10106345737098713,0.4271345897090283,4.71260853135995,172.62893609033486,0.0,0.0,0.0,0.05010068380558617,0,0,1.0,0.4506798380123225
1786839754.0155513,138,5.48,1,idle,idle,idle,0,0.0,0.85,0.010956973100507264,0.00929602917950298,0.08359233081526357,0.4277129338024726,4.63166882218699,172.5326169344765,0.0,0.0,0.0,0.05104306020369351,0,0,1.0,0.44594438958533317
1786839754.0842566,139,5.52,1,idle,idle,idle,0,0.0,0.85,0.010748627234917358,0.009369479479290704,0.07107355203812174,0.42923613378610204,4.721303289148932,172.5602429601602,0.0,0.0,0.0,0.051404582431850795,0,0,1.0,0.44164831933486715
1786839754.1226203,140,5.56,1,idle,idle,idle,0,0.0,0.85,0.008384504055265012,0.009210678664666391,0.05041423426650109,0.4240377981636379,4.852424391539244,172.45742942815266,0.0,0.0,0.0,0.05107616995106923,0,0,1.0,0.43762513172379935
1786839754.2216601,141,5.6,1,idle,idle,idle,0,0.0,0.85,0.007527619753470955,0.009276791223997018,0.03075750018199032,0.41279271099322745,5.094444453750575,172.41263621998732,0.0,0.0,0.0,0.0500678651780932,0,0,1.0,0.4336414058681773
1786839754.3235786,142,5.64,1,idle,idle,idle,0,0.0,0.85,0.006994657338261347,0.008481453779907323,0.02114337165242314,0.40557567025729196,5.221537457178703,172.2413074475787,0.0,0.0,0.0,0.04894219820929064,0,0,1.0,0.4298711701448987
1786839754.3552802,143,5.68,1,idle,idle,idle,0,0.0,0.85,0.007166680562963416,0.008909304621465138,0.01895798895100159,0.39887149748345313,5.274297364926649,172.21830117441294,0.0,0.0,0.0,0.04790849339403441,0,0,1.0,0.42652374614487165
1786839754.407836,144,5.72,1,idle,idle,idle,0,0.0,0.85,0.006417092786224364,0.008623605118314934,0.017340536343667622,0.3951350025541749,5.353294612467467,172.29252130835934,0.0,0.0,0.0,0.04689831658521988,0,0,1.0,0.42377210757354633
1786839754.4755268,145,5.76,1,idle,idle,idle,0,0.0,0.85,0.0050422759943518,0.009234575578202613,0.016110697731365427,0.39086194425961696,5.488568406365904,172.29148564902488,0.0,0.0,0.0,0.04597978330678477,0,0,1.0,0.4215322094347362
1786839754.5093749,146,5.8,1,idle,idle,idle,0,0.0,0.85,0.004779642721858441,0.010311991033396757,0.012477918417907314,0.38886468014792364,5.597859299471155,172.36041404863423,0.0,0.0,0.0,0.045101417141240274,0,0,1.0,0.4197843187460199
1786839754.5468974,147,5.84,1,idle,idle,idle,0,0.0,0.85,0.005494762238165377,0.010762100629540394,0.018134985339603827,0.38947883432905817,5.760322958625026,172.36204457655353,0.0,0.0,0.0,0.04455729537389017,0,0,1.0,0.4184423135403319
1786839754.5959985,148,5.88,1,idle,idle,idle,0,0.0,0.85,0.006207602938421509,0.010367395464046315,0.022586610874046814,0.39247752676120673,5.974056166904836,172.333596431231,0.0,0.0,0.0,0.04431016251503853,0,0,1.0,0.4173762070425869
1786839754.625635,149,5.92,1,idle,idle,idle,0,0.0,0.85,0.00606830027182275,0.009960607883370153,0.023821380686425662,0.3970076159881715,6.205463224389755,172.09555806862494,0.0,0.0,0.0,0.04416957232605643,0,0,1.0,0.41651885401176575
1786839754.6604981,150,5.96,1,idle,idle,idle,0,0.0,0.85,0.005515261784140566,0.010103925728175523,0.02594927557208627,0.40375547303240705,6.445653639786178,171.99493609414645,0.0,0.0,0.0,0.04425156962115588,0,0,1.0,0.4159043703428503
1786839754.7199764,151,6.0,1,idle,idle,idle,0,0.0,0.85,0.006183659809972731,0.010607817771678026,0.028010420012272535,0.41158812151715407,6.7013322298412845,171.90789669939718,0.0,0.0,0.0,0.04441181690475872,0,0,1.0,0.4155957488299489
1786839754.7500727,152,6.04,1,idle,idle,idle,0,0.0,0.85,0.006358370458656287,0.011808788207770572,0.03010961118478481,0.4206495498572349,7.0064095719202895,171.8300639197651,0.0,0.0,0.0,0.04462498616241437,0,0,1.0,0.4155944350585762
1786839754.7828755,153,6.08,1,idle,idle,idle,0,0.0,0.85,0.006591204667167862,0.012310355794031105,0.029322702870905257,0.43051075083150697,7.3402062762569145,171.72989631944702,0.0,0.0,0.0,0.04487605106417217,0,0,1.0,0.4159421985324884
1786839754.8373733,154,6.12,1,idle,idle,idle,0,0.0,0.85,0.007172306779682094,0.011945577415184535,0.029257816654519153,0.43772757165927095,7.581751569738327,171.4994910081254,0.0,0.0,0.0,0.04517403671909939,0,0,1.0,0.4164709835999234
1786839754.8976753,155,6.16,1,idle,idle,idle,0,0.0,0.85,0.007380470150471976,0.012266385760829869,0.029552056841410393,0.4474595397916513,7.836223861871642,171.27768180174206,0.0,0.0,0.0,0.04546089057857664,0,0,1.0,0.4172743318981294
1786839755.0134766,156,6.2,1,idle,idle,idle,0,0.0,0.85,0.006962478339316016,0.011572738167348467,0.024983870570682503,0.45745425504971066,8.10442307323467,171.0833524107091,0.0,0.0,0.0,0.04572082624769853,0,0,1.0,0.4183376509905756
1786839755.0701883,157,6.24,1,idle,idle,idle,0,0.0,0.85,0.005836905464814103,0.011711968030983724,0.021279915516143968,0.4663114755395689,8.351470791499398,170.8926196030008,0.0,0.0,0.0,0.045903482571243805,0,0,1.0,0.41964661258763425
1786839755.132742,158,6.28,1,idle,idle,idle,0,0.0,0.85,0.006347277255952843,0.013140130762994934,0.020951390130662065,0.4714660800425228,8.452975455968717,170.75215921147637,0.0,0.0,0.0,0.04607605931879164,0,0,1.0,0.42108782983549375
1786839755.1633594,159,6.32,1,idle,idle,idle,0,0.0,0.85,0.006443251065053977,0.013367192299817095,0.019366814952695932,0.4767147445420412,8.481399465281426,170.73453960969292,0.0,0.0,0.0,0.046087730573646415,0,0,1.0,0.4227021606608784
1786839755.216354,160,6.36,1,idle,idle,idle,0,0.0,0.85,0.006060111031807762,0.01289548349322523,0.017873563725261284,0.48019352331747694,8.464039199556145,170.82785181038406,0.0,0.0,0.0,0.04587813160358384,0,0,1.0,0.4244227591661845
1786839755.2457516,161,6.4,1,idle,idle,idle,0,0.0,0.85,0.0064330646160185466,0.01128013653659703,0.016462607559899436,0.47895644319991354,8.403575584216611,170.75842867653174,0.0,0.0,0.0,0.04541250120896155,0,0,1.0,0.4261973531889308
1786839755.2993932,162,6.44,1,idle,idle,idle,0,0.0,0.85,0.005915716371509449,0.011346895792157505,0.017236663628241788,0.47719886032998576,8.311436094858308,170.81995474945057,0.0,0.0,0.0,0.04446946889012638,0,0,1.0,0.42809330828356135
1786839755.3561175,163,6.48,1,idle,idle,idle,0,0.0,0.85,0.005281394451786813,0.011067569341625826,0.016942551840680303,0.4744758991336715,8.234357856995967,170.86499000861625,0.0,0.0,0.0,0.04319093187266286,0,0,1.0,0.42985781366475784
1786839755.4743638,164,6.52,1,idle,idle,idle,0,0.0,0.85,0.004942681044391939,0.010656636454857059,0.017713517547187738,0.47186384515963314,8.22013378590882,171.04683203296022,0.0,0.0,0.0,0.04134286550740376,0,0,1.0,0.4312979521609967
1786839755.5451515,165,6.56,1,idle,idle,idle,0,0.0,0.85,0.005621381965341735,0.010792503559025599,0.01591127122746809,0.4675755862771441,8.170143508999777,171.26061033640485,0.0,0.0,0.0,0.03883755112317522,0,0,1.0,0.4325020557832854
1786839755.6131892,166,6.6,1,idle,idle,idle,0,0.0,0.85,0.0060410296124258295,0.010280313862740222,0.017739777221004296,0.4619428082195669,8.074758133310809,171.3210646518867,0.0,0.0,0.0,0.036098833048417545,0,0,1.0,0.43346455947315404
1786839755.642981,167,6.64,1,idle,idle,idle,0,0.0,0.85,0.005834364038192572,0.008763624545927055,0.017356785485949367,0.4562635241093849,7.927631651856787,171.41408139075148,0.0,0.0,0.0,0.03328354578135434,0,0,1.0,0.4342515175560903
1786839755.6806688,168,6.68,1,idle,idle,idle,0,0.0,0.85,0.006382024498858296,0.00878125129228806,0.018728234385396562,0.45057654799013064,7.784079654233487,171.5240247631836,0.0,0.0,0.0,0.030543203277364955,0,0,1.0,0.43488228527350636
1786839755.7420857,169,6.72,1,idle,idle,idle,0,0.0,0.85,0.00606487043200345,0.009193699823041052,0.01894977043494492,0.4440219525909949,7.6017410080614765,171.5484706024771,0.0,0.0,0.0,0.027914338849439446,0,0,1.0,0.4353301057704951
1786839755.773786,170,6.76,1,idle,idle,idle,0,0.0,0.85,0.005239339674705874,0.009760686093207821,0.019441812938985416,0.4390516039993977,7.491689872926417,171.40287662697443,0.0,0.0,0.0,0.02544095568483334,0,0,1.0,0.43569122741565774
1786839755.8036401,171,6.8,1,idle,idle,idle,0,0.0,0.85,0.0060168571431705635,0.011370953467037632,0.020570439842657436,0.4344325489194717,7.315493587943619,171.59241451658073,0.0,0.0,0.0,0.023531201412936183,0,0,1.0,0.43589485211617285
1786839755.8680685,172,6.84,1,idle,idle,idle,0,0.0,0.85,0.005971045725786187,0.012291992942474338,0.02079676623071416,0.42870539329147783,7.105830950497747,171.80005083150553,0.0,0.0,0.0,0.022007662449075347,0,0,1.0,0.4358787690708813
1786839755.8971882,173,6.88,1,idle,idle,idle,0,0.0,0.85,0.006138778366554487,0.011118314293354302,0.021830678586875873,0.4223366331697008,6.867955752879206,171.93830701179692,0.0,0.0,0.0,0.02114149409514731,0,0,1.0,0.43582721861651946
1786839755.9275763,174,6.92,1,idle,idle,idle,0,0.0,0.85,0.0053852412193278465,0.011305158290765364,0.024122193822342815,0.41998157056053537,6.656715721130297,172.10776086642392,0.0,0.0,0.0,0.020940424205461022,0,0,1.0,0.4360450628458319
1786839756.0703113,175,6.96,1,idle,idle,idle,0,0.0,0.85,0.005421520013454167,0.011341466899032168,0.02317192583880255,0.41690168288690393,6.451127431666661,172.13225557339803,0.0,0.0,0.0,0.02100189554444222,0,0,1.0,0.4363882753497595
1786839756.0988126,176,7.0,1,idle,idle,idle,0,0.0,0.85,0.005965207886274485,0.011975328238007286,0.026518091645626327,0.41399601066201763,6.255517242200089,172.16521269493518,0.0,0.0,0.0,0.021230989565491454,0,0,1.0,0.4368465939309281
1786839756.1300986,177,7.04,1,idle,idle,idle,0,0.0,0.85,0.005544911802394619,0.012189848692540778,0.024461369978117174,0.41080151476758403,6.099146276533651,172.27106891355785,0.0,0.0,0.0,0.021446772402899012,0,0,1.0,0.4373213367252739
1786839756.2180815,178,7.08,1,idle,idle,idle,0,0.0,0.85,0.005443633956655781,0.012244630661561859,0.024887009527678444,0.40854489688259055,5.959723635433348,172.46506161889002,0.0,0.0,0.0,0.02171272124521153,0,0,1.0,0.4378571837744549
1786839756.2582293,179,7.12,1,idle,idle,idle,0,0.0,0.85,0.006565768963842466,0.011672381708333422,0.024012479137521296,0.40571383714232434,5.893185108972743,172.63784365884408,0.0,0.0,0.0,0.022062253388230132,0,0,1.0,0.4383677642894367
1786839756.2876842,180,7.16,1,idle,idle,idle,0,0.0,0.85,0.006342091085856701,0.010381326015607685,0.022347653291221375,0.40271557637038596,5.819221376561893,172.89460548282432,0.0,0.0,0.0,0.022189909992824608,0,0,1.0,0.4387688776846285
1786839756.334758,181,7.2,1,idle,idle,idle,0,0.0,0.85,0.006000218244067444,0.010934712523344959,0.021452909867568638,0.40123771977752415,5.883320237439208,172.96407683303545,0.0,0.0,0.0,0.022155555416870722,0,0,1.0,0.43903433807906234
1786839756.3885362,182,7.24,1,idle,idle,idle,0,0.0,0.85,0.005669285788190467,0.011839849299080574,0.019463551984027983,0.4017340850757507,5.953838328560669,172.91387220432566,0.0,0.0,0.0,0.02202350000164655,0,0,1.0,0.43917756441504957
1786839756.4193106,183,7.28,1,idle,idle,idle,0,0.0,0.85,0.005846456075938686,0.012420355412266947,0.01787728359783372,0.40212052744130283,6.032733029711784,172.88937861268775,0.0,0.0,0.0,0.021778894184244956,0,0,1.0,0.43912802060925854
1786839756.468486,184,7.32,1,idle,idle,idle,0,0.0,0.85,0.005226743210137528,0.01326812805158027,0.017601024761238513,0.4017267843796247,6.101493334120959,172.76868677157594,0.0,0.0,0.0,0.021463457964516652,0,0,1.0,0.4388291922111515
1786839756.502152,185,7.36,1,idle,idle,idle,0,0.0,0.85,0.004389294396340495,0.014983161451947983,0.01944766365931083,0.4033380503881737,6.154618769549646,172.86795803706383,0.0,0.0,0.0,0.021140368645562894,0,0,1.0,0.43830460131814974
1786839756.5324016,186,7.4,1,idle,idle,idle,0,0.0,0.85,0.004675046965720026,0.014501848538690389,0.030327079512804254,0.4078412890288578,6.169786820027127,173.0109989988164,0.0,0.0,0.0,0.021170804301378018,0,0,1.0,0.43761764793019065
1786839756.6753616,187,7.44,1,idle,idle,idle,0,0.0,0.85,0.005025079014831483,0.014045348005017916,0.044878934783700926,0.41062437474915986,6.137139898034007,173.03997589840816,0.0,0.0,0.0,0.02164417151741383,0,0,1.0,0.43679633893291453
1786839756.726579,188,7.48,1,idle,idle,idle,0,0.0,0.85,0.006088291547657599,0.01560744906731616,0.0534963629865632,0.4064542208480928,6.22135446442265,172.83439428296361,0.0,0.0,0.0,0.022369756552115427,0,0,1.0,0.43555375351038256
1786839756.757926,189,7.52,1,idle,idle,idle,0,0.0,0.85,0.006977220054331498,0.01641729712974634,0.06833312096553755,0.4025489761903766,6.385403494932617,172.8944398197247,0.0,0.0,0.0,0.023683370200444368,0,0,1.0,0.43388995718131174
1786839756.8446789,190,7.56,1,idle,idle,idle,0,0.0,0.85,0.008085193978473144,0.015484519616985108,0.08453882197130416,0.4022007580160568,6.5771748889546675,173.0117250651156,0.0,0.0,0.0,0.02560030675969165,0,0,1.0,0.4319472081654478
1786839756.8774314,191,7.6,1,idle,idle,idle,0,0.0,0.85,0.011713405761050765,0.014987292401420181,0.09841562727573772,0.4039752589582726,6.605139721970971,173.16287334676946,0.0,0.0,0.0,0.027947707885300002,0,0,1.0,0.4299020317689553
1786839756.9081721,192,7.64,1,idle,idle,idle,0,0.0,0.85,0.012083503949372687,0.015302458402373228,0.10001377386426938,0.4062810758818878,6.691080592648925,173.18583668117657,0.0,0.0,0.0,0.030391555125044656,0,0,1.0,0.4277676781731931
1786839756.9564934,193,7.68,1,idle,idle,idle,0,0.0,0.85,0.012610405396855266,0.013538611073721346,0.10176874995818838,0.4100331804980459,6.867480578241117,173.2864320215125,0.0,0.0,0.0,0.03293383349573941,0,0,1.0,0.42564160717866484
1786839756.9900403,194,7.72,1,idle,idle,idle,0,0.0,0.85,0.012728361982774347,0.01205970015011739,0.09924625635373958,0.41147311832301714,7.038104906293898,173.37946480550767,0.0,0.0,0.0,0.035442428913734565,0,0,1.0,0.42359665793997114
1786839757.0346012,195,7.76,1,idle,idle,idle,0,0.0,0.85,0.013210123127747784,0.012327512115038757,0.08955901208987121,0.4113747039437408,7.278373551054313,173.28491355866288,0.0,0.0,0.0,0.037634015230753645,0,0,1.0,0.4216019865343273
1786839757.093692,196,7.8,1,idle,idle,idle,0,0.0,0.85,0.01273147851749775,0.01264295193681773,0.07528519786431442,0.4073823539336471,7.582182696884035,173.15874465039025,0.0,0.0,0.0,0.03940197420116679,0,0,1.0,0.41956884880099315
1786839757.1245787,197,7.84,1,idle,idle,idle,0,0.0,0.85,0.01169229749709648,0.012758824790287572,0.06916196268855651,0.4034656550096088,7.892688992416261,173.1028016615378,0.0,0.0,0.0,0.040961017993329484,0,0,1.0,0.41749617637220454
1786839757.1544576,198,7.88,1,idle,idle,idle,0,0.0,0.85,0.010416056570046251,0.011368195259598847,0.054396285494136595,0.40600292455092496,8.149660444091932,173.19395373298727,0.0,0.0,0.0,0.042127230546864895,0,0,1.0,0.4156303381380768
1786839757.2067745,199,7.92,1,idle,idle,idle,0,0.0,0.85,0.00941401819333047,0.011000545116002887,0.03835705995832353,0.4096377723714081,8.348068078463594,173.14029211732594,0.0,0.0,0.0,0.04275199669042003,0,0,1.0,0.4140453370517689
1786839757.266221,200,7.96,1,idle,idle,idle,0,0.0,0.85,0.005733626760379437,0.011045269695895317,0.025696355068098135,0.4075052697842449,8.526101309099158,172.93086201399518,0.0,0.0,0.0,0.043004710920182106,0,0,1.0,0.4125678141934313
1786839757.3569205,201,8.0,1,idle,idle,idle,0,0.0,0.85,0.004814303797003951,0.010632126185929678,0.023725508633866608,0.4030180901462149,8.790252114581385,172.6671101091653,0.0,0.0,0.0,0.04315614347316605,0,0,1.0,0.41112664880422173
1786839757.4059548,202,8.04,1,idle,idle,idle,0,0.0,0.85,0.004945980522610775,0.012075170126917964,0.022296593313022986,0.39660234272057954,9.012726661973554,172.60235032095474,0.0,0.0,0.0,0.043257562348259324,0,0,1.0,0.4096896909293607
1786839757.5058115,203,8.08,1,idle,idle,idle,0,0.0,0.85,0.005430535432305701,0.01182047589837165,0.02046630063379628,0.39091470694209596,9.158972007604461,172.49060748761562,0.0,0.0,0.0,0.04328860742992025,0,0,1.0,0.40823099707913946
1786839757.5455136,204,8.12,1,idle,idle,idle,0,0.0,0.85,0.004535617622360444,0.011788039785131385,0.01920585481832129,0.38676591790622594,9.28677209023164,172.3489548805863,0.0,0.0,0.0,0.04324725636857674,0,0,1.0,0.40678655371510164
1786839757.602878,205,8.16,1,idle,idle,idle,0,0.0,0.85,0.005149370410958656,0.01313333614003053,0.019986828608886013,0.38513402924027085,9.32732617738368,172.36056149886647,0.0,0.0,0.0,0.04322271280427892,0,0,1.0,0.40546620934991356
1786839757.6421459,206,8.2,1,idle,idle,idle,0,0.0,0.85,0.005232926229384304,0.013586151746971283,0.01953867043658588,0.3857008124102169,9.380189252169206,172.28285245887827,0.0,0.0,0.0,0.043153258011845885,0,0,1.0,0.40435603296326256
1786839757.679812,207,8.24,1,idle,idle,idle,0,0.0,0.85,0.005154981037856398,0.014469088389340483,0.01959657091274522,0.38878377358077304,9.442432024285546,172.21351302528078,0.0,0.0,0.0,0.04301611792367626,0,0,1.0,0.403410645175997
1786839757.7283676,208,8.28,1,idle,idle,idle,0,0.0,0.85,0.005514434336552662,0.015509246976929073,0.022957653206578582,0.39229147883572,9.396472430034697,172.29956243571,0.0,0.0,0.0,0.04300962481360887,0,0,1.0,0.40266488141687024
1786839757.7586198,209,8.32,1,idle,idle,idle,0,0.0,0.85,0.005582033999850787,0.015316119475269488,0.02292868440446348,0.39505556540307224,9.416888393279004,172.36583316777885,0.0,0.0,0.0,0.04290085489720999,0,0,1.0,0.40209092853023554
1786839757.788969,210,8.36,1,idle,idle,idle,0,0.0,0.85,0.006052144620830851,0.01542114768437654,0.02418445279064024,0.3996025330775025,9.37298625939014,172.49438974275864,0.0,0.0,0.0,0.04289246346728645,0,0,1.0,0.4017515654487179
1786839757.8353152,211,8.4,1,idle,idle,idle,0,0.0,0.85,0.005394367057454221,0.015198984162844563,0.022969938982011467,0.40479078313034816,9.334988260368835,172.59802894267617,0.0,0.0,0.0,0.04283437042044806,0,0,1.0,0.4016378044259227
1786839757.884594,212,8.44,1,idle,idle,idle,0,0.0,0.85,0.005500257309802536,0.015762378048415383,0.02227342869428424,0.4108146929467962,9.29085872439116,172.61977721243704,0.0,0.0,0.0,0.042781671922168155,0,0,1.0,0.401792375813937
1786839757.9139946,213,8.48,1,idle,idle,idle,0,0.0,0.85,0.005970584819709044,0.01760482511673803,0.026364643330203455,0.4151932717330838,9.167457923808726,172.6039884920516,0.0,0.0,0.0,0.04290339889304639,0,0,1.0,0.40217048779462483
1786839757.9652941,214,8.52,1,idle,idle,idle,0,0.0,0.85,0.005161657374823303,0.016857630960533745,0.024473079597683,0.41922785768178433,9.11809341622928,172.7770447123096,0.0,0.0,0.0,0.04299491918789834,0,0,1.0,0.40271564348869326
1786839757.9937778,215,8.56,1,idle,idle,idle,0,0.0,0.85,0.004499621044972124,0.015339510316494252,0.023186627341446962,0.42120001328712153,9.113726235706956,172.9248846786205,0.0,0.0,0.0,0.043107739653274676,0,0,1.0,0.40330552010115905
1786839758.0344107,216,8.6,1,idle,idle,idle,0,0.0,0.85,0.0048530521404588625,0.014676544674837342,0.023128095899529286,0.42231704097951805,9.066584654186594,173.02160928445934,0.0,0.0,0.0,0.04326685517756848,0,0,1.0,0.4039175356629231
1786839758.125566,217,8.64,1,idle,idle,idle,0,0.0,0.85,0.004428153132860393,0.013465899127297693,0.018854517203023637,0.422846236197731,8.989384685567348,173.13534666939555,0.0,0.0,0.0,0.04330483979701651,0,0,1.0,0.4045575190513507
1786839758.1745632,218,8.68,1,idle,idle,idle,0,0.0,0.85,0.00442998345390988,0.013265196379042816,0.017631231580818925,0.42361651173276044,9.013925265907204,173.10216806879333,0.0,0.0,0.0,0.04324979640069858,0,0,1.0,0.4051720178799744
1786839758.2053905,219,8.72,1,idle,idle,idle,0,0.0,0.85,0.004494967527068078,0.012507042237337167,0.015301715485205246,0.4246318777993875,8.932357315186684,173.13477954585306,0.0,0.0,0.0,0.04279448233925619,0,0,1.0,0.4056808236002935
1786839758.2621183,220,8.76,1,idle,idle,idle,0,0.0,0.85,0.004620601904323069,0.0131113200057869,0.015172365639442267,0.4242065823942025,8.870680123678897,173.1308432326603,0.0,0.0,0.0,0.04189428327427865,0,0,1.0,0.40609240565014326
1786839758.3942206,221,8.8,1,idle,idle,idle,0,0.0,0.85,0.004072411861930985,0.012638682246967174,0.014459868954929024,0.42364350478129786,8.826553452467842,173.08844389255205,0.0,0.0,0.0,0.04071135921271399,0,0,1.0,0.4066132930420586
1786839758.4256876,222,8.84,1,idle,idle,idle,0,0.0,0.85,0.004114693412986917,0.01100156243290177,0.0099869985698734,0.4225651445752619,8.823496862759777,173.14423414656227,0.0,0.0,0.0,0.03894329489769386,0,0,1.0,0.4072198435991764
1786839758.4738119,223,8.88,1,idle,idle,idle,0,0.0,0.85,0.004874496085924472,0.010468685375189198,0.010173234533459889,0.4222858720195636,8.88695150623641,173.30437997638052,0.0,0.0,0.0,0.03668979224806221,0,0,1.0,0.4078284834174644
1786839758.5222273,224,8.92,1,idle,idle,idle,0,0.0,0.85,0.00454233892208052,0.01115474046612027,0.010591631496909863,0.42242016177808983,8.716239906169559,173.31847538792022,0.0,0.0,0.0,0.034028459042643185,0,0,1.0,0.4083874198665498
1786839758.5549524,225,8.96,1,idle,idle,idle,0,0.0,0.85,0.004777751173735504,0.010850463542269921,0.01093458637934028,0.4226302676308261,8.489330709419196,173.23148846094654,0.0,0.0,0.0,0.031329089724918054,0,0,1.0,0.40888284991954793
1786839758.62739,226,9.0,1,idle,idle,idle,0,0.0,0.85,0.005308739243486501,0.010679568758754648,0.014393420853753077,0.4225651400245091,8.229276622102084,173.37127274094925,0.0,0.0,0.0,0.028681352479329108,0,0,1.0,0.40926260626883476
1786839758.6680503,227,9.04,1,idle,idle,idle,0,0.0,0.85,0.005727837244730749,0.011894870221187574,0.014856224144777897,0.4241380655479102,7.949819812804624,173.26164449987965,0.0,0.0,0.0,0.02612407877602724,0,0,1.0,0.40964639254837687
1786839758.6969204,228,9.08,1,idle,idle,idle,0,0.0,0.85,0.005479915076948932,0.011871019543641748,0.01615158505200862,0.4261664525747924,7.648388231761397,173.16994716747416,0.0,0.0,0.0,0.023899611290031403,0,0,1.0,0.41009462735537844
1786839758.771782,229,9.12,1,idle,idle,idle,0,0.0,0.85,0.005848156885754509,0.01139220173447792,0.01848039315751623,0.42846674992138134,7.363475072797835,173.03661212670616,0.0,0.0,0.0,0.02217825357164358,0,0,1.0,0.41073354844591586
1786839758.8073685,230,9.16,1,idle,idle,idle,0,0.0,0.85,0.006175399659803686,0.011099405639948571,0.01896451827690647,0.4314106339051997,7.077470414475552,172.8796062738328,0.0,0.0,0.0,0.02065711889250267,0,0,1.0,0.4115803659882066
1786839758.8396087,231,9.2,1,idle,idle,idle,0,0.0,0.85,0.005594921050127398,0.01036651871511182,0.02114548509259465,0.43375892402192573,6.7657685624169615,172.91397340424328,0.0,0.0,0.0,0.01964951888033473,0,0,1.0,0.41242145688126713
1786839758.8879883,232,9.24,1,idle,idle,idle,0,0.0,0.85,0.005257723220260104,0.011045937593940226,0.020716210424789085,0.43647890195607414,6.474036145889096,172.89791995978916,0.0,0.0,0.0,0.019114947682348837,0,0,1.0,0.4132348244444388
1786839758.99402,233,9.28,1,idle,idle,idle,0,0.0,0.85,0.005743277211232332,0.011240704219645788,0.02117085485435662,0.43837866500066713,6.221351341446498,172.8435231911343,0.0,0.0,0.0,0.01897781131223546,0,0,1.0,0.4141703818752395
1786839759.024749,234,9.32,1,idle,idle,idle,0,0.0,0.85,0.006634621213856679,0.012658336744954507,0.022808449308647213,0.4387132815538667,6.185074670523366,172.57532028251046,0.0,0.0,0.0,0.018950021635713663,0,0,1.0,0.4152520543421381
1786839759.07489,235,9.36,1,idle,idle,idle,0,0.0,0.85,0.00837610796510935,0.013962061614186762,0.025275644154128828,0.436537675245409,6.374597925479957,172.07292348026417,0.0,0.0,0.0,0.019040295903625958,0,0,1.0,0.4164622159337996
1786839759.1074526,236,9.4,1,idle,idle,idle,0,0.0,0.85,0.009990970101261503,0.015081175225478603,0.031117187993127442,0.4318101330507771,6.758877225371812,171.46038158381873,0.0,0.0,0.0,0.019363050066029938,0,0,1.0,0.41770147127042623
1786839759.1597073,237,9.44,1,idle,idle,idle,0,0.0,0.85,0.01200582670765602,0.016854858842536905,0.03448811788998068,0.4215067570673111,7.303880570043449,170.99894835625093,0.0,0.0,0.0,0.019826148946989305,0,0,1.0,0.41875422397227735
1786839759.2088194,238,9.48,1,standing,idle,idle,0,0.0,0.75,0.01624690028787986,0.024744795944004597,0.037055892984214474,0.4059319183862578,7.614970216741179,171.20567486085025,0.0,0.0,0.0,0.020343393321999262,0,0,1.0,0.41938446303730725
1786839759.2400098,239,9.52,1,standing,idle,idle,0,0.0,0.75,0.021354871472876187,0.028186727199015344,0.04222105922154486,0.38485784990007654,7.725365607288862,171.44695389822755,0.0,0.0,0.0,0.02103073843669499,0,0,1.0,0.41935891871881814
1786839759.275062,240,9.56,1,standing,idle,idle,0,0.0,0.75,0.028732707403097635,0.030543306550825138,0.050474337845719745,0.3631149377717933,7.691356264897226,171.59066289836434,0.0,0.0,0.0,0.021966428343754823,0,0,1.0,0.41858107520945514
1786839759.3237379,241,9.6,1,standing,idle,idle,0,0.0,0.75,0.039591364572911424,0.030769939063543868,0.06028128760499291,0.3415317293215318,7.3612623795233505,171.53425988152676,0.0,0.0,0.0,0.023097447567949198,0,0,1.0,0.4170429009817524
1786839759.3615713,242,9.64,1,standing,standing,standing,0,0.0,0.75,0.04836616216833917,0.032049567947695,0.0734465152004397,0.3165092873780594,6.890608984853573,171.1484896208762,0.0,0.0,0.0,0.02462829092540302,0,0,1.0,0.4146627107385702
1786839759.4005322,243,9.68,1,standing,standing,standing,0,0.0,0.75,0.05725025164279477,0.03608557387949889,0.08457123876948232,0.29187423491602127,6.26273025329102,170.463296850489,0.0,0.0,0.0,0.02645819353082248,0,0,1.0,0.4113982168548889
1786839759.4495018,244,9.72,1,standing,standing,standing,0,0.0,0.75,0.0627225986711772,0.04619886531840474,0.09071626019563071,0.2650601432940062,5.789256910840138,168.95699886151522,0.0,0.0,0.0,0.028511112355477604,0,0,1.0,0.4071639550416665
1786839759.4781103,245,9.76,1,standing,standing,standing,0,0.0,0.75,0.0665264715652636,0.059750654028646,0.09166695818738149,0.25304146286029966,5.128553508590071,167.0633263134272,0.0,0.0,0.0,0.03061394658254116,0,0,1.0,0.4023829480693484
1786839759.5104012,246,9.8,1,walking,standing,standing,0,0.0,0.6,0.07108429049902434,0.07961477221459819,0.10204174127906365,0.23459504305619971,4.297096359978245,165.63566578259992,0.0,0.030303030303030304,0.030303030303030304,0.03290719197493086,0,0,0.9696969696969697,0.3969102744730792
1786839759.601201,247,9.84,1,walking,standing,standing,0,0.0,0.6,0.07792526667225806,0.08823854595227493,0.11397618790636448,0.23781272879714313,3.384511451758314,165.71385380770658,0.0,0.06060606060606061,0.06060606060606061,0.035619407378224235,0,0,0.9393939393939394,0.39141284632505974
1786839759.6330988,248,9.88,1,walking,standing,standing,0,0.0,0.6,0.08109277550229366,0.09823849547357198,0.12170195554203236,0.24530647740286451,2.797269461282565,165.36741223741598,0.0,0.09090909090909091,0.09090909090909091,0.038604720353999554,0,0,0.9090909090909091,0.386082739177052
1786839759.6635456,249,9.92,1,walking,standing,standing,0,0.0,0.6,0.08504325706671591,0.10302537306625013,0.1301617433514417,0.25284741415791145,2.449874444746899,165.02674434110895,0.0,0.12121212121212122,0.12121212121212122,0.041848164216178714,0,0,0.8787878787878788,0.38094729594003357
1786839759.7293446,250,9.96,1,walking,walking,walking,0,0.0,0.6018897186757981,0.08818383746308496,0.10834014936164366,0.13346192071658514,0.26160487584166936,2.2656901605331123,164.13977617123084,0.0,0.15151515151515152,0.15151515151515152,0.0453211158378018,0,0,0.8484848484848485,0.37606119411106204
1786839759.7750332,251,10.0,1,walking,walking,walking,0,0.0,0.6209744623366168,0.09631813813515544,0.11177540322059103,0.13607363788865104,0.27428344885935835,2.5225901192560443,162.57342879812262,0.0,0.18181818181818182,0.18181818181818182,0.04891027966531186,0,0,0.8181818181818182,0.371535949781565
1786839759.8108227,252,10.04,1,walking,walking,walking,0,0.0,0.6761955649878163,0.1030075461074987,0.12171520169780692,0.13387027416774494,0.28993500826999924,3.016934899006442,160.78739534630762,0.0,0.21212121212121213,0.21212121212121213,0.052503266292055484,0,0,0.7878787878787878,0.3674542264624927
1786839759.8580298,253,10.08,1,walking,walking,walking,0,0.0,0.6994899611749177,0.10841465960936372,0.12590819301148518,0.1343260570426076,0.31496965679980676,3.729059327690533,159.50188526662973,0.0,0.24242424242424243,0.24242424242424243,0.05611398421336353,0,0,0.7575757575757576,0.3641440165959958
1786839759.886254,254,10.12,1,walking,walking,walking,0,0.0,0.6842433521854624,0.11713810415105784,0.12316380339338323,0.15311918845945688,0.34147766537796737,4.0745667543690445,160.2063178842392,0.0,0.2727272727272727,0.2727272727272727,0.0603157817741068,0,0,0.7272727272727273,0.36165414267468277
1786839759.9157588,255,10.16,1,walking,walking,walking,0,0.0,0.6692876089557295,0.11994376261676878,0.12047176961203131,0.14575396522875536,0.35919114402665375,4.200649429140199,161.58525540019812,0.0,0.30303030303030304,0.30303030303030304,0.06442993227892141,0,0,0.696969696969697,0.359733718415634
1786839759.9737668,256,10.2,1,walking,walking,walking,0,0.0,0.6814847295686101,0.12182375350111224,0.1226672513223498,0.14621013337357217,0.3816039559992349,4.327188761002495,162.50380414319778,0.0,0.3333333333333333,0.3333333333333333,0.06855226254680358,0,0,0.6666666666666666,0.3585009330816847
1786839760.0107353,257,10.24,1,walking,walking,walking,0,0.0,0.6528952522909782,0.12282362535564514,0.11752114541237607,0.14440033893110324,0.3877941212685276,4.665419331498725,161.06018066633038,0.0,0.36363636363636365,0.36363636363636365,0.07260707186299127,0,0,0.6363636363636364,0.35745165912684945
1786839760.0646005,258,10.28,1,walking,walking,walking,0,0.0,0.7009511911917312,0.12404990400071864,0.12617121441451162,0.13321314573355073,0.38665564910342454,4.703776581337874,159.97624228429308,0.0,0.3939393939393939,0.3939393939393939,0.07631248275251279,0,0,0.6060606060606061,0.3563615191714737
1786839760.1135502,259,10.32,1,walking,walking,walking,0,0.0,0.7461467117573172,0.1247449623915928,0.13430640811631708,0.13075603455154342,0.37452873960976724,4.858322406806266,158.29233736718146,0.0,0.42424242424242425,0.42424242424242425,0.07983862256153675,0,0,0.5757575757575758,0.3549058706740572
1786839760.1787453,260,10.36,1,walking,walking,walking,0,0.0,0.805060043936186,0.12809856224621574,0.1449108079085135,0.12312998207217486,0.3610624726375176,4.824999504977208,157.46862833815874,0.0,0.45454545454545453,0.45454545454545453,0.08311964552903363,0,0,0.5454545454545454,0.352994489070712
1786839760.2091687,261,10.4,1,walking,walking,walking,0,0.0,0.7356567155267695,0.1177879650188956,0.1324182087948185,0.11480993718194564,0.33771439656561275,4.994339423383604,157.72880371938032,0.0,0.48484848484848486,0.48484848484848486,0.08610929256327414,0,0,0.5151515151515151,0.3503141237371005
1786839760.2704089,262,10.44,1,walking,walking,walking,0,0.0,0.6991187306235279,0.116147632587914,0.12584137151223504,0.10895558366163466,0.33447924293093084,5.19882707036771,158.7668520543959,0.0,0.5151515151515151,0.5151515151515151,0.08885096500279288,0,0,0.48484848484848486,0.34746601746466255
1786839760.301862,263,10.48,1,walking,walking,walking,0,0.0,0.6774899638366073,0.11097091147735168,0.1219481934905893,0.08412673727546718,0.32520615445609924,5.339172136189027,159.71979605403266,0.0,0.5454545454545454,0.5454545454545454,0.09082557769971895,0,0,0.45454545454545453,0.344247699905599
1786839760.393476,264,10.52,1,walking,walking,walking,0,0.0,0.6051072562818022,0.10477773946726139,0.10891930613072438,0.07281053323372633,0.3184047880711532,5.88901726942167,160.17593850950445,0.0,0.5757575757575758,0.5757575757575758,0.0923911852191472,0,0,0.42424242424242425,0.3407521200283028
1786839760.4441538,265,10.56,1,walking,walking,walking,0,0.0,0.6,0.09255225515805515,0.09522364412198998,0.06715197777752953,0.31370647866334517,6.934130135773385,160.8586507950153,0.0,0.6060606060606061,0.6060606060606061,0.09379832968438176,0,0,0.3939393939393939,0.3370317435648868
1786839760.4751172,266,10.6,1,walking,walking,walking,0,0.0,0.6,0.08512669624508043,0.08951411671242303,0.07444628501468527,0.31950910542106953,7.894901347259028,161.61921977389935,0.0,0.6363636363636364,0.6363636363636364,0.09541273665893717,0,0,0.36363636363636365,0.3334296356988383
1786839760.504462,267,10.64,1,walking,walking,walking,0,0.0,0.6,0.07433973369804148,0.0774453942583915,0.0808343368036739,0.33720540417497796,8.480718305709782,163.2330974613499,0.0,0.6666666666666666,0.6666666666666666,0.09717109688605918,0,0,0.3333333333333333,0.3303536394146297
1786839760.5907118,268,10.68,1,walking,walking,walking,0,0.0,0.6,0.06233000338501435,0.0637693212367374,0.07449406171931741,0.36191917866872175,9.011702122543621,164.136909999461,0.0,0.696969696969697,0.696969696969697,0.09866256408500429,0,0,0.30303030303030304,0.3280924728516997
1786839760.621606,269,10.72,1,standing,walking,walking,0,0.0,0.75,0.04842727808815116,0.050402866218385106,0.06707604728141478,0.3899219771449543,9.299808940665026,165.92248319912383,0.0,0.696969696969697,0.696969696969697,0.09975222648767967,0,0,0.30303030303030304,0.32682313479394753
1786839760.6663737,270,10.76,1,standing,walking,walking,0,0.0,0.75,0.04927264763151702,0.048912367069066875,0.06643860584579113,0.41636097120535787,9.658065616532246,167.4187267185864,0.0,0.696969696969697,0.696969696969697,0.1007204230924012,0,0,0.30303030303030304,0.3266672018890398
1786839760.7293797,271,10.8,1,standing,walking,walking,0,0.0,0.75,0.04602828053238247,0.04383232597660267,0.06360041911255133,0.451687998234312,9.583267805584518,167.94969202106185,0.0,0.696969696969697,0.696969696969697,0.10152480267204778,0,0,0.30303030303030304,0.3280537497632233
1786839760.7676554,272,10.84,1,standing,walking,walking,0,0.0,0.75,0.04445288107713915,0.037640206723088605,0.06139344353537631,0.4695288099042392,9.108782006381766,168.22584907679845,0.0,0.696969696969697,0.696969696969697,0.10210578401489115,0,0,0.30303030303030304,0.3306195364300161
1786839760.9026096,273,10.88,1,standing,standing,standing,0,0.0,0.75,0.04655151141308678,0.03853985717410032,0.06980873918824151,0.48820612957849824,8.67566895777747,168.5796877868334,0.0,0.696969696969697,0.696969696969697,0.10269167496466453,0,0,0.30303030303030304,0.3344101786059769
1786839760.9536438,274,10.92,1,standing,standing,standing,0,0.0,0.75,0.049735887324405786,0.04376745277450521,0.07320034089127776,0.4960171354658069,8.069296346311166,169.26459581162038,0.0,0.696969696969697,0.696969696969697,0.10308316142788529,0,0,0.30303030303030304,0.33909155454974277
1786839760.9841566,275,10.96,1,standing,standing,standing,0,0.0,0.75,0.055402526712029054,0.053832499897760865,0.06876089464858055,0.5022051806089534,7.119529189511977,169.48223795353275,0.0,0.696969696969697,0.696969696969697,0.10294117292631381,0,0,0.30303030303030304,0.3447187028294668
1786839761.0896554,276,11.0,1,walking,standing,standing,0,0.0,0.6,0.055066551403168074,0.06737511458477433,0.1551929456472657,0.4991480205070175,6.097536328546638,170.05870465695773,0.0,0.7272727272727273,0.7272727272727273,0.105081224649883,0,0,0.2727272727272727,0.3509997266352546
1786839761.1388807,277,11.04,1,walking,standing,standing,0,0.0,0.6,0.06407329591924421,0.08248311987864018,0.25082215591242085,0.49439990196591077,5.593333596363137,170.94095227078012,0.0,0.7575757575757576,0.7575757575757576,0.10993291845948268,0,0,0.24242424242424243,0.35794941629197896
1786839761.1750512,278,11.08,1,walking,standing,standing,0,0.0,0.6,0.06285636682491796,0.09043497621644521,0.27401767798628485,0.4647972783282793,5.568942056846884,171.73682171903252,0.0,0.7878787878787878,0.7878787878787878,0.11545869784732825,0,0,0.21212121212121213,0.36436625918494797
1786839761.2129135,279,11.12,1,walking,standing,standing,0,0.0,0.6,0.06631246338987284,0.09569784261061351,0.30898071188621845,0.47334540472680436,5.648915830831607,171.9666921288319,0.0,0.7878787878787878,0.7878787878787878,0.12172957574451475,0,0,0.21212121212121213,0.37160111862951184
1786839761.2804523,280,11.16,1,walking,walking,walking,0,0.0,0.6,0.06702478565016239,0.10696692457087179,0.32880369109156193,0.49211524662817585,5.8704762636495555,170.7095745018807,0.0,0.7878787878787878,0.7878787878787878,0.12823950008346013,0,0,0.21212121212121213,0.3793072555334825
1786839761.311384,281,11.2,1,walking,walking,walking,0,0.0,0.6525920136892555,0.06769689206081256,0.11746656246406599,0.36093422506999095,0.48473548355587565,6.144712514798938,169.911451197565,0.0,0.7878787878787878,0.7878787878787878,0.1354889627964286,0,0,0.21212121212121213,0.3865626799623616
1786839761.3532143,282,11.24,1,walking,walking,walking,0,0.0,0.7355144953758551,0.07365545892663761,0.1323926091676539,0.36751683033992677,0.48310854074599224,6.46622151539859,170.26887169405313,0.0,0.7878787878787878,0.7878787878787878,0.14268154119001908,0,0,0.21212121212121213,0.3935402898589701
1786839761.445648,283,11.28,1,walking,walking,walking,0,0.0,0.7608883406778634,0.0838378319698512,0.1369599013220154,0.3847849012878092,0.46529824889019145,6.590405139398032,171.22991282738522,0.0,0.7878787878787878,0.7878787878787878,0.15029738908611676,0,0,0.21212121212121213,0.39971281631498595
1786839761.475868,284,11.32,1,walking,walking,walking,0,0.0,0.7372688757660892,0.09159207016594742,0.13270839763789605,0.39803425986131113,0.4471436783018115,6.232876387153963,170.6804021179052,0.0,0.7878787878787878,0.7878787878787878,0.15823558975195492,0,0,0.21212121212121213,0.40495100508596943
1786839761.517097,285,11.36,1,walking,walking,walking,0,0.0,0.6947226277594772,0.1051812573968689,0.1250500729967059,0.3216160307481935,0.43416037564226445,6.037239564218732,169.82757998195277,0.0,0.7878787878787878,0.7878787878787878,0.1639248551028776,0,0,0.21212121212121213,0.4093214707639168
1786839761.6030402,286,11.4,1,walking,walking,walking,0,0.0,0.6368011911492346,0.11521529193981205,0.11462421440686223,0.24158916305127487,0.4237864683962359,6.1133584191065165,167.04339577438674,0.0,0.7878787878787878,0.7878787878787878,0.1671752522546554,0,0,0.21212121212121213,0.4126189499032025
1786839761.7094166,287,11.44,1,walking,walking,walking,0,0.0,0.6775167499131172,0.1274729877931698,0.12195301498436109,0.22995162467303906,0.41202610120570765,5.719631121502092,164.72447472065534,0.0,0.7878787878787878,0.7878787878787878,0.16950350789749125,0,0,0.21212121212121213,0.41475678129192195
1786839761.7426093,288,11.48,1,walking,walking,walking,0,0.0,0.7312670484685578,0.13137683718034543,0.1316280687243404,0.20099857674156962,0.4241830162190041,5.073008049079215,161.45926726624523,0.0,0.7878787878787878,0.7878787878787878,0.17117758703424316,0,0,0.21212121212121213,0.4167262319644174
1786839761.7916374,289,11.52,1,walking,walking,walking,0,0.0,0.7912585404901723,0.13478375569281864,0.14242653728823101,0.1909894754549874,0.40723885823296213,4.373807624488125,159.35070189241767,0.0,0.7878787878787878,0.7878787878787878,0.17253453679428604,0,0,0.21212121212121213,0.41750304718362125
1786839761.8510077,290,11.56,1,walking,walking,walking,0,0.0,0.8372834030859564,0.14232270481831136,0.15071101255547215,0.17219266761981383,0.37838353156263943,3.660597737268195,159.5462573464403,0.0,0.7878787878787878,0.7878787878787878,0.17337672857273181,0,0,0.21212121212121213,0.41721787779859437
1786839761.9302607,291,11.6,1,walking,walking,walking,0,0.0,0.8513097225337917,0.14746175343717383,0.1532357500560825,0.1702237525272921,0.3728761459512394,2.871655601380202,160.55268288999594,0.0,0.7878787878787878,0.7878787878787878,0.1744982621119361,0,0,0.21212121212121213,0.416800317097013
1786839761.98461,292,11.64,1,walking,walking,walking,0,0.0,0.817039294798379,0.14904555577401754,0.14706707306370823,0.16154414619102822,0.35769907729717604,2.340779797779125,160.24687911758528,0.0,0.7878787878787878,0.7878787878787878,0.1754312351919205,0,0,0.21212121212121213,0.41629032732996485
1786839762.0281513,293,11.68,1,walking,walking,walking,0,0.0,0.8162640390970471,0.1530989352317904,0.14692752703746847,0.1613339967855018,0.35463812441281306,2.078438857069339,158.92942610967688,0.0,0.7878787878787878,0.7878787878787878,0.17658893260747588,0,0,0.21212121212121213,0.41609565011103433
1786839762.066874,294,11.72,1,walking,walking,walking,0,0.0,0.8244786985764606,0.1543702603454772,0.1484061657437629,0.15795607948988433,0.35641132880758997,2.2090680387816706,158.61305471871563,0.0,0.7878787878787878,0.7878787878787878,0.1778963914652922,0,0,0.21212121212121213,0.4166622238153367
1786839762.1174862,295,11.76,1,walking,walking,walking,0,0.0,1.0,0.15462291817755003,0.18277433911131677,0.15680061006041238,0.34851998053518457,2.045078295344432,158.54667925987613,0.0,0.7878787878787878,0.7878787878787878,0.17934624075010364,0,0,0.21212121212121213,0.4170877007124353
1786839762.148623,296,11.8,1,walking,walking,walking,0,0.0,0.965985538404186,0.14372528861597228,0.17387739691275347,0.16675876392912375,0.3370351342598195,2.366608893678759,159.80036183676623,0.0,0.7878787878787878,0.7878787878787878,0.1818502415577902,0,0,0.21212121212121213,0.4174461546458813
1786839762.179136,297,11.84,1,walking,walking,walking,0,0.0,0.981503265560904,0.14855417502822077,0.1766705878009627,0.17722892543706326,0.3249212047440913,2.4717949741215253,160.30153123134085,0.0,0.7878787878787878,0.7878787878787878,0.18501443526092162,0,0,0.21212121212121213,0.4176436218177886
1786839762.2776313,298,11.88,1,walking,walking,walking,0,0.0,0.9494782542201716,0.15142933266958203,0.1709060857596309,0.17884478997382056,0.3080044419147005,2.6302992423751634,161.77068563695624,0.0,0.7878787878787878,0.7878787878787878,0.18839906593353647,0,0,0.21212121212121213,0.4174708328254054
1786839762.3401763,299,11.92,1,walking,walking,walking,0,0.0,0.9391948206836053,0.15031353556020136,0.16905506772304896,0.17805064651513,0.2844949719879327,2.7997954036470536,162.96718263173588,0.0,0.7878787878787878,0.7878787878787878,0.19153859203961057,0,0,0.21212121212121213,0.4164097984789467
1786839762.3957613,300,11.96,1,walking,walking,walking,0,0.0,0.8620544227140333,0.14775607742841318,0.155169796088526,0.1724327692972627,0.26054787723128825,3.3725163804074683,163.2450177576255,0.0,0.7878787878787878,0.7878787878787878,0.19431430211517386,0,0,0.21212121212121213,0.4140868431170167
1786839762.444574,301,12.0,1,walking,walking,walking,0,0.0,0.8486840857461814,0.1518105278399613,0.15276313543431264,0.17117863920192578,0.2503703821941357,4.148299249436333,162.81037164918,0.0,0.7878787878787878,0.7878787878787878,0.19724413779646502,0,0,0.21212121212121213,0.41070657655718085
1786839762.5038629,302,12.04,1,walking,walking,walking,0,0.0,0.8235370147822155,0.14915261913734368,0.1482366626607988,0.16359506954127145,0.2511096180282103,4.769289874011642,161.96485461861067,0.0,0.8181818181818182,0.8181818181818182,0.20016895665282433,0,0,0.18181818181818182,0.40650014143243096
1786839762.5792952,303,12.08,1,walking,walking,walking,0,0.0,0.7995716665795468,0.14461274161279616,0.14392289998431843,0.1558801876916697,0.26538414438135083,5.444285561027935,160.6814356018472,0.0,0.8484848484848485,0.8484848484848485,0.20287930761785097,0,0,0.15151515151515152,0.40192508607412775
1786839762.6283078,304,12.12,1,walking,walking,walking,0,0.0,0.6053709182794645,0.1346461105271213,0.10896676529030362,0.15710175096638201,0.2957103736952205,6.1693964148990705,159.2722383129511,0.0,0.8787878787878788,0.8787878787878788,0.2057126813103913,0,0,0.12121212121212122,0.39719849139112495
1786839762.6612334,305,12.16,1,walking,walking,walking,0,0.0,0.6,0.13138520269738288,0.10455165682757218,0.14377736369047825,0.3244380198259187,7.350283965731897,158.68175045705257,0.0,0.9090909090909091,0.9090909090909091,0.20820916373933376,0,0,0.09090909090909091,0.39280180078269106
1786839762.712799,306,12.2,1,walking,walking,walking,0,0.0,0.6,0.11444074419270318,0.09060285194800352,0.129078295761373,0.3578469451148457,8.185099550940667,160.03024987961982,0.0,0.9393939393939394,0.9393939393939394,0.21000521090821656,0,0,0.06060606060606061,0.3888515224656106
1786839762.8479583,307,12.24,1,walking,walking,walking,0,0.0,0.6,0.10086547308677181,0.07557404058893541,0.11587251271856035,0.3911027111829341,9.562981848169535,161.40505885606592,0.0,0.9696969696969697,0.9696969696969697,0.2112983070241948,0,0,0.030303030303030304,0.3856722974873418
1786839762.8785803,308,12.28,1,walking,walking,walking,0,0.0,0.6,0.08805524444594595,0.0601080773263381,0.10272431256130275,0.4278589982669209,10.981563791191421,162.89833539864318,0.0,1.0,1.0,0.2123275015063985,0,0,0.0,0.3834193828709165
1786839762.9191434,309,12.32,1,standing,walking,walking,0,0.0,0.75,0.07848772151816721,0.053231086055160595,0.1001377429876243,0.461945916140181,12.206669921271843,163.88042164678885,0.0,0.9696969696969697,0.9696969696969697,0.2106591620318639,0,0,0.030303030303030304,0.3822920463749518
1786839762.975032,310,12.36,1,standing,walking,walking,0,0.0,0.75,0.06820566960934861,0.047594544563969804,0.08818003271659311,0.4970054546612305,12.802444306485658,165.1022984227287,0.0,0.9393939393939394,0.9393939393939394,0.20573061284411157,0,0,0.06060606060606061,0.3823710025172342
1786839763.0077446,311,12.4,1,standing,walking,walking,0,0.0,0.75,0.06287176548485705,0.04782182108682831,0.08671592775665826,0.5212952624509026,13.061107730214294,166.45778032098323,0.0,0.9090909090909091,0.9090909090909091,0.20005480223109257,0,0,0.09090909090909091,0.3840830626421622
1786839763.0430593,312,12.44,1,standing,walking,walking,0,0.0,0.75,0.05976575640670497,0.04355759824792123,0.08418389871926016,0.5379426711764443,13.240297873608066,168.02649575140782,0.0,0.8787878787878788,0.8787878787878788,0.1932427775896696,0,0,0.12121212121212122,0.3860405555648785
1786839763.091566,313,12.48,1,standing,standing,standing,0,0.0,0.75,0.057319528649176506,0.04362120349088902,0.07456262109735029,0.5429250940165455,12.976786802597761,170.05132511755932,0.0,0.8484848484848485,0.8484848484848485,0.1855385027413602,0,0,0.15151515151515152,0.38758024790998064
1786839763.1865,314,12.52,1,standing,standing,standing,0,0.0,0.75,0.06181061885731276,0.04884603159590444,0.07195405459944199,0.5325019329358021,12.709930100559113,172.1026566365444,0.0,0.8181818181818182,0.8181818181818182,0.17678152787861623,0,0,0.18181818181818182,0.3890277160730086
1786839763.2175767,315,12.56,1,carrying,standing,standing,0,0.0,0.6139451642355259,0.06775232028881095,0.06322631998851598,0.07835985462598856,0.5232419403925432,12.281486551518409,173.4043859527409,0.0,0.7878787878787878,0.8181818181818182,0.1680191952812242,0,0,0.18181818181818182,0.39024387969866176
1786839763.2845774,316,12.6,1,carrying,standing,standing,0,0.0,0.6046606263531699,0.07362511838862673,0.0809244669643619,0.08363416732588522,0.5077677105886165,11.456707093325148,173.003265338479,0.0,0.7575757575757576,0.8181818181818182,0.15889341546419616,0,0,0.18181818181818182,0.39153083308346254
1786839763.363281,317,12.64,1,walking,standing,standing,0,0.0,0.6,0.08327847623212219,0.09640869951340975,0.09087791108872925,0.4840687257042771,10.30713711011416,172.81114959443474,0.0,0.7575757575757576,0.8181818181818182,0.1495856473195725,0,0,0.18181818181818182,0.39264977391384026
1786839763.395357,318,12.68,1,walking,standing,standing,0,0.0,0.6043501522284489,0.09007368215335783,0.1087830274011208,0.10030203503245176,0.45381621083703366,9.311886968966368,173.33149428154167,0.0,0.7575757575757576,0.8181818181818182,0.14287916260091363,0,0,0.18181818181818182,0.3932454052833787
1786839763.5109673,319,12.72,1,walking,standing,standing,0,0.0,0.6123317389251991,0.09210136017899904,0.11021971300653582,0.11602226851150628,0.4232853927877658,8.461154947608824,172.3745113449112,0.0,0.7575757575757576,0.8181818181818182,0.1390741051906176,0,0,0.18181818181818182,0.3932302211740311
1786839763.5416384,320,12.76,1,walking,standing,standing,0,0.0,0.6198702733057228,0.09272688832546847,0.1115766491950301,0.12432946648263675,0.3936843491042187,7.695438133278749,170.10783154084282,0.0,0.7575757575757576,0.8181818181818182,0.1358734337303024,0,0,0.18181818181818182,0.392674410504289
1786839763.5720644,321,12.8,1,walking,walking,walking,0,0.0,0.6845667582740864,0.0959853723360839,0.12322201648933555,0.1388999443199893,0.37152608376142504,7.103611550439725,165.9201285216953,0.0,0.7575757575757576,0.8181818181818182,0.1339916569902545,0,0,0.18181818181818182,0.3910787458843624
1786839763.6192737,322,12.84,1,walking,walking,walking,0,0.0,0.7281585707908739,0.09894637026849071,0.1310685427423573,0.1556795240261031,0.3652924502039167,6.460160563323259,162.5815936922689,0.0,0.7575757575757576,0.8181818181818182,0.1329216584621065,0,0,0.18181818181818182,0.389807642610755
1786839763.6493177,323,12.88,1,walking,walking,walking,0,0.0,0.7580734128664869,0.10237850400753408,0.13645321431596763,0.16372245918443346,0.35844395245271643,5.774477781991605,160.776969749721,0.0,0.7575757575757576,0.8181818181818182,0.13266498547921615,0,0,0.18181818181818182,0.38920341294075733
1786839763.6796284,324,12.92,1,walking,walking,walking,0,0.0,0.7785368856897895,0.1080247948037918,0.1401366394241621,0.16408674355763864,0.34982369527891993,5.2100161713195385,160.1504641926931,0.0,0.7575757575757576,0.8181818181818182,0.1324790155104388,0,0,0.18181818181818182,0.38850485382947486
1786839763.751532,325,12.96,1,walking,walking,walking,0,0.0,0.8191852944823809,0.11265688777915489,0.14745335300682855,0.16592288501429261,0.34518566810861023,4.415423291304264,159.70411701719632,0.0,0.7575757575757576,0.8181818181818182,0.13261170456568921,0,0,0.18181818181818182,0.3881256596116396
1786839763.7839413,326,13.0,1,walking,walking,walking,0,0.0,0.7357887824265933,0.11644272952210254,0.1324419808367868,0.1672111072898031,0.34381247989509933,3.7558221296463805,159.4091416466615,0.0,0.7575757575757576,0.8181818181818182,0.13278979882339534,0,0,0.18181818181818182,0.3877976097777695
1786839763.8162754,327,13.04,1,walking,walking,walking,0,0.0,0.7398850839864167,0.11992218466591378,0.133179315117555,0.16710108715434757,0.3437983932010388,3.203406224973434,158.78357950038364,0.0,0.7575757575757576,0.8181818181818182,0.133066920267773,0,0,0.18181818181818182,0.38741539960787397
1786839763.8697917,328,13.08,1,walking,walking,walking,0,0.0,0.7551063715966285,0.12179640333323898,0.13591914688739312,0.1546986393029213,0.3580197718973678,2.4642982578695323,156.82689536178543,0.0,0.7575757575757576,0.8181818181818182,0.13300322418421268,0,0,0.18181818181818182,0.38770327207339467
1786839763.925241,329,13.12,1,walking,walking,walking,0,0.0,0.8082700149453587,0.12117065276489554,0.14548860269016456,0.15480260884629043,0.37202181071990137,1.942155341476094,154.7612487710719,0.0,0.7575757575757576,0.8181818181818182,0.13264091645442985,0,0,0.18181818181818182,0.3887634743903669
1786839763.9579663,330,13.16,1,walking,walking,walking,0,0.0,0.9083476286949911,0.12537577824836174,0.1635025731650984,0.14060491568266265,0.38113282633691126,1.527242700641494,153.68853493466312,0.0,0.7575757575757576,0.8181818181818182,0.13153109797702378,0,0,0.18181818181818182,0.3904668568628766
1786839764.0161972,331,13.2,1,walking,walking,walking,0,0.0,0.9231358968410593,0.12048340378928397,0.16616446143139066,0.12649976523759318,0.39013044792111423,1.022413246583794,155.23823226381225,0.0,0.7575757575757576,0.8181818181818182,0.129944885106229,0,0,0.18181818181818182,0.39295552371155573
1786839764.046333,332,13.24,1,walking,walking,walking,0,0.0,0.9128989563112633,0.11929969114277249,0.1643218121360274,0.11958228135403438,0.3741932461500291,0.8050097800405502,156.72262906878822,0.0,0.7575757575757576,0.8181818181818182,0.1281731164649837,0,0,0.18181818181818182,0.3956736532316193
1786839764.0773149,333,13.28,1,walking,walking,walking,0,0.0,0.8841336510593116,0.1173729719447576,0.1591440571906761,0.11379001439219662,0.36010687086513543,0.8381800635375802,157.92978748051024,0.0,0.7575757575757576,0.8181818181818182,0.1263960632860423,0,0,0.18181818181818182,0.3986905924326449
1786839764.1659732,334,13.32,1,walking,walking,walking,0,0.0,0.7833379042677843,0.11544249243200858,0.14100082276820117,0.11607125583459989,0.3549465138414375,1.184878138280655,158.18738200753484,0.0,0.7575757575757576,0.8181818181818182,0.12472614257794151,0,0,0.18181818181818182,0.4018595661189268
1786839764.1965182,335,13.36,1,walking,walking,walking,0,0.0,0.7891111369409818,0.11555583234428947,0.14204000464937672,0.12476185080998403,0.3506634658208666,1.6429905848429391,158.1347517301578,0.0,0.7575757575757576,0.8181818181818182,0.1235493783739631,0,0,0.18181818181818182,0.404876349385371
1786839764.22722,336,13.4,1,walking,walking,walking,0,0.0,0.731270099653471,0.11989369024864839,0.13162861793762476,0.1205908902034566,0.35062042570701113,2.087324603210812,157.67276681696185,0.0,0.7575757575757576,0.8181818181818182,0.12248000572280511,0,0,0.18181818181818182,0.4074592670013
1786839764.2903683,337,13.44,1,walking,walking,walking,0,0.0,0.7573301577177897,0.12489668744994578,0.13631942838920214,0.13948723380556657,0.3612068431501408,2.4637227552226717,157.05269957711405,0.0,0.7575757575757576,0.8181818181818182,0.1219462324755077,0,0,0.18181818181818182,0.409444008499934
1786839764.338027,338,13.48,1,walking,walking,walking,0,0.0,0.7547280008780163,0.12472574251654137,0.13585104015804292,0.1386727649218275,0.3631736867211647,2.873576660294443,156.37036711761897,0.0,0.7575757575757576,0.8181818181818182,0.12179154766433646,0,0,0.18181818181818182,0.41061781658766877
1786839764.418051,339,13.52,1,walking,walking,walking,0,0.0,0.6520438327800019,0.119735750220313,0.11736788990040033,0.1463646194051874,0.3749766987399604,3.393519274537522,157.33208097744236,0.0,0.7575757575757576,0.8181818181818182,0.12231537565354296,0,0,0.18181818181818182,0.411136900030854
1786839764.4755354,340,13.56,1,walking,walking,walking,0,0.0,0.6462677217468705,0.1260114419026701,0.11632818991443668,0.15033038929344578,0.3895420607360785,3.775858567187684,159.78529510269482,0.0,0.7575757575757576,0.8181818181818182,0.12335955373156979,0,0,0.18181818181818182,0.4110896075930705
1786839764.5074372,341,13.6,1,walking,walking,walking,0,0.0,0.6597957332299259,0.1208771496472045,0.11876323198138666,0.1443049264204576,0.39676042672729017,4.396860061542393,161.53310555729794,0.0,0.7575757575757576,0.8181818181818182,0.12461957233336236,0,0,0.18181818181818182,0.4101472266373241
1786839764.5553713,342,13.64,1,walking,walking,walking,0,0.0,0.6058153652141169,0.11394082325131714,0.10904676573854105,0.14137325617448668,0.40640179348694805,5.030382320748855,162.66222077919613,0.0,0.7878787878787878,0.8484848484848485,0.12586913333902486,0,0,0.15151515151515152,0.40846407140540797
1786839764.6118855,343,13.68,1,walking,walking,walking,0,0.0,0.6,0.10941967329353879,0.0984014813318827,0.12681056418494824,0.4109336678684652,5.674094955068908,162.74719718270313,0.0,0.8181818181818182,0.8787878787878788,0.12703975550473262,0,0,0.12121212121212122,0.40585583544199083
1786839764.642408,344,13.72,1,walking,walking,walking,0,0.0,0.6,0.10089898901808472,0.09997225284867052,0.11414709649045067,0.41683244352403354,6.0785205481504585,162.4649881207396,0.0,0.8484848484848485,0.9090909090909091,0.12787100304212023,0,0,0.09090909090909091,0.4026902954745099
1786839764.6727383,345,13.76,1,walking,walking,walking,0,0.0,0.6,0.09013043787294478,0.10030494194897734,0.11029075369525694,0.4082212832599468,6.3621524750055425,162.25880444593002,0.0,0.8787878787878788,0.9393939393939394,0.12866211985957468,0,0,0.06060606060606061,0.3987593443255252
1786839764.7214274,346,13.8,1,walking,walking,walking,0,0.0,0.6,0.08309490663357405,0.09514042383953115,0.10234386332390816,0.3863531862012753,6.70229494469478,161.76098562438446,0.0,0.9090909090909091,0.9696969696969697,0.12950397568462188,0,0,0.030303030303030304,0.3940147410583958
1786839764.765904,347,13.84,1,walking,walking,walking,0,0.0,0.6,0.08287365038237175,0.08729513232402367,0.09273759217184166,0.37101962681763045,6.89990245409638,162.10212332071183,0.0,0.9393939393939394,1.0,0.1301337798534825,0,0,0.0,0.38912133784269365
1786839764.818958,348,13.88,1,walking,walking,walking,0,0.0,0.6,0.0782948529406519,0.08105146749288547,0.08300686733296765,0.3552300628033869,7.165284758932353,162.89680445992474,0.0,0.9696969696969697,1.0,0.13027459842036063,0,0,0.0,0.38403006882484036
1786839764.8780668,349,13.92,1,walking,walking,walking,0,0.0,0.6,0.06857599450215975,0.07186512262148542,0.06388960344523949,0.33038958176887523,7.262160825703873,163.2348349384517,0.0,1.0,1.0,0.1296762783027653,0,0,0.0,0.37865497401212095
1786839764.9104183,350,13.96,1,walking,walking,walking,0,0.0,0.6,0.06792511056377817,0.0758721766894685,0.06692571923881427,0.3171429637392069,7.588320757374774,162.82645323435713,0.0,1.0,1.0,0.12895045430731336,0,0,0.0,0.373596617588937
1786839764.9432976,351,14.0,1,walking,walking,walking,0,0.0,0.6,0.0631218920972176,0.08220244660370396,0.05944252862293386,0.30442234359825854,8.007631799771657,163.02194652811448,0.0,1.0,1.0,0.12771228744641885,0,0,0.0,0.3690695307029135
1786839765.0237918,352,14.04,1,walking,walking,walking,0,0.0,0.6,0.061212334117553974,0.08333056658474595,0.060742233486202835,0.2955892144478676,8.236611292282872,163.99893077034864,0.0,1.0,1.0,0.12603713486989454,0,0,0.0,0.3651999495410984
1786839765.0551283,353,14.08,1,walking,walking,walking,0,0.0,0.6,0.06026189202392883,0.07588360200637329,0.06371102701598111,0.2983666000316489,8.45674532073934,164.93645081937282,0.0,1.0,1.0,0.12420021246181402,0,0,0.0,0.36231153290253565
1786839765.0854602,354,14.12,1,walking,walking,walking,0,0.0,0.6,0.059698118611744455,0.07012526433328083,0.06422061779016233,0.3006754431915607,8.196093228417993,165.88742290030888,0.0,1.0,1.0,0.12193720256697081,0,0,0.0,0.36016454379435797
1786839765.1743767,355,14.16,1,walking,walking,walking,0,0.0,0.6,0.055648075685172174,0.06648352154434908,0.06888193401542173,0.3222031229238774,8.002163740091055,166.8134404634699,0.0,1.0,1.0,0.11930697256664712,0,0,0.0,0.3588588066040538
1786839765.2207322,356,14.2,1,standing,walking,walking,0,0.0,0.75,0.0530220724897502,0.059974781494619295,0.06847358250502639,0.3531871748782833,7.892717581182351,167.8306079781825,0.0,0.9696969696969697,0.9696969696969697,0.11642064297030144,0,0,0.030303030303030304,0.35869951031391945
1786839765.2497106,357,14.24,1,standing,walking,walking,0,0.0,0.75,0.05747536050217664,0.057852979450695945,0.0734364961219777,0.3718400814795541,7.759812815190903,168.4687695855668,0.0,0.9393939393939394,0.9393939393939394,0.11367366577528143,0,0,0.06060606060606061,0.3593666735321205
1786839765.300972,358,14.28,1,standing,walking,walking,0,0.0,0.75,0.05790330914508003,0.05895949053928408,0.0721286432574863,0.38561506262035466,7.493300661805307,169.60291842739304,0.0,0.9090909090909091,0.9090909090909091,0.11083141602507517,0,0,0.09090909090909091,0.36059180669914304
1786839765.3325903,359,14.32,1,standing,walking,walking,0,0.0,0.75,0.05973818417738704,0.0456255735664172,0.0677712795389656,0.4035165248357133,7.055848603168551,170.89455890043857,0.0,0.8787878787878788,0.8787878787878788,0.10781808791141344,0,0,0.12121212121212122,0.36240102018219195
1786839765.3866963,360,14.36,1,standing,standing,standing,0,0.0,0.75,0.06459969756573004,0.04735852689471216,0.07097648798964873,0.41574296467131483,6.520908475517044,172.3111411768202,0.0,0.8484848484848485,0.8484848484848485,0.10490522127005891,0,0,0.15151515151515152,0.36458115871159424
1786839765.4350033,361,14.4,1,standing,standing,standing,0,0.0,0.75,0.06570930442684925,0.05344676417396024,0.078943378148202,0.4284435754643166,5.910095309343157,173.27502733001856,0.0,0.8181818181818182,0.8181818181818182,0.10260960729567348,0,0,0.18181818181818182,0.3667152133651381
1786839765.4657495,362,14.44,1,walking,standing,standing,0,0.0,0.6,0.06464040310649778,0.06051211274287048,0.08048676402455562,0.4444817216919038,5.57563761110025,173.55227374689153,0.0,0.8181818181818182,0.8181818181818182,0.10035761199804516,0,0,0.18181818181818182,0.3689109682430776
1786839765.4976084,363,14.48,1,walking,standing,standing,0,0.0,0.6,0.06297401206827552,0.061828305696987114,0.07681145494050551,0.45850396922408654,5.397842142595136,173.56558480967408,0.0,0.8181818181818182,0.8181818181818182,0.09842447682404039,0,0,0.18181818181818182,0.3712555483305678
1786839765.551802,364,14.52,1,walking,standing,standing,0,0.0,0.6,0.06079140467216762,0.07227861786091357,0.07040995999517306,0.47246976020108145,5.469696710264156,172.68481636657992,0.0,0.8181818181818182,0.8181818181818182,0.09672478575608827,0,0,0.18181818181818182,0.3737506790057183
1786839765.6100545,365,14.56,1,walking,standing,standing,0,0.0,0.6,0.0589369493703022,0.08127884367382016,0.06958281835829941,0.4767326575412212,5.55978260437371,171.19369935764274,0.0,0.8181818181818182,0.8181818181818182,0.09520965051379326,0,0,0.18181818181818182,0.3768579338963605
1786839765.6425068,366,14.6,1,walking,walking,walking,0,0.0,0.6,0.055426756966115896,0.09406173145319535,0.06852898680777612,0.4764329654890348,5.665242688221494,170.80529943057283,0.0,0.8181818181818182,0.8181818181818182,0.09383810422335628,0,0,0.18181818181818182,0.3803829670667817
1786839765.704508,367,14.64,1,walking,walking,walking,0,0.0,0.6,0.059647336891431424,0.10265391007562759,0.07467089275102097,0.4779832027905028,5.933729596892491,171.17299916822907,0.0,0.8181818181818182,0.8181818181818182,0.09258354776627814,0,0,0.18181818181818182,0.3841113515803897
1786839765.740479,368,14.68,1,walking,walking,walking,0,0.0,0.6,0.0647967231025029,0.10584105787351973,0.08281260358043468,0.47605206645246206,6.031934411312571,171.79779164326132,0.0,0.8181818181818182,0.8181818181818182,0.0913123584562918,0,0,0.18181818181818182,0.38791100614498353
1786839765.7809608,369,14.72,1,walking,walking,walking,0,0.0,0.6,0.0744273190148237,0.09606908805184258,0.08756224059244075,0.4704658461330893,6.111479037214611,172.12844526232658,0.0,0.8181818181818182,0.8181818181818182,0.090311490286261,0,0,0.18181818181818182,0.39154268555183436
1786839765.8971992,370,14.76,1,walking,walking,walking,0,0.0,0.6,0.08636704932929695,0.09386496598135739,0.08969634824451017,0.4640272343582679,6.020460400544033,170.8949880455362,0.0,0.8181818181818182,0.8181818181818182,0.0888026755722896,0,0,0.18181818181818182,0.39465845498238367
1786839765.9287848,371,14.8,1,walking,walking,walking,0,0.0,0.6,0.09750993755142419,0.08980797711258307,0.09943931573988558,0.4556890579096008,5.917290758574895,168.30018749254026,0.0,0.8181818181818182,0.8181818181818182,0.08761378317283681,0,0,0.18181818181818182,0.39746195107900295
1786839765.9640892,372,14.84,1,walking,walking,walking,0,0.0,0.6,0.10451005425835301,0.10111620836876134,0.11082232878601177,0.4425002590026434,5.493409166299526,165.55070948149375,0.0,0.8181818181818182,0.8181818181818182,0.08653674406316483,0,0,0.18181818181818182,0.3995081195718116
1786839766.0128024,373,14.88,1,walking,walking,walking,0,0.0,0.6711449148598697,0.11268462110185415,0.12080608467477655,0.11889882980036151,0.4253698263442212,4.876050001561303,163.00231696904052,0.0,0.8181818181818182,0.8181818181818182,0.08558427256337439,0,0,0.18181818181818182,0.40059380943872497
1786839766.049663,374,14.92,1,walking,walking,walking,0,0.0,0.702098926837421,0.11804879708440787,0.1263778068307358,0.12775120876617546,0.4122144257339926,4.302432557799487,161.57187242608603,0.0,0.8181818181818182,0.8181818181818182,0.08508264475566887,0,0,0.18181818181818182,0.40106211243892803
1786839766.0798643,375,14.96,1,walking,walking,walking,0,0.0,0.7112995555278018,0.12069906526688524,0.1280339199950043,0.13466768914904412,0.40121893776374373,3.7111132736583428,162.2730044280281,0.0,0.8181818181818182,0.8181818181818182,0.08487944575489789,0,0,0.18181818181818182,0.4009050562048916
1786839766.1337776,376,15.0,1,walking,walking,walking,0,0.0,0.760288375709628,0.1267626371489473,0.13685190762773305,0.14039284340989727,0.392463931578298,3.0097695256845274,163.24720316607122,0.0,0.8181818181818182,0.8181818181818182,0.08529102997383575,0,0,0.18181818181818182,0.4003453672264017
1786839766.1632476,377,15.04,1,walking,walking,walking,0,0.0,0.7962112985996868,0.13934370906316265,0.1433180337479436,0.14778054525014184,0.379261802111529,2.2871995738783686,162.66377785421676,0.0,0.8181818181818182,0.8181818181818182,0.0863102253907961,0,0,0.18181818181818182,0.39920686294117425
1786839766.1942713,378,15.08,1,walking,walking,walking,0,0.0,0.7821165984767524,0.14150045779301546,0.14078098772581543,0.15151806308728674,0.36502816005013117,1.8418742364902125,161.06985881390693,0.0,0.8181818181818182,0.8181818181818182,0.08755953779661517,0,0,0.18181818181818182,0.39789798041966473
1786839766.2775629,379,15.12,1,walking,walking,walking,0,0.0,0.7936106420778045,0.14135467704240687,0.1428499155740048,0.15290222190012906,0.3575295887139658,1.6962472309946413,159.5305860847713,0.0,0.8181818181818182,0.8181818181818182,0.08909160926862185,0,0,0.18181818181818182,0.3970245380715644
1786839766.318109,380,15.16,1,walking,walking,walking,0,0.0,0.8655034943881398,0.14086238681837068,0.15579062898986515,0.1510127067250253,0.3467488290419383,1.6725721528191166,159.51324128941914,0.0,0.8181818181818182,0.8181818181818182,0.09085752183083955,0,0,0.18181818181818182,0.3962890593510889
1786839766.3694873,381,15.2,1,walking,walking,walking,0,0.0,0.9371723226265919,0.14452955993261168,0.16869101807278652,0.1487139649630717,0.3338060564625433,1.378774172191284,160.05102613479,0.0,0.8181818181818182,0.8181818181818182,0.09284864600144875,0,0,0.18181818181818182,0.39563984703773003
1786839766.421375,382,15.24,1,walking,walking,walking,0,0.0,0.8344029836321512,0.14244958567410385,0.1501925370537872,0.14796927407926858,0.32003697809741705,1.412786353480347,161.7660731131912,0.0,0.8181818181818182,0.8181818181818182,0.09539651480854054,0,0,0.18181818181818182,0.39532613177495857
1786839766.4808972,383,15.28,1,walking,walking,walking,0,0.0,0.8723126139563417,0.14146682442297565,0.1570162705121415,0.14720443282360718,0.3072863976879947,1.3042180312142992,162.88459648313864,0.0,0.8181818181818182,0.8181818181818182,0.09782920309898882,0,0,0.18181818181818182,0.39502744795522476
1786839766.5125208,384,15.32,1,walking,walking,walking,0,0.0,0.8723963506166365,0.1420952959288414,0.15703134311099456,0.14477718292708383,0.29193375028317875,1.2773610949784975,163.95702047133105,0.0,0.8181818181818182,0.8181818181818182,0.10041510171426608,0,0,0.18181818181818182,0.39464900573355577
1786839766.5771165,385,15.36,1,walking,walking,walking,0,0.0,0.821147567760558,0.14048690657320995,0.14780656219690044,0.13480197669142702,0.28205013155623954,1.406785594442511,164.3851594146423,0.0,0.8181818181818182,0.8181818181818182,0.10265933635684864,0,0,0.18181818181818182,0.3942387304944155
1786839766.608525,386,15.4,1,walking,walking,walking,0,0.0,0.7837583642781278,0.1302826305208135,0.14107650557006302,0.12671435447561813,0.28411507110577844,1.8272902745732011,163.5483523739593,0.0,0.8181818181818182,0.8181818181818182,0.10456852809804977,0,0,0.18181818181818182,0.3938068659815103
1786839766.6411636,387,15.44,1,walking,walking,walking,0,0.0,0.8014097926886974,0.12817129960218843,0.14425376268396553,0.12375419406975656,0.2997653499657219,2.4698728497051734,163.50833760101173,0.0,0.8181818181818182,0.8181818181818182,0.10637257586409808,0,0,0.18181818181818182,0.3937792873989091
1786839766.6970754,388,15.48,1,walking,walking,walking,0,0.0,0.7837877960919754,0.12880706687551957,0.14108180329655556,0.12270676036726619,0.32778126361205745,3.10922894130542,163.1147687351698,0.0,0.8181818181818182,0.8181818181818182,0.10800363120809335,0,0,0.18181818181818182,0.3939483219652177
1786839766.7280877,389,15.52,1,walking,walking,walking,0,0.0,0.7178435999512113,0.12313965928276044,0.12921184799121804,0.11918982414278771,0.35305882621473544,3.953945708514568,163.31287472900263,0.0,0.8484848484848485,0.8484848484848485,0.10954048701529825,0,0,0.15151515151515152,0.39394443261177675
1786839766.7639763,390,15.56,1,walking,walking,walking,0,0.0,0.6,0.11456803692455031,0.10776022901728569,0.11896525743577044,0.38544014297041707,4.988279523597058,163.31661543064016,0.0,0.8787878787878788,0.8787878787878788,0.11092014644904954,0,0,0.12121212121212122,0.3943565556872574
1786839766.8160453,391,15.6,1,walking,walking,walking,0,0.0,0.6,0.10857880865467409,0.10227068124810267,0.11687540195732776,0.4183475862484437,6.587393381050028,165.0020227099415,0.0,0.9090909090909091,0.9090909090909091,0.11227610883389323,0,0,0.09090909090909091,0.39534845034265415
1786839766.8465612,392,15.64,1,walking,walking,walking,0,0.0,0.6,0.09940085688129098,0.08453613377975722,0.10868437883088468,0.45421507293794566,8.183975834094984,165.48894299442793,0.0,0.9393939393939394,0.9393939393939394,0.11351589972152713,0,0,0.06060606060606061,0.39688476998211564
1786839766.978157,393,15.68,1,walking,walking,walking,0,0.0,0.6,0.0910452923981059,0.06708947301991565,0.09938400317872459,0.49092434060719753,10.052809165134406,166.48575519760777,0.0,0.9696969696969697,0.9696969696969697,0.1143767335151355,0,0,0.030303030303030304,0.39916299349532425
1786839767.028881,394,15.72,1,carrying,walking,walking,0,0.0,0.6126443882820805,0.08155782125098145,0.057861631356234,0.10559877256555429,0.5210739804701341,11.7326892496821,167.37580050407732,0.0,0.9696969696969697,1.0,0.11518447273990375,0,0,0.0,0.4019699754651975
1786839767.0617127,395,15.76,1,standing,walking,walking,0,0.0,0.75,0.07116308854905376,0.052912667878337566,0.0979889184848878,0.5412926948976399,13.101655979295924,167.94045863318632,0.0,0.9393939393939394,0.9696969696969697,0.11571484105688352,0,0,0.030303030303030304,0.4049036413199168
1786839767.102753,396,15.8,1,standing,walking,walking,0,0.0,0.75,0.06601305972809444,0.04623241225755162,0.09231600725594058,0.5456640498948271,14.007663966450403,168.71905065671095,0.0,0.9090909090909091,0.9393939393939394,0.11618467597553307,0,0,0.06060606060606061,0.40754485588569683
1786839767.2115855,397,15.84,1,standing,walking,walking,0,0.0,0.75,0.058456825151125186,0.0415846293568262,0.08840028207720001,0.5376156251329061,14.640003035073487,169.45685734225168,0.0,0.8787878787878788,0.9090909090909091,0.116729837250746,0,0,0.09090909090909091,0.409518973004843
1786839767.2584548,398,15.88,1,standing,walking,walking,0,0.0,0.75,0.06158477925323463,0.03764751401185138,0.08791095255956267,0.5219638548428999,15.010677925485291,170.86439585793966,0.0,0.8484848484848485,0.8787878787878788,0.11728523525684488,0,0,0.12121212121212122,0.4108896153473181
1786839767.370752,399,15.92,1,standing,standing,standing,0,0.0,0.75,0.06482355218439528,0.037458809029596946,0.08492772486345093,0.505301501128127,14.846208210581617,172.04406955784776,0.0,0.8181818181818182,0.8484848484848485,0.11778216671307745,0,0,0.15151515151515152,0.4117644194575937
1786839767.4201043,400,15.96,1,standing,standing,standing,0,0.0,0.75,0.06701668446424686,0.042278790210575005,0.08630756592366369,0.48624503731699537,14.408958750636256,172.5490741622344,0.0,0.7878787878787878,0.8181818181818182,0.11813479317285451,0,0,0.18181818181818182,0.41201477807960857
1786839767.4497461,401,16.0,1,standing,standing,standing,0,0.0,0.75,0.07417552140832778,0.054663592142197855,0.09289588523009522,0.46832825818460294,13.429495784132104,171.51943365984897,0.0,0.7575757575757576,0.7878787878787878,0.11844034716223815,0,0,0.21212121212121213,0.4117807232836128
1786839767.4810696,402,16.04,1,walking,standing,standing,0,0.0,0.6,0.08131531851769175,0.07217453263554163,0.09675939886274115,0.4469335774454336,12.360910521445737,171.2378820256563,0.0,0.7575757575757576,0.7878787878787878,0.11871904892800483,0,0,0.21212121212121213,0.4110676242324718
1786839767.54582,403,16.08,1,walking,standing,standing,0,0.0,0.6,0.08977694362176306,0.08951328645710345,0.09614343225756662,0.419573735701017,11.240495807997121,171.59686306558862,0.0,0.7575757575757576,0.7878787878787878,0.11891441511021866,0,0,0.21212121212121213,0.40972054851558537
1786839767.5770228,404,16.12,1,walking,standing,standing,0,0.0,0.6,0.09754508747703729,0.09708419242829085,0.10258832991112692,0.388164120817193,10.13509693516883,172.05859032171472,0.0,0.7575757575757576,0.7878787878787878,0.11900983978207447,0,0,0.21212121212121213,0.4076743383006639
1786839767.6159074,405,16.16,1,walking,standing,standing,0,0.0,0.6,0.09777249835221413,0.09841563424426551,0.11169604784011228,0.3587330397020594,9.162542695055054,171.56351553498234,0.0,0.7575757575757576,0.7878787878787878,0.11903631611704721,0,0,0.21212121212121213,0.40513593771579776
1786839767.6978495,406,16.2,1,walking,walking,walking,0,0.0,0.6,0.09700709119254881,0.10370893995174188,0.12333248248782673,0.3398526818966841,8.264544689913171,169.76714287887353,0.0,0.7575757575757576,0.7878787878787878,0.11917066922878858,0,0,0.21212121212121213,0.4025445090961754
1786839767.7482796,407,16.24,1,walking,walking,walking,0,0.0,0.6302283759238043,0.09616594490514797,0.11344110766628478,0.13087515163305072,0.33025263468552835,7.5611955864520315,167.41006866540323,0.0,0.7575757575757576,0.7878787878787878,0.11926533416414843,0,0,0.21212121212121213,0.4000608184583432
1786839767.778638,408,16.28,1,walking,walking,walking,0,0.0,0.6637220268620007,0.09296598775737788,0.1194699648351601,0.13423658470716796,0.3234424706783733,6.714607279272334,165.05623625856077,0.0,0.7575757575757576,0.7878787878787878,0.1192522703931825,0,0,0.21212121212121213,0.3977039558193925
1786839767.8355992,409,16.32,1,walking,walking,walking,0,0.0,0.6749352022149847,0.09396879480575053,0.12148833639869723,0.13731569346890796,0.3151048328486697,5.985747060601746,163.07336423041824,0.0,0.7575757575757576,0.7878787878787878,0.11915902342527374,0,0,0.21212121212121213,0.3953597407063735
1786839767.868002,410,16.36,1,walking,walking,walking,0,0.0,0.7198025512923522,0.09759124054522987,0.12956445923262339,0.13885290773616524,0.3093972770268009,5.233613200285552,162.13617160476986,0.0,0.7575757575757576,0.7878787878787878,0.11888848895515322,0,0,0.21212121212121213,0.39324263388562414
1786839767.9022326,411,16.4,1,walking,walking,walking,0,0.0,0.6855489742376825,0.10009834143702896,0.12339881536278284,0.14156540569831924,0.3039203347253056,4.723200917793347,162.18313800978567,0.0,0.7575757575757576,0.7878787878787878,0.11858689327669965,0,0,0.21212121212121213,0.3913908816030537
1786839767.9840884,412,16.44,1,walking,walking,walking,0,0.0,0.6401768335453892,0.09758144937272538,0.11523183003817006,0.1473806479388658,0.29985516843645244,4.1550441047671995,162.35779417002917,0.0,0.7575757575757576,0.7878787878787878,0.11841957285363107,0,0,0.21212121212121213,0.38964317189767456
1786839768.016136,413,16.48,1,walking,walking,walking,0,0.0,0.6167731340342413,0.09512812562169647,0.11101916412616343,0.14552656841752837,0.30965921365876,3.4786601956518424,162.01353655334918,0.0,0.7575757575757576,0.7878787878787878,0.11825332623825238,0,0,0.21212121212121213,0.3885192441587903
1786839768.0455792,414,16.52,1,walking,walking,walking,0,0.0,0.616769575167213,0.09464434351434964,0.11101852353009833,0.13672287383436565,0.32661578316371936,2.77476732556726,161.02381113356574,0.0,0.7575757575757576,0.7878787878787878,0.1178899598404128,0,0,0.21212121212121213,0.388301357089129
1786839768.119114,415,16.56,1,walking,walking,walking,0,0.0,0.618961016952699,0.0977565058070274,0.11141298305148581,0.12306155779095228,0.34393131859653664,2.2448059452573803,159.90583809373643,0.0,0.7575757575757576,0.7878787878787878,0.11713518055894867,0,0,0.21212121212121213,0.3890254280133448
1786839768.161224,416,16.6,1,walking,walking,walking,0,0.0,0.6297140897872541,0.09360023046052118,0.11334853616170573,0.11157816238988143,0.35696719685102196,1.852862723945936,158.10267586661982,0.0,0.7575757575757576,0.7878787878787878,0.11605559660641152,0,0,0.21212121212121213,0.39053090677586066
1786839768.1918228,417,16.64,1,walking,walking,walking,0,0.0,0.6950648168078374,0.09532466676117686,0.12511166702541074,0.11291219179544891,0.36380198456738644,1.3566718804949298,156.92314665439693,0.0,0.7575757575757576,0.7878787878787878,0.1150899908145438,0,0,0.21212121212121213,0.39270873205720036
1786839768.241189,418,16.68,1,walking,walking,walking,0,0.0,0.6937548925087426,0.09532909608424112,0.12487588065157364,0.10308573526976095,0.3668202063181276,1.0939852726818828,157.27724421910568,0.0,0.7575757575757576,0.7878787878787878,0.11412889258964481,0,0,0.21212121212121213,0.3952775222015
1786839768.2741609,419,16.72,1,walking,walking,walking,0,0.0,0.6117164575964725,0.09204944359703778,0.11010896236736506,0.09028250418972911,0.3677628739772945,0.9186363385105697,158.08075815935644,0.0,0.7575757575757576,0.7878787878787878,0.11302489712643608,0,0,0.21212121212121213,0.39781230410669743
1786839768.305939,420,16.76,1,walking,walking,walking,0,0.0,0.6234063976994202,0.08731835937169775,0.11221315158589563,0.08252802895283994,0.3631548509700356,1.0267375565279746,159.0807261535367,0.0,0.7575757575757576,0.7878787878787878,0.11177561939562043,0,0,0.21212121212121213,0.39973319807652513
1786839768.3739572,421,16.8,1,walking,walking,walking,0,0.0,0.6,0.08392224508011853,0.09999567934707282,0.0662817040861658,0.35836167342427294,1.2162140659044203,159.29841577771418,0.0,0.7575757575757576,0.7878787878787878,0.11006576920528406,0,0,0.21212121212121213,0.4006598771617438
1786839768.4042528,422,16.84,1,walking,walking,walking,0,0.0,0.6,0.08275605077783925,0.09489458984042114,0.0758589958391724,0.3646516615196916,1.59933958311737,158.9870284600352,0.0,0.7575757575757576,0.7878787878787878,0.1087527138021442,0,0,0.21212121212121213,0.4010111752012879
1786839768.4335694,423,16.88,1,walking,walking,walking,0,0.0,0.6,0.08275985677470976,0.09526761323480074,0.0830370922614086,0.3343574618944888,1.8642153221893984,158.35365005515445,0.0,0.7575757575757576,0.7878787878787878,0.10766398152413323,0,0,0.21212121212121213,0.399463215168684
1786839768.4810061,424,16.92,1,walking,walking,walking,0,0.0,0.6,0.08206503354295963,0.10137661694754357,0.10957706955372748,0.3340220301852132,2.3971923140746885,157.83813385351053,0.0,0.7575757575757576,0.7878787878787878,0.10744281993614534,0,0,0.21212121212121213,0.39690789528798004
1786839768.5193536,425,16.96,1,walking,walking,walking,0,0.0,0.6,0.0809155178670391,0.09544366228395278,0.12169235298663826,0.33659944251017987,3.0797272706694243,157.80876046958483,0.0,0.7575757575757576,0.7878787878787878,0.10783700097116818,0,0,0.21212121212121213,0.3933437852750174
1786839768.5510046,426,17.0,1,walking,walking,walking,0,0.0,0.6,0.07654427909850357,0.0791467798689415,0.11367643347811927,0.3422429536168655,3.805070170380848,159.8626170780629,0.0,0.7575757575757576,0.7878787878787878,0.10827010491963467,0,0,0.21212121212121213,0.3888382886995529
1786839768.622803,427,17.04,1,walking,walking,walking,0,0.0,0.6,0.07342556431380425,0.06769051831185253,0.11712265747790511,0.3565940412155581,4.568932577526402,162.03713971470142,0.0,0.7878787878787878,0.7878787878787878,0.10861931355334228,0,0,0.21212121212121213,0.3838540481160808
1786839768.6540136,428,17.08,1,walking,walking,walking,0,0.0,0.6,0.06559269318752466,0.06502093536253539,0.11778882493071562,0.36780473538375935,5.287048695993548,163.39012595608992,0.0,0.8181818181818182,0.8181818181818182,0.10921931071836737,0,0,0.18181818181818182,0.3785968372217208
1786839768.6849182,429,17.12,1,standing,walking,walking,0,0.0,0.75,0.06071151530916193,0.05250055357271619,0.11931538286612607,0.37758376055372617,5.915726609001877,163.9265343095421,0.0,0.8181818181818182,0.8181818181818182,0.11003747361564571,0,0,0.18181818181818182,0.37350349512047537
1786839768.7334068,430,17.16,1,standing,walking,walking,0,0.0,0.75,0.056465968381284815,0.052930385295670956,0.12513464557515094,0.37443281410976875,6.259274728948469,163.53829978813718,0.0,0.8181818181818182,0.8181818181818182,0.11115063614588665,0,0,0.18181818181818182,0.3685585614531075
1786839768.8075504,431,17.2,1,standing,walking,walking,0,0.0,0.75,0.052380672955998756,0.051202402068640795,0.12420038325762237,0.38540163065219657,6.489543481750545,164.02937465528356,0.0,0.8181818181818182,0.8181818181818182,0.11225031586400967,0,0,0.18181818181818182,0.36442031223520743
1786839768.8392768,432,17.24,1,standing,walking,walking,0,0.0,0.75,0.04605861604857309,0.05530606602139615,0.1308249421490853,0.3907799391510539,6.743097900945896,164.85898460108416,0.0,0.8181818181818182,0.8181818181818182,0.11364114063024103,0,0,0.18181818181818182,0.36094996187226586
1786839768.9056406,433,17.28,1,standing,standing,standing,0,0.0,0.75,0.037758361317527155,0.05637004971039956,0.12220802960918842,0.41489762018645376,7.178412821790976,166.25969357708092,0.0,0.8181818181818182,0.8181818181818182,0.11472903346919631,0,0,0.18181818181818182,0.35878791892891604
1786839768.9388716,434,17.32,1,standing,standing,standing,0,0.0,0.75,0.034726689383007686,0.05900748810600778,0.10922060461775467,0.43103724871472254,7.3084558704934555,167.77549294457174,0.0,0.8181818181818182,0.8181818181818182,0.11522372193548902,0,0,0.18181818181818182,0.35765788833891976
1786839768.9933188,435,17.36,1,walking,standing,standing,0,0.0,0.6,0.03450797032745326,0.06449995854655716,0.10428517973452664,0.44568056023613023,7.431365059840289,169.5775415069406,0.0,0.8181818181818182,0.8181818181818182,0.11545177590130071,0,0,0.18181818181818182,0.357619918120456
1786839769.063497,436,17.4,1,walking,standing,standing,0,0.0,0.6,0.03281353518332384,0.0728600658557219,0.10272349493452304,0.46700761773444194,7.495175087840589,171.63189454274706,0.0,0.8181818181818182,0.8181818181818182,0.11565117173999637,0,0,0.18181818181818182,0.3590573084851052
1786839769.096971,437,17.44,1,walking,standing,standing,0,0.0,0.6,0.03642602451734336,0.07482910361126467,0.10671385599615761,0.4787094649130194,7.581195318678878,173.43855860679744,0.0,0.8181818181818182,0.8181818181818182,0.11577618768196696,0,0,0.18181818181818182,0.36180110679103933
1786839769.1489298,438,17.48,1,walking,standing,standing,0,0.0,0.6,0.04175821390609084,0.07735061934558857,0.11289367758720362,0.48624947273491503,7.563998182601947,174.83333320623962,0.0,0.8181818181818182,0.8181818181818182,0.11581247949248491,0,0,0.18181818181818182,0.36566524112536836
1786839769.2170994,439,17.52,1,walking,walking,walking,0,0.0,0.6,0.049133946449344844,0.07760992566003583,0.11814229146099749,0.49256166720536926,7.455857424896898,176.03920170874676,0.0,0.8181818181818182,0.8181818181818182,0.11565520097652036,0,0,0.18181818181818182,0.3702927861347224
1786839769.2497182,440,17.56,1,walking,walking,walking,0,0.0,0.6,0.060210951790292205,0.07916402373805992,0.12758480989952825,0.4885050601380761,7.468537224103405,176.9564479597455,0.0,0.8181818181818182,0.8181818181818182,0.11555549365126212,0,0,0.18181818181818182,0.37508831417873895
1786839769.3249474,441,17.6,1,carrying,walking,walking,0,0.0,0.6009814885099812,0.06755829343908386,0.07949859530301888,0.13784929641353216,0.5016358141833022,7.152722205144306,177.4900705563615,0.0,0.7878787878787878,0.8181818181818182,0.11566496976357617,0,0,0.18181818181818182,0.38048811246676717
1786839769.3773444,442,17.64,1,carrying,walking,walking,0,0.0,0.6062001166752129,0.07443238891140519,0.0715168765021046,0.13489785123009493,0.5103335277920216,6.362155384175539,177.38596783267045,0.0,0.7575757575757576,0.8181818181818182,0.11559170181694547,0,0,0.18181818181818182,0.3864041335256566
1786839769.4134183,443,17.68,1,walking,walking,walking,0,0.0,0.7126627708595438,0.07673133426376162,0.12827929875471789,0.23832481354491358,0.511592620721985,5.567808203116497,177.3056238916966,0.0,0.7575757575757576,0.8181818181818182,0.11860600199296815,0,0,0.18181818181818182,0.3925312651527834
1786839769.446608,444,17.72,1,walking,walking,walking,0,0.0,0.95713704477911,0.07829153615457095,0.1722846680602398,0.3407558179497573,0.5102441453698112,5.075014459678855,177.2999050234961,0.0,0.7575757575757576,0.8181818181818182,0.12464207509149657,0,0,0.18181818181818182,0.3987835018389805
1786839769.4950566,445,17.76,1,walking,walking,walking,0,0.0,0.9309010234091976,0.07727608174644467,0.16756218421365554,0.33001001492646653,0.5141314817825575,4.501756605683817,177.2862292774631,0.0,0.7575757575757576,0.8181818181818182,0.1301762983335451,0,0,0.18181818181818182,0.4052767234555292
1786839769.52474,446,17.8,1,walking,walking,walking,0,0.0,0.9050406766095164,0.07492608078201826,0.16290732178971293,0.32209257191238444,0.5087156887409237,3.7537124524392076,176.92757595442643,0.0,0.7575757575757576,0.8181818181818182,0.1355267832879347,0,0,0.18181818181818182,0.4113087378519584
1786839769.5566194,447,17.84,1,walking,walking,walking,0,0.0,0.8860414381264045,0.0710065979345192,0.15948745886275278,0.3153260038134928,0.5012949028440478,2.8373389058688234,176.4682679189434,0.0,0.7575757575757576,0.8181818181818182,0.1409389993479082,0,0,0.18181818181818182,0.41660204450893806
1786839769.6818929,448,17.88,1,walking,walking,walking,0,0.0,0.8764087906425474,0.0629575208270003,0.15775358231565853,0.30204339952291087,0.4911227512951892,2.1880421998873674,175.67322989954857,0.0,0.7575757575757576,0.8181818181818182,0.14636269152160394,0,0,0.18181818181818182,0.4210623909543517
1786839769.7117927,449,17.92,1,walking,walking,walking,0,0.0,0.8684154584506468,0.05049287283917799,0.1563147825211164,0.28474434426919715,0.48264718677974494,1.8226128093089773,174.92560429021728,0.0,0.7575757575757576,0.8181818181818182,0.1516101515785529,0,0,0.18181818181818182,0.4248708754976464
1786839769.7496173,450,17.96,1,walking,walking,walking,0,0.0,0.8476499842858872,0.04215773467346565,0.1525769971714597,0.2659694800107276,0.4894565755475398,1.5039635544477878,174.6310462928888,0.0,0.7575757575757576,0.8181818181818182,0.15624825122144012,0,0,0.18181818181818182,0.42867859037583284
1786839769.8264673,451,18.0,1,walking,walking,walking,0,0.0,0.8276007582151995,0.03396121106121559,0.1489681364787359,0.257129229634088,0.4737311866944838,1.377410774880293,174.3249677958591,0.0,0.7575757575757576,0.8181818181818182,0.160916235899147,0,0,0.18181818181818182,0.4319183170539042
1786839769.8576822,452,18.04,1,walking,walking,walking,0,0.0,0.6,0.03252446384492409,0.08490016670257353,0.1512047788504665,0.4654016368507852,1.4724481091872825,174.40107156697957,0.0,0.7575757575757576,0.8181818181818182,0.1627623654343209,0,0,0.18181818181818182,0.43487706744401
1786839769.9085178,453,18.08,1,standing,walking,walking,0,0.0,0.75,0.033900049034994904,0.036102094028646156,0.05247480320424762,0.45757526094596407,2.0738247614311165,174.1231415107918,0.0,0.7272727272727273,0.7878787878787878,0.16185166162375744,0,0,0.21212121212121213,0.4377382919887351
1786839769.9896536,454,18.12,1,standing,walking,walking,0,0.0,0.75,0.037905006539092026,0.037619544352457145,0.05563197882206868,0.45237040388890914,3.0786727284966657,173.9217242103261,0.0,0.696969696969697,0.7575757575757576,0.1615289426763606,0,0,0.24242424242424243,0.44058704139675436
1786839770.0492544,455,18.16,1,standing,walking,walking,0,0.0,0.75,0.04944692245157031,0.03481825647108768,0.07485486085940789,0.4457918076122295,4.476046430782743,173.80145394143022,0.0,0.6666666666666666,0.7272727272727273,0.16149851434364043,0,0,0.2727272727272727,0.4430458337025889
1786839770.0798168,456,18.2,1,standing,walking,walking,0,0.0,0.75,0.04893706710080423,0.03510629115008869,0.09474625436449136,0.46316629948855814,7.012354535696646,173.4764522223369,0.0,0.6363636363636364,0.696969696969697,0.16185333743767324,0,0,0.30303030303030304,0.44694913181150003
1786839770.1366708,457,18.24,1,standing,standing,standing,0,0.0,0.75,0.055800236585209176,0.038474777108472545,0.14640369362547936,0.5837853847898187,12.809126544887977,172.67399779933245,0.0,0.6060606060606061,0.6666666666666666,0.16296929574287786,0,0,0.3333333333333333,0.4545177183146699
1786839770.1695988,458,18.28,1,standing,standing,standing,0,0.0,0.75,0.05589610918974164,0.049421416070598904,0.18366771378598393,0.8134246373217398,21.14001464596189,171.63350826436164,0.0,0.5757575757575758,0.6363636363636364,0.1648473369792217,0,0,0.36363636363636365,0.468966966642293
1786839770.2001224,459,18.32,1,standing,standing,standing,0,0.0,0.75,0.07542354389694123,0.04851918161431809,0.20545845562291445,1.007431586033993,28.820181418505637,169.9265385899726,0.0,0.5454545454545454,0.6060606060606061,0.16762861037754878,0,0,0.3939393939393939,0.48912419792766043
1786839770.312774,460,18.36,1,bending,standing,standing,0,0.0,0.6148493210379065,0.09523442149806784,0.0561384937054979,0.2372307913534971,1.2183664199187638,36.890959262274386,167.90972563929728,0.030303030303030304,0.5151515151515151,0.6060606060606061,0.17126825079802127,0,0,0.3939393939393939,0.5152385124338182
1786839770.3669164,461,18.4,1,bending,standing,standing,0,0.0,0.7400946159639287,0.09476952385968368,0.06558844178569384,0.2494040578084135,1.4628330862672512,44.40567695783572,165.47416867363262,0.06060606060606061,0.48484848484848486,0.6060606060606061,0.1752565911882545,0,0,0.3939393939393939,0.548421189733318
1786839770.4002714,462,18.44,1,bending,standing,standing,0,0.0,0.8498825784650631,0.11834618231413503,0.09562802570773424,0.2726476656652526,1.7295360198283727,50.992954707903785,164.70944144143223,0.09090909090909091,0.48484848484848486,0.6363636363636364,0.17990302400034927,0,0,0.36363636363636365,0.5893894400143679
1786839770.4826336,463,18.48,1,bending,standing,material_handling,1,1.0,0.9542145529090246,0.12535280834851112,0.09397549412201507,0.29092340280442625,1.985331956546423,57.25287317454148,163.85142264310468,0.12121212121212122,0.48484848484848486,0.6666666666666666,0.18492692573456976,1,0,0.3333333333333333,0.6382045655427513
1786839770.512553,464,18.52,1,bending,bending,material_handling,1,1.0,1.0,0.1279075884075203,0.10470732124583332,0.30517283581191446,2.2303915610891467,62.530664151648935,161.9399092826567,0.15151515151515152,0.48484848484848486,0.696969696969697,0.1904109394483362,1,0,0.30303030303030304,0.6941133513135679
1786839770.5457702,465,18.56,1,bending,bending,material_handling,1,1.0,1.0,0.13704068628726532,0.12303071936840343,0.3088940224733882,2.4444003501875224,65.2901232198996,159.09113313561454,0.18181818181818182,0.48484848484848486,0.7272727272727273,0.19580697218543625,1,0,0.2727272727272727,0.7563442728601277
1786839770.6047058,466,18.6,1,bending,bending,material_handling,1,1.0,1.0,0.1368371815547739,0.12667556353310505,0.2627502160305207,2.600164035203553,67.36517194725899,156.7121307201653,0.21212121212121213,0.48484848484848486,0.7575757575757576,0.20006582631941605,1,0,0.24242424242424243,0.8225644672545851
1786839770.648442,467,18.64,1,bending,bending,material_handling,1,1.0,1.0,0.15019365302646498,0.1282734824252419,0.28892191022348895,2.7248085452174178,66.92163635741558,155.76521972621973,0.24242424242424243,0.48484848484848486,0.7878787878787878,0.20551132042868073,1,0,0.21212121212121213,0.8920726883607274
1786839770.7124982,468,18.68,1,bending,bending,material_handling,1,1.0,1.0,0.13279534884424263,0.13396691406832428,0.2649366816331788,2.731221921484893,63.80513778259699,155.10701249047946,0.2727272727272727,0.45454545454545453,0.7878787878787878,0.2103795477589429,1,0,0.21212121212121213,0.9613315174894778
1786839770.7679245,469,18.72,1,bending,bending,material_handling,1,1.0,1.0,0.13019040962551304,0.1371676447459111,0.2743642163036703,2.713692408455674,61.02005869803749,154.43966914797176,0.30303030303030304,0.42424242424242425,0.7878787878787878,0.21558078173982614,1,0,0.21212121212121213,1.0294128747840607
1786839770.8088808,470,18.76,1,bending,bending,material_handling,1,1.0,0.9579775013534083,0.13123810500578037,0.12812208248562018,0.2675840585405364,2.6942991050495255,57.4786500812045,153.8837768629131,0.3333333333333333,0.3939393939393939,0.7878787878787878,0.22045563636238308,1,0,0.21212121212121213,1.096551954788197
1786839770.839714,471,18.8,1,bending,bending,material_handling,1,1.0,0.9092684685003919,0.10036602481506748,0.09266001800405471,0.24094979470852498,2.6427568663280745,54.556108110023516,153.58100492341148,0.36363636363636365,0.36363636363636365,0.7878787878787878,0.2243361247599989,1,0,0.21212121212121213,1.1619006636849596
1786839770.9119327,472,18.84,1,bending,bending,material_handling,1,1.0,0.9127909280538777,0.12817295447227847,0.10457065286428487,0.29106869454599144,2.6135301940491993,54.76745568323266,152.0456521586184,0.3939393939393939,0.3333333333333333,0.7878787878787878,0.22957631879287752,1,0,0.21212121212121213,1.2261724372256815
1786839770.9677458,473,18.88,1,bending,bending,material_handling,1,1.0,0.9300026644145762,0.12381896375424922,0.09769019715429286,0.2760622323917682,2.539252470275365,55.80015986487457,150.37198363535188,0.42424242424242425,0.30303030303030304,0.7878787878787878,0.23407563462597566,1,0,0.21212121212121213,1.288316298138933
1786839771.0144875,474,18.92,1,bending,bending,material_handling,1,1.0,0.9686441355962402,0.12140487270940323,0.08238107642043518,0.28321519597411676,2.427475824225939,58.118648135774414,149.62710598574517,0.45454545454545453,0.30303030303030304,0.7878787878787878,0.23848066188538733,1,0,0.21212121212121213,1.346675086322043
1786839771.1042776,475,18.96,1,bending,bending,material_handling,1,1.0,0.9711703851739862,0.1231164510837997,0.08255736510150906,0.3208334168535998,2.2674648991666206,58.270223110439176,151.35327857721387,0.48484848484848486,0.30303030303030304,0.7878787878787878,0.24411507296488746,1,0,0.21212121212121213,1.3999214915152127
1786839771.156041,476,19.0,1,bending,bending,material_handling,1,1.0,0.934623620785262,0.11126219951887445,0.07191172367492442,0.2807977520903075,2.094945309966717,56.07741724711572,153.5318371903396,0.5151515151515151,0.2727272727272727,0.7878787878787878,0.2454021317086873,1,0,0.21212121212121213,1.4479018760377802
1786839771.191815,477,19.04,1,bending,bending,material_handling,1,1.0,0.8762015636439959,0.11462772477900973,0.0649331213309584,0.2923353894396924,1.838636507230408,52.57209381863976,155.05441351150566,0.5454545454545454,0.24242424242424243,0.7878787878787878,0.24393484599626108,1,0,0.21212121212121213,1.4881561900335558
1786839771.2404504,478,19.08,1,bending,bending,material_handling,1,1.0,0.8081450890250483,0.10557747255419274,0.05285754223971199,0.2752476728688961,1.601565900859773,48.4887053415029,156.89904999234832,0.5757575757575758,0.21212121212121213,0.7878787878787878,0.2422753810854256,1,0,0.21212121212121213,1.5211087481874113
1786839771.2855744,479,19.12,1,bending,bending,material_handling,1,1.0,0.736958978408979,0.11121972196704359,0.05341438010159147,0.28335034143024934,1.4319863436355493,44.21753870453874,159.62449210560803,0.6060606060606061,0.18181818181818182,0.7878787878787878,0.24110137410111845,1,0,0.21212121212121213,1.5490866468205815
1786839771.3221374,480,19.16,1,bending,bending,material_handling,1,1.0,0.6672496706312981,0.11681134730672449,0.05286513795930016,0.2850439224587815,1.2553902963151615,40.03498023787789,162.19173446115963,0.6363636363636364,0.15151515151515152,0.7878787878787878,0.24018373527218784,1,0,0.21212121212121213,1.571938022380312
1786839771.3996422,481,19.2,1,bending,bending,material_handling,1,1.0,0.5926775096155864,0.0785548126863266,0.03550431150360959,0.21973493266850552,1.0765105220258688,35.56065057693518,164.6652624409356,0.6666666666666666,0.12121212121212122,0.7878787878787878,0.23768953930690284,1,0,0.21212121212121213,1.5896770457357874
1786839771.4311352,482,19.24,1,standing,bending,material_handling,1,1.0,0.75,0.0698212429858991,0.031077390617209908,0.20024835633813182,0.8468404658245883,28.67343728058133,166.41099695869565,0.6666666666666666,0.09090909090909091,0.7575757575757576,0.23512905482414326,1,0,0.24242424242424243,1.6007132057068434
1786839771.5170698,483,19.28,1,standing,bending,material_handling,1,1.0,0.75,0.06144958338890835,0.02630621714137401,0.16365323502626772,0.6746574334200404,20.914413456379187,168.42563656179618,0.6666666666666666,0.06060606060606061,0.7272727272727273,0.23202856255188692,1,0,0.2727272727272727,1.606325352915101
1786839771.5670335,484,19.32,1,standing,bending,material_handling,1,1.0,0.75,0.05282269013449789,0.019094128697630774,0.11668155558581332,0.5439118792071592,12.333893384610615,170.5745855172827,0.6666666666666666,0.030303030303030304,0.696969696969697,0.22777257242921192,1,0,0.30303030303030304,1.608452040567
1786839771.5993888,485,19.36,1,standing,bending,material_handling,1,1.0,0.75,0.050516282553056804,0.016099428396046105,0.09275681577534327,0.4939695282290798,7.9680422726406,171.3700850559209,0.6666666666666666,0.0,0.6666666666666666,0.22600142203299606,1,0,0.3333333333333333,1.6093177342451304
1786839771.6464825,486,19.4,1,standing,standing,material_handling,1,1.0,0.75,0.042626650803426855,0.015756517759074017,0.07899898995550264,0.4910993636385193,5.628165861394962,171.44212962890538,0.6666666666666666,0.0,0.6666666666666666,0.2268051852678826,1,0,0.3333333333333333,1.6103336161449047
1786839771.7047963,487,19.44,1,standing,standing,material_handling,1,1.0,0.75,0.033120816877437856,0.015470746380132893,0.05529880989246036,0.5074863505691398,3.8641455304202923,171.27605048839445,0.6666666666666666,0.0,0.6666666666666666,0.22679508923971264,1,0,0.3333333333333333,1.6120037963473357
1786839771.7468576,488,19.48,1,standing,standing,material_handling,1,1.0,0.75,0.022820547796355194,0.013452182363302612,0.04198787044334152,0.5156202247097902,2.7270366298642212,170.94827106383661,0.6666666666666666,0.0,0.6666666666666666,0.22579911983316517,1,0,0.3333333333333333,1.614119808986656
1786839771.775397,489,19.52,1,standing,standing,material_handling,1,1.0,0.75,0.016289273726544387,0.016135197426292783,0.037358603824485255,0.5176761583232474,2.291915709561868,171.07842183905723,0.6666666666666666,0.0,0.6666666666666666,0.22406010011983166,1,0,0.3333333333333333,1.6157716228907375
1786839771.8354697,490,19.56,1,standing,standing,material_handling,1,1.0,0.75,0.014112177154445725,0.02023912162964398,0.03498014542521602,0.5190128296085883,2.1450698751604484,171.7777758672404,0.6666666666666666,0.0,0.6666666666666666,0.2206836289622479,1,0,0.3333333333333333,1.6138088181882762
1786839771.8715029,491,19.6,1,standing,standing,material_handling,1,1.0,0.75,0.01579761809654022,0.02138900431067253,0.045466175103009814,0.5168287466884386,2.0675234873258828,172.353151363285,0.6666666666666666,0.0,0.6666666666666666,0.21649570354761233,1,0,0.3333333333333333,1.6048210639266607
1786839771.9191854,492,19.64,1,standing,standing,material_handling,1,1.0,0.75,0.0190872208494122,0.022784933127620064,0.05374184588131209,0.5182364590197459,2.0589228737052294,172.47294873989037,0.6666666666666666,0.0,0.6666666666666666,0.21189823052513956,1,0,0.3333333333333333,1.5899969691686533
1786839771.9676576,493,19.68,1,standing,standing,material_handling,1,1.0,0.75,0.02251291966954589,0.02513204493990365,0.055147563622648686,0.5168225255063196,2.1372048465106213,172.41307843310966,0.6363636363636364,0.0,0.6363636363636364,0.20638055695753807,1,0,0.36363636363636365,1.5687380632773673
1786839771.9993773,494,19.72,1,standing,standing,material_handling,1,1.0,0.75,0.02513241174486082,0.03080690736097806,0.06144115172175148,0.5189402435572694,2.4000983895886745,172.92728407383146,0.6060606060606061,0.0,0.6060606060606061,0.20068471131854831,1,0,0.3939393939393939,1.540135249861913
1786839772.0303912,495,19.76,1,standing,standing,material_handling,1,1.0,0.75,0.03297299518893334,0.03673028921527763,0.06496498325750995,0.5177360807393349,3.039263536875137,173.40305328229834,0.5757575757575758,0.0,0.5757575757575758,0.1943912967001319,1,0,0.42424242424242425,1.5034140395864877
1786839772.081927,496,19.8,1,standing,standing,material_handling,1,1.0,0.75,0.04007950974072018,0.04166330623673342,0.06645699229221719,0.5182003520127012,4.328513121133436,173.44917003203872,0.5454545454545454,0.0,0.5454545454545454,0.18758928426036794,1,0,0.45454545454545453,1.4589555061157689
1786839772.1339931,497,19.84,1,standing,standing,material_handling,1,1.0,0.75,0.04579372024770152,0.04464267161316638,0.08046493701267919,0.5114441003562245,6.532295647123213,173.56787001240374,0.5151515151515151,0.0,0.5151515151515151,0.18077995399372446,1,0,0.48484848484848486,1.406866189123862
1786839772.1691186,498,19.88,1,standing,standing,material_handling,1,1.0,0.75,0.05139059414606983,0.042865142573485684,0.10029564755871628,0.5166750219095689,10.217272799798135,172.90152413849736,0.48484848484848486,0.0,0.48484848484848486,0.17445879111752227,1,0,0.5151515151515151,1.3484502700851364
1786839772.218424,499,19.92,1,standing,standing,material_handling,1,1.0,0.75,0.06295759544826277,0.051347339643874175,0.1292056623909938,0.5500751917956612,14.83423546529336,169.29926306367398,0.45454545454545453,0.0,0.45454545454545453,0.17041198646177905,1,0,0.5454545454545454,1.2863263657394428
1786839772.2477598,500,19.96,1,walking,standing,material_handling,1,1.0,0.6,0.0578356619666002,0.08457572122914365,0.1350567352816203,0.5972965598207434,20.618975986726184,164.67686539564008,0.42424242424242425,0.030303030303030304,0.45454545454545453,0.16574940540293456,1,0,0.5454545454545454,1.221856305575907
1786839772.3300767,501,20.0,1,walking,standing,material_handling,1,1.0,0.6,0.062394478063757,0.09313117093430065,0.14353305458520293,0.6628079818462287,27.428590806632485,160.05267894498724,0.3939393939393939,0.06060606060606061,0.45454545454545453,0.16207050761360192,1,0,0.5454545454545454,1.1591770952838263
1786839772.4018989,502,20.04,1,bending,standing,material_handling,1,1.0,0.5920469118062524,0.06701077583038469,0.10655055317061948,0.161067812899266,0.7613979191701628,35.522814708375144,155.2439867927933,0.3939393939393939,0.06060606060606061,0.45454545454545453,0.15863728326801393,1,0,0.5454545454545454,1.1000166562145683
1786839772.4317746,503,20.08,1,bending,standing,material_handling,1,1.0,0.7316997448351004,0.07147365244408692,0.11751387233408221,0.16853779434906133,0.8557263337196472,43.90198469010602,149.63054197846196,0.3939393939393939,0.06060606060606061,0.45454545454545453,0.15563588132281772,1,0,0.5454545454545454,1.0443023298106324
1786839772.468881,504,20.12,1,bending,standing,material_handling,1,1.0,0.8674407780961708,0.07051187785540979,0.11579896547785001,0.18032015155615946,0.9476546782255258,52.04644668577025,144.09072813784024,0.3939393939393939,0.06060606060606061,0.45454545454545453,0.1537986194091097,1,0,0.5454545454545454,0.9929355968378283
1786839772.5297277,505,20.16,1,bending,standing,material_handling,1,1.0,0.9919783771604759,0.07381011929570803,0.11951853861254305,0.18980556073922572,1.0560363903036212,59.51870262962855,138.06866183634867,0.3939393939393939,0.06060606060606061,0.45454545454545453,0.1507300395967834,1,0,0.5454545454545454,0.945738814906144
1786839772.59166,506,20.2,1,bending,bending,material_handling,1,1.0,1.0,0.07587688515683172,0.12342467303470987,0.18020976007678724,1.1563253985541526,66.28374539281394,132.35639531794612,0.3939393939393939,0.06060606060606061,0.45454545454545453,0.14782541922360215,1,0,0.5454545454545454,0.903831933944895
1786839772.6230507,507,20.24,1,bending,bending,material_handling,1,1.0,1.0,0.07379191567315194,0.12324710005550969,0.16538141184364388,1.257149976536747,72.2217575410131,126.5951459311668,0.3939393939393939,0.06060606060606061,0.45454545454545453,0.1442546984923757,1,0,0.5454545454545454,0.8683675143179499
1786839772.685329,508,20.28,1,bending,bending,material_handling,1,1.0,1.0,0.06248568823888328,0.11170871359909847,0.1373631970494914,1.3441057416494724,76.93902280503713,121.69611437296514,0.3939393939393939,0.06060606060606061,0.45454545454545453,0.1386949948619482,1,0,0.5454545454545454,0.8403869337871271
1786839772.7212222,509,20.32,1,bending,bending,material_handling,1,1.0,1.0,0.06375997007219907,0.08118756636130894,0.12546603568854883,1.401122030982271,80.550364991205,118.49690833890516,0.3939393939393939,0.06060606060606061,0.45454545454545453,0.13398797315280397,1,0,0.5454545454545454,0.8193619859391136
1786839772.7783341,510,20.36,1,bending,bending,material_handling,1,1.0,1.0,0.06136061941988048,0.07683441445342287,0.11215530003060928,1.447462644330369,83.10629090984726,116.2059043922098,0.3939393939393939,0.06060606060606061,0.45454545454545453,0.1285279704434379,1,0,0.5454545454545454,0.8075082325179003
1786839772.8263836,511,20.4,1,bending,bending,material_handling,1,1.0,1.0,0.06080157924954927,0.06836106211990346,0.11026795745210609,1.4673940635509286,84.64558673688711,115.75816719023874,0.3939393939393939,0.06060606060606061,0.45454545454545453,0.12352858512777753,1,0,0.5454545454545454,0.8034424192661173
1786839772.8545258,512,20.44,1,bending,bending,material_handling,1,1.0,1.0,0.06642603526612087,0.07034632900487561,0.11453300122847446,1.454746744413574,85.01224217714118,115.6678328253931,0.3939393939393939,0.06060606060606061,0.45454545454545453,0.11841290815196619,1,0,0.5454545454545454,0.8041321283806028
1786839772.8875568,513,20.48,1,bending,bending,material_handling,1,1.0,1.0,0.06693157436504243,0.07946492747455203,0.11632428001380128,1.41274760800974,83.54597572907804,117.5111190512273,0.3939393939393939,0.06060606060606061,0.45454545454545453,0.11330019171423952,1,0,0.5454545454545454,0.8089005317652871
1786839772.934912,514,20.52,1,bending,bending,material_handling,1,1.0,1.0,0.06630036065533214,0.07459565781219861,0.12584505083423447,1.3518503004674864,80.98349299049123,119.26545123464618,0.3939393939393939,0.06060606060606061,0.45454545454545453,0.11045504377986767,1,0,0.5454545454545454,0.817244161415033
1786839772.985516,515,20.56,1,bending,bending,material_handling,1,1.0,1.0,0.06803305720082473,0.06989532096695666,0.14155812681006863,1.2579952495375701,77.43573329631296,122.43059996343536,0.42424242424242425,0.06060606060606061,0.48484848484848486,0.10867655197598695,1,0,0.5151515151515151,0.8297033972851232
1786839773.0321016,516,20.6,1,bending,bending,material_handling,1,1.0,1.0,0.07413470753866716,0.0720794807631903,0.15725743495189656,1.165474985272106,72.79395196164847,126.47157719297505,0.45454545454545453,0.06060606060606061,0.5151515151515151,0.10848273985252119,1,0,0.48484848484848486,0.8445766564321555
1786839773.0928893,517,20.64,1,bending,bending,material_handling,1,1.0,1.0,0.08174624739225841,0.07210807961407847,0.17204404848394597,1.07445460878616,67.14409653337115,130.285234912318,0.48484848484848486,0.06060606060606061,0.5454545454545454,0.11016039115246458,1,0,0.45454545454545453,0.8606537088436405
1786839773.1295447,518,20.68,1,bending,bending,material_handling,1,1.0,1.0,0.08510151096768184,0.06892137624131282,0.17299534664380242,0.9707021864397609,60.255133872810326,135.18569448581584,0.5151515151515151,0.06060606060606061,0.5757575757575758,0.11259186178484214,1,0,0.42424242424242425,0.875100153031843
1786839773.2061932,519,20.72,1,bending,bending,material_handling,1,1.0,0.8780186848651975,0.08121427541028078,0.06371532142250441,0.17419920069673347,0.8612469905275812,52.68112109191185,141.07868243082515,0.5454545454545454,0.06060606060606061,0.6060606060606061,0.11547671665578853,1,0,0.3939393939393939,0.8863167477860568
1786839773.2611415,520,20.76,1,bending,bending,material_handling,1,1.0,0.7397826471474291,0.07275469325454946,0.0558315538891881,0.15654609024411864,0.7429076225033658,44.38695882884575,146.83278789673992,0.5757575757575758,0.06060606060606061,0.6363636363636364,0.11854481606038424,1,0,0.36363636363636365,0.8934507257234577
1786839773.292134,521,20.8,1,bending,bending,material_handling,1,1.0,0.6021100398478522,0.060081334011855794,0.03736073564813746,0.14352734024948513,0.6431843696872241,36.12660239087113,151.06014556972048,0.6060606060606061,0.06060606060606061,0.6666666666666666,0.12162176969087342,1,0,0.3333333333333333,0.897316305874289
1786839773.3275025,522,20.84,1,standing,bending,material_handling,1,1.0,0.75,0.05253894426113011,0.025419349033124553,0.13521727713087184,0.5483881377652856,27.81835690040416,155.95347173985323,0.6060606060606061,0.06060606060606061,0.6666666666666666,0.12458718403349121,1,0,0.3333333333333333,0.8982469719179872
1786839773.4053,523,20.88,1,standing,bending,material_handling,1,1.0,0.75,0.04428845923860555,0.022058155557393194,0.11816232914581885,0.494336397018479,20.790470017960974,159.9902934848774,0.6060606060606061,0.06060606060606061,0.6666666666666666,0.1271078562674489,1,0,0.3333333333333333,0.8974992012334384
1786839773.4340749,524,20.92,1,standing,bending,material_handling,1,1.0,0.75,0.0371837460114782,0.021215727602284764,0.09851104900777048,0.4609905291672988,14.831201090854211,163.3437829384842,0.6060606060606061,0.06060606060606061,0.6666666666666666,0.12871527668880528,1,0,0.3333333333333333,0.895807134035828
1786839773.4629009,525,20.96,1,standing,bending,material_handling,1,1.0,0.75,0.028772729928432796,0.01995331360860485,0.07699183511228441,0.44611005812577503,10.253754817338635,165.81790173270775,0.6060606060606061,0.06060606060606061,0.6666666666666666,0.12941982181701656,1,0,0.3333333333333333,0.8936214855238895
1786839773.5090954,526,21.0,1,standing,standing,material_handling,1,1.0,0.75,0.022185208296950344,0.019219435650269182,0.06031642857494601,0.43810319439652046,6.998989830461173,167.94901563350786,0.6060606060606061,0.06060606060606061,0.6666666666666666,0.1295764540882983,1,0,0.3333333333333333,0.8912360512478351
1786839773.5404027,527,21.04,1,standing,standing,material_handling,1,1.0,0.75,0.02042021424383099,0.019525897503041716,0.05818937933246368,0.43867303783911665,4.80595629081525,170.4586388950032,0.6060606060606061,0.06060606060606061,0.6666666666666666,0.12947791553104715,1,0,0.3333333333333333,0.8888037116806183
1786839773.5926185,528,21.08,1,standing,standing,material_handling,1,1.0,0.75,0.02403227181330655,0.021106092685940492,0.0549366597093478,0.45542084946822825,3.6479896438347117,171.58420200076517,0.6060606060606061,0.06060606060606061,0.6666666666666666,0.12917402693867858,1,0,0.3333333333333333,0.8869153713390696
1786839773.6414442,529,21.12,1,standing,standing,material_handling,1,1.0,0.75,0.029470771540644106,0.022238519939285505,0.06215449816468033,0.48248185000239047,2.9775586216201075,171.8942356516611,0.6060606060606061,0.06060606060606061,0.6666666666666666,0.1290436483287532,1,0,0.3333333333333333,0.8858329924902724
1786839773.681244,530,21.16,1,standing,standing,material_handling,1,1.0,0.75,0.03199354499479216,0.02454514604574437,0.05674753923906269,0.5120380510964926,2.900154865749397,171.54264160072165,0.6060606060606061,0.06060606060606061,0.6666666666666666,0.1283249393053103,1,0,0.3333333333333333,0.8858509909975533
1786839773.710463,531,21.2,1,standing,standing,material_handling,1,1.0,0.75,0.03634965086200298,0.030181561225325726,0.048356224433106956,0.534620954695278,3.00829134592136,171.19290864982617,0.6060606060606061,0.06060606060606061,0.6666666666666666,0.12675101739241304,1,0,0.3333333333333333,0.8863948071425747
1786839773.7996497,532,21.24,1,standing,standing,material_handling,1,1.0,0.75,0.036690346215008246,0.040773122777363675,0.055464569818033264,0.5448126569744216,3.2401400304470895,171.07362785884752,0.6060606060606061,0.06060606060606061,0.6666666666666666,0.12451643882959605,1,0,0.3333333333333333,0.8862353363904159
1786839773.8303487,533,21.28,1,standing,standing,material_handling,1,1.0,0.75,0.03687537789057348,0.04965207585621128,0.05511191705530985,0.5556548524980345,3.550682891373807,171.32855569857617,0.6060606060606061,0.030303030303030304,0.6363636363636364,0.12209386858031393,1,0,0.36363636363636365,0.884973466471546
1786839773.8655314,534,21.32,1,standing,standing,material_handling,1,1.0,0.75,0.045527578179539736,0.05620804540813283,0.058601231035056975,0.5676660897506457,3.6717057171483036,171.33600098474201,0.6060606060606061,0.0,0.6060606060606061,0.11952017695758221,1,0,0.3939393939393939,0.8820903788322859
1786839773.9164855,535,21.36,1,walking,standing,material_handling,1,1.0,0.6,0.04971574816172808,0.06263626383785374,0.07851755027417685,0.5776631385572945,3.5176394413635115,170.64462248287333,0.5757575757575758,0.030303030303030304,0.6060606060606061,0.11701865384773105,1,0,0.3939393939393939,0.8765226582076534
1786839773.9519615,536,21.4,1,carrying,standing,material_handling,1,1.0,0.6575055497548596,0.05306872987399748,0.06473643171750737,0.08949865809899592,0.5958425829247661,3.2824854731929323,169.03307813585508,0.5454545454545454,0.030303030303030304,0.6060606060606061,0.11462352850681998,1,0,0.3939393939393939,0.868647393032051
1786839773.9888766,537,21.44,1,carrying,standing,material_handling,1,1.0,0.6658979335823628,0.05585443913064573,0.06565891026466657,0.10124341527896984,0.6098298893039381,3.1727605727614123,166.9977231472753,0.5151515151515151,0.030303030303030304,0.6060606060606061,0.11222726377114756,1,0,0.3939393939393939,0.8584102782162454
1786839774.052067,538,21.48,1,carrying,standing,material_handling,1,1.0,0.6770106771122121,0.057290902648933745,0.0717272176622938,0.1128794969366357,0.6283511285203536,2.7585240620336138,165.5707371436526,0.48484848484848486,0.030303030303030304,0.6060606060606061,0.10989617092864482,1,0,0.3939393939393939,0.8454501187682676
1786839774.083601,539,21.52,1,carrying,standing,material_handling,1,1.0,0.6875302456871016,0.062231144077943425,0.08689492753571369,0.12259083405541579,0.6458837428118361,2.6403831831805156,165.5917027020393,0.45454545454545453,0.030303030303030304,0.6060606060606061,0.10815014286739114,1,0,0.3939393939393939,0.8299821898063792
1786839774.1134198,540,21.56,1,carrying,carrying,material_handling,1,1.0,0.713743011774171,0.0780850666320913,0.08686363977748573,0.15095023231285395,0.6895716862902851,2.8902897998288197,166.66131452668213,0.42424242424242425,0.030303030303030304,0.6060606060606061,0.10771283439676113,1,0,0.3939393939393939,0.8127828476776985
1786839774.168336,541,21.6,1,carrying,carrying,material_handling,1,1.0,0.7511107115010007,0.1025206659432138,0.07835005404103476,0.17355533766955572,0.7518511858350012,3.289304066759931,167.22769456828973,0.3939393939393939,0.030303030303030304,0.6060606060606061,0.10880956593070248,1,0,0.3939393939393939,0.7948357399257447
1786839774.2010565,542,21.64,1,walking,carrying,material_handling,1,1.0,0.6,0.1157513758237897,0.08023615748926054,0.203480952443778,0.8363091961070216,2.9414641497777607,167.0915148806684,0.36363636363636365,0.06060606060606061,0.6060606060606061,0.11117365431722459,1,0,0.3939393939393939,0.7777201994749796
1786839774.3211124,543,21.68,1,walking,carrying,material_handling,1,1.0,0.6,0.1402576763027401,0.07922614779909117,0.28900615085217995,1.007042182617338,4.280535395451802,165.79655546862577,0.3333333333333333,0.09090909090909091,0.6060606060606061,0.11653277100878733,1,0,0.3939393939393939,0.764374124877615
1786839774.3788965,544,21.72,1,walking,carrying,material_handling,1,1.0,0.7579328493639784,0.1819038838473548,0.09043795134143057,0.46947443119221294,1.594101983251441,5.480499024476488,165.50463608254654,0.30303030303030304,0.12121212121212122,0.6060606060606061,0.12741781566757845,1,0,0.3939393939393939,0.7682137588079335
1786839774.4092033,545,21.76,1,walking,carrying,material_handling,1,1.0,0.9195587576567009,0.22069410183760824,0.1431238849628199,0.5004775680009925,2.0525819557159046,9.108706632084713,166.2937139404381,0.2727272727272727,0.15151515151515152,0.6060606060606061,0.13911310556977594,1,0,0.3939393939393939,0.7863299773322466
1786839774.6072674,547,21.84,1,walking,walking,material_handling,1,1.0,1.0,0.2607082752864144,0.3402443204211385,0.8012381135269658,2.4771976187870077,17.38130824618679,168.0921930867059,0.24242424242424243,0.18181818181818182,0.6060606060606061,0.15986807022169006,1,0,0.3939393939393939,0.8185860382648913
1786839774.872257,555,22.16,3,standing,standing,standing,0,0.0,0.75,0.0,0.0,0.0,2.3397296347575907,0.22646435234118434,159.62749422391244,0.0,0.0,0.0,0.0,0,0,0.0,0.0
1786839774.9346225,556,22.2,3,walking,walking,walking,0,0.0,1.0,0.10541809446714603,0.234884679176467,0.37937889417288706,1.773176857103814,4.283220209032357,162.3991870536202,0.0,0.0,0.0,0.0,0,0,0.0,0.0
1786839774.967165,557,22.24,3,walking,walking,walking,0,0.0,0.7550624672062884,0.13330446774595706,0.13591124409713193,0.35592259045256786,1.464472969052718,6.464840489671644,164.52514705205775,0.0,0.0,0.0,0.0,0,0,0.0,0.0
1786839775.0043068,558,22.28,3,walking,walking,walking,0,0.0,0.6,0.12702504560678815,0.09615417503477414,0.33291907709255825,1.2514714630625134,6.0977013935549556,165.39000513198937,0.0,0.0,0.0,0.0,0,0,0.0,0.0
1786839775.0578566,559,22.32,3,walking,walking,walking,0,0.0,0.6,0.11945062006990467,0.08606002394911427,0.263481673970813,1.1119818699840265,5.735215546508863,166.49014882912755,0.0,0.0,0.0,0.0,0,0,0.0,0.0
1786839775.100741,560,22.36,3,walking,walking,walking,0,0.0,0.6,0.10667521699419528,0.08041953182129793,0.2741671757985082,1.0474631192373511,5.901093611193328,168.4331441508426,0.0,0.0,0.0,0.0,0,0,0.0,0.0
1786839775.14908,561,22.4,3,walking,walking,walking,0,0.0,0.6,0.09900571401730385,0.07542774049899836,0.27720876422295876,0.9782780406728718,5.8001415106992535,168.89787987016422,0.0,0.0,0.0,0.0,0,0,0.0,0.0
1786839775.206865,562,22.44,3,walking,walking,walking,0,0.0,0.6,0.09502901089206146,0.06819503042450922,0.2486708560644261,0.9255845562705488,5.859194318360437,169.54946786123986,0.0,0.0,0.0,0.0,0,0,0.0,0.0
1786839775.2646637,563,22.48,3,walking,walking,walking,0,0.0,0.6,0.09342542870270362,0.06538365223922857,0.23154813548221617,0.8860861757852576,5.954149350081908,170.20115225098593,0.0,0.0,0.0,0.0,0,0,0.0,0.0
1786839775.3241456,564,22.52,3,walking,walking,walking,0,0.0,0.6,0.0896208346101604,0.06727796730636339,0.21453463594858366,0.8529581978793193,6.12618236676311,170.67116994510852,0.0,0.0,0.0,0.0,0,0,0.0,0.0
1786839775.3756776,565,22.56,3,carrying,walking,walking,0,0.0,0.7010179951051444,0.08160525307833381,0.052534742510136595,0.17867910487571945,0.6683633251752407,6.880947546842711,171.32977456696014,0.0,0.0,0.0,0.0,0,0,0.0,0.0
1786839775.4080992,566,22.6,3,carrying,walking,walking,0,0.0,0.6554493433185741,0.06763065038032512,0.06033765779723274,0.14872145196217149,0.5924155721976234,6.909127482238203,171.05249212020186,0.0,0.0,0.0,0.0,0,0,0.0,0.0
1786839775.438733,567,22.64,3,carrying,walking,walking,0,0.0,0.6260521376672475,0.05624417077808007,0.06442050557712233,0.12781701001646525,0.5434202294454126,6.732399480042723,170.9490790035524,0.0,0.0,0.0,0.0,0,0,0.0,0.0
1786839775.4997468,568,22.68,3,walking,walking,walking,0,0.0,0.6,0.046888250791716074,0.06769414301379499,0.13085086864104703,0.5107855573358275,7.040954365935468,170.70692496465182,0.0,0.0,0.0,0.0,0,0,0.0,0.0
1786839775.5303116,569,22.72,3,walking,carrying,carrying,0,0.0,0.6,0.05134798626245554,0.06720011345853791,0.10393453785217,0.4782520757434737,7.012910974340596,170.43361751474652,0.0,0.0,0.0,0.0,0,0,0.0,0.0
1786839775.559699,570,22.76,3,walking,carrying,carrying,0,0.0,0.6,0.04784956749687705,0.06776558865349366,0.07918953803566017,0.42782538058811453,6.7364258993307855,169.45503221516577,0.0,0.0,0.0,0.0,0,0,0.0,0.0
1786839775.6084037,571,22.8,3,walking,carrying,carrying,0,0.0,0.6,0.044313771760017856,0.0667611290784542,0.07628551070409842,0.39442681517273426,6.398813305002488,168.68347576090179,0.0,0.0,0.0,0.0,0,0,0.0,0.0
1786839775.6375053,572,22.84,3,walking,walking,walking,0,0.0,0.6,0.04017198159683832,0.06635930051699217,0.07222626740408215,0.3628747751529693,5.845094710227719,167.65888365369648,0.0,0.0,0.0,0.0,0,0,0.0,0.0
1786839775.6670694,573,22.88,3,walking,walking,walking,0,0.0,0.6,0.038899576014489554,0.06497303361420316,0.0772999591810993,0.3336107732115591,5.2285425734727715,166.54909194621953,0.0,0.0,0.0,0.0,0,0,0.0,0.0
1786839775.7507389,574,22.92,3,walking,walking,walking,0,0.0,0.6,0.04078039327750673,0.066157325551006,0.07931887724821238,0.3041494887989309,4.502637661396028,165.24830377812503,0.0,0.8,0.95,0.18260774645631225,0,0,0.05,0.8623663438313951
1786839775.7797701,575,22.96,3,walking,walking,walking,0,0.0,0.6,0.04238604303689396,0.06252612840183251,0.0801064722326813,0.27822518431712656,3.8778861128726496,164.63438848664296,0.0,0.8095238095238095,0.9523809523809523,0.17772673339804412,0,0,0.047619047619047616,0.8345500981402394
1786839775.810242,576,23.0,3,walking,walking,walking,0,0.0,0.6,0.04686826308851134,0.06691102503657875,0.07703748534968753,0.25485059544199934,3.1494213684847905,164.91738342466414,0.0,0.8181818181818182,0.9545454545454546,0.17314994939584608,0,0,0.045454545454545456,0.8082001207448649
1786839775.881838,577,23.04,3,walking,walking,walking,0,0.0,0.6,0.051236421587386775,0.06588662747282013,0.07545889836741058,0.24297005084359116,2.514614645107614,164.77084197486533,0.0,0.8260869565217391,0.9565217391304348,0.16890251239460974,0,0,0.043478260869565216,0.7836249003143748
1786839775.9413178,578,23.08,3,walking,walking,walking,0,0.0,0.6,0.04921699337743249,0.06483835820230385,0.08602910964657245,0.24631093784150196,1.974582716432311,164.4702522991585,0.0,0.8333333333333334,0.9583333333333334,0.16544945394677485,0,0,0.041666666666666664,0.7612368185446714
1786839775.9735422,579,23.12,3,walking,walking,walking,0,0.0,0.6,0.05734176865557188,0.0646263923289813,0.08848060360881844,0.25960735744206426,1.942511891035645,163.4605136882394,0.0,0.84,0.96,0.1623706999332566,0,0,0.04,0.7411716401005671
1786839776.0276628,580,23.16,3,walking,walking,walking,0,0.0,0.6,0.06364047603567562,0.075022522727387,0.09952713308060583,0.28116783677557977,2.1611329105124475,162.2403606187051,0.0,0.8461538461538461,0.9615384615384616,0.15995363966969312,0,0,0.038461538461538464,0.7234791861265292
1786839776.0624166,581,23.2,3,walking,walking,walking,0,0.0,0.6,0.06683997424024943,0.07909051731047495,0.10507665814548864,0.31128643011751544,2.8272980949815585,161.41072859578173,0.0,0.8518518518518519,0.9629629629629629,0.15792115887250036,0,0,0.037037037037037035,0.708212787755825
1786839776.096811,582,23.24,3,walking,walking,walking,0,0.0,0.6,0.06919577007850036,0.08459842554972025,0.1009270143909726,0.3459358620217827,3.7018250009152234,160.68003908665466,0.0,0.8571428571428571,0.9642857142857143,0.15588565371244578,0,0,0.03571428571428571,0.6952743261224663
1786839776.2580066,583,23.28,3,walking,walking,walking,0,0.0,0.6,0.07074548131662321,0.08355618082273529,0.10347074529735051,0.37003604871562684,4.66862316655944,160.45477708005768,0.0,0.8620689655172413,0.9655172413793104,0.1540782430774425,0,0,0.034482758620689655,0.6840592131084373
1786839776.299968,584,23.32,3,walking,walking,walking,0,0.0,0.6,0.07038529405151495,0.08344467453103585,0.09731281861437938,0.3864366994893253,5.7746057952687755,160.71607091211834,0.0,0.8666666666666667,0.9666666666666667,0.15218606226200707,0,0,0.03333333333333333,0.674138462654467
1786839776.3310819,585,23.36,3,walking,walking,walking,0,0.0,0.6,0.06984131376941857,0.07879877441860327,0.10588386841237335,0.40944159602100644,7.0695531247587935,161.02718374097313,0.0,0.8709677419354839,0.967741935483871,0.1506924431055673,0,0,0.03225806451612903,0.6655998540533876
1786839776.3951802,586,23.4,3,walking,walking,walking,0,0.0,0.6,0.06756507032141248,0.07453771336593974,0.10512208881281032,0.43895934225517036,8.949127786823219,160.46521749652567,0.0,0.875,0.96875,0.14926836953391862,0,0,0.03125,0.6585173380596934
1786839776.4346063,587,23.44,3,walking,walking,walking,0,0.0,0.6,0.06124623272221682,0.07331510903659762,0.08483699464289232,0.465587453224556,11.163402878626119,160.19523862037394,0.0,0.8787878787878788,0.9696969696969697,0.14731590362812996,0,0,0.030303030303030304,0.6526709779131741
1786839776.4633036,588,23.48,3,walking,walking,walking,0,0.0,0.6,0.05661578458406576,0.07101534792457816,0.09004905071077055,0.4955541598914576,14.059755225357815,160.56860191529097,0.0,0.9090909090909091,1.0,0.15004466274057754,0,0,0.0,0.5967868726142003
1786839776.51371,589,23.52,3,carrying,walking,walking,0,0.0,0.6311144041197726,0.05398938511918193,0.06128101339808632,0.08317468984982676,0.5518573401996211,17.55004354971089,161.28448054562537,0.0,0.8787878787878788,1.0,0.14106877776109086,0,0,0.0,0.5597771902837703
1786839776.5439394,590,23.56,3,standing,walking,walking,0,0.0,0.75,0.05268442033136957,0.055406144803540815,0.12456406058356799,0.5895131727121384,21.645285290797215,161.64333265226074,0.0,0.8484848484848485,0.9696969696969697,0.134057913219606,0,0,0.030303030303030304,0.5332632570613285
1786839776.5828447,591,23.6,3,standing,walking,walking,0,0.0,0.75,0.054997214736786315,0.043738702278118734,0.13153858991611633,0.6282643209343545,26.1436774307309,161.96924241800897,0.0,0.8181818181818182,0.9393939393939394,0.1279554742142593,0,0,0.06060606060606061,0.514378192148354
1786839776.632591,592,23.64,3,standing,walking,walking,0,0.0,0.75,0.05469818897916423,0.037398728042229795,0.13882350504227892,0.6795920335908813,31.415466844379715,161.58703451953755,0.0,0.7878787878787878,0.9090909090909091,0.12417795394369763,0,0,0.09090909090909091,0.5012754698334102
1786839776.6732879,593,23.68,3,bending,walking,walking,0,0.0,0.6204931279257937,0.05316934518352837,0.03162708296824709,0.14686456241412862,0.7608135059380632,37.22958767554762,160.19951191229214,0.030303030303030304,0.7575757575757576,0.9090909090909091,0.12032029899265584,0,0,0.09090909090909091,0.4925891179152499
1786839776.7269022,594,23.72,3,bending,standing,standing,0,0.0,0.7118109509550727,0.062915014461905,0.03452785389676586,0.1453073431774631,0.8505295764515907,42.708657057304364,157.2581322656813,0.06060606060606061,0.7272727272727273,0.9090909090909091,0.11632328623370143,0,0,0.09090909090909091,0.48871795233278686
1786839776.7918828,595,23.76,3,bending,standing,standing,0,0.0,0.8090716806356334,0.06441156690459092,0.03727925128145198,0.14963665451327515,0.9370367533672959,48.54430083813801,152.69763732687153,0.09090909090909091,0.696969696969697,0.9090909090909091,0.1133222498230605,0,0,0.09090909090909091,0.48906498860844577
1786839776.8243916,596,23.8,3,bending,standing,material_handling,1,1.0,0.9169171033966276,0.07118384204064429,0.054597367233540015,0.16454949534755137,1.0457838825449626,55.01502620379765,148.72397417247072,0.12121212121212122,0.6666666666666666,0.9090909090909091,0.11129198800079793,1,0,0.09090909090909091,0.49390431305570964
1786839776.8628216,597,23.84,3,bending,bending,material_handling,1,1.0,0.9995790009704808,0.07366297260540938,0.0699261177260566,0.1599847002192218,1.1359750883963233,59.974740058228846,143.89141779747882,0.15151515151515152,0.6363636363636364,0.9090909090909091,0.10963895964536272,1,0,0.09090909090909091,0.5024805824653158
1786839776.923915,598,23.88,3,bending,bending,material_handling,1,1.0,1.0,0.06737235345172969,0.0694529209500096,0.14940816069519502,1.1822609772181965,64.47053438797693,138.92178359015776,0.18181818181818182,0.6363636363636364,0.9090909090909091,0.10875196133686198,1,0,0.09090909090909091,0.5180532385878296
1786839777.021473,599,23.92,3,bending,bending,material_handling,1,1.0,1.0,0.06281226710678772,0.06810239642660806,0.10958978901840181,1.2365219114616872,68.2811181306901,133.7642020803953,0.21212121212121213,0.6363636363636364,0.9090909090909091,0.10756615336886895,1,0,0.09090909090909091,0.5375716125049225
1786839777.0706959,600,23.96,3,bending,bending,material_handling,1,1.0,1.0,0.056012648831653945,0.06903237844381761,0.09529675792669484,1.2967596456466821,71.20483940623532,129.34802569418525,0.24242424242424243,0.6363636363636364,0.9090909090909091,0.10658069118433047,1,0,0.09090909090909091,0.5604000796625366
1786839777.121445,601,24.0,3,bending,bending,material_handling,1,1.0,1.0,0.055854777698097734,0.06849498144842248,0.0918107341807324,1.3336619686568978,73.35840453830886,125.41204774292393,0.2727272727272727,0.6060606060606061,0.9090909090909091,0.10539765680674516,1,0,0.09090909090909091,0.5853357284904479
1786839777.1517756,602,24.04,3,bending,bending,material_handling,1,1.0,1.0,0.063180242221804,0.07567514479295116,0.09486110751648176,1.3441354463741648,74.20975447656393,123.49854717423003,0.30303030303030304,0.5757575757575758,0.9090909090909091,0.10512270437233037,1,0,0.09090909090909091,0.6115746185095596
1786839777.1942115,603,24.08,3,bending,bending,material_handling,1,1.0,1.0,0.05884264240041622,0.070389018206027,0.09967756048093462,1.3294986860838884,73.69827683893374,122.49579609772088,0.3333333333333333,0.5454545454545454,0.9090909090909091,0.10574355353733869,1,0,0.09090909090909091,0.6388980520094317
1786839777.2724473,604,24.12,3,bending,bending,material_handling,1,1.0,1.0,0.06596938175383629,0.06584674336757268,0.09861157795829531,1.299341346329016,72.7323617029895,123.31070759370664,0.36363636363636365,0.5151515151515151,0.9090909090909091,0.10642010102989011,1,0,0.09090909090909091,0.6663197044687129
1786839777.3137562,605,24.16,3,bending,bending,material_handling,1,1.0,1.0,0.06706437244633917,0.04616782750975293,0.09917044039001449,1.2521843469835683,70.37295855124067,126.6068364849751,0.3939393939393939,0.48484848484848486,0.9090909090909091,0.10723659112037291,1,0,0.09090909090909091,0.6932684793726706
1786839777.3436782,606,24.2,3,bending,bending,material_handling,1,1.0,1.0,0.06806324078742819,0.029363508292249596,0.10828829406557598,1.1556537681585477,65.81182278567762,130.55613173316814,0.42424242424242425,0.45454545454545453,0.9090909090909091,0.10817563157141764,1,0,0.09090909090909091,0.7181788731589428
1786839777.5148783,607,24.24,3,bending,bending,material_handling,1,1.0,1.0,0.07125550835101097,0.031013262093390368,0.12460067899334926,1.1050640008392894,61.41686545023159,135.40710576915941,0.45454545454545453,0.42424242424242425,0.9090909090909091,0.10954780738187633,1,0,0.09090909090909091,0.7424490098874386
1786839777.5470958,608,24.28,3,bending,bending,material_handling,1,1.0,0.9310379046984452,0.07637664569163875,0.03183175129201864,0.13608961118998164,0.9949059667782394,55.86227428190671,140.46386149300037,0.48484848484848486,0.3939393939393939,0.9090909090909091,0.11124426613815817,1,0,0.09090909090909091,0.7641666093559573
1786839777.6171548,609,24.32,3,bending,bending,material_handling,1,1.0,0.8291338836886759,0.07700400701360041,0.031683804150538876,0.1420678826723163,0.8806561050792832,49.74803302132055,146.0190475563027,0.5151515151515151,0.36363636363636365,0.9090909090909091,0.1132148842388439,1,0,0.09090909090909091,0.783130412678299
1786839777.6706204,610,24.36,3,bending,bending,material_handling,1,1.0,0.7166246917887794,0.07459290684650545,0.02994776240947545,0.13734404806070163,0.7701553618635137,42.99748150732677,151.43407644638046,0.5454545454545454,0.3333333333333333,0.9090909090909091,0.11509019180530727,1,0,0.09090909090909091,0.7991057251334482
1786839777.7409835,611,24.4,3,bending,bending,material_handling,1,1.0,0.6009217349053775,0.06592207968147282,0.0223219084266493,0.13499008537161128,0.694851617300811,36.05530409432265,156.57957752315474,0.5757575757575758,0.30303030303030304,0.9090909090909091,0.11657385773636905,1,0,0.09090909090909091,0.8126978669352455
1786839777.8170934,612,24.44,3,standing,bending,material_handling,1,1.0,0.75,0.05558031461050761,0.02110521530661935,0.1243581575873066,0.6083351412548972,29.261867134849574,160.32708535712473,0.5757575757575758,0.2727272727272727,0.8787878787878788,0.11766105634177777,1,0,0.12121212121212122,0.8232653755356344
1786839777.885622,613,24.48,3,standing,bending,material_handling,1,1.0,0.75,0.043775508454285704,0.020555426094974835,0.1127499520464073,0.5359207413409276,23.05348829629511,163.47453475505682,0.5757575757575758,0.24242424242424243,0.8484848484848485,0.11806174782558995,1,0,0.15151515151515152,0.8309851605224631
1786839777.9189975,614,24.52,3,standing,bending,material_handling,1,1.0,0.75,0.03447220932844853,0.021172674104668693,0.09901166239636838,0.47754686721320144,17.46475567835078,166.0130833990406,0.5757575757575758,0.21212121212121213,0.8181818181818182,0.1178779600756166,1,0,0.18181818181818182,0.8360233555859689
1786839777.9476612,615,24.56,3,standing,bending,material_handling,1,1.0,0.75,0.025209271874503933,0.0202563389221325,0.07835783526992833,0.4308540824491207,12.717667158236127,167.54742685800178,0.5757575757575758,0.18181818181818182,0.7878787878787878,0.11719404555679708,1,0,0.21212121212121213,0.8385966349928577
1786839778.0069234,616,24.6,3,standing,standing,material_handling,1,1.0,0.75,0.020754462701014453,0.01806339823534775,0.0713798048137828,0.4016008157073653,9.028213686540258,168.16312400072877,0.5757575757575758,0.15151515151515152,0.7575757575757576,0.11622159281487077,1,0,0.24242424242424243,0.8395531430835165
1786839778.0380187,617,24.64,3,idle,standing,material_handling,1,1.0,0.85,0.01421827837235422,0.017158110228333252,0.06800249473037054,0.37400891501127204,6.303995773464397,168.37918983190016,0.5757575757575758,0.12121212121212122,0.7272727272727273,0.11533340118202202,1,0,0.2727272727272727,0.8391765435538786
1786839778.1147237,618,24.68,3,idle,standing,material_handling,1,1.0,0.85,0.011447113228197614,0.017285385841016927,0.06599311345147932,0.3634190734099533,4.469665514931046,168.2041042359003,0.5757575757575758,0.09090909090909091,0.696969696969697,0.11412459042563129,1,0,0.30303030303030304,0.8377819216565738
1786839778.1721728,619,24.72,3,idle,standing,material_handling,1,1.0,0.85,0.008503391877089879,0.01529587219454575,0.0622761707344123,0.35411438986611155,3.087850029251824,167.9049392896854,0.5757575757575758,0.06060606060606061,0.6666666666666666,0.11282622927174046,1,0,0.3333333333333333,0.835210862493269
1786839778.2039354,620,24.76,3,idle,standing,material_handling,1,1.0,0.85,0.008047159124132603,0.014912320947225761,0.05497181155150746,0.3388832212300286,2.2414828912082454,167.44037230362576,0.5757575757575758,0.030303030303030304,0.6363636363636364,0.11192122372351666,1,0,0.36363636363636365,0.8313713403116166
1786839778.244367,621,24.8,3,idle,idle,material_handling,1,1.0,0.85,0.011604887064415738,0.014487099203268525,0.0565865276294614,0.3215222263393983,1.9157595648629453,166.79600232811032,0.5757575757575758,0.0,0.6060606060606061,0.1109072078725679,1,0,0.3939393939393939,0.8260976453554937
1786839778.3274968,622,24.84,3,idle,idle,material_handling,1,1.0,0.85,0.012701972269865164,0.017090229009958036,0.06254023459034982,0.2954321949144295,2.0158833284220306,166.71523673739912,0.5757575757575758,0.0,0.5757575757575758,0.11028192134955343,1,0,0.42424242424242425,0.8183271864074576
1786839778.3742883,623,24.88,3,standing,idle,material_handling,1,1.0,0.75,0.013684934309201272,0.022418400673385616,0.06194800170871765,0.2665674364776611,2.355305005759493,166.64855252992552,0.5757575757575758,0.0,0.5757575757575758,0.10838446502001253,1,0,0.42424242424242425,0.8085409519761098
1786839778.4055123,624,24.92,3,standing,idle,material_handling,1,1.0,0.75,0.0164955217076557,0.030280331713942572,0.0616930145245288,0.22754232743125047,2.875579134371063,166.2048642040339,0.5757575757575758,0.0,0.5757575757575758,0.10626793243238866,1,0,0.42424242424242425,0.7963978612638946
1786839778.4565396,625,24.96,3,standing,idle,material_handling,1,1.0,0.75,0.020642255866771216,0.039471303803050924,0.05677606366370242,0.2128116457273758,3.3031028347011215,165.1468859343508,0.5757575757575758,0.0,0.5757575757575758,0.10378164633000757,1,0,0.42424242424242425,0.7822530010256064
1786839778.5273342,626,25.0,3,standing,idle,material_handling,1,1.0,0.75,0.021934152314458485,0.0427769094710494,0.05452677718244289,0.1991671086000045,3.5378061969923174,164.51798804232848,0.5454545454545454,0.0,0.5454545454545454,0.10098353162601709,1,0,0.45454545454545453,0.7652334132274835
1786839778.5592191,627,25.04,3,standing,standing,standing,0,0.0,0.75,0.024273136974115338,0.043059528146625926,0.05270921110843604,0.18597522691979887,3.6414371643648105,164.04740808945365,0.5151515151515151,0.0,0.5151515151515151,0.09817752762392537,0,0,0.48484848484848486,0.745095402635611
1786839778.608331,628,25.08,3,standing,standing,standing,0,0.0,0.75,0.030130791562562195,0.0465909277704201,0.045968208569543256,0.17551319183424693,3.711611159877522,163.7602385764875,0.48484848484848486,0.0,0.48484848484848486,0.0950360595650244,0,0,0.5151515151515151,0.7220189310740035
1786839778.639053,629,25.12,3,standing,standing,standing,0,0.0,0.75,0.032748158845743634,0.048228976514925984,0.04867691568345104,0.16928956592432515,3.92478435124569,163.4122663076398,0.45454545454545453,0.0,0.45454545454545453,0.09152476927217287,0,0,0.5454545454545454,0.6954584972370144
1786839778.6725583,630,25.16,3,standing,standing,standing,0,0.0,0.75,0.03301572739160505,0.04926625428348716,0.04634301903315961,0.16613919383655013,4.424895422682344,163.08984141293269,0.42424242424242425,0.0,0.42424242424242425,0.08808108196350432,0,0,0.5757575757575758,0.666069530735203
1786839778.8027515,631,25.2,3,standing,standing,standing,0,0.0,0.75,0.035654633165833186,0.047050415395072674,0.04390446206583621,0.1632085091411481,4.777355735838482,162.61172019466264,0.3939393939393939,0.0,0.3939393939393939,0.08488400018685709,0,0,0.6060606060606061,0.6351891529146866
1786839778.8324497,632,25.24,3,standing,standing,standing,0,0.0,0.75,0.036560541728007816,0.0449036809131191,0.0448030223936327,0.16341851130822188,4.83663405030636,161.73753601341838,0.36363636363636365,0.0,0.36363636363636365,0.08292076483459135,0,0,0.6363636363636364,0.6026708680615513
1786839778.8752182,633,25.28,3,standing,standing,standing,0,0.0,0.75,0.035484884138832815,0.03786250230924378,0.045950445592681945,0.16551726384058357,4.714845574764856,161.1749172687025,0.3333333333333333,0.0,0.3333333333333333,0.08142542203659095,0,0,0.6666666666666666,0.5683907958856088
1786839778.9919536,634,25.32,3,standing,standing,standing,0,0.0,0.75,0.03360350714661259,0.0328288820520763,0.0503687329163677,0.1626670272659195,4.334472487219122,161.19482388493435,0.30303030303030304,0.0,0.30303030303030304,0.0801696038164587,0,0,0.696969696969697,0.5329061006919428
1786839779.024227,635,25.36,3,standing,standing,standing,0,0.0,0.75,0.03608498383020342,0.04382499305096583,0.050007985630659904,0.1588678994119615,3.9151796656675715,161.26291920738686,0.2727272727272727,0.0,0.2727272727272727,0.07881041830476714,0,0,0.7272727272727273,0.4969889022991489
1786839779.0543287,636,25.4,3,standing,standing,standing,0,0.0,0.75,0.03520887725864884,0.048808813706882885,0.04964610066485824,0.15577901473847186,3.644043345452726,161.77674867828173,0.24242424242424243,0.0,0.24242424242424243,0.07729431346185571,0,0,0.7575757575757576,0.46142163953110593
1786839779.1133842,637,25.44,3,standing,standing,standing,0,0.0,0.75,0.033792225935366696,0.049932963729353415,0.05974102673041724,0.14833813921618572,3.5000029228215666,162.22256960504106,0.21212121212121213,0.0,0.21212121212121213,0.07611641797010184,0,0,0.7878787878787878,0.42654275446708073
1786839779.1890225,638,25.48,3,standing,standing,standing,0,0.0,0.75,0.03612002180992138,0.05093319827632029,0.06724008779212003,0.13572654648159896,3.6758612718231047,162.47450131862232,0.18181818181818182,0.0,0.18181818181818182,0.0751488315277414,0,0,0.8181818181818182,0.392710699906415
1786839779.221869,639,25.52,3,standing,standing,standing,0,0.0,0.75,0.03593919858525046,0.05141528031636118,0.07426231619291153,0.1508111261473891,3.982390694818607,163.1690618104398,0.15151515151515152,0.0,0.15151515151515152,0.07411774128917581,0,0,0.8484848484848485,0.3622609228757738
1786839779.380982,640,25.56,3,standing,standing,standing,0,0.0,0.75,0.03302468117325466,0.05564511727167863,0.13007292840672427,0.21463856652029958,4.563609255425422,164.1615959923956,0.12121212121212122,0.0,0.12121212121212122,0.07428356702897504,0,0,0.8787878787878788,0.3352783339570165
1786839779.4260774,641,25.6,3,walking,standing,standing,0,0.0,0.6,0.03602872685681612,0.0606918600906328,0.1621476751535348,0.2721473981547348,6.3870189739116565,163.76772812703564,0.09090909090909091,0.030303030303030304,0.12121212121212122,0.07507320533090091,0,0,0.8787878787878788,0.31337655915024365
1786839779.462032,642,25.64,3,walking,standing,standing,0,0.0,0.6,0.04642178807644588,0.06733734829069386,0.18614104978814847,0.31913068048052995,9.351379819669521,162.82983648867702,0.06060606060606061,0.06060606060606061,0.12121212121212122,0.07640875584956248,0,0,0.8787878787878788,0.29636063719270567
1786839779.5113878,643,25.68,3,walking,standing,standing,0,0.0,0.6,0.05713038140023426,0.07042069483097234,0.20513841536841737,0.39162126602266917,13.735551923575077,161.33224856211598,0.030303030303030304,0.09090909090909091,0.12121212121212122,0.07846313061646294,0,0,0.8787878787878788,0.28488990701571043
1786839779.5433393,644,25.72,3,standing,standing,standing,0,0.0,0.75,0.06096387280026757,0.05970123705532688,0.21460619077778717,0.4830864176029362,19.88504756336664,158.53827059481904,0.0,0.09090909090909091,0.09090909090909091,0.08087573987119556,0,0,0.9090909090909091,0.2784727797521384
1786839779.5869062,645,25.76,3,walking,walking,walking,0,0.0,0.6,0.07387429706857672,0.061545440314533004,0.2123744872882176,0.5691682370325325,26.918702788368996,156.23214625202928,0.0,0.12121212121212122,0.12121212121212122,0.08354290137728376,0,0,0.8787878787878788,0.2772859038666122
1786839779.6359398,646,25.8,3,walking,walking,walking,0,0.0,0.6,0.08044812451096348,0.06139180001020277,0.22129185056470657,0.6688239948881939,34.939172525094186,152.21396636547,0.0,0.15151515151515152,0.15151515151515152,0.08683204981723222,0,0,0.8484848484848485,0.2813132751862264
1786839779.6999085,647,25.84,3,bending,walking,walking,0,0.0,0.7239709394583043,0.08148576690557591,0.06333763120037281,0.2101552194458705,0.7650474473873974,43.438256367498255,147.93057942741143,0.030303030303030304,0.15151515151515152,0.18181818181818182,0.09020003639448988,0,0,0.8181818181818182,0.2900254139793838
1786839779.7303991,648,25.88,3,bending,walking,walking,0,0.0,0.8625784095430566,0.0815706883218577,0.06489421137262116,0.20404702914904377,0.8669119548955899,51.7547045725834,143.9651568730791,0.06060606060606061,0.15151515151515152,0.21212121212121213,0.09400879984537217,0,0,0.7878787878787878,0.30323928890200413
1786839779.7953184,649,25.92,3,bending,walking,walking,0,0.0,0.996085468043032,0.08221918981060047,0.06669219030247354,0.17528784966408942,0.9866689306022716,59.76512808258192,139.9772460248039,0.09090909090909091,0.15151515151515152,0.24242424242424243,0.09715752847719965,0,0,0.7575757575757576,0.32096862571700124
1786839779.825941,650,25.96,3,bending,walking,walking,0,0.0,1.0,0.07766721941788772,0.05967907367768556,0.14827366276259335,1.072935838637664,67.44319008428641,135.59970947450583,0.12121212121212122,0.15151515151515152,0.2727272727272727,0.09958998811453972,0,0,0.7272727272727273,0.34214822946325557
1786839779.8576949,651,26.0,3,bending,bending,bending,0,0.0,1.0,0.07127368368200984,0.05969391508577536,0.12756247203042353,1.154201542217921,73.91575315182047,132.86452142489568,0.15151515151515152,0.15151515151515152,0.30303030303030304,0.1014557262532956,0,0,0.696969696969697,0.3661113345786485
1786839779.909389,652,26.04,3,bending,bending,bending,0,0.0,1.0,0.061298493492163764,0.06202736741864244,0.11115856856453273,1.2161263320041924,79.03664002872759,130.2479406146158,0.18181818181818182,0.15151515151515152,0.3333333333333333,0.10293701103602654,0,0,0.6666666666666666,0.39223290858283283
1786839779.9628892,653,26.08,3,bending,bending,material_handling,1,1.0,1.0,0.06575904392760408,0.06622467217192357,0.11043729787512738,1.2388364554794724,81.67999134536471,127.65405072692553,0.21212121212121213,0.15151515151515152,0.36363636363636365,0.10461778334886351,1,0,0.6363636363636364,0.4195042187116038
1786839779.9961712,654,26.12,3,bending,bending,material_handling,1,1.0,1.0,0.060227135197989085,0.06410131791158086,0.1145277537997304,1.2291881757443475,81.6377017860161,127.23158586054487,0.24242424242424243,0.15151515151515152,0.3939393939393939,0.1063735780812959,1,0,0.6060606060606061,0.4470092474814508
1786839780.0536108,655,26.16,3,bending,bending,material_handling,1,1.0,1.0,0.05848108650454637,0.06448739645670346,0.11294692424996573,1.1998227942094688,79.59134604215618,127.80878957017714,0.2727272727272727,0.15151515151515152,0.42424242424242425,0.10790105352552667,1,0,0.5757575757575758,0.47441502321766404
1786839780.083282,656,26.2,3,bending,bending,material_handling,1,1.0,1.0,0.060581196730923326,0.06879182968938403,0.1175194525159035,1.1393732570840562,75.06008164965911,129.27181524575496,0.30303030303030304,0.15151515151515152,0.45454545454545453,0.10958503688332019,1,0,0.5454545454545454,0.500863684448161
1786839780.1258206,657,26.24,3,bending,bending,material_handling,1,1.0,1.0,0.062105055588308256,0.07973760252743428,0.11301863052735991,1.0568974375447646,68.15185180660099,130.73322622355818,0.3333333333333333,0.15151515151515152,0.48484848484848486,0.11114035858037567,1,0,0.5151515151515151,0.5259956574819038
1786839780.200628,658,26.28,3,bending,bending,material_handling,1,1.0,1.0,0.06692337196804,0.08036561764928415,0.11819926466004166,0.9487683004555428,60.340095173483654,132.07313379348753,0.36363636363636365,0.15151515151515152,0.5151515151515151,0.11300166770147686,1,0,0.48484848484848486,0.5482973742918482
1786839780.2518127,659,26.32,3,bending,bending,material_handling,1,1.0,0.865368544340814,0.0760980413443117,0.09004128115496532,0.12741243109173075,0.8586756373479789,51.92211266044884,134.46962391747803,0.3939393939393939,0.15151515151515152,0.5454545454545454,0.11521032388054618,1,0,0.45454545454545453,0.568282481223605
1786839780.3277514,660,26.36,3,bending,bending,material_handling,1,1.0,0.720838836608834,0.07919915284972294,0.0891223557043478,0.13341054204502856,0.7591123726848532,43.25033019653004,137.3529773483599,0.42424242424242425,0.15151515151515152,0.5757575757575758,0.11765581875741261,1,0,0.42424242424242425,0.5856502735195158
1786839780.4156222,661,26.4,3,walking,bending,material_handling,1,1.0,0.6,0.08561030167462406,0.08285368374969451,0.1319321706953778,0.6308506107529901,34.36984508378153,140.53327366558833,0.42424242424242425,0.18181818181818182,0.6060606060606061,0.12026078730668034,1,0,0.3939393939393939,0.599448377123114
1786839780.4462178,662,26.44,3,walking,bending,material_handling,1,1.0,0.6,0.0818503760029821,0.08344599623298365,0.12026839459494269,0.5230849099521779,25.9836588173596,144.23322689392575,0.42424242424242425,0.21212121212121213,0.6363636363636364,0.12243022606157401,1,0,0.36363636363636365,0.6101694481542611
1786839780.4772863,663,26.48,3,walking,bending,material_handling,1,1.0,0.6,0.0783797017171404,0.08220582155931239,0.11423141609999411,0.43688221481592554,18.996784880483382,148.66604514439874,0.42424242424242425,0.24242424242424243,0.6666666666666666,0.12448745021511445,1,0,0.3333333333333333,0.618373782123333
1786839780.5344706,664,26.52,3,walking,bending,material_handling,1,1.0,0.6,0.07577180890255279,0.09038395830725071,0.09102187094423513,0.3567379508283848,13.032760138613238,151.46779393245646,0.42424242424242425,0.2727272727272727,0.696969696969697,0.12591525048415686,1,0,0.30303030303030304,0.6242383106593099
1786839780.5833116,665,26.56,3,walking,walking,material_handling,1,1.0,0.6,0.07264452311434462,0.09376572048110447,0.0819740627611251,0.28913680476414705,8.260293278230213,153.84580012038327,0.42424242424242425,0.30303030303030304,0.7272727272727273,0.12704164564680814,1,0,0.2727272727272727,0.6280479559155501
1786839780.6183383,666,26.6,3,walking,walking,material_handling,1,1.0,0.6,0.07661987579031632,0.08461170471762504,0.08303645533819821,0.23351024253422414,4.990189308679488,156.25530494124786,0.42424242424242425,0.3333333333333333,0.7575757575757576,0.128165464123945,1,0,0.24242424242424243,0.6301083492092967
1786839780.6662893,667,26.64,3,walking,walking,material_handling,1,1.0,0.6,0.07974394242185541,0.076444028745961,0.07552749860205935,0.19974979888120845,3.458811216654196,158.99676652796092,0.42424242424242425,0.36363636363636365,0.7878787878787878,0.12892785096290535,1,0,0.21212121212121213,0.6312320695612752
1786839780.719505,668,26.68,3,walking,walking,material_handling,1,1.0,0.6,0.07728125221165857,0.06677085995870931,0.07262577478112554,0.1789202454082488,2.8364410265534175,161.61735187129383,0.42424242424242425,0.3939393939393939,0.8181818181818182,0.12961323851291948,1,0,0.18181818181818182,0.6318397164096475
1786839780.763859,669,26.72,3,walking,walking,material_handling,1,1.0,0.6,0.07399730739077098,0.061386964138368305,0.07516393091510579,0.18067213214094882,3.0323511077979792,163.03416280258512,0.42424242424242425,0.42424242424242425,0.8484848484848485,0.1303865060962603,1,0,0.15151515151515152,0.6325940533006317
1786839780.8348422,670,26.76,3,standing,walking,material_handling,1,1.0,0.75,0.07064601965851905,0.05866556355274813,0.07283100033924014,0.18587400664823092,3.3718054712456214,164.0716514768671,0.42424242424242425,0.42424242424242425,0.8484848484848485,0.13078317196319436,1,0,0.15151515151515152,0.6337315038288754
1786839780.8662035,671,26.8,3,standing,walking,material_handling,1,1.0,0.75,0.06474347923783713,0.05249839617720992,0.062144398914260934,0.18353936555813596,3.6955161500524945,164.46579790355253,0.42424242424242425,0.42424242424242425,0.8484848484848485,0.13062875714871375,1,0,0.15151515151515152,0.6351803771342251
1786839780.8956277,672,26.84,3,standing,walking,material_handling,1,1.0,0.75,0.060692791035258264,0.0496732509349985,0.05164401723804907,0.18848724435760428,3.683671764014244,164.40883798915326,0.42424242424242425,0.42424242424242425,0.8484848484848485,0.12994335415008154,1,0,0.15151515151515152,0.6363220776860498
1786839780.9525588,673,26.88,3,standing,walking,material_handling,1,1.0,0.75,0.05522442723081694,0.04404730950972437,0.05525601919433614,0.22680124068378937,3.392934291848621,164.0209594382713,0.42424242424242425,0.42424242424242425,0.8484848484848485,0.12767617508303947,1,0,0.15151515151515152,0.6366906435697919
1786839780.9833581,674,26.92,3,standing,standing,material_handling,1,1.0,0.75,0.050813258710629645,0.0341773309882207,0.06733282331050702,0.2582082801872933,3.3419694935330275,164.66779902031922,0.42424242424242425,0.3939393939393939,0.8181818181818182,0.12480299775446291,1,0,0.18181818181818182,0.6362682460556269
1786839781.0312672,675,26.96,3,standing,standing,material_handling,1,1.0,0.75,0.046152146725990634,0.02987441928928742,0.0758391729668295,0.28690114296838,3.39752328666045,165.39466877372155,0.42424242424242425,0.36363636363636365,0.7878787878787878,0.12146051663866535,1,0,0.21212121212121213,0.6352915934037436
1786839781.0804183,676,27.0,3,standing,standing,material_handling,1,1.0,0.75,0.04357959066402287,0.032795439844110895,0.08084333962704138,0.323866172240204,3.8262924837206667,165.46103029018508,0.42424242424242425,0.3333333333333333,0.7575757575757576,0.11769399919195699,1,0,0.24242424242424243,0.6332384087436691
1786839781.1107638,677,27.04,3,standing,standing,material_handling,1,1.0,0.75,0.03744032566653543,0.033395492833571655,0.0802786329387932,0.357274616443904,4.432933870518991,165.15253819802385,0.42424242424242425,0.3333333333333333,0.7575757575757576,0.11362346713622991,1,0,0.24242424242424243,0.629425929920668
1786839781.1440957,678,27.08,3,standing,standing,material_handling,1,1.0,0.75,0.034335655204796124,0.03480523517126359,0.0731376884297492,0.38371351491254,5.205163436277643,164.91056951440336,0.42424242424242425,0.30303030303030304,0.7272727272727273,0.10940417020112479,1,0,0.2727272727272727,0.6238060898564257
1786839781.2365787,679,27.12,3,standing,standing,material_handling,1,1.0,0.75,0.033687982177390066,0.03462058333492508,0.07298512363929743,0.4248960581812638,6.310302595287075,163.83211713598925,0.42424242424242425,0.2727272727272727,0.696969696969697,0.1049100269609609,1,0,0.30303030303030304,0.6164143341986401
1786839781.2685864,680,27.16,3,standing,standing,material_handling,1,1.0,0.75,0.03770650586159011,0.032633776807095345,0.0764810472372771,0.47030924583753786,7.9180072446516885,161.15875914448677,0.3939393939393939,0.2727272727272727,0.6666666666666666,0.10085929446979137,1,0,0.3333333333333333,0.607482873545614
1786839781.3108761,681,27.2,3,standing,standing,standing,0,0.0,0.75,0.04864758462488665,0.03220273807298029,0.08496478482629173,0.5190239216622624,9.927022155154294,157.361536669105,0.36363636363636365,0.2727272727272727,0.6363636363636364,0.09725074161152616,0,0,0.36363636363636365,0.5969408119324829
1786839781.438188,682,27.24,3,standing,standing,standing,0,0.0,0.75,0.05967564694763752,0.029553172913936207,0.08483369216959662,0.5697402042513516,12.529224108867975,151.9870601399072,0.3333333333333333,0.2727272727272727,0.6060606060606061,0.09450970653593548,0,0,0.3939393939393939,0.5843066081036672
1786839781.4712474,683,27.28,3,unknown,standing,standing,0,0.0,0.3,0.07108108225371024,0.028627801017763594,0.08353584997582902,0.6381212235947699,15.469206243018368,144.5570869514939,0.30303030303030304,0.2727272727272727,0.5757575757575758,0.09254795463330627,0,0,0.3939393939393939,0.5711304076478219
1786839781.5038598,684,27.32,3,carrying,standing,standing,0,0.0,0.7280507646159493,0.08090720257331369,0.03053352235830918,0.07793831977016584,0.7134179410265823,18.0660532889765,135.36560221823854,0.2727272727272727,0.2727272727272727,0.5757575757575758,0.09104419244360147,0,0,0.3939393939393939,0.5577733288238418
1786839781.5538244,685,27.36,3,walking,standing,standing,0,0.0,0.6,0.0854815010958187,0.035431284334178574,0.07162839196434544,0.7915703931128146,20.831446288346548,124.63272641835049,0.24242424242424243,0.30303030303030304,0.5757575757575758,0.08984630830420187,0,0,0.3939393939393939,0.544907997342285
1786839781.585296,686,27.4,3,walking,standing,standing,0,0.0,0.6,0.09277735779634659,0.03449220024217948,0.0813077874585468,0.8669488697105087,23.401167066096317,114.05670466591769,0.21212121212121213,0.3333333333333333,0.5757575757575758,0.08896359586733578,0,0,0.3939393939393939,0.5336386765614073
1786839781.6147141,687,27.44,3,walking,standing,standing,0,0.0,0.6,0.09218623188432043,0.03472442765812759,0.08387877115412971,0.9535498941794487,26.110632857325935,103.81671175761672,0.18181818181818182,0.36363636363636365,0.5757575757575758,0.0880348388174691,0,0,0.3939393939393939,0.525286001362471
1786839781.690503,688,27.48,3,walking,standing,standing,0,0.0,0.6,0.08877275946355961,0.034722815833129174,0.08806193242377165,1.0554079376236727,28.79460409627767,93.91169486456299,0.15151515151515152,0.3939393939393939,0.5757575757575758,0.08728074815606927,0,0,0.3939393939393939,0.5209097935871437
1786839781.723757,689,27.52,3,walking,walking,walking,0,0.0,0.6,0.08569416894740384,0.03776356755017907,0.08245752538259547,1.073022798076336,30.88426218986164,85.06207743560758,0.12121212121212122,0.42424242424242425,0.5757575757575758,0.08621826551566601,0,0,0.3939393939393939,0.5188991736172128
1786839781.7552533,690,27.56,3,walking,walking,walking,0,0.0,0.6,0.08415592287157243,0.03784277661743273,0.08259765868342334,1.0902525156797689,32.836818308332155,77.68013436651252,0.09090909090909091,0.45454545454545453,0.5757575757575758,0.08529641788403157,0,0,0.3939393939393939,0.5199099335606979
1786839781.8048637,691,27.6,3,walking,walking,walking,0,0.0,0.6,0.08148421139697579,0.035757464590366134,0.08034470206170906,1.1015393901237065,34.59056110076456,72.39094079354776,0.06060606060606061,0.48484848484848486,0.5757575757575758,0.08414930992650632,0,0,0.3939393939393939,0.5245393605203391
1786839781.8842602,692,27.64,3,bending,walking,walking,0,0.0,0.597810196952666,0.07557441000002516,0.03452363065109879,0.07452103317624154,1.1127048705474072,35.86861181715996,69.89877729349328,0.06060606060606061,0.48484848484848486,0.5757575757575758,0.08254654029270363,0,0,0.3939393939393939,0.5322372160718369
1786839781.9132912,693,27.68,3,bending,walking,walking,0,0.0,0.6095604628183339,0.07242403944242329,0.03503671260579442,0.08031617379257643,1.1149144982025585,36.573627769100035,70.51015654212723,0.06060606060606061,0.48484848484848486,0.5757575757575758,0.08093762004262933,0,0,0.3939393939393939,0.5430190986632827
1786839781.9608068,694,27.72,3,bending,walking,walking,0,0.0,0.6186505775603713,0.07197304924378785,0.030895579208017818,0.08374851323591465,1.1147084525333548,37.11903465362228,73.3373320293862,0.09090909090909091,0.45454545454545453,0.5757575757575758,0.07947750921052439,0,0,0.3939393939393939,0.5576814575051118
1786839781.990478,695,27.76,3,bending,walking,walking,0,0.0,0.6160555275340276,0.07063277676576152,0.030951144464787514,0.08519737447909542,1.0883301614912504,36.96333165204165,78.81382075659312,0.12121212121212122,0.42424242424242425,0.5757575757575758,0.07841475102519566,0,0,0.3939393939393939,0.5748101014911443
1786839782.0205994,696,27.8,3,bending,bending,bending,0,0.0,0.6031959596019578,0.07848371057281094,0.030043814406634124,0.09529972090539172,1.047041790601228,36.19175757611747,86.79109039935162,0.15151515151515152,0.3939393939393939,0.5757575757575758,0.07784106329202589,0,0,0.3939393939393939,0.5932997856058505
1786839782.0946505,697,27.84,3,walking,bending,bending,0,0.0,0.6,0.08318029762766156,0.029841674932714248,0.10370966982565823,0.9955308202823132,34.22293282609955,95.86350205366873,0.15151515151515152,0.3939393939393939,0.5757575757575758,0.07822554204600843,0,0,0.3939393939393939,0.6126571452862725
1786839782.1244695,698,27.88,3,walking,bending,bending,0,0.0,0.6,0.08544870302194957,0.028904286527678204,0.1075299284236757,0.9437979935988926,31.504513213422946,105.21898626465898,0.15151515151515152,0.3939393939393939,0.5757575757575758,0.07899996221760087,0,0,0.3939393939393939,0.6324953631297497
1786839782.1742618,699,27.92,3,unknown,bending,bending,0,0.0,0.3,0.07685338702156042,0.032879641192008924,0.10666425229019909,0.9178879465720764,28.362894502192866,114.57502102813112,0.15151515151515152,0.36363636363636365,0.5454545454545454,0.0797159560646312,0,0,0.3939393939393939,0.653234081433927
1786839782.224372,700,27.96,3,unknown,bending,bending,0,0.0,0.3,0.06832298923991077,0.035389997472677175,0.10841353349861428,0.8627447033193107,24.380290068979882,124.456338473057,0.15151515151515152,0.3333333333333333,0.5151515151515151,0.08071250257664801,0,0,0.3939393939393939,0.6733248361138695
1786839782.2767003,701,28.0,3,unknown,bending,bending,0,0.0,0.3,0.060569516375534344,0.03609703446228225,0.11200660397183398,0.8220971486897403,20.705804883823745,133.8445456928153,0.15151515151515152,0.30303030303030304,0.48484848484848486,0.0819058610369725,0,0,0.3939393939393939,0.6928150453042178
1786839782.3128545,702,28.04,3,unknown,bending,bending,0,0.0,0.3,0.04996806801207549,0.03312254729198751,0.10616468782772998,0.7757784254842464,17.20491310725047,142.14777782275797,0.15151515151515152,0.2727272727272727,0.45454545454545453,0.08284527791311264,0,0,0.3939393939393939,0.7108485693449238
1786839782.362896,703,28.08,3,standing,bending,bending,0,0.0,0.75,0.040649601204114455,0.03006994176439775,0.09880379717568094,0.7316079335814112,14.113168992123587,149.36477418211362,0.15151515151515152,0.2727272727272727,0.45454545454545453,0.08363233236270173,0,0,0.3939393939393939,0.7273859610701716
1786839782.392561,704,28.12,3,standing,bending,bending,0,0.0,0.75,0.03554095757630099,0.0285498697179429,0.08896903823310591,0.672109346583879,11.342207587683111,155.47186948712277,0.15151515151515152,0.2727272727272727,0.45454545454545453,0.08444520022084857,0,0,0.3939393939393939,0.7421911120103457
1786839782.4293249,705,28.16,3,standing,bending,bending,0,0.0,0.75,0.025125685415528693,0.032682111281135406,0.07737333274879056,0.6113453979778257,8.979000578125897,160.22211495844476,0.15151515151515152,0.2727272727272727,0.45454545454545453,0.08522487644844678,0,0,0.3939393939393939,0.7550049954533826
1786839782.4940116,706,28.2,3,standing,bending,bending,0,0.0,0.75,0.01827535709683338,0.033797534085155886,0.06196846896367248,0.5654866829348989,7.062350069540512,163.1497215991647,0.15151515151515152,0.2727272727272727,0.45454545454545453,0.08542828401721457,0,0,0.3939393939393939,0.7652681906731132
1786839782.5251365,707,28.24,3,standing,standing,standing,0,0.0,0.75,0.012501629036726502,0.031572868368720426,0.052796343997037344,0.5271897451228048,6.132518803917726,164.81661035497962,0.15151515151515152,0.2727272727272727,0.45454545454545453,0.08498778464407912,0,0,0.3939393939393939,0.7734191441560074
1786839782.5560937,708,28.28,3,standing,standing,standing,0,0.0,0.75,0.011292859712166111,0.025738681321483985,0.043684204032166246,0.4950575594910345,5.81278024390094,165.7684579801248,0.15151515151515152,0.2727272727272727,0.45454545454545453,0.08401339164605902,0,0,0.3939393939393939,0.7797269143536638
1786839782.6040037,709,28.32,3,standing,standing,standing,0,0.0,0.75,0.009575459794085861,0.020937771785370887,0.038355237785494864,0.471470803390314,6.15242274345484,166.26014263059355,0.15151515151515152,0.2727272727272727,0.45454545454545453,0.0827258734084364,0,0,0.3939393939393939,0.7841997819642732
1786839782.6344738,710,28.36,3,standing,standing,standing,0,0.0,0.75,0.011015105553053945,0.02024263930735217,0.02875847351101952,0.4397145214106362,7.027992481037964,166.50604777336372,0.15151515151515152,0.2727272727272727,0.45454545454545453,0.08116465645607963,0,0,0.3939393939393939,0.786697960902659
1786839782.6691556,711,28.4,3,idle,standing,standing,0,0.0,0.85,0.010917522312134388,0.018982862061075717,0.025553090843501824,0.4255776308692522,7.565571364208417,166.5514517392447,0.15151515151515152,0.2727272727272727,0.45454545454545453,0.07972269895346606,0,0,0.3939393939393939,0.7879665704771048
1786839782.767669,712,28.44,3,idle,standing,standing,0,0.0,0.85,0.010666962190232623,0.018786570392266198,0.02951851286557496,0.41703403129036487,8.076065030631952,166.59336174711194,0.15151515151515152,0.2727272727272727,0.45454545454545453,0.07840552893001992,0,0,0.3939393939393939,0.7877283272379867
1786839782.8075106,713,28.48,3,idle,standing,standing,0,0.0,0.85,0.010369920412524576,0.018610801752034126,0.026042308828980766,0.41066049486345113,8.504636310206381,166.74570283232572,0.15151515151515152,0.2727272727272727,0.45454545454545453,0.07687708231158671,0,0,0.3939393939393939,0.785920789329681
1786839782.8382125,714,28.52,3,idle,standing,standing,0,0.0,0.85,0.011330146919842887,0.013133552155132415,0.021320155403293833,0.40476984102072683,8.949811959466967,167.23716351348233,0.15151515151515152,0.2727272727272727,0.45454545454545453,0.07494845717755647,0,0,0.3939393939393939,0.7824585444617557
1786839782.8860471,715,28.56,3,idle,idle,idle,0,0.0,0.85,0.011606729613512496,0.011155115330588682,0.01826889068047467,0.39582623155362684,9.425865392388276,167.65597017807116,0.15151515151515152,0.2727272727272727,0.45454545454545453,0.07293134198091641,0,0,0.3939393939393939,0.7771884240769762
1786839782.9308088,716,28.6,3,idle,idle,idle,0,0.0,0.85,0.01112169574509591,0.010841648814671053,0.016918146960933387,0.39492171505230095,9.86306271473173,167.76913842070294,0.15151515151515152,0.2727272727272727,0.45454545454545453,0.07091262370773774,0,0,0.42424242424242425,0.7698187419999317
1786839782.9615965,717,28.64,3,idle,idle,idle,0,0.0,0.85,0.010275694962314338,0.010620434689533992,0.014749874751608705,0.3936796805652124,10.30341067173787,167.97427405711443,0.15151515151515152,0.2727272727272727,0.42424242424242425,0.06899782234353904,0,0,0.45454545454545453,0.7601297038041326
1786839783.0202909,718,28.68,3,idle,idle,idle,0,0.0,0.85,0.00998340905610435,0.01097703225897759,0.014889626229287323,0.387833029706814,10.674503499942904,168.27193145986743,0.15151515151515152,0.24242424242424243,0.3939393939393939,0.06727846580611303,0,0,0.48484848484848486,0.747895238246375
1786839783.08197,719,28.72,3,idle,idle,idle,0,0.0,0.85,0.008874056283975662,0.010574855514744326,0.015740777641958685,0.38468834401046953,10.959787129170088,168.27276136163522,0.15151515151515152,0.21212121212121213,0.36363636363636365,0.06529158672076188,0,0,0.5151515151515151,0.7332812829221312
1786839783.1373851,720,28.76,3,idle,idle,idle,0,0.0,0.85,0.008579734854108165,0.011494482287645451,0.015403561520583827,0.38144760380070564,11.220338897652269,168.28561931667113,0.15151515151515152,0.18181818181818182,0.3333333333333333,0.0632165803682302,0,0,0.5454545454545454,0.7159448498803512
1786839783.2515264,721,28.8,3,idle,idle,idle,0,0.0,0.85,0.007602238555124166,0.011031463215836042,0.012242965260151688,0.37787781254240543,11.44815702963877,168.2807970051842,0.15151515151515152,0.15151515151515152,0.30303030303030304,0.06091903590872657,0,0,0.5757575757575758,0.6954136339687976
1786839783.374151,722,28.84,3,idle,idle,idle,0,0.0,0.85,0.006023810706455595,0.010919080379642114,0.010660512948212054,0.3703914035944566,11.574165644097986,168.2658885597952,0.15151515151515152,0.12121212121212122,0.2727272727272727,0.058743368865260395,0,0,0.6060606060606061,0.6741217735299528
1786839783.4040918,723,28.88,3,idle,idle,idle,0,0.0,0.85,0.005247593917797686,0.01020277485937355,0.011373620735725206,0.3617934037591484,11.460141568204453,168.17686156694444,0.15151515151515152,0.09090909090909091,0.24242424242424243,0.056585064685027116,0,0,0.6363636363636364,0.6520472549869037
1786839783.4492235,724,28.92,3,idle,idle,idle,0,0.0,0.85,0.005591692027168193,0.010714997589629896,0.013949879264395948,0.35539927581927083,11.027896106069909,167.91417806298247,0.15151515151515152,0.06060606060606061,0.21212121212121213,0.054573100357835816,0,0,0.6666666666666666,0.6294369484928298
1786839783.4787338,725,28.96,3,idle,idle,idle,0,0.0,0.85,0.0065048603290736515,0.010908021547660641,0.014212024166532788,0.36152969569041865,10.214346114917454,167.58409744608997,0.12121212121212122,0.06060606060606061,0.18181818181818182,0.052745554630268886,0,0,0.696969696969697,0.6066740644062545
1786839783.507625,726,29.0,3,idle,idle,material_handling,1,1.0,0.85,0.00799587536964916,0.01158464777341557,0.01803052107452552,0.37883428145077774,9.228184398294813,167.37879666348633,0.09090909090909091,0.06060606060606061,0.15151515151515152,0.05085811060850976,0,1,0.7272727272727273,0.5843686032925642
1786839783.5684173,727,29.04,3,idle,idle,idle,0,0.0,0.85,0.008497445632565421,0.011318222446734163,0.021625311704520287,0.4073185094383239,8.760469685594114,167.1897286948289,0.06060606060606061,0.06060606060606061,0.12121212121212122,0.048975589349982654,0,0,0.7575757575757576,0.5629325444108966
1786839783.5981786,728,29.08,3,idle,idle,idle,0,0.0,0.85,0.010147000978082256,0.01142589956581954,0.03203022124982297,0.45812442553099986,9.133318123853723,166.52892965581358,0.030303030303030304,0.06060606060606061,0.09090909090909091,0.04736446349455016,0,0,0.7878787878787878,0.5438354008969497
1786839783.6313717,729,29.12,3,idle,idle,idle,0,0.0,0.85,0.013984617515716823,0.012923180878100356,0.047879427572066285,0.5096671588544773,10.600011473165742,165.8616108090203,0.0,0.06060606060606061,0.06060606060606061,0.04592748490869181,0,0,0.8181818181818182,0.5275513211470481
1786839783.681606,730,29.16,3,standing,idle,idle,0,0.0,0.75,0.021407219444820505,0.01909964648579726,0.07266603800334148,0.5803467616787774,13.067573750494365,164.10809422098046,0.0,0.030303030303030304,0.030303030303030304,0.044986768792864035,0,0,0.8484848484848485,0.5149699860378499
1786839783.7115242,731,29.2,3,standing,idle,idle,0,0.0,0.75,0.03264775879742185,0.019989805099963804,0.09903743289520466,0.6617815082038971,16.364268023601518,160.70390595651676,0.0,0.0,0.0,0.04472942044351642,0,0,0.8787878787878788,0.5064240319349713
1786839783.7634277,732,29.24,3,standing,idle,idle,0,0.0,0.75,0.04741001165381578,0.024957935924423427,0.12351892092940095,0.7537116425103915,20.28188222570195,155.64829284229276,0.0,0.0,0.0,0.0452401679780377,0,0,0.9090909090909091,0.5014489924179506
1786839783.8140266,733,29.28,3,standing,idle,idle,0,0.0,0.75,0.06201187891949203,0.029200120430846657,0.12844635570722993,0.8277325879205211,24.46234506151702,149.31455209603703,0.0,0.0,0.0,0.045847223196480595,0,0,0.9393939393939394,0.500388019224048
1786839783.843852,734,29.32,3,unknown,standing,standing,0,0.0,0.3,0.07170547033393031,0.0456173846124471,0.14645202776532118,0.9088585223159471,29.600787808474383,142.84737798423825,0.0,0.0,0.0,0.046891023917495354,0,0,0.9393939393939394,0.5030171517581754
1786839783.8855438,735,29.36,3,bending,standing,standing,0,0.0,0.5858485970610552,0.08401383156026576,0.05184957394967307,0.15731993044184509,1.0138089675829138,35.15091582366331,135.29731200957832,0.030303030303030304,0.0,0.030303030303030304,0.048441182784589754,0,0,0.9393939393939394,0.5102301984884381
1786839783.9494016,736,29.4,3,bending,standing,material_handling,1,1.0,0.679196317390849,0.09174861322952006,0.057132296493940235,0.17395062171116346,1.097506931317682,40.75177904345094,126.73822703029025,0.06060606060606061,0.0,0.06060606060606061,0.05071835928566498,0,1,0.9090909090909091,0.5213180469046886
1786839783.9804854,737,29.44,3,bending,standing,material_handling,1,1.0,0.7641594598799234,0.09344254976270723,0.06265059604042271,0.16947143013427002,1.1766953470575765,45.8495675927954,118.45574508062309,0.09090909090909091,0.0,0.09090909090909091,0.05315782570691238,0,1,0.8787878787878788,0.5366085317675281
1786839784.015458,738,29.48,3,bending,standing,standing,0,0.0,0.8348844740225411,0.0912310254896212,0.0679715289721597,0.16365012724804312,1.2383741118311224,50.093068441352465,110.5295009677632,0.12121212121212122,0.0,0.12121212121212122,0.055772274025071546,0,0,0.8484848484848485,0.5556094018842946
1786839784.073313,739,29.52,3,bending,bending,bending,0,0.0,0.8892250288575172,0.08804913153217192,0.06952854244267506,0.1489786560326536,1.2937302338189152,53.35350173145103,102.75570005519197,0.15151515151515152,0.0,0.15151515151515152,0.05840894636049521,0,0,0.8181818181818182,0.5776773882747194
1786839784.1028652,740,29.56,3,bending,bending,bending,0,0.0,0.9239612752871302,0.08282761020712384,0.07948264726435353,0.1355242876235289,1.3324829249355337,55.437676517227814,96.8946198262054,0.18181818181818182,0.0,0.18181818181818182,0.06091585374311616,0,0,0.7878787878787878,0.6020802119054081
1786839784.133228,741,29.6,3,bending,bending,bending,0,0.0,0.9399837856671281,0.07932484090675021,0.07981797332953186,0.12031628299101287,1.3448080421507433,56.39902714002769,93.62970855150935,0.21212121212121213,0.0,0.21212121212121213,0.06323803795399031,0,0,0.7575757575757576,0.6278302265314598
1786839784.232763,742,29.64,3,bending,bending,bending,0,0.0,0.9464273212280151,0.07810508596470804,0.08897429705156848,0.12760592636125664,1.327263952103571,56.78563927368091,91.59938753511764,0.24242424242424243,0.0,0.24242424242424243,0.06594260427446794,0,0,0.7272727272727273,0.6537633522500435
1786839784.2810802,743,29.68,3,bending,bending,bending,0,0.0,0.9466262881867029,0.07892850958469218,0.08140113537310406,0.12519042775574396,1.3060968391554229,56.797577291202174,92.28297660504585,0.2727272727272727,0.0,0.2727272727272727,0.06886478470612625,0,0,0.696969696969697,0.6800173618786733
1786839784.3125882,744,29.72,3,bending,bending,bending,0,0.0,0.9231717540019789,0.0779047953947244,0.07971206965184241,0.1424251222456144,1.2418225099469709,55.390305240118735,94.72234159775199,0.30303030303030304,0.0,0.30303030303030304,0.07240636141528117,0,0,0.6666666666666666,0.7047520551840587
1786839784.382887,745,29.76,3,bending,bending,bending,0,0.0,0.8876728824143346,0.08469808426853281,0.07816339008599887,0.14785303082054593,1.1504469560353972,53.26037294486008,99.13026224282848,0.3333333333333333,0.0,0.3333333333333333,0.07599225589876515,0,0,0.6363636363636364,0.7269766892672415
1786839784.42464,746,29.8,3,bending,bending,bending,0,0.0,0.8401166559651173,0.09243342264654249,0.07248863475239675,0.15208589779073176,1.0655449236956582,50.40699935790704,105.32154805574324,0.36363636363636365,0.0,0.36363636363636365,0.07981175859457577,0,0,0.6060606060606061,0.7468216719591265
1786839784.4557557,747,29.84,3,bending,bending,bending,0,0.0,0.7708836058683876,0.0954910393015343,0.06850103960765153,0.15786932343783908,0.961620542682871,46.25301635210325,112.44854880422974,0.3939393939393939,0.0,0.3939393939393939,0.08394961217138018,0,0,0.5757575757575758,0.7636959356458582
1786839784.517073,748,29.88,3,bending,bending,bending,0,0.0,0.6871509668769238,0.09584239370802032,0.06278477452887876,0.16357850044653016,0.8802780293124409,41.229058012615425,120.3138896399523,0.42424242424242425,0.0,0.42424242424242425,0.08835293367944247,0,0,0.5454545454545454,0.778376293153701
1786839784.5464797,749,29.92,3,bending,bending,bending,0,0.0,0.5907525504444469,0.09293177360731222,0.052442199080816196,0.1604920689304844,0.7842851067845817,35.44515302666681,128.82178214539175,0.45454545454545453,0.0,0.45454545454545453,0.09270365858761068,0,0,0.5151515151515151,0.7901751838122549
1786839784.6085696,750,29.96,3,walking,bending,bending,0,0.0,0.6,0.08297044623533427,0.047860233704419795,0.15823875605007096,0.6719633249587353,30.123907565071914,136.61859514543914,0.45454545454545453,0.030303030303030304,0.48484848484848486,0.09705180650574591,0,0,0.48484848484848486,0.7986080215211496
1786839784.6569562,751,30.0,3,unknown,bending,material_handling,1,1.0,0.3,0.06918507496935551,0.03419291911900641,0.14584508441622598,0.5462240824550839,25.354369347878993,143.44946053140205,0.45454545454545453,0.030303030303030304,0.48484848484848486,0.10102015372353194,1,0,0.45454545454545453,0.8034077503923094
1786839784.689051,752,30.04,3,standing,bending,material_handling,1,1.0,0.75,0.05874480683951994,0.02541521057517439,0.1266219412137173,0.4435327355566934,20.76699137579697,150.72372279893887,0.45454545454545453,0.030303030303030304,0.48484848484848486,0.10438018898328219,1,0,0.45454545454545453,0.805190913772498
1786839784.719083,753,30.08,3,standing,bending,material_handling,1,1.0,0.75,0.04584995217935308,0.020152596792998866,0.09087130645338005,0.342858700952586,16.559593571282917,156.26214799465254,0.45454545454545453,0.030303030303030304,0.48484848484848486,0.10666709034488207,1,0,0.45454545454545453,0.8040215530801307
1786839784.823897,754,30.12,3,standing,bending,material_handling,1,1.0,0.75,0.030848870026528957,0.015908466966641707,0.0576295402742993,0.264021453384398,13.058527209814297,160.25276642485576,0.45454545454545453,0.030303030303030304,0.48484848484848486,0.10804244110288656,1,0,0.45454545454545453,0.8005713603783728
1786839784.8529172,755,30.16,3,standing,bending,material_handling,1,1.0,0.75,0.019792880671093502,0.016483655622313978,0.04835428065468828,0.20145216954902675,10.148067308285267,163.48688741710345,0.45454545454545453,0.030303030303030304,0.48484848484848486,0.10918467648793127,1,0,0.45454545454545453,0.7954519896497235
1786839784.8834808,756,30.2,3,standing,standing,material_handling,1,1.0,0.75,0.01511991870915162,0.014172332651827026,0.028604267263594645,0.14024166679844535,8.003931976723099,165.94450932187905,0.45454545454545453,0.030303030303030304,0.48484848484848486,0.1097068172918061,1,0,0.45454545454545453,0.7887383006509143
1786839784.9291215,757,30.24,3,idle,standing,material_handling,1,1.0,0.85,0.012670039327546106,0.013116920132012589,0.022588182148239707,0.09940554975906979,7.124744591843533,167.21527257456358,0.45454545454545453,0.030303030303030304,0.48484848484848486,0.10996858404586199,1,0,0.45454545454545453,0.7809809150127264
1786839784.958785,758,30.28,3,idle,standing,material_handling,1,1.0,0.85,0.01403211269046393,0.015726861104644333,0.030451383334663826,0.09055269556128205,6.945086909777261,167.4810216947398,0.45454545454545453,0.030303030303030304,0.48484848484848486,0.11046068583883564,1,0,0.45454545454545453,0.7727694907663889
1786839785.0162416,759,30.32,3,standing,standing,material_handling,1,1.0,0.75,0.016261565093204686,0.014892808305012868,0.029562630468850333,0.09213428286735527,7.641176820943284,167.0299143734969,0.45454545454545453,0.030303030303030304,0.48484848484848486,0.11081014369926975,1,0,0.45454545454545453,0.7640816120214369
1786839785.0661697,760,30.36,3,standing,standing,material_handling,1,1.0,0.75,0.020160997701071593,0.01828206612233969,0.03628441002295158,0.0928144253930789,7.973439555329209,166.32145885367242,0.45454545454545453,0.030303030303030304,0.48484848484848486,0.11125435879982827,1,0,0.45454545454545453,0.7545511852321869
1786839785.109264,761,30.4,3,standing,standing,material_handling,1,1.0,0.75,0.023086254630029848,0.02712887347153021,0.0477874357256939,0.07621071902586614,7.949174778142222,164.7403364753065,0.45454545454545453,0.030303030303030304,0.48484848484848486,0.11173185014758193,1,0,0.45454545454545453,0.7429780426108192
1786839785.143724,762,30.44,3,standing,standing,material_handling,1,1.0,0.75,0.027143425535716945,0.027613471460681722,0.06056637519253077,0.08926406484725989,7.409486165340449,162.80862450391186,0.45454545454545453,0.030303030303030304,0.48484848484848486,0.11211630310577783,1,0,0.45454545454545453,0.7302385549136308
1786839785.2941005,763,30.48,3,standing,standing,material_handling,1,1.0,0.75,0.034464701870772045,0.03838775666383623,0.07587491680186058,0.11168754140575148,6.779578506290569,161.31069013105838,0.45454545454545453,0.030303030303030304,0.48484848484848486,0.1122135418572481,1,0,0.45454545454545453,0.7160367603599027
1786839785.3360643,764,30.52,3,walking,standing,material_handling,1,1.0,0.6,0.05672074327445312,0.0675053613025387,0.1107646487338655,0.16598543575096622,5.905977157636853,160.72685445509975,0.45454545454545453,0.06060606060606061,0.5151515151515151,0.11256891203417722,1,0,0.42424242424242425,0.701012636952238
1786839785.4185894,765,30.56,3,walking,standing,material_handling,1,1.0,0.6,0.07479630892333275,0.08757759856801511,0.14282692963481797,0.2126333253772448,5.130133008145505,159.15116164366242,0.45454545454545453,0.09090909090909091,0.5454545454545454,0.11315400320706864,1,0,0.3939393939393939,0.6846163243118398
1786839785.4787831,766,30.6,3,walking,standing,material_handling,1,1.0,0.6,0.09128140021410933,0.10271424683084382,0.14171039741007066,0.25292073747126376,4.485150156968407,158.23331235761208,0.45454545454545453,0.12121212121212122,0.5757575757575758,0.11355594386473049,1,0,0.36363636363636365,0.667197783389135
1786839785.5353322,767,30.64,3,walking,standing,material_handling,1,1.0,0.7808684522820174,0.09753256397916489,0.14055632141076313,0.13423497676335328,0.2906661069601526,3.693126699887558,156.73641801952198,0.45454545454545453,0.15151515151515152,0.6060606060606061,0.11318573019800417,1,0,0.36363636363636365,0.6484646798935049
1786839785.6202722,768,30.68,3,walking,walking,material_handling,1,1.0,0.9825531390488186,0.1072954691928333,0.17685956502878736,0.14810055428853686,0.3287304466004107,3.4780195077440097,156.53060754490284,0.42424242424242425,0.18181818181818182,0.6060606060606061,0.11290635516305544,1,0,0.36363636363636365,0.6277047247122168
1786839785.672397,769,30.72,3,walking,walking,material_handling,1,1.0,1.0,0.1159453242837002,0.18643770887896477,0.14836976820400194,0.36749002107174833,3.278934407360117,156.79606887210062,0.3939393939393939,0.21212121212121213,0.6060606060606061,0.11213117778405056,1,0,0.36363636363636365,0.6055830001593099
1786839785.7062294,770,30.76,3,walking,walking,material_handling,1,1.0,1.0,0.12103653748781021,0.19348919748918295,0.14328442619986098,0.4044765846545047,3.427695691943034,158.19257451532033,0.36363636363636365,0.24242424242424243,0.6060606060606061,0.11133763221028059,1,0,0.36363636363636365,0.582182431601641
1786839785.737888,771,30.8,3,walking,walking,material_handling,1,1.0,1.0,0.12806426881258728,0.21452351849642032,0.1366921859792945,0.42574558019801684,4.143524342809042,160.0324090756148,0.3333333333333333,0.2727272727272727,0.6060606060606061,0.1105207248991064,1,0,0.36363636363636365,0.5575573245824561
1786839785.9063892,772,30.84,3,walking,walking,material_handling,1,1.0,1.0,0.12835168493914473,0.21598647778277913,0.13482801712306766,0.43632862038775716,5.606592486206458,161.16951862946905,0.30303030303030304,0.30303030303030304,0.6060606060606061,0.11009191765942196,1,0,0.36363636363636365,0.5315754575087845
1786839785.9400136,773,30.88,3,walking,walking,material_handling,1,1.0,1.0,0.11617037958205523,0.19204912268107877,0.12407136523667336,0.4453827782048389,7.705727182298038,161.8224775600186,0.2727272727272727,0.3333333333333333,0.6060606060606061,0.1097448594052748,1,0,0.36363636363636365,0.5046936348805816
1786839785.992814,774,30.92,3,walking,walking,material_handling,1,1.0,0.9836074463044963,0.109368108028091,0.17704934033480932,0.11370013829130933,0.45442399006850726,10.621717637426078,160.59290126037084,0.24242424242424243,0.36363636363636365,0.6060606060606061,0.10954437017195047,1,0,0.36363636363636365,0.4777122999689987
1786839786.0736842,775,30.96,3,walking,walking,material_handling,1,1.0,0.9351882671395346,0.09715881377229978,0.16833388808511623,0.11955344098763951,0.4766347119119361,14.43968965781499,158.8583398028335,0.21212121212121213,0.3939393939393939,0.6060606060606061,0.10930035546365904,1,0,0.36363636363636365,0.4519356563268279
1786839786.1070592,776,31.0,3,carrying,walking,material_handling,1,1.0,0.6040720091838386,0.09986190117469981,0.14018821448604335,0.12136954694731553,0.5067866819730644,18.673588931644474,154.75801909215662,0.18181818181818182,0.3939393939393939,0.6060606060606061,0.10918457119673697,1,0,0.36363636363636365,0.42771413641221107
1786839786.139405,777,31.04,3,walking,walking,material_handling,1,1.0,0.672643469341303,0.10137364267863555,0.12107582448143453,0.13128444193571365,0.5473394429864137,23.651743003426482,150.30708785089496,0.15151515151515152,0.42424242424242425,0.6060606060606061,0.10884697482370967,1,0,0.36363636363636365,0.4066691949891638
1786839786.3105843,778,31.08,3,walking,walking,material_handling,1,1.0,0.6121095848099815,0.104326170937007,0.11017972526579667,0.13931457290853994,0.6062645469589167,29.05673498045784,144.51997238566423,0.12121212121212122,0.45454545454545453,0.6060606060606061,0.108588233674861,1,0,0.36363636363636365,0.3901788189565432
1786839786.4329724,779,31.12,3,walking,walking,walking,0,0.0,0.6,0.11550973974983725,0.09592488372014417,0.15561898028866983,0.6779661480513322,34.49677060061306,137.1533939004501,0.09090909090909091,0.48484848484848486,0.6060606060606061,0.10869529678085912,0,0,0.36363636363636365,0.3784340075733818
1786839786.4922745,780,31.16,3,bending,walking,walking,0,0.0,0.6705133783618987,0.11529672510206668,0.07964514338886901,0.15731032574882556,0.7557976368557593,40.23080270171393,128.49698833925783,0.09090909090909091,0.48484848484848486,0.6060606060606061,0.10867835745694962,0,0,0.36363636363636365,0.37219694982104506
1786839786.5429924,781,31.2,3,bending,walking,walking,0,0.0,0.7616189338147451,0.12870749333299916,0.07016797697854767,0.15808535360824522,0.8446570325125575,45.69713602888471,119.30173086116068,0.09090909090909091,0.48484848484848486,0.6060606060606061,0.10851189846185008,0,0,0.36363636363636365,0.3711175256755941
1786839786.5744872,782,31.24,3,bending,walking,walking,0,0.0,0.8439132875194338,0.12655674766869415,0.06727487139301275,0.150623041709969,0.9385665503444572,50.63479725116603,111.07277176277776,0.09090909090909091,0.48484848484848486,0.6060606060606061,0.10821283703092538,0,0,0.36363636363636365,0.3757927209349843
1786839786.606529,783,31.28,3,bending,walking,material_handling,1,1.0,0.9171965994719048,0.116913944576263,0.060976216705582176,0.14715402367297467,1.022769630529954,55.031795968314285,102.79602830769984,0.12121212121212122,0.45454545454545453,0.6060606060606061,0.10787693604980124,1,0,0.36363636363636365,0.386423215043203
1786839786.6556122,784,31.32,3,bending,bending,material_handling,1,1.0,0.9931394489953327,0.12397111104127248,0.05753372187642372,0.14808185859875617,1.100720456815856,59.58836693971996,96.698713107383,0.15151515151515152,0.45454545454545453,0.6363636363636364,0.10794471708563548,1,0,0.36363636363636365,0.40322613547837793
1786839786.784502,785,31.36,3,bending,bending,material_handling,1,1.0,1.0,0.1305505929050711,0.04874872308774262,0.16270502536972817,1.1627841429825208,63.028945896243386,93.83058444287403,0.18181818181818182,0.45454545454545453,0.6666666666666666,0.10903814387824189,1,0,0.3333333333333333,0.4250216326730999
1786839786.814256,786,31.4,3,bending,bending,material_handling,1,1.0,1.0,0.12982772012563398,0.03626248556632282,0.168789648125604,1.1924476747090655,65.43752274454664,92.94884250452854,0.21212121212121213,0.45454545454545453,0.696969696969697,0.11139930574709718,1,0,0.30303030303030304,0.45076675308996295
1786839786.86591,787,31.44,3,bending,bending,material_handling,1,1.0,1.0,0.13122251148774428,0.03788876679678691,0.16525534188951002,1.2034270052690257,66.83571645968819,93.61035034084145,0.24242424242424243,0.45454545454545453,0.7272727272727273,0.11466069367483082,1,0,0.2727272727272727,0.47923358799555776
1786839786.897056,788,31.48,3,bending,bending,material_handling,1,1.0,1.0,0.13653738507275537,0.062021800961493095,0.16591001471469805,1.1798490819504752,65.7168735794695,94.9610651640226,0.2727272727272727,0.45454545454545453,0.7575757575757576,0.11822298864634626,1,0,0.24242424242424243,0.5088819792804502
1786839786.939603,789,31.52,3,bending,bending,material_handling,1,1.0,1.0,0.1368863708582782,0.06436604584059204,0.18107738892039166,1.1245072688997109,62.670918159701344,98.94749316974898,0.30303030303030304,0.45454545454545453,0.7878787878787878,0.12284338627230984,1,0,0.21212121212121213,0.5387082096471552
1786839786.9886885,790,31.56,3,bending,bending,material_handling,1,1.0,0.9681029766565323,0.12289743881007241,0.0847695987937051,0.18381089070670567,1.0488770270091687,58.08617859939194,104.96943442710214,0.3333333333333333,0.45454545454545453,0.8181818181818182,0.1277289228952936,1,0,0.18181818181818182,0.5674800725941278
1786839787.0210748,791,31.6,3,bending,bending,material_handling,1,1.0,0.8825553614856568,0.1227953012275592,0.10344376434244842,0.19135070491424305,0.9646173659392275,52.95332168913941,112.95543615595045,0.36363636363636365,0.45454545454545453,0.8484848484848485,0.13260465991285664,1,0,0.15151515151515152,0.5939668807873989
1786839787.051934,792,31.64,3,bending,bending,material_handling,1,1.0,0.7888778412448836,0.12990980601375854,0.10457799218664998,0.19111602923657392,0.8758764857441144,47.33267047469302,121.68964568440515,0.3939393939393939,0.45454545454545453,0.8787878787878788,0.13750021745127253,1,0,0.12121212121212122,0.6177166445109371
1786839787.101053,793,31.68,3,bending,bending,material_handling,1,1.0,0.6887140646547244,0.1209516396121264,0.10407759963215917,0.19156708447438284,0.7969927550285141,41.32284387928346,131.12930676834623,0.42424242424242425,0.45454545454545453,0.9090909090909091,0.14220575304070984,1,0,0.09090909090909091,0.639055381772617
1786839787.1632845,794,31.72,3,walking,bending,material_handling,1,1.0,0.6,0.10597297391748665,0.10104373443198796,0.17320991867415356,0.7227074611846467,34.10654786798194,139.4909505449485,0.42424242424242425,0.48484848484848486,0.9393939393939394,0.1460064343421783,1,0,0.06060606060606061,0.6586461921410649
1786839787.2007995,795,31.76,3,walking,bending,material_handling,1,1.0,0.6,0.09395815254696233,0.09987067618843286,0.14643136610370405,0.6445403209753561,26.902268679982956,145.96816928915842,0.42424242424242425,0.5151515151515151,0.9696969696969697,0.148608403763729,1,0,0.030303030303030304,0.6754727453570677
1786839787.249301,796,31.8,3,walking,bending,material_handling,1,1.0,0.6,0.07774554640314917,0.09844390706771372,0.132663970184001,0.5888223427611979,20.14521727790605,152.35132770006186,0.42424242424242425,0.5454545454545454,1.0,0.1503292841692484,1,0,0.0,0.6899313757011722
1786839787.2796202,797,31.84,3,carrying,bending,material_handling,1,1.0,0.6207458060861245,0.052359429120696764,0.07181217415451298,0.10808748332120889,0.5345763434768742,13.828242896588606,157.8682938157678,0.42424242424242425,0.5151515151515151,1.0,0.15024815794462246,1,0,0.0,0.7011007971474118
1786839787.3103616,798,31.88,3,walking,walking,material_handling,1,1.0,0.6,0.04090847045123772,0.06438186831574456,0.083634346433758,0.493957705744135,9.330052906853,163.0143639626683,0.42424242424242425,0.5151515151515151,1.0,0.14845444330216612,1,0,0.0,0.7096257783706509
1786839787.3774998,799,31.92,3,standing,walking,material_handling,1,1.0,0.75,0.03457518401611187,0.041833424129939886,0.06869481004135239,0.4680862028844593,6.602466523072854,166.8121962382662,0.42424242424242425,0.48484848484848486,0.9696969696969697,0.14624184974553822,1,0,0.030303030303030304,0.7161459439892327
1786839787.4091258,800,31.96,3,standing,walking,material_handling,1,1.0,0.75,0.027335807184900456,0.02024315321599017,0.05616631926581983,0.45506938386552925,4.876028110784435,168.7430247999118,0.42424242424242425,0.45454545454545453,0.9393939393939394,0.1438761328516736,1,0,0.06060606060606061,0.7211278614712137
1786839787.440133,801,32.0,3,standing,walking,material_handling,1,1.0,0.75,0.018803703987028506,0.019490501057737412,0.04754876062335426,0.4475333753385926,3.4650834966059714,169.70364658932368,0.42424242424242425,0.42424242424242425,0.9090909090909091,0.14082910880121352,1,0,0.09090909090909091,0.7247279502208557
1786839787.488862,802,32.04,3,idle,walking,material_handling,1,1.0,0.85,0.013929488265047994,0.01618253797411219,0.032868453748194346,0.4426679805245003,2.6134750343518647,169.98824004930165,0.42424242424242425,0.3939393939393939,0.8787878787878788,0.13732906896921937,1,0,0.12121212121212122,0.7270060702042724
1786839787.5199656,803,32.08,3,idle,standing,material_handling,1,1.0,0.85,0.009022026990751572,0.014799893660840453,0.028052241660760993,0.4338500543657545,2.0792017407679326,170.06289366975776,0.42424242424242425,0.36363636363636365,0.8484848484848485,0.13383718458924662,1,0,0.15151515151515152,0.7278961753470375
1786839787.5685616,804,32.12,3,idle,standing,material_handling,1,1.0,0.85,0.007346782775844635,0.011212535452203111,0.02078630288761587,0.4238285256352716,2.0125589965120128,169.93894215645366,0.42424242424242425,0.3333333333333333,0.8181818181818182,0.13032488510162,1,0,0.18181818181818182,0.7278380827845301
1786839787.6419065,805,32.16,3,idle,standing,material_handling,1,1.0,0.85,0.006384131727700013,0.009006357039432181,0.01854229473600107,0.41940855581599823,2.0324565229517377,169.90066595555965,0.42424242424242425,0.30303030303030304,0.7878787878787878,0.12680107533231494,1,0,0.21212121212121213,0.7273253535550829
1786839787.672689,806,32.2,3,idle,idle,material_handling,1,1.0,0.85,0.00639886264054306,0.009021068201357653,0.016109775382259727,0.41718187474856716,2.165857387974385,169.61006795482118,0.42424242424242425,0.2727272727272727,0.7575757575757576,0.12352951200339334,1,0,0.24242424242424243,0.7264707807230746
1786839787.706388,807,32.24,3,idle,idle,material_handling,1,1.0,0.85,0.005774958865143762,0.008595868376107837,0.015661044487310493,0.41761753283080816,2.266135143851679,169.43118456169262,0.42424242424242425,0.24242424242424243,0.7272727272727273,0.1205586303729691,1,0,0.2727272727272727,0.7253554335340535
1786839787.8122094,808,32.28,3,idle,idle,material_handling,1,1.0,0.85,0.005252978188207304,0.007673665812132542,0.01625681648814286,0.4168979471756146,2.2327169656623824,169.07158973116134,0.42424242424242425,0.21212121212121213,0.696969696969697,0.11742842963056013,1,0,0.30303030303030304,0.7235452285420436
1786839787.84428,809,32.32,3,idle,idle,material_handling,1,1.0,0.85,0.005299382879863061,0.007171027201066884,0.016414985530759943,0.41253464866135775,2.1643873411967496,168.77319751238628,0.42424242424242425,0.21212121212121213,0.6666666666666666,0.11424798837551298,1,0,0.3333333333333333,0.7206891063204768
1786839787.8748963,810,32.36,3,idle,idle,material_handling,1,1.0,0.85,0.007325617875161311,0.007391286808178108,0.029161160553444827,0.4151918556689975,1.9727716103014454,168.46489638700638,0.42424242424242425,0.18181818181818182,0.6363636363636364,0.11115334348514122,1,0,0.36363636363636365,0.7166846339775248
1786839787.9245234,811,32.4,3,idle,idle,material_handling,1,1.0,0.85,0.007681817826451652,0.011313944130390663,0.0452486835864645,0.42622018707980314,1.726197282600685,168.81394759995518,0.42424242424242425,0.15151515151515152,0.6060606060606061,0.10830286199053286,1,0,0.3939393939393939,0.7112287442842183
1786839787.9946907,812,32.44,3,idle,idle,material_handling,1,1.0,0.85,0.009113493108890688,0.013741129852397829,0.051205993421899215,0.44193175923126693,1.5133177834499407,169.11674781304717,0.42424242424242425,0.12121212121212122,0.5757575757575758,0.10513883208547921,1,0,0.42424242424242425,0.7040761870472466
1786839788.0353873,813,32.48,3,idle,idle,material_handling,1,1.0,0.85,0.011246354356285956,0.015732307379385926,0.053522818706356314,0.457998121419918,1.426056077779873,169.19537565438083,0.3939393939393939,0.12121212121212122,0.5454545454545454,0.10199375611449528,1,0,0.45454545454545453,0.6950519593067666
1786839788.080974,814,32.52,3,standing,idle,idle,0,0.0,0.75,0.015670222050630886,0.018418629059466132,0.06581604306330852,0.474241543225913,1.3818839580967361,169.10048003811283,0.36363636363636365,0.12121212121212122,0.5151515151515151,0.09919771640101235,0,0,0.48484848484848486,0.6838272475102015
1786839788.1105196,815,32.56,3,standing,idle,idle,0,0.0,0.75,0.01637613959899922,0.025874009191994552,0.06893551985304275,0.49439431474385875,1.5203708454857616,168.97970748467986,0.3333333333333333,0.12121212121212122,0.48484848484848486,0.09672233695080246,0,0,0.5151515151515151,0.6703674827950318
1786839788.138457,816,32.6,3,standing,idle,idle,0,0.0,0.75,0.01636402637808025,0.03505249226385981,0.08817460099181441,0.4988956557537,1.8740069847880432,169.45533914818103,0.30303030303030304,0.12121212121212122,0.45454545454545453,0.09493508171804006,0,0,0.5454545454545454,0.6544925138624181
1786839788.211425,817,32.64,3,walking,idle,idle,0,0.0,0.6,0.01738991282966982,0.06881020489624347,0.17340997880328904,0.5099330363274543,2.133732032365016,169.99012425450545,0.2727272727272727,0.15151515151515152,0.45454545454545453,0.09570260051211679,0,0,0.5454545454545454,0.636589864756709
1786839788.2431455,818,32.68,3,walking,standing,standing,0,0.0,0.622618446232028,0.0214933828137195,0.11207132032176505,0.28010862586084506,0.5316478638329973,2.33852652643134,171.09135595163565,0.24242424242424243,0.18181818181818182,0.45454545454545453,0.09926028537548398,0,0,0.5454545454545454,0.6174645229642993
1786839788.276521,819,32.72,3,walking,standing,material_handling,1,1.0,0.632515351350974,0.024262716125466377,0.11385276324317532,0.27691975392939105,0.5556998465680865,2.5809536730588505,172.08362576994804,0.21212121212121213,0.21212121212121213,0.45454545454545453,0.102536955248326,1,0,0.5454545454545454,0.5981691342327543
1786839788.3271217,820,32.76,3,walking,standing,material_handling,1,1.0,0.655813045684435,0.0392781524279454,0.1180463482231983,0.28239683764795237,0.5734879420553991,2.885863776495424,173.06076312694861,0.18181818181818182,0.24242424242424243,0.45454545454545453,0.10608669754403638,1,0,0.5454545454545454,0.5790800717111294
1786839788.365542,821,32.8,3,walking,walking,material_handling,1,1.0,0.6520457851580231,0.05774318735522985,0.11736824132844416,0.30532713665285066,0.5912974298942129,3.891857442812685,172.66324105422706,0.15151515151515152,0.2727272727272727,0.45454545454545453,0.11031145881488948,1,0,0.5454545454545454,0.5612451731639698
1786839788.396765,822,32.84,3,walking,walking,material_handling,1,1.0,0.7357871675155253,0.07885550783849091,0.13244169015279456,0.3393560269028431,0.5959890667425202,5.26528486004692,172.63140893838946,0.12121212121212122,0.30303030303030304,0.45454545454545453,0.11510778117799408,1,0,0.5454545454545454,0.5452294700682975
1786839788.4492235,823,32.88,3,walking,walking,walking,0,0.0,0.8113136419564854,0.09294552879854479,0.14603645555216735,0.43067363127248054,0.6934610641381697,7.337407145532043,172.05118957280706,0.09090909090909091,0.3333333333333333,0.45454545454545453,0.12258847028604786,0,0,0.5454545454545454,0.5344592893752368
1786839788.4801145,824,32.92,3,walking,walking,walking,0,0.0,1.0,0.12313852111063602,0.2006606714988363,0.5238577677879687,0.9731774116673512,12.594997339309206,171.6283882128136,0.06060606060606061,0.36363636363636365,0.45454545454545453,0.13266444188828197,0,0,0.5454545454545454,0.5347186847003316
1786839788.512217,825,32.96,3,walking,walking,walking,0,0.0,1.0,0.19726727045815728,0.2618901012361235,0.6158338086005493,1.459733535773866,20.58928403913159,169.83834117692737,0.030303030303030304,0.3939393939393939,0.45454545454545453,0.14553467762658423,0,0,0.5454545454545454,0.5524113225800209
1786839788.5823972,826,33.0,3,walking,walking,walking,0,0.0,1.0,0.3490001061697022,0.5238849230970222,0.7644343854774376,2.549626875279139,22.88350791704242,168.4399198384406,0.0,0.42424242424242425,0.45454545454545453,0.162894292808495,0,0,0.5454545454545454,0.6055214474361005
1786839788.613098,827,33.04,3,walking,walking,walking,0,0.0,1.0,0.4563520861777699,0.5909921395025569,0.7823985087668999,3.8836305027630056,27.027031007266952,168.38124051726263,0.0,0.42424242424242425,0.45454545454545453,0.1813545531143358,0,0,0.5454545454545454,0.7013069941505963
1786839788.666611,828,33.08,3,walking,walking,walking,0,0.0,1.0,0.4740987032897914,0.6071345854475434,0.8124521595832896,4.787035621570762,33.95462275772958,167.50346200524223,0.0,0.42424242424242425,0.45454545454545453,0.20153700140159594,0,0,0.5454545454545454,0.8268371547746994
1786839788.718828,829,33.12,3,bending,walking,walking,0,0.0,0.6374354085157614,0.4983907175066593,0.6252448581406969,0.8266479215500094,5.410654924740481,38.246124510945684,167.12700178482186,0.030303030303030304,0.3939393939393939,0.45454545454545453,0.2225668181096568,0,0,0.5454545454545454,0.9729532936225563
1786839788.7475605,830,33.16,3,bending,walking,walking,0,0.0,0.7297271102420032,0.5206043156292363,0.6571430497272368,0.8441798367673248,5.915171109366438,43.783626614520195,167.0394102888161,0.06060606060606061,0.3939393939393939,0.45454545454545453,0.2448726470019634,0,0,0.5454545454545454,1.1360016198616343
1786839788.809006,831,33.2,3,bending,walking,walking,0,0.0,0.8007898386412741,0.5917571623238579,0.7804580502081022,0.9182705713581419,6.552951168021056,48.047390318476445,167.29109043503144,0.09090909090909091,0.36363636363636365,0.45454545454545453,0.2701646538178538,0,0,0.5454545454545454,1.3196074823548742
1786839788.885496,832,33.24,3,bending,walking,material_handling,1,1.0,0.8947627336630316,0.7391070308251864,0.9899017056891063,1.2873443324348424,7.662200166971656,53.6857640197819,167.1557019075895,0.12121212121212122,0.36363636363636365,0.48484848484848486,0.3070934272237171,1,0,0.5151515151515151,1.5376109358120622
1786839788.9173512,833,33.28,3,bending,bending,material_handling,1,1.0,0.890029449714235,0.715640330509169,0.9522999275249752,1.2490997826947432,7.646676190359369,53.4017669828541,167.44253138858915,0.15151515151515152,0.36363636363636365,0.5151515151515151,0.3432429261155027,1,0,0.48484848484848486,1.755538414796724
1786839788.9476907,834,33.32,3,bending,bending,material_handling,1,1.0,0.8197771118637835,0.6603037836957282,0.8863318659975444,1.1930045520495867,7.389571761321266,49.18662671182701,168.06360692950787,0.18181818181818182,0.36363636363636365,0.5454545454545454,0.3779537076738734,1,0,0.45454545454545453,1.9659032143719564
1786839789.0417557,835,33.36,3,bending,bending,material_handling,1,1.0,0.7012590643023658,0.5232422561022975,0.5938675511590177,0.9947184774713382,6.903268844503735,42.07554385814195,170.36725251270974,0.21212121212121213,0.36363636363636365,0.5757575757575758,0.4071006780897262,1,0,0.42424242424242425,2.1616789981289033
1786839789.0731387,836,33.4,3,bending,bending,material_handling,1,1.0,0.666173428569014,0.4243126771651461,0.4862621460360923,0.8873571509549855,5.833303003582385,39.97040571414084,171.7728603952668,0.24242424242424243,0.36363636363636365,0.6060606060606061,0.4331402207956118,1,0,0.3939393939393939,2.325298784468801
1786839789.1083872,837,33.44,3,bending,bending,material_handling,1,1.0,0.5954495793805468,0.41320287296309427,0.47423441391296467,0.8545934877239412,4.508509321897516,35.7269747628328,171.24472659937658,0.2727272727272727,0.36363636363636365,0.6363636363636364,0.4584071051845914,1,0,0.36363636363636365,2.4490769904161414
1786839789.1573722,838,33.48,3,walking,bending,material_handling,1,1.0,1.0,0.37977160828621703,0.4519454964016988,0.824263457727704,3.5981299112727454,28.717483252096446,171.35194658616538,0.2727272727272727,0.3939393939393939,0.6666666666666666,0.48282289800252176,1,0,0.3333333333333333,2.5454018799754365
1786839789.1887102,839,33.52,3,walking,bending,material_handling,1,1.0,1.0,0.34055063237347905,0.418261634598131,0.7795444366048231,2.9671355699784683,24.081192010390676,171.16483097335976,0.2727272727272727,0.42424242424242425,0.696969696969697,0.5059572816759328,1,0,0.30303030303030304,2.6226732040733127
1786839789.2736304,840,33.56,3,walking,bending,material_handling,1,1.0,1.0,0.2488042214463054,0.27951592458387825,0.6710984014979183,2.4549582743931024,18.236074600138192,171.15725823261977,0.2727272727272727,0.45454545454545453,0.7272727272727273,0.5258190197671634,1,0,0.2727272727272727,2.684410802302473
1786839789.3225844,841,33.6,3,walking,bending,material_handling,1,1.0,0.6,0.08474503877872931,0.05413713665217433,0.20231843026879748,1.7944008855140552,13.007207709864494,171.6929035330861,0.2727272727272727,0.48484848484848486,0.7575757575757576,0.5314572504877891,1,0,0.24242424242424243,2.726153315585456
1786839789.354249,842,33.64,3,carrying,walking,material_handling,1,1.0,0.7030332538773733,0.08035666681928005,0.033272221274669216,0.14905598626991423,0.6717220897956222,5.987500108880015,172.24214136166697,0.2727272727272727,0.48484848484848486,0.7878787878787878,0.5354766747526122,1,0,0.21212121212121213,2.734007480468313
1786839789.3861942,843,33.68,3,standing,walking,material_handling,1,1.0,0.75,0.06525498989638347,0.030283179393427048,0.09950004165511771,0.5767204020146068,4.120744238247655,173.0280583505011,0.2727272727272727,0.48484848484848486,0.7878787878787878,0.5376081559981173,1,0,0.21212121212121213,2.738902284903028
1786839789.4501739,844,33.72,3,standing,walking,material_handling,1,1.0,0.75,0.0513606784578763,0.02779267805012622,0.06560503603828799,0.5391917795775226,2.9870425245119,173.5131168230145,0.2727272727272727,0.48484848484848486,0.7878787878787878,0.5382250151633241,1,0,0.21212121212121213,2.742325666493868
1786839789.4836075,845,33.76,3,standing,walking,material_handling,1,1.0,0.75,0.03944830134411732,0.026980295635666066,0.04975640345328442,0.5192495035995385,1.8093211762764614,173.71822661539943,0.2727272727272727,0.48484848484848486,0.7878787878787878,0.5381810881945782,1,0,0.21212121212121213,2.7446686284444217
1786839789.5235434,846,33.8,3,standing,walking,material_handling,1,1.0,0.75,0.027561770901476306,0.024282557010438466,0.043258255953498984,0.495058693547146,1.2620064015002337,173.82914143324007,0.2727272727272727,0.48484848484848486,0.7878787878787878,0.537870040838431,1,0,0.21212121212121213,2.745791676084641
1786839789.663951,847,33.84,3,standing,standing,material_handling,1,1.0,0.75,0.022412312292132294,0.02671350364592299,0.03786332783158575,0.47582072765895755,1.182250957809742,174.38929102679825,0.2727272727272727,0.48484848484848486,0.7878787878787878,0.5370229888617122,1,0,0.21212121212121213,2.7458395301583693
1786839789.7317598,848,33.88,3,standing,standing,material_handling,1,1.0,0.75,0.021184153416670112,0.03337875933493442,0.037335411742043904,0.46271620384822654,1.2223708004983629,174.66831128658333,0.2727272727272727,0.48484848484848486,0.7878787878787878,0.5360654098280456,1,0,0.21212121212121213,2.744879587403956
1786839789.7830572,849,33.92,3,standing,standing,material_handling,1,1.0,0.75,0.019952895074185534,0.04020841804883978,0.03827758885402048,0.4539422106729577,1.3944984692199167,175.04904899691925,0.2727272727272727,0.48484848484848486,0.7878787878787878,0.5345533791572031,1,0,0.21212121212121213,2.743517361795449
1786839789.8414676,850,33.96,3,standing,standing,material_handling,1,1.0,0.75,0.025300870629530542,0.04734775199925243,0.0412267949807615,0.44698252737085353,1.431636831676248,175.16116140820944,0.2727272727272727,0.45454545454545453,0.7575757575757576,0.5305478281322782,1,0,0.24242424242424243,2.7416097706149456
1786839789.8910475,851,34.0,3,standing,standing,material_handling,1,1.0,0.75,0.029153153408370047,0.04504692145512368,0.04297877956550914,0.4465024652776573,1.422816152728347,175.3050558788293,0.2727272727272727,0.42424242424242425,0.7272727272727273,0.5233620752142376,1,0,0.2727272727272727,2.73902960702236
1786839789.9285476,852,34.04,3,standing,standing,material_handling,1,1.0,0.75,0.034942475318063666,0.04807939068900033,0.046909743145407815,0.4438717249907576,1.4930003107302514,175.69633866467433,0.2727272727272727,0.3939393939393939,0.696969696969697,0.5163920748874504,1,0,0.30303030303030304,2.7356408760654705
1786839789.990744,853,34.08,3,standing,standing,material_handling,1,1.0,0.75,0.04699236133932107,0.049611513939048196,0.05638707328584407,0.44614841916808795,1.4340829699841147,175.88979905386594,0.2727272727272727,0.36363636363636365,0.6666666666666666,0.5095432941492046,1,0,0.3333333333333333,2.7317821026446434
1786839790.0227616,854,34.12,3,standing,standing,material_handling,1,1.0,0.75,0.055095883009321514,0.05320770886098264,0.06821794546380901,0.4482784558149592,1.4658458912296688,175.81509631112414,0.2727272727272727,0.3333333333333333,0.6363636363636364,0.502358167143476,1,0,0.36363636363636365,2.727448194339211
1786839790.1204026,855,34.16,3,standing,standing,material_handling,1,1.0,0.75,0.06025862747578378,0.05506720620173851,0.07254304819341337,0.4551459058964641,1.4741663516334003,175.62978335411194,0.2727272727272727,0.30303030303030304,0.6060606060606061,0.4942729253644025,1,0,0.3939393939393939,2.7231802197681185
1786839790.1754713,856,34.2,3,walking,standing,material_handling,1,1.0,0.6,0.06813371996488947,0.06623027571388367,0.11324955472510302,0.42706389065131933,1.5770204943050765,175.72472479806086,0.2727272727272727,0.30303030303030304,0.6060606060606061,0.48465401395387586,1,0,0.3939393939393939,2.715107578147305
1786839790.2067325,857,34.24,3,walking,standing,material_handling,1,1.0,0.6,0.06708847860276682,0.062370396204292106,0.15000609820460206,0.43127528918295494,1.4883568154636044,175.03178888232085,0.2727272727272727,0.30303030303030304,0.6060606060606061,0.47332517548165254,1,0,0.3939393939393939,2.698686301708384
1786839790.303042,858,34.28,3,standing,standing,material_handling,1,1.0,0.75,0.07253968713160658,0.0563152641999271,0.15753812194188438,0.441707673578786,1.3056439262566122,175.1010915610114,0.2727272727272727,0.2727272727272727,0.5757575757575758,0.45943742740108706,1,0,0.42424242424242425,2.6678370331570185
1786839790.4400985,859,34.32,3,standing,standing,material_handling,1,1.0,0.75,0.07384903365526098,0.05130767256397168,0.159375683804682,0.45029756949049676,1.394856826155505,175.21779745809098,0.2727272727272727,0.24242424242424243,0.5454545454545454,0.4411023152291853,1,0,0.45454545454545453,2.6042209935876657
1786839790.496797,860,34.36,3,standing,standing,material_handling,1,1.0,0.75,0.07948092711463439,0.056754624763221274,0.17734957968623843,0.46548598669710045,1.5514475377864694,174.70139241692345,0.2727272727272727,0.21212121212121213,0.5151515151515151,0.422767499196438,1,0,0.48484848484848486,2.5006408567371836
1786839790.5294971,861,34.4,3,walking,standing,material_handling,1,1.0,0.6,0.08994141491364868,0.05575268190051346,0.19686104301248877,0.4844271564928566,1.7693805991903506,174.42988290477211,0.2727272727272727,0.21212121212121213,0.5151515151515151,0.4041132229367167,1,0,0.48484848484848486,2.370258782037853
1786839791.0029862,874,34.92,3,walking,standing,material_handling,1,1.0,0.6,0.09085247169470966,0.06051899376506266,0.19623225782355846,0.5049425516412915,1.9742946907272934,172.07614929063672,0.24242424242424243,0.24242424242424243,0.5151515151515151,0.38500971797530914,1,0,0.48484848484848486,2.2216008313378772
1786839791.0417204,875,34.96,3,walking,standing,material_handling,1,1.0,0.6,0.09844473470653209,0.058711731155616315,0.2093620639082689,0.5222232862625054,2.140196643124822,170.16210424428888,0.21212121212121213,0.2727272727272727,0.5151515151515151,0.365772815767459,1,0,0.48484848484848486,2.058178170031698
1786839791.0729027,876,35.0,3,walking,standing,material_handling,1,1.0,0.6,0.10545367940950462,0.08217664270285584,0.3299849146151927,0.53269491901687,2.0181321388336224,170.3714449635931,0.18181818181818182,0.30303030303030304,0.5151515151515151,0.3479459776843393,1,0,0.48484848484848486,1.8757461624861163
1786839791.1370084,877,35.04,3,walking,walking,material_handling,1,1.0,0.6,0.10919022442635916,0.09268256736210355,0.4162421183437978,0.547506740418453,2.207109166334783,170.35804862977884,0.15151515151515152,0.3333333333333333,0.5151515151515151,0.32154894089370156,1,0,0.48484848484848486,1.660149391984504
1786839791.1788747,878,35.08,3,walking,walking,material_handling,1,1.0,0.6,0.11368911919149174,0.09179611638161406,0.3883704407375748,0.596889577296243,2.3610466189786843,170.3187274111925,0.12121212121212122,0.36363636363636365,0.5151515151515151,0.29546623356166624,1,0,0.48484848484848486,1.4465194946189548
1786839791.220901,879,35.12,3,walking,walking,walking,0,0.0,0.6,0.11128653460473331,0.09109701279157259,0.3862936140150948,0.6144457507820624,2.531561254748772,171.113496296408,0.09090909090909091,0.3939393939393939,0.5151515151515151,0.271020447560621,0,0,0.48484848484848486,1.2412126458147363
1786839791.271274,880,35.16,3,walking,walking,walking,0,0.0,0.6,0.10723722901828393,0.0887257138619079,0.38124628096432744,0.6236048503896149,2.667924155482594,171.39990141703953,0.06060606060606061,0.42424242424242425,0.5151515151515151,0.2524303809998025,0,0,0.48484848484848486,1.0509197975082478
1786839791.345258,881,35.2,3,walking,walking,walking,0,0.0,0.6,0.09580596550958902,0.0821230253272463,0.37200536857734745,0.6220571974470197,2.480228626959056,171.40262809943033,0.030303030303030304,0.45454545454545453,0.5151515151515151,0.23681366032169227,0,0,0.48484848484848486,0.8930032579283885
1786839791.3767786,882,35.24,3,walking,walking,walking,0,0.0,0.6,0.07604930793358389,0.08083038427338346,0.3442098550011919,0.6123463349523267,2.34267088651223,171.912919911117,0.0,0.48484848484848486,0.5151515151515151,0.2213474896331241,0,0,0.48484848484848486,0.7749377128694434
1786839791.425916,883,35.28,3,walking,walking,walking,0,0.0,0.6,0.061258480753835075,0.07378760233382549,0.33433798920978863,0.597752877183759,2.2403407659064265,172.01909860092638,0.0,0.48484848484848486,0.5151515151515151,0.20650126331439936,0,0,0.48484848484848486,0.6840171966849287
1786839791.4667165,884,35.32,3,walking,walking,walking,0,0.0,0.6,0.04458900863843024,0.06973014427068505,0.3071142471611654,0.5815598488048345,2.151535019770043,174.1018413790161,0.0,0.48484848484848486,0.5151515151515151,0.19218519696762187,0,0,0.48484848484848486,0.6117270233160306
1786839791.4952207,885,35.36,3,standing,walking,walking,0,0.0,0.75,0.032336619026282334,0.041258291523163515,0.18210217832561537,0.5686643223328696,2.1252908895397264,175.82224803317433,0.0,0.45454545454545453,0.48484848484848486,0.1773671295987642,0,0,0.5151515151515151,0.5545666005263266
1786839791.5592027,886,35.4,3,standing,walking,walking,0,0.0,0.75,0.019743636501752978,0.013841445939639228,0.05734570301077605,0.5666411089465636,2.3278442628700966,175.81898507992304,0.0,0.42424242424242425,0.45454545454545453,0.17297401665155143,0,0,0.5454545454545454,0.5173617588121601
1786839791.597202,887,35.44,3,idle,walking,walking,0,0.0,0.85,0.014244097380377317,0.012541172009911845,0.048108838095485336,0.5587738347668387,2.3191159807679833,176.13690916232957,0.0,0.42424242424242425,0.42424242424242425,0.16991501216141722,0,0,0.5757575757575758,0.5139390844173486
1786839791.6341925,888,35.48,3,idle,walking,walking,0,0.0,0.85,0.009299427671175522,0.010891005438293,0.03991152562528387,0.5501323035623512,2.116168688543907,176.23497793734427,0.0,0.42424242424242425,0.42424242424242425,0.16810929955445256,0,0,0.5757575757575758,0.5131333844642498
1786839791.7504988,889,35.52,3,idle,walking,walking,0,0.0,0.85,0.005791493645018018,0.010442159303431965,0.037662502343285775,0.5420592686343111,2.0059791617818385,176.4195097613993,0.0,0.42424242424242425,0.42424242424242425,0.16726255610914945,0,0,0.5757575757575758,0.5132202780720314
1786839791.7881675,890,35.56,3,idle,walking,walking,0,0.0,0.85,0.00460029953742582,0.011162379586276538,0.02234521603013887,0.5360620625289687,1.9508762397096966,176.4861844621132,0.0,0.42424242424242425,0.42424242424242425,0.1664319140660238,0,0,0.5757575757575758,0.5137297495547415
1786839791.8180945,891,35.6,3,idle,idle,idle,0,0.0,0.85,0.004688071107534862,0.010191376472651097,0.02142393845830016,0.5400088209389383,2.024980947876472,176.52113092112566,0.0,0.42424242424242425,0.42424242424242425,0.1657702680813208,0,0,0.5757575757575758,0.5150918746272198
1786839791.8667903,892,35.64,3,idle,idle,idle,0,0.0,0.85,0.00466898079345929,0.010246232377758315,0.018088541939754635,0.5429285168359356,2.0996460151032545,176.41912036448906,0.0,0.42424242424242425,0.42424242424242425,0.16517103214520473,0,0,0.5757575757575758,0.5171254439962193
1786839791.8946218,893,35.68,3,idle,idle,idle,0,0.0,0.85,0.004173428815535122,0.009967888592097372,0.018442409620092342,0.5442785206001426,2.167014611670382,176.37823083274017,0.0,0.42424242424242425,0.42424242424242425,0.164598516929388,0,0,0.5757575757575758,0.5195970293523379
1786839791.9275203,894,35.72,3,idle,idle,idle,0,0.0,0.85,0.004245737615183428,0.009796824513301486,0.01679870084184944,0.5457835195739105,2.2434227959616284,176.32187338903086,0.0,0.42424242424242425,0.42424242424242425,0.16394764153507982,0,0,0.5757575757575758,0.5223800993190334
1786839791.984363,895,35.76,3,idle,idle,idle,0,0.0,0.85,0.004502153519483361,0.009333463163244073,0.019765741084724828,0.5469483682532059,2.4615005365197216,176.3324676920922,0.0,0.42424242424242425,0.42424242424242425,0.16329730656853322,0,0,0.5757575757575758,0.5254093672245593
1786839792.01369,896,35.8,3,idle,idle,idle,0,0.0,0.85,0.005289156009360255,0.01193856606008013,0.02361642217140205,0.5474416058505038,2.7693467571152217,175.87765594435695,0.0,0.42424242424242425,0.42424242424242425,0.16271056846568152,0,0,0.5757575757575758,0.5284681290601001
1786839792.0457625,897,35.84,3,idle,idle,idle,0,0.0,0.85,0.006387887843976396,0.012246239081592364,0.03462128513154164,0.5473773737198966,3.0637583524239487,175.52728255884026,0.0,0.42424242424242425,0.42424242424242425,0.16233819095010982,0,0,0.5757575757575758,0.531604663870074
1786839792.1094923,898,35.88,3,idle,idle,idle,0,0.0,0.85,0.007535889970223007,0.01391612399749993,0.040465388946067105,0.5403730918787615,3.497007778382219,175.35002540270435,0.0,0.42424242424242425,0.42424242424242425,0.16185571566708626,0,0,0.5757575757575758,0.5344599569825187
1786839792.1399403,899,35.92,3,idle,idle,idle,0,0.0,0.85,0.007531822347972587,0.015467142711607977,0.05147135844901335,0.525232884413072,3.8899146818408212,174.78729556658573,0.0,0.42424242424242425,0.42424242424242425,0.16134824333330455,0,0,0.5757575757575758,0.5367919093642796
1786839792.2586656,900,35.96,3,idle,idle,idle,0,0.0,0.85,0.008200293253110188,0.01897712428123968,0.06685692293608271,0.5223073144864665,4.31913587030863,174.0522080045002,0.0,0.42424242424242425,0.42424242424242425,0.16117593650732487,0,0,0.5757575757575758,0.5388271035639766
1786839792.3158667,901,36.0,3,standing,idle,material_handling,1,1.0,0.75,0.010509921517291779,0.02217332114912845,0.07562888951223944,0.5263959732725055,4.661975762111677,173.09749451586043,0.0,0.3939393939393939,0.3939393939393939,0.1600359163493593,0,1,0.6060606060606061,0.5418371666737096
1786839792.360066,902,36.04,3,standing,idle,material_handling,1,1.0,0.75,0.014794971204956637,0.024584540577745735,0.0802181738640083,0.5339070026079862,4.99581429337019,172.2863398164419,0.0,0.36363636363636365,0.36363636363636365,0.15792113076328068,0,1,0.6363636363636364,0.5449472185956802
1786839792.3989098,903,36.08,3,standing,idle,material_handling,1,1.0,0.75,0.016842618563385328,0.024834438041295606,0.09688662206808514,0.531129509934914,5.3582121257116375,171.61844584408357,0.0,0.36363636363636365,0.36363636363636365,0.15608320652468075,0,1,0.6363636363636364,0.5476569712125325
1786839792.4522767,904,36.12,3,standing,idle,material_handling,1,1.0,0.75,0.020805284750555108,0.02603366382845008,0.09569500623692535,0.5303477955583333,5.655617189210971,170.74558866615047,0.0,0.36363636363636365,0.36363636363636365,0.15415348902262752,0,1,0.6363636363636364,0.5500827356388307
1786839792.482447,905,36.16,3,standing,standing,material_handling,1,1.0,0.75,0.022433433369668257,0.02490170532302027,0.09166334414871942,0.5301887461549073,5.715414397515825,169.70767094449616,0.0,0.36363636363636365,0.36363636363636365,0.1515569364305815,0,1,0.6363636363636364,0.5520434253193702
1786839792.5357594,906,36.2,3,standing,standing,material_handling,1,1.0,0.75,0.022175714753526234,0.024930566713266898,0.08016481718382458,0.5292754258507941,5.5795921149231305,169.08210177884368,0.0,0.3333333333333333,0.3333333333333333,0.1480206871630462,0,1,0.6666666666666666,0.5534024637847623
1786839792.6359198,907,36.24,3,standing,standing,material_handling,1,1.0,0.75,0.02192021537984847,0.024805260755257075,0.07652916865568211,0.5225284367644567,5.385719949667534,168.2340405379462,0.0,0.30303030303030304,0.30303030303030304,0.14439332082462572,0,1,0.696969696969697,0.5539353693945552
1786839792.6668952,908,36.28,3,standing,standing,material_handling,1,1.0,0.75,0.023209639731866027,0.024575889246763894,0.07565186064432233,0.5290239756077983,4.887451273544405,167.1473449491137,0.0,0.2727272727272727,0.2727272727272727,0.140341496483294,0,1,0.7272727272727273,0.5541414508898672
1786839792.6970613,909,36.32,3,standing,standing,material_handling,1,1.0,0.75,0.026698533740587407,0.022364108116128725,0.09203666709917786,0.5391406400467382,4.61198346440634,166.3975777175782,0.0,0.24242424242424243,0.24242424242424243,0.13313094352826324,0,1,0.7575757575757576,0.5543367757695601
1786839792.7542171,910,36.36,3,standing,standing,material_handling,1,1.0,0.75,0.027906063608124674,0.026019726981942756,0.10495435606067322,0.5356059639572739,5.0503028764229505,165.10291348709535,0.0,0.21212121212121213,0.21212121212121213,0.12369798103483522,0,1,0.7878787878787878,0.5539761461798274
1786839792.8347986,911,36.4,3,standing,standing,material_handling,1,1.0,0.75,0.03827749685701839,0.032744942182318076,0.1304743260398136,0.5271306365120371,6.256586737825269,164.9156019816908,0.0,0.18181818181818182,0.18181818181818182,0.11588294725611518,0,1,0.8181818181818182,0.5518622388833362
1786839792.9092011,912,36.44,3,standing,standing,material_handling,1,1.0,0.75,0.04720346239954317,0.03543070334971158,0.14678918881605274,0.5353385453974592,8.301157237427276,165.22906216566412,0.0,0.15151515151515152,0.15151515151515152,0.10862523740159874,0,1,0.8484848484848485,0.5494650508413786
1786839792.9616706,913,36.48,3,standing,standing,material_handling,1,1.0,0.75,0.05301571586832474,0.03887531178855516,0.16661634003438044,0.5784526882386128,11.837282570472244,162.91690147154566,0.0,0.12121212121212122,0.12121212121212122,0.10212129979766096,0,1,0.8787878787878788,0.5480968035034695
1786839793.0214088,914,36.52,3,standing,standing,material_handling,1,1.0,0.75,0.05981880612256277,0.053386781744339785,0.22276769544726363,0.6869510039929838,17.61444673614828,160.55751456813186,0.0,0.09090909090909091,0.09090909090909091,0.0975989460664463,0,1,0.9090909090909091,0.5500632824897108
1786839793.0660794,915,36.56,3,walking,standing,material_handling,1,1.0,0.6,0.08260107009708433,0.0684677391454528,0.2508268304518954,0.8410364415580499,25.717157429108,158.66801375814617,0.0,0.09090909090909091,0.09090909090909091,0.09476915744374034,0,1,0.9090909090909091,0.5569932857201872
1786839793.1153672,916,36.6,3,walking,standing,material_handling,1,1.0,0.6,0.10302567308302178,0.0841375466253983,0.3104274976161714,1.0163257944839004,33.46961210608183,156.3291103419544,0.0,0.09090909090909091,0.09090909090909091,0.09404459709241861,0,1,0.9090909090909091,0.5696773135171612
1786839793.1444697,917,36.64,3,bending,standing,material_handling,1,1.0,0.6856182482194685,0.12392072271857822,0.13077294782866974,0.3333812082604785,1.1600946594212551,41.13709489316811,153.7343868659873,0.030303030303030304,0.06060606060606061,0.09090909090909091,0.09484056561057959,0,1,0.9090909090909091,0.5872086714146285
1786839793.2033792,918,36.68,3,bending,standing,material_handling,1,1.0,0.8136020645291844,0.12977642410064524,0.14115131391981542,0.3219985890484909,1.2946732098385052,48.81612387175106,150.51624820489363,0.06060606060606061,0.06060606060606061,0.12121212121212122,0.09907985078400008,0,1,0.8787878787878788,0.6092089407329812
1786839793.2561505,919,36.72,3,bending,standing,material_handling,1,1.0,0.9396809118416346,0.13453101042598242,0.1416595633389207,0.3151465055476317,1.4495086440743437,56.38085471049808,147.19157858817726,0.09090909090909091,0.06060606060606061,0.15151515151515152,0.10689199631541994,0,1,0.8484848484848485,0.6359625024035199
1786839793.288067,920,36.76,3,bending,standing,standing,0,0.0,1.0,0.1236816722386826,0.140518621816225,0.2877422882056505,1.593639126992705,63.67670046351717,144.5467566447651,0.12121212121212122,0.06060606060606061,0.18181818181818182,0.11415361601572797,0,0,0.8181818181818182,0.6673220567133946
1786839793.3176894,921,36.8,3,bending,bending,bending,0,0.0,1.0,0.12782154443572757,0.15538198927947372,0.26904245441689933,1.7383832926156213,69.73260080309319,140.50821669740054,0.15151515151515152,0.06060606060606061,0.21212121212121213,0.12109697749426178,0,0,0.7878787878787878,0.7033296624422817
1786839793.3658154,922,36.84,3,bending,bending,bending,0,0.0,1.0,0.13612245132899453,0.16860665486317358,0.29086172892616435,1.8533365656711145,76.01429843511283,136.4692765020854,0.18181818181818182,0.06060606060606061,0.24242424242424243,0.1287696813301066,0,0,0.7575757575757576,0.7430653381100636
1786839793.44172,923,36.88,3,bending,bending,bending,0,0.0,1.0,0.1523735848495307,0.168239108622093,0.32345743984289693,1.9374034721253914,78.79062844167996,137.4407112661532,0.21212121212121213,0.06060606060606061,0.2727272727272727,0.13789429417291743,0,0,0.7272727272727273,0.7855302293099552
1786839793.4979694,924,36.92,3,bending,bending,bending,0,0.0,1.0,0.15133961651284766,0.1726620197223221,0.3558507331610634,1.904565079620077,77.79487743486276,136.5022327647151,0.24242424242424243,0.06060606060606061,0.30303030303030304,0.14802843946694058,0,0,0.696969696969697,0.8268804189669594
1786839793.5438378,925,36.96,3,bending,bending,bending,0,0.0,1.0,0.1397607721229765,0.16318576706901078,0.3156732309753247,1.7825332844030606,73.5839044016644,136.0740830398175,0.2727272727272727,0.06060606060606061,0.3333333333333333,0.1570461573165033,0,0,0.6666666666666666,0.8644441998023268
1786839793.5731432,926,37.0,3,bending,bending,material_handling,1,1.0,1.0,0.1288529239125641,0.1179325270933736,0.29522727243648883,1.622277204910231,68.68389564630294,136.9782456229686,0.30303030303030304,0.06060606060606061,0.36363636363636365,0.16543357740184866,1,0,0.6363636363636364,0.8971108265996022
1786839793.6017811,927,37.04,3,bending,bending,material_handling,1,1.0,1.0,0.13284518933937417,0.10750658376918847,0.2971948347558749,1.4759363453232228,63.640566344115896,139.27084290622756,0.3333333333333333,0.06060606060606061,0.3939393939393939,0.17393042994469793,1,0,0.6060606060606061,0.9252972758647329
1786839793.6649337,928,37.08,3,bending,bending,material_handling,1,1.0,0.9690019548720019,0.1346308939225035,0.10250195270765834,0.2911168595283067,1.3265823648614277,58.14011729232011,142.18306825153616,0.36363636363636365,0.06060606060606061,0.42424242424242425,0.18215319110965494,1,0,0.5757575757575758,0.9489225484892243
1786839793.6973479,929,37.12,3,bending,bending,material_handling,1,1.0,0.8591882039621971,0.13919834874555836,0.09719229907947176,0.3000543672557694,1.1562584887934313,51.55129223773182,145.89517818327332,0.3939393939393939,0.06060606060606061,0.45454545454545453,0.19053009853645395,1,0,0.5454545454545454,0.9673715449420404
1786839793.7322266,930,37.16,3,bending,bending,material_handling,1,1.0,0.7348287940417717,0.1264353353525122,0.08288241100612542,0.29222122917700566,0.9909961716329052,44.089727642506304,149.41192449719887,0.42424242424242425,0.06060606060606061,0.48484848484848486,0.19833615744692257,1,0,0.5151515151515151,0.9808145388181922
1786839793.7877824,931,37.2,3,bending,bending,material_handling,1,1.0,0.6112810142273841,0.10997711018949563,0.0707655132129369,0.2504198024482626,0.8160702602510582,36.67686085364305,153.77984559863265,0.45454545454545453,0.06060606060606061,0.5151515151515151,0.20469841240153452,1,0,0.48484848484848486,0.9891689984658375
1786839793.8215272,932,37.24,3,walking,bending,material_handling,1,1.0,0.6,0.08736625978617284,0.056995215148730925,0.16638794387493777,0.6505950558431225,28.004329218296824,157.92590508925122,0.45454545454545453,0.09090909090909091,0.5454545454545454,0.2081807331720171,1,0,0.45454545454545453,0.992967852145536
1786839793.8751457,933,37.28,3,standing,bending,material_handling,1,1.0,0.75,0.0694774850466817,0.03823555831567724,0.10769168115301492,0.49358666377100724,21.103792883839713,159.6583680227534,0.45454545454545453,0.09090909090909091,0.5454545454545454,0.20941815008768172,1,0,0.45454545454545453,0.9920975293965828
1786839793.9618306,934,37.32,3,standing,bending,material_handling,1,1.0,0.75,0.05936205188141689,0.030728865556879276,0.0871435492043648,0.38505731843049,15.826932151752274,163.4920526608303,0.45454545454545453,0.09090909090909091,0.5454545454545454,0.20976707916926127,1,0,0.45454545454545453,0.9878145398559156
1786839793.993301,935,37.36,3,standing,bending,material_handling,1,1.0,0.75,0.05062004996435819,0.02764044022870597,0.07797888370182844,0.3172176560284949,11.544218142387624,166.5223245336486,0.45454545454545453,0.09090909090909091,0.5454545454545454,0.20969922189161944,1,0,0.45454545454545453,0.9812481960201735
1786839794.0326924,936,37.4,3,standing,bending,material_handling,1,1.0,0.75,0.038605857139997694,0.02579768338559462,0.05879400764036231,0.26723375674848426,8.53396465234303,168.7884574845002,0.45454545454545453,0.09090909090909091,0.5454545454545454,0.2085449002422945,1,0,0.45454545454545453,0.9732513550145239
1786839794.0945616,937,37.44,3,standing,standing,material_handling,1,1.0,0.75,0.02844232991076166,0.02382142785081682,0.0523035100814237,0.23891580241082852,5.871140133728594,170.02630521337852,0.45454545454545453,0.09090909090909091,0.5454545454545454,0.20723000641940054,1,0,0.45454545454545453,0.9644200824949027
1786839794.1284497,938,37.48,3,standing,standing,material_handling,1,1.0,0.75,0.022357379237571823,0.02607191509817929,0.04070552359123143,0.21748367236345115,3.7255347984340923,170.8598630973229,0.45454545454545453,0.09090909090909091,0.5454545454545454,0.2056858300388706,1,0,0.45454545454545453,0.9549441711678889
1786839794.1697786,939,37.52,3,standing,standing,material_handling,1,1.0,0.75,0.020528301487828273,0.023714928899247572,0.03493144730566526,0.20047872270937347,2.56885136855346,170.99126052694203,0.45454545454545453,0.09090909090909091,0.5454545454545454,0.20431512186074455,1,0,0.45454545454545453,0.944980634709058
1786839794.2192504,940,37.56,3,standing,standing,material_handling,1,1.0,0.75,0.02035444774859408,0.025486519916186428,0.03129610780810875,0.19264965757835634,1.751359996220368,171.49332566544666,0.45454545454545453,0.09090909090909091,0.5454545454545454,0.2029444230471817,1,0,0.45454545454545453,0.9349843080670549
1786839794.2542074,941,37.6,3,standing,standing,material_handling,1,1.0,0.75,0.018692058458936504,0.02645055410845137,0.026256653300322088,0.19206143708047657,1.3640500463902385,171.7173497227081,0.45454545454545453,0.09090909090909091,0.5454545454545454,0.20144759858221203,1,0,0.45454545454545453,0.9247733220510755
1786839794.3113506,942,37.64,3,standing,standing,material_handling,1,1.0,0.75,0.016822024869145018,0.02916844458971544,0.029148747725291666,0.19163074886042536,1.1353470140702684,171.53967780582084,0.45454545454545453,0.09090909090909091,0.5454545454545454,0.19954190405573063,1,0,0.45454545454545453,0.9142427192878539
1786839794.3701081,943,37.68,3,standing,standing,material_handling,1,1.0,0.75,0.019902434056475685,0.03386875418811054,0.029148074858226132,0.19441812545336828,1.248308271127999,171.18063506531553,0.45454545454545453,0.09090909090909091,0.5454545454545454,0.19724474401929284,1,0,0.45454545454545453,0.9039036938786447
1786839794.4010046,944,37.72,3,standing,standing,material_handling,1,1.0,0.75,0.021754191031667675,0.03523151514536278,0.03359423434080602,0.20685001475107087,1.4973857893090226,170.86586722598082,0.45454545454545453,0.09090909090909091,0.5454545454545454,0.19430898366477745,1,0,0.45454545454545453,0.8941982204919487
1786839794.4305165,945,37.76,3,standing,standing,material_handling,1,1.0,0.75,0.024827536728713122,0.03584067946594818,0.03474676486238596,0.2203218382420089,1.9102562821999143,170.4691672333363,0.45454545454545453,0.09090909090909091,0.5454545454545454,0.19091375869648453,1,0,0.45454545454545453,0.8846522596690561
1786839794.5757387,946,37.8,3,standing,standing,material_handling,1,1.0,0.75,0.031342959288637506,0.04025233497661984,0.037639804468791185,0.23535326629751144,2.3306804234782765,169.68015920370422,0.45454545454545453,0.09090909090909091,0.5454545454545454,0.18700537883086057,1,0,0.45454545454545453,0.8742553074890229
1786839794.6044226,947,37.84,3,standing,standing,material_handling,1,1.0,0.75,0.0367385693186142,0.0385864647909494,0.042446791912134005,0.2507716718809775,3.1566295904774195,168.88758009263285,0.45454545454545453,0.09090909090909091,0.5454545454545454,0.18154110902676576,1,0,0.45454545454545453,0.8610377519704772
1786839794.6317382,948,37.88,3,standing,standing,material_handling,1,1.0,0.75,0.039604418888527615,0.04347641812505442,0.044320325779676734,0.26945711033590236,4.308406361500613,168.45750270701558,0.45454545454545453,0.06060606060606061,0.5151515151515151,0.17528333615791064,1,0,0.48484848484848486,0.8437171661758667
1786839794.6947207,949,37.92,3,standing,standing,material_handling,1,1.0,0.75,0.0438515230303239,0.03823050526194365,0.0544226185859047,0.2887276580872386,5.738758298971405,168.75186275390874,0.45454545454545453,0.030303030303030304,0.48484848484848486,0.16752561255093285,1,0,0.5151515151515151,0.8216687378002103
1786839794.765568,950,37.96,3,standing,standing,material_handling,1,1.0,0.75,0.045797987735610085,0.04096214838711382,0.06407323157180983,0.3177222201605751,7.7037895467927795,168.1100991057664,0.42424242424242425,0.030303030303030304,0.45454545454545453,0.15936476477248837,1,0,0.5454545454545454,0.7961423002468564
1786839794.79654,951,38.0,3,standing,standing,material_handling,1,1.0,0.75,0.05426024193759047,0.04805945334433444,0.0656301158853469,0.3478811912839963,9.4564158269324,167.84400062333827,0.3939393939393939,0.030303030303030304,0.42424242424242425,0.151596023161484,1,0,0.5757575757575758,0.7674516330179318
1786839794.8464553,952,38.04,3,standing,standing,material_handling,1,1.0,0.75,0.059343692008807375,0.05531460357793003,0.07736638923758134,0.375862133177256,11.53836508940239,167.31374443749888,0.36363636363636365,0.030303030303030304,0.3939393939393939,0.14439056509148246,1,0,0.6060606060606061,0.7349168902634747
1786839794.9177666,953,38.08,3,walking,standing,material_handling,1,1.0,0.6,0.0687750800008467,0.06694284420673861,0.10007779174983077,0.41765005479424494,14.15192111241024,166.9088504623855,0.3333333333333333,0.06060606060606061,0.3939393939393939,0.13870376216857883,1,0,0.6060606060606061,0.6992808577726122
1786839794.951208,954,38.12,3,walking,standing,material_handling,1,1.0,0.6,0.07821753419366016,0.08133560968487252,0.1434760455921878,0.4917982466978392,17.562505358751515,166.4417387634002,0.30303030303030304,0.09090909090909091,0.3939393939393939,0.1348987194769209,1,0,0.6060606060606061,0.6615055533508613
1786839795.0079334,955,38.16,3,walking,standing,material_handling,1,1.0,0.6063890918642629,0.1083801721000652,0.10915003653556732,0.22427933841221648,0.6682789596405224,22.249731489671895,165.37558983402513,0.2727272727272727,0.12121212121212122,0.3939393939393939,0.13288107127952856,1,0,0.6060606060606061,0.6255947168044796
1786839795.0409286,956,38.2,3,walking,standing,material_handling,1,1.0,0.7311862787871553,0.15770647596080936,0.13161353018168795,0.25925954859758815,0.8199905345763506,28.42942134190149,162.65231552060024,0.24242424242424243,0.15151515151515152,0.3939393939393939,0.1309356806357313,1,0,0.6060606060606061,0.5917337186969329
1786839795.0718002,957,38.24,3,bending,walking,material_handling,1,1.0,0.5939755872434641,0.1771385972434289,0.14960155461816863,0.2964100571704621,1.0175408822962742,35.63853523460784,159.82091742640364,0.24242424242424243,0.15151515151515152,0.3939393939393939,0.1291344480299555,1,0,0.6060606060606061,0.5648541975659087
1786839795.1723976,958,38.28,3,bending,walking,material_handling,1,1.0,0.7215113992893162,0.2016962033181009,0.18206361972133045,0.31166120662291047,1.310008556825521,43.29068395735897,157.42224966869642,0.24242424242424243,0.15151515151515152,0.3939393939393939,0.1290128715344278,1,0,0.6060606060606061,0.5505352664271952
1786839795.2196317,959,38.32,3,bending,walking,material_handling,1,1.0,0.8412259553394088,0.20779286664041585,0.1888677620427449,0.31973105146279696,1.581391637378239,50.47355732036453,154.82356584468886,0.24242424242424243,0.15151515151515152,0.3939393939393939,0.12975541029280077,1,0,0.6060606060606061,0.5492963098353167
1786839795.2509344,960,38.36,3,bending,walking,material_handling,1,1.0,0.9454897529370315,0.22404494355770144,0.19475835584768805,0.325920944968579,1.8066419588222078,56.72938517622189,152.2476146487015,0.24242424242424243,0.15151515151515152,0.3939393939393939,0.13062589848106454,1,0,0.6060606060606061,0.5593176920625587
1786839795.2996,961,38.4,3,bending,bending,material_handling,1,1.0,1.0,0.24603079850485723,0.22900334709540246,0.3396260222094802,1.969551083525325,63.46558992992148,148.82133018634664,0.24242424242424243,0.15151515151515152,0.3939393939393939,0.13209587310776677,1,0,0.6060606060606061,0.5788015926281314
1786839795.350222,962,38.44,3,bending,bending,material_handling,1,1.0,1.0,0.2535613035995037,0.2641499939507012,0.38934400880778053,2.092829237789883,68.03647340579684,148.17619656407606,0.24242424242424243,0.15151515151515152,0.3939393939393939,0.13480161982146407,1,0,0.6060606060606061,0.6071825244159026
1786839795.3953037,963,38.48,3,bending,bending,material_handling,1,1.0,1.0,0.24525362825586727,0.28501682930385985,0.39365295159927727,2.110962517607909,68.33242962696634,147.89432851197733,0.24242424242424243,0.15151515151515152,0.3939393939393939,0.13787530837971473,1,0,0.6060606060606061,0.6411208985363572
1786839795.4526,964,38.52,3,bending,bending,material_handling,1,1.0,1.0,0.22682154128535917,0.2964401175619371,0.34150451237632223,2.0702512632324988,65.93640617422872,146.07043286371578,0.24242424242424243,0.15151515151515152,0.3939393939393939,0.14063545110480746,1,0,0.6060606060606061,0.6791263834751888
1786839795.4831073,965,38.56,3,bending,bending,material_handling,1,1.0,1.0,0.1987505162763531,0.2782576381026176,0.33454385780877405,1.921942417373709,61.84898002138601,146.46960656772876,0.2727272727272727,0.12121212121212122,0.3939393939393939,0.14573108486037825,1,0,0.6060606060606061,0.7176520610973278
1786839795.5136826,966,38.6,3,bending,bending,material_handling,1,1.0,0.9345761561984551,0.1850507674469633,0.257258084290947,0.3066583463650285,1.7913578155132677,56.07456937190731,148.15174619665362,0.30303030303030304,0.12121212121212122,0.42424242424242425,0.15176037774559079,1,0,0.5757575757575758,0.7569784596349721
1786839795.614193,967,38.64,3,bending,bending,material_handling,1,1.0,0.8166795092183373,0.15964542865285816,0.22626493958096047,0.2899883300196338,1.6087213207673727,49.00077055310024,148.76651892928285,0.3333333333333333,0.12121212121212122,0.45454545454545453,0.15790718928544745,1,0,0.5454545454545454,0.7940591869785139
1786839795.6469944,968,38.68,3,bending,bending,material_handling,1,1.0,0.6878622857799112,0.15713268949654363,0.21583145052005914,0.2862941795224358,1.3164236215751344,41.27173714679467,150.7165194073222,0.36363636363636365,0.12121212121212122,0.48484848484848486,0.164219774007284,1,0,0.5151515151515151,0.8243381556314424
1786839795.6815057,969,38.72,3,walking,bending,material_handling,1,1.0,1.0,0.13799957736557403,0.20285747775851448,0.28160259224083184,1.0392956657996968,33.84548170685417,152.3291028117771,0.36363636363636365,0.15151515151515152,0.5151515151515151,0.17097154929820732,1,0,0.48484848484848486,0.8477339710572366
1786839795.7324636,970,38.76,3,walking,bending,material_handling,1,1.0,0.8846583349068692,0.1139759527309934,0.15923850028323644,0.2803519915021504,0.8052988395646631,26.52465071980264,154.1127886488553,0.36363636363636365,0.18181818181818182,0.5454545454545454,0.17788210934125961,1,0,0.45454545454545453,0.8648970933952317
1786839795.8065133,971,38.8,3,walking,bending,material_handling,1,1.0,0.6380963850775929,0.10524542510677723,0.11485734931396673,0.21964134630482546,0.6341289627266697,18.622735496912693,156.77215257475984,0.36363636363636365,0.21212121212121213,0.5757575757575758,0.18330440699924735,1,0,0.42424242424242425,0.8775227082547232
1786839795.8392377,972,38.84,3,walking,bending,material_handling,1,1.0,0.6,0.11394628918544142,0.08426708984478178,0.18699723285060738,0.5061678182659678,12.386010122763308,157.72952449617895,0.36363636363636365,0.24242424242424243,0.6060606060606061,0.18791246110666981,1,0,0.3939393939393939,0.8867860141806806
1786839795.893076,973,38.88,3,walking,walking,material_handling,1,1.0,0.6,0.1027431766177289,0.05054471741167885,0.17848964438285048,0.4811132057927813,9.5541487931424,157.86477011171084,0.36363636363636365,0.2727272727272727,0.6363636363636364,0.1923728713059044,1,0,0.36363636363636365,0.895527333823542
1786839795.926725,974,38.92,3,walking,walking,material_handling,1,1.0,0.6,0.08494437294611328,0.06004591540265411,0.16323461192206165,0.48052444352801305,8.342570171867994,157.20783475598014,0.36363636363636365,0.30303030303030304,0.6666666666666666,0.19652371853686623,1,0,0.3333333333333333,0.9042686370492249
1786839795.9577365,975,38.96,3,walking,walking,material_handling,1,1.0,0.6,0.08448627174191642,0.0741629848836248,0.15976936070803624,0.4866446487705864,7.477904807285642,155.13445707816504,0.36363636363636365,0.3333333333333333,0.696969696969697,0.20048191893028275,1,0,0.30303030303030304,0.9132084521980177
1786839796.0275443,976,39.0,3,walking,walking,material_handling,1,1.0,0.6,0.09240604988618671,0.08930140635874692,0.163747861777863,0.4937281078936378,6.7640806486903085,155.2472486444809,0.36363636363636365,0.36363636363636365,0.7272727272727273,0.20456070035208992,1,0,0.2727272727272727,0.9222784516659046
1786839796.0599778,977,39.04,3,carrying,walking,material_handling,1,1.0,0.6078810330844447,0.10090145880149497,0.11011553009709668,0.16696284273169174,0.5131350551407413,6.072548300844353,157.91754323984208,0.36363636363636365,0.36363636363636365,0.7575757575757576,0.20860217333363187,1,0,0.24242424242424243,0.9315598165261977
1786839796.0926116,978,39.08,3,carrying,walking,material_handling,1,1.0,0.6241432009901863,0.10618511672467122,0.12268833841483603,0.17374281876707645,0.5402386683169771,5.325312923952102,159.07779607158028,0.36363636363636365,0.36363636363636365,0.7878787878787878,0.21281417496710736,1,0,0.21212121212121213,0.9412542659224087
1786839796.147594,979,39.12,3,carrying,walking,material_handling,1,1.0,0.6392444944517112,0.11773374497304896,0.12730582043494962,0.16088715316566662,0.5654074907528519,4.54816222053306,159.63758291355592,0.36363636363636365,0.36363636363636365,0.8181818181818182,0.21654894310943693,1,0,0.18181818181818182,0.9512559090877222
1786839796.1780636,980,39.16,3,carrying,walking,material_handling,1,1.0,0.6470615049404419,0.12528161398661067,0.13443921172265919,0.15679389330336801,0.5784358415674031,4.241302337521054,159.26810345145992,0.36363636363636365,0.36363636363636365,0.8484848484848485,0.22001400678795918,1,0,0.15151515151515152,0.9611851263509472
1786839796.2434273,981,39.2,3,carrying,carrying,material_handling,1,1.0,0.6592013319926672,0.12644599095080952,0.1502135943047854,0.1625909082505138,0.5986688866544454,4.390844037291702,157.09566331576758,0.36363636363636365,0.36363636363636365,0.8787878787878788,0.22359796383252997,1,0,0.12121212121212122,0.9711612407848423
1786839796.3052857,982,39.24,3,carrying,carrying,material_handling,1,1.0,0.673331824207471,0.14264914919512095,0.16075516327021264,0.16134534508702147,0.6222197070124517,4.360364274095913,154.74380400408285,0.36363636363636365,0.36363636363636365,0.9090909090909091,0.22683804645377595,1,0,0.09090909090909091,0.9812670604492428
1786839796.336234,983,39.28,3,carrying,carrying,material_handling,1,1.0,0.6675494087487623,0.14083024255364024,0.1695474975882927,0.15658570024266308,0.612582347914604,4.676465559325122,154.07711481638722,0.36363636363636365,0.36363636363636365,0.9393939393939394,0.22964145459531696,1,0,0.06060606060606061,0.9902022158357284
1786839796.3777947,984,39.32,3,carrying,carrying,material_handling,1,1.0,0.6595323576638543,0.1547282011553989,0.18095963629834222,0.1717314555466388,0.5992205961064239,4.569511127135885,156.32741824354645,0.36363636363636365,0.36363636363636365,0.9696969696969697,0.23285664670626519,1,0,0.030303030303030304,0.9978185614364082
1786839796.4508524,985,39.36,3,carrying,carrying,material_handling,1,1.0,0.6454656986826898,0.1578835805497839,0.17731751932876189,0.16854514590384861,0.5757761644711497,4.402942681946451,158.88908622257708,0.36363636363636365,0.36363636363636365,1.0,0.23561963933251573,1,0,0.0,1.003876562384708
1786839796.4810846,986,39.4,3,carrying,carrying,material_handling,1,1.0,0.6354268188602954,0.15799645267656515,0.16454438982914787,0.1648920223554447,0.5590446981004923,4.1415458850476545,160.04637984353377,0.36363636363636365,0.3333333333333333,1.0,0.23758370692662523,1,0,0.0,1.0081612485455034
1786839796.531997,987,39.44,3,walking,carrying,material_handling,1,1.0,0.8869083518358162,0.15721272541564213,0.1596435033304469,0.1923318479030578,0.5680636742134114,3.9426196209424917,158.78703027070884,0.36363636363636365,0.3333333333333333,1.0,0.2390641857845304,1,0,0.0,1.0104723221065812
1786839796.5833156,988,39.48,3,walking,carrying,material_handling,1,1.0,0.8862637401547587,0.15374150246490056,0.15952747322785657,0.18728173459850514,0.5714965234777495,3.6635904040706677,157.46071560343555,0.36363636363636365,0.3333333333333333,1.0,0.23794304627502397,1,0,0.0,1.0075395210107396
1786839796.632672,989,39.52,3,carrying,carrying,material_handling,1,1.0,0.6354714544493767,0.14681092221003092,0.15740030542514669,0.17904989345896927,0.5591190907489613,3.4735040916932847,156.32736935156274,0.36363636363636365,0.30303030303030304,1.0,0.23551245066476278,1,0,0.0,0.9996343257432432
1786839796.6645014,990,39.56,3,carrying,carrying,material_handling,1,1.0,0.6238955156317451,0.13818315306203008,0.13787749461108031,0.15413309668908018,0.5398258593862418,3.4930486433713646,157.1896313937923,0.3333333333333333,0.30303030303030304,1.0,0.2312010276198725,1,0,0.0,0.9851581129277874
1786839796.7154357,991,39.6,3,carrying,carrying,material_handling,1,1.0,0.608013465165942,0.12171214379398768,0.12206371923458557,0.1381683239407082,0.5133557752765701,3.5580981505616585,160.35740269460356,0.30303030303030304,0.30303030303030304,1.0,0.22594366753859363,1,0,0.0,0.9610171195475161
1786839796.7454193,992,39.64,3,carrying,carrying,material_handling,1,1.0,0.6002072322879349,0.11491166927902181,0.1034816116979802,0.13944628330886535,0.5003453871465583,4.197211254081912,163.632055316577,0.2727272727272727,0.30303030303030304,1.0,0.22048049274605022,1,0,0.0,0.9282581422677684
1786839796.7768774,993,39.68,3,carrying,carrying,material_handling,1,1.0,0.6090945279050254,0.09388906139927075,0.07678366039007724,0.1399442944175837,0.5151575465083758,4.770023677645803,165.50277203212647,0.24242424242424243,0.30303030303030304,1.0,0.21484483666874735,1,0,0.0,0.889122250985531
1786839796.917391,994,39.72,3,carrying,carrying,material_handling,1,1.0,0.6175854553108617,0.0805978066715796,0.06416113059902563,0.14880336468374517,0.5293090921847696,5.821176730057283,166.6342451501569,0.21212121212121213,0.30303030303030304,1.0,0.2090623318952402,1,0,0.0,0.8454785542782414
1786839796.94717,995,39.76,3,standing,carrying,material_handling,1,1.0,0.75,0.0721020122424639,0.05462906108594186,0.14814242670526315,0.5468702353629084,6.581697649259818,167.24894310306576,0.18181818181818182,0.30303030303030304,0.9696969696969697,0.20175319304364878,1,0,0.030303030303030304,0.7986313117804544
1786839796.9896414,996,39.8,3,standing,carrying,material_handling,1,1.0,0.75,0.06679483267544212,0.043610433302513234,0.13591338211207388,0.5643235290126095,7.206107047926546,167.44059468427895,0.15151515151515152,0.30303030303030304,0.9393939393939394,0.19394290305918807,1,0,0.06060606060606061,0.7517634636412027
1786839797.0528755,997,39.84,3,standing,carrying,material_handling,1,1.0,0.75,0.06610873011898497,0.03655614614853261,0.14847461739816062,0.5427246056004151,7.372090917181872,168.31688752981512,0.12121212121212122,0.30303030303030304,0.9090909090909091,0.18809351230227409,1,0,0.09090909090909091,0.7054747770462912
1786839797.0835636,998,39.88,3,standing,carrying,carrying,0,0.0,0.75,0.062334812852359436,0.032869134180333666,0.15213651879440104,0.5428349849337525,7.48537496830366,169.76433844988318,0.09090909090909091,0.30303030303030304,0.8787878787878788,0.1825660171806264,0,0,0.12121212121212122,0.6636836427299289
1786839797.112086,999,39.92,3,standing,standing,standing,0,0.0,0.75,0.05965064179066163,0.04010963749077711,0.1569596921031426,0.5685242749853586,7.4431587690968,171.60438246337168,0.06060606060606061,0.30303030303030304,0.8484848484848485,0.1780296943242056,0,0,0.15151515151515152,0.6266280808957498
1786839797.1576982,1000,39.96,3,standing,standing,standing,0,0.0,0.75,0.06278240196807346,0.05064675809386694,0.15899369625147355,0.5979249327257462,7.17424212077353,172.85187207492675,0.030303030303030304,0.30303030303030304,0.8181818181818182,0.17406015996759472,0,0,0.18181818181818182,0.5959978873187308
1786839797.1865046,1001,40.0,3,standing,standing,standing,0,0.0,0.75,0.0651968380425049,0.056141486419974934,0.1515477080766225,0.622964455080913,6.646461268528969,173.56998848880724,0.0,0.30303030303030304,0.7878787878787878,0.1699769335601458,0,0,0.21212121212121213,0.5749839731825422
1786839797.2151303,1002,40.04,3,carrying,standing,standing,0,0.0,0.6807991219173766,0.07239647337561106,0.06602907293101197,0.14219823134975892,0.6346652031956276,5.836123599841736,173.17567484894488,0.0,0.2727272727272727,0.7878787878787878,0.16575255898768904,0,0,0.21212121212121213,0.5627224440127221
1786839797.2867913,1003,40.08,3,carrying,standing,standing,0,0.0,0.6746820282147795,0.07824162582700682,0.06889876108652776,0.1370054274271141,0.6244700470246326,4.975720356196783,172.22656942853743,0.0,0.24242424242424243,0.7878787878787878,0.16140872371268797,0,0,0.21212121212121213,0.5572427836327212
1786839797.3186076,1004,40.12,3,carrying,standing,standing,0,0.0,0.6701616519062799,0.08261277616004559,0.07731811384522932,0.15024765492387798,0.6169360865104664,4.235488654400493,170.31042480729838,0.0,0.21212121212121213,0.7878787878787878,0.15930588457993197,0,0,0.21212121212121213,0.5567217873837453
1786839797.3504796,1005,40.16,3,carrying,standing,standing,0,0.0,0.6683250234403731,0.08777596126737969,0.10050359056742347,0.14374181024097915,0.6138750390672886,4.023745040674814,169.61519299054237,0.0,0.18181818181818182,0.7878787878787878,0.15799511419782203,0,0,0.21212121212121213,0.5599856425595429
1786839797.4011838,1006,40.2,3,carrying,carrying,carrying,0,0.0,0.6646248827214637,0.0857039130780201,0.107263798468944,0.13858043212828347,0.6077081378691063,4.004728141145343,168.92408207783444,0.0,0.15151515151515152,0.7878787878787878,0.1567857441295018,0,0,0.21212121212121213,0.5638218526224619
1786839797.4313102,1007,40.24,3,carrying,carrying,carrying,0,0.0,0.6670752590039399,0.09261390286488708,0.1201452398498722,0.14290496944222406,0.6117920983398999,4.254809827483901,167.7600954652411,0.0,0.12121212121212122,0.7878787878787878,0.15616969435738554,0,0,0.21212121212121213,0.5677996603440342
1786839797.5257528,1008,40.28,3,carrying,carrying,carrying,0,0.0,0.6602565304102987,0.10110523086027706,0.13369381900428529,0.14138673097623589,0.6004275506838314,4.48682792632494,166.98983604291362,0.0,0.09090909090909091,0.7878787878787878,0.15561264497157337,0,0,0.21212121212121213,0.5712476270686779
1786839797.5868638,1009,40.32,3,carrying,carrying,carrying,0,0.0,0.6520072691830986,0.10134374933094131,0.1383372816675825,0.15096399491515028,0.5866787819718311,4.333505020287297,166.25274415250044,0.0,0.06060606060606061,0.7878787878787878,0.1552252550666427,0,0,0.21212121212121213,0.5740643141619566
1786839797.6177278,1010,40.36,3,carrying,carrying,carrying,0,0.0,0.6503750043643731,0.11429559426299957,0.1327874667706409,0.16186479081751798,0.5839583406072886,3.9458303827049273,164.71908641183285,0.0,0.06060606060606061,0.7878787878787878,0.15507076864500105,0,0,0.21212121212121213,0.5762104743276095
1786839797.663908,1011,40.4,3,carrying,carrying,carrying,0,0.0,0.6459062120615748,0.12572858258202863,0.13243504483973298,0.1606978936374325,0.576510353435958,3.6885572224762733,161.96806187720324,0.0,0.06060606060606061,0.7878787878787878,0.1546754678834967,0,0,0.21212121212121213,0.5773096163009118
1786839797.7202768,1012,40.44,3,carrying,carrying,carrying,0,0.0,0.6361334024236982,0.13813283951868188,0.14130763795571954,0.1635220459867305,0.5602223373728303,3.4663268992291627,159.60230210521658,0.0,0.06060606060606061,0.7878787878787878,0.15475531312049862,0,0,0.21212121212121213,0.5771524904409113
1786839797.7547035,1013,40.48,3,carrying,carrying,carrying,0,0.0,0.6281963092179551,0.1390821338114191,0.1482089450497009,0.1464288792544859,0.546993848696592,3.280412403827441,157.1785664526466,0.0,0.06060606060606061,0.7878787878787878,0.154441221785684,0,0,0.21212121212121213,0.5761997027781595
1786839797.8097553,1014,40.52,3,carrying,carrying,carrying,0,0.0,0.6188090900737224,0.14203653741049233,0.14892303706194898,0.14183280092894268,0.531348483456204,3.1757377098964468,157.0473113853604,0.0,0.06060606060606061,0.7878787878787878,0.1538121882304849,0,0,0.21212121212121213,0.5741596905600309
1786839797.9299378,1015,40.56,3,carrying,carrying,carrying,0,0.0,0.6097082047738671,0.14860967997732213,0.1783691934097217,0.12992125457056372,0.5161803412897786,2.8783716899214986,156.83390717506387,0.0,0.06060606060606061,0.7878787878787878,0.15285994306331954,0,0,0.21212121212121213,0.5709463764472227
1786839797.9632723,1016,40.6,3,carrying,carrying,carrying,0,0.0,0.6065103565850117,0.14519823594518685,0.18058728183626405,0.13666856239270095,0.5108505943083529,2.4685313994384046,156.8068595262718,0.0,0.06060606060606061,0.7878787878787878,0.15225639343150246,0,0,0.21212121212121213,0.5678635960349119
1786839798.0113113,1017,40.64,3,carrying,carrying,carrying,0,0.0,0.602780675157435,0.14667562818763763,0.170684159641389,0.14237170521501938,0.5046344585957252,1.7305912257319847,157.6914515410126,0.0,0.06060606060606061,0.7878787878787878,0.15136670402751404,0,0,0.21212121212121213,0.5649973494436786
1786839798.1470802,1018,40.68,3,walking,carrying,carrying,0,0.0,0.8981134507245422,0.14613555146864365,0.1616604211304176,0.12926419056681449,0.49445732355038785,1.1807361696873304,157.90444384747235,0.0,0.09090909090909091,0.7878787878787878,0.15017637204760392,0,0,0.21212121212121213,0.5625331421430495
1786839798.1900036,1019,40.72,3,walking,carrying,carrying,0,0.0,0.9990595652082006,0.13719220328737258,0.1798307217374761,0.11607145897209589,0.48151461015793606,1.0383432758338496,158.98803703762314,0.0,0.12121212121212122,0.7878787878787878,0.14869696103598726,0,0,0.21212121212121213,0.5601837455387297
1786839798.2201316,1020,40.76,3,walking,carrying,carrying,0,0.0,1.0,0.1280653149968316,0.19324084449602175,0.1175546629569925,0.4685703130424125,1.1067532458443052,160.0984021280608,0.0,0.12121212121212122,0.7878787878787878,0.14643098573459135,0,0,0.21212121212121213,0.5571687952002146
1786839798.4246354,1021,40.8,3,walking,carrying,carrying,0,0.0,1.0,0.1162845729616728,0.19802272666980567,0.10700268790509403,0.46813005915509287,1.2243405745538316,162.0469187313627,0.0,0.12121212121212122,0.7878787878787878,0.14399828734994252,0,0,0.21212121212121213,0.5540364780995279
1786839798.4669576,1022,40.84,3,walking,walking,walking,0,0.0,1.0,0.11132787699689173,0.20012020693681354,0.10441207796319214,0.4849149074076702,1.2309111885900776,164.85877126515916,0.0,0.15151515151515152,0.7878787878787878,0.141736535365222,0,0,0.21212121212121213,0.5517878664831253
1786839798.4997146,1023,40.88,3,carrying,walking,walking,0,0.0,0.602697157844059,0.10289257040982643,0.18722160117107123,0.11422335878525056,0.5044952630734316,1.214450336391843,167.63500662910332,0.0,0.15151515151515152,0.7878787878787878,0.14052714936813626,0,0,0.21212121212121213,0.550717242352434
1786839798.561288,1024,40.92,3,carrying,walking,walking,0,0.0,0.6168940969316481,0.09411340206693103,0.1538393248625801,0.11457033583618093,0.5281568282194135,1.247218629489708,169.24069558920766,0.0,0.15151515151515152,0.7878787878787878,0.1398120588195142,0,0,0.21212121212121213,0.5511657591082777
1786839798.5922885,1025,40.96,3,carrying,walking,walking,0,0.0,0.6228417985176307,0.08622999009702893,0.1384537820224168,0.10499741947178326,0.5380696641960511,1.5172326406933567,169.2908203460429,0.0,0.15151515151515152,0.7878787878787878,0.13876815385475416,0,0,0.21212121212121213,0.5523089190188684
1786839798.6234608,1026,41.0,3,carrying,walking,walking,0,0.0,0.6207189187254958,0.07926677957241582,0.1349017371215996,0.10246284679028712,0.5345315312091596,2.0242793866391127,168.8185725575994,0.0,0.15151515151515152,0.7878787878787878,0.13763235241150273,0,0,0.21212121212121213,0.5528960094643467
1786839798.6729753,1027,41.04,3,carrying,walking,walking,0,0.0,0.6147128772388641,0.07734362938174366,0.12544126379262982,0.1081361218010605,0.5245214620647736,2.9110447826295336,167.6884305837819,0.0,0.15151515151515152,0.7878787878787878,0.13640001171808808,0,0,0.21212121212121213,0.5527509297637409
1786839798.7376263,1028,41.08,3,carrying,carrying,carrying,0,0.0,0.6106833373634565,0.07031011029587639,0.10877357245432973,0.11810580457513423,0.5178055622724276,3.5839112055361397,165.9055824527595,0.0,0.15151515151515152,0.8181818181818182,0.13548981104747812,0,0,0.18181818181818182,0.5518701820943324
1786839798.7691336,1029,41.12,3,walking,carrying,carrying,0,0.0,0.6,0.06878292179394639,0.09865596782818324,0.1338879268586006,0.49910811445034425,4.064467842395186,164.1189919437903,0.0,0.18181818181818182,0.8484848484848485,0.13542843361555465,0,0,0.15151515151515152,0.5498939574106273
1786839798.8199978,1030,41.16,3,walking,carrying,carrying,0,0.0,0.6,0.06865728036751216,0.09615222890032422,0.14851333108734047,0.4864743351773824,4.170566844849574,164.53318386929243,0.0,0.21212121212121213,0.8787878787878788,0.13542960675765103,0,0,0.12121212121212122,0.5481894037614444
1786839798.8588607,1031,41.2,3,walking,carrying,carrying,0,0.0,0.6,0.07057563843306919,0.08124995082793651,0.15149813198683412,0.469083407192722,3.9949018981786635,165.10947752211263,0.0,0.24242424242424243,0.9090909090909091,0.13541026170287626,0,0,0.09090909090909091,0.5459545074662617
1786839798.9180498,1032,41.24,3,walking,carrying,carrying,0,0.0,0.6,0.07630388077804627,0.07119919803835202,0.15174962934589092,0.4456883130745629,4.20516050919195,163.745993891497,0.0,0.2727272727272727,0.9393939393939394,0.1352523810132626,0,0,0.06060606060606061,0.542232205590177
1786839799.0606825,1033,41.28,3,walking,walking,walking,0,0.0,0.6,0.08157324188652287,0.07043784492908291,0.16083420340559046,0.4256142333795722,4.306861819004559,161.8207154184345,0.0,0.30303030303030304,0.9696969696969697,0.1353081539573267,0,0,0.030303030303030304,0.5370106692463535
1786839799.0935829,1034,41.32,3,walking,walking,walking,0,0.0,0.6,0.08573045074966121,0.07402812772018003,0.16656830019394764,0.40750165201799565,4.050317851097329,159.1428825934309,0.0,0.3333333333333333,1.0,0.1357633234154275,0,0,0.0,0.5304814933959622
1786839799.1259043,1035,41.36,3,walking,walking,walking,0,0.0,0.6,0.0896360391121982,0.08444176836227382,0.16451344259559175,0.40095978713623015,3.6036651185655812,155.89569206770722,0.0,0.36363636363636365,1.0,0.13643954193802846,0,0,0.0,0.5233995110911319
1786839799.2018802,1036,41.4,3,walking,walking,walking,0,0.0,0.6001817313032192,0.09144271536215037,0.10803271163457945,0.17322926968335262,0.4090734280638135,3.1509926700619193,155.02184255368866,0.0,0.3939393939393939,1.0,0.13753723412761149,0,0,0.0,0.5168723408195919
1786839799.2329552,1037,41.44,3,walking,walking,walking,0,0.0,0.6490150467586395,0.1014432693600867,0.11682270841655511,0.17188151171309993,0.4305877069537135,2.381821840410071,155.99290870349392,0.0,0.42424242424242425,1.0,0.13819280554546667,0,0,0.0,0.5112254202269629
1786839799.271834,1038,41.48,3,walking,walking,walking,0,0.0,0.6569890668046929,0.10303795493825217,0.11825803202484472,0.16168726411662554,0.4421474850311303,2.089204568896448,158.07045463424896,0.0,0.45454545454545453,1.0,0.138736607178062,0,0,0.0,0.50602155495314
1786839799.3219006,1039,41.52,3,walking,walking,walking,0,0.0,0.6220219427607518,0.10557942246183394,0.11196394969693532,0.16093773605956121,0.47075069295911426,2.1191691379764257,159.07900982093332,0.0,0.48484848484848486,1.0,0.1394141012365856,0,0,0.0,0.5018713293498069
1786839799.3550537,1040,41.56,3,walking,walking,walking,0,0.0,0.6354636725387769,0.11272566831995004,0.11438346105697983,0.16479869283899276,0.48207507193679483,2.4123801917577437,158.5366299335574,0.0,0.5151515151515151,1.0,0.14007754740012404,0,0,0.0,0.4979405103678946
1786839799.4025168,1041,41.6,3,walking,walking,walking,0,0.0,0.699978711260532,0.11504353840235838,0.12599616802689576,0.180040874222718,0.5092242450173387,3.0452958418229668,156.77350892551166,0.0,0.5454545454545454,1.0,0.14124888507425987,0,0,0.0,0.49517677383254644
1786839799.4936216,1042,41.64,3,carrying,walking,walking,0,0.0,0.6413387421790827,0.1261065435124886,0.14538267507475788,0.17379360037250124,0.5688979036318045,3.521066912572823,156.51468065868193,0.0,0.5454545454545454,1.0,0.1419406913002402,0,0,0.0,0.494637959337394
1786839799.53638,1043,41.68,3,carrying,walking,walking,0,0.0,0.6564246054067459,0.12646608699620682,0.1528388052275244,0.16614580499532877,0.5940410090112431,4.035806838330292,158.8672007322919,0.0,0.5454545454545454,1.0,0.14207041900259806,0,0,0.0,0.4949434947435745
1786839799.5855682,1044,41.72,3,carrying,walking,walking,0,0.0,0.6713616534774306,0.12197286864521967,0.14312918003524966,0.17325710868039546,0.6189360891290511,4.536188820242495,162.30909319561195,0.0,0.5454545454545454,1.0,0.1424510012766273,0,0,0.0,0.49622912309791073
1786839799.6348567,1045,41.76,3,carrying,walking,walking,0,0.0,0.689676887773746,0.11801229095020092,0.1318587964735532,0.15602022789288308,0.6494614796229101,4.9963509787231235,166.81030728727575,0.0,0.5454545454545454,1.0,0.1422236734556016,0,0,0.0,0.4989333395297313
1786839799.6647718,1046,41.8,3,carrying,carrying,carrying,0,0.0,0.6982079257469712,0.10975786703837773,0.11816422956288214,0.16614233585242746,0.6636798762449521,5.066441718519202,169.27606329996587,0.0,0.5454545454545454,1.0,0.1428210509282665,0,0,0.0,0.5024692797584696
1786839799.7210445,1047,41.84,3,carrying,carrying,carrying,0,0.0,0.7185353344295292,0.1092739705223625,0.12452315606133062,0.17546720920921058,0.6975588907158821,5.151408871752593,170.0120015748155,0.0,0.5454545454545454,1.0,0.14384027542160793,0,0,0.0,0.5075059587663386
1786839799.7899814,1048,41.88,3,carrying,carrying,carrying,0,0.0,0.7337986001139232,0.10362301417299888,0.13020977702539832,0.14421157104784754,0.7229976668565387,4.893573577509148,170.0715569049189,0.0,0.5454545454545454,1.0,0.14427331531485899,0,0,0.0,0.5137731504501797
1786839799.8239574,1049,41.92,3,carrying,carrying,carrying,0,0.0,0.7200830446007135,0.0956497808776228,0.13483038169244665,0.136365410518198,0.7001384076678558,4.443470290854722,170.4221982228948,0.0,0.5454545454545454,1.0,0.1442641288944195,0,0,0.0,0.519509144794407
1786839799.8624938,1050,41.96,3,carrying,carrying,carrying,0,0.0,0.7105982359589551,0.08885992873484322,0.12662414445132225,0.045640786519768564,0.6843303932649252,3.943843707885923,171.32592748802847,0.0,0.5454545454545454,1.0,0.14133288893395735,0,0,0.0,0.5249544761480193
1786839799.9327557,1051,42.0,3,carrying,carrying,carrying,0,0.0,0.6875357161828948,0.0685194843934714,0.11937484051237043,0.033758615892481005,0.6458928603048247,3.370708027004582,173.2862404761418,0.0,0.5151515151515151,1.0,0.1384387806104927,0,0,0.0,0.5295434318072446
1786839799.963492,1052,42.04,3,carrying,carrying,carrying,0,0.0,0.6522854629800886,0.060628753508186556,0.11139008560139826,0.044900267231011294,0.5871424383001477,2.759731202861272,174.81168995787164,0.0,0.48484848484848486,1.0,0.13628207783045984,0,0,0.0,0.5327442750842813
1786839800.0156155,1053,42.08,3,carrying,carrying,carrying,0,0.0,0.6625570822756695,0.05607611922715974,0.1043813560523034,0.06106309423610109,0.6042618037927824,2.243778810884842,174.9463812420244,0.0,0.45454545454545453,1.0,0.13457021211164494,0,0,0.0,0.5368561384403531
1786839800.077989,1054,42.12,3,carrying,carrying,carrying,0,0.0,0.6712109347957528,0.0541531569423406,0.09336545826256741,0.06159286989266992,0.6186848913262547,2.1316351360155026,174.6241744051137,0.0,0.42424242424242425,1.0,0.1331941570203594,0,0,0.0,0.5414184060819034
1786839800.1089683,1055,42.16,3,carrying,carrying,carrying,0,0.0,0.6667996500534338,0.06163599150555515,0.10847425060810087,0.06345587340674558,0.6113327500890563,2.0163449834136484,173.82155126681937,0.0,0.3939393939393939,1.0,0.13195305991258827,0,0,0.0,0.5452492497995212
1786839800.1406763,1056,42.2,3,carrying,carrying,carrying,0,0.0,0.6694315867310703,0.05899569693596532,0.10287207627454631,0.08192742864495882,0.6157193112184505,2.1126103028422967,172.78914679752728,0.0,0.3939393939393939,1.0,0.13097439536288244,0,0,0.0,0.5486196755008855
1786839800.3776956,1057,42.24,3,carrying,carrying,carrying,0,0.0,0.6603568085391721,0.059359429563103014,0.09487080683125038,0.08269570212424489,0.6005946808986202,2.440067701219931,172.33129694677868,0.0,0.3939393939393939,1.0,0.13000849737161166,0,0,0.0,0.5508147619457099
1786839800.6805458,1058,42.28,3,carrying,carrying,carrying,0,0.0,0.660553450236289,0.05827600373268175,0.090406547385717,0.09167816862214759,0.6009224170604817,2.897243946491936,172.48065575321576,0.0,0.3939393939393939,1.0,0.12960488370950143,0,0,0.0,0.5527193908203896
1786839800.984849,1059,42.32,3,carrying,carrying,carrying,0,0.0,0.6660612294740498,0.05562384493360227,0.09955884117203974,0.10134866693014954,0.6101020491234164,3.3136023692976324,172.53572618122251,0.0,0.3939393939393939,1.0,0.12957112068343674,0,0,0.0,0.555009406514761
1786839801.487001,1060,42.36,3,carrying,carrying,carrying,0,0.0,0.6749589546298932,0.05418671297031286,0.09542019815424295,0.11317320515007648,0.6249315910498221,3.486940415529658,172.76789751052743,0.0,0.3939393939393939,1.0,0.12972375957280083,0,0,0.0,0.5580521376961262
1786839801.7402787,1061,42.4,3,carrying,carrying,carrying,0,0.0,0.6842296540273148,0.059865742467843916,0.09492747447585122,0.10617098555354948,0.6403827567121915,3.4298101413404387,172.708287687203,0.0,0.3939393939393939,1.0,0.12936209839032858,0,0,0.0,0.5617665981336948
1786839801.9438636,1062,42.44,3,carrying,carrying,carrying,0,0.0,0.6847376155500146,0.06628900940921567,0.10648780663424906,0.1000362949651984,0.6412293592500243,3.6958392677727097,172.4283159959857,0.0,0.36363636363636365,1.0,0.12833629136325575,0,0,0.0,0.5660733025215638
1786839802.3135788,1063,42.48,3,carrying,carrying,carrying,0,0.0,0.6770715893523332,0.06759227193197193,0.11199599147452906,0.1013304087398089,0.6284526489205554,3.694140783515002,171.5410562561922,0.0,0.3333333333333333,1.0,0.126906505837573,0,0,0.0,0.5703756756652963
1786839802.6053545,1064,42.52,3,carrying,carrying,carrying,0,0.0,0.6665308397545462,0.06586006697179235,0.10025970222151076,0.10329652424100469,0.6108847329242437,3.2978388354057833,170.79859155479386,0.0,0.30303030303030304,1.0,0.12544585105739636,0,0,0.0,0.5746726855359485
1786839802.827619,1065,42.56,3,carrying,carrying,carrying,0,0.0,0.6671507015147252,0.06176942984250622,0.0957921607336846,0.09795117139976234,0.6119178358578754,2.9018580973674974,170.21316234042715,0.0,0.2727272727272727,1.0,0.12381559475599851,0,0,0.0,0.5797099438021096
1786839803.3620608,1066,42.6,3,carrying,carrying,carrying,0,0.0,0.662324692816915,0.05787715262432702,0.09397937321831623,0.09950290490521366,0.6038744880281917,2.4800200417400027,170.69287515659533,0.0,0.24242424242424243,1.0,0.12195707055901739,0,0,0.0,0.5851117697005526
1786839803.6184194,1067,42.64,3,carrying,carrying,carrying,0,0.0,0.6621377655525408,0.05892615072625716,0.09345245606830083,0.0978530929505679,0.6035629425875679,2.0347473138695387,171.44101488509034,0.0,0.21212121212121213,1.0,0.11987479155164224,0,0,0.0,0.5910530209299335
1786839803.8094366,1068,42.68,3,carrying,carrying,carrying,0,0.0,0.6584296124362435,0.05669891644350985,0.08152624454567402,0.09974332181259084,0.5973826873937393,1.7220554391613163,170.45481068338995,0.0,0.18181818181818182,1.0,0.11791206061882403,0,0,0.0,0.5970052300286458
1786839804.241738,1069,42.72,3,carrying,carrying,carrying,0,0.0,0.6587814393088179,0.05798593593047146,0.07736945942374439,0.09394046731969521,0.5979690655146966,1.439371827912813,169.17028267177216,0.0,0.15151515151515152,1.0,0.11550936963810715,0,0,0.0,0.6027293402544301
1786839804.463418,1070,42.76,3,carrying,carrying,carrying,0,0.0,0.6610799489639422,0.05575106946551186,0.07769193054949233,0.10744162927821603,0.6017999149399036,1.3527423318109872,166.60096265592878,0.0,0.12121212121212122,1.0,0.11355664592795914,0,0,0.0,0.6079175889812845
1786839804.768387,1071,42.8,3,walking,carrying,carrying,0,0.0,0.6,0.04973750819009377,0.0646886127831568,0.11591487820163898,0.5872165551576297,1.4704666143414449,164.99053070000315,0.0,0.12121212121212122,1.0,0.11216960393053532,0,0,0.0,0.6123136214093601
1786839805.0958073,1072,42.84,3,standing,carrying,carrying,0,0.0,0.75,0.04772589701916949,0.05752194357239583,0.11542855137609004,0.5690719895422118,1.1818797377177623,164.20603734933567,0.0,0.09090909090909091,0.9696969696969697,0.11079053772800589,0,0,0.030303030303030304,0.6152930546391511
1786839805.1272967,1073,42.88,3,standing,carrying,carrying,0,0.0,0.75,0.03925434270539238,0.05494057255107652,0.1067098055779668,0.5436748628764998,1.093095425963795,164.7142389863487,0.0,0.06060606060606061,0.9393939393939394,0.1090302684170657,0,0,0.06060606060606061,0.6171597149706572
1786839805.1583588,1074,42.92,3,standing,carrying,carrying,0,0.0,0.75,0.03922394674568777,0.05004959328882256,0.10142418623848633,0.5188232738699806,1.0886955843048922,165.2676304938338,0.0,0.030303030303030304,0.9090909090909091,0.10664794453875565,0,0,0.09090909090909091,0.6174505946328585
1786839805.2126644,1075,42.96,3,standing,carrying,carrying,0,0.0,0.75,0.04098608851093228,0.045713839935447614,0.09996467706220699,0.48990927708842186,1.2315602256324847,166.16662962640538,0.0,0.030303030303030304,0.8787878787878788,0.1044107044384437,0,0,0.12121212121212122,0.6150569998891197
1786839805.2434425,1076,43.0,3,standing,standing,standing,0,0.0,0.75,0.03445245747658879,0.04060106714660601,0.09048908783888157,0.4609387584608249,1.489810166672239,166.16448152968934,0.0,0.030303030303030304,0.8484848484848485,0.10211807664582409,0,0,0.15151515151515152,0.6110235983572888
1786839805.2763343,1077,43.04,3,standing,standing,standing,0,0.0,0.75,0.03904842178762172,0.05872638825796851,0.09004823287329991,0.45761636121957266,1.639180313564997,164.34288351206607,0.0,0.030303030303030304,0.8181818181818182,0.0995965955607606,0,0,0.18181818181818182,0.6061351217539712
1786839805.4044173,1078,43.08,3,walking,standing,standing,0,0.0,0.6,0.03914313162184357,0.06892730108301245,0.09086214436474868,0.44971342928649244,1.84097757139716,164.0715535175161,0.0,0.06060606060606061,0.8181818181818182,0.09762210818112016,0,0,0.18181818181818182,0.6000821505316557
1786839805.434876,1079,43.12,3,walking,standing,standing,0,0.0,0.6,0.03594584639231378,0.06505996624106244,0.09322826171114,0.416048156212006,1.9796783185005467,164.7498298087177,0.0,0.09090909090909091,0.8181818181818182,0.09541259078289932,0,0,0.18181818181818182,0.5925781590155057
1786839805.4780939,1080,43.16,3,walking,standing,standing,0,0.0,0.6,0.04018073367230793,0.07488443457106377,0.09206087271197708,0.38795413762991954,2.556231740962711,166.60133588282244,0.0,0.12121212121212122,0.8181818181818182,0.09288512604055892,0,0,0.18181818181818182,0.5831961968007795
1786839805.542706,1081,43.2,3,walking,standing,standing,0,0.0,0.6,0.04467199806947105,0.08774243047948142,0.0983915658318954,0.38373666012829194,3.0340436783543665,168.2192028705091,0.0,0.15151515151515152,0.8181818181818182,0.09149664103401492,0,0,0.18181818181818182,0.572915560233257
1786839805.573357,1082,43.24,3,walking,walking,walking,0,0.0,0.6,0.0557556490335549,0.09245271949156392,0.12420273991087069,0.4134755084632781,3.4612351315866783,169.50254785236672,0.0,0.18181818181818182,0.8181818181818182,0.0911280752580353,0,0,0.18181818181818182,0.564228805711906
1786839805.613246,1083,43.28,3,walking,walking,walking,0,0.0,0.6,0.06103135505968836,0.08778140920964916,0.14114976142645602,0.4322821762668044,3.7646731834426923,169.77258218821996,0.0,0.21212121212121213,0.8181818181818182,0.094022286618844,0,0,0.18181818181818182,0.5565909809543872
1786839805.7017941,1084,43.32,3,walking,walking,walking,0,0.0,0.6,0.06527160754911313,0.09147012399030098,0.136332245463473,0.45910896447428146,4.162077228037777,169.9425532477154,0.0,0.24242424242424243,0.8181818181818182,0.09713057842402559,0,0,0.18181818181818182,0.5509308628989162
1786839805.7332537,1085,43.36,3,walking,walking,walking,0,0.0,0.6,0.07057220545037021,0.09609585990094524,0.13874067686853092,0.4866016651136807,4.327419527307638,170.0148414080079,0.0,0.2727272727272727,0.8181818181818182,0.09997422720092011,0,0,0.18181818181818182,0.5478841728023567
1786839805.766859,1086,43.4,3,carrying,walking,walking,0,0.0,0.6080187633520933,0.07083462574869989,0.08702227007654802,0.13246837219943752,0.5133646055868221,4.01988074395287,170.02490318894948,0.0,0.2727272727272727,0.8181818181818182,0.10213802350283942,0,0,0.18181818181818182,0.545129712250661
1786839805.8136098,1087,43.44,3,carrying,walking,walking,0,0.0,0.6103556826921326,0.07100053637742756,0.08817040873858399,0.1386642814389515,0.5172594711535544,4.042433813189103,171.24788259548413,0.0,0.2727272727272727,0.8181818181818182,0.10447352082242368,0,0,0.18181818181818182,0.5420562146696699
1786839805.8426342,1088,43.48,3,carrying,walking,walking,0,0.0,0.6173473772639113,0.07603797749131974,0.10285710746633797,0.13739573022961613,0.5289122954398523,3.7464097085609147,172.69453923682042,0.0,0.2727272727272727,0.8181818181818182,0.10671412254432887,0,0,0.18181818181818182,0.5395586251348456
1786839805.8721337,1089,43.52,3,carrying,walking,walking,0,0.0,0.6330034060067192,0.0766145949498144,0.10981151743862481,0.13130164584597456,0.5550056766778654,3.400839977680281,173.49645819031946,0.0,0.2727272727272727,0.8181818181818182,0.10821031094435964,0,0,0.18181818181818182,0.5377188180275552
1786839805.9400656,1090,43.56,3,carrying,carrying,carrying,0,0.0,0.6437495132023118,0.08168788507374924,0.11731669241487713,0.1336773080142409,0.5729158553371864,3.0851115872376043,173.80911911834033,0.0,0.2727272727272727,0.8181818181818182,0.10975520809254134,0,0,0.18181818181818182,0.5368800657378148
1786839805.971072,1091,43.6,3,carrying,carrying,carrying,0,0.0,0.6537646308092839,0.07791927042333574,0.12357420930702477,0.11129999875258376,0.5896077180154732,2.9565619567555785,173.5924871133238,0.0,0.2727272727272727,0.8181818181818182,0.11034980900558485,0,0,0.18181818181818182,0.5365371960697841
1786839806.0010865,1092,43.64,3,carrying,carrying,carrying,0,0.0,0.6491729860598481,0.07639739045024728,0.14095186849624564,0.10127321693903651,0.5819549767664135,2.949044820058435,172.31825839196114,0.0,0.2727272727272727,0.8181818181818182,0.1103475226422178,0,0,0.18181818181818182,0.5356842544832084
1786839806.0511954,1093,43.68,3,carrying,carrying,carrying,0,0.0,0.6515158045064517,0.07525534656550495,0.1444732939099112,0.10311459275564278,0.5858596741774196,3.064612743611197,171.01125579454438,0.0,0.2727272727272727,0.8181818181818182,0.11004271620602285,0,0,0.18181818181818182,0.5345002570022265
1786839806.1048486,1094,43.72,3,carrying,carrying,carrying,0,0.0,0.6521280185527247,0.07751338680128761,0.1626565943684785,0.10854495384930461,0.5868800309212079,3.168412446047555,170.7815741392619,0.0,0.2727272727272727,0.8181818181818182,0.11011465463922754,0,0,0.18181818181818182,0.5328789622812875
1786839806.1463015,1095,43.76,3,carrying,carrying,carrying,0,0.0,0.655222081893718,0.07983245230038459,0.16490272409652149,0.11307375341709663,0.5920368031561968,3.307570625837652,171.26548683363745,0.0,0.2727272727272727,0.8181818181818182,0.11050972913776991,0,0,0.18181818181818182,0.5313882787632929
1786839806.1964357,1096,43.8,3,carrying,carrying,carrying,0,0.0,0.6595673644231398,0.08675051362106914,0.1606216787108283,0.11084836562673749,0.599278940705233,3.4286561765084507,172.18380819109265,0.0,0.2727272727272727,0.8181818181818182,0.11079815207373744,0,0,0.18181818181818182,0.5305042269991921
1786839806.2268727,1097,43.84,3,carrying,carrying,carrying,0,0.0,0.6626296482099535,0.09185026195174271,0.14471085135072953,0.11726270764116323,0.6043827470165892,3.2306302801429125,173.31491868064316,0.0,0.2727272727272727,0.8181818181818182,0.11122136975253014,0,0,0.18181818181818182,0.5303071971232025
1786839806.2712631,1098,43.88,3,carrying,carrying,carrying,0,0.0,0.6633434137205171,0.09812967636355908,0.13504066945291343,0.12178956282663041,0.6055723562008619,3.2599752574684815,173.63501067186428,0.0,0.2727272727272727,0.8181818181818182,0.111943745250314,0,0,0.18181818181818182,0.5301149098608687
1786839806.3610384,1099,43.92,3,carrying,carrying,carrying,0,0.0,0.6646453419938282,0.09737222333472427,0.12098180954603983,0.11322224567874185,0.6077422366563804,3.3394481771640003,173.13034337877178,0.0,0.2727272727272727,0.8181818181818182,0.1123594828495118,0,0,0.18181818181818182,0.5302321143647533
1786839806.3922486,1100,43.96,3,carrying,carrying,carrying,0,0.0,0.6669294340102667,0.09975887004775554,0.11846758624360529,0.11872249356241388,0.6115490566837779,3.204037084248499,172.93058716320348,0.0,0.2727272727272727,0.8181818181818182,0.11299188892865868,0,0,0.18181818181818182,0.5304741178222141
1786839806.4235027,1101,44.0,3,carrying,carrying,carrying,0,0.0,0.6664192985761872,0.10143828959718822,0.11732114919856576,0.11130164779379542,0.6106988309603121,3.328158351815273,172.48862310041304,0.0,0.2727272727272727,0.8181818181818182,0.11334214123111941,0,0,0.18181818181818182,0.5308776373242315
1786839806.4724674,1102,44.04,3,carrying,carrying,carrying,0,0.0,0.6672771735896402,0.10201481533582323,0.12033931901609465,0.11302548741728757,0.6121286226494005,3.5950488784897403,173.07157373947874,0.0,0.2727272727272727,0.8181818181818182,0.1139204751734707,0,0,0.18181818181818182,0.5313067148131619
1786839806.5042431,1103,44.08,3,carrying,carrying,carrying,0,0.0,0.66330668743744,0.10171030886615896,0.1202820421473772,0.1260852694496108,0.6055111457290668,3.81930908105858,174.72979156374225,0.0,0.2727272727272727,0.8181818181818182,0.11448543396654327,0,0,0.18181818181818182,0.5314191763522276
1786839806.5618718,1104,44.12,3,carrying,carrying,carrying,0,0.0,0.6590169458155811,0.10060369884598291,0.12235357341576433,0.12517405402648493,0.598361576359302,4.103131617605283,174.80930021513015,0.0,0.24242424242424243,0.8181818181818182,0.11476601505214466,0,0,0.18181818181818182,0.5317569042674298
1786839806.614519,1105,44.16,3,carrying,carrying,carrying,0,0.0,0.654831609481505,0.095489919975566,0.11462235380458487,0.1202531920462917,0.5913860158025083,4.140046382023584,174.62473917665795,0.0,0.24242424242424243,0.8484848484848485,0.11491221628457501,0,0,0.15151515151515152,0.532433086881378
1786839806.6451025,1106,44.2,3,carrying,carrying,carrying,0,0.0,0.6496303869605864,0.09048418886730879,0.13195235808439423,0.11316981459931948,0.5827173116009773,4.342683664375085,174.2560488693918,0.0,0.24242424242424243,0.8787878787878788,0.11510797413370691,0,0,0.12121212121212122,0.5336161913881804
1786839806.6941075,1107,44.24,3,carrying,carrying,carrying,0,0.0,0.6480176635798639,0.08058229414424602,0.12398682518079639,0.11534856487842994,0.5800294392997731,4.672592844457126,172.734302762282,0.0,0.24242424242424243,0.9090909090909091,0.11552992500158399,0,0,0.09090909090909091,0.5354709236739318
1786839806.7748485,1108,44.28,3,carrying,carrying,carrying,0,0.0,0.6456533678750965,0.07585653188012426,0.12903692625502322,0.11676147328888896,0.5760889464584942,4.627671171525644,171.4817517049225,0.0,0.24242424242424243,0.9393939393939394,0.11603891882663496,0,0,0.06060606060606061,0.5380824288063581
1786839806.8145015,1109,44.32,3,carrying,carrying,carrying,0,0.0,0.6371077159261724,0.074028998490699,0.1387384046599337,0.1170737591004035,0.5618461932102875,4.884893108359434,171.9156661229335,0.0,0.24242424242424243,0.9696969696969697,0.11684451492546896,0,0,0.030303030303030304,0.5411402298593722
1786839806.8440914,1110,44.36,3,carrying,carrying,carrying,0,0.0,0.6330601250304287,0.07362381774318977,0.13288378656688482,0.125915329810625,0.5551002083840479,5.205967141906482,171.8052359072098,0.0,0.24242424242424243,1.0,0.11793139665084244,0,0,0.0,0.5440942858340533
1786839806.896118,1111,44.4,3,carrying,carrying,carrying,0,0.0,0.6292528559782425,0.07973729604226369,0.12258598503674639,0.12557802241978466,0.5487547599637377,5.241903018594785,172.05287943542245,0.0,0.21212121212121213,1.0,0.1189833929555405,0,0,0.0,0.5470955382788184
1786839806.9293892,1112,44.44,3,carrying,carrying,carrying,0,0.0,0.6230917558165893,0.08318198713216854,0.1025039222938096,0.11075693782587773,0.5384862596943154,5.1554334474236,171.93835598644142,0.0,0.18181818181818182,1.0,0.1195145649590174,0,0,0.0,0.5508057838388882
1786839807.029619,1113,44.48,3,carrying,carrying,carrying,0,0.0,0.615113020871674,0.08574880656829703,0.0987198734516991,0.1228866799847829,0.5251883681194567,5.109285252599702,169.84079726037322,0.0,0.15151515151515152,1.0,0.12044868033092063,0,0,0.0,0.5549643968840259
1786839807.0924926,1114,44.52,3,carrying,carrying,carrying,0,0.0,0.6025670591726466,0.08368869979303178,0.10245282197682182,0.12880906686858312,0.504278431954411,5.277357368865734,168.55126505495727,0.0,0.12121212121212122,1.0,0.12137042278657781,0,0,0.0,0.5586171778484537
1786839807.1245277,1115,44.56,3,walking,carrying,carrying,0,0.0,0.6,0.0807956712701622,0.08802840096553118,0.12983834530605867,0.47207849936328417,5.8601194722895675,167.0722763819607,0.0,0.12121212121212122,1.0,0.12154119870764411,0,0,0.0,0.5603930260575448
1786839807.1759899,1116,44.6,3,walking,carrying,carrying,0,0.0,0.6,0.08068259057623518,0.09010337319325369,0.12921378819592294,0.45016693449382233,6.614958079387352,165.97226211395576,0.0,0.12121212121212122,1.0,0.12117950254914311,0,0,0.0,0.5609349884280604
1786839807.2310085,1117,44.64,3,walking,carrying,carrying,0,0.0,0.6,0.07392209493679926,0.0796554402210378,0.12339487614238946,0.43443948498933926,7.158851938726704,166.5417121255395,0.0,0.12121212121212122,1.0,0.12078746105456484,0,0,0.0,0.5601874284436682
1786839807.2628798,1118,44.68,3,walking,carrying,carrying,0,0.0,0.6,0.06711446819021012,0.06246601557757129,0.1198889236401584,0.4249486132269384,7.84640940568916,167.33134289184915,0.0,0.12121212121212122,1.0,0.12021619580522022,0,0,0.0,0.5583191541440699
1786839807.2966936,1119,44.72,3,standing,walking,walking,0,0.0,0.75,0.06412134256310527,0.057489512835017034,0.11392664079686231,0.4325758246384207,8.188052017081061,167.006978079549,0.0,0.12121212121212122,0.9696969696969697,0.11965432515665733,0,0,0.030303030303030304,0.5558710092668456
1786839807.3507073,1120,44.76,3,walking,walking,walking,0,0.0,0.6,0.05724476273366133,0.0616843600399961,0.11237658726977588,0.4353708093563668,8.28806307341445,166.49134072146612,0.0,0.15151515151515152,0.9696969696969697,0.118857728363652,0,0,0.030303030303030304,0.5533895346669309
1786839807.540368,1121,44.8,3,walking,walking,walking,0,0.0,0.6,0.052393044629791496,0.061539504421530146,0.10792958030916376,0.43721314491275765,8.322965838791664,165.51375410629095,0.0,0.18181818181818182,0.9696969696969697,0.1179648147296989,0,0,0.030303030303030304,0.5506107725297462
1786839807.5741918,1122,44.84,3,standing,walking,walking,0,0.0,0.75,0.044599636940853726,0.05488416685390232,0.09475887751579717,0.4487293078239688,8.191194441023724,163.55376579049062,0.0,0.18181818181818182,0.9393939393939394,0.11685745811363292,0,0,0.06060606060606061,0.5473902765038705
1786839807.6445084,1123,44.88,3,standing,walking,walking,0,0.0,0.75,0.04611969289008968,0.05534624206749002,0.0904715053381108,0.4718773601074293,8.202295249064498,163.19569359945157,0.0,0.18181818181818182,0.9090909090909091,0.1155481913658714,0,0,0.09090909090909091,0.5443285039211505
1786839807.67564,1124,44.92,3,walking,walking,walking,0,0.0,0.6,0.04631332163205995,0.06109031465861852,0.07892310327361066,0.5027799258919864,7.916375393188453,162.67055931072395,0.0,0.21212121212121213,0.9090909090909091,0.11456707332105404,0,0,0.09090909090909091,0.5416973587052872
1786839807.7181995,1125,44.96,3,walking,walking,walking,0,0.0,0.6,0.04788247175414024,0.06880026188405924,0.06739802991362154,0.5399692964204483,7.384032316009001,162.67221755795174,0.0,0.24242424242424243,0.9090909090909091,0.11354055250210207,0,0,0.09090909090909091,0.5404250653614702
1786839807.7779248,1126,45.0,3,carrying,walking,walking,0,0.0,0.640794744310889,0.0545200903368152,0.08074743120819468,0.07205403260352244,0.5679912405181484,6.740254290037905,162.67215055248047,0.0,0.24242424242424243,0.9090909090909091,0.11259932340658327,0,0,0.09090909090909091,0.5398835976748256
1786839807.8196774,1127,45.04,3,carrying,walking,walking,0,0.0,0.6529697950262054,0.06042508781261099,0.08628740046709954,0.06736389244948646,0.5882829917103425,6.199685780267897,162.81002347963877,0.0,0.24242424242424243,0.9090909090909091,0.11135141245507363,0,0,0.09090909090909091,0.5399261116381329
1786839807.858707,1128,45.08,3,carrying,walking,walking,0,0.0,0.6575044203455181,0.07209544081449762,0.08147138070020832,0.06928797992710961,0.5958407005758637,5.7620586055112115,162.72962293087002,0.0,0.24242424242424243,0.9090909090909091,0.11002457083416493,0,0,0.09090909090909091,0.5400413812569106
1786839807.9088287,1129,45.12,3,carrying,walking,walking,0,0.0,0.6601507263982973,0.07838061911051657,0.08352488223508993,0.07013669966409765,0.6002512106638288,5.38626587676203,161.60120441111152,0.0,0.24242424242424243,0.9090909090909091,0.10879088398681219,0,0,0.09090909090909091,0.5400708439829286
1786839807.9405756,1130,45.16,3,carrying,carrying,carrying,0,0.0,0.6667497178256138,0.08601471747143899,0.09488186675047577,0.07416864205791623,0.6112495297093563,4.8275880442490005,159.9318608289885,0.0,0.24242424242424243,0.9090909090909091,0.1074850032115623,0,0,0.09090909090909091,0.5402789283069519
1786839807.975731,1131,45.2,3,carrying,carrying,carrying,0,0.0,0.672788101382301,0.09488756066586164,0.1061201995437826,0.07870524588349988,0.6213135023038352,4.351642323613939,159.0805886460185,0.0,0.24242424242424243,0.9090909090909091,0.10617941784964925,0,0,0.09090909090909091,0.5407559327343148
1786839808.0436735,1132,45.24,3,carrying,carrying,carrying,0,0.0,0.6795184797354804,0.0984812867283703,0.11344947870967476,0.08027509493198055,0.632530799559134,3.970104804132493,160.25431524136883,0.0,0.24242424242424243,0.9090909090909091,0.10518101934217162,0,0,0.09090909090909091,0.5415071013071254
1786839808.0834649,1133,45.28,3,carrying,carrying,carrying,0,0.0,0.6803177934668412,0.1057627881091545,0.110770455572541,0.0837628947979361,0.6338629891114019,3.536092330096392,161.10625715750342,0.0,0.24242424242424243,0.9090909090909091,0.10412163756142988,0,0,0.09090909090909091,0.5421832810776596
1786839808.1142714,1134,45.32,3,carrying,carrying,carrying,0,0.0,0.6826105606037062,0.11014007572119619,0.11007775855615498,0.09642813615507545,0.6376842676728437,3.011307458129757,162.00080970369743,0.0,0.24242424242424243,0.9090909090909091,0.10367092508752929,0,0,0.09090909090909091,0.5430010215840998
1786839808.166328,1135,45.36,3,carrying,carrying,carrying,0,0.0,0.6869979132074391,0.1132156302795647,0.10255942890815925,0.1003416063301714,0.6449965220123985,2.657834004668095,162.45396434442438,0.0,0.24242424242424243,0.9090909090909091,0.10328656505458636,0,0,0.09090909090909091,0.5439970185344937
1786839808.199509,1136,45.4,3,carrying,carrying,carrying,0,0.0,0.6879535476999034,0.11424883358905502,0.1027273102723712,0.10812810457627713,0.6465892461665057,2.261442353513501,162.03332588789308,0.0,0.24242424242424243,0.9090909090909091,0.10274240854327324,0,0,0.09090909090909091,0.5452418094568404
1786839808.2349823,1137,45.44,3,carrying,carrying,carrying,0,0.0,0.6940127458755817,0.10684279374025815,0.10882424542424791,0.10519233615022376,0.6566879097926362,2.0866425040497534,158.6347821934993,0.0,0.24242424242424243,0.9090909090909091,0.1021369019409623,0,0,0.09090909090909091,0.5470092741063353
1786839808.2853115,1138,45.48,3,carrying,carrying,carrying,0,0.0,0.704304785480601,0.10496062803372413,0.1227237175719474,0.10272541117913721,0.6738413091343352,1.9559709645366687,153.8759840432042,0.0,0.24242424242424243,0.9090909090909091,0.10160575706620004,0,0,0.09090909090909091,0.549507919358815
1786839808.3154712,1139,45.52,3,carrying,carrying,carrying,0,0.0,0.7009921624738452,0.09895277380185227,0.12264801413531873,0.08696948658446185,0.6683202707897421,1.8911737758666392,150.93795231601243,0.0,0.24242424242424243,0.9090909090909091,0.10081180773241648,0,0,0.09090909090909091,0.5521019484251412
1786839808.3521948,1140,45.56,3,carrying,carrying,carrying,0,0.0,0.6917472998503744,0.09333587458754077,0.12085196186195939,0.07806677068757858,0.6529121664172908,2.1362812156414503,151.24141616873573,0.0,0.24242424242424243,0.9090909090909091,0.09968205639329976,0,0,0.09090909090909091,0.5543105159135508
1786839808.4019773,1141,45.6,3,carrying,carrying,carrying,0,0.0,0.6945893923984897,0.09192621172683846,0.11508247874704673,0.075340530752036,0.6576489873308162,2.5726200422923786,152.40163234295255,0.0,0.24242424242424243,0.9090909090909091,0.09842687631642541,0,0,0.09090909090909091,0.5567820323036212
1786839808.4563584,1142,45.64,3,carrying,carrying,carrying,0,0.0,0.69444665298321,0.08970849520293801,0.11339868170686294,0.0813759308908952,0.65741108830535,3.426643902748304,152.80422882165755,0.0,0.24242424242424243,0.9090909090909091,0.0973451239464403,0,0,0.09090909090909091,0.5596779382155926
1786839808.4886198,1143,45.68,3,carrying,carrying,carrying,0,0.0,0.6922500886945494,0.08771821398184725,0.10954825621674298,0.08148536648721928,0.6537501478242491,4.921332634572851,152.6315202364841,0.0,0.24242424242424243,0.9090909090909091,0.09599876142148864,0,0,0.09090909090909091,0.5626673303198412
1786839808.5356395,1144,45.72,3,carrying,carrying,carrying,0,0.0,0.6962946566402546,0.08550113906982888,0.1049692719032142,0.0884690484400101,0.6604910944004244,7.249391751761715,151.49730767499273,0.0,0.24242424242424243,0.9090909090909091,0.09487424705846516,0,0,0.09090909090909091,0.5660532798482256
1786839808.5661833,1145,45.76,3,carrying,carrying,carrying,0,0.0,0.7069243528631578,0.08219447921266211,0.09877155500438553,0.11001233788201649,0.6782072547719297,9.94552590140812,149.87223124395484,0.0,0.24242424242424243,0.9090909090909091,0.0948516834238027,0,0,0.09090909090909091,0.5702872493960323
1786839808.6074839,1146,45.8,3,carrying,carrying,carrying,0,0.0,0.731336225248219,0.07794445008074499,0.09535625500880159,0.12082273414479443,0.7188937087470316,13.954078376806404,148.74293103207714,0.0,0.24242424242424243,0.9090909090909091,0.0947891396104697,0,0,0.09090909090909091,0.5761571082029284
1786839808.676095,1147,45.84,3,carrying,carrying,carrying,0,0.0,0.7615130543729851,0.07952535642551538,0.07738267980038767,0.1292915693627045,0.7691884239549752,18.011256904149413,149.06261342310827,0.0,0.24242424242424243,0.9090909090909091,0.09480376089817036,0,0,0.09090909090909091,0.5841846837180971
1786839808.7415166,1148,45.88,3,walking,carrying,carrying,0,0.0,0.6,0.08142733366038085,0.06462049575967357,0.14374312747059903,0.8130809116611225,22.933352070888322,150.17467104472559,0.0,0.24242424242424243,0.9090909090909091,0.09522511793345946,0,0,0.09090909090909091,0.5945180901513648
1786839808.7741592,1149,45.92,3,walking,carrying,carrying,0,0.0,0.6,0.08694464313287559,0.056087803532994855,0.1509850432211997,0.8770299491670165,28.152112833237624,148.61023604069078,0.0,0.24242424242424243,0.9090909090909091,0.09588485293422544,0,0,0.09090909090909091,0.6074533330202495
1786839808.824799,1150,45.96,3,walking,carrying,carrying,0,0.0,0.6,0.08776357366928456,0.04843630823480921,0.15481004832948936,0.9300104096823304,33.310364264507925,143.91236096128182,0.0,0.24242424242424243,0.9090909090909091,0.09683682784898602,0,0,0.09090909090909091,0.6224706337685221
1786839808.906358,1151,46.0,3,bending,carrying,carrying,0,0.0,0.6419706208848578,0.08710740820722436,0.04280784510199777,0.16129303965595754,0.9970609462801572,38.51823725309147,137.04719600486425,0.030303030303030304,0.21212121212121213,0.9090909090909091,0.09809149803128298,0,0,0.09090909090909091,0.6398073711337711
1786839808.9383614,1152,46.04,3,bending,walking,walking,0,0.0,0.7261767080771582,0.08247899336314861,0.03857639029235872,0.14969247889665496,1.071672842714816,43.57060248462949,129.90258503670125,0.06060606060606061,0.21212121212121213,0.9393939393939394,0.09917531130703428,0,0,0.06060606060606061,0.6591739474391164
1786839808.9910588,1153,46.08,3,bending,walking,walking,0,0.0,0.7976248577739686,0.0761193735098013,0.0373174455148889,0.12832190294546356,1.1330694000182167,47.85749146643812,123.37670878300915,0.09090909090909091,0.18181818181818182,0.9393939393939394,0.09965850269114601,0,0,0.06060606060606061,0.6803163289743238
1786839809.0234337,1154,46.12,3,bending,walking,material_handling,1,1.0,0.8511272511093125,0.07872269796193662,0.036319510060993036,0.1410137107131696,1.1918619732045899,51.06763506655875,118.89331286477356,0.12121212121212122,0.15151515151515152,0.9393939393939394,0.10066105209732802,1,0,0.06060606060606061,0.7031844752861977
1786839809.0730515,1155,46.16,3,bending,bending,material_handling,1,1.0,0.8908315912209483,0.08249495439909416,0.03323296716374536,0.14592859365292754,1.2256249184781403,53.4498954732569,116.32648740366824,0.15151515151515152,0.15151515151515152,0.9696969696969697,0.10221164955602893,1,0,0.030303030303030304,0.7267267665181423
1786839809.2320454,1156,46.2,3,bending,bending,material_handling,1,1.0,0.9006895386989701,0.07574774572080703,0.03532934771797787,0.16982333008110703,1.2114318206332968,54.041372321938205,114.24696753216219,0.18181818181818182,0.15151515151515152,1.0,0.10461625030581669,1,0,0.0,0.7491375077461989
1786839809.2890584,1157,46.24,3,bending,bending,material_handling,1,1.0,0.8998248450050859,0.06719997812307754,0.04102338108289354,0.1609865426972715,1.2184745910399413,53.989490700305154,113.28285678109057,0.21212121212121213,0.12121212121212122,1.0,0.10710302119744276,1,0,0.0,0.7708252248718944
1786839809.3208354,1158,46.28,3,bending,bending,material_handling,1,1.0,0.8737933753615592,0.06063791756591806,0.04353888668053673,0.15952772925624134,1.1951896838931069,52.42760252169355,112.23226071476113,0.24242424242424243,0.09090909090909091,1.0,0.10989483026843126,1,0,0.0,0.7906803881286417
1786839809.3700228,1159,46.32,3,bending,bending,material_handling,1,1.0,0.8322156250707131,0.06622058188049591,0.057842683648892924,0.159213192641199,1.1093957555276457,49.93293750424279,111.97719729279235,0.2727272727272727,0.09090909090909091,1.0,0.11253601693623963,1,0,0.0,0.8070865855531718
1786839809.4008348,1160,46.36,3,bending,bending,material_handling,1,1.0,0.771672779871654,0.07726254391328423,0.06125042466968586,0.1808134301609268,1.0740488773237546,46.300366792299236,110.04695960307649,0.30303030303030304,0.09090909090909091,1.0,0.11597388171537419,1,0,0.0,0.8218067639050934
1786839809.4448922,1161,46.4,3,bending,bending,material_handling,1,1.0,0.7034675853412705,0.08558214660466078,0.06059706003038523,0.20781059699976856,1.0559415983268468,42.20805512047623,106.9780239935171,0.3333333333333333,0.09090909090909091,1.0,0.12017153677818204,1,0,0.0,0.835749215352093
1786839809.4453526,1161,46.4,5,unknown,unknown,unknown,0,0.0,0.3,0.0,0.0,0.0,0.5105497370899639,0.4602711039316513,144.76751674179025,0.0,0.0,0.0,0.0,0,0,0.0,0.0
1786839809.507768,1162,46.44,3,bending,bending,material_handling,1,1.0,0.6233007860210061,0.09047618755843985,0.06241057269393186,0.28600484286969524,0.9877115325085197,37.398047161260365,105.58357261604642,0.36363636363636365,0.09090909090909091,1.0,0.12671299566320016,1,0,0.0,0.8474904372261746
1786839809.5083659,1162,46.44,5,walking,walking,walking,0,0.0,0.6,0.03847764256180951,0.07342154890507822,0.10153889388450893,0.48882143740293765,0.2979410815779776,127.15793177537083,0.0,0.0,0.0,0.0,0,0,0.0,0.0
1786839809.6565707,1163,46.48,3,walking,bending,material_handling,1,1.0,0.6,0.08923630263915647,0.06012604795355504,0.2831340834277365,0.9078075577300014,32.39774785903346,106.60838651456723,0.36363636363636365,0.12121212121212122,1.0,0.1330452817653159,1,0,0.0,0.8564770441358911
1786839809.6987417,1164,46.52,3,walking,bending,material_handling,1,1.0,0.6,0.08277828043963564,0.06623550982198914,0.2958985599756527,0.846306149609389,27.673682465726728,105.88413465576043,0.36363636363636365,0.15151515151515152,1.0,0.139626897343866,1,0,0.0,0.8632950031451502
1786839809.759727,1165,46.56,3,walking,bending,material_handling,1,1.0,0.6,0.07645396006535446,0.06296673606753533,0.26529316408827375,0.7894485503203333,23.43782912916875,102.79226830327907,0.36363636363636365,0.18181818181818182,1.0,0.1452335055001173,1,0,0.0,0.8680500865015501
1786839809.7918425,1166,46.6,3,walking,bending,material_handling,1,1.0,0.6,0.07675800978080217,0.062127694148731476,0.28470982222576313,0.782465820299564,19.99863281137582,93.02366012586369,0.36363636363636365,0.21212121212121213,1.0,0.15132280633126358,1,0,0.0,0.872553202598161
1786839809.8243132,1167,46.64,3,walking,walking,material_handling,1,1.0,0.6,0.07885088639556177,0.062056674632049544,0.3081554811815228,0.7274003076798692,17.4192291608821,86.7568421088943,0.36363636363636365,0.24242424242424243,1.0,0.15773878648358017,1,0,0.0,0.875271870477162
1786839809.8733351,1168,46.68,3,unknown,walking,material_handling,1,1.0,0.3,0.07177690671474517,0.04771693010246422,0.3071251204169289,0.7062206091096367,16.187724840837408,81.28348732897413,0.36363636363636365,0.24242424242424243,0.9696969696969697,0.16400495357711828,1,0,0.0,0.8771271458437448
1786839809.9061072,1169,46.72,3,unknown,walking,material_handling,1,1.0,0.3,0.07330015477860317,0.047099888012092056,0.29922067569128263,0.7898189998956974,16.193994505476788,80.59161537400381,0.36363636363636365,0.24242424242424243,0.9393939393939394,0.16979563755030028,1,0,0.0,0.8814674414112962
1786839809.958859,1170,46.76,3,walking,walking,material_handling,1,1.0,0.6,0.0843179818776334,0.056233842361370995,0.26253259856407163,0.8181441437967452,17.579402872796447,83.83048865436606,0.36363636363636365,0.2727272727272727,0.9393939393939394,0.17456352429011382,1,0,0.0,0.8863600545629358
1786839810.046224,1171,46.8,3,carrying,walking,material_handling,1,1.0,0.778506764834008,0.09450739786193792,0.05813646118294416,0.16369810125823683,0.7975112747233467,19.589025261009517,89.60519315642875,0.36363636363636365,0.2727272727272727,0.9393939393939394,0.17641118156523805,1,0,0.0,0.8901076292777544
1786839810.0741172,1172,46.84,3,walking,walking,material_handling,1,1.0,0.6,0.10503834834593317,0.05744537784529137,0.16489660152210925,0.8114813814580397,22.179951803000733,94.4023179027005,0.36363636363636365,0.30303030303030304,0.9393939393939394,0.17877260929062133,1,0,0.0,0.8944458447525513
1786839810.1058242,1173,46.88,3,walking,walking,material_handling,1,1.0,0.6,0.11664262207164497,0.04991346850359687,0.20240529190508025,0.8452294271905093,24.806396114306185,97.29057012856542,0.36363636363636365,0.3333333333333333,0.9393939393939394,0.18254044326690927,1,0,0.0,0.9002736405335579
1786839810.2237554,1174,46.92,3,walking,walking,material_handling,1,1.0,0.6,0.12663486754856743,0.04773512408457956,0.2036467594284572,0.8440642928296698,26.97395158860031,101.5106426749417,0.36363636363636365,0.36363636363636365,0.9393939393939394,0.18642851080255837,1,0,0.0,0.9059225891850383
1786839810.2735357,1175,46.96,3,walking,walking,material_handling,1,1.0,0.6,0.13257684023456923,0.04573581343436605,0.18951066152234866,0.8261164382248699,28.183389139082994,107.57213347291895,0.36363636363636365,0.3939393939393939,0.9393939393939394,0.1897053208216933,1,0,0.0,0.9110348725159327
1786839810.3066082,1176,47.0,3,walking,walking,material_handling,1,1.0,0.6,0.1320591228425556,0.044216506108707324,0.1903705675223016,0.8094848312889,28.466965003795888,120.15001470384284,0.36363636363636365,0.42424242424242425,0.9393939393939394,0.193004872368211,1,0,0.0,0.9157541053481949
1786839810.368789,1177,47.04,3,walking,walking,material_handling,1,1.0,0.6,0.1284342920230675,0.05106587392729814,0.18819282787305805,0.8113155878133432,27.994285382319013,128.60827252691823,0.36363636363636365,0.45454545454545453,0.9393939393939394,0.19602680507830333,1,0,0.0,0.9203245445425259
1786839810.399284,1178,47.08,3,walking,walking,material_handling,1,1.0,0.6,0.10943227988663434,0.05758254246306011,0.16293726914220527,0.8034617139388522,26.33384483771199,136.56139895012228,0.36363636363636365,0.48484848484848486,0.9393939393939394,0.19763059087406665,1,0,0.0,0.9241201342142508
1786839810.4294138,1179,47.12,3,walking,walking,material_handling,1,1.0,0.6,0.09155404400951297,0.05797140444256494,0.15573746267974095,0.7728326147489291,23.767628194374076,142.29184140728177,0.36363636363636365,0.5151515151515151,0.9393939393939394,0.19868861295088316,1,0,0.0,0.9257546465173386
1786839810.480192,1180,47.16,3,walking,walking,material_handling,1,1.0,0.6,0.07953514095551778,0.06214850452786843,0.14555622033003776,0.7444034824138116,20.736571652071593,147.70059235464205,0.36363636363636365,0.5454545454545454,0.9393939393939394,0.1991814811620145,1,0,0.0,0.9250035876827579
1786839810.510927,1181,47.2,3,carrying,walking,material_handling,1,1.0,0.726676796183772,0.06442403838914477,0.06357997119313737,0.13556733889397013,0.7111279936396201,17.01177564679822,152.59338406393258,0.36363636363636365,0.5151515151515151,0.9393939393939394,0.19893372999302575,1,0,0.0,0.92191410531847
1786839810.5784094,1182,47.24,3,carrying,walking,material_handling,1,1.0,0.7109718124542195,0.05394828185509368,0.06201874185934158,0.10114650351943445,0.6849530207570326,13.420737122643985,157.45976698278568,0.36363636363636365,0.48484848484848486,0.9393939393939394,0.19742347121418435,1,0,0.0,0.9160935923363492
1786839810.629568,1183,47.28,3,carrying,walking,material_handling,1,1.0,0.6870247679072737,0.051079931298765265,0.06359591252721838,0.0967108257464819,0.6450412798454562,10.147915365578466,161.84023423374992,0.36363636363636365,0.45454545454545453,0.9393939393939394,0.19566288871166898,1,0,0.0,0.9074581641594742
1786839810.6590793,1184,47.32,3,walking,walking,material_handling,1,1.0,0.6,0.04787281733888867,0.060856597380629,0.09811193125842793,0.6122513051442096,7.48979625501452,165.36716435060362,0.3333333333333333,0.48484848484848486,0.9393939393939394,0.1937483096693196,1,0,0.0,0.8957972659432334
1786839810.7110918,1185,47.36,3,standing,carrying,material_handling,1,1.0,0.75,0.044206253528502576,0.05558306632911905,0.09118792540665693,0.5941775824626058,5.726714401221889,167.57121233664336,0.30303030303030304,0.48484848484848486,0.9090909090909091,0.19197544441204695,1,0,0.030303030303030304,0.8813277126022574
1786839810.8296728,1186,47.4,3,standing,carrying,material_handling,1,1.0,0.75,0.04153405492356047,0.051030570545273,0.09539868840713321,0.5862627018264948,4.706297457745466,169.06290054025325,0.2727272727272727,0.48484848484848486,0.8787878787878788,0.19097777124421877,1,0,0.06060606060606061,0.8647578126570536
1786839810.8597429,1187,47.44,3,standing,carrying,material_handling,1,1.0,0.75,0.04077546844981377,0.045177838053265224,0.09088879732783654,0.5789996284734046,3.926621581464596,171.11872179968515,0.24242424242424243,0.48484848484848486,0.8484848484848485,0.18945883447496623,1,0,0.09090909090909091,0.8461862264530784
1786839810.8929615,1188,47.48,3,standing,carrying,material_handling,1,1.0,0.75,0.03725880548540763,0.03849205782498888,0.08808057798499791,0.5558955568526688,3.536001711802286,173.38044855901393,0.21212121212121213,0.48484848484848486,0.8181818181818182,0.18770586430321082,1,0,0.12121212121212122,0.8258913973129125
1786839811.047989,1189,47.52,3,standing,standing,material_handling,1,1.0,0.75,0.03628474977929224,0.029908384348824407,0.08547006206084642,0.5374259568065579,3.282213356724841,174.16423775893472,0.18181818181818182,0.48484848484848486,0.7878787878787878,0.1851497046662332,1,0,0.15151515151515152,0.8054669771969507
1786839811.078739,1190,47.56,3,standing,standing,material_handling,1,1.0,0.75,0.03540762000909675,0.030485966518580425,0.07902032998396145,0.5230454430477796,3.0940801369751103,173.90747302899172,0.15151515151515152,0.48484848484848486,0.7575757575757576,0.18266588003855716,1,0,0.18181818181818182,0.7843933666517335
1786839811.1082923,1191,47.6,3,standing,standing,material_handling,1,1.0,0.75,0.03280883366393143,0.03520171223335519,0.07257881477354239,0.5152441752787263,3.0770825712693157,173.87482181564397,0.12121212121212122,0.48484848484848486,0.7272727272727273,0.18003106444817232,1,0,0.21212121212121213,0.7637889572997827
1786839811.2697752,1192,47.64,3,standing,standing,standing,0,0.0,0.75,0.025763347747325617,0.03521287826708622,0.06253408238007359,0.5102520625831596,2.8792613220649232,173.32199460981445,0.09090909090909091,0.48484848484848486,0.696969696969697,0.17710139444025944,0,0,0.24242424242424243,0.7456330878166164
1786839811.3056395,1193,47.68,3,standing,standing,standing,0,0.0,0.75,0.02187092059967727,0.0339777814900124,0.050514069486112895,0.5086122096486512,2.6385253610299353,172.7434520701906,0.06060606060606061,0.48484848484848486,0.6666666666666666,0.17315292896526507,0,0,0.2727272727272727,0.7284986433416134
1786839811.3375306,1194,47.72,3,standing,standing,standing,0,0.0,0.75,0.01928316545776194,0.03370234175148175,0.04308921305611055,0.5164042831291817,2.3236130880994113,172.40573218447324,0.030303030303030304,0.48484848484848486,0.6363636363636364,0.1681613718760633,0,0,0.30303030303030304,0.7121490277295628
1786839811.417022,1195,47.76,3,standing,standing,standing,0,0.0,0.75,0.01923312980092638,0.029228481622591673,0.03536697756550849,0.5227093049404508,1.9730398482690652,172.4247949757574,0.0,0.48484848484848486,0.6060606060606061,0.16056628504866371,0,0,0.3333333333333333,0.6980580511365911
1786839811.4464178,1196,47.8,3,standing,standing,standing,0,0.0,0.75,0.020582704036498048,0.02557091890655812,0.03977611299424898,0.5216033161026966,1.6655741913863285,172.91641573401662,0.0,0.45454545454545453,0.5757575757575758,0.15319180109613378,0,0,0.36363636363636365,0.6863548922993999
1786839811.4881434,1197,47.84,3,standing,standing,standing,0,0.0,0.75,0.021950503694256596,0.022547578934169376,0.039768031218278904,0.5222380230798842,1.5151368634293738,173.3465153041299,0.0,0.42424242424242425,0.5454545454545454,0.1454302699216679,0,0,0.3939393939393939,0.6765346460409302
1786839811.5350776,1198,47.88,3,standing,standing,standing,0,0.0,0.75,0.021171192751310526,0.022403066076518853,0.04361455058946037,0.527117145375301,1.4536852084642218,173.7912671649346,0.0,0.3939393939393939,0.5151515151515151,0.13871273617927965,0,0,0.42424242424242425,0.6685852095274444
1786839811.5642617,1199,47.92,3,standing,standing,standing,0,0.0,0.75,0.022538108218146294,0.020815309873463507,0.043710142445215754,0.5329169766186491,1.6897659312900308,174.28574141776892,0.0,0.36363636363636365,0.48484848484848486,0.1314097155798691,0,0,0.45454545454545453,0.6610231233552954
1786839811.607045,1200,47.96,3,standing,standing,standing,0,0.0,0.75,0.023042870972292566,0.015874011121638134,0.04063832176213407,0.5332321323201762,2.0717233427830193,174.88240751701161,0.0,0.3333333333333333,0.45454545454545453,0.12330313499140277,0,0,0.48484848484848486,0.6551392392534866
1786839811.655974,1201,48.0,3,standing,standing,standing,0,0.0,0.75,0.02383689196914777,0.014125727112591187,0.04133165907580558,0.5361598159249769,2.4683946564604486,175.22703328590893,0.0,0.3333333333333333,0.45454545454545453,0.1152487876780354,0,0,0.5151515151515151,0.6499858818842544
1786839811.6890435,1202,48.04,3,standing,standing,standing,0,0.0,0.75,0.023168117217533424,0.014102361539230454,0.04428782087687028,0.5349194236976633,2.856110333658598,175.53089064790566,0.0,0.3333333333333333,0.45454545454545453,0.10752354965335625,0,0,0.5454545454545454,0.6422616523024959
1786839811.7210307,1203,48.08,3,standing,standing,standing,0,0.0,0.75,0.021505298886134356,0.012668420377772297,0.045038087068893354,0.5316786569210865,3.253723394838398,175.89208477689107,0.0,0.30303030303030304,0.42424242424242425,0.1009328068807751,0,0,0.5757575757575758,0.6335808799729304
1786839811.7754948,1204,48.12,3,standing,standing,standing,0,0.0,0.75,0.01952410704059249,0.011477889120734573,0.04150337704879191,0.5265529841425219,3.6142877193400027,175.9944431412303,0.0,0.30303030303030304,0.3939393939393939,0.09722993645018585,0,0,0.6060606060606061,0.6253700226826026
1786839811.828513,1205,48.16,3,standing,standing,standing,0,0.0,0.75,0.016790939689314957,0.010391520287400839,0.03920649704271932,0.5245740826960904,3.9362073943225964,175.9117665101847,0.0,0.2727272727272727,0.36363636363636365,0.09342114540535586,0,0,0.6363636363636364,0.6166758621140586
1786839811.8622363,1206,48.2,3,idle,standing,material_handling,1,1.0,0.85,0.0140853890938704,0.009582126375934167,0.036208304438307276,0.5298357839012764,4.29803436309072,175.95889290457825,0.0,0.24242424242424243,0.3333333333333333,0.08838487305787789,0,1,0.6666666666666666,0.6071184789840818
1786839811.9108615,1207,48.24,3,idle,standing,material_handling,1,1.0,0.85,0.011767396122580119,0.009133943713330723,0.03389026757852119,0.5368974348756504,4.5644880927395155,175.90209830902535,0.0,0.21212121212121213,0.30303030303030304,0.08324073694121314,0,1,0.696969696969697,0.5978103923794145
1786839811.9412591,1208,48.28,3,idle,standing,material_handling,1,1.0,0.85,0.009557031177704348,0.007679313684351154,0.03141450803854374,0.5452358996718455,4.774214290647102,175.66710353443204,0.0,0.18181818181818182,0.2727272727272727,0.07844994441140088,0,1,0.7272727272727273,0.5892988609081106
1786839811.9725356,1209,48.32,3,idle,standing,material_handling,1,1.0,0.85,0.008952901748546066,0.008616564428298414,0.03635754477900463,0.5477407943811283,4.845361268638962,175.38346218459327,0.0,0.15151515151515152,0.24242424242424243,0.07378288311614947,0,1,0.7575757575757576,0.581367223426057
1786839812.0353143,1210,48.36,3,idle,idle,material_handling,1,1.0,0.85,0.007990544596729496,0.008790532108151077,0.03615862619772138,0.5497296554965723,4.933003832250551,175.00035780894325,0.0,0.12121212121212122,0.21212121212121213,0.06917578609568473,0,1,0.7878787878787878,0.5734403769922155
1786839812.0636082,1211,48.4,3,idle,idle,material_handling,1,1.0,0.85,0.008026021769862352,0.013105320437729015,0.033123414919455745,0.5527443836735667,4.994364379671331,174.76063433508116,0.0,0.09090909090909091,0.18181818181818182,0.06524203293741959,0,1,0.8181818181818182,0.5658428821356917
1786839812.0980868,1212,48.44,3,idle,idle,material_handling,1,1.0,0.85,0.00869325376810625,0.013954351165814234,0.033693066210008546,0.5580889935542539,5.031634975367773,174.78078169480568,0.0,0.06060606060606061,0.15151515151515152,0.06154371789288223,0,1,0.8484848484848485,0.559335499675247
1786839812.1439228,1213,48.48,3,idle,idle,material_handling,1,1.0,0.85,0.010369024073692543,0.014203280327822936,0.03472029056717375,0.5649825463683052,4.8924868480584225,174.7462540469773,0.0,0.030303030303030304,0.12121212121212122,0.058185053354613624,0,1,0.8787878787878788,0.5538985016132619
1786839812.1751883,1214,48.52,3,idle,idle,material_handling,1,1.0,0.85,0.012116281016530539,0.015070705548300624,0.034818888412032734,0.5741614016256873,4.679369371424817,174.85840338612533,0.0,0.030303030303030304,0.09090909090909091,0.05513207000667613,0,1,0.9090909090909091,0.549747998824961
1786839812.2196763,1215,48.56,3,idle,idle,material_handling,1,1.0,0.85,0.013965190354890907,0.015279107504770073,0.03523798860807544,0.5770174415914495,4.480119984823834,175.14959141788046,0.0,0.030303030303030304,0.06060606060606061,0.05313484228208949,0,1,0.9393939393939394,0.5464772236987313
1786839812.280785,1216,48.6,3,standing,idle,material_handling,1,1.0,0.75,0.015180444704510378,0.016239264206581575,0.03715980364973835,0.5767978562869139,4.265972440815552,175.45773865975443,0.0,0.030303030303030304,0.030303030303030304,0.05133026585491544,0,1,0.9696969696969697,0.544409241166654
1786839812.3416312,1217,48.64,3,standing,idle,idle,0,0.0,0.75,0.015948928433709958,0.016591730585942793,0.03490802376007285,0.5737664107503129,3.957461226186897,175.71573361819293,0.0,0.0,0.0,0.04941499593072286,0,0,1.0,0.543243032245627
1786839812.372224,1218,48.68,3,standing,idle,idle,0,0.0,0.75,0.0153013267403485,0.015287550498916835,0.033629442225342636,0.5708235453741503,3.631094759455075,176.07317691202817,0.0,0.0,0.0,0.04767079947068304,0,0,1.0,0.5425353341520374
1786839812.4307704,1219,48.72,3,standing,idle,idle,0,0.0,0.75,0.01669377240973588,0.015330677344132971,0.03779537478187672,0.5718840360577492,3.356850746285898,176.52520453156154,0.0,0.0,0.0,0.04592524451234194,0,0,1.0,0.54209961700753
1786839812.4628303,1220,48.76,3,standing,standing,standing,0,0.0,0.75,0.01638321536702191,0.010913619639033907,0.03838334352228675,0.5714349570839384,3.032827857596872,177.06982705166246,0.0,0.0,0.0,0.04433417015459799,0,0,1.0,0.5418703845411824
1786839812.5086699,1221,48.8,3,standing,standing,standing,0,0.0,0.75,0.016782965049149254,0.01103136056714365,0.03683879243673108,0.570923700849821,2.7735006307207035,177.48000239047562,0.0,0.0,0.0,0.042781388774347485,0,0,1.0,0.5423257828441266
1786839812.5581422,1222,48.84,3,idle,standing,standing,0,0.0,0.85,0.014809586238257332,0.012010371568811866,0.037312217629701105,0.571186946684606,2.4800030263039017,177.7102790712707,0.0,0.0,0.0,0.04132206015522188,0,0,1.0,0.5433488431434612
1786839812.5892591,1223,48.88,3,idle,standing,standing,0,0.0,0.85,0.012934456567128128,0.011169906146296081,0.03555859006815624,0.5676658193924917,2.2721154506207517,177.9392601136405,0.0,0.0,0.0,0.040005037733530806,0,0,1.0,0.5447009757599677
1786839812.6256542,1224,48.92,3,idle,standing,standing,0,0.0,0.85,0.011342776368792697,0.010793271308385304,0.035532843054674766,0.5606662315637767,2.078428283874387,178.09950401484537,0.0,0.0,0.0,0.03888243252992875,0,0,1.0,0.5460774017079995
1786839812.6936073,1225,48.96,3,idle,standing,standing,0,0.0,0.85,0.010128991524650015,0.010723329174336242,0.033999501788279915,0.5542899947391311,1.8944288530028206,178.1343316668203,0.0,0.0,0.0,0.038017748269571376,0,0,1.0,0.5474118845006047
1786839812.7323718,1226,49.0,3,idle,idle,idle,0,0.0,0.85,0.009647101335454232,0.011599908826716021,0.03466648139696128,0.5479437298740968,1.7236825122407158,178.01650566820322,0.0,0.0,0.0,0.03753751832747587,0,0,1.0,0.5486037487498605
1786839812.7625515,1227,49.04,3,idle,idle,idle,0,0.0,0.85,0.008512608790228433,0.012104857219361817,0.03126601214360193,0.541706716454971,1.6852512789854952,177.9639336129938,0.0,0.0,0.0,0.03717923951194531,0,0,1.0,0.5493704891536725
1786839812.8258293,1228,49.08,3,idle,idle,idle,0,0.0,0.85,0.00702177396972702,0.01119449592935912,0.02636764584430012,0.5333864808115787,1.6888502961944105,177.8754929579951,0.0,0.0,0.0,0.0369065324900905,0,0,1.0,0.5496940399376461
1786839812.8891187,1229,49.12,3,idle,idle,idle,0,0.0,0.85,0.006748253924191528,0.011890523609018638,0.024900528128690463,0.5255456787505008,1.6936306175819191,177.8213511581257,0.0,0.0,0.0,0.03645575719113419,0,0,1.0,0.5498135054724279
1786839812.9269288,1230,49.16,3,idle,idle,idle,0,0.0,0.85,0.0055554262976350716,0.012254671612700328,0.023463932174412453,0.5196677781932849,1.7452146874904044,177.75689673213802,0.0,0.0,0.0,0.03596169358374429,0,0,1.0,0.5497356192637431
1786839812.975188,1231,49.2,3,idle,idle,idle,0,0.0,0.85,0.005763004607117561,0.011808153256034591,0.026885475363802824,0.5171669954140535,1.7580331954020552,177.71177670247636,0.0,0.0,0.0,0.03545475191023952,0,0,1.0,0.5494340995679478
1786839813.006937,1232,49.24,3,idle,idle,idle,0,0.0,0.85,0.00629355343106258,0.011665784943196911,0.03564907612986511,0.5232001914644241,1.8396630228250892,177.7451623351738,0.0,0.0,0.0,0.03521047717341071,0,0,1.0,0.5491396515329713
1786839813.0404894,1233,49.28,3,idle,idle,idle,0,0.0,0.85,0.00605770649411821,0.012599861299553972,0.036533874468683544,0.535066424568486,1.9543545008379097,177.78133726218243,0.0,0.0,0.0,0.0350860999827001,0,0,1.0,0.5491952361465564
1786839813.1007807,1234,49.32,3,idle,idle,idle,0,0.0,0.85,0.006409902785536833,0.012491362781109452,0.03608411685680321,0.5492326666789655,2.1079194026845096,177.82520490316796,0.0,0.0,0.0,0.03492708355182123,0,0,1.0,0.5495913831391014
1786839813.130234,1235,49.36,3,idle,idle,idle,0,0.0,0.85,0.00544992514237976,0.012312379470130294,0.03545325823318179,0.5653482879361044,2.2348818809191293,177.90315657685557,0.0,0.0,0.0,0.034659369532315513,0,0,1.0,0.5505134699342057
1786839813.1708186,1236,49.4,3,idle,idle,idle,0,0.0,0.85,0.005987524667532341,0.012510453774253758,0.03801421645416337,0.5788051388575742,2.3024774948098594,177.95649366367826,0.0,0.0,0.0,0.03444652496823279,0,0,1.0,0.5519415451444025
1786839813.2179208,1237,49.44,3,idle,idle,idle,0,0.0,0.85,0.006227678009924792,0.013596962277094712,0.040704520310066605,0.5925241708855089,2.4054034482978275,178.0569342179114,0.0,0.0,0.0,0.03442231718827143,0,0,1.0,0.553940672015402
1786839813.2699819,1238,49.48,3,idle,idle,idle,0,0.0,0.85,0.005774771526646385,0.013271511417424747,0.040515722304965515,0.6058892900877633,2.4959039224033304,178.13848158201043,0.0,0.0,0.0,0.034461990681066756,0,0,1.0,0.5564047692090891
1786839813.3042564,1239,49.52,3,idle,idle,idle,0,0.0,0.85,0.0060285910207686895,0.012521364626655335,0.04258422408470407,0.6200170745692948,2.5638733081123983,178.2466864532955,0.0,0.0,0.0,0.034655200367321205,0,0,1.0,0.5591375355929684
1786839813.3495302,1240,49.56,3,idle,idle,idle,0,0.0,0.85,0.006111587187802072,0.012240589202645064,0.03811348105857412,0.635547549644667,2.6067766995775896,178.2715878980158,0.0,0.0,0.0,0.03478317653338342,0,0,1.0,0.5621269330102113
1786839813.378188,1241,49.6,3,idle,idle,idle,0,0.0,0.85,0.005356018214316866,0.01204147478272872,0.02792085560629433,0.6486531992652822,2.6346447581807055,178.29978945410008,0.0,0.0,0.0,0.03467730827786072,0,0,1.0,0.5652607905736489
1786839813.407463,1242,49.64,3,idle,idle,idle,0,0.0,0.85,0.005236312235280801,0.011333623400810261,0.0263909460467611,0.6554268803552042,2.6830960420250713,178.26480517597355,0.0,0.0,0.0,0.03437529013445939,0,0,1.0,0.5685240053001359
1786839813.453238,1243,49.68,3,idle,idle,idle,0,0.0,0.85,0.004933923242732547,0.011215695085492156,0.025634749831893632,0.6579357501733762,2.7414867450947993,178.27094266286696,0.0,0.0,0.0,0.03405638479004037,0,0,1.0,0.5718029778660998
1786839813.5022113,1244,49.72,3,idle,idle,idle,0,0.0,0.85,0.005073122106222235,0.011642629666941816,0.026646117972673106,0.659290553320817,2.822190334392424,178.26542414100373,0.0,0.0,0.0,0.03386010306438029,0,0,1.0,0.5750316496735921
1786839813.5324214,1245,49.76,3,idle,idle,idle,0,0.0,0.85,0.004694293878501043,0.011453576480610114,0.02324741235104746,0.661138903113617,2.909303240541912,178.26575407289275,0.0,0.0,0.0,0.03354356809895723,0,0,1.0,0.578154374205694
1786839813.5855334,1246,49.8,3,idle,idle,idle,0,0.0,0.85,0.00449602890290125,0.01126288517303405,0.022990449687633495,0.6644314082915885,3.0243366739128517,178.23314558026206,0.0,0.0,0.0,0.03318811837533479,0,0,1.0,0.5811679760821572
1786839813.6155725,1247,49.84,3,idle,idle,idle,0,0.0,0.85,0.004418276862112026,0.011344375923865772,0.029211492681370424,0.6672155691020913,3.0090341396512255,178.05990500302346,0.0,0.0,0.0,0.03301819729258745,0,0,1.0,0.583987799339018
1786839813.6446998,1248,49.88,3,idle,idle,idle,0,0.0,0.85,0.004394643074334606,0.01065607161668234,0.029252319321163883,0.6716978107069912,3.0417446674121154,177.88293993651115,0.0,0.0,0.0,0.03283681337480225,0,0,1.0,0.5868569014334283
1786839813.7219512,1249,49.92,3,idle,idle,idle,0,0.0,0.85,0.004355903178012604,0.010110132793609063,0.029922684330430785,0.67509296294152,3.079597116536571,177.67866041518764,0.0,0.0,0.0,0.03261750672876263,0,0,1.0,0.5898355410290224
1786839813.803092,1250,49.96,3,idle,idle,idle,0,0.0,0.85,0.0049843625383191766,0.010179066347019965,0.03378604413546317,0.680532695719199,3.1488430980870894,177.6578054633547,0.0,0.0,0.0,0.0325835073461987,0,0,1.0,0.5930708829977765
1786839813.8348157,1251,50.0,3,idle,idle,idle,0,0.0,0.85,0.005911529458643651,0.009880448839671926,0.039184110646679995,0.6866046476506054,3.2722315589932536,177.62366579487295,0.0,0.0,0.0,0.03275183063169376,0,0,1.0,0.5965794012485781
1786839813.923485,1252,50.04,3,idle,idle,idle,0,0.0,0.85,0.006058586146836401,0.010237381827640548,0.0402424875884885,0.6896092326542315,3.270301758476363,177.670424809184,0.0,0.0,0.0,0.03282598556522746,0,0,1.0,0.6001468314484716
1786839813.9553845,1253,50.08,3,idle,idle,idle,0,0.0,0.85,0.006362186037192498,0.009246868498241566,0.04963914007798991,0.6900186636085535,3.26518259689871,177.69675790475202,0.0,0.0,0.0,0.03316707030933967,0,0,1.0,0.6037402771007326
1786839813.9909072,1254,50.12,3,idle,idle,idle,0,0.0,0.85,0.0064488580126958375,0.008804823182711438,0.05119463070853028,0.6899147432827276,3.231810290234961,177.7391344534794,0.0,0.0,0.0,0.0336020957115154,0,0,1.0,0.6073460662653662
1786839814.041972,1255,50.16,3,idle,idle,idle,0,0.0,0.85,0.007217577339361656,0.008267481276744974,0.055078538832627956,0.6897371672470305,3.2476656879223946,177.69152666472388,0.0,0.0,0.0,0.03414046908130107,0,0,1.0,0.6109384971915003
1786839814.088878,1256,50.2,3,idle,idle,idle,0,0.0,0.85,0.008124693470586954,0.007417578583679212,0.052907859764019266,0.690128061745227,3.2800680308082932,177.91791661075928,0.0,0.0,0.0,0.03466620452663025,0,0,1.0,0.6146494742324923
1786839814.1204786,1257,50.24,3,idle,idle,idle,0,0.0,0.85,0.007601377375040229,0.007864747127032085,0.05607571338421127,0.687301708089779,3.412995878442969,178.11964200879333,0.0,0.0,0.0,0.035288715748737425,0,0,1.0,0.6184869129150984
1786839814.2129025,1258,50.28,3,idle,idle,idle,0,0.0,0.85,0.008143698514852561,0.009030270090006804,0.06098499481496438,0.6757409934960746,3.4894230960049897,178.21995584787845,0.0,0.0,0.0,0.036106457961667254,0,0,1.0,0.6221672462107632
1786839814.2423613,1259,50.32,3,idle,idle,idle,0,0.0,0.85,0.0076324317183069906,0.010146150993916254,0.06652807323025428,0.6702319911761669,3.681118092906271,178.4187152794695,0.0,0.0,0.0,0.037071960744494314,0,0,1.0,0.6258729510987048
1786839814.3053622,1260,50.36,3,idle,idle,idle,0,0.0,0.85,0.007650188775216625,0.011840986034869938,0.06892375976385832,0.6528368177756717,3.795448646210634,178.4365786346819,0.0,0.0,0.0,0.03821310461177481,0,0,1.0,0.6292405299266048
1786839814.3534591,1261,50.4,3,idle,idle,idle,0,0.0,0.85,0.007682033407378965,0.011773836244284212,0.0659757670782781,0.6339544075487731,3.7983369486881484,178.41994661587745,0.0,0.0,0.0,0.03941335070977414,0,0,1.0,0.632288042858035
1786839814.3844447,1262,50.44,3,idle,idle,idle,0,0.0,0.85,0.007795294485522217,0.012012710810771973,0.06182944780051166,0.6197818690147774,3.780089019486681,178.35876663655293,0.0,0.0,0.0,0.04053240888164752,0,0,1.0,0.6351436849872555
1786839814.4179118,1263,50.48,3,idle,idle,idle,0,0.0,0.85,0.007752877306920954,0.01215123267119458,0.06370847684993211,0.6122790460858751,3.743782634898723,178.27705813421272,0.0,0.0,0.0,0.04175194053848144,0,0,1.0,0.6379500870446067
1786839814.481744,1264,50.52,3,idle,idle,idle,0,0.0,0.85,0.007428944609109127,0.011679261937463522,0.06455817709534362,0.6106449575655589,3.7226997244229407,178.11515147832603,0.0,0.0,0.0,0.04289353756064935,0,0,1.0,0.6407827525643492
1786839814.5302494,1265,50.56,3,idle,idle,idle,0,0.0,0.85,0.0076292039174449865,0.013430310694396914,0.06887388100587269,0.6152895476163402,3.7074931221275356,177.97006536752704,0.0,0.0,0.0,0.04390034982961927,0,0,1.0,0.6435733391144073
1786839814.6079993,1266,50.6,3,idle,idle,idle,0,0.0,0.85,0.0076482063955676865,0.01360522130586961,0.06811577569115111,0.6220394713082471,3.661350503746391,177.53446279336566,0.0,0.0,0.0,0.044857377139391016,0,0,1.0,0.6462088859853092
1786839814.6575515,1267,50.64,3,idle,idle,idle,0,0.0,0.85,0.007208164239819277,0.012972403719949222,0.06302373379755516,0.6314158758072672,3.5911572245427257,177.29194906366104,0.0,0.0,0.0,0.045673729167898657,0,0,1.0,0.6486992862619244
1786839814.6890998,1268,50.68,3,idle,idle,idle,0,0.0,0.85,0.008036653574611023,0.013307998259753302,0.05689539569077172,0.6452932492279669,3.626240344609164,177.27141704809588,0.0,0.0,0.0,0.046323490909037736,0,0,1.0,0.6511218608465263
1786839814.792291,1269,50.72,3,idle,idle,idle,0,0.0,0.85,0.008817063401232231,0.012757499530515894,0.054331062348200045,0.6472487255879222,3.5020664430453343,177.04345954648795,0.0,0.0,0.0,0.04681794078461462,0,0,1.0,0.6531959089292642
1786839814.8449411,1270,50.76,3,idle,idle,idle,0,0.0,0.85,0.00947522429162131,0.012746713479273385,0.06710534871297597,0.6558572983708502,3.4576872466123794,176.9603669636292,0.0,0.0,0.0,0.04761796588773308,0,0,1.0,0.6551150946106381
1786839814.8898761,1271,50.8,3,idle,idle,idle,0,0.0,0.85,0.01118914667720297,0.012406867852811532,0.06943531280721728,0.6563917317985914,3.3525366165043673,176.9642080910198,0.0,0.0,0.0,0.04849431711507404,0,0,1.0,0.6566454716321783
1786839815.054709,1272,50.84,3,idle,idle,idle,0,0.0,0.85,0.012380679226603152,0.01260012589593027,0.06760308718916876,0.6538513288654622,3.2078290565140812,176.90860174477808,0.0,0.0,0.0,0.04925246448187601,0,0,1.0,0.6576707520653955
1786839815.104211,1273,50.88,3,idle,idle,material_handling,1,1.0,0.85,0.01316517847900343,0.013020903575038984,0.06604627912749851,0.6426500654271173,3.2804396862020666,176.77404698349483,0.0,0.0,0.0,0.05009891290820705,0,1,1.0,0.6578859798163789
1786839815.136404,1274,50.92,3,idle,idle,material_handling,1,1.0,0.85,0.013244899699359748,0.012015930683547614,0.05802292727085126,0.6255651069594192,3.3605717467516443,176.8030998669485,0.0,0.0,0.0,0.0510110968980421,0,1,1.0,0.6571863406555952
1786839815.186148,1275,50.96,3,idle,idle,material_handling,1,1.0,0.85,0.014194561555534866,0.011129790335599316,0.059015234198729866,0.6067841479874883,3.412805252920876,176.80971049771702,0.0,0.0,0.0,0.051999711690525995,0,1,1.0,0.6557123184626341
1786839815.2436244,1276,51.0,3,idle,idle,material_handling,1,1.0,0.85,0.014499758604926352,0.010699370847486615,0.061508330898348076,0.5888494248003574,3.478067533640445,176.90492319925073,0.0,0.0,0.0,0.05308678990466099,0,1,1.0,0.6536187934513306
1786839815.2831192,1277,51.04,3,standing,idle,material_handling,1,1.0,0.75,0.015459097566613641,0.008838400298284692,0.06315927829982115,0.5762834324943531,3.4552832214681133,177.04565956569735,0.0,0.0,0.0,0.05419324930851395,0,1,1.0,0.6511034261535589
1786839815.3153534,1278,51.08,3,standing,idle,material_handling,1,1.0,0.75,0.015572296912935789,0.008428187227369119,0.059133036645984204,0.567144777403421,3.299581885157194,177.12208004312342,0.0,0.0,0.0,0.05528069246896658,0,1,1.0,0.6482551193138558
1786839815.3786628,1279,51.12,3,standing,idle,material_handling,1,1.0,0.75,0.015697410907612248,0.008040695363765251,0.048308790455165306,0.56338089331491,3.2848502177885472,177.2667398819603,0.0,0.0,0.0,0.056047914916467545,0,1,1.0,0.6451929824963809
1786839815.424721,1280,51.16,3,idle,idle,material_handling,1,1.0,0.85,0.013632919906209419,0.008179844846727327,0.045247951762467827,0.5651177708806061,3.2199881380699624,177.28942569236582,0.0,0.0,0.0,0.056533868221955344,0,1,1.0,0.6420991098230023
1786839815.4591784,1281,51.2,3,idle,standing,material_handling,1,1.0,0.85,0.013317652744264968,0.012461192668990241,0.05018474208943807,0.578587608442016,3.2872497455798935,177.26087021752693,0.0,0.0,0.0,0.0571681840634182,0,1,1.0,0.6392775885422457
1786839815.5067449,1282,51.24,3,idle,standing,material_handling,1,1.0,0.85,0.013527996553433626,0.012911104251818002,0.04587704581128595,0.5954589501753493,3.5244687132328494,177.24756733579608,0.0,0.0,0.0,0.05765164956283805,0,1,1.0,0.6368644366402404
1786839815.5396886,1283,51.28,3,standing,standing,material_handling,1,1.0,0.75,0.015091330134121526,0.013212559256020688,0.053282993977881124,0.6193539023161471,3.5470207450152516,177.2319990620234,0.0,0.0,0.0,0.058242466224729506,0,1,1.0,0.635010533809845
1786839815.5931156,1284,51.32,3,standing,idle,material_handling,1,1.0,0.75,0.017625531272342086,0.01455200039449623,0.05496929681830068,0.6421551846127976,3.5759748395309443,176.97936907224806,0.0,0.0,0.0,0.0587208051996271,0,1,1.0,0.6336635803844568
1786839815.6431925,1285,51.36,3,standing,idle,material_handling,1,1.0,0.75,0.02181109282259282,0.015561791272956895,0.05915253346759935,0.660494352616646,3.710632141269774,176.8059990650244,0.0,0.0,0.0,0.059293836892933494,0,1,1.0,0.6327813112924088
1786839815.691647,1286,51.4,3,standing,idle,material_handling,1,1.0,0.75,0.02422875429218369,0.0162653870457366,0.06395657834776737,0.6713022574851972,3.8062688274138856,176.64249852598132,0.0,0.0,0.0,0.05972769865868432,0,1,1.0,0.632214147470489
1786839815.7253234,1287,51.44,3,standing,standing,material_handling,1,1.0,0.75,0.02633167675465388,0.016808986615508434,0.06551868484162465,0.6756656713609897,4.044506291637408,176.4859138048727,0.0,0.0,0.0,0.060161760905141734,0,1,1.0,0.6317823574122543
1786839815.7924714,1288,51.48,3,standing,standing,material_handling,1,1.0,0.75,0.028834079535811536,0.017057419763796478,0.0687151922164026,0.6775234528384009,4.349920003998051,176.3765376517115,0.0,0.0,0.0,0.06057499282586218,0,1,1.0,0.6314122448544173
1786839815.8336174,1289,51.52,3,standing,standing,material_handling,1,1.0,0.75,0.028939698772975902,0.017266177900740563,0.07068914560731487,0.6722852411281057,4.56370159868869,176.3620792028368,0.0,0.0,0.0,0.06111381966959841,0,1,1.0,0.6308715533205651
1786839815.864436,1290,51.56,3,standing,standing,material_handling,1,1.0,0.75,0.02984339411767375,0.015577549917446849,0.07311450463575514,0.6562062461890057,4.836973996085591,176.16379515728687,0.0,0.0,0.0,0.06163014667722095,0,1,1.0,0.6299292665962991
1786839815.9154658,1291,51.6,3,standing,standing,material_handling,1,1.0,0.75,0.029068109910179114,0.017542684992964946,0.07897407399498824,0.630350909340574,5.160120532740523,175.65241649001004,0.0,0.0,0.0,0.062175270288736824,0,1,1.0,0.628553809500678
1786839815.9447567,1292,51.64,3,standing,standing,material_handling,1,1.0,0.75,0.026919235575308384,0.018882895162954966,0.07852505726475362,0.6013955791811367,5.3422997176089115,175.07533316701756,0.0,0.0,0.0,0.06253881525947924,0,1,1.0,0.6264678576220408
1786839815.9804523,1293,51.68,3,standing,standing,material_handling,1,1.0,0.75,0.026179563231326402,0.018710074687092584,0.07616646037854757,0.5707814110169022,5.419896402005273,174.65588524811926,0.0,0.0,0.0,0.06275829103568194,0,1,1.0,0.6239813301445023
1786839816.0396907,1294,51.72,3,standing,standing,material_handling,1,1.0,0.75,0.022666109432386675,0.019181472206154272,0.07111461352359709,0.5398443096255616,5.553828352517466,174.5167400116295,0.0,0.0,0.0,0.06291401365523705,0,1,1.0,0.6211295089953139
1786839816.0891774,1295,51.76,3,standing,standing,material_handling,1,1.0,0.75,0.020592493459588752,0.019304484261847023,0.06838681758263061,0.5116258335787915,5.6524487515117645,174.50441221925672,0.0,0.0,0.0,0.06311272183045279,0,1,1.0,0.6178520533760417
1786839816.1272128,1296,51.8,3,standing,standing,material_handling,1,1.0,0.75,0.01810940455732701,0.018192600219888097,0.07072888168741133,0.49620588021253403,5.745977631401846,174.43456898505116,0.0,0.0,0.0,0.06332546137098245,0,1,1.0,0.6143346847132132
1786839816.1849377,1297,51.84,3,standing,standing,material_handling,1,1.0,0.75,0.01683486075374383,0.01923678218896331,0.07150497066241064,0.48598901063913436,5.886495740881565,174.3669282128763,0.0,0.0,0.0,0.06353597026695418,0,1,1.0,0.6105572317760488
1786839816.2530558,1298,51.88,3,standing,standing,material_handling,1,1.0,0.75,0.018427588753978298,0.019890717983996945,0.06811721031759337,0.47897636905483737,5.896796864848709,174.11647180450612,0.0,0.0,0.0,0.06351304085215784,0,1,1.0,0.6064265293953972
1786839816.284988,1299,51.92,3,standing,standing,material_handling,1,1.0,0.75,0.01782188348914325,0.017696462913194946,0.07079894146329165,0.48837769444107676,5.875879086077076,173.8601630988731,0.0,0.0,0.0,0.06359434890585906,0,1,1.0,0.6023761725206345
1786839816.372246,1300,51.96,3,standing,standing,material_handling,1,1.0,0.75,0.01960358134206734,0.015879511401210536,0.07264263634705675,0.5096172983099101,5.797851942220709,173.78511814605403,0.0,0.0,0.0,0.06388583080129852,0,1,1.0,0.598685306535866
1786839816.424611,1301,52.0,3,standing,standing,material_handling,1,1.0,0.75,0.020941844626926394,0.014018912703539273,0.07124623887253936,0.5412720475473354,5.5958065019446535,174.0979216405288,0.0,0.0,0.0,0.06432070483710967,0,1,1.0,0.5955331489091802
1786839816.4816086,1302,52.04,3,standing,standing,material_handling,1,1.0,0.75,0.018783877820964336,0.014422185063272185,0.07243979719340944,0.5779214646606712,5.556549467881044,174.3543913551161,0.0,0.0,0.0,0.06486945437787359,0,1,1.0,0.5934323228204758
1786839816.538901,1303,52.08,3,standing,standing,material_handling,1,1.0,0.75,0.018155415162715138,0.012998803536097378,0.07138984180606062,0.6155031587070765,5.635462865884209,174.4576289688596,0.0,0.0,0.0,0.06499928750190644,0,1,1.0,0.5922094701033918
1786839816.569438,1304,52.12,3,standing,standing,material_handling,1,1.0,0.75,0.0173707513602444,0.01309856735262573,0.06511276042311165,0.6531047967083335,5.568587536139608,174.42390734435673,0.0,0.0,0.0,0.06486830106602445,0,1,1.0,0.5921098660097475
1786839816.6008055,1305,52.16,3,standing,standing,material_handling,1,1.0,0.75,0.01676526842037561,0.013394512855136174,0.064359626894081,0.68244447480104,5.3830837064678745,174.11233748610056,0.0,0.0,0.0,0.06477001439041573,0,1,1.0,0.5929763249774923
1786839816.6684654,1306,52.2,3,standing,standing,material_handling,1,1.0,0.75,0.015034848131532259,0.01287520857881199,0.0615852182818052,0.701752107723623,5.211454140786988,174.05942776228363,0.0,0.0,0.0,0.06463483072842502,0,1,1.0,0.5947672959561742
1786839816.7009194,1307,52.24,3,idle,standing,material_handling,1,1.0,0.85,0.01393337173035358,0.01251437491402583,0.06302761442625772,0.711409843768679,4.903866793356282,173.89403412317444,0.0,0.0,0.0,0.06478648791495248,0,1,1.0,0.5973686516170609
1786839816.7305338,1308,52.28,3,idle,standing,material_handling,1,1.0,0.85,0.013869283132346146,0.01333942598529086,0.0603231866391427,0.7138574873801228,4.7044752902912235,173.79919786112077,0.0,0.0,0.0,0.06482612283738924,0,1,1.0,0.6006132982653224
1786839816.7959473,1309,52.32,3,idle,standing,material_handling,1,1.0,0.85,0.012171018323248791,0.012770196088202982,0.06007907029496205,0.708272978357352,4.453238963486934,173.60523562877617,0.0,0.0,0.0,0.0647828119100139,0,1,1.0,0.6042321938276557
1786839816.8545914,1310,52.36,3,idle,standing,material_handling,1,1.0,0.85,0.010276109956133104,0.012899844738105874,0.05719360339712291,0.6940812075064536,4.271802687182044,173.52511179573236,0.0,0.0,0.0,0.06460203388265941,0,1,1.0,0.6078018233734769
1786839816.8857355,1311,52.4,3,idle,idle,material_handling,1,1.0,0.85,0.011200902596096577,0.01272975681941162,0.05751749214015741,0.6699492126120485,4.140152063007781,173.14214133557167,0.0,0.0,0.0,0.06455307798854346,0,1,1.0,0.6109171092888898
1786839816.9509952,1312,52.44,3,idle,idle,material_handling,1,1.0,0.85,0.010841158701837928,0.014474343379773966,0.05997657803041196,0.6393841545621208,4.009927453035738,172.8222552310433,0.0,0.0,0.0,0.06490664730900546,0,1,1.0,0.6132202384175931
1786839816.9799912,1313,52.48,3,idle,idle,material_handling,1,1.0,0.85,0.011186284990033664,0.014819608049838038,0.06524631242585283,0.6041403359778601,3.840533920928918,172.47906302015517,0.0,0.0,0.0,0.06551265823819895,0,1,1.0,0.6144027403902373
1786839817.0137424,1314,52.52,3,idle,idle,material_handling,1,1.0,0.85,0.01221427791080566,0.015308109160310144,0.06406434279110679,0.5720655555361842,3.838244527401122,172.18201492252155,0.0,0.0,0.0,0.06593325219885558,0,1,1.0,0.6142051024233939
1786839817.0899405,1315,52.56,3,standing,idle,material_handling,1,1.0,0.75,0.015191786574382157,0.015769788242845532,0.06471684376816061,0.5460542449412845,3.804907011676555,172.0287774783553,0.0,0.0,0.0,0.06650415516724571,0,1,1.0,0.6127079901435738
1786839817.121929,1316,52.6,3,standing,idle,material_handling,1,1.0,0.75,0.018172433512218016,0.015515499967663366,0.06069738174641934,0.5250910936913973,3.8651310476962286,171.87720220271382,0.0,0.0,0.0,0.06672883358447415,0,1,1.0,0.6098515413973692
1786839817.152429,1317,52.64,3,standing,idle,material_handling,1,1.0,0.75,0.02174040659441491,0.015390671261796739,0.06220548478192876,0.5014187666842791,3.9075873227505737,171.85736166643738,0.0,0.0,0.0,0.06694811200761441,0,1,1.0,0.6055868014601414
1786839817.2062325,1318,52.68,3,standing,idle,material_handling,1,1.0,0.75,0.02396476765311704,0.017320554634824136,0.058053209709063386,0.4823508169224341,3.925162391975159,171.78606085592278,0.0,0.0,0.0,0.06691479916644666,0,1,1.0,0.6001885124997107
1786839817.2677972,1319,52.72,3,standing,standing,material_handling,1,1.0,0.75,0.02733667514474324,0.01745403332872096,0.06382273753183249,0.45770034189279496,4.05104036661875,171.5107723146736,0.0,0.0,0.0,0.06691074338414559,0,1,1.0,0.5937157271787289
1786839817.364822,1320,52.76,3,standing,standing,material_handling,1,1.0,0.75,0.027507451959834065,0.018143281760899303,0.058531279060383884,0.43859346727964327,4.074937129923368,171.18545046863557,0.0,0.0,0.0,0.06669900381501707,0,1,1.0,0.5865317209944455
1786839817.4123514,1321,52.8,3,standing,standing,material_handling,1,1.0,0.75,0.02834786888974876,0.016519045204426194,0.06970554910740702,0.4280120002833606,4.192027802238853,170.99513307514889,0.0,0.0,0.0,0.066729014629896,0,1,1.0,0.5789707678867171
1786839817.4439857,1322,52.84,3,standing,standing,material_handling,1,1.0,0.75,0.029135068335153447,0.01830886050541206,0.07834898384574182,0.4327535491449347,3.971142120102138,170.85729834295256,0.0,0.0,0.0,0.06696113094015137,0,1,1.0,0.571712231766015
1786839817.482758,1323,52.88,3,standing,standing,material_handling,1,1.0,0.75,0.030451954644814865,0.021899003752948714,0.0776081691683928,0.44093772584925645,3.682401071518524,170.6607207330539,0.0,0.0,0.0,0.06709730259265553,0,1,1.0,0.565188943270871
1786839817.5373209,1324,52.92,3,standing,standing,material_handling,1,1.0,0.75,0.028717231058649498,0.02284849723831707,0.08053433776311014,0.4522831095892239,3.3078793796806893,170.45780109130357,0.0,0.0,0.0,0.06714458331290164,0,1,1.0,0.5597929493390119
1786839817.5699499,1325,52.96,3,standing,standing,material_handling,1,1.0,0.75,0.03005251769456853,0.02970613182698107,0.08397691282475579,0.4682352380343787,3.3727213495867665,169.45761577461587,0.0,0.0,0.0,0.06730979105714414,0,1,1.0,0.5557577874860798
1786839817.6052601,1326,53.0,3,standing,standing,material_handling,1,1.0,0.75,0.027491358485117478,0.033398617431760216,0.08201666923229549,0.47747224260713284,3.716765129718908,166.89384782979,0.0,0.0,0.0,0.06748707011331834,0,1,1.0,0.5529302369282081
1786839817.6877446,1327,53.04,3,standing,standing,material_handling,1,1.0,0.75,0.03050625865824806,0.03819934629939242,0.08457514159515754,0.48660511242149773,4.463478041058084,164.248909850513,0.0,0.0,0.0,0.0678949649033656,0,1,1.0,0.5513169279220244
1786839817.733947,1328,53.08,3,standing,standing,material_handling,1,1.0,0.75,0.03318835588690731,0.047687617767831175,0.08047290039592095,0.5031854507918403,5.642375426773713,162.78926214731305,0.0,0.0,0.0,0.06826120983710167,0,1,1.0,0.5510611587466622
1786839817.7703707,1329,53.12,3,standing,standing,material_handling,1,1.0,0.75,0.03750466628510419,0.053579645148003834,0.0976284175058657,0.5283277746740734,7.460767533574158,161.70762863443332,0.0,0.0,0.0,0.06907634728614576,0,1,1.0,0.5520345494879211
1786839817.827574,1330,53.16,3,standing,standing,material_handling,1,1.0,0.75,0.04493425054384069,0.05962467641999038,0.09291598874489598,0.5611275629857281,9.599555934714354,159.52068203164086,0.0,0.0,0.0,0.06972516601591804,0,1,1.0,0.5543114753166056
1786839817.8995643,1331,53.2,3,standing,standing,material_handling,1,1.0,0.75,0.06121254119066081,0.05835776040642224,0.08252469528514561,0.591804855100408,11.470327979250659,156.633236498896,0.0,0.0,0.0,0.07016175646948024,0,1,1.0,0.5577305203482895
1786839817.9320138,1332,53.24,3,standing,standing,material_handling,1,1.0,0.75,0.07274060447845734,0.05724632716763441,0.09092104154537739,0.6079003050489564,13.663764229602146,153.19428641442465,0.0,0.0,0.0,0.07077151707802828,0,1,1.0,0.5613524176394374
1786839818.0311458,1333,53.28,3,carrying,standing,material_handling,1,1.0,0.6744965684805612,0.0821403573922833,0.05619883314810319,0.0993239373468715,0.624160947467602,15.979650170302381,149.69763634856923,0.0,0.0,0.030303030303030304,0.07158004135074993,0,1,0.9696969696969697,0.5648234373108827
1786839818.0625181,1334,53.32,3,carrying,standing,material_handling,1,1.0,0.6814304095270892,0.09190286191447673,0.051458598959422674,0.10681599075926841,0.6357173492118153,18.202911487020877,145.3907139088325,0.0,0.0,0.06060606060606061,0.07265791262004476,0,1,0.9393939393939394,0.5676854161492003
1786839818.1306407,1335,53.36,3,walking,standing,material_handling,1,1.0,0.6,0.09838706545302656,0.059189343550008836,0.11202710376282218,0.6490286983927307,20.327952884320574,139.92108513962097,0.0,0.030303030303030304,0.09090909090909091,0.07385752797063304,0,1,0.9090909090909091,0.5698401808077473
1786839818.1971443,1336,53.4,3,walking,standing,material_handling,1,1.0,0.6,0.10284455529559006,0.05311977498831128,0.108663757622461,0.6774340617924062,22.354947689802806,133.45167879600015,0.0,0.06060606060606061,0.12121212121212122,0.07498704057113001,0,1,0.8787878787878788,0.5717168748406363
1786839818.2287278,1337,53.44,3,walking,standing,material_handling,1,1.0,0.6,0.10132912922362254,0.04538463844311208,0.10907877769734609,0.734727343272481,24.12112619828678,125.88553948585339,0.0,0.09090909090909091,0.15151515151515152,0.07631934412489469,0,1,0.8484848484848485,0.5741902853425801
1786839818.2598984,1338,53.48,3,walking,standing,material_handling,1,1.0,0.6,0.09669359268843344,0.039653510864062935,0.09661715885629,0.7733861352074518,25.655029520163133,117.23448097988918,0.0,0.12121212121212122,0.18181818181818182,0.07729684509344648,0,1,0.8181818181818182,0.5769460932336835
1786839818.3854105,1339,53.52,3,walking,walking,material_handling,1,1.0,0.6,0.08829258442944837,0.03412979025216562,0.08967894603357364,0.805276090330078,26.71511628949247,108.48059070438963,0.0,0.15151515151515152,0.21212121212121213,0.0781481701768334,0,1,0.7878787878787878,0.5800831836156972
1786839818.4167125,1340,53.56,3,unknown,walking,material_handling,1,1.0,0.3,0.07216394025897233,0.03608916030027954,0.11824527591908923,0.820067677734136,28.29535449232763,101.31029392745121,0.0,0.15151515151515152,0.21212121212121213,0.07982143264631314,0,1,0.7575757575757576,0.5833758452510143
1786839818.4712741,1341,53.6,3,unknown,walking,material_handling,1,1.0,0.3,0.0622836494855291,0.04244285392693245,0.11994786301294996,0.8286534298366061,30.03973433846942,96.33836331835337,0.0,0.15151515151515152,0.21212121212121213,0.08162824102127698,0,1,0.7272727272727273,0.5868545101739379
1786839818.562547,1342,53.64,3,unknown,walking,material_handling,1,1.0,0.3,0.05691866221015174,0.04391723480305829,0.11444156374826589,0.8408366181079874,31.697119613028853,92.96653151251408,0.0,0.15151515151515152,0.21212121212121213,0.08327558930774075,0,1,0.696969696969697,0.5908715901663815
1786839818.5934174,1343,53.68,3,unknown,walking,material_handling,1,1.0,0.3,0.059726728058473726,0.0443452961561904,0.11121725628129117,0.8615309790333863,33.52731422219259,90.83137450327585,0.0,0.15151515151515152,0.21212121212121213,0.08491266969817009,0,1,0.6666666666666666,0.5959458256671976
1786839818.6325865,1344,53.72,3,unknown,walking,material_handling,1,1.0,0.3,0.06025090928890924,0.0359301718636332,0.11227887943488035,0.8853003166087234,34.930322281801224,89.89529254798956,0.0,0.15151515151515152,0.21212121212121213,0.08657210567679806,0,1,0.6363636363636364,0.6024716166973998
1786839818.710219,1345,53.76,3,bending,unknown,unknown,0,0.0,0.5944723627942039,0.06929006884011277,0.038817703550485756,0.13909204616341114,0.8993717585527616,35.66834176765224,92.89859025859002,0.030303030303030304,0.15151515151515152,0.24242424242424243,0.08896954410507074,0,0,0.6060606060606061,0.6103500289395404
1786839818.7549882,1346,53.8,3,bending,unknown,unknown,0,0.0,0.600128395043773,0.08319005356042723,0.03814553056525044,0.15446458924133732,0.8658948861253184,36.00770370262638,99.0104361085458,0.06060606060606061,0.15151515151515152,0.2727272727272727,0.09167312825099454,0,0,0.5757575757575758,0.618281985004615
1786839818.7904594,1347,53.84,3,bending,unknown,unknown,0,0.0,0.5978091072767077,0.09512140403448169,0.040269812445158135,0.1538017843094662,0.8345338351555757,35.86854643660246,106.96335011963899,0.09090909090909091,0.15151515151515152,0.30303030303030304,0.09439244466064178,0,0,0.5454545454545454,0.6262355692355056
1786839818.8466046,1348,53.88,3,walking,unknown,unknown,0,0.0,0.6,0.1026611643453964,0.04916736541948101,0.15682237617216974,0.7810503308111745,34.9083723824775,114.8030223378616,0.09090909090909091,0.18181818181818182,0.3333333333333333,0.09718352140015721,0,0,0.5151515151515151,0.6333566627467144
1786839818.8786855,1349,53.92,3,walking,bending,bending,0,0.0,0.6,0.10551672311785666,0.05974096048836386,0.14396987512093923,0.7408463475350543,33.27752640398828,122.57685225578068,0.09090909090909091,0.21212121212121213,0.36363636363636365,0.09970693029029418,0,0,0.48484848484848486,0.6398947007419766
1786839818.9122138,1350,53.96,3,walking,bending,bending,0,0.0,0.6,0.10326211789762157,0.06341701104915376,0.14099840270446162,0.7173235699921586,30.241070283350222,129.7191828914766,0.09090909090909091,0.24242424242424243,0.3939393939393939,0.10209459446976488,0,0,0.45454545454545453,0.6464372705391852
1786839818.9678447,1351,54.0,3,walking,bending,bending,0,0.0,0.6,0.10033503767161486,0.07863148220049394,0.1280192498091563,0.6986173202244861,26.632239536960157,135.92582992697896,0.09090909090909091,0.2727272727272727,0.42424242424242425,0.10421477750310101,0,0,0.42424242424242425,0.6529908009422777
1786839819.000459,1352,54.04,3,walking,walking,walking,0,0.0,0.6,0.0892954751397424,0.08332015262437507,0.12353048954097735,0.6894744175206987,22.64766538539557,142.17754873137864,0.09090909090909091,0.30303030303030304,0.45454545454545453,0.10602410332155995,0,0,0.3939393939393939,0.6600142577794869
1786839819.0311306,1353,54.08,3,carrying,walking,walking,0,0.0,0.703860308866971,0.0871886410611321,0.08309307831532829,0.12055524886378936,0.6731005147782851,18.70299951654619,147.54215027327714,0.09090909090909091,0.30303030303030304,0.48484848484848486,0.10790361755802678,0,0,0.36363636363636365,0.6671205319461124
1786839819.0823605,1354,54.12,3,carrying,walking,walking,0,0.0,0.6913362363125767,0.07363564643078034,0.07978372899023063,0.11054414435049052,0.6522270605209611,15.435784117520239,152.61316105369553,0.09090909090909091,0.30303030303030304,0.5151515151515151,0.10914115074721113,0,0,0.3333333333333333,0.6739149277108881
1786839819.1254702,1355,54.16,3,carrying,walking,walking,0,0.0,0.6788018780525413,0.061497606755596,0.07983882120709576,0.10103037277698179,0.6313364634209023,12.798716329590519,155.9977599716309,0.09090909090909091,0.30303030303030304,0.5454545454545454,0.1098284655633093,0,0,0.30303030303030304,0.6799325917798569
1786839819.1606252,1356,54.2,3,carrying,walking,walking,0,0.0,0.671385740395311,0.05030316588426764,0.08056111910308575,0.09118020844890638,0.618976233992185,10.354806912806547,158.46222739065888,0.09090909090909091,0.30303030303030304,0.5757575757575758,0.11023973948090064,0,0,0.2727272727272727,0.6853276980872184
1786839819.2111795,1357,54.24,3,walking,carrying,carrying,0,0.0,0.6,0.045508416444782235,0.07422341006644266,0.08326084179751754,0.6015878211976009,8.35432102231889,159.11227176193415,0.09090909090909091,0.3333333333333333,0.6060606060606061,0.1103223608152766,0,0,0.24242424242424243,0.6898520832874722
1786839819.2494366,1358,54.28,3,walking,carrying,carrying,0,0.0,0.6,0.04462090437665811,0.06957372746868017,0.06873145977455322,0.5952621181565372,7.012653414736104,160.59732623697886,0.09090909090909091,0.36363636363636365,0.6363636363636364,0.1098603773895129,0,0,0.21212121212121213,0.6937013826851134
1786839819.2797158,1359,54.32,3,walking,carrying,carrying,0,0.0,0.6,0.045989662713491926,0.06444553521794424,0.06103122860010105,0.5876250599822211,6.023255956127998,162.49961338866757,0.09090909090909091,0.3939393939393939,0.6666666666666666,0.10922445494611306,0,0,0.18181818181818182,0.697039346847995
1786839819.424242,1360,54.36,3,standing,carrying,carrying,0,0.0,0.75,0.04583382809322881,0.05340902031348306,0.06986879994945955,0.5751573463978807,5.441371416338177,164.59948342861463,0.09090909090909091,0.3939393939393939,0.6666666666666666,0.10877880822957678,0,0,0.18181818181818182,0.6997227478775822
1786839819.4574397,1361,54.4,3,standing,walking,walking,0,0.0,0.75,0.043425447054681245,0.05224534403081879,0.07725791153510501,0.5698374224445484,5.41702584770369,166.69110253430668,0.09090909090909091,0.3939393939393939,0.6666666666666666,0.10868138432470358,0,0,0.18181818181818182,0.701742504594331
1786839819.4892547,1362,54.44,3,standing,walking,walking,0,0.0,0.75,0.04134939248192003,0.05047381156188322,0.1019901262398975,0.5877297125871126,5.671723886474782,166.89061985797656,0.09090909090909091,0.3939393939393939,0.6666666666666666,0.10881355731664391,0,0,0.18181818181818182,0.7035425633189685
1786839819.5379694,1363,54.48,3,standing,walking,walking,0,0.0,0.75,0.045059404900841746,0.05735834963070915,0.1079726364176857,0.6152044924702044,5.59420913926885,166.04590027720988,0.09090909090909091,0.3939393939393939,0.6666666666666666,0.10926981936733451,0,0,0.18181818181818182,0.7051812581518314
1786839819.6451216,1364,54.52,3,walking,standing,standing,0,0.0,0.6,0.04529990491559244,0.10227606730239991,0.112503831956947,0.6517551052133035,5.3338998793630035,164.28214496029108,0.09090909090909091,0.42424242424242425,0.696969696969697,0.1101782780543588,0,0,0.15151515151515152,0.7069979323976767
1786839819.6763227,1365,54.56,3,carrying,standing,standing,0,0.0,0.714449681266906,0.05313078584976703,0.12114202983399774,0.11565566475446502,0.6907494687781768,5.199681598748789,161.74076366545526,0.09090909090909091,0.42424242424242425,0.7272727272727273,0.11092781209099782,0,0,0.12121212121212122,0.7095085131167439
1786839819.7254822,1366,54.6,3,carrying,standing,standing,0,0.0,0.743542745367442,0.053992100376700755,0.12712284979983732,0.12114814523134552,0.7392379089457368,5.174647759174735,158.99676001688334,0.09090909090909091,0.42424242424242425,0.7272727272727273,0.11158915172386068,0,0,0.12121212121212122,0.7129956937675965
1786839819.7763813,1367,54.64,3,carrying,standing,standing,0,0.0,0.7722035333143683,0.052246826964118295,0.1265403546282051,0.12500890798411107,0.7870058888572806,5.036729182473985,158.04260443769857,0.09090909090909091,0.42424242424242425,0.7272727272727273,0.1121404522458256,0,0,0.12121212121212122,0.7175801949689742
1786839819.858442,1368,54.68,3,carrying,standing,standing,0,0.0,0.8032035868625865,0.05191569498652002,0.13410789808449852,0.1298144112195427,0.8386726447709776,4.836675644351046,156.95257534917815,0.09090909090909091,0.3939393939393939,0.7272727272727273,0.11267946156269591,0,0,0.12121212121212122,0.7233269812228605
1786839820.082292,1369,54.72,3,carrying,carrying,carrying,0,0.0,0.8310484163152132,0.05320441364313748,0.14268498871581495,0.12446971450775468,0.8850806938586888,4.672727432614189,156.0715383683485,0.09090909090909091,0.36363636363636365,0.7272727272727273,0.11315842995315936,0,0,0.12121212121212122,0.7296193034066873
1786839820.1250257,1370,54.76,3,carrying,carrying,carrying,0,0.0,0.8609649079794198,0.05541119065217699,0.1442567545443869,0.11653928831747318,0.9349415132990331,4.772355169563184,155.4341639097835,0.09090909090909091,0.3333333333333333,0.7272727272727273,0.11338450603255715,0,0,0.12121212121212122,0.735686399468098
1786839820.15846,1371,54.8,3,carrying,carrying,carrying,0,0.0,0.894160211662322,0.05335372657225643,0.1505928855180056,0.09337651682261001,0.9902670194372034,4.710841114748332,153.60599498726177,0.09090909090909091,0.30303030303030304,0.7272727272727273,0.11328630475880927,0,0,0.12121212121212122,0.7422585474750601
1786839820.2440026,1372,54.84,3,walking,carrying,carrying,0,0.0,0.8180205151637642,0.04642544330181427,0.14724369272947754,0.08542925965656903,1.020420824204816,4.748520210131902,152.4508865459233,0.09090909090909091,0.30303030303030304,0.7272727272727273,0.11315752638374853,0,0,0.12121212121212122,0.7487780848652037
1786839820.2758095,1373,54.88,3,walking,carrying,carrying,0,0.0,0.6,0.04405982380506232,0.10792239080050253,0.08381075887695028,1.0519988878991573,4.703501083871964,152.63643700455245,0.09090909090909091,0.3333333333333333,0.7575757575757576,0.11211405617035038,0,0,0.12121212121212122,0.7558063033550528
1786839820.3073478,1374,54.92,3,walking,carrying,carrying,0,0.0,0.6,0.0363353674766778,0.0862843793021287,0.07658843942993204,1.0787423718643283,4.637755560677301,153.88318585645456,0.09090909090909091,0.36363636363636365,0.7878787878787878,0.11080013424359225,0,0,0.12121212121212122,0.7633847561437717
1786839820.359898,1375,54.96,3,walking,carrying,carrying,0,0.0,0.6,0.03648251806640496,0.08485855642005509,0.06821656259091079,1.1037018069226445,4.1245100562887735,154.99810133106527,0.09090909090909091,0.3939393939393939,0.8181818181818182,0.1093993766327633,0,0,0.12121212121212122,0.7713503679260341
1786839820.3954155,1376,55.0,3,walking,walking,walking,0,0.0,0.6,0.040007406660854304,0.07833079531955182,0.0891178467778278,1.104931800859561,3.857118217716112,156.9835261600078,0.09090909090909091,0.42424242424242425,0.8484848484848485,0.10872969755690078,0,0,0.12121212121212122,0.7787261504056151
1786839820.437755,1377,55.04,3,walking,walking,walking,0,0.0,0.6,0.04410319848496839,0.06632919332036656,0.11518044131429413,1.1043319085458956,4.169942574160229,158.21796372456075,0.09090909090909091,0.45454545454545453,0.8787878787878788,0.10881762367445877,0,0,0.12121212121212122,0.7853634713734081
1786839820.48709,1378,55.08,3,standing,walking,walking,0,0.0,0.75,0.04078427899664606,0.057418336224908155,0.14958821797229205,1.0767743850289921,4.755680140054462,159.01997673615483,0.06060606060606061,0.45454545454545453,0.8484848484848485,0.10913568948684912,0,0,0.15151515151515152,0.7907393085393545
1786839820.5232697,1379,55.12,3,standing,walking,walking,0,0.0,0.75,0.0407103246427574,0.05499264657195672,0.1663991245311022,1.0383531581399692,5.326686513627863,159.4885136738495,0.030303030303030304,0.45454545454545453,0.8181818181818182,0.10949734207138745,0,0,0.18181818181818182,0.7959653167822228
1786839820.5765963,1380,55.16,3,walking,walking,walking,0,0.0,0.6,0.0460770025715381,0.06043690139535904,0.17949518944525997,0.9931338396992937,6.557932502166698,157.4962334195821,0.0,0.48484848484848486,0.8181818181818182,0.11027593010580544,0,0,0.18181818181818182,0.8007713775259717
1786839820.7148385,1381,55.2,3,walking,walking,walking,0,0.0,0.6,0.05006141940201679,0.10330132142706883,0.18143711585601419,0.944576542634666,8.16418946859088,154.92620964063448,0.0,0.48484848484848486,0.8181818181818182,0.11102183130834618,0,0,0.18181818181818182,0.8057267172781989
1786839820.760905,1382,55.24,3,walking,walking,walking,0,0.0,0.6019867691230248,0.05229471214384293,0.10835761844214448,0.1858506895952904,0.906667776802815,10.439731326529346,152.98910261220183,0.0,0.48484848484848486,0.8181818181818182,0.11229094689847803,0,0,0.18181818181818182,0.8107516090741915
1786839820.7904444,1383,55.28,3,walking,walking,walking,0,0.0,0.8175637459301534,0.05096091626145847,0.1471614742674276,0.21220671278663525,0.8645695504364914,12.96556041557407,152.5582368705076,0.0,0.48484848484848486,0.8181818181818182,0.11444877447672572,0,0,0.18181818181818182,0.8152136084815956
1786839820.9364016,1384,55.32,3,walking,walking,walking,0,0.0,0.8173807016534558,0.05309470399474484,0.14712852629762205,0.25222856514151615,0.8308337954852298,15.595801556403899,152.8307546451711,0.0,0.48484848484848486,0.8181818181818182,0.11821269312316086,0,0,0.18181818181818182,0.8192201683379818
1786839820.966256,1385,55.36,3,walking,walking,walking,0,0.0,0.8410283557366816,0.047696108694201385,0.15138510403260266,0.24631126079285126,0.8124010020645727,19.052375554401284,154.3163737950337,0.0,0.48484848484848486,0.8181818181818182,0.12193332255503585,0,0,0.18181818181818182,0.8229452163544628
1786839820.9996202,1386,55.4,3,walking,walking,walking,0,0.0,0.8486519814566541,0.04639080573062177,0.15275735666219775,0.2524875851772206,0.8292906500018418,22.299119058968547,153.06658575278715,0.0,0.5151515151515151,0.8181818181818182,0.12593127214029134,0,0,0.18181818181818182,0.8276782507551766
1786839821.2300797,1387,55.44,3,walking,walking,walking,0,0.0,0.8811798247849224,0.05235386093932516,0.158612368461286,0.2371447350653798,0.8629649932825375,25.89744086181624,153.54353508943473,0.0,0.5454545454545454,0.8181818181818182,0.12976765367710613,0,0,0.18181818181818182,0.8340642487176487
1786839821.341901,1388,55.48,3,walking,walking,walking,0,0.0,0.9230731929614685,0.04909180575447666,0.16615317473306432,0.23813807439731946,0.8953870540696867,28.568469821799,151.64933313199364,0.0,0.5757575757575758,0.8181818181818182,0.1339224325140861,0,0,0.18181818181818182,0.8420657817676119
1786839821.3732083,1389,55.52,3,walking,walking,walking,0,0.0,1.0,0.043891962313033606,0.18025086992424397,0.24347738157618817,0.9138492893059016,31.239149955323615,149.8139186102278,0.0,0.6060606060606061,0.8181818181818182,0.13853749836642795,0,0,0.18181818181818182,0.8510013288983305
1786839821.4231,1390,55.56,3,walking,walking,walking,0,0.0,0.7461884191300934,0.037575076335820384,0.1343139154434168,0.268375758213267,0.9158576719325883,32.709592751319775,149.5360859477692,0.0,0.6060606060606061,0.8181818181818182,0.14414704128811734,0,0,0.18181818181818182,0.8605246577084817
1786839821.4757843,1391,55.6,3,walking,walking,walking,0,0.0,0.7287393296416865,0.03763565747308563,0.13117307933550357,0.27072217419355904,0.9025506337914138,33.46597592455202,149.85436468206774,0.0,0.6060606060606061,0.8181818181818182,0.15026797202808723,0,0,0.18181818181818182,0.8698364309095385
1786839821.5217474,1392,55.64,3,walking,walking,walking,0,0.0,0.6,0.038602402257014536,0.10153978754475516,0.2693791427418077,0.8776595012046211,32.0424269366948,151.21885163998567,0.0,0.6060606060606061,0.8181818181818182,0.1565815451838965,0,0,0.18181818181818182,0.8786253533708235
1786839821.5715442,1393,55.68,3,walking,walking,walking,0,0.0,0.6,0.04042162041687088,0.10433173044477873,0.24766452244203258,0.8228098859121875,29.85530490802905,151.7649693233085,0.0,0.6363636363636364,0.8484848484848485,0.1619692943503381,0,0,0.15151515151515152,0.8861299757803478
1786839821.6020882,1394,55.72,3,walking,walking,walking,0,0.0,0.6759570024307461,0.05350164202252408,0.12167226043753428,0.2383718482788789,0.7641719707670711,27.456306413999563,151.37724760569654,0.0,0.6666666666666666,0.8787878787878788,0.1668515348577252,0,0,0.12121212121212122,0.8920189014870908
1786839821.632432,1395,55.76,3,walking,walking,walking,0,0.0,0.67553698190292,0.06221918415961877,0.12159665674252561,0.21752350884171,0.6993360335898732,24.032800369911524,150.67718325630054,0.0,0.696969696969697,0.9090909090909091,0.17035254645171952,0,0,0.09090909090909091,0.8954009112144473
1786839821.7005243,1396,55.8,3,walking,walking,walking,0,0.0,0.6609803774983333,0.06741219669568742,0.11897646794969997,0.20530045404301148,0.6127595374831841,20.56206539317748,152.47022573126432,0.0,0.7272727272727273,0.9393939393939394,0.17330187425854754,0,0,0.06060606060606061,0.8953268216693862
1786839821.729626,1397,55.84,3,walking,walking,walking,0,0.0,0.6782924171038656,0.07626312286781489,0.12209263507869579,0.18910825169065323,0.5168086106810037,16.115017126225165,152.64686242366184,0.0,0.7272727272727273,0.9393939393939394,0.17562322031108413,0,0,0.06060606060606061,0.8912375339562861
1786839821.766775,1398,55.88,3,walking,walking,walking,0,0.0,0.6018192372678318,0.08260393764378152,0.10832746270820973,0.16452195978392486,0.4467000173980051,12.560939288623459,155.57217072059527,0.0,0.7575757575757576,0.9393939393939394,0.17710401713015866,0,0,0.06060606060606061,0.8838420960356748
1786839821.8216226,1399,55.92,3,walking,walking,walking,0,0.0,0.6630681900264409,0.0914013489773024,0.11935227420475937,0.13169578665585094,0.40755524622586076,9.201469615808387,157.88948678780883,0.0,0.7878787878787878,0.9393939393939394,0.17742364262787094,0,0,0.06060606060606061,0.8737911062562846
1786839821.8531706,1400,55.96,3,walking,walking,walking,0,0.0,0.6730881695952952,0.09200604899659626,0.12115587052715313,0.1303570933001861,0.3927520482591429,6.354109936047274,160.40629978906108,0.0,0.8181818181818182,0.9393939393939394,0.17758570884957017,0,0,0.06060606060606061,0.8618440201775532
1786839821.8942683,1401,56.0,3,walking,walking,walking,0,0.0,0.6679474477084297,0.09836089226161822,0.12023054058751735,0.1167273884491549,0.38887259169777605,4.142934337027372,163.69196069354552,0.0,0.8484848484848485,0.9393939393939394,0.17718913240198264,0,0,0.06060606060606061,0.8482137155389714
1786839821.943225,1402,56.04,3,walking,walking,walking,0,0.0,0.6298365591858023,0.09730493937533419,0.11337058065344441,0.1138694982065917,0.4083632407276666,3.7831552606634076,165.84817011399437,0.0,0.8787878787878788,0.9393939393939394,0.17686791372618987,0,0,0.06060606060606061,0.8337677321107586
1786839822.0300498,1403,56.08,3,walking,walking,walking,0,0.0,0.6,0.0952348750769936,0.09354297102363114,0.11114956113158775,0.4280992956695707,3.955335310358567,167.06327569875097,0.0,0.9090909090909091,0.9393939393939394,0.17670458865995087,0,0,0.06060606060606061,0.8184088770310778
1786839822.059634,1404,56.12,3,walking,walking,walking,0,0.0,0.6,0.09113465688069873,0.09106099996119799,0.09963343825783513,0.43992724252360355,4.200195270906237,168.7249681643171,0.0,0.9393939393939394,0.9393939393939394,0.1768941923398062,0,0,0.06060606060606061,0.8017319140943021
1786839822.1176565,1405,56.16,3,walking,walking,walking,0,0.0,0.6,0.09138828256378043,0.0881019871742418,0.10253425665728523,0.4401947132119298,4.816309467377133,170.08444498254985,0.0,0.9393939393939394,0.9393939393939394,0.17741252558225215,0,0,0.06060606060606061,0.7841493046702753
1786839822.1930423,1406,56.2,3,walking,walking,walking,0,0.0,0.6,0.08578636533750324,0.08189010458247105,0.10275843658513659,0.4433558272504096,5.408348381206961,170.52500452359862,0.0,0.9393939393939394,0.9393939393939394,0.1779866976340154,0,0,0.06060606060606061,0.7657055755597072
1786839822.2455206,1407,56.24,3,walking,walking,walking,0,0.0,0.6,0.07806493295073728,0.07656910747011678,0.09880540226190165,0.4450757601315313,6.237339640679965,170.45402256214354,0.0,0.9393939393939394,0.9393939393939394,0.17865993893195384,0,0,0.06060606060606061,0.7465035570223496
1786839822.3117776,1408,56.28,3,walking,walking,walking,0,0.0,0.6,0.07140239039777839,0.07033816701989842,0.09722835497204538,0.44337873035209147,6.802427745096023,169.55186610013268,0.0,0.9393939393939394,0.9393939393939394,0.17953908415562456,0,0,0.06060606060606061,0.7264937668232418
1786839822.3421712,1409,56.32,3,walking,walking,walking,0,0.0,0.6,0.06509905241743028,0.06241138134089727,0.08970861415841551,0.4348447626260966,7.294781135678447,169.02580714964125,0.0,0.9393939393939394,0.9393939393939394,0.1795569861974606,0,0,0.06060606060606061,0.7061880989979855
1786839822.3740804,1410,56.36,3,standing,walking,walking,0,0.0,0.75,0.05880326290089555,0.055279807229429205,0.08896495978024768,0.4206593818352536,7.7260789730651895,169.24876748007102,0.0,0.9090909090909091,0.9090909090909091,0.17876257766612588,0,0,0.09090909090909091,0.6854707497037236
1786839822.4307954,1411,56.4,3,standing,walking,walking,0,0.0,0.75,0.05570734631424365,0.054198164983781834,0.0810566982864437,0.40506686971127737,8.116634366875555,169.45989531551353,0.0,0.9090909090909091,0.9090909090909091,0.17668586494837288,0,0,0.09090909090909091,0.6651159765122777
1786839822.460694,1412,56.44,3,standing,walking,walking,0,0.0,0.75,0.04634430707955948,0.0511193628826643,0.07445299007629251,0.38540660728716924,8.142373136918142,169.11769002310362,0.0,0.9090909090909091,0.9090909090909091,0.17389961844974228,0,0,0.09090909090909091,0.6453297173955261
1786839822.49572,1413,56.48,3,standing,walking,walking,0,0.0,0.75,0.03621882491196806,0.05171380134246241,0.0661078617269751,0.3657772915626541,8.37263311498504,168.5135219993052,0.0,0.8787878787878788,0.8787878787878788,0.17046363882191545,0,0,0.12121212121212122,0.6263189129065372
1786839822.5592473,1414,56.52,3,standing,standing,standing,0,0.0,0.75,0.024606995465552686,0.048436129015403805,0.05261685555513461,0.34685806907793715,8.703485546130182,167.48843117196822,0.0,0.8484848484848485,0.8484848484848485,0.16655999457037365,0,0,0.15151515151515152,0.6082062318896665
1786839822.5903056,1415,56.56,3,standing,standing,standing,0,0.0,0.75,0.018223885145224418,0.03953365499139095,0.04362888980717131,0.33024075482841564,8.975396069836332,166.60485066257928,0.0,0.8181818181818182,0.8181818181818182,0.16225024306164276,0,0,0.18181818181818182,0.5907387463752908
1786839822.631886,1416,56.6,3,standing,standing,standing,0,0.0,0.75,0.017435935579780605,0.031086783529465947,0.04052229851677384,0.31240426165699964,9.103323202445566,166.28224868325674,0.0,0.7878787878787878,0.7878787878787878,0.15704768505346514,0,0,0.21212121212121213,0.5740064648971244
1786839822.7172322,1417,56.64,3,standing,standing,standing,0,0.0,0.75,0.016749064689185047,0.025876436243966766,0.038843808158293726,0.2963563878619716,9.237630699892904,166.36633874265087,0.0,0.7575757575757576,0.7575757575757576,0.1505814802963978,0,0,0.24242424242424243,0.5578101798176317
1786839822.7474852,1418,56.68,3,standing,standing,standing,0,0.0,0.75,0.017698188295767338,0.024931972561014804,0.03387779059439283,0.28573802547868726,9.250229462233438,166.54899108936837,0.0,0.7272727272727273,0.7272727272727273,0.14414410241159603,0,0,0.2727272727272727,0.5418506956786654
1786839822.777454,1419,56.72,3,standing,standing,standing,0,0.0,0.75,0.01706161543503658,0.02467434153864973,0.032348327193814495,0.2799879751005686,9.227464766315105,166.59615752322,0.0,0.696969696969697,0.696969696969697,0.13747321580603827,0,0,0.30303030303030304,0.5252051600755966
1786839822.8238585,1420,56.76,3,standing,standing,standing,0,0.0,0.75,0.013407121311571601,0.023049112714025807,0.030873338044707058,0.27554877295839725,9.174355129202464,166.0073640429005,0.0,0.6666666666666666,0.6666666666666666,0.13122256741147242,0,0,0.3333333333333333,0.5074046685506226
1786839822.8518562,1421,56.8,3,standing,standing,standing,0,0.0,0.75,0.013334413761248502,0.02526627308649258,0.029540645420930038,0.27166648309466607,9.067001718970172,165.84225721504762,0.0,0.6363636363636364,0.6363636363636364,0.12490143320006668,0,0,0.36363636363636365,0.4885040451877432
1786839822.8797994,1422,56.84,3,standing,standing,standing,0,0.0,0.75,0.01603492830080952,0.023543581212113942,0.028773694018137563,0.27038922353090566,9.180101795474068,165.86142358485347,0.0,0.6060606060606061,0.6060606060606061,0.11839526084982273,0,0,0.3939393939393939,0.46900525531577364
1786839822.951443,1423,56.88,3,standing,standing,standing,0,0.0,0.75,0.0199969818100979,0.022872381515391605,0.02907582723901227,0.26644176635705075,9.248404147732254,166.1180818271827,0.0,0.5757575757575758,0.5757575757575758,0.11114374778999682,0,0,0.42424242424242425,0.4493259854498483
1786839823.011419,1424,56.92,3,standing,standing,standing,0,0.0,0.75,0.024672898126421382,0.02370292868891634,0.03432273989825828,0.26389085882707514,9.36913719622539,166.50864860845178,0.0,0.5454545454545454,0.5454545454545454,0.1039801285689271,0,0,0.45454545454545453,0.4299726589357774
1786839823.0428023,1425,56.96,3,standing,standing,standing,0,0.0,0.75,0.028986886260283656,0.02444736947880878,0.0390895296941429,0.2601906858713732,9.35049284519997,166.79382928121314,0.0,0.5151515151515151,0.5151515151515151,0.0970016554462706,0,0,0.48484848484848486,0.4112614827135578
1786839823.1254492,1426,57.0,3,standing,standing,standing,0,0.0,0.75,0.030761500459258646,0.025693415321836305,0.041752244484833875,0.2580563753168229,9.320309352959317,167.07033749655187,0.0,0.48484848484848486,0.48484848484848486,0.0907618894475676,0,0,0.5151515151515151,0.3941477399682437
1786839823.1678345,1427,57.04,3,standing,standing,standing,0,0.0,0.75,0.03278757043161854,0.026018616707486102,0.04468102706148827,0.25484432288391334,9.000396865392924,166.98018063959339,0.0,0.45454545454545453,0.45454545454545453,0.0848924706227982,0,0,0.5454545454545454,0.37871356882026924
1786839823.1963983,1428,57.08,3,standing,standing,standing,0,0.0,0.75,0.03358464022246701,0.03047556177299114,0.04390818752493598,0.25035189434428234,8.789836004004112,167.3482476442311,0.0,0.42424242424242425,0.42424242424242425,0.07963140027986565,0,0,0.5757575757575758,0.3651079888431301
1786839823.2489111,1429,57.12,3,standing,standing,standing,0,0.0,0.75,0.035800905739614,0.034217398168778786,0.045016271845741515,0.24927618770946305,8.526584594657217,167.64228123155718,0.0,0.3939393939393939,0.3939393939393939,0.07477430384964534,0,0,0.6060606060606061,0.35409334188029007
1786839823.2808027,1430,57.16,3,standing,standing,standing,0,0.0,0.75,0.03450936063672742,0.033294034611360865,0.04418810493660858,0.24735474984124153,8.41461390478405,168.3741826541073,0.0,0.36363636363636365,0.36363636363636365,0.07038278425103793,0,0,0.6363636363636364,0.34592807336999426
1786839823.330689,1431,57.2,3,standing,standing,standing,0,0.0,0.75,0.030642670129495526,0.03292136213755611,0.04201647090643379,0.24621734337912118,8.30586956469199,168.8256769114914,0.0,0.3333333333333333,0.3333333333333333,0.06667049670929578,0,0,0.6666666666666666,0.33985284082396744
1786839823.379322,1432,57.24,3,standing,standing,standing,0,0.0,0.75,0.027085652758678955,0.030791445750792987,0.039973831740396114,0.24323605313704788,8.078466170104743,169.30476626978452,0.0,0.30303030303030304,0.30303030303030304,0.06389104353003958,0,0,0.696969696969697,0.3348734713364277
1786839823.4080875,1433,57.28,3,standing,standing,standing,0,0.0,0.75,0.023250895389538135,0.0305123780532978,0.03662494209110084,0.24429540024404495,7.7988793251296045,169.34116473309263,0.0,0.2727272727272727,0.2727272727272727,0.06105067531158244,0,0,0.7272727272727273,0.3303747850329399
1786839823.452405,1434,57.32,3,standing,standing,standing,0,0.0,0.75,0.01848234007943117,0.029494502303513866,0.030975203305032544,0.2478206278140473,7.384164982524257,169.3431795768411,0.0,0.24242424242424243,0.24242424242424243,0.05845212424660905,0,0,0.7575757575757576,0.3261004830970693
1786839823.5004735,1435,57.36,3,standing,standing,standing,0,0.0,0.75,0.0160750568793826,0.030647151653327154,0.027049354584439612,0.25189966318024787,7.03988199079843,169.2140465017446,0.0,0.21212121212121213,0.21212121212121213,0.05582121080351353,0,0,0.7878787878787878,0.3213591625653293
1786839823.5421016,1436,57.4,3,standing,standing,standing,0,0.0,0.75,0.012347093392096982,0.0324028305665053,0.024965794619175453,0.2548361600187228,6.864307243011787,169.47353055074504,0.0,0.18181818181818182,0.18181818181818182,0.053209581515258605,0,0,0.8181818181818182,0.3161087645153036
1786839823.5732155,1437,57.44,3,standing,standing,standing,0,0.0,0.75,0.012324207997162285,0.02632425362659415,0.023415874447770945,0.2581119595854753,6.831749209184849,170.26006106888028,0.0,0.15151515151515152,0.15151515151515152,0.050899958369499086,0,0,0.8484848484848485,0.31059921048687555
1786839823.621466,1438,57.48,3,standing,standing,standing,0,0.0,0.75,0.010417987292927469,0.02201114262922974,0.02023593792364614,0.2610256208733926,6.857840073282264,170.75793284047396,0.0,0.12121212121212122,0.12121212121212122,0.04840606992302517,0,0,0.8787878787878788,0.30516984405237435
1786839823.652266,1439,57.52,3,standing,standing,standing,0,0.0,0.75,0.00931670159551038,0.020493610771947095,0.0208577385963233,0.26187805993443963,6.946281348035882,171.37554178441363,0.0,0.09090909090909091,0.09090909090909091,0.04592423059003083,0,0,0.9090909090909091,0.2996705177700722
1786839823.681781,1440,57.56,3,standing,standing,standing,0,0.0,0.75,0.01088233374888075,0.021317754610411035,0.022855658297479445,0.2617265086845061,6.950284654460061,171.5277210217763,0.0,0.06060606060606061,0.06060606060606061,0.043622723197169554,0,0,0.9393939393939394,0.2941144798474351
1786839823.7673113,1441,57.6,3,standing,standing,standing,0,0.0,0.75,0.010690472872027727,0.020733930479972903,0.022023752958135877,0.26088511363166045,7.043443142475509,171.4112842048693,0.0,0.030303030303030304,0.030303030303030304,0.041343795863414724,0,0,0.9696969696969697,0.2885843702498463
1786839823.7995746,1442,57.64,3,idle,standing,standing,0,0.0,0.85,0.00965166676091544,0.01956816890223927,0.02691015565496497,0.2592501903613539,7.137989552249318,171.15105810201572,0.0,0.0,0.0,0.03944081227240106,0,0,1.0,0.28326332260546017
1786839823.8461702,1443,57.68,3,idle,standing,standing,0,0.0,0.85,0.009898084933957989,0.019775098017047438,0.02720284132288549,0.25572658929223846,7.189424052410528,171.08549337270887,0.0,0.0,0.0,0.03756923292520827,0,0,1.0,0.2782653591950658
1786839823.9164848,1444,57.72,3,idle,standing,standing,0,0.0,0.85,0.008588504198450815,0.016930622261615322,0.02660368275446089,0.250251134976744,7.334166934264724,170.87078655720316,0.0,0.0,0.0,0.03591914154545122,0,0,1.0,0.2735739732940193
1786839823.9564414,1445,57.76,3,idle,standing,standing,0,0.0,0.85,0.008595525492986941,0.013550809051772247,0.024725530870421564,0.24613827952939338,7.446024172073256,170.7783171989019,0.0,0.0,0.0,0.034412248842243004,0,0,1.0,0.2693537209377231
1786839824.0009344,1446,57.8,3,idle,idle,idle,0,0.0,0.85,0.006685928936876311,0.012746804388762545,0.025786653070143044,0.24005667526742705,7.428514604217929,170.40163196957644,0.0,0.0,0.0,0.03319039403446021,0,0,1.0,0.2655440052924131
1786839824.0521085,1447,57.84,3,idle,idle,idle,0,0.0,0.85,0.008255007110691851,0.01767749562492156,0.029194698472902132,0.2327030863862653,7.305105494301057,169.46045969769563,0.0,0.0,0.0,0.03248063169863499,0,0,1.0,0.26208476339266557
1786839824.1851175,1448,57.88,3,standing,idle,idle,0,0.0,0.75,0.011953187775913818,0.029609740812642043,0.04153512998981996,0.2200342495566817,6.918507512440714,168.01364334968181,0.0,0.0,0.0,0.03241718443144252,0,0,1.0,0.2587451723238251
1786839824.2154698,1449,57.92,3,standing,idle,idle,0,0.0,0.75,0.012810828188192985,0.030106179163441098,0.05327543960743162,0.2157362439930361,6.284269115783869,166.11373690787602,0.0,0.0,0.0,0.03280364325237155,0,0,1.0,0.25581583845522016
1786839824.2861192,1450,57.96,3,standing,idle,idle,0,0.0,0.75,0.01745193809762074,0.03551668783903741,0.0616858939124546,0.21513770534703924,5.886095548279635,165.5879688832028,0.0,0.0,0.0,0.03349582766916429,0,0,1.0,0.25335466625779796
1786839824.3839197,1451,58.0,3,standing,idle,idle,0,0.0,0.75,0.024545168390860395,0.0373515907635002,0.06262950090506714,0.21559009565749082,5.29546509247466,164.71560631383744,0.0,0.0,0.0,0.03436709161797261,0,0,1.0,0.25122897141473144
1786839824.4154365,1452,58.04,3,standing,standing,standing,0,0.0,0.75,0.030004260575872164,0.0431103924870071,0.06947622571922643,0.2189385585067535,4.772953603756127,163.2680169716114,0.0,0.0,0.0,0.03549217945207601,0,0,1.0,0.2493789890937067
1786839824.4622493,1453,58.08,3,standing,standing,standing,0,0.0,0.75,0.03834671169415652,0.052010088420771136,0.07863592482359183,0.22177527935378336,4.245209097305435,160.43886058509167,0.0,0.0,0.0,0.03693953056658767,0,0,1.0,0.24774948928750626
1786839824.4904363,1454,58.12,3,walking,standing,standing,0,0.0,0.6,0.05280873014922881,0.07515042111350326,0.09108416903697487,0.22709446247324638,3.8453784075859003,156.8917746160649,0.0,0.030303030303030304,0.030303030303030304,0.03880448582767994,0,0,0.9696969696969697,0.2463988219959481
1786839824.519891,1455,58.16,3,walking,standing,standing,0,0.0,0.6,0.0650792139430362,0.09523340278489775,0.1022119204503031,0.22749032541010197,3.393630601168686,154.90730781218215,0.0,0.06060606060606061,0.06060606060606061,0.041029886628654644,0,0,0.9393939393939394,0.24509885538622678
1786839824.6487627,1456,58.2,3,walking,standing,standing,0,0.0,0.6,0.07240154244258687,0.10443883802346839,0.10872738190682335,0.227035572023594,2.838426191123995,153.6900941547869,0.0,0.09090909090909091,0.09090909090909091,0.0434435701034368,0,0,0.9090909090909091,0.2439047282852129
1786839824.6839898,1457,58.24,3,walking,standing,standing,0,0.0,0.6,0.08085804218770358,0.10525486265634598,0.10808332528131209,0.22998170305898374,2.362985022127168,154.08039318359232,0.0,0.12121212121212122,0.12121212121212122,0.04567873935746874,0,0,0.8787878787878788,0.24287717811042225
1786839824.721551,1458,58.28,3,walking,walking,walking,0,0.0,0.6351607682892136,0.08988154679185878,0.11432893829205845,0.10081010904672313,0.2426650486779816,2.302558139207942,155.27532713145507,0.0,0.15151515151515152,0.15151515151515152,0.04754905994391056,0,0,0.8484848484848485,0.24234609819547098
1786839824.7698252,1459,58.32,3,walking,walking,walking,0,0.0,0.6430250885154953,0.09838435240856222,0.11574451593278916,0.09801144579952835,0.2611559566740266,2.378752299048949,156.17690124263063,0.0,0.18181818181818182,0.18181818181818182,0.04925388422617402,0,0,0.8181818181818182,0.24244002490326505
1786839824.8330765,1460,58.36,3,walking,walking,walking,0,0.0,0.7053978797223356,0.10540592051370672,0.1269716183500204,0.10583183849059848,0.2624717435649627,2.493244635310184,154.61791258758748,0.0,0.21212121212121213,0.21212121212121213,0.051106939117965246,0,0,0.7878787878787878,0.24267115886329682
1786839824.864303,1461,58.4,3,walking,walking,walking,0,0.0,0.7512375303996186,0.11605299982826356,0.13522275547193136,0.10717467474646254,0.25398141064628,2.490452465454771,154.2028025451687,0.0,0.24242424242424243,0.24242424242424243,0.05302410539740545,0,0,0.7575757575757576,0.24278114420578165
1786839824.9130483,1462,58.44,3,walking,walking,walking,0,0.0,0.8208299658784832,0.1126127027815429,0.14774939385812697,0.10470058658214129,0.24770461659779316,2.4773419463864945,155.11526627979907,0.0,0.2727272727272727,0.2727272727272727,0.05483272099547817,0,0,0.7272727272727273,0.24273352083876137
1786839824.943897,1463,58.48,3,walking,walking,walking,0,0.0,0.727048878671703,0.11262762775460772,0.13086879816090655,0.09767871193732532,0.25823579141526426,2.4752806553287003,158.04374541725028,0.0,0.30303030303030304,0.30303030303030304,0.05645364848034837,0,0,0.696969696969697,0.2430632493713075
1786839824.9863174,1464,58.52,3,walking,walking,walking,0,0.0,0.6399284678536524,0.11015560260400993,0.11518712421365744,0.10432470228698847,0.2732660328705732,2.115274710187686,162.10026294274502,0.0,0.3333333333333333,0.3333333333333333,0.05834177670400154,0,0,0.6666666666666666,0.24388290662862422
1786839825.065411,1465,58.56,3,walking,walking,walking,0,0.0,0.6,0.10438980767504061,0.10214217413139476,0.1252404476995582,0.27674013928697105,1.9953782160199556,164.54961060224488,0.0,0.36363636363636365,0.36363636363636365,0.06092561355124889,0,0,0.6363636363636364,0.24489818196650068
1786839825.1147645,1466,58.6,3,walking,walking,walking,0,0.0,0.6,0.09514261174864529,0.09220988228550357,0.11447337200745532,0.29026686114166533,2.0689811865260372,166.3629549141261,0.0,0.3939393939393939,0.3939393939393939,0.0632846568820475,0,0,0.6060606060606061,0.24629125653915585
1786839825.1627076,1467,58.64,3,walking,walking,walking,0,0.0,0.6,0.0850586078339891,0.08173325448814127,0.10377406154103364,0.30425672696490064,2.198032143582098,166.83619483191234,0.0,0.42424242424242425,0.42424242424242425,0.06549068288919906,0,0,0.5757575757575758,0.248001441361909
1786839825.2399528,1468,58.68,3,walking,walking,walking,0,0.0,0.6,0.0754674054538263,0.08023591424345536,0.09691994879798606,0.31566368227339353,2.1029003186432282,167.04006782535888,0.0,0.45454545454545453,0.45454545454545453,0.06760797362294288,0,0,0.5454545454545454,0.24993368436473154
1786839825.2723584,1469,58.72,3,walking,walking,walking,0,0.0,0.6,0.06423712277116235,0.0700757869282732,0.08515788828830094,0.321043371541079,2.0314327831524044,168.07389769053617,0.0,0.48484848484848486,0.48484848484848486,0.06943197646140123,0,0,0.5151515151515151,0.25193996350177267
1786839825.3079567,1470,58.76,3,standing,walking,walking,0,0.0,0.75,0.04839381942127096,0.056808263354988627,0.07671241247154582,0.3311089835166366,1.6609404399504544,170.62834481101524,0.0,0.48484848484848486,0.48484848484848486,0.0710470230681823,0,0,0.5151515151515151,0.2541519945299897
1786839825.3999958,1471,58.8,3,standing,walking,walking,0,0.0,0.75,0.04505946097027352,0.03623246183654962,0.07075043004385033,0.3465099028706015,1.4947546347463576,172.39640381082924,0.0,0.48484848484848486,0.48484848484848486,0.07257776525364301,0,0,0.5151515151515151,0.25674242731778385
1786839825.4589682,1472,58.84,3,standing,walking,walking,0,0.0,0.75,0.030315415653229545,0.02958532602937975,0.06525567646925805,0.3577477188668182,1.2035411855319331,173.52395516014934,0.0,0.48484848484848486,0.48484848484848486,0.07392315731039861,0,0,0.5151515151515151,0.25964756849755294
1786839825.4869409,1473,58.88,3,standing,walking,walking,0,0.0,0.75,0.0211261679751859,0.024859940267513935,0.05287734875598947,0.3631777899837886,0.98777363353335,174.06124646696594,0.0,0.48484848484848486,0.48484848484848486,0.07483290550611105,0,0,0.5151515151515151,0.26272184974904633
1786839825.5320468,1474,58.92,3,standing,standing,standing,0,0.0,0.75,0.017486540977169097,0.02362241030120555,0.03226260824418035,0.3630547916668307,1.0261529720079223,174.1539512809406,0.0,0.48484848484848486,0.48484848484848486,0.07514317384811238,0,0,0.5151515151515151,0.26581790059859695
1786839825.5616286,1475,58.96,3,standing,standing,standing,0,0.0,0.75,0.015113209863393663,0.021961304556094793,0.02644448492108928,0.3749622494119552,1.0602746104576615,174.25129518354376,0.0,0.48484848484848486,0.48484848484848486,0.07512906261375252,0,0,0.5151515151515151,0.2693243266304334
1786839825.5898116,1476,59.0,3,standing,standing,standing,0,0.0,0.75,0.015665163849548414,0.0238291594740331,0.02696663835326204,0.3856005890467665,1.1473039409218129,174.65579977305237,0.0,0.48484848484848486,0.48484848484848486,0.07512190494800634,0,0,0.5151515151515151,0.27325990238057063
1786839825.6969526,1477,59.04,3,standing,standing,standing,0,0.0,0.75,0.012660618644161788,0.024448163023635946,0.026089626722745556,0.39833898783262395,1.3389821459014115,174.99352528779656,0.0,0.48484848484848486,0.48484848484848486,0.07510632749249983,0,0,0.5151515151515151,0.2777474130731729
1786839825.7382033,1478,59.08,3,standing,standing,standing,0,0.0,0.75,0.013889263397721214,0.029726255319782038,0.02449682188247646,0.4100181187993807,1.6851056418368011,175.51048542479305,0.0,0.48484848484848486,0.48484848484848486,0.07509939691710756,0,0,0.5151515151515151,0.28271346880862713
1786839825.769704,1479,59.12,3,standing,standing,standing,0,0.0,0.75,0.015344982511202723,0.032483134702938926,0.02906706865734469,0.42377242561013206,2.1461629659694905,175.81617878695178,0.0,0.48484848484848486,0.48484848484848486,0.07519880345005306,0,0,0.5151515151515151,0.2882806127584061
1786839825.819857,1480,59.16,3,standing,standing,standing,0,0.0,0.75,0.018556977893040567,0.036718815908991564,0.03300229110409124,0.43839206863626723,2.655931833989467,175.77581405765895,0.0,0.48484848484848486,0.48484848484848486,0.07531418504493757,0,0,0.5151515151515151,0.29451361222052735
1786839825.8739944,1481,59.2,3,standing,standing,standing,0,0.0,0.75,0.026456901869743338,0.03734227509760758,0.0402742045058319,0.4496658167626415,2.9552309911743544,175.85261081461294,0.0,0.48484848484848486,0.48484848484848486,0.07527597518178643,0,0,0.5151515151515151,0.3014721445601019
1786839825.9132593,1482,59.24,3,standing,standing,standing,0,0.0,0.75,0.03430680912200809,0.03780265734152064,0.04677200331507936,0.4631499037568248,3.098236401163523,175.91567123935408,0.0,0.48484848484848486,0.48484848484848486,0.07507890135474544,0,0,0.5151515151515151,0.3089695281893077
1786839825.9634962,1483,59.28,3,standing,standing,standing,0,0.0,0.75,0.047069305677311914,0.03879936088137102,0.057389429838039074,0.48140450556918235,3.16925123446952,175.83508090424306,0.0,0.48484848484848486,0.48484848484848486,0.07494870547370254,0,0,0.5151515151515151,0.31703821910513014
1786839825.992762,1484,59.32,3,standing,standing,standing,0,0.0,0.75,0.05686374151754121,0.040260284935498464,0.07255928552856733,0.49743157890724143,3.300711918725665,175.68381013913216,0.0,0.48484848484848486,0.48484848484848486,0.07524960803805106,0,0,0.5151515151515151,0.32557887011269837
1786839826.0374856,1485,59.36,3,standing,standing,standing,0,0.0,0.75,0.06414998406900928,0.04874551444118135,0.07620902820484929,0.5140666150735369,3.309285430701409,175.62908352606325,0.0,0.48484848484848486,0.48484848484848486,0.07545363235579719,0,0,0.5151515151515151,0.334522144554116
1786839826.1326966,1486,59.4,3,standing,standing,standing,0,0.0,0.75,0.07085027387846282,0.05152013683509327,0.08079378841632744,0.5286114662111269,3.2650552363674143,174.545179360506,0.0,0.48484848484848486,0.48484848484848486,0.07551902216163765,0,0,0.5151515151515151,0.34382021082252034
1786839826.1786432,1487,59.44,3,standing,standing,standing,0,0.0,0.75,0.0756708995797598,0.05835416995493551,0.08755224990159903,0.5371695171790705,3.1769696190389043,174.0654250071571,0.0,0.45454545454545453,0.45454545454545453,0.07541199430905052,0,0,0.5454545454545454,0.3532164246014847
1786839826.2094078,1488,59.48,3,carrying,standing,standing,0,0.0,0.6274941981112446,0.08156611149908619,0.06669662384326758,0.08908032035906885,0.545823663518741,2.907758628882077,173.48613722210897,0.0,0.42424242424242425,0.45454545454545453,0.07501406703355856,0,0,0.5454545454545454,0.3628628893926556
1786839826.2953243,1489,59.52,3,carrying,standing,standing,0,0.0,0.6271588859390886,0.08668835318690189,0.08178948185588497,0.09639854503480136,0.5452648098984811,2.54667599215742,172.72881960262708,0.0,0.3939393939393939,0.45454545454545453,0.07464046591622456,0,0,0.5454545454545454,0.3725061996312885
1786839826.3329437,1490,59.56,3,carrying,standing,standing,0,0.0,0.6251265702609412,0.08814057126023882,0.09020356435319946,0.1015092125530421,0.5418776171015688,2.1276373039400425,172.075667748017,0.0,0.36363636363636365,0.45454545454545453,0.07444125037900426,0,0,0.5454545454545454,0.38195759096591236
1786839826.3630161,1491,59.6,3,carrying,standing,standing,0,0.0,0.6220188942449315,0.08991778031395627,0.11083496828340965,0.10886657217927366,0.5366981570748859,1.8226240070316924,171.39274134328573,0.0,0.3333333333333333,0.45454545454545453,0.07468538562544519,0,0,0.5454545454545454,0.39086768515975795
1786839826.4140277,1492,59.64,3,carrying,carrying,carrying,0,0.0,0.6169274085726285,0.08531217779182239,0.11694811533621093,0.10716951143367036,0.5282123476210476,1.7476446901293776,170.67829615093518,0.0,0.30303030303030304,0.45454545454545453,0.07496290276587372,0,0,0.5454545454545454,0.39896030306724345
1786839826.4553845,1493,59.68,3,carrying,carrying,carrying,0,0.0,0.608873868505553,0.08313353830031558,0.12779943639703395,0.09857451457928239,0.5147897808425884,1.772932066531069,169.0729284753421,0.0,0.2727272727272727,0.45454545454545453,0.07474298385947022,0,0,0.5454545454545454,0.4066063041968685
1786839826.5184681,1494,59.72,3,carrying,carrying,carrying,0,0.0,0.6034333437386717,0.08115104511746815,0.13972539656455565,0.09979891954009998,0.505722239564453,1.620449451306289,168.52967541788993,0.0,0.24242424242424243,0.45454545454545453,0.07451947612594408,0,0,0.5454545454545454,0.4142348141640858
1786839826.5684648,1495,59.76,3,walking,carrying,carrying,0,0.0,0.8354964513723672,0.08302893518708455,0.1503893612470261,0.09846640138667694,0.49730724664223763,1.5914049614331416,169.04533955082155,0.0,0.24242424242424243,0.45454545454545453,0.07433056142305121,0,0,0.5454545454545454,0.4217985302260387
1786839826.615332,1496,59.8,3,walking,carrying,carrying,0,0.0,0.7677281375199754,0.08719864758482786,0.13819106475359555,0.09992680010093986,0.49360368124990905,1.6581918533877176,170.10625115395092,0.0,0.24242424242424243,0.45454545454545453,0.07439868530679711,0,0,0.5454545454545454,0.4289308905240582
1786839826.6471264,1497,59.84,3,walking,carrying,carrying,0,0.0,0.709793265244589,0.08605331569075123,0.12776278774402602,0.10286241358082923,0.4915574400634729,1.8415254876626121,170.67536893672658,0.0,0.24242424242424243,0.45454545454545453,0.07435437352782259,0,0,0.5454545454545454,0.43554578165111574
1786839826.7138522,1498,59.88,3,walking,carrying,carrying,0,0.0,0.6602460836823706,0.08356223285831477,0.11884429506282669,0.09841669286958708,0.4871951982191762,2.269721738187942,171.12238813763548,0.0,0.24242424242424243,0.45454545454545453,0.07354153247236891,0,0,0.5454545454545454,0.4419232076793644
1786839826.7460153,1499,59.92,3,walking,walking,walking,0,0.0,0.6519837309220095,0.07709648258539414,0.11735707156596169,0.0884219429481365,0.4856767755718714,2.8500870439827306,171.59046134385164,0.0,0.24242424242424243,0.45454545454545453,0.07275209522814714,0,0,0.5454545454545454,0.44784472023785554
1786839826.7776217,1500,59.96,3,walking,walking,walking,0,0.0,0.6,0.06749967040326474,0.09705541291275177,0.07538884574875453,0.48450939985388547,3.541986253027704,172.23580642268522,0.0,0.24242424242424243,0.45454545454545453,0.07189193717383564,0,0,0.5454545454545454,0.45330692244661264
1786839826.8285778,1501,60.0,3,walking,walking,walking,0,0.0,0.6,0.060957768497728194,0.0898675843950761,0.06872280384108598,0.4853401588483258,4.393295850065984,172.80778438199695,0.0,0.24242424242424243,0.45454545454545453,0.07103747823574777,0,0,0.5454545454545454,0.4584486338579742
1786839826.8633451,1502,60.04,3,walking,walking,walking,0,0.0,0.6,0.05500314130568407,0.07845545353835143,0.06538274865374635,0.4859522708472778,5.145315078432911,173.40868393928494,0.0,0.24242424242424243,0.45454545454545453,0.0704382315801552,0,0,0.5454545454545454,0.46344587323088937
1786839826.9077563,1503,60.08,3,standing,walking,walking,0,0.0,0.75,0.051078198337106154,0.056853701123061096,0.05992877823164454,0.485979398607414,5.879516275092592,174.61091249363972,0.0,0.24242424242424243,0.45454545454545453,0.0699296366031885,0,0,0.5454545454545454,0.468138916112428
1786839826.9547215,1504,60.12,3,standing,walking,walking,0,0.0,0.75,0.04544610064749976,0.046250797463399544,0.0593874643265926,0.4856018553655518,6.832093416503914,175.1192391414596,0.0,0.24242424242424243,0.45454545454545453,0.06958530430872614,0,0,0.5454545454545454,0.4723538237637902
1786839826.984097,1505,60.16,3,standing,walking,walking,0,0.0,0.75,0.03800122879470122,0.054799045850507384,0.05170825416983922,0.4847752360806578,7.677768379727546,174.86879233356734,0.0,0.24242424242424243,0.45454545454545453,0.0691747763602589,0,0,0.5454545454545454,0.4762031424672399
1786839827.01319,1506,60.2,3,walking,walking,walking,0,0.0,0.6,0.03847649681056113,0.06361660604233499,0.05648712422408639,0.47294536384117486,8.322302689954379,174.76674928610265,0.0,0.2727272727272727,0.48484848484848486,0.06928416349565579,0,0,0.5151515151515151,0.4795294325841304
1786839827.0626535,1507,60.24,3,standing,standing,standing,0,0.0,0.75,0.04322358005454419,0.059203315096507975,0.06487298116547385,0.46220847856321745,8.732599228140192,174.6923543197231,0.0,0.2727272727272727,0.48484848484848486,0.07027235661448286,0,0,0.5151515151515151,0.48253408976280876
1786839827.094367,1508,60.28,3,standing,standing,standing,0,0.0,0.75,0.05310338676577622,0.05566426450628159,0.0761486109144838,0.45002715704812263,8.838469871853535,174.211364069916,0.0,0.2727272727272727,0.48484848484848486,0.07177854225064632,0,0,0.5151515151515151,0.4848087839336017
1786839827.129612,1509,60.32,3,standing,standing,standing,0,0.0,0.75,0.06302239332960727,0.05981796146807509,0.08448708797377903,0.44177204020294913,8.858959847426762,173.44127320509625,0.0,0.2727272727272727,0.48484848484848486,0.07352158617854078,0,0,0.5151515151515151,0.4865109491201527
1786839827.2129135,1510,60.36,3,walking,standing,standing,0,0.0,0.6,0.07177824533949013,0.06808679306308388,0.08845766457844301,0.44071070877180896,8.567676476385447,172.6838478745119,0.0,0.30303030303030304,0.5151515151515151,0.07541152671962253,0,0,0.48484848484848486,0.4877949406637644
1786839827.2449343,1511,60.4,3,walking,standing,standing,0,0.0,0.6,0.08026579752985025,0.07957386016653462,0.09761359471061251,0.44603117460314445,8.237093453230475,170.4758681990333,0.0,0.3333333333333333,0.5454545454545454,0.07762718650229332,0,0,0.45454545454545453,0.48888624538509057
1786839827.279613,1512,60.44,3,walking,standing,standing,0,0.0,0.6,0.0884391210977551,0.09832212203899898,0.10529958929288631,0.45311542049465536,7.946879045326099,168.59643447183342,0.0,0.36363636363636365,0.5757575757575758,0.07993726288518853,0,0,0.42424242424242425,0.48977542704825794
1786839827.3500698,1513,60.48,3,walking,standing,standing,0,0.0,0.6102775792262298,0.09429161840864947,0.10984996426072137,0.10876589581382062,0.46291736334713507,7.69849982988841,168.0431301650119,0.0,0.3939393939393939,0.6060606060606061,0.08223312969457425,0,0,0.3939393939393939,0.49051861779707207
1786839827.3820703,1514,60.52,3,walking,walking,walking,0,0.0,0.6,0.10060604984222637,0.10646352599098519,0.11480154543663573,0.46770465764292213,7.294303614081895,167.06031209675805,0.0,0.42424242424242425,0.6363636363636364,0.08449153396520467,0,0,0.36363636363636365,0.4910652493388987
1786839827.4139452,1515,60.56,3,walking,walking,walking,0,0.0,0.6145320902678308,0.10362886336261112,0.11061577624820955,0.11381064359036869,0.4639922088690354,6.7306593814350135,165.5587547894735,0.0,0.45454545454545453,0.6666666666666666,0.08652300791294071,0,0,0.3333333333333333,0.49109077373623855
1786839827.4634883,1516,60.6,3,walking,walking,walking,0,0.0,0.6730106766839531,0.10233341617812422,0.12114192180311156,0.1188159491001042,0.45372310274092625,6.134460823054255,164.42836209529298,0.0,0.48484848484848486,0.696969696969697,0.08838441758754877,0,0,0.30303030303030304,0.4902519433475034
1786839827.4937367,1517,60.64,3,walking,walking,walking,0,0.0,0.6750751301781134,0.09444586340035953,0.12151352343206041,0.11295860285903836,0.4405830464290685,5.599788308738541,163.15393940803716,0.0,0.5151515151515151,0.7272727272727273,0.08960863932483573,0,0,0.2727272727272727,0.48852926054513457
1786839827.5426285,1518,60.68,3,walking,walking,walking,0,0.0,0.7110701682186948,0.08941784361236116,0.12799263027936505,0.11372187101309748,0.42649190991677993,5.342101515517511,162.78988913663358,0.0,0.5454545454545454,0.7575757575757576,0.09074539213720692,0,0,0.24242424242424243,0.4858754816009904
1786839827.5914562,1519,60.72,3,walking,walking,walking,0,0.0,0.6787598451758634,0.08437621724543493,0.1221767721316554,0.11331630844923796,0.406804103057066,5.042799216934048,163.11242930062855,0.0,0.5757575757575758,0.7878787878787878,0.0917309230472951,0,0,0.21212121212121213,0.48218434938420074
1786839827.6237783,1520,60.76,3,walking,walking,walking,0,0.0,0.6156213033477003,0.07601465718912502,0.11081183460258605,0.10656473541274133,0.3856121926800107,4.932296265208706,163.51910149579294,0.0,0.6060606060606061,0.8181818181818182,0.09230705897187517,0,0,0.18181818181818182,0.47759170318725946
1786839827.6559389,1521,60.8,3,walking,walking,walking,0,0.0,0.6,0.06762915458307733,0.09162301972135424,0.09844812815160146,0.3575204757875635,4.671046652391272,165.3211298269258,0.0,0.6363636363636364,0.8181818181818182,0.09259093193528527,0,0,0.18181818181818182,0.4718855459832844
1786839827.703638,1522,60.84,3,walking,walking,walking,0,0.0,0.6,0.05825591129761095,0.07188722394246043,0.08813094075037708,0.3286818092299065,4.400947968243127,166.64903970315913,0.0,0.6666666666666666,0.8181818181818182,0.0923403984721209,0,0,0.18181818181818182,0.4653224247509033
1786839827.7363343,1523,60.88,3,walking,walking,walking,0,0.0,0.6,0.04773642199024142,0.06514439953380621,0.0804745360197653,0.29876203492370956,3.999151765676975,167.05805600228518,0.0,0.696969696969697,0.8181818181818182,0.09170298403171856,0,0,0.18181818181818182,0.45795528589702883
1786839827.8084593,1524,60.92,3,standing,walking,walking,0,0.0,0.75,0.038670833180072334,0.05068733917362586,0.06860603381806535,0.27468958331180404,3.508810651610992,167.77371868657485,0.0,0.696969696969697,0.7878787878787878,0.09048296771774256,0,0,0.21212121212121213,0.4500156321466324
1786839827.878185,1525,60.96,3,standing,walking,walking,0,0.0,0.75,0.029620708002723817,0.035375976844971596,0.04843888066283504,0.25659295290004147,3.1863897255807756,168.29104050414247,0.0,0.696969696969697,0.7575757575757576,0.08870325163377783,0,0,0.24242424242424243,0.441784741397511
1786839827.9103243,1526,61.0,3,standing,walking,walking,0,0.0,0.75,0.02699138868899029,0.03188355185262547,0.042736955415742586,0.25163878016508817,2.869098683677509,168.42983230704257,0.0,0.696969696969697,0.7272727272727273,0.08701120438639785,0,0,0.2727272727272727,0.4338104686497079
1786839827.9431987,1527,61.04,3,standing,walking,walking,0,0.0,0.75,0.02347119634800029,0.020567896664855187,0.03595635349103968,0.250669836076847,2.527963750831499,168.86849255114186,0.0,0.696969696969697,0.696969696969697,0.08507658117278996,0,0,0.30303030303030304,0.4260816079379623
1786839828.0042217,1528,61.08,3,standing,standing,standing,0,0.0,0.75,0.025203705265568366,0.021291239942326175,0.04973363797184341,0.2705060318057754,2.3249197788332365,168.61654701431397,0.0,0.6666666666666666,0.6666666666666666,0.08359983076627986,0,0,0.3333333333333333,0.4192088438520089
1786839828.0377653,1529,61.12,3,standing,standing,standing,0,0.0,0.75,0.02820995616811882,0.02380388624189657,0.04979886374259806,0.28234719564372074,2.5009326481203287,168.08700622936854,0.0,0.6363636363636364,0.6363636363636364,0.08208080239178464,0,0,0.36363636363636365,0.4128071321669729
1786839828.0693178,1530,61.16,3,standing,standing,standing,0,0.0,0.75,0.028098175111508097,0.03646864268417159,0.05209946171493349,0.3213264895382664,2.7507415468738214,167.12039737680848,0.0,0.6060606060606061,0.6060606060606061,0.08054253112312114,0,0,0.3939393939393939,0.4076486185146939
1786839828.1519883,1531,61.2,3,standing,standing,standing,0,0.0,0.75,0.03483080579557434,0.0418630752347398,0.07148584981821705,0.379544178486605,3.0198418470382804,166.45944794993892,0.0,0.5757575757575758,0.5757575757575758,0.07972644497004931,0,0,0.42424242424242425,0.40438646640158565
1786839828.2084334,1532,61.24,3,standing,standing,standing,0,0.0,0.75,0.03953484653370262,0.04838259391873163,0.12709097407746814,0.4014479523158016,3.14310820848178,166.14962955069137,0.0,0.5454545454545454,0.5454545454545454,0.08089823379215026,0,0,0.45454545454545453,0.40183407781806846
1786839828.2532756,1533,61.28,3,standing,standing,standing,0,0.0,0.75,0.046975098980278046,0.052726058221311045,0.14162479147205861,0.42780387818741206,3.3065662050729103,165.92354083535056,0.0,0.5151515151515151,0.5151515151515151,0.08290538366255343,0,0,0.48484848484848486,0.4001157286766601
1786839828.303295,1534,61.32,3,standing,standing,standing,0,0.0,0.75,0.057359989429281694,0.053679710034592334,0.1455781846524506,0.45268268487759233,3.4342712091851597,165.8375852113998,0.0,0.48484848484848486,0.48484848484848486,0.08523433459623114,0,0,0.5151515151515151,0.39912610825330463
1786839828.3488336,1535,61.36,3,standing,standing,standing,0,0.0,0.75,0.06549765840227412,0.056401204983618655,0.15928717881684096,0.4805487630788985,3.4070389183519594,166.01650083982346,0.0,0.45454545454545453,0.45454545454545453,0.08807992338905218,0,0,0.5454545454545454,0.3989623655936567
1786839828.393174,1536,61.4,3,carrying,standing,standing,0,0.0,0.602529127339435,0.0694397006713028,0.06158422394304121,0.16608218595415902,0.5042152122323916,3.62408563155966,166.1287521325735,0.0,0.45454545454545453,0.48484848484848486,0.09129669332003748,0,0,0.5151515151515151,0.3995149660065348
1786839828.4500723,1537,61.44,3,carrying,standing,standing,0,0.0,0.6150704223573653,0.07281498755175131,0.06765173103806844,0.15712439087196248,0.5251173705956088,3.8586338802468134,165.66496047197901,0.0,0.45454545454545453,0.5151515151515151,0.09425841836686687,0,0,0.48484848484848486,0.4007124058619911
1786839828.5020337,1538,61.48,3,carrying,standing,standing,0,0.0,0.6188454028660315,0.07328116962219751,0.07623899697614044,0.15221695143173705,0.5314090047767192,3.955147882572823,166.22135080967175,0.0,0.45454545454545453,0.5454545454545454,0.09730413646571226,0,0,0.45454545454545453,0.40212555036793235
1786839828.531497,1539,61.52,3,carrying,standing,standing,0,0.0,0.6224539158061176,0.07509803752680612,0.07601289226884202,0.15123206569641992,0.5374231930101961,3.763853557816175,167.50159392474598,0.0,0.42424242424242425,0.5454545454545454,0.10017519529820723,0,0,0.45454545454545453,0.4040794239791149
1786839828.5813355,1540,61.56,3,carrying,carrying,carrying,0,0.0,0.614855781728211,0.07031512509216734,0.07674658157942861,0.13638649675577894,0.524759636213685,3.5688195164522383,168.88214828919473,0.0,0.42424242424242425,0.5757575757575758,0.10234227152821647,0,0,0.42424242424242425,0.40597491360488663
1786839828.6358175,1541,61.6,3,walking,carrying,carrying,0,0.0,0.6,0.06868913479783129,0.07867641649649665,0.0909886753189624,0.4953836716187553,3.3866790145512753,170.37091909655578,0.0,0.45454545454545453,0.6060606060606061,0.1027919704495643,0,0,0.3939393939393939,0.40734935344036033
1786839828.6656413,1542,61.64,3,carrying,carrying,carrying,0,0.0,0.600459128240065,0.06303678996924958,0.07484220892598044,0.08209685308599005,0.5007652137334416,3.260153015868525,171.6690120503811,0.0,0.45454545454545453,0.6363636363636364,0.10271953908932827,0,0,0.36363636363636365,0.40913702536552676
1786839828.7148325,1543,61.68,3,carrying,carrying,carrying,0,0.0,0.603475184382532,0.05854491883735686,0.09862284654226956,0.0932390251249697,0.5057919739708867,3.1460060570829245,172.81444918804857,0.0,0.42424242424242425,0.6363636363636364,0.10286442880285938,0,0,0.36363636363636365,0.4111091849170139
1786839828.7443783,1544,61.72,3,carrying,carrying,carrying,0,0.0,0.6064631770942609,0.057657883921078214,0.10972993950673739,0.0899548530221666,0.5107719618237682,3.223014671434901,173.14933700132656,0.0,0.3939393939393939,0.6363636363636364,0.10263234572139132,0,0,0.36363636363636365,0.41307102695400255
1786839828.7763913,1545,61.76,3,carrying,carrying,carrying,0,0.0,0.6082180224888144,0.060988538149932645,0.11126223442700188,0.09257643418336509,0.513696704148024,3.3120108712606715,173.97156546370687,0.0,0.36363636363636365,0.6363636363636364,0.10224679556655734,0,0,0.36363636363636365,0.41490682342834706
1786839828.9029403,1546,61.8,3,carrying,carrying,carrying,0,0.0,0.6148789378524697,0.057174994864159966,0.11054293576432268,0.09072091805689643,0.5247982297541163,3.113589804575637,174.66086352127593,0.0,0.3333333333333333,0.6363636363636364,0.10169997805877176,0,0,0.36363636363636365,0.4167820011982556
1786839828.947376,1547,61.84,3,carrying,carrying,carrying,0,0.0,0.6213959977218918,0.05724191325656675,0.10979405399567133,0.08725732462016488,0.535659996203153,2.94711753682162,175.33958873405538,0.0,0.30303030303030304,0.6363636363636364,0.10086530470069689,0,0,0.36363636363636365,0.41884125388189897
1786839828.9781456,1548,61.88,3,carrying,carrying,carrying,0,0.0,0.622634280464014,0.062310878381054396,0.10824965367607764,0.0883874662883205,0.5377238007733567,2.747667782710942,174.93316608169624,0.0,0.2727272727272727,0.6363636363636364,0.10009490538851362,0,0,0.36363636363636365,0.4210755445456663
1786839829.0619159,1549,61.92,3,carrying,carrying,carrying,0,0.0,0.6195063271899662,0.06742907759487066,0.10309935689740501,0.0973136431748942,0.5325105453166105,2.5020121175903416,174.07112432257685,0.0,0.24242424242424243,0.6363636363636364,0.09944332036047694,0,0,0.36363636363636365,0.4234630428055355
1786839829.0950885,1550,61.96,3,carrying,carrying,carrying,0,0.0,0.6172203208599636,0.07041933464405688,0.09747829133260749,0.10818743970563431,0.5287005347666061,2.2706992806197146,173.05876589477882,0.0,0.21212121212121213,0.6363636363636364,0.09929873965885865,0,0,0.36363636363636365,0.4261332697248548
1786839829.127853,1551,62.0,3,carrying,carrying,carrying,0,0.0,0.6222306586847154,0.07479087975293959,0.10566355004005235,0.11680682668888487,0.537051097807859,2.1209339626779538,171.06500276980194,0.0,0.18181818181818182,0.6363636363636364,0.09939222316418553,0,0,0.36363636363636365,0.42948354814579653
1786839829.185032,1552,62.04,3,carrying,carrying,carrying,0,0.0,0.6299501366123764,0.07360077775748494,0.08406200662701209,0.11628297021151776,0.5499168943539607,2.1766085542104046,169.301218797205,0.0,0.15151515151515152,0.6363636363636364,0.09948212200546674,0,0,0.36363636363636365,0.43382029939721767
1786839829.2192707,1553,62.08,3,carrying,carrying,carrying,0,0.0,0.6474678766794768,0.06834195221243966,0.07662907048678276,0.12086540888463061,0.579113127799128,2.2286533735259964,167.57589761466494,0.0,0.12121212121212122,0.6363636363636364,0.09991547574703914,0,0,0.36363636363636365,0.43968396409779686
1786839829.2694433,1554,62.12,3,carrying,carrying,carrying,0,0.0,0.6643525601580699,0.0593502990404999,0.07871397263880854,0.11057388066277149,0.6072542669301164,2.3814247310132566,166.845768834328,0.0,0.09090909090909091,0.6363636363636364,0.10028292279283219,0,0,0.36363636363636365,0.4472516547384804
1786839829.3190444,1555,62.16,3,carrying,carrying,carrying,0,0.0,0.6793536007802596,0.0570348816887358,0.07452653546967342,0.1049012213746913,0.6322560013004327,2.6577960904180378,165.98896913968048,0.0,0.06060606060606061,0.6363636363636364,0.10079111311478109,0,0,0.36363636363636365,0.45645087268001144
1786839829.3626606,1556,62.2,3,carrying,carrying,carrying,0,0.0,0.6918754973670764,0.050890502607407975,0.06245586366380329,0.10800800071315672,0.6531258289451275,2.862271337237503,166.08625176615868,0.0,0.030303030303030304,0.6363636363636364,0.10162546052973234,0,0,0.36363636363636365,0.4671891694685392
1786839829.395053,1557,62.24,3,standing,carrying,carrying,0,0.0,0.75,0.042990630076238046,0.05100869487747363,0.10637016972901513,0.6676523750324814,2.945345874017476,166.8195080709029,0.0,0.030303030303030304,0.6363636363636364,0.10276982828460961,0,0,0.36363636363636365,0.47909713285401434
1786839829.461058,1558,62.28,3,standing,carrying,carrying,0,0.0,0.75,0.036107617310775185,0.05203895873697709,0.11361679833220568,0.6812661247215981,3.0452881161731096,167.832528479544,0.0,0.030303030303030304,0.6363636363636364,0.10474491669883296,0,0,0.36363636363636365,0.49196601684860697
1786839829.530054,1559,62.32,3,standing,carrying,carrying,0,0.0,0.75,0.03394749154045441,0.04838617373486567,0.1525487822766686,0.6785214983552892,3.461815810060922,168.52009397669775,0.0,0.030303030303030304,0.6363636363636364,0.10807254781583071,0,0,0.36363636363636365,0.5049018567937645
1786839829.5630848,1560,62.36,3,standing,carrying,carrying,0,0.0,0.75,0.030980130041512597,0.040229657343645565,0.183930462905455,0.6757457688871402,3.7272470076123865,169.11834274230145,0.0,0.030303030303030304,0.6363636363636364,0.11255661173747968,0,0,0.36363636363636365,0.5177829456668037
1786839829.6166198,1561,62.4,3,standing,standing,standing,0,0.0,0.75,0.026063766363129518,0.035662384726721924,0.18319833448247413,0.6423078940034519,4.053071620580337,170.1310414904497,0.0,0.030303030303030304,0.6363636363636364,0.11660099648022605,0,0,0.36363636363636365,0.529049668763703
1786839829.6465106,1562,62.44,3,standing,standing,standing,0,0.0,0.75,0.02391270812025251,0.032586577787239335,0.17585052846190938,0.6065248029869993,4.295667441887513,171.1162142022412,0.0,0.030303030303030304,0.6363636363636364,0.12042074389596276,0,0,0.36363636363636365,0.5388732326225902
1786839829.6972442,1563,62.48,3,standing,standing,standing,0,0.0,0.75,0.025503193293298157,0.02830799145552163,0.20243408323649276,0.5554979725132657,4.535130113629869,172.24781870056026,0.0,0.030303030303030304,0.6363636363636364,0.12497633848752518,0,0,0.36363636363636365,0.5459693381672873
1786839829.7471342,1564,62.52,3,standing,standing,standing,0,0.0,0.75,0.02497714098685432,0.028188298160593848,0.21018986665585576,0.4766378324492203,4.776770714695585,172.26730269333572,0.0,0.030303030303030304,0.6363636363636364,0.12917949051290817,0,0,0.36363636363636365,0.5489115701055483
1786839829.7773044,1565,62.56,3,standing,standing,standing,0,0.0,0.75,0.030624386391374943,0.031340000279534125,0.22268801159273646,0.40317177999197595,5.251104436304649,171.3867578376666,0.0,0.030303030303030304,0.6363636363636364,0.13207637043761325,0,0,0.36363636363636365,0.5489638073078565
1786839829.811667,1566,62.6,3,standing,standing,standing,0,0.0,0.75,0.02881510798319893,0.04794548380711509,0.2468222732987543,0.3374353120757523,5.8308297005431395,169.4183799567217,0.0,0.030303030303030304,0.6363636363636364,0.1352641729172101,0,0,0.36363636363636365,0.5462253659105336
1786839829.900375,1567,62.64,3,walking,standing,standing,0,0.0,0.6,0.03547859051995651,0.0800357702943302,0.23414792698525919,0.29036747493884596,6.445293745070768,168.38226629435894,0.0,0.06060606060606061,0.6666666666666666,0.13794810450305278,0,0,0.3333333333333333,0.5413067231851172
1786839829.931026,1568,62.68,3,walking,standing,standing,0,0.0,0.6,0.037348305456787106,0.09106385162713217,0.17949619656769325,0.25606051898726734,6.912244656774128,167.61969152050855,0.0,0.09090909090909091,0.696969696969697,0.13856049898035133,0,0,0.30303030303030304,0.5345040491217343
1786839829.9662924,1569,62.72,3,walking,standing,standing,0,0.0,0.6,0.04037438252971451,0.09687105001241242,0.13995985945637798,0.24922149682514735,6.743938208107887,167.28413206003762,0.0,0.12121212121212122,0.696969696969697,0.13776891332890343,0,0,0.30303030303030304,0.5267769668366662
1786839830.0126653,1570,62.76,3,walking,standing,standing,0,0.0,0.6,0.04705031986458818,0.10007049841401766,0.12664752431158127,0.26987508701854057,6.466685513920005,166.96963610300733,0.0,0.15151515151515152,0.696969696969697,0.13684537191798277,0,0,0.30303030303030304,0.5190423521828158
1786839830.0405314,1571,62.8,3,walking,walking,walking,0,0.0,0.6,0.060445801279302165,0.09907504795738233,0.12937442887993936,0.30324211665922174,6.222548113717209,166.85340079644283,0.0,0.18181818181818182,0.696969696969697,0.13615317426489798,0,0,0.30303030303030304,0.5121282040580429
1786839830.084112,1572,62.84,3,walking,walking,walking,0,0.0,0.6,0.07046446935043722,0.10343626738581035,0.11559870030606086,0.33572834813934144,5.719157185204376,165.67415614378854,0.0,0.21212121212121213,0.696969696969697,0.135073375313675,0,0,0.30303030303030304,0.5060162390619566
1786839830.141259,1573,62.88,3,walking,walking,walking,0,0.0,0.6,0.07556353414713561,0.10662627220418855,0.11928316935355879,0.3569859621844935,5.431443791819776,163.54581675058847,0.0,0.24242424242424243,0.696969696969697,0.1345550926651229,0,0,0.30303030303030304,0.5009321883337993
1786839830.1745892,1574,62.92,3,walking,walking,walking,0,0.0,0.6603394957425855,0.07717753679696329,0.11886110923366539,0.11243329531622058,0.3963995050856964,4.97757796443793,161.75731029034017,0.0,0.24242424242424243,0.696969696969697,0.13520492963473674,0,0,0.30303030303030304,0.4979326681358277
1786839830.2068465,1575,62.96,3,walking,walking,walking,0,0.0,0.6907763374535313,0.08457992136865965,0.12433974074163563,0.09685477467120075,0.42512758504231674,4.082574448037677,161.27581273327496,0.0,0.2727272727272727,0.696969696969697,0.13565213937974313,0,0,0.30303030303030304,0.49564061878155125
1786839830.2554963,1576,63.0,3,walking,walking,walking,0,0.0,0.609332121914591,0.0856215322249109,0.10967978194462638,0.10299437883653918,0.4485224284481714,3.216439361394289,161.18197949428352,0.0,0.30303030303030304,0.696969696969697,0.1359477561588816,0,0,0.30303030303030304,0.49390517800813566
1786839830.3588226,1577,63.04,3,walking,walking,walking,0,0.0,0.6571455460534923,0.09063172722566465,0.11828619828962861,0.11968144457531633,0.4602189975177058,2.4993702737156975,160.66999751974458,0.0,0.3333333333333333,0.696969696969697,0.13684856196352252,0,0,0.30303030303030304,0.492373269998861
1786839830.3915713,1578,63.08,3,walking,walking,walking,0,0.0,0.6681710148369043,0.09272188253277196,0.12027078267064277,0.13709492574757567,0.4470055013492546,1.8005144190306606,160.35228763098138,0.0,0.36363636363636365,0.696969696969697,0.138197607162438,0,0,0.30303030303030304,0.4903523244595044
1786839830.4409814,1579,63.12,3,walking,walking,walking,0,0.0,0.8463226881134834,0.09986802548196907,0.15233808386042702,0.16874038555882606,0.43077781224358436,1.806894630230009,158.29663090047913,0.0,0.3939393939393939,0.696969696969697,0.14056183345037523,0,0,0.30303030303030304,0.48750322089857906
1786839830.4716501,1580,63.16,3,walking,walking,walking,0,0.0,0.9406433872771763,0.09014014288172428,0.16931580970989174,0.18745627405105003,0.41962610565847935,1.5890663944192422,154.611897930253,0.0,0.42424242424242425,0.696969696969697,0.14359816525131117,0,0,0.30303030303030304,0.4839870423972254
1786839830.5637853,1581,63.2,3,walking,walking,walking,0,0.0,1.0,0.08723386564977183,0.2025478559731287,0.20582836393231474,0.4207289305019808,1.7892165956469408,151.67527558398817,0.0,0.45454545454545453,0.696969696969697,0.1471569803314322,0,0,0.30303030303030304,0.4804417432980928
1786839830.6185722,1582,63.24,3,walking,walking,walking,0,0.0,1.0,0.08191085693334647,0.2240498377487394,0.21506129274705024,0.4431551489114133,2.4618944643488914,150.5899216951032,0.0,0.48484848484848486,0.696969696969697,0.15072509092452785,0,0,0.30303030303030304,0.47773400401308685
1786839830.6506712,1583,63.28,3,walking,walking,walking,0,0.0,1.0,0.0809564081181968,0.2219503455250004,0.21519641971487138,0.486757639050959,3.066046797422067,151.04545169897267,0.0,0.5151515151515151,0.696969696969697,0.15396778728844412,0,0,0.30303030303030304,0.4764630071732187
1786839830.6798837,1584,63.32,3,walking,walking,walking,0,0.0,1.0,0.07966042854982121,0.20463314675756322,0.21711735575816488,0.5196727860095023,3.8456503191746108,151.1779477632847,0.0,0.5454545454545454,0.696969696969697,0.15700750029054353,0,0,0.30303030303030304,0.4759363916641776
1786839830.7443671,1585,63.36,3,walking,walking,walking,0,0.0,1.0,0.0719725903027234,0.18770152910696025,0.23772586664605022,0.5598317693482573,4.6574068907243555,150.26173648284745,0.0,0.5757575757575758,0.696969696969697,0.1606875880612869,0,0,0.30303030303030304,0.4762368424215806
1786839830.7765994,1586,63.4,3,walking,walking,walking,0,0.0,0.9595283230768853,0.06109819108864329,0.17271509815383934,0.24597072369015568,0.589116482763153,5.2547179649043745,149.96717780706092,0.0,0.6060606060606061,0.696969696969697,0.16447865820690888,0,0,0.30303030303030304,0.47653997439018736
1786839830.8085003,1587,63.44,3,walking,walking,walking,0,0.0,0.9367012812421381,0.05212638324433137,0.16860623062358485,0.24752828074600527,0.5911752185570347,5.431748158127926,149.42529422945177,0.0,0.6363636363636364,0.696969696969697,0.16862879154276442,0,0,0.30303030303030304,0.47605273050009406
1786839830.85922,1588,63.48,3,walking,walking,walking,0,0.0,0.8332256445694218,0.039651602263028565,0.1499806160224959,0.23624216266607068,0.5947810245609451,5.37204508087637,148.1942783422224,0.0,0.6666666666666666,0.696969696969697,0.17260882006674563,0,0,0.30303030303030304,0.4749171251443519
1786839830.8913047,1589,63.52,3,walking,walking,walking,0,0.0,0.7820637007772117,0.0468963817561433,0.14077146613989808,0.23024262926996716,0.6021903636118024,4.990130654160771,149.5561382854557,0.0,0.696969696969697,0.696969696969697,0.17631289971998232,0,0,0.30303030303030304,0.4733736261948573
1786839830.943424,1590,63.56,3,walking,walking,walking,0,0.0,0.6,0.04372943825366771,0.10422358036007225,0.21399654902845466,0.614965130443569,4.983977966597091,153.52438301681445,0.0,0.7272727272727273,0.7272727272727273,0.17957430515329867,0,0,0.2727272727272727,0.4717770430254962
1786839830.991443,1591,63.6,3,walking,walking,walking,0,0.0,0.6,0.04611242024913295,0.09781448427131265,0.2008725005658515,0.610770879492433,4.546217206488891,156.73256888051705,0.0,0.7575757575757576,0.7575757575757576,0.18221841734219701,0,0,0.24242424242424243,0.4696408234730973
1786839831.021525,1592,63.64,3,walking,walking,walking,0,0.0,0.6,0.045641561471924545,0.09956696251801635,0.19365110880189915,0.5875327917060945,3.879019400592103,158.66347036095215,0.0,0.7878787878787878,0.7878787878787878,0.18346394238841615,0,0,0.21212121212121213,0.4668835899382732
1786839831.050792,1593,63.68,3,walking,walking,walking,0,0.0,0.6,0.04600607296957039,0.10577907375826054,0.17852361768884883,0.5551252381571946,3.124775220611837,160.37618718646388,0.0,0.8181818181818182,0.8181818181818182,0.1833000985939735,0,0,0.18181818181818182,0.4632284223403961
1786839831.0988607,1594,63.72,3,carrying,walking,walking,0,0.0,0.6109490196235285,0.05160944842803155,0.10967892412705171,0.15306115143945187,0.5182483660392142,2.2142810542652382,162.94097168720276,0.0,0.8181818181818182,0.8484848484848485,0.18238685062297286,0,0,0.15151515151515152,0.4594690427051162
1786839831.1422572,1595,63.76,3,walking,walking,walking,0,0.0,0.6,0.05630911000752327,0.10406267580385924,0.12536447629666264,0.4903995474762909,1.4167069803549326,165.79451028107104,0.0,0.8484848484848485,0.8787878787878788,0.18085697025432904,0,0,0.12121212121212122,0.455950095568428
1786839831.1918018,1596,63.8,3,walking,walking,walking,0,0.0,0.6,0.06151922136725228,0.0998691966443719,0.10235809071208626,0.468269983499773,0.8265691995925865,167.90344621733593,0.0,0.8787878787878788,0.9090909090909091,0.17782436442025612,0,0,0.09090909090909091,0.4533068231740798
1786839831.2443879,1597,63.84,3,walking,walking,walking,0,0.0,0.6,0.061850021713403654,0.08371785449323757,0.08512515914541931,0.47208078177471335,0.6107814378309241,169.57625591562984,0.0,0.9090909090909091,0.9393939393939394,0.1740345247987277,0,0,0.06060606060606061,0.4531687307293977
1786839831.318608,1598,63.88,3,walking,walking,walking,0,0.0,0.6,0.05193596588506858,0.07297301285201849,0.06513430398630111,0.48580651484257215,0.8333237264482518,171.3817843399188,0.0,0.9393939393939394,0.9696969696969697,0.16926017002277516,0,0,0.030303030303030304,0.4556728136036582
1786839831.5219414,1599,63.92,3,walking,walking,walking,0,0.0,0.6,0.04830801887716222,0.06773741897325866,0.06287241373558784,0.4821414279741572,1.1125989260131053,172.15072874582017,0.0,0.9696969696969697,1.0,0.16368593185419433,0,0,0.0,0.46005784741876143
1786839831.6579635,1600,63.96,3,standing,walking,walking,0,0.0,0.75,0.04429915151382259,0.047489645812013974,0.06165782646013908,0.46859753023062056,1.5061311718739632,172.1657133863569,0.0,0.9393939393939394,0.9696969696969697,0.15845895911100888,0,0,0.030303030303030304,0.46545875818517884
1786839831.6930032,1601,64.0,3,standing,walking,walking,0,0.0,0.75,0.040783789903471375,0.03462576446714699,0.06266817667270586,0.443366902505615,1.8546429555437953,171.7467953965105,0.0,0.9090909090909091,0.9393939393939394,0.15491871608388805,0,0,0.06060606060606061,0.47113470920088635
1786839831.7282412,1602,64.04,3,standing,walking,walking,0,0.0,0.75,0.03513023470174845,0.026796448204825487,0.06439352274016494,0.42002391107605164,2.304782735235611,171.22667400552027,0.0,0.8787878787878788,0.9090909090909091,0.15262882709248765,0,0,0.09090909090909091,0.4763105399357623
1786839831.7965555,1603,64.08,3,standing,walking,walking,0,0.0,0.75,0.03183829637900086,0.022230014701190542,0.06555686227192613,0.4023109318730945,2.5691888487059904,170.43058118806772,0.0,0.8484848484848485,0.8787878787878788,0.15077759490946777,0,0,0.12121212121212122,0.48032374735559724
1786839831.8271189,1604,64.12,3,standing,standing,standing,0,0.0,0.75,0.027491368120430217,0.02545645858253074,0.06633557140321732,0.38771768118023836,2.756062195917705,169.82474231697387,0.0,0.8181818181818182,0.8484848484848485,0.1488673265010823,0,0,0.15151515151515152,0.48288361294714316
1786839831.8603792,1605,64.16,3,standing,standing,standing,0,0.0,0.75,0.027594598436502242,0.027030495570900804,0.0658905832292254,0.3676100837939994,2.926974409537017,170.05536329434028,0.0,0.7878787878787878,0.8181818181818182,0.14736101992299636,0,0,0.18181818181818182,0.4838497261487995
1786839831.9201574,1606,64.2,3,standing,standing,standing,0,0.0,0.75,0.02686687583599351,0.029813182045074604,0.06464302187799481,0.3469995946959898,3.0358045329964365,170.3749191839333,0.0,0.7575757575757576,0.7878787878787878,0.14570525787828228,0,0,0.21212121212121213,0.4835471089521782
1786839831.9494956,1607,64.24,3,standing,standing,standing,0,0.0,0.75,0.026624155225106014,0.030627291578517832,0.06377311736794829,0.3247761665279345,3.058161404714979,170.54464857558258,0.0,0.7272727272727273,0.7575757575757576,0.14423070703136495,0,0,0.24242424242424243,0.4813767047534581
1786839832.00586,1608,64.28,3,standing,standing,standing,0,0.0,0.75,0.0274678870799695,0.030772344203735053,0.05937290179724213,0.30675782918386807,2.873005784433265,170.98473792616124,0.0,0.696969696969697,0.7272727272727273,0.14309489270185105,0,0,0.2727272727272727,0.4777897424547171
1786839832.0551746,1609,64.32,3,standing,standing,standing,0,0.0,0.75,0.030390192140956993,0.03007970920093343,0.05720054051940883,0.2943390444494237,2.523516998471469,171.39192318466954,0.0,0.6666666666666666,0.696969696969697,0.14170720063163497,0,0,0.30303030303030304,0.4731175186971794
1786839832.0858617,1610,64.36,3,standing,standing,standing,0,0.0,0.75,0.03209238536703279,0.02844825426768137,0.05320316100359421,0.28987569406778,2.2838351722360235,171.94619740498086,0.0,0.6363636363636364,0.6666666666666666,0.13969270719006766,0,0,0.3333333333333333,0.467955600410818
1786839832.11759,1611,64.4,3,standing,standing,standing,0,0.0,0.75,0.035752241333832875,0.0307172395772646,0.05016328086137145,0.2914613271153216,2.036535227764199,172.7409355701817,0.0,0.6060606060606061,0.6363636363636364,0.13705841492078868,0,0,0.36363636363636365,0.4632421405855473
1786839832.1809628,1612,64.44,3,standing,standing,standing,0,0.0,0.75,0.03629504602020454,0.03454639321398498,0.04923427095831951,0.28725551839296243,1.745530878378953,173.83140482374534,0.0,0.5757575757575758,0.6060606060606061,0.13343701750865214,0,0,0.3939393939393939,0.4588929801658314
1786839832.2324677,1613,64.48,3,standing,standing,standing,0,0.0,0.75,0.03491494013205881,0.03537466729993439,0.049388710113630094,0.2744084843629685,1.5850655141969376,174.7399836710972,0.0,0.5454545454545454,0.5757575757575758,0.12925315193479092,0,0,0.42424242424242425,0.4544924461871796
1786839832.284003,1614,64.52,3,standing,standing,standing,0,0.0,0.75,0.03018140486524654,0.037151218163348265,0.05360975330516029,0.2597263258674229,1.5687510246037146,174.99888703797248,0.0,0.5151515151515151,0.5454545454545454,0.12464046676427112,0,0,0.45454545454545453,0.4496135793800718
1786839832.3349712,1615,64.56,3,standing,standing,standing,0,0.0,0.75,0.02928333551610664,0.03499470619091324,0.056822085313230075,0.24669076016869695,1.5916486957056037,173.83360687440853,0.0,0.48484848484848486,0.5151515151515151,0.11984533926627657,0,0,0.48484848484848486,0.443660113054535
1786839832.3878808,1616,64.6,3,standing,standing,standing,0,0.0,0.75,0.027234039264411956,0.0363253819018489,0.05623123669789863,0.23692391205016658,1.5896983058232625,172.6321847524824,0.0,0.45454545454545453,0.48484848484848486,0.11502821250818648,0,0,0.5151515151515151,0.4360893940545109
1786839832.4356184,1617,64.64,3,standing,standing,standing,0,0.0,0.75,0.02935993906320567,0.03789032028963794,0.061771074117403485,0.22816797476678058,1.493703616611331,171.92914193883882,0.0,0.42424242424242425,0.45454545454545453,0.11032074942816342,0,0,0.5454545454545454,0.4272559149259436
1786839832.4847655,1618,64.68,3,standing,standing,standing,0,0.0,0.75,0.026561506733100346,0.03634465687372741,0.0591343025942453,0.2211153115108085,1.4721086816571947,170.49463675633334,0.0,0.3939393939393939,0.42424242424242425,0.10490888385083601,0,0,0.5757575757575758,0.41699177983996033
1786839832.5146117,1619,64.72,3,standing,standing,standing,0,0.0,0.75,0.02685397249012869,0.042282912946647315,0.05974236672978102,0.21157540609710848,1.4805475238422463,169.54261682694104,0.0,0.36363636363636365,0.3939393939393939,0.09926560030658223,0,0,0.6060606060606061,0.4055511411531105
1786839832.5544713,1620,64.76,3,standing,standing,standing,0,0.0,0.75,0.025763184182343055,0.03717594443674202,0.05744428591212614,0.19856066738900635,1.38850620002185,168.7809071755295,0.0,0.3333333333333333,0.36363636363636365,0.09350547925101013,0,0,0.6363636363636364,0.3936537305116551
1786839832.6060216,1621,64.8,3,standing,standing,standing,0,0.0,0.75,0.025838897295934565,0.03238629969604055,0.05233957968138825,0.18757192009204285,1.246096873925461,168.38737932516077,0.0,0.30303030303030304,0.3333333333333333,0.08793267370601975,0,0,0.6666666666666666,0.38131406067926416
1786839832.652766,1622,64.84,3,standing,standing,standing,0,0.0,0.75,0.029192680796106468,0.03126887420718794,0.053367396144102505,0.18259672480521508,1.1982607681899515,167.87435674835584,0.0,0.2727272727272727,0.30303030303030304,0.08257281815675112,0,0,0.696969696969697,0.36859910192754936
1786839832.6820705,1623,64.88,3,standing,standing,standing,0,0.0,0.75,0.031339158864885655,0.03388936056419407,0.049582287834049145,0.1804937762934001,1.211952941726588,167.31601269962692,0.0,0.24242424242424243,0.2727272727272727,0.0775905678175267,0,0,0.7272727272727273,0.3554333033169382
1786839832.7410629,1624,64.92,3,standing,standing,standing,0,0.0,0.75,0.03332080545118663,0.03792162618980025,0.052721428033458216,0.1822956363015961,1.0820451203045853,167.00609642730998,0.0,0.21212121212121213,0.24242424242424243,0.07310114137715115,0,0,0.7575757575757576,0.34244920503842796
1786839832.772752,1625,64.96,3,standing,standing,standing,0,0.0,0.75,0.03558875117950608,0.0393380062443088,0.05495593031458593,0.18790654466499743,1.0469167579312781,167.51737282121763,0.0,0.18181818181818182,0.21212121212121213,0.0688982571805659,0,0,0.7878787878787878,0.3303393187644553
1786839832.8063138,1626,65.0,3,standing,standing,standing,0,0.0,0.75,0.03176147009949683,0.040607130646199446,0.04796937019617057,0.19253293284974735,1.0798901995207986,168.3656799237397,0.0,0.15151515151515152,0.18181818181818182,0.06494206786260596,0,0,0.8181818181818182,0.3193516731490781
1786839832.8930066,1627,65.04,3,standing,standing,standing,0,0.0,0.75,0.03054668937871999,0.04057217361714548,0.04508599000469089,0.19947239943926792,1.0652178168655129,168.7054554776008,0.0,0.15151515151515152,0.15151515151515152,0.06167009327367381,0,0,0.8484848484848485,0.3096917953733222
1786839832.9241903,1628,65.08,3,standing,standing,standing,0,0.0,0.75,0.02723592720853887,0.033649860377182136,0.04147058454856777,0.20747889596582883,1.1579929157041744,169.4596710664135,0.0,0.12121212121212122,0.12121212121212122,0.059127854129792136,0,0,0.8787878787878788,0.30111844229724755
1786839832.955282,1629,65.12,3,standing,standing,standing,0,0.0,0.75,0.024832270841094146,0.03412068130274051,0.03749007922865054,0.21699717142802047,1.279209776371916,169.62813394536494,0.0,0.09090909090909091,0.09090909090909091,0.05716215681211227,0,0,0.9090909090909091,0.2935041146587097
1786839833.003969,1630,65.16,3,standing,standing,standing,0,0.0,0.75,0.020510490289414846,0.03574860391778227,0.038782538434855546,0.225769045515596,1.2916281976019182,169.32377808989187,0.0,0.06060606060606061,0.06060606060606061,0.05575783497239822,0,0,0.9393939393939394,0.28604012265085754
1786839833.0390556,1631,65.2,3,standing,standing,standing,0,0.0,0.75,0.018476137924336625,0.03830021091035207,0.043861182228365256,0.22794174810297663,1.293134716569749,167.87831204631436,0.0,0.030303030303030304,0.030303030303030304,0.05511319491912744,0,0,0.9696969696969697,0.2782260388102638
1786839833.101627,1632,65.24,3,standing,standing,standing,0,0.0,0.75,0.020755076267018793,0.0477422012137792,0.0490685789353804,0.22942083854023892,1.2980745324777863,166.92771956586904,0.0,0.0,0.0,0.054694896894878726,0,0,1.0,0.2705678391304481
1786839833.1498818,1633,65.28,3,standing,standing,standing,0,0.0,0.75,0.02500381434559318,0.05423388206809009,0.05383304041917464,0.23244559770320733,1.5739144682640003,166.93461316045537,0.0,0.0,0.0,0.054457782166364654,0,0,1.0,0.2634117199629507
1786839833.1800601,1634,65.32,3,standing,standing,standing,0,0.0,0.75,0.03374251759641351,0.052940038389130556,0.055577557767465556,0.22353510797591233,1.5972454481576341,167.43798939297858,0.0,0.0,0.0,0.05424291492681191,0,0,1.0,0.2567501504317476
1786839833.2251127,1635,65.36,3,standing,standing,standing,0,0.0,0.75,0.042174722006257666,0.052949051159253434,0.05974148941606,0.22493100799322358,1.6843030023811252,166.6196854951752,0.0,0.0,0.0,0.05410194422002086,0,0,1.0,0.2508382442777225
1786839833.2982516,1636,65.4,3,walking,standing,standing,0,0.0,0.6,0.051607997357926254,0.06397166055745612,0.06936584967973558,0.22829655124172862,1.7735114008061585,164.2788754828411,0.0,0.030303030303030304,0.030303030303030304,0.05421736808086357,0,0,0.9696969696969697,0.24556508122828713
1786839833.3286154,1637,65.44,3,walking,standing,standing,0,0.0,0.6,0.05748093921888897,0.07757760107041199,0.08129254848748096,0.22262802808944618,2.0191336055686193,162.43054155083954,0.0,0.06060606060606061,0.06060606060606061,0.05467060981068974,0,0,0.9393939393939394,0.24056236446796012
1786839833.358269,1638,65.48,3,walking,standing,standing,0,0.0,0.6,0.06312769773973431,0.10332725865366205,0.09667346816962348,0.21445322359740723,2.2792784565355446,162.53860471563075,0.0,0.09090909090909091,0.09090909090909091,0.05560342450585332,0,0,0.9090909090909091,0.2359212474923058
1786839833.41528,1639,65.52,3,walking,standing,standing,0,0.0,0.6127343712849186,0.06842701347822301,0.11029218683128535,0.10872513744246994,0.2155084756605259,2.628518540475757,162.7492743499402,0.0,0.12121212121212122,0.12121212121212122,0.056939246189625294,0,0,0.8787878787878788,0.23193666812759478
1786839833.4438019,1640,65.56,3,walking,walking,walking,0,0.0,0.6037892592511763,0.07242791521484329,0.10868206666521174,0.11277974772928612,0.2243599064883465,2.8237670353059525,163.14739650923872,0.0,0.15151515151515152,0.15151515151515152,0.058424295594514314,0,0,0.8484848484848485,0.2288937511566982
1786839833.4952419,1641,65.6,3,walking,walking,walking,0,0.0,0.6,0.0731320203101154,0.09525406363286039,0.11094148933939864,0.2419529837751276,3.0738724307985907,164.16318430176287,0.0,0.18181818181818182,0.18181818181818182,0.059986980065488756,0,0,0.8181818181818182,0.2269299679624939
1786839833.5434315,1642,65.64,3,walking,walking,walking,0,0.0,0.6,0.07243304860938732,0.08743886434317959,0.10660990416432622,0.2460116217621784,3.1238687143485224,164.68769090532496,0.0,0.21212121212121213,0.21212121212121213,0.06148423350927412,0,0,0.7878787878787878,0.22546550060833498
1786839833.5743613,1643,65.68,3,walking,walking,walking,0,0.0,0.6,0.06641414295945475,0.09240983726197234,0.10574934167738571,0.24703323329153218,2.8044244641069893,164.64370696678492,0.0,0.24242424242424243,0.24242424242424243,0.06307654201454055,0,0,0.7575757575757576,0.22416724422117595
1786839833.6123753,1644,65.72,3,walking,walking,walking,0,0.0,0.6,0.06081230316245264,0.09666833650151022,0.10620215489793754,0.25932120574253403,3.0798022524572137,163.4084387169604,0.0,0.2727272727272727,0.2727272727272727,0.0647746897126183,0,0,0.7272727272727273,0.2231933011492733
1786839833.6604135,1645,65.76,3,walking,walking,walking,0,0.0,0.6,0.061065081874870794,0.09380719766100289,0.10555312887686015,0.2679002502329624,3.3324165616242944,163.92996127508547,0.0,0.30303030303030304,0.30303030303030304,0.0664813217707559,0,0,0.696969696969697,0.22260677787169753
1786839833.710832,1646,65.8,3,walking,walking,walking,0,0.0,0.6,0.06807463016660803,0.08263928803001674,0.10452964893091203,0.27212515445644625,3.550205031677779,165.5893339823644,0.0,0.3333333333333333,0.3333333333333333,0.06815225931067354,0,0,0.6666666666666666,0.2225375860563484
1786839833.7417386,1647,65.84,3,walking,walking,walking,0,0.0,0.6,0.07283787357622414,0.06284649992033102,0.11163872814618224,0.278824915724694,3.813719496729841,165.99641535645299,0.0,0.36363636363636365,0.36363636363636365,0.0699107130937348,0,0,0.6363636363636364,0.2231163312035384
1786839833.7937837,1648,65.88,3,walking,walking,walking,0,0.0,0.6,0.07948330427012551,0.06764271370487168,0.11230113517177795,0.2923561883442953,4.119679651719641,163.2018823255618,0.0,0.3939393939393939,0.3939393939393939,0.07159189642278171,0,0,0.6060606060606061,0.22450013205734443
1786839833.8379319,1649,65.92,3,walking,walking,walking,0,0.0,0.6,0.08429198958155891,0.08964627665756361,0.11376382865374021,0.2984011680467308,4.348577621901545,161.98635992147743,0.0,0.42424242424242425,0.42424242424242425,0.07333530830023147,0,0,0.5757575757575758,0.22636307920875545
1786839833.8694768,1650,65.96,3,walking,walking,walking,0,0.0,0.6,0.09076794641355494,0.0984862412610482,0.12650785122554103,0.30792467921414696,4.761292459329346,161.64641492589894,0.0,0.45454545454545453,0.45454545454545453,0.07529702881865986,0,0,0.5454545454545454,0.22877994904049384
1786839833.9323578,1651,66.0,3,walking,walking,walking,0,0.0,0.6,0.09257720512287602,0.10417633438961396,0.12761082963816386,0.31771723650639144,5.413019785230402,161.73950779408148,0.0,0.48484848484848486,0.48484848484848486,0.07737207509271801,0,0,0.5151515151515151,0.23170728010096606
1786839833.97139,1652,66.04,3,walking,walking,walking,0,0.0,0.6040121000649151,0.09565731246967778,0.10872217801168473,0.12789132591579,0.33411476296246917,6.099747809815762,162.15929992895963,0.0,0.5151515151515151,0.5151515151515151,0.07943719506805161,0,0,0.48484848484848486,0.2354205939453709
1786839834.0042844,1653,66.08,3,walking,walking,walking,0,0.0,0.6,0.10134961463075362,0.10701499471283535,0.12948796000200097,0.34471584753608403,6.738860538861024,162.00467205167175,0.0,0.5454545454545454,0.5454545454545454,0.08162033670713874,0,0,0.45454545454545453,0.23984953879831267
1786839834.052109,1654,66.12,3,walking,walking,walking,0,0.0,0.6448656347663887,0.09977919826014624,0.11607581425794995,0.1256891692340122,0.348006683633621,6.838592508015583,160.34821775082384,0.0,0.5757575757575758,0.5757575757575758,0.08384305154206673,0,0,0.42424242424242425,0.24471119829957255
1786839834.0829356,1655,66.16,3,walking,walking,walking,0,0.0,0.7250052880532047,0.09362262028012427,0.13050095184957686,0.12092511368250716,0.35136943353719674,6.575390435438125,159.06779627412334,0.0,0.6060606060606061,0.6060606060606061,0.08589025510383656,0,0,0.3939393939393939,0.2498255228066024
1786839834.1384084,1656,66.2,3,walking,walking,walking,0,0.0,0.7539332656978578,0.09214693692663624,0.13570798782561438,0.10898542442360709,0.35424431239077336,6.48665160988134,159.48708599596546,0.0,0.6363636363636364,0.6363636363636364,0.08769035015200498,0,0,0.36363636363636365,0.25509069056712885
1786839834.190808,1657,66.24,3,walking,walking,walking,0,0.0,0.7316035552096313,0.08672979497736918,0.1316886399377336,0.10721444570310451,0.3660604993752565,6.324277966968932,161.06904685953552,0.0,0.6666666666666666,0.6666666666666666,0.08934165371775184,0,0,0.3333333333333333,0.2606593227814822
1786839834.2290835,1658,66.28,3,walking,walking,walking,0,0.0,0.6185971794751383,0.08553684378272708,0.11134749230552488,0.10217320521119995,0.37865655889027927,6.04536990488363,164.5482039551377,0.0,0.696969696969697,0.696969696969697,0.09077248022977046,0,0,0.30303030303030304,0.26643962624285433
1786839834.261577,1659,66.32,3,walking,walking,walking,0,0.0,0.6,0.07970754681079438,0.10397167259363244,0.09533928316992403,0.396341548853202,5.93844250154952,166.55110385541252,0.0,0.7272727272727273,0.7272727272727273,0.09220793213806601,0,0,0.2727272727272727,0.2726156449096257
1786839834.3395557,1660,66.36,3,walking,walking,walking,0,0.0,0.6,0.07555138642389327,0.09511847851299143,0.09075096214426558,0.4095318518446606,5.94488630369865,167.60143851120543,0.0,0.7575757575757576,0.7575757575757576,0.09359171917259856,0,0,0.24242424242424243,0.27898108286130424
1786839834.3721302,1661,66.4,3,walking,walking,walking,0,0.0,0.6,0.07061471920387173,0.08652971122149151,0.09169276508230836,0.42169064361392045,5.763266459105028,168.56382262662936,0.0,0.7878787878787878,0.7878787878787878,0.09511360343119678,0,0,0.21212121212121213,0.28547234794154946
1786839834.508867,1662,66.44,3,walking,walking,walking,0,0.0,0.6,0.06260609102000803,0.08407676697001805,0.08696422664240286,0.4305935260526324,5.586927604029584,169.41167878052278,0.0,0.8181818181818182,0.8181818181818182,0.0966128200194923,0,0,0.18181818181818182,0.29194496474835585
1786839834.5913565,1663,66.48,3,walking,walking,walking,0,0.0,0.6,0.05614316258210503,0.07027213045833451,0.08840379209898452,0.4385102902189354,5.328761098850296,169.89779617486883,0.0,0.8484848484848485,0.8484848484848485,0.09811649437295077,0,0,0.15151515151515152,0.29839166913330556
1786839834.622545,1664,66.52,3,standing,walking,walking,0,0.0,0.75,0.04855677897370661,0.057932308305104936,0.08887274782328128,0.4511180568865154,5.290416791305905,172.16731919120122,0.0,0.8484848484848485,0.8484848484848485,0.09948048120916032,0,0,0.15151515151515152,0.3051545875812916
1786839834.6531978,1665,66.56,3,standing,walking,walking,0,0.0,0.75,0.04160798930649464,0.048797179761134755,0.08911971270730211,0.46028826755481245,5.297591506065293,173.00634495783726,0.0,0.8484848484848485,0.8484848484848485,0.1006941519295216,0,0,0.15151515151515152,0.31215057027870285
1786839834.7003856,1666,66.6,3,standing,walking,walking,0,0.0,0.75,0.042354768324225196,0.04180565425174183,0.08256380899746144,0.46929910688975623,5.029799991967708,171.886400224484,0.0,0.8484848484848485,0.8484848484848485,0.10156478128037877,0,0,0.15151515151515152,0.31932794934496206
1786839834.7539663,1667,66.64,3,standing,walking,walking,0,0.0,0.75,0.04365875751682643,0.036530791428498584,0.08118172393973379,0.4731803127358052,4.70942299278052,170.3505434854393,0.0,0.8484848484848485,0.8484848484848485,0.10234066510378084,0,0,0.15151515151515152,0.32689295554980713
1786839834.782679,1668,66.68,3,standing,standing,standing,0,0.0,0.75,0.048263429307669005,0.03538348920152681,0.07549297933228279,0.4654536478508453,4.523980332787417,168.34096764457038,0.0,0.8484848484848485,0.8484848484848485,0.10281798298003,0,0,0.15151515151515152,0.3341815203939775
1786839834.8313096,1669,66.72,3,standing,standing,standing,0,0.0,0.75,0.05651555401694518,0.04422774364716802,0.07623896326905293,0.44413407396305465,3.9693181115356255,166.4783098691999,0.0,0.8181818181818182,0.8181818181818182,0.10302625914940326,0,0,0.18181818181818182,0.34072205138553285
1786839834.8599603,1670,66.76,3,walking,standing,standing,0,0.0,0.6,0.05963523876762178,0.0643070536833123,0.07805772373569164,0.42366219522617676,3.4271426956556716,165.23296683179666,0.0,0.8181818181818182,0.8181818181818182,0.10292823415692479,0,0,0.18181818181818182,0.3468139958442217
1786839834.888007,1671,66.8,3,walking,standing,standing,0,0.0,0.6,0.07085035210262494,0.07731477853455807,0.08455451754019656,0.39797666001728776,2.993650127645725,163.3961759811487,0.0,0.8181818181818182,0.8181818181818182,0.10256099322876033,0,0,0.18181818181818182,0.3523753120993696
1786839834.9334137,1672,66.84,3,walking,standing,standing,0,0.0,0.6,0.08159993587580122,0.09363030959144343,0.0992849185046553,0.3864083660700677,2.656346083063841,162.08155928700646,0.0,0.8181818181818182,0.8181818181818182,0.10227492598822051,0,0,0.18181818181818182,0.35755409665723453
1786839834.9822595,1673,66.88,3,walking,standing,standing,0,0.0,0.6,0.099373680533319,0.10357537859722377,0.11044397942687284,0.38924003303739674,2.280138494049477,161.53908193335704,0.0,0.8181818181818182,0.8181818181818182,0.10220414513057162,0,0,0.18181818181818182,0.3625504641284178
1786839835.0260193,1674,66.92,3,walking,walking,walking,0,0.0,0.6046883642463582,0.11221952730117292,0.10884390556434448,0.11078161608353487,0.3849219547506251,2.0061433144378413,161.0226802606863,0.0,0.8181818181818182,0.8181818181818182,0.10219930048645452,0,0,0.18181818181818182,0.3668828571882814
1786839835.0930362,1675,66.96,3,walking,walking,walking,0,0.0,0.6373391410862356,0.12115595280848702,0.1147210453955224,0.11805956483401571,0.37562945116481383,1.8903361739885143,159.76023966578447,0.0,0.8181818181818182,0.8181818181818182,0.10254625990068755,0,0,0.18181818181818182,0.37081067020048253
1786839835.1331224,1676,67.0,3,walking,walking,walking,0,0.0,0.9436726777509071,0.12819635148654715,0.16986108199516328,0.12966934957152956,0.36594173430470767,2.2570863535507835,159.4931532874352,0.0,0.8181818181818182,0.8181818181818182,0.10327110862475251,0,0,0.18181818181818182,0.37441395810997263
1786839835.1873121,1677,67.04,3,walking,walking,walking,0,0.0,1.0,0.13338725799018006,0.18609473641570642,0.1429687224113239,0.3745089804091533,2.283226719828204,157.20613211530562,0.0,0.8181818181818182,0.8181818181818182,0.10438524703424906,0,0,0.18181818181818182,0.37790449673623383
1786839835.3448966,1678,67.08,3,walking,walking,walking,0,0.0,1.0,0.13369475695431318,0.20066263380254434,0.15330053974412172,0.3954039760550859,2.048392460917399,156.6406203822998,0.0,0.8181818181818182,0.8181818181818182,0.10583213827265092,0,0,0.18181818181818182,0.38176824600357095
1786839835.37711,1679,67.12,3,walking,walking,walking,0,0.0,1.0,0.1409449505176935,0.1981001059087053,0.15564877365306315,0.41716466975922756,2.0665319247100076,157.0924607474779,0.0,0.8181818181818182,0.8181818181818182,0.10738120265817067,0,0,0.18181818181818182,0.38616338283092794
1786839835.4214492,1680,67.16,3,walking,walking,walking,0,0.0,1.0,0.14159523346398337,0.19509390611820251,0.15735473833277092,0.43433896633039143,1.963026065318774,157.3014008732173,0.0,0.8181818181818182,0.8181818181818182,0.10876653630018851,0,0,0.18181818181818182,0.3908759298189794
1786839835.4930139,1681,67.2,3,walking,walking,walking,0,0.0,1.0,0.14533256753321352,0.19466453662300226,0.15862506307747687,0.4500766350118354,1.8030077578838153,157.36898921772416,0.0,0.8181818181818182,0.8181818181818182,0.1101702916912703,0,0,0.18181818181818182,0.3956553372937533
1786839835.5257375,1682,67.24,3,walking,walking,walking,0,0.0,1.0,0.14103985265520752,0.1990171674215565,0.15694449596270996,0.45504114761469416,1.7858505506989673,157.69069299376946,0.0,0.8181818181818182,0.8181818181818182,0.11147879676123906,0,0,0.18181818181818182,0.40040200334126735
1786839835.5611267,1683,67.28,3,walking,walking,walking,0,0.0,1.0,0.1355676078582205,0.21213896141170613,0.16151143670425866,0.449249552179172,2.1622607310094404,158.73804853525226,0.0,0.8181818181818182,0.8181818181818182,0.11253951147271538,0,0,0.18181818181818182,0.40468457524929835
1786839835.6354616,1684,67.32,3,walking,walking,walking,0,0.0,1.0,0.13013079157836663,0.21712084961347602,0.16082587080361863,0.4514876868944975,2.5747767094956733,158.63218232897464,0.0,0.8181818181818182,0.8181818181818182,0.11354602787166855,0,0,0.18181818181818182,0.4087382252610592
1786839835.67196,1685,67.36,3,walking,walking,walking,0,0.0,1.0,0.12042928395146354,0.1815540076200678,0.1502384329310492,0.46420067615383775,2.9586573443149975,160.43908720958913,0.0,0.8181818181818182,0.8181818181818182,0.11422321293273699,0,0,0.18181818181818182,0.41268022263049453
1786839835.7008307,1686,67.4,3,walking,walking,walking,0,0.0,1.0,0.1124738366206317,0.1816192072638869,0.13590738324303853,0.4839778923086615,3.055172241961245,162.4724687302926,0.0,0.8181818181818182,0.8181818181818182,0.11441774090973815,0,0,0.18181818181818182,0.4169002845933
1786839835.7481701,1687,67.44,3,walking,walking,walking,0,0.0,1.0,0.12116355623100539,0.18113431975287997,0.14475069689922251,0.4931803702936036,3.11594782247213,166.84023739335544,0.0,0.8181818181818182,0.8181818181818182,0.11499536296019906,0,0,0.18181818181818182,0.42129948721936006
1786839835.8003564,1688,67.48,3,walking,walking,walking,0,0.0,0.9074346995973941,0.11544069029050805,0.16333824592753093,0.14315708155608065,0.49480285945208236,3.2165369738377505,169.08917519128718,0.0,0.8181818181818182,0.8181818181818182,0.11566905895636796,0,0,0.18181818181818182,0.42564595467132627
1786839835.8349235,1689,67.52,3,walking,walking,walking,0,0.0,0.8579218844956052,0.10637633823396357,0.15442593920920894,0.14265144155898296,0.4961372785086711,3.3448898637604074,170.0190308389509,0.0,0.8181818181818182,0.8181818181818182,0.11668924129380358,0,0,0.18181818181818182,0.4299457415233838
1786839835.8832867,1690,67.56,3,walking,walking,walking,0,0.0,0.7930502840783422,0.09391231485987761,0.1427490511341016,0.13937850781143812,0.49577021703585966,3.6553496407926125,169.84452928966925,0.0,0.8181818181818182,0.8181818181818182,0.11766390984254096,0,0,0.18181818181818182,0.4338763390282505
1786839835.9132802,1691,67.6,3,walking,walking,walking,0,0.0,0.8434869853157911,0.0914979847509118,0.1518276573568424,0.1370079416827248,0.49538052741308614,3.9446580289903843,170.74360060581208,0.0,0.8181818181818182,0.8181818181818182,0.11871950791743566,0,0,0.18181818181818182,0.4374134289834871
1786839835.944524,1692,67.64,3,walking,walking,walking,0,0.0,0.7881542230550673,0.09191151595598034,0.14186776014991212,0.14166551004382355,0.4937542498676023,3.812015720831776,171.56125237291874,0.0,0.8181818181818182,0.8181818181818182,0.1201233329742205,0,0,0.18181818181818182,0.44036532901422654
1786839835.9963796,1693,67.68,3,walking,walking,walking,0,0.0,0.7317530139592758,0.09195604367971785,0.13171554251266965,0.14058351459407453,0.49217754879677783,3.35153153143425,171.5717960487768,0.0,0.8181818181818182,0.8181818181818182,0.12163341032118441,0,0,0.18181818181818182,0.4428697440733816
1786839836.0342262,1694,67.72,3,walking,walking,walking,0,0.0,0.7428869678911002,0.10325446470660152,0.13371965422039803,0.15724120614615894,0.48528017487429126,3.0783764137971947,172.86152282874679,0.0,0.8181818181818182,0.8181818181818182,0.12361972671705868,0,0,0.18181818181818182,0.44479669956612006
1786839836.0652215,1695,67.76,3,walking,walking,walking,0,0.0,0.6737818931770878,0.10747173238875628,0.1212807407718758,0.15996190092201695,0.4746308300295404,2.6865683371592066,172.07381174453312,0.0,0.8181818181818182,0.8181818181818182,0.12583177745280455,0,0,0.18181818181818182,0.44613116332299607
1786839836.116185,1696,67.8,3,walking,walking,walking,0,0.0,0.6008048906167301,0.09804897349992553,0.10814488031101141,0.13882395005537612,0.4636618891080559,2.221375422500602,171.52501241801815,0.0,0.8181818181818182,0.8181818181818182,0.12735966102724067,0,0,0.18181818181818182,0.44689333298630285
1786839836.14601,1697,67.84,3,walking,walking,walking,0,0.0,0.655567930669788,0.10275631285416435,0.11800222752056184,0.14034637912504166,0.4464454223061316,2.2649725178345497,170.6577211770059,0.0,0.8484848484848485,0.8484848484848485,0.12891946803638493,0,0,0.15151515151515152,0.4467517379990184
1786839836.179483,1698,67.88,3,walking,walking,walking,0,0.0,0.7188627414186279,0.10790380868395105,0.12939529345535303,0.1403691044011402,0.42916252378560965,2.227484874624491,170.055212433363,0.0,0.8787878787878788,0.8787878787878788,0.13047247990589514,0,0,0.12121212121212122,0.44580853364237594
1786839836.24564,1699,67.92,3,walking,walking,walking,0,0.0,0.7749361527802364,0.12052402955195042,0.13948850750044256,0.14573823307312028,0.40742696071642737,2.0924437825225115,169.3321156017351,0.0,0.9090909090909091,0.9090909090909091,0.13238685639303632,0,0,0.09090909090909091,0.44393362012197196
1786839836.2764156,1700,67.96,3,walking,walking,walking,0,0.0,0.601400628300675,0.12099578449520493,0.10825211309412149,0.1569618702452934,0.41784096149656297,3.102150950994956,170.17946974369283,0.0,0.9393939393939394,0.9393939393939394,0.1346832244629018,0,0,0.06060606060606061,0.44225667008441927
1786839836.3076317,1701,68.0,3,walking,walking,walking,0,0.0,0.6,0.134304408277318,0.10606415510949913,0.16516893434681837,0.410833647709873,4.099337050695342,170.8097261365838,0.0,0.9696969696969697,0.9696969696969697,0.1374006776451604,0,0,0.030303030303030304,0.4406015185649958
1786839836.356787,1702,68.04,3,walking,walking,walking,0,0.0,0.7477361740442993,0.12909244203816023,0.13459251132797387,0.1812416970231914,0.444061157950682,6.52252555536794,169.44643427833162,0.0,1.0,1.0,0.1405825786680131,0,0,0.0,0.4405993089888633
1786839836.3969717,1703,68.08,3,walking,walking,walking,0,0.0,0.6,0.12079875733169791,0.06685164365139845,0.1789875051308363,0.48249012466751917,10.203248489109518,166.38990600041706,0.0,1.0,1.0,0.14364105689210838,0,0,0.0,0.4423819735173889
1786839836.4400678,1704,68.12,3,walking,walking,walking,0,0.0,0.6,0.11280030803648988,0.0,0.18902338103523716,0.49685499026322216,14.67286596728673,159.85654839335814,0.0,1.0,1.0,0.14680678002832176,0,0,0.0,0.44537828655514444
1786839836.5035522,1705,68.16,3,walking,walking,walking,0,0.0,0.6,0.10176070878849812,0.0,0.20431740851779645,0.5151037145556143,19.72175174500475,,0.0,1.0,1.0,0.1499895827559927,0,0,0.0,0.449278145600161
1786839836.561493,1707,68.24,3,walking,walking,walking,0,0.0,0.6,0.11321658311136723,0.0,0.2178102011959671,0.5427845380386964,26.44913803454228,,0.0,1.0,1.0,0.15324310462778343,0,0,0.0,0.4539310093880792
1786839836.6090672,1708,68.28,3,walking,walking,walking,0,0.0,0.6,0.1067520447498117,0.0,0.21368379517382818,0.5803480879918321,32.91337212374707,,0.0,1.0,1.0,0.15636135247900446,0,0,0.0,0.4598530134256915
1786839836.6409109,1709,68.32,3,bending,walking,walking,0,0.0,0.6386136441138894,0.09560442308104153,0.0,0.1980321442791731,0.6284755649531489,38.31681864683337,,0.030303030303030304,0.9696969696969697,1.0,0.15878476397734254,0,0,0.0,0.4675150168738229
1786839836.6966481,1710,68.36,3,bending,walking,walking,0,0.0,0.7298319958471969,0.09041642206064754,0.0,0.1656618843311896,0.6868272783390116,43.789919750831814,,0.06060606060606061,0.9393939393939394,1.0,0.15987544684884739,0,0,0.0,0.4772388212384987
1786839836.747252,1711,68.4,3,bending,walking,walking,0,0.0,0.7978505913195697,0.07098634369196864,0.0,0.1386181575904011,0.6950059637567877,47.87103547917418,,0.09090909090909091,0.9090909090909091,1.0,0.15974361155124367,0,0,0.0,0.48695085103691194
1786839836.7868965,1712,68.44,3,bending,walking,walking,0,0.0,0.8683715974166287,0.0712343386298323,0.0,0.10092649620294628,0.7169227585879219,52.10229584499773,,0.12121212121212122,0.8787878787878788,1.0,0.15815651932272318,0,0,0.0,0.4966938444469978
1786839836.816154,1713,68.48,3,bending,bending,bending,0,0.0,0.8980315682593641,0.06741333269135424,0.0,0.03745035724638911,0.7659756253745239,53.88189409556185,,0.15151515151515152,0.8484848484848485,1.0,0.15457474912858155,0,0,0.0,0.5072638734050371
1786839836.8924954,1714,68.52,3,bending,bending,bending,0,0.0,0.9091891774938792,0.07353032432999534,0.0,0.04795272889415705,0.8416357371072292,54.55135064963275,,0.18181818181818182,0.8181818181818182,1.0,0.15125953672135084,0,0,0.0,0.519606199792214
1786839836.929285,1715,68.56,3,bending,bending,bending,0,0.0,0.8738543070249616,0.07440669296134562,0.0,0.042701730056807746,0.8705408349277179,52.431258421497695,,0.21212121212121213,0.7878787878787878,1.0,0.14774670844799725,0,0,0.0,0.5323475391836043
1786839836.9591744,1716,68.6,3,bending,bending,bending,0,0.0,0.8157322791183118,0.05415226057698944,0.0,0.05803953134923428,0.8755453099548667,48.94393674709871,,0.24242424242424243,0.7575757575757576,1.0,0.14474958830819493,0,0,0.0,0.545090089557549
1786839837.0091436,1717,68.64,3,bending,bending,material_handling,1,1.0,0.7242915763356234,0.06472191486484731,0.0,0.08261552353659286,0.8644236787247427,43.4574945801374,,0.2727272727272727,0.7272727272727273,1.0,0.14235880306068996,1,0,0.0,0.5576711236952937
1786839837.055389,1718,68.68,3,bending,bending,material_handling,1,1.0,0.6244769956414754,0.06532555552028844,0.0,0.1259352260515973,0.8170456981978368,37.46861973848853,,0.30303030303030304,0.696969696969697,1.0,0.14130151079547715,1,0,0.0,0.5687486391893343
1786839837.105973,1719,68.72,3,standing,bending,material_handling,1,1.0,0.75,0.07226500242889372,0.0,0.20599867046603373,0.7998101306783346,32.72097825979317,,0.30303030303030304,0.6666666666666666,0.9696969696969697,0.14299121496320397,1,0,0.030303030303030304,0.5789186226597735
1786839837.191781,1720,68.76,3,standing,bending,material_handling,1,1.0,0.75,0.07643724337002893,0.0,0.20916901459364398,0.7702793521146691,27.62043635793186,,0.30303030303030304,0.6363636363636364,0.9393939393939394,0.14521126439807078,1,0,0.06060606060606061,0.5875944244720769
1786839837.2343955,1721,68.8,3,standing,bending,material_handling,1,1.0,0.75,0.07526006930501522,0.0,0.18733282397327233,0.7340532690783212,22.27084230639307,,0.30303030303030304,0.6060606060606061,0.9090909090909091,0.1465016318851632,1,0,0.09090909090909091,0.5948936032231288
1786839837.2701766,1722,68.84,3,standing,bending,material_handling,1,1.0,0.75,0.0750033919767426,0.0,0.17479985740385828,0.7077417069502021,16.767899763839146,,0.30303030303030304,0.5757575757575758,0.8787878787878788,0.1474605038805504,1,0,0.12121212121212122,0.6013462955715567
1786839837.3616114,1723,68.88,3,standing,standing,material_handling,1,1.0,0.75,0.06906000052589976,0.0,0.1740593475894944,0.6482445691758013,12.568186039207216,,0.30303030303030304,0.5454545454545454,0.8484848484848485,0.14841225860874774,1,0,0.15151515151515152,0.6059556074099546
1786839837.3969734,1724,68.92,3,standing,standing,material_handling,1,1.0,0.75,0.07153707572830387,0.0,0.17586546394443203,0.5912067425704753,8.39343019626243,,0.30303030303030304,0.5151515151515151,0.8181818181818182,0.1495179239461112,1,0,0.18181818181818182,0.6088476233352459
1786839837.472181,1725,68.96,3,standing,standing,material_handling,1,1.0,0.75,0.0738759533499244,0.0,0.16768473892127383,0.5580742701159024,5.858105785926314,178.47893463701848,0.30303030303030304,0.48484848484848486,0.7878787878787878,0.15044752386243085,1,0,0.21212121212121213,0.6107474337201797
1786839837.589387,1726,69.0,3,carrying,standing,material_handling,1,1.0,0.6246389018092606,0.0682445155104619,0.21145043734576965,0.16087553792318784,0.5410648363487678,4.171842183174099,177.7238018229552,0.30303030303030304,0.45454545454545453,0.7878787878787878,0.15102964591938126,1,0,0.21212121212121213,0.6121810878559726
1786839837.619719,1727,69.04,3,carrying,standing,material_handling,1,1.0,0.6175354424782675,0.07318611816920621,0.08501180966106403,0.14448870016721016,0.5292257374637792,3.150783832927955,177.95745618993627,0.30303030303030304,0.42424242424242425,0.7878787878787878,0.15114798487614295,1,0,0.21212121212121213,0.6133037602398212
1786839837.6491983,1728,69.08,3,carrying,standing,material_handling,1,1.0,0.6228722211253888,0.07446153978542176,0.08477666182424383,0.10709787579723526,0.5381203685423147,2.861497521038235,177.7162417700271,0.30303030303030304,0.3939393939393939,0.7878787878787878,0.14962849001708467,1,0,0.21212121212121213,0.6149049782297613
1786839837.701789,1729,69.12,3,carrying,standing,material_handling,1,1.0,0.6136440151200913,0.07467618909167834,0.08884062571912209,0.08858615771217285,0.5227400252001522,2.3570411374660614,177.49853353835078,0.30303030303030304,0.36363636363636365,0.7878787878787878,0.14746558870769544,1,0,0.21212121212121213,0.6163628326288708
1786839837.735347,1730,69.16,3,carrying,carrying,material_handling,1,1.0,0.6121643699418946,0.07866203588018998,0.11804128250910084,0.09005381614115124,0.5202739499031577,1.914932112534002,177.41544039674693,0.30303030303030304,0.3333333333333333,0.7878787878787878,0.14598770586180984,1,0,0.21212121212121213,0.6180783496226617
1786839837.7643347,1731,69.2,3,carrying,carrying,material_handling,1,1.0,0.6181487353057998,0.08254008237155573,0.12631334356231588,0.10414509009541292,0.5302478921763331,1.9589796466168692,176.83446840587675,0.30303030303030304,0.30303030303030304,0.7878787878787878,0.14489069710333627,1,0,0.21212121212121213,0.6206178184066072
1786839837.8140082,1732,69.24,3,carrying,carrying,material_handling,1,1.0,0.6271731832545814,0.08852788812410385,0.11254271038224067,0.10245900594919372,0.5452886387576357,2.0954392039255945,176.47607865211378,0.30303030303030304,0.2727272727272727,0.7878787878787878,0.14374190624115604,1,0,0.21212121212121213,0.6241367915875777
1786839837.8445785,1733,69.28,3,carrying,carrying,material_handling,1,1.0,0.6297802376590871,0.09670609527833009,0.10872397017105992,0.10416230704048865,0.5496337294318118,2.314492175808567,176.54400046709247,0.30303030303030304,0.24242424242424243,0.7878787878787878,0.1424820296947127,1,0,0.21212121212121213,0.628446087609256
1786839837.8816476,1734,69.32,3,carrying,carrying,material_handling,1,1.0,0.6290236901446723,0.1025058815506535,0.1082761157548334,0.10196561180248337,0.5483728169077873,2.623151005968322,176.61809662534856,0.30303030303030304,0.21212121212121213,0.7878787878787878,0.14081547640856693,1,0,0.21212121212121213,0.6324015983792931
1786839837.9677877,1735,69.36,3,carrying,carrying,material_handling,1,1.0,0.6269350307821132,0.10465006193415557,0.10183526329133148,0.1064479658793068,0.5448917179701888,3.13716203610739,176.76986763829598,0.30303030303030304,0.18181818181818182,0.7878787878787878,0.13903605312167264,1,0,0.21212121212121213,0.6364639641447573
1786839837.997844,1736,69.4,3,carrying,carrying,material_handling,1,1.0,0.6255409908505646,0.09926394461095384,0.11256101199112242,0.10850194709746681,0.5425683180842744,4.003872834905743,176.4201562499415,0.30303030303030304,0.15151515151515152,0.7878787878787878,0.13683181827543855,1,0,0.21212121212121213,0.6394490296033509
1786839838.037461,1737,69.44,3,carrying,carrying,material_handling,1,1.0,0.6266857597765351,0.08893197588003321,0.1131173969902582,0.10729487916055402,0.5444762662942251,4.718557487197122,175.83736736843585,0.30303030303030304,0.12121212121212122,0.7878787878787878,0.13465931445815724,1,0,0.21212121212121213,0.6413273975314329
1786839838.0868585,1738,69.48,3,carrying,carrying,material_handling,1,1.0,0.6251252331357213,0.08331744897039277,0.10837080050338953,0.10562471931011402,0.5418753885595355,5.4530198299857835,175.70537700458993,0.30303030303030304,0.09090909090909091,0.7878787878787878,0.13213208228466872,1,0,0.21212121212121213,0.6426916520252607
1786839838.1171403,1739,69.52,3,carrying,carrying,material_handling,1,1.0,0.6281248650412111,0.07819683600921822,0.09393453989915673,0.10355784136228449,0.5468747750686853,6.135858115601211,175.8993642882794,0.30303030303030304,0.06060606060606061,0.7878787878787878,0.12907876206783497,1,0,0.21212121212121213,0.6436544114347476
1786839838.158986,1740,69.56,3,carrying,carrying,material_handling,1,1.0,0.6314858341711378,0.07224060860602988,0.08008586455674295,0.09118437341842417,0.5524763902852297,6.886445647358864,176.01370039522925,0.30303030303030304,0.030303030303030304,0.7878787878787878,0.1252416157715458,1,0,0.21212121212121213,0.6439481039270668
1786839838.2085044,1741,69.6,3,carrying,carrying,material_handling,1,1.0,0.6306881619289733,0.06811527177731941,0.08072007108883779,0.08928403797961088,0.5511469365482888,7.284160364992225,176.5426689118129,0.30303030303030304,0.0,0.7878787878787878,0.12147192615959983,1,0,0.21212121212121213,0.6430632205499897
1786839838.2408972,1742,69.64,3,carrying,carrying,material_handling,1,1.0,0.6279770860564565,0.06529528191956807,0.0754612750020745,0.0894134388986317,0.546628476760761,7.371957106282362,176.93931412151338,0.2727272727272727,0.0,0.7878787878787878,0.11818045023897736,1,0,0.21212121212121213,0.640583005756281
1786839838.2753682,1743,69.68,3,carrying,carrying,material_handling,1,1.0,0.6321617125930071,0.06343135611966907,0.07863946659991641,0.09828975603866921,0.5536028543216787,7.042443132444754,176.73815671568954,0.24242424242424243,0.0,0.7878787878787878,0.11613887059374947,1,0,0.21212121212121213,0.6365459019981801
1786839838.3940775,1744,69.72,3,carrying,carrying,material_handling,1,1.0,0.6483033207523187,0.06328157465631473,0.07783179101850417,0.11269695506226449,0.5805055345871979,6.503866935147902,176.5560929992201,0.21212121212121213,0.0,0.7878787878787878,0.11535337960804835,1,0,0.21212121212121213,0.6330761920233439
1786839838.4254608,1745,69.76,3,carrying,carrying,material_handling,1,1.0,0.6542190341023092,0.06409107764847648,0.07709932427688874,0.12213309263908832,0.590365056837182,5.891010903749348,175.62509135257358,0.18181818181818182,0.0,0.7878787878787878,0.1159960037424769,1,0,0.21212121212121213,0.6292411101521095
1786839838.468453,1746,69.8,3,carrying,carrying,material_handling,1,1.0,0.6656701909997885,0.06796971921435375,0.0793199722345608,0.1443102328144781,0.6094503183329809,5.111856514778912,175.12323779456588,0.15151515151515152,0.0,0.7878787878787878,0.11923418178999476,1,0,0.21212121212121213,0.6244979190296384
1786839838.5334554,1747,69.84,3,carrying,carrying,material_handling,1,1.0,0.6845326567933918,0.0699659635649345,0.08805374648115613,0.1631262476493377,0.6408877613223197,4.180386286264209,174.99268319417575,0.12121212121212122,0.0,0.7878787878787878,0.1227242884189396,1,0,0.21212121212121213,0.6184146470361562
1786839838.5639398,1748,69.88,3,carrying,carrying,carrying,0,0.0,0.7117156780937343,0.06977923125105058,0.085449039886688,0.1759260703391245,0.6861927968228905,3.1268084744345326,174.4864475925812,0.09090909090909091,0.0,0.7878787878787878,0.1267613896396159,0,0,0.21212121212121213,0.6128283428511615
1786839838.5995145,1749,69.92,3,walking,carrying,carrying,0,0.0,0.6,0.06746837853156112,0.08689462163108781,0.1805422522913957,0.7279349512206466,2.248904841621651,173.46760026080545,0.06060606060606061,0.030303030303030304,0.7878787878787878,0.13047359330452987,0,0,0.21212121212121213,0.6083553016773973
1786839838.6619847,1750,69.96,3,walking,carrying,carrying,0,0.0,0.6,0.06688684321095717,0.08563315474495196,0.18150922877252434,0.7700820190676212,1.496593523856034,172.33538136869203,0.030303030303030304,0.06060606060606061,0.7878787878787878,0.13347037225107325,0,0,0.21212121212121213,0.6054964635059694
1786839838.6926663,1751,70.0,3,carrying,carrying,carrying,0,0.0,0.7872498010271795,0.06331370029671474,0.09073013542704386,0.17970452663483405,0.8120830017119658,1.0321324215447898,170.4035308354908,0.0,0.06060606060606061,0.7878787878787878,0.13509974499601982,0,0,0.21212121212121213,0.6053460787639733
1786839838.7361274,1752,70.04,3,carrying,carrying,carrying,0,0.0,0.8082101808100635,0.05847377130701806,0.08154890266373879,0.17437419816889924,0.8470169680167725,0.8280082798400435,168.55467545178692,0.0,0.06060606060606061,0.8181818181818182,0.1341414276536824,0,0,0.18181818181818182,0.6067765889863501
1786839838.804097,1753,70.08,3,walking,carrying,carrying,0,0.0,0.6,0.04989085606538104,0.07706975625044171,0.1388969121285334,0.8800326480116103,0.9740978438840848,167.57553715616987,0.0,0.09090909090909091,0.8484848484848485,0.1320119700032245,0,0,0.15151515151515152,0.6101024464377727
1786839838.8455675,1754,70.12,3,walking,carrying,carrying,0,0.0,0.6,0.04477552192445742,0.07256985726984105,0.12914507087138974,0.8809650429869399,1.212839433440737,166.98774161497252,0.0,0.12121212121212122,0.8787878787878788,0.1302487047577129,0,0,0.12121212121212122,0.6145543183743973
1786839838.87692,1755,70.16,3,walking,walking,walking,0,0.0,0.6,0.038997915236565955,0.06101006671379117,0.10461390558775854,0.9019932532199785,1.379598782498461,167.10964942625426,0.0,0.15151515151515152,0.9090909090909091,0.1281218577329826,0,0,0.09090909090909091,0.6204407288674209
1786839838.9264765,1756,70.2,3,standing,walking,walking,0,0.0,0.75,0.03419095867555785,0.047321895085266893,0.08485696040877369,0.9101842956270484,1.450046179761384,167.33910954644517,0.0,0.15151515151515152,0.9090909090909091,0.12541875509114261,0,0,0.09090909090909091,0.6283782963356406
1786839838.95723,1757,70.24,3,standing,walking,walking,0,0.0,0.75,0.032013110128267824,0.04263555767527568,0.06839461000896238,0.8931857942032267,1.424780307271634,167.3692507641626,0.0,0.15151515151515152,0.9090909090909091,0.12216206254764352,0,0,0.09090909090909091,0.6375291766881481
