timestamp,frame,track_id,raw_activity,smoothed_activity,confidence,velocity,ankle_motion,torso_angle,knee_angle
1786653814.5600986,1,1,unknown,unknown,0.3,0.0,0.0,3.0335744591957625,38.77454000297597
1786653814.8623285,2,1,walking,walking,1.0,0.9152482837560938,0.44496529928419815,11.783555512820064,106.23575954489186
1786653814.9814649,3,1,walking,walking,1.0,0.45940038114144643,0.22468324349096033,14.924550669192428,128.4703501022054
1786653815.0569706,4,1,walking,walking,1.0,0.307488634953038,0.1525688421801277,16.491103828198323,139.59192983059012
1786653815.0910783,5,1,walking,walking,0.9725740693751508,0.23341777665003619,0.11767905319867807,17.400659508540485,146.26846010979642
1786653815.1363592,6,1,walking,walking,0.7799722919507733,0.1871933500681856,0.09469222266413009,18.02403160976451,150.66389665289097
1786653815.1881247,7,1,walking,walking,0.6714399689669254,0.1611455925520621,0.08273845927614444,18.29348213361883,154.6378671684692
1786653815.222314,8,1,walking,walking,0.6,0.1425346345750793,0.0741334109382478,18.604332482465445,156.92963267472845
1786653815.2562482,9,1,walking,walking,0.6,0.12496812785575902,0.06593951721851786,18.867902971400422,158.76384415071476
1786653815.2909591,10,1,walking,walking,0.6,0.11143172820811892,0.05949160723312183,19.09982706062415,160.21698821789155
1786653815.3366537,11,1,standing,walking,0.75,0.01043153386525891,0.010847159064841107,20.887397982010864,173.65523025671877
1786653815.3718684,12,1,standing,walking,0.75,0.010511078471577775,0.01111756780498378,20.94067854502988,173.53487186994758
1786653815.4340794,13,1,standing,walking,0.75,0.010900132301718431,0.010749920500337497,20.89357344537086,173.5017403754783
1786653815.503464,14,1,standing,walking,0.75,0.010532357533858635,0.00999456837700759,20.78987966832402,173.47772712441028
1786653815.5563266,15,1,idle,standing,0.85,0.010839012611287377,0.011016303918021098,20.73978885017538,173.46897400050275
1786653815.6006627,16,1,idle,standing,0.85,0.008896485471523734,0.009553689089214381,20.646316193901427,173.53333315854286
1786653815.6331427,17,1,idle,standing,0.85,0.005896706737300481,0.008134045563923584,20.72183018405982,173.00676381777492
1786653815.6766756,18,1,idle,standing,0.85,0.00583213958916851,0.008104670291709101,20.723972120400866,173.0200224781716
1786653815.7141051,19,1,idle,idle,0.85,0.005765564995410484,0.008207947540154144,20.65383123864452,172.99601841740028
1786653815.7489283,20,1,idle,idle,0.85,0.005528572094055487,0.008288091375108574,20.57017429376679,172.97270187163252
1786653815.7890542,21,1,idle,idle,0.85,0.005412480915955248,0.00817846312005676,20.510241066108467,172.9837329583965
1786653815.8263612,22,1,idle,idle,0.85,0.006510071027026092,0.00833797958301867,20.290299384746113,173.14761868386813
1786653815.8710277,23,1,idle,idle,0.85,0.011193978615411968,0.008655949869758388,19.694184685618026,173.38638628373226
1786653815.909709,24,1,standing,idle,0.75,0.015147680827102154,0.007998665846977246,18.863384826517397,173.79070987260394
1786653815.9425411,25,1,standing,idle,0.75,0.018833818442660747,0.009235615994574453,17.788268494211714,174.2425571411207
1786653816.0020955,26,1,standing,idle,0.75,0.022220513779347317,0.013673806396195011,16.72434256428673,174.49352866437886
1786653816.0380483,27,1,standing,idle,0.75,0.02536318621039627,0.023428534891793303,15.644133870449636,174.3174622092933
1786653816.0959058,28,1,standing,standing,0.75,0.032192688873840226,0.03175243663252856,14.63632044854479,173.44425880914713
1786653816.1303816,29,1,standing,standing,0.75,0.038034657825852386,0.04405657485560497,13.544574719208251,171.35217831374547
1786653816.2242498,30,1,standing,standing,0.75,0.04120274454085229,0.056129933491201385,12.08916460854119,168.9766021324616
1786653816.2658281,31,1,walking,standing,0.6,0.04955579934671265,0.07300490381304116,10.6514966050713,167.4141732413514
1786653816.3040686,32,1,walking,standing,0.6,0.05729711063386775,0.08121948451264975,9.46873918232533,167.35422628683756
1786653816.345966,33,1,walking,standing,0.6,0.06533572701932783,0.08754386659891505,8.947034682520243,167.1475278326602
1786653816.3932343,34,1,walking,standing,0.6,0.07150892684074128,0.09572704978264898,8.660113589751475,166.06312458184505
1786653816.4660969,35,1,walking,walking,0.6,0.07644192713861547,0.09834418382024158,8.541555003505376,165.22377905208347
1786653816.5082133,36,1,walking,walking,0.6,0.08048982078076551,0.1011328662565534,8.333686147433546,164.02222366563134
1786653816.55924,37,1,walking,walking,0.6,0.07373777840498841,0.09294585092138506,8.069793892842307,163.1798674018449
1786653816.6218445,38,1,walking,walking,0.6077573631665062,0.08468059726812581,0.10939632536997111,7.884797072091092,161.63006620399997
1786653816.6606963,39,1,walking,walking,0.6,0.08176948110706606,0.09744174485006933,7.7807800200127275,161.2858570025402
1786653816.7066526,40,1,walking,walking,0.6,0.07825613159854566,0.09462716344476839,7.4886953058498715,161.47886781522942
1786653816.7451077,41,1,walking,walking,0.6,0.08911947927018654,0.10713484274657177,7.367514541035462,163.21784073791542
1786653816.7867513,42,1,walking,walking,0.619721919098392,0.09291215101659958,0.11154994543771056,7.1906330708234565,163.37819601578298
1786653816.8502922,43,1,walking,walking,0.6,0.08179993635877726,0.1017274468874883,6.7530172560813355,163.59857975064705
1786653816.8843677,44,1,walking,walking,0.6,0.08300960707025842,0.09947653198163128,6.582620642991662,164.41331008905277
1786653816.9424138,45,1,walking,walking,0.6234555414468576,0.09666544185340199,0.11222199746043435,6.661971810362644,163.5083312194698
1786653817.0342739,46,1,walking,walking,0.7339037655364485,0.1108168404847837,0.13210267779656074,6.991422642046362,162.94616973995724
1786653817.068972,47,1,walking,walking,0.6,0.0939683179336559,0.10305409512714515,7.356529379330835,162.38070647404166
1786653817.1022716,48,1,walking,walking,0.7235648967681373,0.1093935092179326,0.13024168141826473,7.77381507108429,163.91326202425338
1786653817.1503932,49,1,walking,walking,0.6468861190904909,0.11268238354619561,0.11643950143628835,8.212317408977551,166.25997992733525
1786653817.203815,50,1,walking,walking,0.6,0.0973521608652676,0.09960197348781527,9.13956959436988,168.26654309632588
1786653817.275095,51,1,walking,walking,0.6,0.0812954823027408,0.08870936948903681,9.879570402091666,167.97182574705997
1786653817.31158,52,1,walking,walking,0.6,0.09699382136052853,0.10494174661454264,10.406115750693301,167.24937215830116
1786653817.347212,53,1,walking,walking,0.6,0.09173059673636769,0.10555607868852523,10.547492222723246,166.3400508751558
1786653817.4244075,54,1,walking,walking,0.6,0.07496501401601269,0.08428077205820879,10.34205894199972,165.34292216929035
1786653817.4700513,55,1,walking,walking,0.6,0.06335492107722543,0.07060027652788271,9.721508808844016,165.95869476652254
1786653817.5038333,56,1,walking,walking,0.6,0.06628603176696501,0.0746266843467314,8.917371265012488,167.27721540159797
1786653817.5356388,57,1,standing,walking,0.75,0.0549831425587037,0.04942901404009823,7.893728948222643,168.87586681286777
1786653817.567169,58,1,standing,walking,0.75,0.04560169624980918,0.049031053515499606,6.6464486422952715,169.86535452947533
1786653817.5985432,59,1,walking,walking,0.6,0.0489145065372328,0.06074482823614327,5.421023053075684,169.48320785540122
1786653817.6690512,60,1,walking,walking,0.6,0.054699225604732726,0.07345831771106037,4.235347620651761,168.81573829245178
1786653817.7229664,61,1,walking,walking,0.6,0.04302072924395765,0.06735971440181553,3.023200441566302,168.066400047125
1786653817.7709548,62,1,walking,walking,0.6,0.0432108850146502,0.06226827917360887,2.0334578767174345,168.20129178680887
1786653817.80598,63,1,walking,walking,0.6,0.04472119429602542,0.06008166497237704,1.5930055197238644,168.83201606713027
1786653817.8492994,64,1,standing,walking,0.75,0.04639971228405938,0.0543367756679122,1.4629986983384347,169.7582021636329
1786653817.8840268,65,1,standing,walking,0.75,0.04475614588568169,0.0516821911025724,1.4924338012603733,170.39027340223674
1786653817.937868,66,1,standing,walking,0.75,0.04162901105498533,0.049651471858389584,1.662561442739905,170.38665520879297
1786653817.9912136,67,1,standing,walking,0.75,0.042031135976856863,0.051154374202299784,2.107876965290638,170.18183324648464
1786653818.0257914,68,1,standing,standing,0.75,0.031239870465607295,0.035990290222739967,2.647697514439205,169.83683391096105
1786653818.115608,69,1,standing,standing,0.75,0.02579165065114911,0.02462336342465135,3.239260927463446,169.92230629622162
1786653818.1503875,70,1,standing,standing,0.75,0.021905049758731573,0.01464817284101032,3.874031175452493,170.35290468344883
1786653818.1848755,71,1,standing,standing,0.75,0.019071750904809434,0.01481691236719553,4.528429063936107,170.69741168972524
1786653818.2376587,72,1,standing,standing,0.75,0.015668690420710375,0.013115943769531825,5.190145527550629,170.76806138232956
1786653818.2755897,73,1,idle,standing,0.85,0.012291818032752151,0.014615842024566157,5.763667441215338,170.44237752486197
1786653818.3259492,74,1,idle,standing,0.85,0.011019926679396401,0.013533122192407331,6.215566125037121,170.02152547463973
1786653818.3655884,75,1,idle,standing,0.85,0.011046637011958257,0.01460587253085658,6.658796060307104,169.58663431373336
1786653818.3982086,76,1,idle,standing,0.85,0.012184855060947122,0.014194833618019506,6.927471635622718,169.1481839042821
1786653818.4331067,77,1,idle,idle,0.85,0.011956878947187811,0.014093165476414198,7.109382835075292,168.83095069820052
1786653818.4849658,78,1,idle,idle,0.85,0.012547002579102346,0.013279539192598035,7.108333655581359,168.48820957038885
1786653818.5240228,79,1,idle,idle,0.85,0.01305837481495258,0.0146533447017165,7.082754300584928,168.54526921016674
1786653818.5618021,80,1,idle,idle,0.85,0.012355179392875903,0.017410865758557163,6.963883016396315,168.74449158505672
1786653818.6008794,81,1,idle,idle,0.85,0.01203024026215336,0.018012494365497515,6.863475588970966,168.9565285064757
1786653818.6510315,82,1,idle,idle,0.85,0.013460908248562532,0.016438316172182426,6.759737778741578,169.14333606770305
1786653818.7466836,83,1,standing,idle,0.75,0.01527244234331521,0.01707984790229581,6.636954032807063,168.7813599670262
1786653818.7838116,84,1,idle,idle,0.85,0.014908603602561514,0.017671801686298606,6.521763088923855,167.9249087166684
1786653818.8217206,85,1,standing,idle,0.75,0.013177777959472798,0.02356724936289206,6.340863998957451,168.20440616581882
1786653818.895201,86,1,standing,idle,0.75,0.012481951598860591,0.022800600427171268,6.222250469825887,168.69775679581034
1786653818.9604342,87,1,standing,idle,0.75,0.011948709274710792,0.022887206269185688,6.096638517105923,168.99547447827257
1786653818.9922163,88,1,standing,standing,0.75,0.013254129769908578,0.023055007948282576,6.0736696775073895,169.60601191159006
1786653819.0234554,89,1,standing,standing,0.75,0.014647608337813391,0.02031838896038534,5.964732418830499,169.9397011525109
1786653819.055187,90,1,idle,standing,0.85,0.012991849446143872,0.01924886318906262,5.937853468594918,170.25836026582687
1786653819.0968468,91,1,idle,standing,0.85,0.011560099871786208,0.018364430292804903,5.824277817562097,170.60209509048926
1786653819.1307406,92,1,idle,standing,0.85,0.011647202467180134,0.01860143526590474,5.61904662616889,170.53545778155564
1786653819.1653478,93,1,idle,standing,0.85,0.012304221789142866,0.016837422894937754,5.310658433743286,171.2289297287975
1786653819.1989841,94,1,idle,idle,0.85,0.012647072651266272,0.010109700591262621,4.908365822793827,172.4284733936809
1786653819.232095,95,1,idle,idle,0.85,0.01334056588083126,0.010444036959872395,4.650373982816587,172.55205520174002
1786653819.2664826,96,1,idle,idle,0.85,0.014482153402857974,0.00958463210195263,4.384114651939754,172.4892943464108
1786653819.3186038,97,1,idle,idle,0.85,0.013365400094301875,0.008092784671316869,4.141762673842871,172.56590805023623
1786653819.353046,98,1,idle,idle,0.85,0.010842390477895475,0.007200992689569126,3.8849829337245994,172.358355611691
1786653819.3898907,99,1,idle,idle,0.85,0.011331569116874506,0.008076987308516796,3.6967521974164868,172.1968824965438
1786653819.4225256,100,1,idle,idle,0.85,0.010768771618226945,0.009138470816603468,3.520793693757535,172.19848015379014
1786653819.4829688,101,1,idle,idle,0.85,0.008620954745358378,0.008617064288754252,3.4196218276512758,172.18314903457204
1786653819.5388749,102,1,idle,idle,0.85,0.007414388286927292,0.008480273312168945,3.367136462353593,172.40250439382382
1786653819.6007068,103,1,idle,idle,0.85,0.008249635719803559,0.010048172266458719,3.3722403073881777,172.50936708989744
1786653819.6480937,104,1,idle,idle,0.85,0.008940137989565541,0.01017719052562878,3.3794555782950253,172.50910382174763
1786653819.6856377,105,1,idle,idle,0.85,0.00823594876448558,0.010919442076328651,3.445337260121957,172.51464209073555
1786653819.7416785,106,1,idle,idle,0.85,0.007800510731918633,0.012076604407283942,3.603569601606991,172.54711701280888
1786653819.996007,107,1,idle,idle,0.85,0.008258001396671148,0.012375954485701023,3.852198347021774,172.60556278081364
1786653820.0423,108,1,idle,idle,0.85,0.007705767687521255,0.012342507651355646,4.102482740125063,172.71533260304486
1786653820.0847397,109,1,idle,idle,0.85,0.007570042463315546,0.01180414243656151,4.347491907489218,172.7887621485467
1786653820.1212995,110,1,idle,idle,0.85,0.007637394400515262,0.011796752357035055,4.547589834880659,172.6327406315801
1786653820.2944853,111,1,idle,idle,0.85,0.007360202500701133,0.012406566031890064,4.760392997319114,172.5525259309054
1786653820.3676236,112,1,idle,idle,0.85,0.006453247002048002,0.011492522099578687,4.895125094817841,172.53301753584955
1786653820.4081953,113,1,idle,idle,0.85,0.005027626722983504,0.01104949540920083,5.093220829242468,172.421890230088
1786653820.4426377,114,1,idle,idle,0.85,0.004380659777846097,0.011808146585412078,5.349258333054213,172.34166834111787
1786653820.485129,115,1,idle,idle,0.85,0.003941823827838709,0.010835824561043544,5.530070394866515,172.37993447474963
1786653820.5180912,116,1,idle,idle,0.85,0.0048499199637204796,0.01250011202039606,5.623469501331845,172.41993241909628
1786653820.5747278,117,1,idle,idle,0.85,0.0059285317510492765,0.013646037969280532,5.648823622160835,172.33676373370594
1786653820.6102872,118,1,idle,idle,0.85,0.006951310188477953,0.0154801176671476,5.630624675895167,172.26064019119138
1786653820.6590004,119,1,idle,idle,0.85,0.007144414138424556,0.01648818007512486,5.614323979356781,172.1869119173148
1786653820.694374,120,1,idle,idle,0.85,0.006822958576110376,0.01625139383646658,5.6665633156965605,172.1720162798963
1786653820.746882,121,1,idle,idle,0.85,0.006488761645322841,0.015635925174454567,5.687354790552365,172.16206322040273
1786653820.850511,122,1,idle,idle,0.85,0.0069465935773167665,0.016244979858919,5.779611909892137,171.93977448519564
1786653820.933464,123,1,idle,idle,0.85,0.007522620429835427,0.01624054951161184,5.77171835412531,171.86556102463095
1786653821.019983,124,1,idle,idle,0.85,0.007843093482385016,0.015601055808355259,5.787265619646607,171.82803719201416
1786653821.053432,125,1,idle,idle,0.85,0.007360297546707934,0.014789353984311422,5.815139189817865,171.69264350161174
1786653821.1195652,126,1,idle,idle,0.85,0.006358372175517888,0.014000839168090754,5.872653467604115,171.7274877882721
1786653821.1548572,127,1,idle,idle,0.85,0.007482296847976058,0.011967235578172667,5.950429299231688,171.79596718950512
1786653821.202217,128,1,idle,idle,0.85,0.008370713607721209,0.011591688960192479,5.8957878309174685,171.9008230978779
1786653821.2350314,129,1,idle,idle,0.85,0.010043034092815255,0.012472348731850168,5.768221177066527,172.04192705496123
1786653821.277011,130,1,idle,idle,0.85,0.011959168743543663,0.013322991922219467,5.502817014986259,172.0246683949009
1786653821.3130512,131,1,idle,idle,0.85,0.013176254788793095,0.013278244811470224,5.350674560502342,172.08078181028458
1786653821.354367,132,1,idle,idle,0.85,0.012960514051743458,0.012924161520279321,5.23325194508204,172.20530124544132
1786653821.4162865,133,1,idle,idle,0.85,0.01278730017867324,0.01452422439962298,5.182919531492299,172.2894435553869
1786653821.4505613,134,1,idle,idle,0.85,0.012309243803685296,0.013897904601295483,5.068609460085372,172.42546125695026
1786653821.496227,135,1,idle,idle,0.85,0.01315969323301182,0.012712965854648052,4.957500969540759,172.59070216974823
1786653821.5382044,136,1,idle,idle,0.85,0.012525766512366782,0.013208032244306243,4.847007951325395,172.61886942809105
1786653821.6422205,137,1,idle,idle,0.85,0.011375563043229377,0.01309923442326487,4.743149786118394,172.65175935494094
1786653821.6838799,138,1,idle,idle,0.85,0.009934466227411924,0.01195838158937163,4.815990200698281,172.57959036639045
1786653821.7156477,139,1,idle,idle,0.85,0.008059290396962586,0.01141347734440038,4.983996265201582,172.54526462241319
1786653821.7463565,140,1,idle,idle,0.85,0.006545300080664527,0.011176189525065805,5.221172522514537,172.53326833637726
1786653821.7767615,141,1,idle,idle,0.85,0.006215308255226892,0.01052711147648502,5.360196096296411,172.4468244429136
1786653821.810557,142,1,idle,idle,0.85,0.00622697982412857,0.00938878586407334,5.45101553781891,172.43048752935482
1786653821.8687532,143,1,idle,idle,0.85,0.005744142297174521,0.009347477820557198,5.525202839505564,172.43735212930696
1786653821.934355,144,1,idle,idle,0.85,0.005100430938414443,0.009645278610175886,5.601559816362767,172.38607640521914
1786653821.98084,145,1,idle,idle,0.85,0.003401304298092915,0.010315523304203801,5.6673004544823,172.29929712398834
1786653822.0276864,146,1,idle,idle,0.85,0.0033700393568899113,0.009276274593984182,5.775003329458221,172.37147468582117
1786653822.1170652,147,1,idle,idle,0.85,0.004431749148667901,0.010571148334658474,5.9250937200618,172.27638365868205
1786653822.1620977,148,1,idle,idle,0.85,0.005539479616167995,0.01012172581474912,6.128124952061787,172.15480182277375
1786653822.1979117,149,1,idle,idle,0.85,0.005116169677442729,0.011334527180054791,6.3395180083034885,171.98563468577865
1786653822.2337563,150,1,idle,idle,0.85,0.0048723675033815195,0.01248090928790026,6.557531236528507,171.83294101359382
1786653822.2726007,151,1,idle,idle,0.85,0.005852373041645844,0.013317479743074623,6.832887789250245,171.76318033920802
1786653822.321008,152,1,idle,idle,0.85,0.006462367204843035,0.013569633291653642,7.0961062063037375,171.63967574690489
1786653822.3664336,153,1,idle,idle,0.85,0.006652903670419828,0.013598116589003874,7.319564520538957,171.43906207084842
1786653822.4101913,154,1,idle,idle,0.85,0.006882578429984973,0.012649065698722586,7.6048109363347525,171.23890232927272
1786653822.4604964,155,1,idle,idle,0.85,0.007466505412359357,0.012376667815281378,7.920176507684933,171.0539724788281
1786653822.5023994,156,1,idle,idle,0.85,0.006518661002939749,0.010770937571087706,8.106260985439619,170.74108436565797
1786653822.5375845,157,1,idle,idle,0.85,0.005671107288690188,0.011411046039665605,8.210279473424787,170.60728025845884
1786653822.5710351,158,1,idle,idle,0.85,0.00698216904372156,0.010862935005836623,8.274224178823228,170.69902408381262
1786653822.6050365,159,1,idle,idle,0.85,0.007372131978345776,0.009997989746860754,8.256228903881723,170.6184344431573
1786653822.6553574,160,1,idle,idle,0.85,0.006982415792882611,0.009153859198591147,8.245723386062851,170.65616786217657
1786653822.6926618,161,1,idle,idle,0.85,0.00644927758480365,0.008754213747178378,8.215777248110816,170.66448176813114
1786653822.737648,162,1,idle,idle,0.85,0.006363379370684438,0.009233753278331551,8.203172510138259,170.86968155826324
1786653822.8372087,163,1,idle,idle,0.85,0.005998423705615365,0.008429088564373103,8.203172510138257,171.02928511504112
1786653822.8946168,164,1,idle,idle,0.85,0.00626593896224149,0.010337422413103854,8.042631540433907,171.2262273166266
1786653822.9406457,165,1,idle,idle,0.85,0.006609838596732383,0.01069494896587163,7.898382946749503,171.36421583164355
1786653822.9882202,166,1,idle,idle,0.85,0.006413797144946022,0.010600999977204281,7.796864720065277,171.60517590454282
1786653823.0204878,167,1,idle,idle,0.85,0.00649910847452058,0.011388342350144073,7.67025761116876,171.7435489278919
1786653823.0623784,168,1,idle,idle,0.85,0.006481463816164484,0.011218553574552807,7.442985064335493,171.83647065955196
1786653823.1039772,169,1,idle,idle,0.85,0.005985380730271187,0.011827115847594603,7.321311773531332,171.9368095706998
1786653823.14054,170,1,idle,idle,0.85,0.006586488389524804,0.012722783471031611,7.149559442314503,172.17677083629616
1786653823.173821,171,1,idle,idle,0.85,0.006399095029373964,0.01215903960710154,6.945718763975738,172.3974591778005
1786653823.2204297,172,1,idle,idle,0.85,0.006765490361421547,0.01227406193831285,6.7252868215613235,172.37157733963429
1786653823.2553554,173,1,idle,idle,0.85,0.006293701891251096,0.010278606104445358,6.506315180877098,172.48798761869799
1786653823.302991,174,1,idle,idle,0.85,0.005830864892080411,0.010197870137866348,6.366922608365529,172.57475704606622
1786653823.3533845,175,1,idle,idle,0.85,0.005626214152450743,0.009918575289679587,6.1820359994036576,172.70543032243788
1786653823.4384053,176,1,idle,idle,0.85,0.004280062959539523,0.009203003641266213,6.049216899659349,172.69513019172484
1786653823.4714475,177,1,idle,idle,0.85,0.0038647072485083803,0.01036219753011893,5.970841354122456,172.84230590843703
1786653823.5057557,178,1,idle,idle,0.85,0.004489089367579807,0.010012891421836732,5.9369828012234045,172.89597707988733
1786653823.539687,179,1,idle,idle,0.85,0.004702851713431103,0.009105403162754766,5.892591968367194,173.0834236697721
1786653823.5722334,180,1,idle,idle,0.85,0.004553481113167224,0.009343812424777258,5.9483028632318575,173.02051975810204
1786653823.6047134,181,1,idle,idle,0.85,0.004480225458648243,0.0097089116587111,6.010770237259351,172.98213594126756
1786653823.642261,182,1,idle,idle,0.85,0.004327440968901069,0.010104394950737726,6.030746497826668,172.96907321267494
1786653823.6751869,183,1,idle,idle,0.85,0.00417687652170723,0.01001818112453478,6.120112610393755,172.92254461817066
1786653823.7121303,184,1,idle,idle,0.85,0.004181224442075568,0.010044105829186611,6.197695331322554,172.98045194852267
1786653823.7667692,185,1,idle,idle,0.85,0.0048586675849073314,0.00992776582957785,6.180907875345947,173.03455652128304
1786653823.817326,186,1,idle,idle,0.85,0.005001834591677885,0.010113499350992336,6.172792612368946,173.11545757442823
1786653823.8658211,187,1,idle,idle,0.85,0.0045649125420609525,0.010281623221342549,6.122930600629193,173.1109414239561
1786653823.8993447,188,1,idle,idle,0.85,0.006026579155346248,0.01137078575451859,6.228267712827387,172.84110207787063
1786653823.9636831,189,1,idle,idle,0.85,0.00749769791365121,0.011379512906544867,6.3492142543982215,172.74749819930696
1786653823.998795,190,1,idle,idle,0.85,0.008077167544170094,0.012260543534266026,6.500716742733047,172.94024093992033
1786653824.0332086,191,1,idle,idle,0.85,0.010898885945086,0.013718756172618344,6.5691313263629025,173.12011269881893
1786653824.0902429,192,1,idle,idle,0.85,0.011736246360987483,0.01616476199701377,6.71393309725738,173.21503281487452
1786653824.1214466,193,1,idle,idle,0.85,0.012112030863799904,0.01603816766700223,6.826351146345227,173.2563307150678
1786653824.1613398,194,1,idle,idle,0.85,0.01242187014312358,0.016538749375179185,7.001639644085858,173.14357254080022
1786653824.1986063,195,1,idle,idle,0.85,0.01288318829037214,0.01651419824578154,7.311102359469771,173.01070277828074
1786653824.2325642,196,1,idle,idle,0.85,0.013081799092589505,0.01592209340938515,7.599463017977618,172.95173599827902
1786653824.2670977,197,1,idle,idle,0.85,0.011007021572025742,0.014792312435693187,7.926776953978302,172.8360238380733
1786653824.3192394,198,1,idle,idle,0.85,0.009960680406692193,0.016025531668348546,8.156522009034731,173.02269562482525
1786653824.386528,199,1,idle,idle,0.85,0.00980203186630078,0.016055402179250985,8.356098030654465,173.14810362469552
1786653824.4192333,200,1,idle,idle,0.85,0.007433316706426453,0.014688937735990802,8.500252224517627,172.93274381513226
1786653824.4937985,201,1,idle,idle,0.85,0.006654454476499724,0.012504033216882541,8.734225098663162,172.5756107073088
1786653824.6012008,202,1,idle,idle,0.85,0.006714726066413123,0.01202920558676545,8.9275897305253,172.48461182693526
1786653824.634784,203,1,idle,idle,0.85,0.00567494575235994,0.01075820899896863,9.112095010823737,172.41749417555343
1786653824.6921113,204,1,idle,idle,0.85,0.0057602132937284055,0.00984878143880506,9.283078843938569,172.3811245299655
1786653824.7375689,205,1,idle,idle,0.85,0.005807764635804084,0.010415011553278982,9.367908516305121,172.34087334584203
1786653824.8162777,206,1,idle,idle,0.85,0.0061088478346796,0.01098077306612858,9.434602402621163,172.27128073985253
1786653824.8725042,207,1,idle,idle,0.85,0.005684738899979609,0.009250768346841107,9.461576215011252,172.26187512186948
1786653824.9176285,208,1,idle,idle,0.85,0.004889271674900642,0.007933552708346774,9.48461639424094,172.2297142731775
1786653824.9708214,209,1,idle,idle,0.85,0.004368255305235144,0.007929302834868035,9.487575229662285,172.05505043491567
1786653825.0059536,210,1,idle,idle,0.85,0.004721825531587322,0.008016031300832808,9.47856300879744,172.0094015696384
1786653825.10948,211,1,idle,idle,0.85,0.00431176856220897,0.009579758169133985,9.450257859355322,172.21846951886477
1786653825.1440809,212,1,idle,idle,0.85,0.0046992411460147305,0.010165319385961966,9.398899694350549,172.19012224812346
1786653825.1778147,213,1,idle,idle,0.85,0.0048481705663530805,0.009670670169720898,9.311675480091802,172.20268241164624
1786653825.2432938,214,1,idle,idle,0.85,0.004283675520675044,0.009679510808933537,9.20947583904506,172.23908619591788
1786653825.2758722,215,1,idle,idle,0.85,0.003961832174755951,0.008552968739136892,9.145755636394385,172.39594364433225
1786653825.3065941,216,1,idle,idle,0.85,0.004083005033694048,0.008967099024112279,9.07837361994566,172.44836918052198
1786653825.341385,217,1,idle,idle,0.85,0.004825909620045602,0.00943980529901693,9.012806837828343,172.51329217227308
1786653825.3817186,218,1,idle,idle,0.85,0.005598604343050525,0.009327387990415615,8.965212274340505,172.62375048089024
1786653825.4397426,219,1,idle,idle,0.85,0.0054487330011894946,0.008637718115053166,8.893948289692911,172.77416229218665
1786653825.4792378,220,1,idle,idle,0.85,0.00530947401933395,0.007383213194144012,8.816844720599438,172.8742624602322
1786653825.5119414,221,1,idle,idle,0.85,0.005437742036517409,0.006227127823058361,8.731359182265772,172.78154684126082
1786653825.6675568,222,1,idle,idle,0.85,0.00473231160756231,0.00542941058419141,8.744135716586046,172.91533468219777
1786653825.7160935,223,1,idle,idle,0.85,0.004589609678756946,0.004842159391009236,8.755776901247836,172.8875222486673
1786653825.7493422,224,1,idle,idle,0.85,0.004667013795956662,0.005801231514394201,8.756337882099942,172.85623798272775
1786653825.7901454,225,1,idle,idle,0.85,0.006078097016272321,0.006858708553766934,8.6059293340519,172.86355226037165
1786653825.8570824,226,1,idle,idle,0.85,0.005698283653150113,0.006507117648652786,8.403031013215477,173.01171038956338
1786653825.913773,227,1,idle,idle,0.85,0.004917114143936367,0.006309395879807316,8.227390406390356,173.16332779414284
1786653825.948289,228,1,idle,idle,0.85,0.005559598153255711,0.006712140413525542,7.9475516008520914,173.12905858437858
1786653826.0003257,229,1,idle,idle,0.85,0.006030690439849668,0.0071535686270732795,7.681501898308644,173.017649684515
1786653826.0425074,230,1,idle,idle,0.85,0.0057704082631384115,0.007942957957635421,7.428066052622819,172.97709853836528
1786653826.0898519,231,1,idle,idle,0.85,0.006583117633431514,0.008949059603857168,7.133288877959851,172.89104470596902
1786653826.1388187,232,1,idle,idle,0.85,0.006533741273434041,0.009383305587378299,6.812666728162957,172.7454050168031
1786653826.1827724,233,1,idle,idle,0.85,0.007209080417323048,0.008314525076463498,6.500457098904628,172.87345284789666
1786653826.2179797,234,1,idle,idle,0.85,0.005779323418959802,0.007251760094073043,6.267171286935717,173.01021996055442
1786653826.2566416,235,1,idle,idle,0.85,0.0058329012780462715,0.00702361209913644,6.166453425816403,173.0576942346764
1786653826.3035214,236,1,idle,idle,0.85,0.006167760574394069,0.00744565553604554,6.2434926408960045,172.8701623970216
1786653826.3383017,237,1,idle,idle,0.85,0.007053038894293182,0.008930922470302862,6.460408006479824,172.24364753425675
1786653826.3747551,238,1,idle,idle,0.85,0.011127793048281043,0.012137430178737488,6.952132305824338,171.56216763503164
1786653826.4071252,239,1,standing,idle,0.75,0.015336984362472553,0.02004012360193968,7.264279397692528,171.75035829911084
1786653826.4804788,240,1,standing,idle,0.75,0.020075659298094586,0.02411128496228425,7.381069321506979,171.91672624890109
1786653826.5314531,241,1,standing,idle,0.75,0.028042473377917605,0.02679555802962208,7.345295627558019,172.0588857046169
1786653826.5792544,242,1,standing,idle,0.75,0.02739653734951947,0.027366067315107528,7.26639207799254,172.12582351412524
1786653826.620886,243,1,standing,standing,0.75,0.04752595980277188,0.02984199309087178,6.833306412672178,171.7599001111527
1786653826.6544254,244,1,standing,standing,0.75,0.047374378300085174,0.030264260129370932,6.342620511744466,171.34264421427707
1786653826.7055259,245,1,standing,standing,0.75,0.066345475274085,0.04894171595984584,5.818850517443283,169.82241903017845
1786653826.7521763,246,1,standing,standing,0.75,0.06460401084517946,0.04760484032233416,5.214359487012551,168.45306161334193
1786653826.8164816,247,1,walking,standing,0.6,0.07188937060989536,0.07432185121639713,4.557705060495858,166.93866137454856
1786653826.8532798,248,1,walking,standing,0.6,0.07947174003952198,0.0827699088555135,3.661026577144105,167.13612475986483
1786653826.9064121,249,1,walking,standing,0.6,0.07389855047903188,0.07797791062554055,2.9585790605039604,166.60821769974768
1786653826.942026,250,1,walking,standing,0.6,0.08608189989512928,0.09648673776322446,2.523486039633299,166.37261419577462
1786653827.004263,251,1,walking,walking,0.6,0.10032302695180934,0.1037070080436063,2.381576717407929,165.47951501317266
1786653827.0405195,252,1,walking,walking,0.6,0.09706275931306206,0.1068945962512271,2.3818144627253353,163.90655598452093
1786653827.0772662,253,1,walking,walking,0.6704509118062703,0.1141316270742082,0.12068116412512864,2.8570938823045364,162.09517949142077
1786653827.1160953,254,1,walking,walking,0.6534727165475567,0.10728869250311275,0.1176250889785602,3.466708817921704,160.46593151315588
1786653827.1697807,255,1,walking,walking,0.7310799337956532,0.12219981828304244,0.13159438808321758,3.970377589733739,160.83548849957614
1786653827.215737,256,1,walking,walking,0.6738833233274154,0.12028765176116751,0.12129899819893475,4.165423702162988,161.39602586534141
1786653827.2502148,257,1,walking,walking,0.6,0.10834845586310674,0.10433610755957926,4.240861603730342,162.47104088697077
1786653827.293475,258,1,walking,walking,0.6484622277637433,0.1313348415589077,0.11672320099747378,4.621601482967699,161.1579834104611
1786653827.3415382,259,1,walking,walking,0.6,0.11212199723511322,0.09687691263032142,4.818160638370411,159.84323788182868
1786653827.3889847,260,1,walking,walking,0.6,0.10997630425920055,0.1043441617455546,4.815137585627177,158.42068338856433
1786653827.438569,261,1,walking,walking,0.7004414138520376,0.1262721090296039,0.12607945449336677,4.865649400723539,157.77403597188064
1786653827.4853406,262,1,walking,walking,0.6531713529307656,0.11648519051605517,0.1175708435275378,4.995298265269307,157.93651063550266
1786653827.5192008,263,1,walking,walking,0.6,0.10378788923261098,0.10149161666848922,4.979987446768067,158.66290032616757
1786653827.6978726,264,1,walking,walking,0.6,0.10035677023978273,0.09663631877424533,5.1244200591852245,159.57785504940767
1786653827.7477205,265,1,walking,walking,0.6,0.10363215401466334,0.08957252353690566,5.632984390251417,160.15847730259443
1786653827.7898297,266,1,walking,walking,0.6,0.1038251751241771,0.09005922486142905,6.428512606973618,160.4721117957142
1786653827.8222733,267,1,walking,walking,0.6,0.08101328230771485,0.08451273770448041,7.473345068369132,161.19704126382925
1786653827.8574033,268,1,walking,walking,0.6,0.08241892135506275,0.08618525184935973,8.219111829783992,162.84145532272697
1786653827.892509,269,1,walking,walking,0.6,0.07165348353090424,0.07467539235921028,8.967801311882942,164.17459105377688
1786653827.9303973,270,1,standing,walking,0.75,0.048526959417521394,0.04835658415232189,9.466662353484999,165.5387245106686
1786653828.0206196,271,1,standing,walking,0.75,0.041187468226488645,0.043241206388810655,9.819061043724664,166.91038939766224
1786653828.063894,272,1,standing,walking,0.75,0.04925531920868576,0.0446085579507446,9.867830231824698,168.19657940028637
1786653828.1042483,273,1,standing,walking,0.75,0.05426151133700999,0.03976302356482479,9.667783493188951,168.54060913859027
1786653828.1548216,274,1,standing,standing,0.75,0.041551958680130494,0.026885912758894924,9.166812662810196,168.60145777784544
1786653828.1920574,275,1,standing,standing,0.75,0.047070776171006745,0.03252051667146602,8.504445683435724,168.40768267292566
1786653828.2368386,276,1,standing,standing,0.75,0.05905311002766102,0.051457886143860564,7.784709146624519,168.92839784940207
1786653828.281893,277,1,standing,standing,0.75,0.05698223446688592,0.04857407836125929,6.829045002000629,169.14435610249777
1786653828.4420457,278,1,walking,standing,0.6,0.057562727338521684,0.06075477232640577,5.844648323177136,169.65021989035228
1786653828.5219216,279,1,walking,standing,0.6,0.059846298462918175,0.07650769792596283,5.235255323615815,170.42938338540264
1786653828.5715718,280,1,walking,standing,0.6,0.07571054522304564,0.08553223045918928,5.297297660386503,170.64696399297503
1786653828.6087027,281,1,walking,standing,0.6,0.0678691608562106,0.08456259709093948,5.382070759675505,170.85849398213642
1786653828.6433024,282,1,walking,walking,0.6,0.059656380143407496,0.09134986546154812,5.622871306163708,169.91845684633452
1786653828.6803484,283,1,walking,walking,0.7015723506292665,0.08007900994527119,0.12628302311326794,5.874129892313821,170.52679654511712
1786653828.7163367,284,1,walking,walking,0.6692564638220281,0.07452508810042185,0.12046616348796503,6.148747970483731,171.10634948103043
1786653828.8086812,285,1,walking,walking,0.6500040554865484,0.09321265120186438,0.1170007299875787,5.890676789603717,171.32066314387927
1786653828.8694558,286,1,walking,walking,0.6506750092577221,0.0931644855256241,0.11712150166638999,5.710161937735588,170.92109081774714
1786653828.902115,287,1,walking,walking,0.6157652908677167,0.10578593973171792,0.110837752356189,5.515004189076294,169.85990791434455
1786653828.9375632,288,1,walking,walking,0.6483256556251347,0.13274840136442662,0.11669861801252424,5.3879764184677255,167.83273668501425
1786653828.9939125,289,1,walking,walking,0.6061862485587065,0.11718645423721166,0.10911352474056717,5.074022185685214,165.62469898548215
1786653829.041297,290,1,walking,walking,0.6997420310569166,0.13250431246593394,0.12595356559024498,4.4288199259828485,162.68455046295708
1786653829.088141,291,1,walking,walking,0.8928509604787421,0.1527581840526932,0.1607131728861736,3.7536380296808027,161.4388813375859
1786653829.1243434,292,1,walking,walking,0.7012816939360974,0.13203703374227505,0.12623070490849753,2.9894492399082306,161.2682695533379
1786653829.1691217,293,1,walking,walking,0.8437242069110211,0.14859804323122472,0.1518703572439838,2.3937184064807253,161.07623654602742
1786653829.2178826,294,1,walking,walking,0.8224776947496603,0.15340004300218688,0.14804598505493885,2.0481195214690024,160.17271479058024
1786653829.256786,295,1,walking,walking,0.8822124412530737,0.1701570400376035,0.15879823942555327,2.146400092354251,159.73942583917207
1786653829.294514,296,1,walking,walking,1.0,0.17808894736085845,0.19129982632771014,1.9907849599178118,159.38586167217727
1786653829.345593,297,1,walking,walking,0.9376684964961944,0.1390043176473943,0.168780329369315,1.868832287508668,159.59772352745756
1786653829.3946824,298,1,walking,walking,1.0,0.164410290461055,0.18609554382628293,2.007753367842079,160.1763483740494
1786653829.4529047,299,1,walking,walking,0.9386548246146028,0.1489489602396578,0.1689578684306285,2.126908782858158,160.80966592534466
1786653829.5912676,300,1,walking,walking,0.7908337860429286,0.13588103188312084,0.14235008148772715,2.2680097378944497,162.26499688557914
1786653829.631927,301,1,walking,walking,0.9019012791197013,0.15055412978436528,0.16234223024154623,2.4285042645429944,162.73317331003494
1786653829.6813731,302,1,walking,walking,0.8356978492632355,0.1478907039624845,0.1504256128673824,3.068622294887214,163.19693492940573
1786653829.71783,303,1,walking,walking,0.7729061939242375,0.13236044537425834,0.13912311490636275,3.7671815538187965,162.85552130549368
1786653829.811902,304,1,walking,walking,0.7305269711385183,0.13234695979906735,0.13149485480493328,4.2026315912712855,162.4687949890308
1786653829.864687,305,1,walking,walking,0.6,0.1334654324962164,0.10300827876053853,4.931403847926789,161.17877708974078
1786653829.8974636,306,1,walking,walking,0.6,0.13714806121161333,0.10799428858850009,6.135176100101436,160.45414822229458
1786653829.9383392,307,1,walking,walking,0.6,0.11498150486397726,0.0950888046175915,7.4986388937468815,161.52757280152773
1786653829.9716518,308,1,walking,walking,0.6,0.11505696354025043,0.09553634045506731,8.596290074960233,163.0581423173311
1786653830.0305338,309,1,walking,walking,0.6,0.10266766571708494,0.08530985091252777,9.98142039477816,164.24809867333175
1786653830.0711756,310,1,walking,walking,0.6,0.08844202912776784,0.06547426287226371,11.366252509631634,165.7240942489517
1786653830.1219559,311,1,walking,walking,0.6,0.08857841414353546,0.05399865999975231,12.403955378162747,166.73648157368712
1786653830.1542459,312,1,walking,walking,0.6,0.08038262627752712,0.04987843886102847,12.712586328686843,167.82855935293634
1786653830.2038224,313,1,standing,walking,0.75,0.0720273134194664,0.04707595919754481,12.855335155139207,168.7909328617578
1786653830.2589345,314,1,standing,walking,0.75,0.05782525769726727,0.0405276912734316,12.812464154786593,170.41433410911446
1786653830.3110676,315,1,standing,walking,0.75,0.05385159466958908,0.035016014383768106,12.51914966178031,172.42090304953103
1786653830.364383,316,1,standing,walking,0.75,0.06713868587612279,0.0582980271851985,12.05137641590937,173.72086305595118
1786653830.4084115,317,1,standing,standing,0.75,0.06702657838171451,0.05824848395568397,11.41022555945418,173.2541684515981
1786653830.4600646,318,1,walking,standing,0.6,0.08370198522155069,0.08998482571783456,10.590275674937512,172.7217850742006
1786653830.517477,319,1,walking,standing,0.6,0.08394172845191242,0.09145511582770079,9.452375841625653,172.65336229743636
1786653830.5621462,320,1,walking,standing,0.6,0.09414170784077075,0.10763609939542189,8.466641913479965,171.9205856736716
1786653830.599179,321,1,walking,standing,0.6115037486653586,0.09323623940097203,0.11007067475976455,7.6521000742952525,169.45720277907787
1786653830.6778603,322,1,walking,walking,0.6728186821934611,0.0969366073381546,0.121107362794823,7.030933893879295,165.10892245511448
1786653830.7234757,323,1,walking,walking,0.7135427789707025,0.09990681967144563,0.12843770021472645,6.387132025913068,161.73387315071517
1786653830.75993,324,1,walking,walking,0.7980313559528233,0.1115724888170202,0.14364564407150818,5.697488180490775,159.87854040227563
1786653830.8121877,325,1,walking,walking,0.7691397810687831,0.1099184809450154,0.13844516059238096,5.193723104389958,159.42635693056042
1786653830.8498623,326,1,walking,walking,0.927958570759253,0.12192227558946274,0.16703254273666554,4.456751991023286,158.9846776515845
1786653830.90648,327,1,walking,walking,0.7440203427476418,0.11804387557472758,0.13392366169457554,3.6645788800526247,158.77384786905154
1786653830.9656093,328,1,walking,walking,0.8069420155450122,0.13253509872488234,0.1452495627981022,3.0848486236176753,158.08460156654232
1786653830.9991865,329,1,walking,walking,0.7383141608348623,0.12032262668053696,0.13289654895027522,2.531721928736745,156.5979843006348
1786653831.0370846,330,1,walking,walking,0.7085759161235828,0.10954590699400951,0.1275436649022449,1.8383897820163129,155.74715719094917
1786653831.0894413,331,1,walking,walking,0.8796065574898941,0.12574667461951558,0.15832918034818094,1.465258008063131,155.04204345645198
1786653831.151806,332,1,walking,walking,0.8909135080331266,0.12179368674277599,0.1603644314459628,0.9849854120248072,156.69632704151746
1786653831.1961746,333,1,walking,walking,0.8892391785027826,0.1206936432013027,0.16006305213050084,0.7894486925909298,158.16127262373948
1786653831.2419636,334,1,walking,walking,0.8493587683556368,0.11749484377096531,0.1528845783040146,0.833647949373915,159.31462004179602
1786653831.2843857,335,1,walking,walking,0.7589123547432498,0.11553152559280387,0.13660422385378496,1.067907879428624,159.49770098119035
1786653831.3383949,336,1,walking,walking,0.7495308617069553,0.1153903276561715,0.13491555510725195,1.4601582020529533,159.49159566438917
1786653831.3861036,337,1,walking,walking,0.709811214938397,0.11810875310744397,0.12776601868891146,1.9230673566501277,158.9626949534017
1786653831.421143,338,1,walking,walking,0.7330361287372518,0.12477330124668908,0.13194650317270532,2.2545043959211286,158.45266036375136
1786653831.4841914,339,1,walking,walking,0.8149668187626119,0.13661788315343218,0.14669402737727014,2.71576664737591,157.95443537753744
1786653831.5342567,340,1,walking,walking,0.6612657258473501,0.1194547121482612,0.11902783065252301,3.3853926626981967,157.6773190759831
1786653831.5923986,341,1,walking,walking,0.6496728391874848,0.12461004366092128,0.11694111105374724,3.7831675360401866,159.91014981456047
1786653831.631185,342,1,walking,walking,0.6610580001372595,0.12026318214308789,0.1189904400247067,4.396368997094076,161.91276100229976
1786653831.686068,343,1,walking,walking,0.6080945246347896,0.11354466938896403,0.10945701443426213,5.06153464232942,163.0189158820019
1786653831.7202926,344,1,walking,walking,0.6,0.10825122902881114,0.10049796053385056,5.693677405774271,163.1410644976682
1786653831.8235648,345,1,walking,walking,0.6,0.1008632526129803,0.09976325926085053,6.2200255571376974,162.87002563926694
1786653832.040152,346,1,walking,walking,0.6,0.09156081391238355,0.09957013085815584,6.482445961426801,162.53278088500383
1786653832.0876813,347,1,walking,walking,0.6,0.08332819795644124,0.09449672771713585,6.775601130170637,162.08732633109173
1786653832.132267,348,1,walking,walking,0.6,0.08230648355198368,0.08672392424387683,7.028586676213996,162.35724958882037
1786653832.1725264,349,1,walking,walking,0.6,0.07665590540914798,0.07836243877312579,7.28109785329449,163.17005040726815
1786653832.2112484,350,1,walking,walking,0.6,0.06819541836786161,0.07228788129176739,7.374959309067864,163.38744071230423
1786653832.2642667,351,1,walking,walking,0.6,0.06705591370249774,0.07088312777382334,7.7177897559254705,163.04095329988309
1786653832.3282003,352,1,walking,walking,0.6,0.06252515706271505,0.07374388421187593,8.13889353555878,163.00494572341512
1786653832.3700056,353,1,walking,walking,0.6,0.062149866418622385,0.07188084405266813,8.396248015907961,164.0689328005494
1786653832.4099357,354,1,walking,walking,0.6,0.05922876078910565,0.06730225262296569,8.591875608767998,165.0703528053048
1786653832.4552622,355,1,walking,walking,0.6,0.05875595530702787,0.061885593153797304,8.289804898453966,165.98781954417763
1786653832.520914,356,1,standing,walking,0.75,0.048079295914801624,0.056425403582663236,8.262167064600844,167.1885188646417
1786653832.5652547,357,1,standing,walking,0.75,0.05337420569343734,0.05059320303786194,8.064692212894942,168.15884856389263
1786653832.6313653,358,1,standing,walking,0.75,0.0583606392969087,0.048863875827651754,7.88277865281661,168.7693275026018
1786653832.6717894,359,1,standing,walking,0.75,0.05308137515755885,0.04089772975656187,7.600340138686677,169.61049977233924
1786653832.7053268,360,1,standing,standing,0.75,0.060176676920037746,0.04067705326980968,7.11788200460713,171.05588945102403
1786653832.7377205,361,1,standing,standing,0.75,0.06414884107772285,0.046952362082428686,6.54014477351235,172.44620661906288
1786653832.7715595,362,1,standing,standing,0.75,0.06532937782316024,0.05367575889618943,5.917259541393734,173.4442761603738
1786653832.8529575,363,1,walking,standing,0.6,0.06540988192141006,0.06169049361880294,5.574214276705009,173.5783638305657
1786653832.9123292,364,1,walking,standing,0.6,0.06271003682530736,0.06333035107160444,5.437637446702855,173.49686311729477
1786653832.9490156,365,1,walking,standing,0.6,0.06806899500260213,0.07662196400983298,5.466692005774068,172.57493931614408
1786653832.9915333,366,1,walking,standing,0.6,0.05827746177211088,0.08357451940162625,5.439054209050191,170.92017987558629
1786653833.0443096,367,1,walking,walking,0.6,0.05552926187610165,0.09626030590101414,5.658097965883633,170.5838754808223
1786653833.1291444,368,1,walking,walking,0.6247729789016049,0.06449993374798021,0.11245913620228887,5.962524003169262,171.04031283933014
1786653833.1725512,369,1,walking,walking,0.6,0.05217865144015574,0.0977214685144287,6.235186793561704,171.45915413989619
1786653833.2097569,370,1,walking,walking,0.6,0.0594459201992662,0.09173017413122023,6.452157368513525,172.09712640564268
1786653833.2640107,371,1,walking,walking,0.6,0.08569112562394793,0.09621329380112263,6.381949860957763,170.78565285570411
1786653833.3003938,372,1,walking,walking,0.6,0.0969610670616205,0.09129903872613016,6.295931783398197,168.29205166428903
1786653833.477323,373,1,walking,walking,0.6,0.10447094428355257,0.10155834582712654,5.821604083766775,165.82450208147367
1786653833.5111718,374,1,walking,walking,0.6367971984917383,0.11211844222450619,0.1146234957285129,5.137947764930161,163.34065035200737
1786653833.5604193,375,1,walking,walking,0.6676417522065216,0.11804930111640492,0.12017551539717387,4.573681631705757,162.0115909155756
1786653833.5984719,376,1,walking,walking,0.6833767112230399,0.12039432474467605,0.12300780802014716,3.9796298191809667,162.6430695759877
1786653833.6387157,377,1,walking,walking,0.7283283152698322,0.12635331112865836,0.1310990967485698,3.2814776994909876,163.58332863486012
1786653833.6837318,378,1,walking,walking,0.7237903692486922,0.12633593525825973,0.1302822664647646,2.6323355854566772,163.77813264545443
1786653833.727015,379,1,walking,walking,0.7900195419663256,0.15571629952986418,0.14220351755393862,2.0273854283571984,162.4522877440798
1786653833.7738578,380,1,walking,walking,0.7527920664430051,0.14188038229312772,0.13550257195974091,1.7739662514208974,160.54481645928598
1786653833.8081567,381,1,walking,walking,0.7327939073958984,0.12509276789577373,0.13190290333126173,1.7992668257850635,159.80211000717543
1786653833.8808572,382,1,walking,walking,0.87857200289959,0.14410674686616004,0.1581429605219262,1.4709976527610311,159.9155364415466
1786653833.9164577,383,1,walking,walking,0.8366122589154102,0.14218526931645953,0.15059020660477385,1.5915519446717294,161.74132890674156
1786653833.9555142,384,1,walking,walking,0.7636041170400549,0.12951622203554342,0.1374487410672099,1.8116168119629048,163.9077829091233
1786653833.9881244,385,1,walking,walking,0.7808268383788182,0.13039356326975746,0.14054883090818726,1.6743793593286456,164.7162043277223
1786653834.0214036,386,1,walking,walking,0.8366855754052377,0.13924632206369147,0.15060340357294277,1.8555401054115521,164.95348529987479
1786653834.0548363,387,1,walking,walking,0.8925463516642461,0.1546464587371659,0.1606583432995643,2.2048681978719125,164.18106881434707
1786653834.1476724,388,1,walking,walking,0.8021611127158512,0.12830244295237472,0.1443890002888532,2.737628730067472,163.29819901348787
1786653834.1833541,389,1,walking,walking,0.7722114846670397,0.11065248786412743,0.13899806724006714,3.2314550825609865,163.91498167496277
1786653834.2229302,390,1,walking,walking,0.8039384965286422,0.1277186552017208,0.1447089293751556,3.697465526412894,163.8310552237529
1786653834.2697203,391,1,walking,walking,0.6407630832340506,0.11406017033861479,0.11533735498212912,4.715199504105644,164.52904342306323
1786653834.3336887,392,1,walking,walking,0.6,0.10307365820981262,0.09690533261517377,6.022071058611042,165.55897954580337
1786653834.379255,393,1,walking,walking,0.6,0.10902130693909468,0.10514779537167376,7.343805973007797,166.02095460449016
1786653834.4258053,394,1,walking,walking,0.6,0.09950037101434757,0.08627184925963727,8.846140071341035,165.91901849027607
1786653834.4612842,395,1,walking,walking,0.6,0.08139332779456884,0.059551753984036324,10.566463852795573,166.77393098999835
1786653834.5380566,396,1,standing,walking,0.75,0.06996850225401292,0.05204552667000409,11.85539170884668,167.33805067954103
1786653834.645185,397,1,standing,walking,0.75,0.0645790693320353,0.04637729471391851,12.798916870667705,167.81983419888218
1786653834.7041192,398,1,standing,walking,0.75,0.06457920292622683,0.045609804800999576,13.609630210427767,168.44328526798034
1786653834.7480643,399,1,standing,walking,0.75,0.05729670371991047,0.04014126646844427,14.257560575175077,169.27909334396887
1786653834.784297,400,1,standing,standing,0.75,0.052857140336504925,0.0325797707534198,14.592384059040066,170.59979575236264
1786653834.8333964,401,1,standing,standing,0.75,0.0720059225016274,0.048828976665044155,14.090066324226044,171.1978161205068
1786653834.870877,402,1,standing,standing,0.75,0.07580371627446822,0.05508590262881721,13.38669066425848,171.2207931245405
1786653834.9102094,403,1,walking,standing,0.6,0.08361951493040391,0.07089377451237382,12.564776875045814,170.79387329896602
1786653834.9910731,404,1,walking,standing,0.6,0.0778953698289307,0.06336063895539817,11.562578673385307,170.7819573909018
1786653835.0587683,405,1,walking,standing,0.6,0.09775575302043077,0.09381764281465235,10.511520181373106,171.48493034068937
1786653835.0944593,406,1,walking,standing,0.6,0.0994562022213545,0.09589678144183508,9.5810007307206,171.21851958035717
1786653835.1390574,407,1,walking,walking,0.6,0.09960920046176709,0.09599731455075886,8.76436760143881,170.92487200523567
1786653835.1853359,408,1,walking,walking,0.6,0.09938130292148978,0.10192021398506507,7.86257798703536,169.24827761272527
1786653835.2198825,409,1,walking,walking,0.6710205922939835,0.1064062833889565,0.12078370661291703,6.895386841564957,166.8158891279878
1786653835.2590895,410,1,walking,walking,0.6,0.08754501624411805,0.1049890162312624,6.1048118678728205,164.58649158276882
1786653835.4248397,411,1,walking,walking,0.6970828008371476,0.09972824868308387,0.12547490415068654,5.3965305445444764,163.73924500950085
1786653835.4711037,412,1,walking,walking,0.676786070916453,0.10256506036794136,0.12182149276496156,4.9306794603687525,163.70787729391276
1786653835.5034077,413,1,walking,walking,0.7543539956969796,0.11281112611775762,0.13578371922545632,4.33340790144244,163.8366148376691
1786653835.6014032,414,1,walking,walking,0.6,0.0889189054424954,0.10365123437701089,3.7070503259307492,163.94157143828474
1786653835.6364532,415,1,walking,walking,0.6,0.09569132713822934,0.10690661604307532,3.0229127066163506,162.91633556947596
1786653835.6730127,416,1,walking,walking,0.6,0.09521471020056,0.10687764938925631,2.430415471167588,162.35082949435014
1786653835.7554424,417,1,walking,walking,0.6296090710442969,0.10789068592419458,0.11332963278797342,1.8925846932529222,159.56946765635692
1786653835.7927797,418,1,walking,walking,0.6,0.08714821058889684,0.09276146188649098,1.4385420322987306,158.0472275706122
1786653835.8359342,419,1,walking,walking,0.6930253610475848,0.1047618525649185,0.12474456498856526,1.1768993412899835,158.1356975968652
1786653835.8729043,420,1,walking,walking,0.6,0.0928596931684705,0.10018780596945921,0.980053224242955,159.24314383923524
1786653835.9263945,421,1,walking,walking,0.6,0.08849221598004917,0.09823769354452155,1.073018645647749,160.15479549385503
1786653835.9779277,422,1,walking,walking,0.6,0.07823082415981454,0.08391996982062461,1.1374718625996119,160.66502955595425
1786653836.039133,423,1,walking,walking,0.6,0.09266106431013939,0.08814378940961753,1.4999195350580332,160.1952129737542
1786653836.1050975,424,1,walking,walking,0.6,0.08464769583019496,0.08462476951763569,1.6899527556746965,159.47564905285293
1786653836.1441307,425,1,walking,walking,0.6,0.0851434835833079,0.08492311089226938,2.075590913102349,159.35324587275954
1786653836.188481,426,1,walking,walking,0.6,0.08151231222781308,0.09069963743317966,2.7996051401248803,158.70174100897015
1786653836.236837,427,1,walking,walking,0.6,0.0868357838862327,0.09584889416508607,3.5904808364253653,160.3824248958717
1786653836.2878914,428,1,walking,walking,0.6,0.06901484942228046,0.06346433530079393,4.324865193751412,162.17935439464304
1786653836.3274992,429,1,standing,walking,0.75,0.06436906154124362,0.05570046985258132,5.126605485266554,163.1995124088126
1786653836.385094,430,1,standing,walking,0.75,0.06170438711793205,0.047777481953740354,5.796154490762706,163.83913454071708
1786653836.431625,431,1,standing,walking,0.75,0.06458727554197491,0.05002900095969037,6.136809547585135,163.4960643945463
1786653836.475874,432,1,standing,walking,0.75,0.05062005928584852,0.045352770458017916,6.506173242485201,163.14115951701712
1786653836.5070508,433,1,standing,standing,0.75,0.04366907752403147,0.04719260236409106,6.546903544009299,163.54459392813962
1786653836.5760803,434,1,standing,standing,0.75,0.04644748775146012,0.05171007748717035,6.993143883918707,164.64298471573153
1786653836.6242008,435,1,standing,standing,0.75,0.035407665957741336,0.04943515287647606,7.340032017118484,165.88076828435177
1786653836.6647522,436,1,standing,standing,0.75,0.02979974314327886,0.04426091119199225,7.340071268830092,167.82212268410726
1786653836.6993,437,1,standing,standing,0.75,0.03459073598690876,0.055760207257396756,7.40728832998461,169.6821153710931
1786653836.7332962,438,1,walking,standing,0.6,0.03342650845986465,0.06284869581541522,7.504009495752063,171.6999989074152
1786653836.7888293,439,1,walking,standing,0.6,0.033685373238273954,0.06466952403746068,7.541119826835467,173.47780488616561
1786653836.8344796,440,1,walking,standing,0.6,0.0387780592476292,0.06929653012577155,7.492095716693574,174.76886788842654
1786653836.869539,441,1,walking,standing,0.6,0.047859502672442114,0.07264153345356593,7.508908300121829,175.91724172773516
1786653836.9793904,442,1,walking,walking,0.6,0.05927245074167648,0.07499172038475833,7.575228448100705,176.64349796407663
1786653837.02808,443,1,walking,walking,0.6,0.06739294025756375,0.07766146147356282,7.147280094954873,176.73826344081675
1786653837.0650048,444,1,walking,walking,0.6,0.0672996654434585,0.10565130328019946,6.539916698644373,176.7146745295123
1786653837.1147943,445,1,walking,walking,0.692951888279052,0.075718683191741,0.12473133989022935,5.836079042124124,176.78907086002727
1786653837.1523085,446,1,walking,walking,0.9367072691175383,0.07760640975684287,0.1686073084411569,5.295040234471038,176.74395254395884
1786653837.1969728,447,1,walking,walking,0.9434180481249054,0.08000013074121878,0.16981524866248296,4.568274554027576,176.62954184691253
1786653837.258756,448,1,walking,walking,0.8955557138115529,0.07472713620252278,0.1612000284860795,3.825216018734699,176.238219035089
1786653837.290293,449,1,walking,walking,0.8746861028104704,0.06995194005902283,0.15744349850588468,2.945448918173907,175.76052623010952
1786653837.3224974,450,1,walking,walking,0.864818326204436,0.06242323587937531,0.15566729871679846,2.2926136705779596,175.07312577607738
1786653837.3689141,451,1,walking,walking,0.8392179154394318,0.05222879959486187,0.15105922477909772,1.9341191460530027,174.4428223809355
1786653837.416933,452,1,walking,walking,0.7947940204335758,0.040950036631949856,0.14306292367804366,1.493718993825885,174.28666207694812
1786653837.4644353,453,1,walking,walking,0.6,0.04113576116104209,0.10265363802389578,1.45519602058276,174.68874354500628
1786653837.5106819,454,1,walking,walking,0.6,0.040608171531711146,0.09043694137304509,1.8475880886522986,174.56324545588555
1786653837.576063,455,1,standing,walking,0.75,0.03375722620272012,0.03458387250643688,2.405311056429262,174.20250638100143
1786653837.6161857,456,1,standing,walking,0.75,0.04799260986952291,0.03243459917451811,3.907385538424059,173.86137434354265
1786653837.661762,457,1,standing,walking,0.75,0.04796337933225622,0.03269466844228024,5.464505866310717,173.77203768540116
1786653837.7199144,458,1,standing,walking,0.75,0.04895406416063067,0.037324753135986447,11.1177314942879,172.92381996308978
1786653837.7671726,459,1,standing,standing,0.75,0.051152368520421654,0.04976857968349399,19.684224888108638,171.51284901146406
1786653837.8068569,460,1,standing,standing,0.75,0.047127949901610094,0.04970302749334719,28.455454568254545,170.18611780383236
1786653837.889,461,1,bending,standing,0.6058674959768323,0.08426231720673455,0.0593040316543209,36.35204975860994,168.02568325262402
1786653837.9378455,462,1,bending,standing,0.7279315260342911,0.08027688441026436,0.06431698536652079,43.675891562057465,165.89228241497355
1786653837.993529,463,1,bending,standing,0.8542844775634554,0.07304524270666088,0.05919666821561044,51.25706865380732,163.44005666366942
1786653838.0297382,464,1,bending,standing,0.9548406543197526,0.10353293862947477,0.09054707033222542,57.290439259185156,162.75842521584914
1786653838.0683124,465,1,bending,bending,1.0,0.08883683374049015,0.08701547861065434,62.73946946212114,161.05931004658316
1786653838.108383,466,1,bending,bending,1.0,0.10796577382140014,0.09510846389812645,65.60048513111893,158.59157537036748
1786653838.15525,467,1,bending,bending,1.0,0.1043019124680577,0.08913823896238057,68.34348562872103,155.88689313575844
1786653838.1909966,468,1,bending,bending,1.0,0.1095466742011369,0.08475805793547217,67.40241617149002,154.52230569897372
1786653838.234449,469,1,bending,bending,1.0,0.12847067599588022,0.1013247004709553,64.3219064815457,153.93668606509166
1786653838.2892337,470,1,bending,bending,1.0,0.09432289304212599,0.09990604733600196,61.373494405428026,153.51876099187785
1786653838.383114,471,1,bending,bending,0.985100999231073,0.09141309694504025,0.09199174714429666,59.10605995386438,153.8720282213108
1786653838.4193003,472,1,bending,bending,0.9418924575637533,0.11822980464614344,0.10808825102896469,56.5135474538252,153.7861753279359
1786653838.4533336,473,1,bending,bending,0.9320902126510437,0.1249044125332003,0.10004741407330799,55.925412759062624,153.992438914964
1786653838.500352,474,1,bending,bending,0.950198965909536,0.13242865257474934,0.10035628680608047,57.01193795457216,152.33685228560472
1786653838.5675464,475,1,bending,bending,0.976312104571756,0.11327724829326824,0.09288948629905244,58.57872627430536,151.66776472065962
1786653838.6093705,476,1,bending,bending,0.9780991576096719,0.12912685349381375,0.10243276704002485,58.68594945658032,153.06258553978535
1786653838.64818,477,1,bending,bending,0.9462885864141927,0.12440171378942051,0.0958884497487529,56.77731518485156,155.29336419710987
1786653838.698972,478,1,bending,bending,0.8949348268870586,0.11486564605462297,0.07806435778590919,53.69608961322351,157.3348653065853
1786653838.7360625,479,1,bending,bending,0.8232243064314019,0.12099188537430143,0.07141636372166811,49.39345838588411,159.3724848890386
1786653838.7720184,480,1,bending,bending,0.7447724487144392,0.12005021005273424,0.07091936878644674,44.68634692286635,161.24207727582495
1786653838.8055756,481,1,bending,bending,0.6576411966913075,0.11024691381034872,0.05614406538884664,39.45847180147845,163.08463842636573
1786653838.8407974,482,1,standing,bending,0.75,0.07675038556268275,0.03535588811984615,34.75508717011435,165.22040602032277
1786653838.8731499,483,1,standing,bending,0.75,0.06755285636985887,0.030331097694560296,27.657150690947038,166.81304058266582
1786653838.9053922,484,1,standing,bending,0.75,0.06897079852858554,0.02968208857629096,20.078205858982354,168.6618345851484
1786653838.948512,485,1,standing,bending,0.75,0.05422805565468673,0.019362621429105706,12.689107704528578,170.57198251012952
1786653838.9969518,486,1,standing,standing,0.75,0.051363067670048806,0.017180017616793265,8.267504493742853,171.395238402041
1786653839.0319939,487,1,standing,standing,0.75,0.041523396162465295,0.016642124306031028,5.950867663994824,171.5010471404742
1786653839.065223,488,1,standing,standing,0.75,0.03275875991642716,0.015660247487024884,4.343327783865297,171.13862705788898
1786653839.099824,489,1,standing,standing,0.75,0.034144389145927496,0.01661604488461949,3.2192432026358033,170.74627536413385
1786653839.2525904,490,1,standing,standing,0.75,0.01657413759885766,0.016729937069337213,2.4629019831745804,170.88519906846096
1786653839.3417885,491,1,idle,standing,0.85,0.01287029647364375,0.01446865372086498,2.2760874676461462,171.1348767319394
1786653839.4226024,492,1,standing,standing,0.75,0.014648083374385104,0.020505184865756435,2.2184665727377597,171.67968375039476
1786653839.4636052,493,1,standing,standing,0.75,0.01808827526346922,0.02193286767319723,2.1944294721511644,171.88099870538818
1786653839.4979386,494,1,standing,standing,0.75,0.022002225150687813,0.024853792890086813,2.260446258854182,171.89991767903732
1786653839.5570831,495,1,standing,standing,0.75,0.020063551686299804,0.02397772202225046,2.24054659333265,171.93966415957658
1786653839.6049302,496,1,standing,standing,0.75,0.03270810016346035,0.03697279462506336,2.87712692840838,172.34747604605815
1786653839.6420553,497,1,standing,standing,0.75,0.04071001070865475,0.04248001574448255,4.184642470894916,172.46208937347663
1786653839.6766412,498,1,standing,standing,0.75,0.04495656388954785,0.04621454921801574,6.3893955558211335,172.68832727987422
1786653839.727932,499,1,standing,standing,0.75,0.0452347793578802,0.04292766097181536,8.693206660822652,172.7164008632369
1786653839.7715776,500,1,walking,standing,0.6,0.0637293621413651,0.06029285152496496,13.886906705337427,169.24750532488395
1786653839.810491,501,1,walking,standing,0.6,0.061320064179368146,0.08503035829474137,19.795977992663193,164.85796561544635
1786653839.8557193,502,1,walking,standing,0.6,0.0677385233981607,0.09761005501187625,26.510089239267096,160.1971135955294
1786653840.000426,503,1,walking,standing,0.6376464318697169,0.06800042647564551,0.11477635773654904,34.76636936530461,155.69403369268437
1786653840.0349047,504,1,bending,walking,0.7237812663408744,0.07404154292282121,0.12991650112808648,43.426875980452465,149.9305263225358
1786653840.0727644,505,1,bending,walking,0.8599388711908275,0.07028756550960012,0.12838975665360905,51.59633227144965,144.75035610707005
1786653840.1096544,506,1,bending,walking,0.9732622487921643,0.06697669665025668,0.1483574188810975,58.39573492752986,140.02613176104882
1786653840.1863053,507,1,bending,walking,1.0,0.07500007760089407,0.152202410959414,65.11830516471882,134.7039990482437
1786653840.2539244,508,1,bending,bending,1.0,0.07662926298007568,0.1572758998007419,71.01955898565919,129.0999319629296
1786653840.286563,509,1,bending,bending,1.0,0.05994540247268798,0.14148588078596053,77.16828218466443,123.19582688293345
1786653840.319656,510,1,bending,bending,1.0,0.06000159706210728,0.11542816692727577,80.00216191235246,120.03788538058825
1786653840.3742807,511,1,bending,bending,1.0,0.053096488687154844,0.10647012885836314,82.38603593066962,118.15413399274651
1786653840.4256673,512,1,bending,bending,1.0,0.05619575326854,0.0940741805955568,84.08417840738451,117.7933711473197
1786653840.4848034,513,1,bending,bending,1.0,0.06485747303491446,0.09832751595459692,84.3153837346567,117.16922904685039
1786653840.5437376,514,1,bending,bending,1.0,0.06380215051609398,0.10413563550929543,82.55523147807583,118.70141611590752
1786653840.5988498,515,1,bending,bending,1.0,0.06767386493474686,0.08708739365736608,80.0910007943082,120.49296014232134
1786653840.636607,516,1,bending,bending,1.0,0.06585864308231613,0.08153505668011429,77.21725111826092,122.5043757999551
1786653840.68293,517,1,bending,bending,1.0,0.07309703455191109,0.07970370049472791,72.63293931156412,125.97105387297123
1786653840.7187345,518,1,bending,bending,1.0,0.08173393236200936,0.08011843121492193,66.93933996827188,129.67424765618298
1786653840.7524788,519,1,bending,bending,1.0,0.08236521864470721,0.07641599857073397,60.01304831712972,134.8522936231622
1786653840.7926161,520,1,bending,bending,0.8769842750026179,0.08063666021860122,0.07192293082105403,52.61905650015707,140.7131673280973
1786653840.837003,521,1,bending,bending,0.740908193061584,0.07313160541059383,0.06482161283461955,44.45449158369504,146.31941198431286
1786653840.8714123,522,1,bending,bending,0.6016449102093537,0.061534819772925756,0.045980273643285476,36.098694612561225,150.56081690221453
1786653840.967634,523,1,standing,bending,0.75,0.05499251217239186,0.03144858111531337,27.748667296275737,155.55193093219242
1786653841.0821779,524,1,standing,bending,0.75,0.047645171454900395,0.023846142262842443,20.66053170570461,159.90116803547002
1786653841.1179273,525,1,standing,bending,0.75,0.03967413038534158,0.023674113307250395,14.845737874263389,163.38775799187098
1786653841.1581106,526,1,standing,bending,0.75,0.03226523105265121,0.023284190721766424,10.2320935044635,165.85467681665824
1786653841.1899376,527,1,standing,standing,0.75,0.024114829011021487,0.023221817171564393,6.906493411217643,168.1088321125631
1786653841.2597215,528,1,standing,standing,0.75,0.022530535088647788,0.022447389017610602,4.654760391384514,170.5691815969233
1786653841.305203,529,1,standing,standing,0.75,0.033157295783913035,0.023636337929392393,3.4817348790178406,171.27059185133467
1786653841.3437085,530,1,standing,standing,0.75,0.03192159638113317,0.02281441925074773,2.8329215195947643,171.60150968158348
1786653841.3844483,531,1,standing,standing,0.75,0.033156536786011145,0.024005696741087025,2.692340556061691,171.19388698321438
1786653841.4328334,532,1,standing,standing,0.75,0.03615500213392843,0.03045658672249239,2.793238507234637,170.797810692964
1786653841.507828,533,1,standing,standing,0.75,0.040161464800289995,0.04868344498036479,3.095379379890841,171.1387897696742
1786653841.5624318,534,1,standing,standing,0.75,0.03631740015739344,0.04510964370659448,3.5376694629175867,171.50750770501577
1786653841.6080625,535,1,standing,standing,0.75,0.04532022950232582,0.05252794979084977,3.6513815304326087,171.45115884371643
1786653841.6502676,536,1,standing,standing,0.75,0.049036330985471756,0.05869147437342407,3.5235357390726114,170.6898466378461
1786653841.7759247,537,1,walking,standing,0.6,0.05289111100758037,0.06021539587284202,3.3195276722949614,169.03837630715648
1786653841.8209426,538,1,walking,standing,0.6,0.04952488504225674,0.06174168729676014,3.2395477491406117,166.97979729100854
1786653841.8618233,539,1,walking,standing,0.6,0.05770678511440297,0.07009547544080358,2.8404799106813,165.90547678207176
1786653841.9024959,540,1,walking,standing,0.6,0.0825768235784699,0.10151686434005115,3.1122315749113554,166.39613234065058
1786653841.9382865,541,1,walking,walking,0.6,0.10611372313675302,0.09580972632580288,3.3875721576915,167.0598984275161
1786653841.9747393,542,1,walking,walking,0.6,0.10318290328251561,0.07932110948233585,3.7621877119334073,167.71550596774335
1786653842.023256,543,1,walking,walking,0.6,0.11689631936444639,0.09562983764471529,3.3695492333493617,167.17398989278257
1786653842.0618725,544,1,walking,walking,0.6,0.11355173199010091,0.09686829113524689,4.705931286455732,166.39844919325128
1786653842.1458013,545,1,walking,walking,0.6,0.11186980578482333,0.08885271728722216,6.3856870783575514,166.07992846833014
1786653842.204377,546,1,walking,walking,0.8353359447997163,0.15438714497602946,0.15036047006394893,10.326581343508083,166.9639121946694
1786653842.5047443,555,1,walking,walking,1.0,0.22358319312927138,0.1977921780523683,15.623363297848002,167.28426014859645
1786653842.5498304,556,1,walking,walking,1.0,0.2327932413237008,0.21394383842204834,16.136267136232487,168.2678452760715
1786653842.587312,557,1,walking,walking,1.0,0.20382222134202876,0.1808673259512603,16.868195272749453,168.8829309541124
1786653842.6261046,558,1,walking,walking,1.0,0.20185384798938957,0.18372470940884775,16.70734836791276,168.03802584936767
1786653842.6647007,559,1,walking,walking,1.0,0.20969162876428896,0.18760741658107902,16.450247382060983,168.00675755684455
1786653842.7100365,560,1,walking,walking,0.986744012082553,0.20241693453540413,0.17761392217485955,16.431092685723588,168.65843019988176
1786653842.7606885,561,1,walking,walking,0.9465938255242259,0.20061368392951426,0.17038688859436066,16.955379987936972,169.3721962600834
1786653842.8091567,562,1,walking,walking,0.9536965672981154,0.20445187076715957,0.17166538211366075,15.762642030510005,170.06880462413355
1786653842.8747947,563,1,walking,walking,0.6852869060431659,0.16446885745035983,0.109855705902214,14.52734689005374,170.97886242945327
1786653842.9528341,564,1,walking,walking,0.6,0.08579486370771465,0.058476222755604795,11.16884707360136,171.16385173776092
1786653843.0075014,565,1,standing,walking,0.75,0.07816792963499296,0.05521309376448978,6.503665258810652,171.57376954471644
1786653843.139869,566,1,walking,walking,0.6,0.08159863145264713,0.06436112729612492,6.576558328222511,171.20031901919074
1786653843.192876,567,1,standing,walking,0.75,0.055861836573756506,0.05836326801098416,6.685363330529405,170.95567011777186
1786653843.226549,568,1,standing,walking,0.75,0.04683384315812878,0.056779527334636044,7.068595698313219,170.93320314051883
1786653843.2615125,569,1,standing,walking,0.75,0.04053286337753693,0.05855534322434429,7.49965530429311,170.49607505560544
1786653843.3072972,570,1,standing,standing,0.75,0.045380491900095264,0.0599635560196607,7.229566442823407,169.70452392846732
1786653843.3439376,571,1,walking,standing,0.6,0.041309799072417906,0.06065401696939966,7.0224884510898535,168.88197867164214
1786653843.3900092,572,1,standing,standing,0.75,0.036233863933606635,0.05904568905200061,6.57781628183797,167.8577759379604
1786653843.4570544,573,1,walking,standing,0.6,0.04031715422238634,0.0633778695897837,5.9559779281789105,166.5336745616041
1786653843.5086446,574,1,standing,standing,0.75,0.030631620768969643,0.04262984907285354,5.312867610694201,165.40201200292637
1786653843.5509212,575,1,standing,standing,0.75,0.03592075402500074,0.052730601535608684,4.533619603507696,164.8305401223618
1786653843.615703,576,1,standing,standing,0.75,0.04160639903061877,0.059634123525828,3.813152703132958,164.57998971093988
1786653843.6664739,577,1,walking,standing,0.6,0.046039438583693,0.06501877336951145,3.1229339245918517,164.82759320069746
1786653843.7015896,578,1,walking,standing,0.6,0.05059072013546442,0.06425031751349221,2.465390193251048,164.7785159600228
1786653843.7374027,579,1,walking,standing,0.6,0.0489030579610871,0.06390381587960607,1.859834188893842,164.4461461419131
1786653843.7876456,580,1,walking,standing,0.6,0.04510036765582995,0.061949164029002496,1.678026991929429,163.70280809296804
1786653843.8605793,581,1,walking,walking,0.6,0.06145490873819264,0.07739180782620969,1.9281954495030296,162.55129440716823
1786653843.8979554,582,1,walking,walking,0.6,0.05685595929034713,0.07312891965084758,2.4083812438884484,161.8043884019879
1786653843.9318075,583,1,walking,walking,0.6,0.06472362927491081,0.08078073910368208,3.1906231629533113,161.0937507805649
1786653843.9711506,584,1,walking,walking,0.6,0.06996205815259125,0.08331450969304506,4.190456322519988,160.87690939344748
1786653844.0275831,585,1,walking,walking,0.6,0.0641235168371383,0.07581971446021978,5.187130941902612,160.98585055550237
1786653844.1011057,586,1,walking,walking,0.6,0.06301204730547807,0.07243349925893461,6.179303073931851,161.34006178998948
1786653844.1495342,587,1,walking,walking,0.6,0.06372383503775819,0.07064438296165855,7.421954216465541,160.9762420595059
1786653844.1895988,588,1,walking,walking,0.6,0.0579370641065727,0.06797121231369979,9.190689927891563,160.31744633307994
1786653844.2334676,589,1,walking,walking,0.6,0.060700248448333785,0.07099079891807353,11.406904178003462,160.3036486637483
1786653844.2688282,590,1,standing,walking,0.75,0.04652803042749511,0.05927371544346452,14.345031460846874,160.80590314497064
1786653844.3028286,591,1,walking,walking,0.6,0.059266293498268424,0.06169337270237661,18.58078536461595,161.2403433461289
1786653844.3429935,592,1,standing,walking,0.75,0.051943685668402406,0.05566344935544823,22.604647072577507,161.82293268334848
1786653844.3888466,593,1,standing,walking,0.75,0.04768609784540055,0.03540810319751417,27.14783287999881,162.0262398981128
1786653844.4225945,594,1,standing,walking,0.75,0.055181001153664075,0.038314999219127836,32.25896458664842,161.14765813074533
1786653844.459083,595,1,bending,standing,0.6397761077597595,0.07023846576571692,0.04209291659620389,38.38656646558557,158.0234749921925
1786653844.4975448,596,1,bending,standing,0.742215356626337,0.06837987612737752,0.039368200467853984,44.53292139758022,153.82709309924442
1786653844.5326498,597,1,bending,standing,0.8389833346794762,0.06615987901989845,0.03699186560110474,50.33900008076857,149.76144480382018
1786653844.5690024,598,1,bending,standing,0.9434059454430396,0.06828333580150109,0.05717907361777484,56.604356726582374,145.85138091040054
1786653844.6990483,599,1,bending,bending,1.0,0.06801277644190955,0.07306915222014781,61.83163683088276,141.2338891368973
1786653844.7584996,600,1,bending,bending,1.0,0.05772941189213644,0.07127512336180504,66.41038347862164,135.82091512756963
1786653844.8008497,601,1,bending,bending,1.0,0.057552393594158424,0.06930091416653641,69.22777741250542,131.30345324959066
1786653844.847921,602,1,bending,bending,1.0,0.05729413085101514,0.0699547732404145,72.01166592773518,127.15586169185606
1786653844.8825374,603,1,bending,bending,1.0,0.06088083957498393,0.07327343565862911,73.77807070688738,124.65753018025957
1786653844.9291708,604,1,bending,bending,1.0,0.05115351872160981,0.06509917764264134,73.95691979932243,122.98599480983106
1786653844.9665697,605,1,bending,bending,1.0,0.04812410881860452,0.06281793555238784,73.1429169242925,123.75822801990861
1786653845.0000772,606,1,bending,bending,1.0,0.06947227536548072,0.06680415591971753,70.81875318808326,126.55401202013513
1786653845.0794268,607,1,bending,bending,1.0,0.06486305769622361,0.043240625506927394,68.60110586708687,129.1977529653734
1786653845.1137028,608,1,bending,bending,1.0,0.06762904259232064,0.02456024286186238,64.26428693865826,132.93610286834547
1786653845.3158445,609,1,bending,bending,0.993054425712358,0.07097231456685515,0.026216736534247533,59.58326554274148,137.73581831990361
1786653845.4048314,610,1,bending,bending,0.8897342968225589,0.07994213046116676,0.02771859502414464,53.384057809353536,143.25598713770438
1786653845.436389,611,1,bending,bending,0.7875689974458177,0.07053325879094792,0.025051256144387773,47.25413984674906,148.6192290363727
1786653845.5284104,612,1,bending,bending,0.6777897944439424,0.06411120158812013,0.021937620904716498,40.66738766663654,153.59083557010604
1786653845.5630422,613,1,standing,bending,0.75,0.055856764095639985,0.020674988069655755,33.80665971116846,157.36944482711525
1786653845.5995262,614,1,standing,bending,0.75,0.05560918179362451,0.02040110451964986,27.774926526961785,160.77609272110118
1786653845.63309,615,1,standing,bending,0.75,0.03390056747039064,0.01677819654898574,21.54282174998081,163.84994058388693
1786653845.6772344,616,1,standing,bending,0.75,0.034634906508100895,0.018350074148056162,16.66236929498332,165.7247536758932
1786653845.7239614,617,1,standing,standing,0.75,0.027511334029682765,0.018578722126293527,11.895469409122637,167.54436701855042
1786653845.7686272,618,1,standing,standing,0.75,0.0218166312752726,0.01694847061262925,8.22532962969703,168.25037179443999
1786653845.8233223,619,1,idle,standing,0.85,0.012089627693640092,0.014873945093981853,5.496203652634111,168.33916608628948
1786653845.8571296,620,1,idle,standing,0.85,0.01371336717081729,0.015834301522161656,4.100530526099054,168.08056395152352
1786653845.917403,621,1,idle,standing,0.85,0.009176924501564392,0.012616201069784637,2.7467347501140287,167.87078982366265
1786653845.9519665,622,1,idle,standing,0.85,0.012051183038102804,0.012135322710707521,2.1225438960856655,167.34569461644125
1786653845.9893098,623,1,idle,idle,0.85,0.012226957458199413,0.012611286879389248,2.1044054998073105,166.76536224832097
1786653846.025176,624,1,standing,idle,0.75,0.01404572393357359,0.02214993126282056,2.2564118587077027,166.70028968356078
1786653846.1039088,625,1,standing,idle,0.75,0.01671824844421899,0.028611014355534186,2.74225432760192,166.23669041464694
1786653846.2241626,626,1,standing,idle,0.75,0.015029527035459659,0.02623129203331301,3.203349537447706,165.82109146367117
1786653846.2594326,627,1,standing,idle,0.75,0.02045822821641439,0.03546049896993817,3.5891240062575576,164.75140910705136
1786653846.3157074,628,1,standing,standing,0.75,0.02591916167165372,0.04146387125531632,3.6448875229649538,164.5877794426841
1786653846.3527236,629,1,standing,standing,0.75,0.03075019072287431,0.04456768005838957,3.6709738703804824,164.40487437956725
1786653846.3916304,630,1,standing,standing,0.75,0.03474001038411003,0.04649545834032381,3.875977951556787,163.93764671015242
1786653846.4244869,631,1,standing,standing,0.75,0.03402079947418446,0.04683320875345404,4.298857020781585,163.44244672207563
1786653846.477484,632,1,standing,standing,0.75,0.03371521131153592,0.046208174047675674,4.660868695646073,163.11034252623395
1786653846.5346076,633,1,standing,standing,0.75,0.03774794848946486,0.03980543698474231,4.886420081902811,162.70471668606513
1786653846.6397748,634,1,standing,standing,0.75,0.03422493994018565,0.0321259729360198,4.934746899681699,161.78623189423934
1786653846.6853516,635,1,standing,standing,0.75,0.03819350538950153,0.03766896178570732,4.568980573768722,161.88060525797647
1786653846.7334468,636,1,standing,standing,0.75,0.033008567367731036,0.027994285652669235,4.2034610710436455,161.93572499152444
1786653846.7673542,637,1,standing,standing,0.75,0.03485549129798322,0.03940285774081972,3.7825678126170166,162.66245725775974
1786653846.82002,638,1,standing,standing,0.75,0.033476257990679485,0.03663539024221336,3.7370541519917757,162.94399663534364
1786653846.8573968,639,1,standing,standing,0.75,0.03629783719810045,0.03887068051427998,3.9741456345915127,163.13620213293717
1786653846.898182,640,1,standing,standing,0.75,0.03240053641738454,0.03768612967221267,4.17107449828661,163.5186495985305
1786653846.9737692,641,1,standing,standing,0.75,0.036076303516323835,0.04620090190327339,4.692254064104096,164.4845804161748
1786653847.0073993,642,1,standing,standing,0.75,0.034495999165826276,0.05190055070766492,6.545762995732043,163.93236686219137
1786653847.103066,643,1,walking,standing,0.6,0.047785018130924777,0.06066301488559848,9.495251989201305,162.91726336934718
1786653847.1610403,644,1,walking,standing,0.6,0.057125298068251534,0.06105669298826485,13.764449156128824,161.83026594601944
1786653847.202579,645,1,walking,standing,0.6,0.06527265236940193,0.06586865927773361,19.993886062058984,158.92545502199897
1786653847.2361875,646,1,standing,standing,0.75,0.07159460302057247,0.05439751985708395,27.191153253457298,155.87771948009035
1786653847.2878175,647,1,bending,walking,0.587396412552307,0.07874619296709563,0.058190122073565775,35.24378475313842,152.10045330243466
1786653847.3480697,648,1,bending,walking,0.7279253927189567,0.07940991611659434,0.06288246166593509,43.6755235631374,147.84994118130308
1786653847.409625,649,1,bending,walking,0.8677624475912302,0.08270446407212201,0.06880727652121126,52.06574685547381,143.5158799294433
1786653847.4451792,650,1,bending,walking,1.0,0.08111279971014679,0.06925666711126219,60.265851728425694,139.84832145300325
1786653847.5346403,651,1,bending,bending,1.0,0.07824365258710159,0.060598343923516026,67.99380648892796,135.5175884577689
1786653847.6555982,652,1,bending,bending,1.0,0.06492249855953965,0.052570018767647025,74.34107658787835,132.68796256351249
1786653847.7037523,653,1,bending,bending,1.0,0.06325275456945624,0.05752214621141386,79.44693209741368,130.26173969433043
1786653847.7651198,654,1,bending,bending,1.0,0.06681944891576728,0.0609156162240586,82.10641198608411,127.43433008345387
1786653847.89417,655,1,bending,bending,1.0,0.06256896289172095,0.06150368810851117,81.97405188282767,126.90107156527597
1786653847.9380102,656,1,bending,bending,1.0,0.06128261034574963,0.060663107865225996,79.77004165477274,127.33304458466064
1786653848.0199811,657,1,bending,bending,1.0,0.06389102678577113,0.05991572831831701,75.2724736479762,128.79941628492998
1786653848.0648634,658,1,bending,bending,1.0,0.061006068775464474,0.05460453135063668,70.32375812678035,130.23961194203554
1786653848.0997338,659,1,bending,bending,1.0,0.06482658112335288,0.06157655495996295,63.23931125915665,131.82323801305037
1786653848.1391294,660,1,bending,bending,0.9255919019229958,0.06935297530077554,0.06698436163247053,55.53551411537975,132.94675919411912
1786653848.1999032,661,1,bending,bending,0.783288433126351,0.0789714724418284,0.07881347224484796,46.99730598758106,135.48846454071702
1786653848.2750075,662,1,bending,bending,0.638168569602193,0.08758152830520056,0.08029558983646827,38.29011417613158,138.6570254001952
1786653848.3095987,663,1,walking,bending,0.6,0.07549936384311372,0.07136210231048433,29.796863591048822,142.04256243989954
1786653848.3420985,664,1,walking,bending,0.6,0.07483796464778088,0.07086714327254648,22.546342097245052,146.11480761304193
1786653848.3777795,665,1,walking,bending,0.6,0.07832889602942507,0.08392635259135571,16.545051392188192,149.03997898679413
1786653848.4224727,666,1,walking,bending,0.6,0.07439739905905887,0.08935142097083776,11.779727303161653,151.42547704024264
1786653848.4592552,667,1,walking,walking,0.6,0.07414869233255163,0.08906083971524505,8.444136290181634,153.7518572972451
1786653848.4941604,668,1,walking,walking,0.6,0.08664767939746826,0.07881797044524598,5.014441170041804,156.48264329438297
1786653848.5356534,669,1,walking,walking,0.6,0.08832725143486374,0.07401434123196349,3.581543404360997,159.22761597029373
1786653848.5697436,670,1,walking,walking,0.6,0.0845513616362695,0.06359741791931171,3.025138813843718,162.05071623474245
1786653848.6363552,671,1,standing,walking,0.75,0.06435325045472681,0.051910523799111784,3.212708589224713,163.74830744043345
1786653848.669215,672,1,standing,walking,0.75,0.07043517479162373,0.05445035232926082,3.5778392879631937,164.4702057040709
1786653848.703581,673,1,standing,walking,0.75,0.06732124386265659,0.05558613291422729,3.667998961983559,164.59431207881192
1786653848.7367957,674,1,standing,walking,0.75,0.052963363997947786,0.03904599839732438,3.636341737625263,164.66362321024442
1786653848.8723216,675,1,standing,standing,0.75,0.047151320246338786,0.038086363934303105,3.603592941299194,165.42077661363754
1786653848.9184644,676,1,standing,standing,0.75,0.05177220378163625,0.03903917016526669,3.6645998147557974,166.0709967684989
1786653848.9938412,677,1,standing,standing,0.75,0.033373439870921326,0.03390721752487729,3.7253103791317144,166.66217196151092
1786653849.0518088,678,1,standing,standing,0.75,0.032316038550029354,0.035709448422590384,4.202241226989981,166.4628813498741
1786653849.122486,679,1,standing,standing,0.75,0.03099130544097337,0.03898135902507647,4.918996287634627,166.1747402588286
1786653849.1676183,680,1,standing,standing,0.75,0.03714319589415493,0.04112030009762627,6.010719955781087,165.12626575064343
1786653849.2022605,681,1,standing,standing,0.75,0.03741513313460306,0.04013187922234558,7.557284660672588,162.06426573852465
1786653849.2439585,682,1,standing,standing,0.75,0.04517285035923116,0.03549342667291924,9.354443716697723,158.41513561118325
1786653849.2913258,683,1,standing,standing,0.75,0.05982337793691001,0.04051447540421268,11.970048694945094,153.3924008169885
1786653849.372122,684,1,standing,standing,0.75,0.06068705789401677,0.02955567937814374,14.575269864257237,148.31224590844758
1786653849.4301512,685,1,walking,standing,0.6,0.08456742746678056,0.030840385629751874,17.241978324665716,139.22573057087507
1786653849.4813194,686,1,walking,standing,0.6,0.09440540732605804,0.03515985824242097,19.9436104468901,128.50022817812132
1786653849.5131896,687,1,walking,standing,0.6,0.0974091628405686,0.03378162918667358,22.79956063821586,117.26846096828133
1786653849.5454137,688,1,walking,standing,0.6,0.09473237649800276,0.03149409087830694,25.60004250958948,106.63199104067735
1786653849.597625,689,1,walking,walking,0.6,0.09123972151590079,0.03264071573219554,28.301510327362088,96.88066697900672
1786653849.638017,690,1,walking,walking,0.6,0.08921398878606296,0.033542280216712086,30.458804624578022,87.86663093991301
1786653849.7423887,691,1,unknown,walking,0.3,0.07699757505606498,0.03240137356229932,32.087038284490404,80.42154938330205
1786653849.7764933,692,1,walking,walking,0.6,0.0843409135381595,0.028083427824160664,33.81845665219318,74.80775927569928
1786653849.926152,693,1,bending,walking,0.5859110656814164,0.09165648852873193,0.028291272666360112,35.15466394088498,72.23944892640297
1786653849.9615824,694,1,bending,walking,0.602868960989182,0.07459911949310324,0.029066523572248218,36.172137659350916,70.36574400537455
1786653850.010159,695,1,bending,walking,0.6111224625085437,0.07511278054971654,0.025516409125028106,36.667347750512626,73.24590280053516
1786653850.0942886,696,1,bending,walking,0.6099909337938682,0.07386740987746826,0.026672195753424423,36.59945602763209,79.10203203142913
1786653850.1314743,697,1,bending,bending,0.5979564132248901,0.08205154904379092,0.026670359524907743,35.877384793493405,87.50943373497498
1786653850.1712332,698,1,walking,bending,0.6,0.08531136880833007,0.02358822327391445,33.91293453662253,96.94521791217593
1786653850.2229698,699,1,walking,bending,0.6,0.08822976113544977,0.024322300701021024,31.18380537181431,106.15534435571176
1786653850.343091,700,1,walking,bending,0.6,0.08981771151593648,0.03012482434666474,27.959687998045506,115.65114984442073
1786653850.3923285,701,1,unknown,bending,0.3,0.07026871579943031,0.034605194256683874,24.332158351694314,125.62368682199701
1786653850.4277847,702,1,unknown,walking,0.3,0.061637543878937176,0.03312006095643663,20.406354891891375,134.7409502973143
1786653850.4940226,703,1,unknown,walking,0.3,0.05025468583370939,0.030141461374120875,16.735222801643303,142.94620853689028
1786653850.545734,704,1,standing,walking,0.75,0.03983895525081809,0.029868150399705355,13.521726964507803,150.47362415232732
1786653850.5797,705,1,standing,walking,0.75,0.034916604103589426,0.029130530687504597,10.746800116282067,156.23307385893628
1786653850.6707354,706,1,standing,walking,0.75,0.0250215575794583,0.03160828354295337,8.293684441274893,160.62644852022987
1786653850.7465224,707,1,standing,walking,0.75,0.01907513673330507,0.031640343172958406,6.345012665890815,162.96666795971046
1786653850.7807622,708,1,standing,standing,0.75,0.01200424478385654,0.032403132754009537,5.4032766978763735,164.5253636030882
1786653850.8145335,709,1,standing,standing,0.75,0.010903585734014072,0.02581255970514144,5.098025918602451,165.58870383728365
1786653850.9062147,710,1,standing,standing,0.75,0.008998062134692168,0.020149825108170587,5.425985244719852,166.05020024892082
1786653850.9784138,711,1,standing,standing,0.75,0.010015474747974727,0.02062823031894935,6.298160052174356,166.4524759969791
1786653851.012948,712,1,standing,standing,0.75,0.010515049719474728,0.02005847179286205,7.166418287473976,166.73646212287173
1786653851.0449624,713,1,idle,standing,0.85,0.012013116119672764,0.01938157465615893,7.801847026206327,166.7136615679455
1786653851.0799916,714,1,idle,standing,0.85,0.010460727039956551,0.017640822116119604,8.360730362346661,166.64555353729608
1786653851.1313639,715,1,idle,standing,0.85,0.01080431923484232,0.01236119790271682,8.79949154660994,167.1794976713606
1786653851.176911,716,1,idle,standing,0.85,0.011683347085212186,0.012738665873068681,9.314229766081684,167.67250882652954
1786653851.2286952,717,1,idle,idle,0.85,0.01169250490787202,0.010196548620247157,9.791074097127176,168.07959997548238
1786653851.410316,718,1,idle,idle,0.85,0.01066359660853474,0.009497864385569968,10.267203939877993,168.159123950058
1786653851.4453917,719,1,idle,idle,0.85,0.009935927332963414,0.009398778862662159,10.627550269383718,168.20979968882105
1786653851.658187,720,1,idle,idle,0.85,0.00967523942858988,0.008724459721871794,10.930583805320708,168.12809569797338
1786653851.692296,721,1,idle,idle,0.85,0.009258717370590504,0.009052469285227904,11.176729162520491,168.02465225053018
1786653851.7660186,722,1,idle,idle,0.85,0.008152676689406892,0.009912386908446667,11.417792287549556,167.93026706986004
1786653851.800136,723,1,idle,idle,0.85,0.006320566526252656,0.010135483523239182,11.508705272617933,167.8987495995964
1786653851.8338273,724,1,idle,idle,0.85,0.005755314308762462,0.009764105864343823,11.3919599098463,167.71855370478494
1786653851.8662958,725,1,idle,idle,0.85,0.005472227848892918,0.009447584680125624,10.978139693951306,167.60820943331697
1786653851.9013677,726,1,idle,idle,0.85,0.006538251688636159,0.009378435313475326,10.157639115318274,167.3766286019018
1786653851.9475744,727,1,idle,idle,0.85,0.00877569064810565,0.010833686924611485,9.229416918437776,167.01928204840254
1786653851.993285,728,1,idle,idle,0.85,0.009443825412363712,0.011655192780182075,8.750615883459611,166.83110152065996
1786653852.0461862,729,1,idle,idle,0.85,0.010339174842005718,0.013615186127426107,9.134723028420922,166.32448939807836
1786653852.0837388,730,1,idle,idle,0.85,0.010199534773584817,0.014098411476046199,9.515607816352922,166.05134914968895
1786653852.128438,731,1,standing,idle,0.75,0.020540014340491235,0.022035466511681794,11.9627786684156,164.20451097135128
1786653852.2230313,732,1,standing,idle,0.75,0.03136335564926564,0.023080578278507163,15.22767916536117,160.91529845025224
1786653852.263683,733,1,standing,idle,0.75,0.0468481748751263,0.028435318142235173,19.08890075934689,155.80371871439306
1786653852.3062797,734,1,standing,idle,0.75,0.06090083548764989,0.03156560059877058,23.16840384340754,149.46580816290793
1786653852.3392503,735,1,unknown,standing,0.3,0.07573463877560958,0.04082428509725614,27.916189991040746,142.02223881287787
1786653852.3837295,736,1,walking,standing,0.6,0.08608778756408877,0.045465019116527026,33.336759147842216,133.3511615884161
1786653852.4202483,737,1,bending,standing,0.6487104002478628,0.0921042707345517,0.051852141653879635,38.922624014871765,125.14166887692697
1786653852.4829378,738,1,bending,standing,0.7337905023628248,0.09407043859046635,0.0571828891039623,44.02743014176949,116.78112601882708
1786653852.5221138,739,1,bending,standing,0.807633051449469,0.09700037626153338,0.06319542917194224,48.457983086968135,108.69607347958026
1786653852.5654082,740,1,bending,standing,0.8801458392275928,0.09137156348549696,0.0631274345820014,52.80875035365557,100.34814743100529
1786653852.6257358,741,1,bending,bending,0.9155348284817776,0.08880973720939762,0.06999884633148888,54.93208970890665,94.39559229666915
1786653852.6588736,742,1,bending,bending,0.9360078080468008,0.08419718785801507,0.07050632774180982,56.16046848280805,91.29611407299073
1786653852.7136426,743,1,bending,bending,0.9442919962298254,0.0847582122876801,0.07930236741231883,56.657519773789524,89.3384699064399
1786653852.7497358,744,1,bending,bending,0.9472301430316254,0.08000301045876008,0.0789389691514249,56.83380858189753,90.29141218650386
1786653852.7821271,745,1,bending,bending,0.9297733740775296,0.0797536292908831,0.07844305217839474,55.78640244465178,93.3512065073199
1786653852.8298764,746,1,bending,bending,0.8970602350205414,0.08792005096095351,0.07344443083466516,53.82361410123249,98.64957134245608
1786653852.8707821,747,1,bending,bending,0.8484118539455816,0.09663534371650401,0.06738837399000144,50.9047112367349,104.81055994357465
1786653852.918049,748,1,bending,bending,0.7785996921571778,0.097471340717909,0.06534770483069288,46.71598152943067,112.11831688184559
1786653852.9537694,749,1,bending,bending,0.6796065546308149,0.10086254826311769,0.05713320524099246,40.77639327784889,120.76831633562037
1786653853.0010846,750,1,walking,bending,0.6,0.09240400482153358,0.04854255519275486,34.94375199785141,129.62245318476442
1786653853.043537,751,1,walking,bending,0.6,0.08254722836637046,0.04321888163097361,29.584890027728573,137.50001896238948
1786653853.0795763,752,1,unknown,bending,0.3,0.06794991537156382,0.03161052695122685,24.594496576998395,144.09652784123054
1786653853.1172268,753,1,standing,bending,0.75,0.05892665189674548,0.022178736285035763,20.021004955261784,151.0391955512751
1786653853.1500885,754,1,standing,bending,0.75,0.04634721217203259,0.018102559118119303,15.697191238843908,156.4539506198169
1786653853.189389,755,1,standing,bending,0.75,0.03191617517043015,0.017664049176414152,12.192117810090839,160.70408432194378
1786653853.239216,756,1,standing,bending,0.75,0.02097065353059603,0.01782658526191475,9.17781482771981,164.02125441486223
1786653853.2760046,757,1,standing,standing,0.75,0.01720927613223834,0.013250414461812365,7.083374221303115,166.28664705894633
1786653853.3790207,758,1,idle,standing,0.85,0.011205965258838326,0.012663428579485915,6.251994592375602,167.43844247610514
1786653853.4147923,759,1,standing,standing,0.75,0.015824346904420125,0.015666090704171368,6.790169042976295,167.08509553406066
1786653853.4704366,760,1,standing,standing,0.75,0.018103365873657972,0.0164389029825959,7.460157467007734,166.51366044947554
1786653853.5195804,761,1,standing,standing,0.75,0.022465127600520753,0.02052153637920592,7.843932717459317,165.93687150859515
1786653853.5615995,762,1,standing,standing,0.75,0.02395403715006196,0.028552480431730937,7.7427201606322695,164.4578135867113
1786653853.6084723,763,1,standing,standing,0.75,0.02849592263309295,0.03042204853166584,7.172727071733031,162.6894932783439
1786653853.6495447,764,1,standing,standing,0.75,0.03463844983039399,0.0392766740104008,6.5829201867903935,161.26028784726674
1786653853.7251363,765,1,standing,standing,0.75,0.033269650204558805,0.03943471635265569,5.99901263661245,159.87797784209835
1786653853.7598255,766,1,walking,standing,0.6,0.056078484019523867,0.062182820304287595,5.283287687278412,159.15910027109717
1786653853.7987585,767,1,walking,standing,0.6,0.09145210914570256,0.10765088356085446,4.598002401904688,158.2776380664548
1786653853.8380067,768,1,walking,standing,0.6,0.08648273117848225,0.10442549214981973,3.8688888251243334,157.56265752923895
1786653853.8761728,769,1,walking,standing,0.8021171746686906,0.09444337514772219,0.1443810914403643,3.2838577675819094,156.2835803409611
1786653853.9382265,770,1,walking,walking,0.9809860147963064,0.10368571874440556,0.17657748266333514,2.9326788910672117,156.135841338867
1786653853.980852,771,1,walking,walking,1.0,0.12078214815991939,0.19517250813977166,3.0522124002171984,157.4404560051411
1786653854.022976,772,1,walking,walking,1.0,0.11624118484291178,0.19294048792635665,3.3703138114270965,159.63895441399114
1786653854.1252465,773,1,walking,walking,1.0,0.12155801067603855,0.20462214299285414,4.4423389262222255,161.87601684196918
1786653854.1654458,774,1,walking,walking,1.0,0.1297658818269076,0.21533819787386335,5.920294521940976,162.85711644808936
1786653854.223979,775,1,walking,walking,1.0,0.12868742970179858,0.20539379821890483,8.558513275528476,162.34380458628453
1786653854.2679424,776,1,walking,walking,0.88847393123528,0.09101422711788681,0.15992530762235038,11.40214079644909,161.11975739719617
1786653854.301214,777,1,walking,walking,0.9290193527364169,0.09904573895721225,0.16722348349255503,15.263384418455157,158.59729204371092
1786653854.3377395,778,1,walking,walking,0.8643224884484592,0.1152656921182104,0.15557804792072266,20.217864607839452,153.44240986640045
1786653854.374925,779,1,walking,walking,0.6599251988426624,0.10123248025119837,0.11878653579167923,25.25233294623704,149.109289610175
1786653854.4052882,780,1,walking,walking,0.6,0.09567702892458067,0.09425805266140323,30.650680028439126,143.4291726493562
1786653854.439903,781,1,bending,walking,0.5987910704352635,0.11636211435942008,0.09664325446258344,35.92746422611581,135.21864357653476
1786653854.4888349,782,1,bending,walking,0.6980592484689809,0.13723004512087444,0.08058165846519462,41.883554908138855,125.57701015551552
1786653854.5263364,783,1,bending,walking,0.7883134865354434,0.1356415083861119,0.07166231435869702,47.298809192126605,116.39784917636955
1786653854.561179,784,1,bending,walking,0.8718914857308577,0.11416888744048245,0.05917340739754695,52.31348914385146,108.02924554930257
1786653854.691883,785,1,bending,bending,0.9358393329693784,0.11696391825919991,0.06063785157752667,56.150359978162705,101.0463843532109
1786653854.7548685,786,1,bending,bending,1.0,0.14428599954247856,0.0620120661084458,60.6016776264549,96.84106024563408
1786653854.7900991,787,1,bending,bending,1.0,0.11665392664782402,0.03257297953735983,63.99985672138318,94.0738761751413
1786653854.8238494,788,1,bending,bending,1.0,0.12943946080256286,0.03700751961717081,65.70535328745324,93.9778010162738
1786653854.9786122,789,1,bending,bending,1.0,0.13167888432905694,0.03786952470892668,66.98243035529869,94.51231625170531
1786653855.0724516,790,1,bending,bending,1.0,0.13637348795409135,0.06392244075745913,65.89298146391815,95.97460007035622
1786653855.1636698,791,1,bending,bending,1.0,0.11606919382242402,0.06106144135529522,62.7325277191092,99.72999010779367
1786653855.2088985,792,1,bending,bending,0.9643809828431142,0.11551562335943924,0.07695920967761066,57.862858970586856,106.82491157606754
1786653855.245116,793,1,bending,bending,0.8789959441612027,0.1237313604085538,0.09954284713953324,52.73975664967217,114.76271383293947
1786653855.2865422,794,1,bending,bending,0.783897852530028,0.13041856946262817,0.10122389117012817,47.03387115180168,123.47448905997219
1786653855.3716466,795,1,bending,bending,0.6843709096616359,0.100394063527047,0.09363621016553814,41.062254579698156,132.72035851484776
1786653855.410553,796,1,walking,bending,0.6,0.10036225147451326,0.09341553595142885,34.49200133967634,139.20915632161882
1786653855.4476225,797,1,walking,bending,0.6,0.09441969771915538,0.09253253746643546,27.256905844748086,145.66397485895016
1786653855.4831328,798,1,walking,bending,0.6,0.07757470198465866,0.09284256453242061,20.54583522873783,152.0610458661074
1786653855.5556204,799,1,walking,bending,0.6,0.052216986480669345,0.06334396634393753,14.310398047219028,157.66326214337334
1786653855.5920517,800,1,walking,walking,0.6,0.03988240952545226,0.060376612893057055,9.812369589715791,162.7382628041473
1786653855.6245613,801,1,standing,walking,0.75,0.034651242665085104,0.04198211629948978,7.08461158856863,166.65911145561412
1786653855.6981294,802,1,standing,walking,0.75,0.02583782160854614,0.01899294625474923,5.372278191102838,168.61157239057684
1786653855.7589655,803,1,standing,walking,0.75,0.017864978262272468,0.015592274599639177,3.947159049050817,169.73449361531794
1786653855.806224,804,1,idle,walking,0.85,0.01286930859852756,0.014977483054215958,3.086091273249816,170.14631967249767
1786653855.8518105,805,1,idle,standing,0.85,0.01311300458144056,0.015411788228515669,2.5258560237814427,170.12254577664655
1786653855.9104218,806,1,idle,standing,0.85,0.006882151286211221,0.01196023904515414,1.9349532583389248,170.1350678297316
1786653855.960113,807,1,idle,standing,0.85,0.006323943334891082,0.008424818413436683,1.9967716363237702,170.00833432330901
1786653855.9936864,808,1,idle,idle,0.85,0.0062575192043117485,0.0088897595741565,2.1303575138011075,169.77260404243742
1786653856.036403,809,1,idle,idle,0.85,0.006376934527212443,0.008050021061889895,2.217768105076577,169.56704456744689
1786653856.0715172,810,1,idle,idle,0.85,0.0058391765940892125,0.007196602072225646,2.162691041261249,169.29236038557437
1786653856.1340618,811,1,idle,idle,0.85,0.006989389042148151,0.007405627827308079,2.0167940230396746,168.9396314775093
1786653856.2291715,812,1,idle,idle,0.85,0.007581754689130403,0.007218209580874649,1.8706680081705547,168.6040816162417
1786653856.265278,813,1,idle,idle,0.85,0.0074750854993733485,0.006657399095245901,1.7110354149618132,168.30918082718426
1786653856.3062472,814,1,idle,idle,0.85,0.00906054852271141,0.012089867778797253,1.518930176114488,168.61433075824223
1786653856.3403096,815,1,idle,idle,0.85,0.010533197857136982,0.01414445318472358,1.4119544754955624,168.80843632993012
1786653856.3877733,816,1,idle,idle,0.85,0.014646053088002412,0.01600399896551506,1.3748602011399196,168.58194029582324
1786653856.4535944,817,1,standing,idle,0.75,0.015176907038158641,0.022656864458174976,1.515851243027087,168.52533970859716
1786653856.592061,818,1,standing,idle,0.75,0.015293638002977736,0.023254195173623607,1.69832920748985,168.40571925140085
1786653856.6275976,819,1,walking,idle,0.6,0.015964098959071967,0.06271716908433025,1.9958207012194769,169.00093964796386
1786653856.6811724,820,1,walking,idle,0.6,0.019483358264012374,0.10653254814654813,2.1936523839667728,170.00149130136646
1786653856.7290962,821,1,walking,idle,0.6,0.017482987119546947,0.10690137480615938,2.407964736525525,171.01150573375043
1786653856.7762673,822,1,walking,idle,0.6556380716553026,0.038584620839459155,0.11801485289795448,2.738802452326439,172.01989908476327
1786653856.8337018,823,1,walking,walking,0.6390811050623653,0.05573142323570896,0.11503459891122575,3.7235444048187434,172.26357197978456
1786653856.9481232,824,1,walking,walking,0.7208279278993137,0.07696692624662976,0.12974902702187646,5.03434558352979,172.28884801234923
1786653856.988426,825,1,walking,walking,0.7130040693013392,0.07259596442579483,0.12834073247424105,6.247387149019889,172.3608824580683
1786653857.0396628,826,1,walking,walking,0.9798243036717146,0.12751101096264314,0.1763683746609086,12.235260963949198,172.23067763485804
1786653857.0811896,827,1,walking,walking,1.0,0.21596940745544455,0.2736620599243339,20.560022420129954,170.20555948025856
1786653857.1194928,828,1,walking,walking,1.0,0.3369147817803592,0.4447479793712356,24.906450337381305,169.49668164332388
1786653857.151743,829,1,walking,walking,1.0,0.3466084911894505,0.40487649821958643,26.44626913865025,168.04438179468065
1786653857.1870039,830,1,walking,walking,1.0,0.3840368625463627,0.4646500883762246,34.53798403884747,166.72475405124578
1786653857.2274265,831,1,bending,walking,0.682178459476724,0.3843515958126307,0.47502735644814703,40.93070756860344,166.2572950267465
1786653857.295357,832,1,bending,walking,0.7956984168256257,0.36728071890296854,0.4746059175162391,47.74190500953754,165.7102439583312
1786653857.331335,833,1,bending,walking,0.8758749279941003,0.4776406243729354,0.6244912435776738,52.552495679646015,165.70105964026294
1786653857.3870537,834,1,bending,walking,0.9776348151568338,0.563473794900439,0.7515104636802168,58.658088909410026,165.16542993108618
1786653857.5405529,835,1,bending,bending,0.9880474919472615,0.5165865066709262,0.7231172823144484,59.28284951683569,164.87210095340194
1786653857.6193724,836,1,bending,bending,0.9054671145457528,0.447694321225606,0.6310706082956421,54.32802687274517,165.35472101380554
1786653857.6578832,837,1,bending,bending,0.780046192558842,0.3408617620858963,0.42299814905707267,46.80277155353052,167.90939360482474
1786653857.715045,838,1,bending,bending,0.7137813700537973,0.3401286881291399,0.42150353151191067,42.82688220322784,169.16530253466027
1786653857.7525463,839,1,bending,bending,0.6860961109339864,0.3148720213091119,0.3677196446031892,41.16576665603918,170.06345074900028
1786653857.78826,840,1,walking,bending,1.0,0.29920738731681995,0.3500384568637522,32.98510980625832,170.6425318769737
1786653857.8347373,841,1,walking,bending,1.0,0.30131210686769616,0.34769251870838513,26.374220008610898,170.63815030087193
1786653857.8851094,842,1,walking,bending,1.0,0.17053556816398563,0.18286842996790728,19.275641708874527,171.0422455921492
1786653857.9207869,843,1,walking,bending,0.6,0.08625605472214555,0.05616650938184223,13.480228061314653,171.86657399390407
1786653857.9755983,844,1,walking,walking,0.6,0.08132790228167426,0.03120421878940934,6.060531937136315,172.69648823673236
1786653858.0256944,845,1,standing,walking,0.75,0.06435169156554393,0.02816307558261781,4.1882046867702805,173.37926902284164
1786653858.0598536,846,1,standing,walking,0.75,0.051537554687459214,0.027116120268600368,3.0793643253951037,173.8162237657836
1786653858.1237152,847,1,standing,walking,0.75,0.038335213165491606,0.025447875367574826,1.962730903711125,174.03469954554188
1786653858.1596117,848,1,standing,walking,0.75,0.02757314270692736,0.025636108847587852,1.4299507019539852,174.1653864099658
1786653858.2147892,849,1,standing,standing,0.75,0.021835989764379768,0.022437639922886506,1.2938205808862882,174.7878101464775
1786653858.3112268,850,1,standing,standing,0.75,0.0206076301740411,0.028231568689481734,1.3506633512833512,175.08014567206592
1786653858.3936722,851,1,standing,standing,0.75,0.019889123736203166,0.03412011585619802,1.5019269864782854,175.3664298660894
1786653858.4560335,852,1,standing,standing,0.75,0.031539339996069025,0.0411723264135918,1.4283252486774334,175.61091835103366
1786653858.4890885,853,1,standing,standing,0.75,0.028124730225012478,0.039430597121283335,1.4032064234217203,175.7579002575172
1786653858.589213,854,1,standing,standing,0.75,0.03447208037607887,0.03958965780341802,1.4557575935070928,176.12175547616596
1786653858.6370308,855,1,standing,standing,0.75,0.05591766525883685,0.043768958407243645,1.461331803375656,176.02223195765993
1786653858.6739895,856,1,standing,standing,0.75,0.05559989098605521,0.0431847898164024,1.4725034301199393,175.92000125010307
1786653858.7098289,857,1,standing,standing,0.75,0.05904034906162663,0.042786389899832036,1.5296078640044732,175.673669706438
1786653858.7772899,858,1,walking,standing,0.6,0.06348133281269097,0.08531621954259244,1.5523295880150663,175.4620669543957
1786653858.821426,859,1,walking,standing,0.6,0.06972260985874151,0.09412529187357689,1.6975714577625634,175.858775885465
1786653858.8569217,860,1,walking,standing,0.6,0.0728822522272648,0.1025078029060877,1.5343178599966922,175.9894070463134
1786653858.8928163,861,1,walking,standing,0.6,0.06881148341635095,0.09667506423802781,1.6114025751709158,176.0527694571003
1786653858.939279,862,1,walking,walking,0.6,0.08189152537066537,0.1010889846813103,1.760411102623116,175.26568342611117
1786653859.5286057,876,1,walking,walking,0.6,0.10298846371747605,0.10255711449010399,1.9754314756910882,173.39709391360537
1786653859.602088,877,1,walking,walking,0.6612232686342018,0.10733196123747422,0.11902018835415633,1.907534492231608,173.2293063481063
1786653859.6378486,878,1,walking,walking,0.658885428496369,0.10755772349730423,0.11859937712934641,1.8194969648264436,173.51314225278367
1786653859.6877322,879,1,walking,walking,0.7591717757943676,0.12209356783368659,0.13665091964298615,2.105478238995812,173.58978312780258
1786653859.734333,880,1,walking,walking,0.6,0.12255693283524632,0.09505013155147649,2.3714837417386354,173.76747336376158
1786653859.7750251,881,1,walking,walking,0.6,0.1178643240118357,0.08037531673798151,2.411594746724959,174.14388770645886
1786653859.926843,882,1,walking,walking,0.6,0.11305545187268112,0.0635966938629485,2.247783428073162,173.90769182275926
1786653859.9685366,883,1,walking,walking,0.6,0.10395242888974844,0.06115831262218271,2.3006252261142737,174.11524463036648
1786653860.0150495,884,1,walking,walking,0.6,0.09108642798957331,0.05891078905128147,2.1334692113772915,174.18535416397143
1786653860.064119,885,1,standing,walking,0.75,0.06100085775192607,0.055166945184174546,2.081960445453569,174.8048968395209
1786653860.1279678,886,1,standing,walking,0.75,0.03294332971131108,0.03320990424430004,1.9758748028020048,176.45955607444483
1786653860.1641927,887,1,standing,walking,0.75,0.03312833848901214,0.03267317916977727,2.1528094469106818,176.3404175776167
1786653860.2216518,888,1,idle,walking,0.85,0.013472539922763677,0.008656501079112741,2.3545638887376654,176.1610303214991
1786653860.2609115,889,1,idle,standing,0.85,0.008694193459184275,0.007024832286489299,2.183206130025123,176.25566217672588
1786653860.3235207,890,1,idle,standing,0.85,0.004454782298221539,0.007459791584794962,2.0628507254959754,176.49357860206473
1786653860.366084,891,1,idle,standing,0.85,0.0036714758012199073,0.007910505650099826,2.0488614729198122,176.49809087893237
1786653860.4025278,892,1,idle,idle,0.85,0.004844008755539776,0.008321879487558886,2.0904409066312755,176.46695619777987
1786653860.4536607,893,1,idle,idle,0.85,0.004207996044290018,0.006130323366023797,2.1410632720751193,176.45766071120718
1786653860.5034695,894,1,idle,idle,0.85,0.0037874527676401543,0.006124891143227349,2.2005880425673423,176.44274928657188
1786653860.5483406,895,1,idle,idle,0.85,0.003967234506541729,0.006188336741883968,2.27079790158533,176.39308072816976
1786653860.5881615,896,1,idle,idle,0.85,0.004272156089883256,0.006795031685463553,2.480566446198517,176.3532191552597
1786653860.6578164,897,1,idle,idle,0.85,0.004451842737277184,0.006856872867384506,2.6448830637913856,176.27656871689115
1786653860.7712395,898,1,idle,idle,0.85,0.006258400418259885,0.009883309185571967,2.944819197890719,176.0963284543379
1786653860.9734454,899,1,idle,idle,0.85,0.007435165651777055,0.012130084901343506,3.3302722343522446,175.83399398190105
1786653861.052559,900,1,idle,idle,0.85,0.007334202870165747,0.012025713957462835,3.7450844369207927,175.54295123838716
1786653861.1578186,901,1,idle,idle,0.85,0.00667013006778462,0.01911778192436049,4.154654865312172,174.84995462831904
1786653861.375947,902,1,standing,idle,0.75,0.009352118511557286,0.02325935519577394,4.476736371717033,174.03608649777078
1786653861.4773662,903,1,standing,idle,0.75,0.013539180003890584,0.025007002942583626,4.794488177447362,173.17389698120706
1786653861.5423574,904,1,standing,idle,0.75,0.016433363040894565,0.02613547201655097,5.130965214733209,172.38269211408078
1786653861.649603,905,1,standing,idle,0.75,0.020008287043095326,0.02753927611888834,5.435242525033695,171.55998667127827
1786653861.6857903,906,1,standing,standing,0.75,0.022150257858413184,0.029633010939885296,5.485216530914928,170.54027947240638
1786653861.7471888,907,1,standing,standing,0.75,0.021480059052192718,0.02936321393485765,5.459458831096888,168.9562411914729
1786653861.7896268,908,1,standing,standing,0.75,0.02015624737264525,0.02649599926059977,5.275289214275603,167.46229593345114
1786653861.8236313,909,1,standing,standing,0.75,0.023084580273430452,0.032321114021014945,4.767111814270558,166.4097746019031
1786653861.902687,910,1,standing,standing,0.75,0.02273927112953772,0.02548312503453255,4.263287906937455,165.3832444904508
1786653861.9351308,911,1,standing,standing,0.75,0.025713464292397858,0.02437573288149116,4.034317487454093,164.71529544510298
1786653861.9889374,912,1,standing,standing,0.75,0.024526048883946668,0.03167569219535117,4.62280216722779,163.07001636039962
1786653862.0831757,913,1,standing,standing,0.75,0.03704610298350072,0.03946984742563504,5.863768879413426,162.89073280491533
1786653862.1450777,914,1,standing,standing,0.75,0.056341833585873684,0.04449842549849634,9.4501836689193,160.54621551057963
1786653862.183352,915,1,standing,standing,0.75,0.05396002615185477,0.04360749750364573,13.139520702614153,158.04882355966816
1786653862.2301898,916,1,walking,standing,0.6,0.05574034549806693,0.06395521021429132,19.420943331957652,156.054929708497
1786653862.2895577,917,1,walking,standing,0.6,0.08456586180345492,0.07838080399283211,27.627422558514592,154.93745672652028
1786653862.32312,918,1,bending,standing,0.5905022178245904,0.10389384836246457,0.08827251901485847,35.430133069475424,153.08978282897138
1786653862.3609588,919,1,bending,standing,0.7190414231464529,0.12592349402987976,0.13210269960317866,43.14248538878717,150.36909866258577
1786653862.4247944,920,1,bending,standing,0.8467135735638013,0.12999796721415127,0.14216102483160967,50.802814413828074,147.19187687036333
1786653862.4708254,921,1,bending,standing,0.9737819532098373,0.13785603986544656,0.13850853206296854,58.42691719259024,143.68294499383768
1786653862.5203607,922,1,bending,bending,1.0,0.1277139230581542,0.13796952491889716,65.49160583105521,141.66359170127095
1786653862.726804,923,1,bending,bending,1.0,0.11846981938264994,0.1519539893559244,71.61373703458837,137.36504659653855
1786653862.8872943,924,1,bending,bending,1.0,0.11876420032741458,0.15105577837840542,75.3719435941234,135.1170672106633
1786653863.0391045,925,1,bending,bending,1.0,0.16070236157864212,0.1615120789425323,78.34326896517261,136.11318457993278
1786653863.1803715,926,1,bending,bending,1.0,0.15108608423384406,0.16764146923650047,76.77549035319898,135.21585033075513
1786653863.2582493,927,1,bending,bending,1.0,0.14054273975430334,0.1557054865081328,72.70978603203409,134.30716411786327
1786653863.311505,928,1,bending,bending,1.0,0.12906003312029374,0.11650873978889144,67.86288156973406,135.31718041604753
1786653863.3539438,929,1,bending,bending,1.0,0.13390263371963704,0.10579955951854536,62.916553635719765,137.88308511624683
1786653863.3890684,930,1,bending,bending,0.9563769674374818,0.13428689965401425,0.10144554194033979,57.38261804624891,140.71152945313932
1786653863.4359484,931,1,bending,bending,0.8444266440909817,0.13658066586236098,0.09539401778828956,50.6655986454589,144.58345674697853
1786653863.4738603,932,1,bending,bending,0.7226187807202955,0.12542858889765995,0.07808146159832431,43.35712684321773,147.92171867085062
1786653863.6185672,933,1,bending,bending,0.5974373943579245,0.12832064179464744,0.0825273792971909,35.84624366147547,152.53534878235607
1786653863.7800527,934,1,walking,bending,0.6,0.08656328605798896,0.05245669354787089,28.173697058156666,157.58841067860286
1786653863.8663278,935,1,standing,bending,0.75,0.07142622581320554,0.03359322577380141,20.995953491422455,159.61673583563388
1786653863.9619796,936,1,standing,bending,0.75,0.06115292531190161,0.030423655997972462,15.872000182722948,163.29056058309237
1786653864.0524018,937,1,standing,bending,0.75,0.05290326976542374,0.025612968028931423,11.472189624689893,166.52635717010705
1786653864.109376,938,1,standing,bending,0.75,0.04075692157224895,0.023127900658287275,8.385111921947294,168.75724140841066
1786653864.1534343,939,1,standing,standing,0.75,0.030309755078285323,0.022162835618981813,5.7747436130746,169.89447386687343
1786653864.1878576,940,1,standing,standing,0.75,0.02412315580487643,0.024259006465265937,3.6823708678071263,170.72648978286026
1786653864.3447454,941,1,standing,standing,0.75,0.021712574327379212,0.022495850984330434,2.507013965102639,170.9346937810446
1786653864.387143,942,1,standing,standing,0.75,0.02056023351077067,0.025578552864751528,1.6689966199932467,171.46134509101398
1786653864.4298005,943,1,standing,standing,0.75,0.019006157719691268,0.02587843722746362,1.2887251076707962,171.63314049913194
1786653864.4701276,944,1,standing,standing,0.75,0.018037772690703807,0.02819554742584349,1.0622725523607497,171.25352308268444
1786653864.5073187,945,1,standing,standing,0.75,0.020947886922890197,0.033003581543332265,1.1288889646821851,170.89506450351539
1786653864.5423083,946,1,standing,standing,0.75,0.022583375747228834,0.0350977524147992,1.468936857316701,170.49679481249433
1786653864.577689,947,1,standing,standing,0.75,0.02497808921992463,0.03795629090164941,1.9263947502525531,170.27042197316598
1786653864.6578584,948,1,standing,standing,0.75,0.031058386631335935,0.04295608012034408,2.360062879790616,169.5110767872374
1786653864.6969287,949,1,standing,standing,0.75,0.03795997436620015,0.042034266845137634,3.1397154411505874,169.09321219532768
1786653864.741025,950,1,standing,standing,0.75,0.04066262787308242,0.046723766635525354,4.268099396060718,168.89235556094002
1786653864.7794294,951,1,standing,standing,0.75,0.04403357385176064,0.04061194282673394,5.716432460908193,169.24284791092373
1786653864.815779,952,1,standing,standing,0.75,0.046602790110041696,0.0427129940467922,7.680830493241176,168.52837064589863
1786653864.864679,953,1,standing,standing,0.75,0.05445411804794229,0.05056038564475993,9.423804912355806,168.309455417817
1786653864.9414244,954,1,standing,standing,0.75,0.05888893873906387,0.05775124400087924,11.480390056943355,167.94047597315932
1786653865.003195,955,1,walking,standing,0.6,0.06802949596561744,0.07062638410101713,14.190684916865294,167.75619437722872
1786653865.054706,956,1,walking,standing,0.6,0.08016247092619858,0.08325218919223144,17.373104711861252,167.62368454421963
1786653865.1099665,957,1,walking,standing,0.624166705729556,0.11089249004770362,0.11235000703132009,21.99276856688825,166.55139206201062
1786653865.1667418,958,1,walking,standing,0.7322657493125518,0.15709894554925774,0.13180783487625933,28.271761801778354,163.98063847969607
1786653865.2248788,959,1,bending,walking,0.5924146107497003,0.17414432389079565,0.14419975247690284,35.54487664498202,160.3067931324172
1786653865.352103,960,1,bending,walking,0.7192864788986295,0.19686043591094682,0.16681763979227568,43.15718873391777,158.07943214389132
1786653865.3896983,961,1,bending,walking,0.837831730279294,0.19855946720858983,0.1939128940800089,50.26990381675764,156.97013322348448
1786653865.4278276,962,1,bending,walking,0.9518696204533724,0.2153262761631244,0.21145864475944087,57.112177227202345,154.830050369988
1786653865.461684,963,1,bending,bending,1.0,0.2393887452166846,0.2647970870431722,64.08761462992479,151.34814977013747
1786653865.5635517,964,1,bending,bending,1.0,0.2463190980641463,0.28199196543683935,68.56935100978862,150.25005039674122
1786653865.6084454,965,1,bending,bending,1.0,0.23524196277087953,0.3204248295341571,68.53275129295312,149.33443436832175
1786653865.6585114,966,1,bending,bending,1.0,0.21418395259778764,0.3197754169194735,66.17764276817621,147.52328060591367
1786653865.6959944,967,1,bending,bending,1.0,0.16020526713586325,0.2980205368294108,62.2453112823077,146.38923944225826
1786653865.7276735,968,1,bending,bending,0.9393188824147628,0.16963604533501087,0.2874164720506104,56.359132944885765,148.70844679071263
1786653865.7750437,969,1,bending,bending,0.8233385386920273,0.15630620578159257,0.2693593033826353,49.40031232152164,149.4369598114086
1786653865.8128443,970,1,bending,bending,0.6959080974614905,0.15906671211241602,0.23885215436010288,41.75448584768943,151.06529213610756
1786653865.8652916,971,1,walking,bending,1.0,0.13198947041233114,0.20963845585688623,34.28562229015068,150.72838791791966
1786653865.899091,972,1,walking,bending,0.8168646194141237,0.10780644476274248,0.14703563149454224,26.83054142141134,152.77374661985246
1786653865.9648447,973,1,walking,bending,0.6719892853630031,0.1077063493631018,0.12095807136534055,18.713658565891386,155.50890325595202
1786653866.0255575,974,1,walking,bending,0.6,0.10227966699799777,0.06732645148832989,12.773568721927493,156.02420863173379
1786653866.0693917,975,1,walking,walking,0.6,0.10809873043659539,0.04794267369075181,10.2173016487545,156.70956571618902
1786653866.1389625,976,1,walking,walking,0.6,0.11845695044319766,0.0635894157989173,9.145936604331991,155.90715123415993
1786653866.206727,977,1,walking,walking,0.6,0.09713073105302149,0.07412746522274487,8.072147399540304,155.65587277627435
1786653866.2436802,978,1,walking,walking,0.6,0.08268507644108464,0.0693053733103074,7.250199891264377,153.637312509185
1786653866.2770498,979,1,walking,walking,0.6,0.08717172450307403,0.08682222201333627,6.233549556216601,155.41729042457868
1786653866.3138502,980,1,walking,walking,0.6935535514191851,0.11557057294001126,0.12483963925545331,5.48728313282774,156.53374437531227
1786653866.3498416,981,1,walking,walking,0.7167761665359712,0.12558697588102494,0.12901970997647483,4.839040177376406,157.5387474870426
1786653866.3852854,982,1,walking,walking,0.6894889756522885,0.10567997987100847,0.12410801561741192,4.006950516329217,158.0519119383117
1786653866.4303455,983,1,walking,walking,0.7404677969033505,0.1258078342897403,0.13328420344260308,3.997582134929104,157.17208624830283
1786653866.4657788,984,1,walking,walking,0.8902783682577188,0.1434121140995937,0.16025010628638936,3.762645528390421,155.51133044862644
1786653866.5188534,985,1,walking,walking,0.9369651206924495,0.14194008682320663,0.1686537217246409,4.037772227765911,154.60400676818355
1786653866.5530736,986,1,walking,walking,0.8641399396741914,0.1353436177615455,0.15554518914135446,4.254782997197997,156.1485473427401
1786653866.604622,987,1,walking,walking,1.0,0.17140430226554712,0.19042857126460858,4.162257528764958,157.62157058374885
1786653866.6531544,988,1,walking,walking,1.0,0.17275269985363673,0.1828947509255387,4.12231271543552,160.26570904579256
1786653866.6865776,989,1,walking,walking,0.8515327277884205,0.15672794374471152,0.1532758910019157,4.11503023921087,160.68528272481268
1786653866.7319267,990,1,walking,walking,0.8230273092218305,0.13874524101887484,0.1481449156599295,3.9208915718991735,159.31608203508762
1786653866.7789652,991,1,walking,walking,0.9055969841867951,0.16760701894091115,0.1630074571536231,3.718212553382515,158.1850688943849
1786653866.8313162,992,1,walking,walking,0.8658150272820615,0.15420720252045464,0.15584670491077107,3.851289982432859,157.4878912378947
1786653866.8756347,993,1,walking,walking,0.6367135457395575,0.11434243677180883,0.11460843823312035,3.948659638843419,158.25224677055112
1786653866.9090304,994,1,walking,walking,0.6,0.1118466363323927,0.09572356690221567,4.412029534208149,160.89962513884447
1786653866.968819,995,1,walking,walking,0.6,0.11265394793565742,0.09646597082165381,4.917485622926174,162.97433702402773
1786653867.0181026,996,1,walking,walking,0.6,0.07899854854324173,0.06257722641936475,5.665519090892429,164.82727360750252
1786653867.0637753,997,1,standing,walking,0.75,0.06773619261080571,0.052102778108923636,6.695219857031402,166.26594073159077
1786653867.0996385,998,1,standing,walking,0.75,0.0699814175374417,0.04478327184643677,7.205524989204045,166.34071966736326
1786653867.1339316,999,1,standing,walking,0.75,0.06957962017977445,0.042856024536816466,7.544365823157494,167.26752467663667
1786653867.192984,1000,1,standing,walking,0.75,0.05490318645315812,0.02798494603835016,7.724688999728298,168.07221085262
1786653867.2631896,1001,1,standing,standing,0.75,0.05721832964117432,0.03069307769816224,7.676564180524861,169.69784708656573
1786653867.3001797,1002,1,standing,standing,0.75,0.061775851984172764,0.039971052616984006,7.289238777309573,171.05493528579197
1786653867.3369124,1003,1,standing,standing,0.75,0.06478399892818776,0.04919236265433851,6.987209715936162,172.44809695942186
1786653867.3778756,1004,1,standing,standing,0.75,0.06706761828255854,0.05650761381098689,6.435288087970112,173.04524123764025
1786653867.4158416,1005,1,walking,standing,0.6,0.07398212737313337,0.06628665349049731,5.626369158682275,172.65904663584732
1786653867.4574592,1006,1,walking,standing,0.6,0.07927486211554365,0.06983849688281839,4.767197354432947,171.65793433624492
1786653867.492329,1007,1,walking,standing,0.6,0.07499313995248924,0.07736016088805653,4.011048271735065,169.74029442104353
1786653867.5275154,1008,1,walking,standing,0.6,0.08823125250959234,0.10107334191959425,3.8977589797029433,169.31934695478964
1786653867.565607,1009,1,walking,walking,0.6,0.08514525608110074,0.10731662696271799,3.918568167054313,168.42911035292659
1786653867.6053808,1010,1,walking,walking,0.6665299269175856,0.09271177502893141,0.1199753868451654,4.209710535064307,167.35350304707345
1786653867.6648095,1011,1,walking,walking,0.7433301130878879,0.10235360840418371,0.13379942035581982,4.4189452460898995,166.76633256473082
1786653867.720095,1012,1,walking,walking,0.7742048029797438,0.10174600512276902,0.13935686453635387,4.282754613192408,166.098047747403
1786653867.7875338,1013,1,walking,walking,0.7381360518935068,0.11404231451476016,0.13286448934083123,3.867492014778019,164.66212262816163
1786653867.8231013,1014,1,walking,walking,0.7348951973796831,0.12463572179386263,0.13228113552834295,3.618131674538715,162.22814030697555
1786653867.8741927,1015,1,walking,walking,0.7962402662185507,0.1377582151161946,0.14332324791933912,3.4252283709177207,159.58820898516157
1786653867.9094005,1016,1,walking,walking,0.8414809614641268,0.13917660535049967,0.1514665730635428,3.201979183149139,157.56910282712488
1786653867.9845378,1017,1,walking,walking,0.848129846374262,0.14116414726059834,0.15266337234736715,3.1152989342374173,157.44450218518665
1786653868.0197263,1018,1,walking,walking,0.8068563364876965,0.1299243542699041,0.14523414056778536,2.80684637101796,156.28829109258473
1786653868.102306,1019,1,walking,walking,0.9558410568276726,0.1449356136845007,0.17205139022898105,2.4028493515389995,156.31555272591726
1786653868.1382651,1020,1,walking,walking,0.9292677942445229,0.145328582449871,0.16726820296401412,1.6837765012121673,157.2667713339052
1786653868.1833367,1021,1,walking,walking,0.8212143870147424,0.13669809667099977,0.14781858966265363,1.188728965108455,157.172936118637
1786653868.2183673,1022,1,walking,walking,0.9461147424040458,0.13693157798063868,0.17030065363272823,1.0115814710596835,158.1955519213352
1786653868.2533302,1023,1,walking,walking,1.0,0.12790517123210657,0.18244854508107408,1.1413999126307712,159.42153341194788
1786653868.293943,1024,1,walking,walking,1.0,0.11595996883902686,0.18438960194615495,1.2969030022337846,161.26262982690676
1786653868.329946,1025,1,walking,walking,0.930118486893443,0.10345565400438891,0.16742132764081974,1.4929399654253142,163.55169093903115
1786653868.388396,1026,1,walking,walking,0.9537324180240647,0.10360295585388983,0.17167183524433163,1.4952819104855888,166.05224340359746
1786653868.5055335,1027,1,walking,walking,0.9674438445247898,0.11322792968502005,0.17413989201446214,1.4881572969571972,167.74892986551677
1786653868.5461793,1028,1,walking,walking,0.757959216450841,0.08671709535342512,0.13643265896115137,1.8213860992924005,168.99560825115876
1786653868.581245,1029,1,walking,walking,0.7000282499159628,0.0798247150547241,0.1260050849848733,2.353087570824443,168.9144261117472
1786653868.6331224,1030,1,walking,walking,0.7110286755266628,0.08608465016987331,0.1279851615947993,3.1756156041270516,167.71915938220644
1786653868.698135,1031,1,walking,walking,0.6,0.07092336853135323,0.1077518730648132,3.795871835842899,166.0865393132355
1786653868.7810552,1032,1,walking,walking,0.6,0.07013306971923386,0.09924800159029448,4.351883047748491,164.3681054780545
1786653868.817802,1033,1,walking,walking,0.6,0.060668756845354915,0.08160981366011154,4.769470782697813,163.37658612588206
1786653868.85337,1034,1,walking,walking,0.6,0.06961218119701931,0.09885376325805756,4.790827321461309,163.71553137764025
1786653868.9024136,1035,1,walking,walking,0.6,0.07750283346096071,0.07280269979420669,4.811867737336657,163.18119218910607
1786653868.950082,1036,1,walking,walking,0.6,0.06849278682900332,0.0702049405764456,4.985224213726405,162.63891567974792
1786653868.984855,1037,1,walking,walking,0.6,0.08714868460762618,0.07467151027049447,4.767182722584174,159.74988765388565
1786653869.0199428,1038,1,walking,walking,0.6,0.0901442949209767,0.08865322639093275,4.327847520324837,156.18020967129763
1786653869.0576768,1039,1,walking,walking,0.6138237982894533,0.09296856419239259,0.11048828369210159,3.8743148092301736,155.02841894988893
1786653869.1261876,1040,1,walking,walking,0.6517743361885887,0.1025675594808536,0.11731938051394596,3.0963301989623924,155.84120194659994
1786653869.1696377,1041,1,walking,walking,0.6654597983291487,0.10351021304739855,0.11978276369924676,2.845322942292795,158.03177026214672
1786653869.225864,1042,1,walking,walking,0.7186540950079549,0.1151029441940886,0.12935773710143186,2.812804145156769,159.05881059321922
1786653869.2609406,1043,1,walking,walking,0.656761107064322,0.12281308960338855,0.11821699927157796,2.7777908896094337,159.59710384254976
1786653869.3179705,1044,1,walking,walking,0.7207563540181624,0.11478688640401151,0.12973614372326922,3.1286323097285744,158.25221781908954
1786653869.3664508,1045,1,walking,walking,0.7258513075702483,0.11442854770417288,0.13065323536264467,3.480471244649176,157.8561191369929
1786653869.4358835,1046,1,walking,walking,0.8629542345873791,0.12698220772860702,0.15533176222572823,3.9596466578001026,158.7335294002763
1786653869.4800916,1047,1,walking,walking,0.7863217500050855,0.1233727445567922,0.1415379150009154,4.451745193219857,162.42100529035463
1786653869.5931764,1048,1,walking,walking,0.7193426297029609,0.11836407567781862,0.12948167334653296,4.840819041193635,166.99347365575062
1786653869.642231,1049,1,walking,walking,0.6427737022162726,0.10647183470378317,0.11569926639892907,5.035024561965948,169.66401680106097
1786653869.7053192,1050,1,walking,walking,0.6780453932761352,0.11021776113414204,0.12204817078970434,5.145545622671104,170.49650526787116
1786653869.7504356,1051,1,walking,walking,0.6211394562960093,0.09828710757349692,0.11180510213328167,4.960072568810684,170.30704068216326
1786653869.7918754,1052,1,walking,walking,0.7464517924419458,0.09760010607860227,0.13436132263955025,4.51568857333868,170.64893828323824
1786653869.838864,1053,1,walking,walking,0.6615570608650626,0.08242736233049812,0.11908027095571128,4.097113406548473,171.32027186990106
1786653869.8717556,1054,1,walking,walking,0.7712797913838219,0.0967522956813246,0.13883036244908792,3.5750391019958947,173.12084165015344
1786653869.947698,1055,1,walking,walking,0.6160010153355115,0.06189397642692575,0.11088018276039208,3.087149762990042,174.7027437124375
1786653869.9838755,1056,1,walking,walking,0.6,0.05503684166950576,0.10247064574366956,2.5134964840757563,174.86809628377128
1786653870.0162919,1057,1,walking,walking,0.6,0.05298501076984501,0.09269921595129199,2.1360959543107882,174.56331672415683
1786653870.0603004,1058,1,walking,walking,0.6,0.05636314817980586,0.09290306932524305,1.9914153118747464,174.30949597497994
1786653870.096458,1059,1,walking,walking,0.6,0.06066354809561133,0.10494684915075456,1.9032311884243491,173.12352550043732
1786653870.142096,1060,1,walking,walking,0.6,0.060428476722149,0.10496312069836627,2.1628195166129607,172.60102475115605
1786653870.1766562,1061,1,walking,walking,0.6,0.051114809274172196,0.08544943205390763,2.468669326953278,172.25494784012338
1786653870.2136896,1062,1,walking,walking,0.6,0.06440815064799482,0.10410485048984162,2.86285246923872,172.329393581977
1786653870.2595937,1063,1,walking,walking,0.6,0.054907082541824755,0.0928618585473381,2.92242028920996,172.80463911448427
1786653870.2999866,1064,1,walking,walking,0.6,0.06075347068033511,0.09187125102315134,2.8736472162258675,172.67454953073712
1786653870.3541641,1065,1,walking,walking,0.6,0.0605337481202624,0.0922147340003835,2.8024260785471595,172.75669082111366
1786653870.402479,1066,1,walking,walking,0.6253931619363177,0.07070463804368149,0.11257076914853717,2.865363790241875,171.64659625478257
1786653870.442762,1067,1,walking,walking,0.6503266380458012,0.0767686954050145,0.11705879484824419,2.7459258599958285,170.71470330281218
1786653870.479599,1068,1,walking,walking,0.6,0.06108606089948568,0.09332612814224434,2.3923044463396352,169.8290097175256
1786653870.5162666,1069,1,walking,walking,0.6,0.06405575291052003,0.09838465772528365,2.0680279017842698,170.34237553862752
1786653870.613558,1070,1,walking,walking,0.6,0.06265569802594467,0.09368443052383585,1.7738396270492178,170.33048680992428
1786653870.6607401,1071,1,walking,walking,0.6,0.05389035343005909,0.08091217646062179,1.5154183621253954,170.02830823193204
1786653870.7027855,1072,1,walking,walking,0.6,0.05327977548763355,0.07564430283382763,1.2930418866325126,168.67211111429532
1786653870.7360017,1073,1,walking,walking,0.6,0.05203520227020722,0.07810418239846562,1.3271208928713363,166.31534471974015
1786653870.7975516,1074,1,walking,walking,0.6,0.05497947104637784,0.07958282878542935,1.4061437020325953,164.73336730462577
1786653870.833386,1075,1,standing,walking,0.75,0.04489307481136331,0.05734847607034659,1.4473273144968892,163.6820725063198
1786653870.872166,1076,1,standing,walking,0.75,0.03724661815992168,0.055001769723874654,1.2843093375063597,164.40761267659815
1786653870.9051747,1077,1,standing,walking,0.75,0.03405766257186128,0.04269963600639965,1.3101582907952036,164.95893172235213
1786653870.9985528,1078,1,standing,walking,0.75,0.03458830801568156,0.04454535440255815,1.287743074943577,165.6259328036999
1786653871.032472,1079,1,standing,standing,0.75,0.036659592645627403,0.045292302643129306,1.4644009472818595,165.6407064444844
1786653871.0894263,1080,1,standing,standing,0.75,0.03248870570427711,0.04084417257110981,1.6276530968879914,166.27554070974924
1786653871.1211147,1081,1,walking,standing,0.6,0.04559424519370717,0.06976337665607008,1.4011112256088905,164.12449888909433
1786653871.1634264,1082,1,walking,standing,0.6,0.05252515731667091,0.0926431742463699,1.542635352670919,164.3119725894898
1786653871.2160857,1083,1,walking,standing,0.6,0.05147668440230471,0.09533051590245714,1.7062872556562696,165.67783110563522
1786653871.254556,1084,1,walking,standing,0.6,0.056160488212722265,0.10366218415351079,2.32031884274929,166.81028774382403
1786653871.2876532,1085,1,walking,walking,0.6370693619545754,0.06281636515208201,0.11467248515182356,2.9055116913220402,167.93364844969503
1786653871.343265,1086,1,walking,walking,0.698538622807102,0.08235598170672748,0.12573695210527835,3.288135685375294,168.22241463714641
1786653871.3837368,1087,1,walking,walking,0.6819720433421693,0.08750434974133559,0.12275496780159045,3.6313860547510695,168.55407260580716
1786653871.434886,1088,1,walking,walking,0.6567177468336248,0.08021208344716962,0.11820919443005246,4.011071586295964,168.85420207947365
1786653871.4987774,1089,1,walking,walking,0.6753862677692205,0.08687381174189887,0.12156952819845968,4.042247085450031,169.160733358378
1786653871.5337887,1090,1,walking,walking,0.6,0.07841659475419355,0.10044161819138057,3.6874572675228037,169.01853925326208
1786653871.572154,1091,1,walking,walking,0.6,0.069960704141026,0.08522253419749692,3.9594687499936354,171.57429404614268
1786653871.6509705,1092,1,walking,walking,0.6,0.0759524976842203,0.10051896541642821,3.7480375548714036,172.733452005052
1786653871.7232206,1093,1,walking,walking,0.6120336586047908,0.07663491350037686,0.11016605854886233,3.40922304135824,173.6747843361076
1786653871.762985,1094,1,walking,walking,0.6787076370348815,0.0880994403132365,0.12216737466627865,3.1855209959076998,173.9259934687925
1786653871.799394,1095,1,walking,walking,0.622752164309411,0.06808866826636265,0.11209538957569398,3.0118051617068486,173.71343280997186
1786653871.8995845,1096,1,walking,walking,0.7318948402356568,0.0666358212691767,0.1317410712424182,3.2115132070022248,172.80716311634131
1786653871.9446306,1097,1,walking,walking,0.8720852930252373,0.0846073321088199,0.15697535274454272,3.3408508555080765,172.53261502922538
1786653871.9912076,1098,1,walking,walking,0.8478055143137825,0.07723956614911347,0.15260499257648086,3.4587237859746294,172.2536809589204
1786653872.1016161,1099,1,walking,walking,0.9281043634409047,0.09257455241314679,0.16705878541936284,3.1484052263759685,172.77872645380677
1786653872.1392415,1100,1,walking,walking,0.8592032251013354,0.09921347277559889,0.15465658051824038,3.1851563448735223,173.54702249328267
1786653872.1882036,1101,1,walking,walking,0.7817987362255477,0.1052578883340461,0.1407237725205986,3.0934145839928107,174.55767784912447
1786653872.2224908,1102,1,walking,walking,0.705964948222983,0.1097827195639189,0.1270736906801369,3.044332708531756,174.24187761682603
1786653872.306867,1103,1,walking,walking,0.6252171684926665,0.09956182159538703,0.11253909032867997,3.2940613839090873,173.67395300876558
1786653872.3423655,1104,1,walking,walking,0.6183880702459758,0.1001958707147836,0.11130985264427563,3.116240073708916,173.36523617096876
1786653872.3785458,1105,1,walking,walking,0.6321431320049203,0.11162124110887363,0.11378576376088564,3.409383329085082,172.92817984030006
1786653872.439802,1106,1,walking,walking,0.6,0.0936504414916429,0.08847022172243016,3.570676337886879,173.49818453306818
1786653872.4783328,1107,1,walking,walking,0.6218103276311707,0.10320934806997295,0.11192585897361074,3.755571883725422,174.02288156875883
1786653872.5269313,1108,1,walking,walking,0.6,0.08820482277124565,0.09985081677366518,3.9774557651828104,174.1902991821205
1786653872.5634856,1109,1,walking,walking,0.6418101040003282,0.09093566866048751,0.11552581872005908,4.301109586081362,173.95321340347456
1786653872.6034987,1110,1,walking,walking,0.6191587905948145,0.0813700049408205,0.11144858230706661,4.673860499741787,172.5218682569092
1786653872.7547874,1111,1,walking,walking,0.6670400036486998,0.07611487608044148,0.12006720065676596,4.627577152594926,171.3269462833598
1786653872.8045251,1112,1,walking,walking,0.6,0.0662462258589349,0.1074560409662238,4.667081434115593,170.7248769531595
1786653872.8463602,1113,1,walking,walking,0.7271717666066925,0.0738323146065542,0.13089091798920463,4.847994363937318,171.15043173263902
1786653872.9880924,1114,1,walking,walking,0.6562790893495117,0.06521461151404548,0.11813023608291211,5.1153400563562155,171.27246159070967
1786653873.029443,1115,1,walking,walking,0.6743875306201977,0.07968212320094839,0.12138975551163557,5.0147132263958625,171.5271561233879
1786653873.101887,1116,1,walking,walking,0.6202781990382644,0.09452004684510922,0.11165007582688759,4.934026746367417,170.20471336734073
1786653873.1477246,1117,1,walking,walking,0.6,0.08513156538132954,0.09841907331997894,4.951320257135078,168.3178122041551
1786653873.1905808,1118,1,walking,walking,0.6,0.08193893520689734,0.0936712219788654,5.329622809776906,166.82385288672398
1786653873.2378805,1119,1,walking,walking,0.6,0.08087160309160134,0.09573577293903429,6.118945338453657,165.6549790355281
1786653873.2862976,1120,1,walking,walking,0.6,0.07514144726785915,0.08327113706777993,6.67832196233236,166.19333478198632
1786653873.3219016,1121,1,walking,walking,0.6,0.07812989030031708,0.08534394135348365,7.375478633899078,166.96343821046602
1786653873.3608756,1122,1,walking,walking,0.6,0.07434290746834551,0.06903419512249681,7.922605065293145,167.71026301726414
1786653873.4170861,1123,1,standing,walking,0.75,0.06447352898264797,0.05788431034100034,8.198374617341177,166.9160080134871
1786653873.4542446,1124,1,standing,walking,0.75,0.06677022131963774,0.057460174608350435,8.25612618819318,165.99971780316332
1786653873.529381,1125,1,standing,walking,0.75,0.04275973507921834,0.045228806485318455,8.235479410437124,165.04414768391638
1786653873.5751328,1126,1,standing,walking,0.75,0.05348857651507211,0.05758762171397322,8.210732045196298,164.62863980148373
1786653873.6107779,1127,1,standing,standing,0.75,0.04235041822351765,0.04197857921871481,8.15455488168548,164.22995204562915
1786653873.6439774,1128,1,walking,standing,0.6,0.05139884232761189,0.06252274665119227,7.634323395628582,164.44986048791884
1786653873.681317,1129,1,walking,standing,0.6,0.05493061164945165,0.07432098210794597,6.949715318246699,164.4465958402381
1786653873.7575493,1130,1,walking,standing,0.6,0.059930916216296676,0.08134358040143935,6.408541452695296,164.51122019918688
1786653873.858505,1131,1,walking,standing,0.6,0.05580294432556224,0.07419310147795334,5.95379536373728,164.05981082832608
1786653873.890896,1132,1,walking,walking,0.6,0.07425987876079987,0.07574627380455624,5.61951313020068,164.00161831834743
1786653873.9272287,1133,1,walking,walking,0.6,0.07192328533590801,0.08096393408049295,5.211288965592103,163.21837616585543
1786653873.9641528,1134,1,walking,walking,0.6,0.08741261955672258,0.09428791919418836,4.682470312046867,162.08603948174633
1786653874.0087974,1135,1,walking,walking,0.6,0.09006734042096082,0.09935896793060427,4.272514556366103,161.27671746373028
1786653874.1001418,1136,1,walking,walking,0.6361863605088353,0.10036208648330572,0.11451354489159035,3.782436482928375,162.0795347861113
1786653874.1514528,1137,1,walking,walking,0.6,0.10008569865123176,0.09931835570035664,3.3283711928616926,162.8025861581648
1786653874.1879592,1138,1,walking,walking,0.6,0.11463195518723936,0.0946805740449241,2.921152118469175,163.20108844887028
1786653874.2449207,1139,1,walking,walking,0.6,0.10685702377826288,0.08568506279037373,2.633037718119187,163.41203265361344
1786653874.2929738,1140,1,walking,walking,0.6,0.11639181157311272,0.09938607031548204,2.242731730373656,162.46206138576235
1786653874.3273213,1141,1,walking,walking,0.6891040260189604,0.12060730891475578,0.12403872468341287,2.0251921153918886,158.16129883842413
1786653874.3779237,1142,1,walking,walking,0.6451614964446044,0.10617105453076076,0.11612906936002879,1.8381192799130361,153.44134439162988
1786653874.4238968,1143,1,walking,walking,0.6363933743413082,0.09996479628858526,0.11455080738143547,1.7853157655846084,150.4440390110255
1786653874.4601943,1144,1,walking,walking,0.620857894462999,0.09475951952915936,0.11175442100333982,2.0202331171539507,150.53318942385755
1786653874.5224555,1145,1,walking,walking,0.6,0.09344427277240638,0.1076429813218128,2.3783398169395147,151.54467557562486
1786653874.567838,1146,1,walking,walking,0.6,0.08984379554866245,0.10455648541193288,3.225171835447692,152.07482516586168
1786653874.6341963,1147,1,walking,walking,0.6,0.07852330764571774,0.10188342491117874,4.691103831717967,151.8176193935847
1786653874.6929708,1148,1,walking,walking,0.6,0.08642543940345641,0.10335932940599321,6.954000704586437,150.60839671286857
1786653874.7698476,1149,1,walking,walking,0.6,0.08232692327406627,0.09485980399742718,9.692117304571308,148.9302887831637
1786653874.8136559,1150,1,walking,walking,0.6,0.06634079179104896,0.07405917451128868,13.658799535131859,147.83558968758544
1786653874.8616138,1151,1,walking,walking,0.6,0.07918260750431422,0.07788589118530369,17.759926043363144,149.26998902871696
1786653874.8984365,1152,1,walking,walking,0.6,0.09333753979565644,0.07162399184916432,23.116684447937384,148.6339216621568
1786653874.9323869,1153,1,walking,walking,0.6,0.08564290290188759,0.05664023216832776,28.397507029933934,147.49817936432368
1786653875.0060782,1154,1,walking,walking,0.6,0.09643881812712933,0.05081087352526111,33.95867204033736,142.3504890582417
1786653875.0388806,1155,1,bending,walking,0.6575428733733333,0.09289236352256654,0.04693610295535504,39.452572402399994,135.41305601339985
1786653875.084377,1156,1,bending,walking,0.740604387063579,0.08520291122823632,0.04147768634601456,44.43626322381474,128.46354370285016
1786653875.1240385,1157,1,bending,walking,0.8116647364941126,0.07739405430569529,0.03925392791846332,48.69988418964676,122.20308228241876
1786653875.1915786,1158,1,bending,walking,0.8598921501445678,0.09052620819265439,0.04188234384297687,51.59352900867407,119.25555283562828
1786653875.247573,1159,1,bending,bending,0.9005738021449541,0.08395103200871255,0.0349292384914508,54.03442812869724,116.76739385663605
1786653875.2825022,1160,1,bending,bending,0.904138830802535,0.08072487384946543,0.04205411683351426,54.248329848152096,114.6495144969688
1786653875.3299441,1161,1,bending,bending,0.8925446776477054,0.06328699470986382,0.0425529845983319,53.55268065886232,113.24352539101908
1786653875.3657122,1162,1,bending,bending,0.8601920471970212,0.06312166721789704,0.042759488383961625,51.611522831821276,113.85698380056897
1786653875.4116592,1163,1,bending,bending,0.7977018291031581,0.07997870611580396,0.05793713297773183,47.86210974618949,110.38518519966097
1786653875.4692028,1164,1,bending,bending,0.7295667091773547,0.07493295216149651,0.05579299150167841,43.77400255064128,108.97967630343528
1786653875.4694533,1164,4,standing,standing,0.75,0.0,0.0,3.276450229816428,154.280959629066
1786653875.50302,1165,1,bending,bending,0.6578331266861406,0.08516300506990625,0.0585377315908319,39.469987601168434,106.2038356224904
1786653875.5032954,1165,4,walking,walking,0.6,0.02431809724410035,0.09718330525187904,1.656518784041429,149.9590603681333
1786653875.5397875,1166,1,walking,bending,0.6,0.09771138115345349,0.06713348406228972,34.480706461874306,107.30904449850023
1786653875.6041186,1167,1,walking,bending,0.6,0.08289449494036961,0.06550071220178282,29.54337415878205,108.04990010147772
1786653875.6481447,1168,1,walking,bending,0.6,0.08421296971009513,0.06681859011652488,25.25979956175274,106.62714428276249
1786653875.6828098,1169,1,unknown,bending,0.3,0.07614765324454816,0.05783787717484242,20.946217720329773,103.7014128782611
1786653875.7168248,1170,1,walking,walking,0.6,0.07460806020425023,0.06342700734913864,18.3213439514666,95.26374011751987
1786653875.7997425,1171,1,walking,walking,0.6,0.0862644733771296,0.06590372551072625,16.953843726139993,89.42296873607177
1786653875.8665578,1172,1,unknown,walking,0.3,0.05031832321207145,0.04599124513275282,15.587189740908064,83.69599897593221
1786653875.9528286,1173,1,walking,walking,0.6,0.09600244807839675,0.05451899410346804,17.04176112222214,87.21694661539497
1786653875.9941192,1174,1,walking,walking,0.6,0.09930498561341247,0.055520291119045044,18.991449932688983,90.65031108587064
1786653876.044564,1175,1,walking,walking,0.6,0.08641711251381222,0.04734822741749947,20.96545732683453,95.8781772393619
1786653876.140599,1176,1,walking,walking,0.6,0.10077729986323768,0.04218293093160997,23.846137750226227,97.9256938942516
1786653876.1981514,1177,1,walking,walking,0.6,0.12380200703790102,0.042257680553959884,25.968390795713475,101.82805298030985
1786653876.2509375,1178,1,walking,walking,0.6,0.12236413094906351,0.03992851421263385,28.037650172941465,105.19538806230469
1786653876.345602,1179,1,walking,walking,0.6,0.13432436168164197,0.037722904589150716,28.549386749036138,111.09900484441853
1786653876.3813784,1180,1,walking,walking,0.6,0.1267876098424181,0.045814291548369857,28.14877780651948,121.95484682168394
1786653876.4154172,1181,1,walking,walking,0.6,0.128924047338903,0.056496326675614834,26.645815748847916,130.36285589124438
1786653876.4782722,1182,1,walking,walking,0.6,0.08800952904793943,0.05735338147473859,24.82927142411438,139.97707103559793
1786653876.524884,1183,1,walking,walking,0.6,0.07849109153183352,0.0607341548428642,21.78587651578479,145.29733463305402
1786653876.5588083,1184,1,walking,walking,0.6,0.08051719528280876,0.062082304392726745,18.05864125396571,150.34100911577102
1786653876.6115253,1185,1,walking,walking,0.6,0.06635618420531657,0.06211120240918203,14.56894362090405,155.85087791833553
1786653876.6497142,1186,1,walking,walking,0.6,0.049219233815801115,0.0604278184489195,11.070066108986932,160.7474981964076
1786653876.708244,1187,1,walking,walking,0.6,0.0492039820420645,0.06106331936179764,8.313256590414452,164.20368860366335
1786653876.7405531,1188,1,standing,walking,0.75,0.03870010275734794,0.0512849701979407,5.726860109017901,167.47221853968782
1786653876.7822442,1189,1,standing,walking,0.75,0.0415775400984955,0.04670372680272336,4.706682147765927,169.05931144133663
1786653876.817725,1190,1,standing,walking,0.75,0.038768759387334054,0.035668279068295596,4.024192739074006,171.04098936784146
1786653876.8732455,1191,1,standing,walking,0.75,0.036195706845856906,0.03412658422848245,3.671782436541173,173.1847004898351
1786653876.9083915,1192,1,standing,standing,0.75,0.035628803979010616,0.026497167198451504,3.3783711294022636,173.92866274569343
1786653876.968662,1193,1,standing,standing,0.75,0.03432384072352063,0.027505640968214888,3.226705570009744,173.53739851490394
1786653877.0045223,1194,1,standing,standing,0.75,0.03240908731389544,0.032563789858038046,3.2246360818664073,173.4994613381133
1786653877.0388403,1195,1,standing,standing,0.75,0.025086817251969564,0.0314783313720082,2.996815165801868,173.04757565026026
1786653877.088186,1196,1,standing,standing,0.75,0.027272544171428305,0.03299676387088448,2.7459836228089634,172.49888113382866
1786653877.125096,1197,1,standing,standing,0.75,0.023451172915518848,0.03436938591424435,2.5654892741655684,172.13800586764128
1786653877.166157,1198,1,standing,standing,0.75,0.016442239135763988,0.02759408274133682,2.2059191033828776,171.99930077986016
1786653877.2192721,1199,1,standing,standing,0.75,0.021560296967536228,0.03024574234546371,1.8490407517952678,172.58641742106684
1786653877.2666125,1200,1,standing,standing,0.75,0.022269638774325713,0.022707101761669467,1.5956256929723085,173.131517301682
1786653877.3118255,1201,1,standing,standing,0.75,0.021727211183930728,0.02258769466223022,1.4890472691089414,173.54511235055534
1786653877.4135032,1202,1,standing,standing,0.75,0.021249737790703764,0.01965978024109736,1.6315617402053353,174.0860628291404
1786653877.4465432,1203,1,standing,standing,0.75,0.02132377907908524,0.014232193476003916,1.9600939341381687,174.79909741092675
1786653877.4969523,1204,1,standing,standing,0.75,0.02491563908691949,0.014833144746017648,2.3325215462341324,175.1558232581179
1786653877.5327308,1205,1,standing,standing,0.75,0.024187286662791047,0.014802634963050485,2.753504384818927,175.607265073236
1786653877.5669837,1206,1,standing,standing,0.75,0.022412170915733207,0.013483247411916643,3.1657480353398455,175.78409311559278
1786653877.6316454,1207,1,standing,standing,0.75,0.022224377293455663,0.014099770090500991,3.5047142265139044,175.84356788541749
1786653877.6717458,1208,1,standing,standing,0.75,0.01708785332881204,0.011648337842286258,3.8497043251280636,175.8586800441839
1786653877.7609499,1209,1,idle,standing,0.85,0.014363050962228976,0.011720962287664683,4.173184572060594,175.89306028700827
1786653877.7935948,1210,1,idle,standing,0.85,0.010631345452809835,0.011274549691383652,4.452396456468731,175.8862561269457
1786653877.8847592,1211,1,idle,standing,0.85,0.011209472730666714,0.014293692940434774,4.695515888196576,175.64658812478405
1786653877.9618196,1212,1,idle,standing,0.85,0.008869886219700389,0.01390527548566792,4.937568026627439,175.3935549554008
1786653877.9945798,1213,1,idle,idle,0.85,0.007009633906185867,0.014167235548325456,5.006155447748699,175.04721339592018
1786653878.0685384,1214,1,idle,idle,0.85,0.006024485116986843,0.012519705801389426,5.128084275936532,174.7652826743433
1786653878.1170137,1215,1,idle,idle,0.85,0.005865378479699639,0.015940006568262784,5.148550381442551,174.55756906643495
1786653878.152228,1216,1,idle,idle,0.85,0.005616156075121996,0.016152537976569695,5.0755575861988635,174.51523323777297
1786653878.1954322,1217,1,idle,idle,0.85,0.009325492057198601,0.01701144111439116,4.83242130929249,174.66456114684783
1786653878.2322793,1218,1,idle,idle,0.85,0.011600329752518635,0.017514291424241005,4.571843969550896,174.91126915469107
1786653878.267118,1219,1,idle,idle,0.85,0.011453963904497513,0.018341781802810642,4.3773612659055,175.05331449706227
1786653878.3577197,1220,1,idle,idle,0.85,0.012250101445875815,0.015321973366172284,4.178629925615467,175.2449751413836
1786653878.4108493,1221,1,standing,idle,0.75,0.015630855812517403,0.015217546884103428,3.876970108564786,175.69293766876154
1786653878.45237,1222,1,idle,idle,0.85,0.014103201443777882,0.01539715808988275,3.5404361341312365,176.08198417183337
1786653878.487273,1223,1,standing,idle,0.75,0.016092331545917642,0.015182374733437158,3.273901181545667,176.53635968686893
1786653878.54693,1224,1,standing,idle,0.75,0.015755312041229937,0.010103567319799174,2.925816687243608,176.9882387536817
1786653878.5826542,1225,1,standing,idle,0.75,0.017183561602385523,0.009121168186213953,2.6011075061071756,177.30517133011537
1786653878.6241055,1226,1,idle,standing,0.85,0.01364974232167809,0.008198683886581853,2.325938248092642,177.5710723332472
1786653878.6717088,1227,1,idle,standing,0.85,0.011221496572232847,0.007754738265879292,2.197461803175389,177.69501544547586
1786653878.7062225,1228,1,idle,standing,0.85,0.011309403884179739,0.006512451719222902,2.0731270234635857,177.76924495570444
1786653878.7580044,1229,1,idle,standing,0.85,0.011168471046938432,0.006945475273410648,1.9129062773681977,177.79928085316993
1786653878.7939851,1230,1,idle,idle,0.85,0.007896669128159752,0.006858656830923286,1.7077740769969487,177.73796053704808
1786653878.8270845,1231,1,idle,idle,0.85,0.008313844607117754,0.00669440957588542,1.6680137729600162,177.61901935015692
1786653878.8628023,1232,1,idle,idle,0.85,0.006180339375270885,0.006906077734041601,1.6717289677560458,177.52396307077416
1786653878.8974745,1233,1,idle,idle,0.85,0.006119568933885875,0.007642953602724659,1.7067102736675483,177.56207423722395
1786653878.932074,1234,1,idle,idle,0.85,0.0051687655453219634,0.008423096953903917,1.786750259393515,177.57691799775006
1786653879.0336356,1235,1,idle,idle,0.85,0.005153939871419916,0.008067709100596978,1.8742019426742662,177.6128657354183
1786653879.1193035,1236,1,idle,idle,0.85,0.005534456028424063,0.008094978919607471,1.9393437960809479,177.78152111403688
1786653879.1721156,1237,1,idle,idle,0.85,0.005577771226755763,0.008523449360049081,2.0644658498540043,177.85417511075266
1786653879.2718818,1238,1,idle,idle,0.85,0.004374835170963911,0.00843268766230161,2.1452957733209845,177.89725741532473
1786653879.3188334,1239,1,idle,idle,0.85,0.004390406312179054,0.008198834881560911,2.249170688761775,177.94623122609525
1786653879.3840058,1240,1,idle,idle,0.85,0.00421747044630382,0.007605173495228294,2.3741508731693033,178.0447453587104
1786653879.5075095,1241,1,idle,idle,0.85,0.00423764523533938,0.008467659285675413,2.440419718451725,178.14894072115786
1786653879.5421994,1242,1,idle,idle,0.85,0.004270489449410974,0.008438739023736559,2.478764683105661,178.30054655721594
1786653879.6446798,1243,1,idle,idle,0.85,0.00446092215452097,0.008097567579688096,2.4936081700685198,178.3250155968172
1786653879.677562,1244,1,idle,idle,0.85,0.004551632342350468,0.008588427558415051,2.5362676238819,178.42615220966024
1786653879.7403939,1245,1,idle,idle,0.85,0.004780298165668706,0.00784170428976616,2.60095756607016,178.48136465922147
1786653879.8023846,1246,1,idle,idle,0.85,0.005378444476022619,0.008029285915288325,2.63688527466077,178.44795345628737
1786653879.8359895,1247,1,idle,idle,0.85,0.004870578003428255,0.00800200651554557,2.6793457454963088,178.4333974238719
1786653880.0254421,1248,1,idle,idle,0.85,0.005013998506647821,0.008236303513272696,2.812170535030669,178.45236347757435
1786653880.0625274,1249,1,idle,idle,0.85,0.004564251889680616,0.008829666964140462,2.900413770440203,178.48781064777353
1786653880.1092396,1250,1,idle,idle,0.85,0.004263770544850845,0.007160081852926558,2.8843624147318487,178.3741838045497
1786653880.1585984,1251,1,idle,idle,0.85,0.004700445213220517,0.007621891384247205,2.925764162141037,178.1530649276354
1786653880.206509,1252,1,idle,idle,0.85,0.004678000533683014,0.007551514008380532,2.9724682741408084,177.95258001083945
1786653880.3214,1253,1,idle,idle,0.85,0.004329458744818376,0.00827552309246324,3.07922641039498,177.82031390645355
1786653880.3658764,1254,1,idle,idle,0.85,0.004936246535619423,0.009641365045403624,3.1162016440048843,177.66745100807876
1786653880.4234738,1255,1,idle,idle,0.85,0.004219795604423676,0.01104719688883665,3.143366294653904,177.68289938742697
1786653880.4556465,1256,1,idle,idle,0.85,0.005419029309321439,0.01107803959315087,3.194508760954162,177.69179949388686
1786653880.4888263,1257,1,idle,idle,0.85,0.005229790645171692,0.011703833070617948,3.162983945432232,177.65714348450797
1786653880.542866,1258,1,idle,idle,0.85,0.006268768401997759,0.0117707289212104,3.137591557996614,177.63003190134367
1786653880.5762005,1259,1,idle,idle,0.85,0.0063692809491265635,0.011955025760547364,3.1832497563412803,177.67848030833449
1786653880.6475391,1260,1,idle,idle,0.85,0.00581066814382932,0.01196539341351248,3.331691320393446,177.88261517638838
1786653880.6809473,1261,1,idle,idle,0.85,0.006185878361540139,0.011653667913223765,3.4893951638255816,178.10867796029157
1786653880.769211,1262,1,idle,idle,0.85,0.006859363525357456,0.010434683332207385,3.709960658953496,178.23485453716117
1786653880.8015852,1263,1,idle,idle,0.85,0.00616434372369597,0.010488204985886073,3.791145198991395,178.33305147126873
1786653880.8851779,1264,1,idle,idle,0.85,0.006663835438777536,0.008665924033915582,3.8420664749946036,178.4761242616637
1786653880.9186878,1265,1,idle,idle,0.85,0.006406987982415397,0.009127880454180184,3.800547437599385,178.36452784420493
1786653880.9526277,1266,1,idle,idle,0.85,0.006409247032580872,0.009338538389680157,3.743055897624141,178.22950928948285
1786653880.9983404,1267,1,idle,idle,0.85,0.0064105240532592,0.009724117712122718,3.782069679588799,178.16804994978673
1786653881.047775,1268,1,idle,idle,0.85,0.007356771774351583,0.010139631382938767,3.8044952225820112,178.05115334622326
1786653881.0981905,1269,1,idle,idle,0.85,0.00778433415844284,0.011613329920161519,3.7435457473152645,177.62741549526277
1786653881.1434584,1270,1,idle,idle,0.85,0.007208381677942853,0.012502097636636662,3.665197824448775,177.2227788520774
1786653881.2021196,1271,1,idle,idle,0.85,0.007392501240502348,0.013051294581681859,3.5838666505187127,176.9086038537007
1786653881.2344081,1272,1,idle,idle,0.85,0.008411614252204044,0.012255706380721838,3.4060847534932415,176.7603171231172
1786653881.3072796,1273,1,idle,idle,0.85,0.009977174153728384,0.013192576022264445,3.3745735044284912,176.6582838977173
1786653881.345795,1274,1,idle,idle,0.85,0.011499517783978045,0.012993373685600197,3.313019847239193,176.5969799051197
1786653881.4074736,1275,1,idle,idle,0.85,0.012796986999018904,0.013118006806008246,3.117728650345623,176.58119824791987
1786653881.4477885,1276,1,idle,idle,0.85,0.013415188780875003,0.013552916154694929,3.18501189894533,176.50766063563123
1786653881.5211568,1277,1,idle,idle,0.85,0.01367181753605228,0.014022773916152463,3.230944666482391,176.52272208730292
1786653881.5616589,1278,1,idle,idle,0.85,0.0138052298763609,0.012465551922079265,3.2421497310319105,176.55058055817204
1786653881.6004498,1279,1,idle,idle,0.85,0.014635068864309946,0.011673603698293393,3.3363285965525593,176.70868798787976
1786653881.6414456,1280,1,idle,idle,0.85,0.01376899863485302,0.01133484381563206,3.411458178504211,176.86210344044287
1786653881.687493,1281,1,standing,idle,0.75,0.015961849028240313,0.011446377362368238,3.3053726511748933,177.06766815957138
1786653881.8004673,1282,1,standing,idle,0.75,0.015391007592990787,0.01048328459468016,3.3070773943198204,177.18768915330554
1786653881.8704836,1283,1,idle,idle,0.85,0.013379556392447823,0.010965154213381173,3.246076043552,177.19091645283962
1786653881.9154472,1284,1,idle,idle,0.85,0.013152234014088566,0.015427394848426942,3.260593865231705,177.1176002264545
1786653881.9604642,1285,1,idle,idle,0.85,0.013213791526354816,0.014962281224034682,3.5256803545787188,177.02193780815622
1786653882.0103972,1286,1,idle,idle,0.85,0.014489520730529547,0.01569684987941977,3.5921949299710256,176.97686968773894
1786653882.044534,1287,1,standing,idle,0.75,0.0168570394088598,0.015983788002705425,3.6587533745605354,176.71428921521164
1786653882.1496723,1288,1,standing,idle,0.75,0.02126854563533773,0.016583809882278932,3.7966764647425237,176.55465612935956
1786653882.1891236,1289,1,standing,idle,0.75,0.025235727177276655,0.018114771896716966,3.8578277123213405,176.36857839555006
1786653882.2545676,1290,1,standing,idle,0.75,0.025709000194044363,0.018751662786568556,4.040978587387924,176.40294020223928
1786653882.2890446,1291,1,standing,standing,0.75,0.027793239278663992,0.01948993263630677,4.380081429026849,176.28990160614063
1786653882.3379562,1292,1,standing,standing,0.75,0.02891075992002899,0.020599153555605886,4.633903191531916,176.20022047689594
1786653882.3721976,1293,1,standing,standing,0.75,0.02902832202814038,0.01868097408672871,4.976172051009021,175.9776815466042
1786653882.4573305,1294,1,standing,standing,0.75,0.028168093517567844,0.020498461361450795,5.270314429116654,175.47447901184552
1786653882.511263,1295,1,standing,standing,0.75,0.026710258456941773,0.020737076190843147,5.474370693937602,175.00764286879811
1786653882.5604703,1296,1,standing,standing,0.75,0.02549988076688362,0.02025968561636895,5.585174257459554,174.71496756358013
1786653882.5963945,1297,1,standing,standing,0.75,0.021320888502567838,0.020164252085183004,5.666357136506386,174.51480002353134
1786653882.6389182,1298,1,standing,standing,0.75,0.019175381699849833,0.019138734378901196,5.778733875057276,174.42464968816063
1786653882.7052913,1299,1,standing,standing,0.75,0.02036099293898489,0.018919998889519566,5.9758480072687385,174.4236384595931
1786653882.7420244,1300,1,standing,standing,0.75,0.016868335990581854,0.018642052272669303,6.0866318781579345,174.26782799401408
1786653882.8016946,1301,1,standing,standing,0.75,0.01759374100872678,0.01689622554413153,6.086242863871428,173.97156057882503
1786653882.8391218,1302,1,standing,standing,0.75,0.01784720996502605,0.013830033326533285,6.105036732843931,173.78722635478738
1786653883.0065405,1303,1,standing,standing,0.75,0.021830339113202115,0.014909937488909349,5.902097413893567,173.7630486296295
1786653883.0397468,1304,1,standing,standing,0.75,0.021724663949968036,0.013447543124871742,5.807565488162457,173.98611655694137
1786653883.0934205,1305,1,standing,standing,0.75,0.02005580872042141,0.012695206303334695,5.781973437872724,174.23094211113033
1786653883.195864,1306,1,standing,standing,0.75,0.02115803644640466,0.012790491725712956,5.756367533988697,174.13702865239935
1786653883.2287216,1307,1,standing,standing,0.75,0.020511998524326933,0.012501040776012344,5.649078171567329,173.987197995489
1786653883.263147,1308,1,standing,standing,0.75,0.015794315983205822,0.011980700233323224,5.443341802846557,173.6720159839493
1786653883.2997482,1309,1,standing,standing,0.75,0.016583824512492615,0.011405439965256468,5.173706556701553,173.4436122108844
1786653883.3498466,1310,1,idle,standing,0.85,0.014981894129069022,0.012377587414000909,4.859214705582231,173.23330360962086
1786653883.3834834,1311,1,idle,standing,0.85,0.014480047737539201,0.01272111659121177,4.638783840495864,173.1471146656223
1786653883.4176564,1312,1,idle,standing,0.85,0.010465514790558149,0.010011687144070688,4.3737595979447,173.0663910549848
1786653883.453535,1313,1,idle,standing,0.85,0.009664297332962328,0.009730460766604046,4.248929405757947,172.82292087254763
1786653883.4984078,1314,1,idle,idle,0.85,0.01189771001142026,0.010969681136276617,4.098215032162727,172.49324207980473
1786653883.5326605,1315,1,idle,idle,0.85,0.010999716564023095,0.011749397172208138,3.955534157827677,171.99603893670468
1786653883.655663,1316,1,idle,idle,0.85,0.009748116101589616,0.0123970365311185,3.8033646965149863,171.7549579827073
1786653883.6930678,1317,1,idle,idle,0.85,0.011054162579943655,0.013312022986277587,3.838105632954169,171.67268998024272
1786653883.7275212,1318,1,idle,idle,0.85,0.013611373746327001,0.014117760311159593,3.8611663386715698,171.7458694295041
1786653883.8025813,1319,1,standing,idle,0.75,0.022575616557721872,0.01457400856480852,3.8551957259605025,171.81838265222376
1786653883.8644686,1320,1,standing,idle,0.75,0.021646402399694155,0.014712733991726006,3.8888354660756983,171.85685490762063
1786653883.9004743,1321,1,standing,idle,0.75,0.02724432749940771,0.017623524310733565,3.899856604065119,171.80953131999914
1786653883.9382892,1322,1,standing,idle,0.75,0.028911824260112382,0.02039222919760515,3.944073793154517,171.48650002905165
1786653883.9883177,1323,1,standing,standing,0.75,0.027030070194965235,0.020693332430171706,4.022405014197267,171.32859766103448
1786653884.0834575,1324,1,standing,standing,0.75,0.025495775765533343,0.019433151462273753,4.0440401331633895,171.23570015315983
1786653884.2474794,1325,1,standing,standing,0.75,0.030368903527638363,0.024505458560247544,3.724315875849007,171.0031212266484
1786653884.296058,1326,1,standing,standing,0.75,0.030458255033768603,0.02621348623970533,3.5360331973086465,170.79824700214343
1786653884.3372083,1327,1,standing,standing,0.75,0.03200941919931929,0.03217324472778389,3.5373164271570365,169.82491696004476
1786653884.4002616,1328,1,standing,standing,0.75,0.02533782116884294,0.03518410665655149,3.9193606148833524,167.40166257356577
1786653884.5433664,1329,1,standing,standing,0.75,0.025643805021398985,0.034832223186045994,4.374894612482895,164.79220734487387
1786653884.5771196,1330,1,standing,standing,0.75,0.03138283544700862,0.04962812453600469,5.542758065550364,163.20786178790772
1786653884.7008348,1331,1,standing,standing,0.75,0.029555704752797538,0.046402910003718906,6.7326589088539395,161.79951426692338
1786653884.7443194,1332,1,standing,standing,0.75,0.044217866544994995,0.05899950427258274,8.8485408091338,159.59280664416863
1786653884.7833323,1333,1,walking,standing,0.6,0.0630923020499773,0.06209251023967036,10.770386732759244,156.69453011349552
1786653884.8350341,1334,1,standing,standing,0.75,0.07378326187365342,0.05834827466420716,12.668361419922473,153.15477337498356
1786653884.880159,1335,1,walking,standing,0.6,0.08340076965041103,0.056559438020968536,15.005545869966033,150.07295106354422
1786653884.92757,1336,1,walking,standing,0.6,0.0944620101377627,0.05109848208610843,17.19473962066143,145.7981956828379
1786653884.96984,1337,1,walking,standing,0.6,0.1010837767439346,0.047072038298323925,19.170576341411756,140.3909437429977
1786653885.050814,1338,1,walking,walking,0.6,0.10999679927645489,0.05843542501672418,21.214786238125985,133.6188433877449
1786653885.1339765,1339,1,walking,walking,0.6,0.10298485424043308,0.04091177281636609,23.294802269019023,126.18150051864582
1786653885.2113712,1340,1,walking,walking,0.6,0.10322064814043824,0.04137753079528044,24.719913993240553,117.51507879664446
1786653885.2116337,1340,5,unknown,unknown,0.3,0.0,0.0,1.339796099592165,136.13385037475112
1786653885.263765,1341,1,walking,walking,0.6,0.08972191021358918,0.028754376810071616,26.478791905819616,109.01924942342745
1786653885.3089592,1342,1,unknown,walking,0.3,0.07310728124390584,0.027858579240568386,27.80960160521377,102.07600928277134
1786653885.345347,1343,1,unknown,walking,0.3,0.0582052685174024,0.02583119804842361,29.306443780993497,95.80330616342351
1786653885.3851,1344,1,unknown,walking,0.3,0.0509406915639776,0.037464754564016024,31.126070940913063,91.48057682673846
1786653885.4459827,1345,1,unknown,walking,0.3,0.041961589970114815,0.03954288607534051,32.726207106171664,88.01997289673925
1786653885.4827676,1346,1,unknown,walking,0.3,0.04955146670856785,0.04288583961336455,34.60975974783329,86.56452468851819
1786653885.5200405,1347,1,bending,unknown,0.5903039650855483,0.06931529649686813,0.036449352401313355,35.4182379051329,89.66187430272451
1786653885.5669863,1348,1,bending,unknown,0.5975135137483009,0.06438982396992927,0.03609572180904744,35.850810824898055,95.28860415920094
1786653885.6015034,1349,1,bending,unknown,0.5950844496506431,0.09594946127111606,0.04237194648457293,35.705066979038584,103.22355396313667
1786653885.638468,1350,1,walking,unknown,0.6,0.10202425165041672,0.05224314561515185,34.875365770124894,111.01543362492995
1786653885.687479,1351,1,walking,bending,0.6,0.10498118557803932,0.06306858468633296,33.1814430078373,118.7251296980425
1786653885.7371547,1352,1,walking,bending,0.6,0.10471574481062079,0.06272596425185817,31.010086234275768,125.82720112708478
1786653885.7755213,1353,1,walking,bending,0.6,0.10239476688098505,0.061795396895025445,28.145951643367198,132.9186069074555
1786653885.9463007,1354,1,walking,walking,0.6,0.09920167194272467,0.07594992085053892,24.488225492371974,139.29905155785337
1786653885.983086,1355,1,walking,walking,0.6,0.0895492131254517,0.08006242921771649,20.531517495239562,145.617396789373
1786653886.0180783,1356,1,walking,walking,0.6,0.06664964039322185,0.07806331538545395,16.59277277520743,151.0217133321931
1786653886.0518942,1357,1,walking,walking,0.6,0.07333822689321606,0.08034064308028843,13.815234338429466,153.9675587203281
1786653886.099492,1358,1,walking,walking,0.6,0.04760565658206021,0.07486522938899726,11.18567090741019,157.33031550707796
1786653886.1353917,1359,1,walking,walking,0.6,0.042367872874925584,0.0675382667763714,9.109602153456315,158.78287305697228
1786653886.170386,1360,1,standing,walking,0.75,0.039757292636300026,0.056650984978194346,7.7080885225697555,159.55634827485056
1786653886.2180223,1361,1,walking,walking,0.6,0.049151224486097135,0.07770000582660619,6.785076828836618,161.50741262549897
1786653886.2911377,1362,1,walking,walking,0.6,0.04973401632558644,0.07244321320273184,5.612320418958761,163.38523723687447
1786653886.3273246,1363,1,standing,walking,0.75,0.04593041789792822,0.05553867140448535,5.155338477455438,165.43727997996578
1786653886.3612714,1364,1,standing,walking,0.75,0.04233532470455145,0.05377779523228962,5.097895087193278,167.32172497787604
1786653886.3953693,1365,1,standing,walking,0.75,0.05150697155170498,0.059596665730366274,5.230124000490619,166.72112199987453
1786653886.4346824,1366,1,standing,standing,0.75,0.044570592893327994,0.05751822139691213,5.117142626438026,166.01697407136922
1786653886.4792466,1367,1,walking,standing,0.6,0.04490131568376307,0.10410634322517649,4.8609958570790734,164.033078647609
1786653886.5152018,1368,1,walking,standing,0.6913376044052107,0.05249106316622777,0.12444076879293793,4.7566760485552875,161.6713717184558
1786653886.6020172,1369,1,walking,standing,0.7820307975336313,0.05705451915917522,0.1407655435560536,4.761976749941606,159.8986422018415
1786653886.6436007,1370,1,walking,standing,0.7535459655396349,0.05106248099395329,0.13563827379713428,4.6309330069081,159.6852637022085
1786653886.6802883,1371,1,walking,walking,0.7169568576429849,0.04837463000008386,0.1290522343757373,4.518817878133006,158.13776950974142
1786653886.7511194,1372,1,walking,walking,0.8017299007340698,0.052753787228239,0.14431138213213254,4.5715340113403515,157.42240864259074
1786653886.7886472,1373,1,walking,walking,0.8218635353116569,0.0549202758667037,0.14793543635609824,4.635805975995836,156.7776806894438
1786653886.8389633,1374,1,walking,walking,0.8300343862283066,0.043345114610468555,0.1494061895210952,4.618776790614128,155.0454610608902
1786653886.8855016,1375,1,walking,walking,0.8559629786795119,0.046613754741898286,0.1540733361623121,4.753864468774571,154.8683244188555
1786653886.9178395,1376,1,walking,walking,0.6243946758581087,0.04687676093936861,0.11239104165445957,4.7158776172624215,155.2755846264775
1786653886.9721897,1377,1,walking,walking,0.6,0.0403939250625342,0.09781356496833962,4.574579116873735,156.11374806428543
1786653887.031786,1378,1,walking,walking,0.6,0.03944153257664227,0.08165815250138027,4.413316252506484,157.3774698518169
1786653887.0658557,1379,1,walking,walking,0.6,0.03618958613604264,0.06587274387351999,4.085467797202832,158.49744055344163
1786653887.1431165,1380,1,walking,walking,0.6,0.0449220597369347,0.07194307910273616,4.361630443375587,159.17303829654605
1786653887.1954198,1381,1,walking,walking,0.6,0.04542520996095326,0.07053077467168095,4.954793391088301,159.84912644465834
1786653887.2377238,1382,1,walking,walking,0.6,0.04827691643490111,0.07472121640919685,6.256449416661228,158.64484218815068
1786653887.284015,1383,1,walking,walking,0.6078632688792853,0.05124494611857928,0.10941538839827135,7.854639229122165,155.05500562470218
1786653887.3345928,1384,1,walking,walking,0.7004632359560969,0.054649423628813705,0.12608338247209744,9.990092114028647,153.74471395201456
1786653887.3856921,1385,1,walking,walking,0.828755046060032,0.0479737028258441,0.14917590829080576,12.462148035540878,153.62624932080152
1786653887.4230604,1386,1,walking,walking,0.8085888657137267,0.049152486511566375,0.1455459958284708,15.104160579700428,154.02421342226498
1786653887.4772635,1387,1,walking,walking,0.8423364723313417,0.044529060592796876,0.1516205650196415,18.545902432104103,155.57083159298276
1786653887.5561526,1388,1,walking,walking,0.8790522263244106,0.04884848633623831,0.15822940073839392,21.87994153923137,154.49151459652728
1786653887.633895,1389,1,walking,walking,0.9159082603410654,0.04764109190197849,0.16486348686139177,25.98144642490028,154.74940031965778
1786653887.6682775,1390,1,walking,walking,0.8498479791677621,0.04326919877327036,0.1529726362501972,29.539738332698427,154.84643643204475
1786653887.7991467,1391,1,walking,walking,0.8907720306371529,0.03686594039384667,0.16033896551468751,31.943177551802826,153.22318724811666
1786653887.834071,1392,1,walking,walking,0.6486426679711681,0.03081503748530496,0.11675568023481026,33.356587223832044,152.29239411683903
1786653887.8685544,1393,1,walking,walking,0.6,0.024609253657801457,0.09489678916510985,34.48614268507823,153.4684282158759
1786653887.9038675,1394,1,walking,walking,0.6,0.0316860095908786,0.07411638428300385,34.79159945586397,152.4563595584601
1786653887.987863,1395,1,walking,walking,0.6,0.034212592418215365,0.09293440491612026,32.48728947795133,152.93601583982803
1786653888.0958266,1396,1,walking,walking,0.6,0.03265657376997122,0.08444420731194405,30.183496978069094,152.4153165851283
1786653888.1326406,1397,1,walking,walking,0.6,0.042658184837911645,0.10654879603249956,27.003208109150858,151.07795989210896
1786653888.1736524,1398,1,walking,walking,0.6,0.06286286450785464,0.10589413403118403,23.436766834684274,152.85257158220392
1786653888.243264,1399,1,walking,walking,0.6,0.06234398251739753,0.10345117142890448,19.096384946887643,153.29446300888353
1786653888.27743,1400,1,walking,walking,0.6,0.07249535188862165,0.0987363777717365,14.748113261571262,153.67685901781047
1786653888.3370237,1401,1,walking,walking,0.6149586605401228,0.08121166686433406,0.11069255889722211,11.451040233456897,156.5782382922568
1786653888.3812084,1402,1,walking,walking,0.7508680583989839,0.0978526341038477,0.1351562505118171,8.648822159148267,159.20765284970338
1786653888.4698703,1403,1,walking,walking,0.7614880762688071,0.098615729835755,0.13706785372838526,5.83525995691667,161.6912673310188
1786653888.5043333,1404,1,walking,walking,0.6263216266618533,0.0912849021396648,0.1127378927991336,3.4787799288255785,164.87784551503202
1786653888.5662436,1405,1,walking,walking,0.6621066720324547,0.10991809292040977,0.11917920096584184,3.7245995671785423,166.1380229131988
1786653888.6084485,1406,1,walking,walking,0.6,0.0952444798995691,0.0909646926494391,3.9388494001502288,167.41084202603494
1786653888.658437,1407,1,walking,walking,0.6,0.08022381951639372,0.07997676175672147,4.237803251521797,169.30929014102628
1786653888.6978748,1408,1,walking,walking,0.6,0.09230988528146808,0.08682592964601739,4.759938444445347,170.3578809403037
1786653888.7332401,1409,1,walking,walking,0.6,0.08861203178058195,0.0897704646517713,5.514121428281959,170.01735601958435
1786653888.7678692,1410,1,walking,walking,0.6,0.07950906748374234,0.07697517290763926,6.3214276924525095,169.73954382257665
1786653888.8002446,1411,1,standing,walking,0.75,0.06425504125414133,0.05690533206282159,6.905879363087396,168.85642608185927
1786653888.9235535,1412,1,standing,walking,0.75,0.05801907596242564,0.053600483506289945,7.403607303883911,168.82912776966526
1786653888.9617596,1413,1,standing,walking,0.75,0.061036955225175285,0.05573079952331274,7.750788034869153,169.17525974432073
1786653889.0143979,1414,1,standing,walking,0.75,0.04600075689881381,0.0525913014169959,8.165077574980785,169.4267495546108
1786653889.0560184,1415,1,standing,standing,0.75,0.048975716868584755,0.05343352376915882,8.282453168723377,168.90024438549884
1786653889.09399,1416,1,standing,standing,0.75,0.03741261311259618,0.05735614080472056,8.490633039474691,168.2557771777653
1786653889.129826,1417,1,standing,standing,0.75,0.026463798210538833,0.05266982785110565,8.811153240974757,167.2268923217945
1786653889.1895308,1418,1,standing,standing,0.75,0.018393385140574973,0.033767651050396495,9.118428243032557,166.3409775795078
1786653889.2256663,1419,1,standing,standing,0.75,0.018938765381455742,0.03316998067451694,9.167523829554545,166.63090896412953
1786653889.286996,1420,1,standing,standing,0.75,0.019636394135728572,0.028850259497104885,9.287887032990618,166.89735504218146
1786653889.320258,1421,1,standing,standing,0.75,0.019471528543545877,0.02498724794740081,9.294922427913798,166.81116130453222
1786653889.3683858,1422,1,standing,standing,0.75,0.01814689081278241,0.02413724478091652,9.20423002319288,166.62314841029095
1786653889.404822,1423,1,standing,standing,0.75,0.014264905851647183,0.022585120487191947,9.172977534496441,166.19087599580342
1786653889.4385774,1424,1,standing,standing,0.75,0.01316616537093596,0.02291565529422072,9.065854315042106,166.01147834418472
1786653889.49078,1425,1,standing,standing,0.75,0.01601428345914911,0.019305931732255047,9.152491851071023,166.0159029646752
1786653889.5349963,1426,1,standing,standing,0.75,0.01976661687676383,0.020451849736837908,9.261039630346069,166.32769535626474
1786653889.5802033,1427,1,standing,standing,0.75,0.023845289869350687,0.022126373894855438,9.351543457113962,166.66708361825582
1786653889.6289518,1428,1,standing,standing,0.75,0.02799332929056245,0.02277629906393284,9.332400822266658,166.95512366299803
1786653889.6903613,1429,1,standing,standing,0.75,0.030436159171531283,0.02415650108290291,9.249122533382536,167.1507914124167
1786653889.7262409,1430,1,standing,standing,0.75,0.03224560498275063,0.02412462212883995,8.962094736903971,167.2194427446975
1786653889.761244,1431,1,standing,standing,0.75,0.032534020534595726,0.030045165332332608,8.754190565038842,167.60480744226888
1786653889.8031135,1432,1,standing,standing,0.75,0.03536921250242088,0.03314126052529066,8.52869735627082,167.9696870084669
1786653889.83714,1433,1,standing,standing,0.75,0.033651981854821794,0.033779100815005125,8.399617183520713,168.52528607742713
1786653889.889595,1434,1,standing,standing,0.75,0.030095086092794005,0.03287220414160111,8.281931487676756,168.81251150343405
1786653889.9446933,1435,1,standing,standing,0.75,0.026246539470649793,0.030955120850776636,8.020913918274267,169.1413376637233
1786653889.9856322,1436,1,standing,standing,0.75,0.022210917360219778,0.03210773428317228,7.72212550025404,169.1649557577141
1786653890.0179794,1437,1,standing,standing,0.75,0.018106255762836896,0.032993865648259665,7.348238916197036,169.35815854695863
1786653890.0590732,1438,1,standing,standing,0.75,0.015271891845014644,0.0360913240846732,6.96474054756199,169.1876277175351
1786653890.112068,1439,1,standing,standing,0.75,0.011834867592268188,0.03504027957353945,6.670001770842317,169.34467770769646
1786653890.1694276,1440,1,standing,standing,0.75,0.010678914158153745,0.029495168818504097,6.585503024645189,169.92344386935287
1786653890.2326884,1441,1,standing,standing,0.75,0.00808515040246633,0.02471650525481392,6.570678922612238,170.4255725289115
1786653890.2755427,1442,1,standing,standing,0.75,0.008680327886363122,0.022521128797924853,6.680856966716391,170.9438373647351
1786653890.3380754,1443,1,standing,standing,0.75,0.01006026715047554,0.02330957697235805,6.664985057003801,171.077717549384
1786653890.406904,1444,1,standing,standing,0.75,0.009961984176224034,0.022656970636273956,6.823892551134831,171.28974340160556
1786653890.4399066,1445,1,standing,standing,0.75,0.009879741250432485,0.02021540291429004,6.937968645631979,171.11401427573955
1786653890.4715154,1446,1,idle,standing,0.85,0.00890825618514482,0.019277269656597557,7.045348606225798,170.96294642006572
1786653890.5251434,1447,1,idle,standing,0.85,0.007293344793384365,0.015768687479084432,7.159622594428045,170.65407880632873
1786653890.563385,1448,1,idle,standing,0.85,0.0074978087406973,0.015147990093719147,7.33296996548448,170.5984374660923
1786653890.6096942,1449,1,idle,standing,0.85,0.0072158915680482945,0.013572181284888853,7.484384399251361,170.4761854939313
1786653890.6532972,1450,1,idle,idle,0.85,0.007187046845141596,0.013844452920918968,7.518114460011553,170.03030999717316
1786653890.697141,1451,1,idle,idle,0.85,0.008224287654757058,0.01806773969930175,7.400115045760392,169.12076144864994
1786653890.7553961,1452,1,standing,idle,0.75,0.010511468131192248,0.027782679745825663,6.967867589665606,167.60156400417324
1786653890.7980142,1453,1,standing,idle,0.75,0.013268899873259195,0.02878584646382946,6.4257960645559065,166.1649868817368
1786653890.834832,1454,1,standing,idle,0.75,0.017995067888907538,0.03647519884156933,5.867783358728851,165.62966458737623
1786653890.9513128,1455,1,standing,idle,0.75,0.025000486397280416,0.03879056455821669,5.262518140400997,164.6079520182795
1786653891.0760972,1456,1,standing,standing,0.75,0.030718778219088447,0.04382366707844784,4.752231252644903,163.15315089021118
1786653891.1101036,1457,1,standing,standing,0.75,0.03913034822767189,0.0521838468876986,4.183831009822323,160.41181057474583
1786653891.153894,1458,1,walking,standing,0.6,0.054039025109743344,0.075139108040095,3.8547939374589015,156.84317410810687
1786653891.1897674,1459,1,walking,standing,0.6,0.065322672841096,0.09510909613049291,3.336867136872253,154.85779185794263
1786653891.2331488,1460,1,walking,standing,0.6,0.0726136656439993,0.10532434848091042,2.84012271162395,153.58752714964933
1786653891.2678368,1461,1,walking,standing,0.6015766802224837,0.08190404139714663,0.10828380244004707,2.4321575102651165,153.99779884970314
1786653891.3030965,1462,1,walking,walking,0.6562227949709836,0.09006444080851429,0.11812010309477704,2.3816857751727456,155.34385189607826
1786653891.3440118,1463,1,walking,walking,0.6424446733405972,0.09841509836700155,0.1156400412013075,2.3886135620039237,156.09480091530955
1786653891.3906045,1464,1,walking,walking,0.7436806881180322,0.12157874005990947,0.1338625238612458,2.328222342541563,155.17959386807698
1786653891.4533262,1465,1,walking,walking,0.7093349817039183,0.11573252416244667,0.12768029670670528,2.332359869076053,154.81821785382039
1786653891.4860904,1466,1,walking,walking,0.7726472250254058,0.11228596736142354,0.13907650050457304,2.3565427783359665,155.80460407410234
1786653891.5202608,1467,1,walking,walking,0.6828253215274436,0.11270030974069122,0.12290855787493984,2.3855644702511696,158.53020802784124
1786653891.556606,1468,1,walking,walking,0.6086491800896596,0.1146989137172963,0.10955685241613873,2.1066548998800925,162.65198740820904
1786653891.6224403,1469,1,walking,walking,0.6,0.10560958944341682,0.09510673629032458,2.0554469287811945,165.1211259065364
1786653891.6552076,1470,1,walking,walking,0.6,0.09517798940379021,0.08499583962933979,2.068675650286954,166.99538446425717
1786653891.6999168,1471,1,walking,walking,0.6,0.08840044050342517,0.0783681723530342,2.1085647402695047,167.49525952255885
1786653891.7473238,1472,1,walking,walking,0.6,0.07489547651352335,0.07195224590562904,2.0327788805702314,167.68939288400375
1786653891.8009102,1473,1,standing,walking,0.75,0.04691851858123486,0.05336426338948522,2.002636137734181,168.7327900955407
1786653891.8542345,1474,1,standing,walking,0.75,0.04818714964464563,0.056189563439803664,1.8670720747580731,170.593899244266
1786653891.8910866,1475,1,standing,walking,0.75,0.0449422234610465,0.03523320947811397,1.692858661363217,172.5578959561922
1786653891.9430447,1476,1,standing,walking,0.75,0.029736869123189527,0.02769543110820845,1.3843293132321743,173.60921656681805
1786653891.981964,1477,1,standing,standing,0.75,0.016490241062747362,0.020645434363793055,1.1763047611779596,174.20388397472976
1786653892.0297372,1478,1,standing,standing,0.75,0.016625876690676146,0.020500327781737753,1.0255748495511705,174.26860642152886
1786653892.066602,1479,1,idle,standing,0.85,0.014929281896548519,0.0192309676753689,1.0211734458973778,174.37089428875396
1786653892.1041126,1480,1,idle,standing,0.85,0.011875466613384258,0.018110278874049864,1.0980237962113795,174.7669878159917
1786653892.1374145,1481,1,standing,standing,0.75,0.013336463730296552,0.02488713429264109,1.3439654437532187,175.05188650138896
1786653892.172632,1482,1,standing,standing,0.75,0.015163549382243726,0.029135436037830822,1.6577267653700063,175.44516633013492
1786653892.2089634,1483,1,standing,standing,0.75,0.021699735291032925,0.03560102754081336,2.091703949543196,175.64863497273737
1786653892.2527676,1484,1,standing,standing,0.75,0.028255460751529984,0.036321531126168545,2.3277455540763703,175.6741025255647
1786653892.3018725,1485,1,standing,standing,0.75,0.027675451175243573,0.037046919739660525,2.6251334788061547,175.71106374999198
1786653892.3393867,1486,1,standing,standing,0.75,0.04898666017204575,0.03969541918666173,2.6964116599363286,175.5847098574076
1786653892.3783338,1487,1,standing,standing,0.75,0.05918740248915619,0.04339764798465617,2.8740814359536744,175.4264014627326
1786653892.4363253,1488,1,standing,standing,0.75,0.05785341956422122,0.040595700990176335,3.0889251437333223,175.29367764139275
1786653892.482264,1489,1,standing,standing,0.75,0.06477655598484414,0.0476013247132384,3.1798749995514024,175.17495445791056
1786653892.522557,1490,1,standing,standing,0.75,0.07123628965929894,0.05174559713971921,3.1524370278431624,174.04911889793192
1786653892.5579371,1491,1,walking,standing,0.6,0.0763789710971207,0.06117398700579376,3.0261904401196977,173.75795178853002
1786653892.6406798,1492,1,walking,standing,0.6,0.07610176270484333,0.061418977726828215,2.7928439139033463,173.30453996874206
1786653892.7125645,1493,1,walking,standing,0.6,0.07883506242046533,0.08174080691773011,2.467714696879159,172.76896756526492
1786653892.7473197,1494,1,walking,standing,0.6,0.08782607493006096,0.09123317906040333,2.2700735826686214,172.1217647372839
1786653892.7853222,1495,1,walking,walking,0.6,0.08458878705935256,0.1031412397914898,2.019670924822949,171.51064425245085
1786653892.8482192,1496,1,walking,walking,0.6,0.07419999889464542,0.10006993855202531,1.9875376125835902,171.17702901258923
1786653892.882769,1497,1,walking,walking,0.6469617732382164,0.08204400626842209,0.11645311918287894,1.9439013808253123,169.67147349242708
1786653892.9220495,1498,1,walking,walking,0.724463144866729,0.0802634258567772,0.13040336607601122,1.7431941497486403,169.0656432076482
1786653892.9703007,1499,1,walking,walking,0.6677012281307872,0.07216787574454867,0.1201862210635417,1.5269299666951006,168.46589137352132
1786653893.0043743,1500,1,walking,walking,0.7070965105651658,0.08717349584458339,0.12727737190172983,1.6179178021683285,169.62090457454136
1786653893.0448956,1501,1,walking,walking,0.6654220376273171,0.08653764037226705,0.11977596677291708,1.8238190864355588,170.06369805436003
1786653893.0881925,1502,1,walking,walking,0.6,0.07539641242915915,0.09852485315430543,2.0739139361968744,170.455315030362
1786653893.123641,1503,1,walking,walking,0.6,0.07425640479805483,0.10136894851549373,2.543239585471704,171.04948942857646
1786653893.1691995,1504,1,walking,walking,0.6,0.0561943464249243,0.08705507548992061,3.0456931989644955,171.8080460929273
1786653893.2044442,1505,1,walking,walking,0.6,0.05912343594973138,0.09337739954558834,3.7546294466662773,172.24993349130108
1786653893.256879,1506,1,walking,walking,0.6,0.052126254678613364,0.07811559166556387,4.482671813234303,172.8397628460713
1786653893.3040545,1507,1,standing,walking,0.75,0.049333669554390176,0.05511031222605445,5.119653137393347,174.54049015606535
1786653893.3390608,1508,1,standing,walking,0.75,0.052945592760982714,0.05546363705727436,5.960956049173968,174.76462574511567
1786653893.4056828,1509,1,standing,walking,0.75,0.033366297003237726,0.04244231506560265,6.929856924675835,175.2751095353624
1786653893.453686,1510,1,standing,walking,0.75,0.031568628390385156,0.052047414294892055,7.59184685692299,174.92791515619047
1786653893.5028162,1511,1,standing,standing,0.75,0.031699216496216584,0.052323152113466644,8.088585791323597,174.7840716655538
1786653893.565751,1512,1,standing,standing,0.75,0.03309079969330492,0.048770739605110164,8.537780538024666,174.8945461345186
1786653893.6002948,1513,1,standing,standing,0.75,0.0569959924457705,0.05831811332833292,8.579064577914998,174.50065374900956
1786653893.6520298,1514,1,standing,standing,0.75,0.06426915079564685,0.05725427089799949,8.732155701358659,173.51242774566333
1786653893.689331,1515,1,walking,standing,0.6,0.07413827464964248,0.06479591820692228,8.500931342963671,172.68851218612528
1786653893.7226017,1516,1,walking,standing,0.6,0.06964819198798228,0.06417831024458355,8.264245441736382,171.8092436440801
1786653893.7593791,1517,1,walking,standing,0.6,0.07603089343958282,0.07754387525753256,7.990371413781814,169.40765886598737
1786653893.802528,1518,1,walking,standing,0.6,0.09340519942059194,0.10505661903267222,7.721478308835151,168.39438406334446
1786653893.8834965,1519,1,walking,walking,0.6,0.10018519302982459,0.10465519531006692,7.331588966753314,167.4746597449449
1786653893.978367,1520,1,walking,walking,0.6,0.10003732814235655,0.1053192761207084,6.921232613875842,166.2970360769873
1786653894.0131974,1521,1,walking,walking,0.6162327634625757,0.10265354619735118,0.11092189742326362,6.375128728555611,164.87224521429272
1786653894.0487611,1522,1,walking,walking,0.6672361281750264,0.0896657996592439,0.12010250307150473,5.807221023741206,163.5661720617455
1786653894.112526,1523,1,walking,walking,0.7193271659824224,0.09014896679942737,0.12947888987683603,5.5924624809113554,163.06556882559002
1786653894.2102218,1524,1,walking,walking,0.6904859291597837,0.08603373715854938,0.12428746724876105,5.270987925425137,163.4739131711159
1786653894.2464314,1525,1,walking,walking,0.6840009757156276,0.08635585231456923,0.12312017562881294,5.155038754907323,164.06800966685256
1786653894.3114028,1526,1,walking,walking,0.6339053888495382,0.08105192588638249,0.11410296999291687,4.875930464664444,164.45120718799092
1786653894.35749,1527,1,walking,walking,0.6,0.05920576519819084,0.07644322982890715,4.591518298158858,166.37454095178177
1786653894.3917177,1528,1,walking,walking,0.6,0.048360429673908176,0.0661761433709504,4.230487686036482,167.1640581602111
1786653894.4276304,1529,1,walking,walking,0.6,0.050352734930095164,0.06652932849301103,3.7654311677756396,167.61429016693972
1786653894.4653218,1530,1,standing,walking,0.75,0.04037895133878361,0.05241055639289478,3.2448811194467533,168.04118694849498
1786653894.5085027,1531,1,standing,walking,0.75,0.03182059032013826,0.03564227492946723,2.875920405027226,168.55686771600654
1786653894.6044455,1532,1,standing,walking,0.75,0.022117863889821714,0.022177307198081128,2.54307020003104,168.75808578756065
1786653894.6398125,1533,1,standing,walking,0.75,0.017842323546649774,0.019432266291546044,2.119106308243894,168.64699696349368
1786653894.7137792,1534,1,standing,standing,0.75,0.025597816770606494,0.021639036827349356,2.0252966161435255,168.25603212185345
1786653894.7585635,1535,1,standing,standing,0.75,0.02523324485612237,0.022376938613986368,2.2745762040510664,167.33238328185323
1786653894.804542,1536,1,standing,standing,0.75,0.028120968412732192,0.03414632780893323,2.6889152807098493,166.3242080983946
1786653894.8396788,1537,1,standing,standing,0.75,0.0337557441511593,0.03958721304539349,3.0358166122303856,165.47253692593088
1786653894.8859465,1538,1,standing,standing,0.75,0.03842907233528825,0.045466887460621316,3.217010716890546,165.28871895812972
1786653894.9551322,1539,1,standing,standing,0.75,0.04638807229108057,0.04965337523842264,3.474219507509075,164.89202225353876
1786653895.0057707,1540,1,standing,standing,0.75,0.05545043055839905,0.0503995245773702,3.56003990010964,165.02642963762418
1786653895.0444481,1541,1,standing,standing,0.75,0.06513295047454551,0.051809076299339785,3.5163794277035003,165.27943685318672
1786653895.0806582,1542,1,standing,standing,0.75,0.06848769781147411,0.056214975246496164,3.72715809465182,165.32749371072765
1786653895.1160924,1543,1,standing,standing,0.75,0.06052522112352608,0.05332225328509227,3.9132794496621806,165.45672417631846
1786653895.1782117,1544,1,walking,standing,0.6,0.07373348588924504,0.06910740400603291,3.9707052141831314,165.95627603877608
1786653895.2741737,1545,1,walking,standing,0.6,0.0757321477566075,0.07049982779000291,3.792847640836822,167.48050970264288
1786653895.3101354,1546,1,walking,standing,0.6,0.07178366060961479,0.07066950851969306,3.5720682483346677,168.98112563044836
1786653895.348323,1547,1,walking,standing,0.6,0.06924005900099667,0.07417498261746946,3.352465969975074,170.61017141820494
1786653895.4063838,1548,1,walking,walking,0.6,0.06315553618825293,0.06978885099604248,3.174742459955697,171.92582060585957
1786653895.450946,1549,1,walking,walking,0.6,0.06031238237964779,0.09837884264554998,2.9943825514128246,173.18760428241836
1786653895.5352986,1550,1,walking,walking,0.6054541377758528,0.05902341367526573,0.10898174479965349,3.0949371405617034,173.57243708511422
1786653895.6230652,1551,1,walking,walking,0.6,0.05368124650643743,0.10417616600943845,3.361308558513296,173.92474603516905
1786653895.655217,1552,1,walking,walking,0.6750280118483385,0.06953839387896628,0.12150504213270091,3.1601525134260333,174.66581743748614
1786653895.690193,1553,1,walking,walking,0.639269806082008,0.05796747217665082,0.11506856509476145,3.0296627820856994,174.90989705498518
1786653895.8157072,1554,1,walking,walking,0.6143272356049513,0.06261201638512365,0.11057890240889122,2.837709887688534,174.49538289189982
1786653895.8520484,1555,1,walking,walking,0.6,0.06810644089699255,0.10696460841842213,2.533656148701613,173.55220162587338
1786653895.907338,1556,1,walking,walking,0.6,0.07112031495990861,0.10071683432594936,2.285221621927279,172.5317091907336
1786653895.9503717,1557,1,walking,walking,0.6120586901735128,0.07533687510577597,0.1101705642312323,2.18821446962306,170.6708903229718
1786653895.9871922,1558,1,walking,walking,0.6,0.07347304080987893,0.08424426141913302,2.2191058182821704,168.71336853344087
1786653896.0367184,1559,1,walking,walking,0.6,0.0684545112230096,0.0794780211826571,2.329494129884638,166.904939146301
1786653896.072783,1560,1,walking,walking,0.6,0.06881130995211904,0.0890373685456153,2.487622629033559,165.9887097953163
1786653896.1551285,1561,1,walking,walking,0.6,0.05807884963134851,0.07714535429477866,2.568140589052185,165.4891546857116
1786653896.2163036,1562,1,walking,walking,0.6,0.05283826924314842,0.06431587373139508,2.779369797014464,165.48614715133323
1786653896.253638,1563,1,standing,walking,0.75,0.04544754395227757,0.05645424136944802,2.8913451683683817,166.26945943195602
1786653896.3164253,1564,1,standing,walking,0.75,0.038219196969148744,0.05498374812589521,2.978040653101931,167.30378119924717
1786653896.35108,1565,1,standing,walking,0.75,0.036531203330223264,0.051038905422964576,3.422766251693111,168.0877933376544
1786653896.3878467,1566,1,standing,walking,0.75,0.033371438583399395,0.042091452500610665,3.6845733339865894,168.6235367696032
1786653896.4308631,1567,1,standing,standing,0.75,0.028447418422288113,0.03685251921586542,3.9912857972345543,169.58690548680732
1786653896.5494678,1568,1,standing,standing,0.75,0.025647486780461134,0.03205156323555765,4.2540844619853395,170.82733514432414
1786653896.5855837,1569,1,standing,standing,0.75,0.0271610300281369,0.02638184639834164,4.444485834706975,172.09842158468345
1786653896.6434135,1570,1,standing,standing,0.75,0.030614667714920146,0.02821500183072208,4.9455302022172685,171.6611502560077
1786653896.6806219,1571,1,standing,standing,0.75,0.03015040023300007,0.027056213070286037,5.451895241734371,170.72074985641294
1786653896.7485776,1572,1,standing,standing,0.75,0.029609398956450608,0.04287429923695907,6.051155346441602,168.88734630993534
1786653896.8032086,1573,1,walking,standing,0.6,0.03613452903405778,0.0758060369931924,6.664637257980812,167.89770156312917
1786653896.8738158,1574,1,walking,standing,0.6,0.04571340675184778,0.09359640354070982,6.812975516998767,167.49088785974158
1786653896.9067426,1575,1,walking,standing,0.6,0.04149984736430517,0.09204059803442895,6.616493024167639,167.1578346622846
1786653896.9530814,1576,1,walking,standing,0.6,0.04880645672079372,0.09475422702169589,6.444377431311677,167.0453548736752
1786653896.9870846,1577,1,walking,walking,0.6,0.062305088304193595,0.09496941594412019,6.165631906584029,166.87791888841667
1786653897.021966,1578,1,walking,walking,0.6,0.0808668268966886,0.10682404038393901,5.896382849485629,164.7620640335511
1786653897.0714116,1579,1,walking,walking,0.6,0.07243323372041083,0.09987424642392527,5.658184103348828,162.70916336242277
1786653897.124167,1580,1,walking,walking,0.6244671328094308,0.07904277322170557,0.11240408390569755,4.8694607362441085,161.40762939298355
1786653897.1618612,1581,1,walking,walking,0.7508084909074246,0.09458643439454255,0.13514552836333643,3.998578593417238,161.09682141958615
1786653897.2038035,1582,1,walking,walking,0.6743134702231425,0.09811100235434808,0.12137642464016565,3.2622477782690837,161.639989691937
1786653897.2554338,1583,1,walking,walking,0.6,0.08301350058906293,0.10340026851518318,2.5380825820972595,161.02378168621203
1786653897.30175,1584,1,walking,walking,0.6296898173038962,0.09231591690684013,0.1133441671147013,2.132643568046147,160.41568866637448
1786653897.3556159,1585,1,walking,walking,0.8173940331082358,0.09982406895677218,0.14713092595948243,2.18228576849247,158.41387380393763
1786653897.388632,1586,1,walking,walking,1.0,0.10032220074411134,0.2030149901946205,2.3388343755464005,155.84959844166912
1786653897.4345791,1587,1,walking,walking,1.0,0.08024546111695445,0.18997345241603317,2.5165298233749858,153.2671460984089
1786653897.477061,1588,1,walking,walking,1.0,0.08437395888063196,0.22207266159187738,2.8401558977943493,153.06729831133626
1786653897.5218658,1589,1,walking,walking,1.0,0.08221784847750287,0.2274991596275361,3.5775343630223624,153.04768386991722
1786653897.585487,1590,1,walking,walking,1.0,0.06505366487553746,0.1880882654532838,4.4467540126767675,153.44482203529748
1786653897.6268387,1591,1,walking,walking,0.9449333765959115,0.05546088621177046,0.17008800778726405,5.31645028533944,152.4135911825045
1786653897.7262986,1592,1,walking,walking,0.9897792902467327,0.05759930740404717,0.1781602722444119,5.753903110103243,151.46597829524717
1786653897.7711275,1593,1,walking,walking,0.9530043822156333,0.04990960413039312,0.171540788798814,5.933731711190006,150.87312318393134
1786653897.8218064,1594,1,walking,walking,0.8404218930824316,0.03653661939141065,0.1512759407548377,5.949733156063289,149.39920370058513
1786653897.8596258,1595,1,walking,walking,0.6,0.034601187095658806,0.10400224169640969,5.579992151248661,150.74578379283096
1786653897.895372,1596,1,walking,walking,0.6,0.04032661642127114,0.10742031400309554,5.122554479156472,153.5552811545854
1786653897.9570403,1597,1,walking,walking,0.6,0.0414654965959462,0.09782609738087503,4.695617427768774,156.46019568069477
1786653897.992599,1598,1,walking,walking,0.6,0.04250290343001852,0.09391657536886648,4.1244200113409395,158.4088033054589
1786653898.0406837,1599,1,walking,walking,0.6,0.048711694925761245,0.10641672966854432,3.202459996938211,160.52833440296735
1786653898.0884075,1600,1,walking,walking,0.6200996621902287,0.05486598070667835,0.11161793919424118,2.2271999835516794,162.82086631674528
1786653898.140952,1601,1,walking,walking,0.6,0.05798022096796793,0.1045922289446626,1.3716993457659674,165.6796237255974
1786653898.1959224,1602,1,walking,walking,0.6,0.061473344159849744,0.10212285313365038,0.8223902499976393,167.71543087082128
1786653898.23964,1603,1,walking,walking,0.6,0.0621630777476474,0.08643317646599402,0.6040746905476597,169.55130891108658
1786653898.2748253,1604,1,walking,walking,0.6,0.052188074630100646,0.0745522646241282,0.8137577668246745,171.5074355496913
1786653898.322597,1605,1,walking,walking,0.6,0.047870983831137325,0.06845002627916232,1.06173096734701,172.2236872763832
1786653898.3869765,1606,1,standing,walking,0.75,0.044887940520205935,0.048208161789451955,1.4309863886298833,172.07433812824448
1786653898.422285,1607,1,standing,walking,0.75,0.04194611101409276,0.03616782880437342,1.7508327982314955,171.83697583137422
1786653898.4708507,1608,1,standing,walking,0.75,0.03647190913242795,0.02757419432317352,2.185163765804112,171.2507807118024
1786653898.513647,1609,1,standing,walking,0.75,0.031344128073031025,0.0221206466350589,2.446662641190492,170.15683866580574
1786653898.5895634,1610,1,standing,standing,0.75,0.026502215883695484,0.0216532725290257,2.747227878572544,168.92605323600665
1786653898.6280134,1611,1,standing,standing,0.75,0.026668955309585646,0.026051354660461146,2.91790114442165,169.0385129037449
1786653898.671721,1612,1,standing,standing,0.75,0.025278463076177142,0.030330412354910283,2.961364641662825,169.2666366683397
1786653898.7193522,1613,1,standing,standing,0.75,0.024156682927464996,0.03167103493416398,2.939520766638765,169.35375913953817
1786653898.771379,1614,1,standing,standing,0.75,0.022544467966596496,0.031574611094634025,2.754571388444769,169.58411092773787
1786653898.8240936,1615,1,standing,standing,0.75,0.028424123920624027,0.03128122927148457,2.4544029159262033,169.79128255896993
1786653898.869086,1616,1,standing,standing,0.75,0.029243366976443627,0.030205504264480536,2.246936306469475,170.37983169934046
1786653898.9156787,1617,1,standing,standing,0.75,0.02832713320072655,0.025983777053860426,2.01153904292588,171.18624485983526
1786653898.9733884,1618,1,standing,standing,0.75,0.03369133361495902,0.03543075141592716,1.7280207088388615,172.30036532460252
1786653899.0103056,1619,1,standing,standing,0.75,0.03425929845681198,0.04224897133764673,1.5269812923250219,173.4961250713624
1786653899.054698,1620,1,standing,standing,0.75,0.028621373501431884,0.0386704002126897,1.3956602902263973,174.60253323574176
1786653899.0942051,1621,1,standing,standing,0.75,0.027684828057803073,0.037964833695738456,1.4234717085751847,174.103962561395
1786653899.1292765,1622,1,standing,standing,0.75,0.02665663105103284,0.037242395137320555,1.6122416096555388,173.0377926561227
1786653899.195278,1623,1,standing,standing,0.75,0.032723154861462746,0.04182250939917171,1.5610906439963679,172.23246536194299
1786653899.2317286,1624,1,standing,standing,0.75,0.027032321915951524,0.04113580018059931,1.4945177442691886,170.9946319587939
1786653899.2684894,1625,1,standing,standing,0.75,0.02744396221561643,0.04464795924690443,1.466853126814369,170.20845370840817
1786653899.320368,1626,1,standing,standing,0.75,0.030711013659134756,0.044888807277818216,1.3585324367030411,169.47925427201287
1786653899.357049,1627,1,standing,standing,0.75,0.022493506130739877,0.03321603886977933,1.3106534032654955,168.7292535777259
1786653899.3876815,1628,1,standing,standing,0.75,0.026484397801522078,0.02721740666204593,1.2214447023638102,168.4706611677861
1786653899.4224062,1629,1,standing,standing,0.75,0.03364225851774341,0.03273826790524547,1.2407162004602104,167.91233727509672
1786653899.4563856,1630,1,standing,standing,0.75,0.03579999196862979,0.03440033804696807,1.168308112472414,167.45094421518382
1786653899.4901536,1631,1,standing,standing,0.75,0.03440635818391393,0.03223773568663018,1.0689496241200955,167.20557566119362
1786653899.5224555,1632,1,standing,standing,0.75,0.032760401539505914,0.036060639127317114,0.9872740873236923,167.96088148946836
1786653899.5559366,1633,1,standing,standing,0.75,0.03117273429336755,0.035952463412790486,0.9900688542225886,168.32582350213508
1786653899.6022525,1634,1,standing,standing,0.75,0.027734693677492542,0.03075500395820245,1.0962154120628689,169.03299337118423
1786653899.6398323,1635,1,standing,standing,0.75,0.02471151435239733,0.030092361877598332,1.1802242335333695,169.32348206656815
1786653899.6821456,1636,1,standing,standing,0.75,0.02657945861536984,0.03504143268171288,1.1929410460106902,169.06842580372788
1786653899.8064005,1637,1,standing,standing,0.75,0.022916858844903333,0.03783542734139912,1.1588293033952866,167.69833315695658
1786653899.8632555,1638,1,standing,standing,0.75,0.021519915176031842,0.0466459725548055,1.2814434068804592,166.42291155146765
1786653899.9083555,1639,1,standing,standing,0.75,0.02651329880778404,0.05314039334565457,1.6028675893463724,166.45416405036713
1786653899.9617777,1640,1,standing,standing,0.75,0.03633449091104727,0.05490665977780641,1.7593112786731997,166.66470159815657
1786653899.9963014,1641,1,standing,standing,0.75,0.04384117889722458,0.052337302889502675,1.9631715734937683,166.1713878740385
1786653900.0481217,1642,1,standing,standing,0.75,0.043185843418230924,0.05151102403830507,2.12310627674507,165.267764212269
1786653900.086262,1643,1,walking,standing,0.6,0.058424910883939,0.07277913051174469,2.3506087788670866,163.52499678004182
1786653900.1221287,1644,1,walking,standing,0.6,0.058149657686700836,0.07291069944714484,2.483104615873762,161.92952400308548
1786653900.2143047,1645,1,walking,standing,0.6,0.06935787915495013,0.10420812374615863,2.830796487317222,162.1419429033422
1786653900.2825336,1646,1,walking,standing,0.6,0.0680926366130381,0.10009827976758748,3.240180323320158,162.6918142255312
1786653900.326859,1647,1,walking,walking,0.6,0.07399801607236839,0.08691798009615358,3.4255938102698926,163.7525703085114
1786653900.364595,1648,1,walking,walking,0.6,0.07231358408120224,0.07799311550269378,3.50445372566665,164.22120484603136
1786653900.4152591,1649,1,walking,walking,0.6,0.0683833930417758,0.0843917515416873,3.1805303934659443,164.15698571449056
1786653900.4510365,1650,1,walking,walking,0.6,0.05620914746395081,0.0783263359267944,3.046969385669599,163.82681298551898
1786653900.5013134,1651,1,walking,walking,0.6,0.061388020011377,0.08548575729564345,3.0794804814069003,163.67908210040318
1786653900.575626,1652,1,walking,walking,0.6,0.05561849122912722,0.07276869645062362,3.25649856559398,164.00295657348198
1786653900.6523495,1653,1,walking,walking,0.6,0.08122236925048794,0.08403465917520155,3.3895768968497135,164.46140671397384
1786653900.6944485,1654,1,standing,walking,0.75,0.06814778937799014,0.048702986437846714,3.5925493642408903,164.85076379633918
1786653900.743652,1655,1,walking,walking,0.6,0.07888454667768137,0.06445646055708953,3.815156155613134,161.85036523205954
1786653900.802666,1656,1,walking,walking,0.6,0.09149065798225146,0.10107243245049782,4.029562589959804,161.30149692832543
1786653900.8359063,1657,1,walking,walking,0.6036083399501875,0.0935821448382515,0.10864950119103374,4.749523962802538,161.410477610762
1786653900.8973768,1658,1,walking,walking,0.6,0.08773858924558048,0.10091034541916508,5.393958286430342,161.7944041550905
1786653900.93695,1659,1,walking,walking,0.664305662981698,0.10612446159583631,0.11957501933670563,5.953063004728927,161.57644362172408
1786653900.9870975,1660,1,walking,walking,0.7305170661226158,0.1108289849958875,0.13149307190207085,6.24201139320307,159.5297899171529
1786653901.0246272,1661,1,walking,walking,0.7685395180777667,0.10802390820621795,0.138337113253998,6.089667816808343,158.99561213354215
1786653901.0820408,1662,1,walking,walking,0.7774642149738886,0.09223619561898233,0.13994355869529995,5.962789352448729,159.27482492440043
1786653901.1366887,1663,1,walking,walking,0.8286541776442656,0.0985984538615356,0.1491577519759678,5.89741977966982,160.6671737455833
1786653901.180691,1664,1,walking,walking,0.7411849510975345,0.08802356818418614,0.13341329119755618,5.773463622803628,162.1286632658609
1786653901.2303038,1665,1,walking,walking,0.6,0.08054771218296028,0.10172143227952762,5.684015384352092,165.81003881497926
1786653901.2731655,1666,1,walking,walking,0.6,0.07129541530336557,0.09040159307557713,5.609760284480768,167.0987933999277
1786653901.3150861,1667,1,walking,walking,0.6,0.07552765647860296,0.09169266419616322,5.389923667335872,168.08015729733387
1786653901.3530555,1668,1,walking,walking,0.6,0.06392932824981717,0.07906035680017748,5.227172819439483,169.11381747628752
1786653901.403341,1669,1,standing,walking,0.75,0.05373351538880315,0.05994083833082596,5.272606130314337,170.3296108714432
1786653901.437466,1670,1,standing,walking,0.75,0.0499673516229533,0.053483274909587125,5.305443950289388,172.3582484457168
1786653901.5552351,1671,1,standing,walking,0.75,0.04026188764032273,0.04063484230313438,5.537878127459676,173.37332548123283
1786653901.609289,1672,1,standing,walking,0.75,0.03668992078254887,0.03346126772920029,5.454748955108231,172.76595466199794
1786653901.6490967,1673,1,standing,standing,0.75,0.053600931166111324,0.03943056259232121,5.159428727760785,171.14874760601913
1786653901.6842628,1674,1,standing,standing,0.75,0.04952375185282562,0.03424880266893848,5.031384180965653,169.53963834620023
1786653901.7682774,1675,1,standing,standing,0.75,0.04944800993709251,0.03475674388505964,4.628695386188612,167.22387904245613
1786653901.8036244,1676,1,walking,standing,0.6,0.06687421161309978,0.06090701687948024,4.171838227161129,165.85430103413336
1786653901.8846142,1677,1,walking,standing,0.6,0.07217642262166955,0.07352087252629952,3.792876854799411,164.02650261273965
1786653901.9256604,1678,1,walking,standing,0.6,0.08479300668338417,0.0917975766373828,3.450377051660291,162.852360414432
1786653901.9822114,1679,1,walking,standing,0.6,0.09901107714403205,0.09778206960737384,2.8424298372799734,161.73194551536764
1786653902.0245724,1680,1,walking,walking,0.6,0.11422804417521697,0.10634994924468225,2.570274014518122,161.31141518798086
1786653902.0628097,1681,1,walking,walking,0.6248453194698284,0.12801998905280132,0.1124721575045691,2.2812066443738943,159.6737602863962
1786653902.1089911,1682,1,walking,walking,0.6,0.11099089996124584,0.1060046979392319,2.111049017336046,158.27310778312034
1786653902.1395302,1683,1,walking,walking,0.8518145672526874,0.11612681587980278,0.15332662210548373,2.603951684599866,158.2787588831741
1786653902.189103,1684,1,walking,walking,1.0,0.14662772326918094,0.1808443037272501,2.4043489658213364,157.99074401818785
1786653902.2382648,1685,1,walking,walking,0.8583305424008413,0.1250010784716914,0.15449949763215143,2.229416326777059,157.64468289901288
1786653902.2718277,1686,1,walking,walking,0.9358421467006423,0.14089851091483746,0.1684515864061156,2.11365329228727,157.7465866301088
1786653902.3332756,1687,1,walking,walking,0.8386904641869596,0.12805383547435806,0.1509642835536527,1.8317157216117805,158.64808452018116
1786653902.3671234,1688,1,walking,walking,0.8545024596694252,0.127583607129477,0.15381044274049652,1.6062397074714343,158.05014504587706
1786653902.4469159,1689,1,walking,walking,0.9367806355058943,0.1259245041457375,0.16862051439106096,1.8522541297090889,158.1869574308169
1786653902.4822612,1690,1,walking,walking,1.0,0.13020932134095042,0.1870795741643279,2.2470545184697803,158.2422564512428
1786653902.554992,1691,1,walking,walking,1.0,0.13809056355619032,0.20652609884600978,2.656822140068016,160.12804382779544
1786653902.5888238,1692,1,walking,walking,0.8704969244056063,0.12018958459482408,0.15668944639300914,3.10665486656274,162.00171625752884
1786653902.6488125,1693,1,walking,walking,0.8163802985638032,0.09825554723110519,0.14694845374148457,3.133067677169597,164.07770797787958
1786653902.6915638,1694,1,walking,walking,0.81065311710804,0.09838168378325368,0.1459175610794472,3.6611005072359526,166.41435641913029
1786653902.7346494,1695,1,walking,walking,0.7830194970683682,0.1010462873502418,0.14094350947230627,3.7327149805598756,168.8445045804546
1786653902.8134112,1696,1,walking,walking,0.7987182826192197,0.10598241359926314,0.14376929087145957,3.918724630221535,169.51886450054488
1786653902.860477,1697,1,walking,walking,0.7472218284032186,0.09324842774195861,0.13449992911257935,4.187899494665299,169.23180468122212
1786653902.927715,1698,1,walking,walking,0.7606260096603582,0.09002674851981884,0.13691268173886448,4.418402103639066,170.14524733762053
1786653902.963645,1699,1,walking,walking,0.6995138360711545,0.0799999566512951,0.12591249049280778,4.310922770747416,171.04535988619304
1786653903.013496,1700,1,walking,walking,0.6243244391317401,0.08342223145239591,0.11237839904371322,3.7756936569489077,172.43138696971795
1786653903.0584373,1701,1,walking,walking,0.629057835245106,0.08388871942392237,0.11323041034411907,3.254022766427295,173.13770363900352
1786653903.0984015,1702,1,walking,walking,0.6232229777741064,0.10647196130788701,0.11218013599933914,2.8068481875448024,172.06271024286565
1786653903.1433823,1703,1,walking,walking,0.695752582496734,0.11851649886774353,0.12523546484941211,2.3447453887721776,171.5419015789692
1786653903.1818407,1704,1,walking,walking,0.6,0.10108581371093883,0.10712656270384446,1.951513610718992,170.90107656250632
1786653903.2213862,1705,1,walking,walking,0.6580406871975321,0.09654202840173949,0.11844732369555576,2.0448797150733107,170.03078954508993
1786653903.2563083,1706,1,walking,walking,0.6918403064648092,0.11847115360742211,0.12453125516366567,1.815689513253711,169.4734063444599
1786653903.2924035,1707,1,walking,walking,0.6,0.1241496374068898,0.09649841565918177,2.87663454431731,170.48850401737718
1786653903.3339317,1708,1,walking,walking,0.6,0.13843830657371822,0.07585122731565752,3.8842971767962404,171.1075857043493
1786653903.3677516,1709,1,walking,walking,0.6,0.13299455567436716,0.08577565822545231,6.287930658903965,169.48323130149097
1786653903.4225523,1710,1,walking,walking,0.8926751748137658,0.1429654959256857,0.16068153146647784,10.039412616449974,166.1562897505159
1786653903.456023,1711,1,walking,walking,0.6,0.11739963273791026,0.0,14.902177217352607,157.0231857405649
1786653903.5073793,1712,1,walking,walking,0.6,0.11179532936620563,0.0,19.674741301405664,
1786653903.578168,1714,1,walking,walking,0.6,0.1210421309948187,0.0,26.591401519393997,
1786653903.6099453,1715,1,walking,walking,0.6,0.12528021800517955,0.0,33.14870713000535,
1786653903.6491807,1716,1,bending,walking,0.6596733078704099,0.09958423023162526,0.0,39.580398472224594,
1786653903.6826072,1717,1,bending,walking,0.7527671320628848,0.09950335071342759,0.0,45.166027923773086,
1786653903.7166874,1718,1,bending,walking,0.819580359822158,0.07767787072086524,0.0,49.17482158932948,
1786653903.7507756,1719,1,bending,walking,0.8848138441395522,0.07781514824193153,0.0,53.08883064837313,
1786653903.784566,1720,1,bending,bending,0.9124592365979894,0.07296866673429171,0.0,54.74755419587937,
1786653903.817353,1721,1,bending,bending,0.9241891510518815,0.07795008970126666,0.0,55.451349063112886,
1786653903.8711061,1722,1,bending,bending,0.8876394829639547,0.07423228355334685,0.0,53.25836897783728,
1786653903.9854426,1723,1,bending,bending,0.8379831373416006,0.05745884501364104,0.0,50.278988240496034,
1786653904.03603,1724,1,bending,bending,0.74227879774274,0.06865356571191038,0.0,44.5367278645644,
1786653904.0913305,1725,1,bending,bending,0.6416572614880163,0.07393206481216245,0.0,38.49943568928098,
1786653904.125674,1726,1,standing,bending,0.75,0.07115670138273725,0.0,32.72926353376425,
1786653904.1593902,1727,1,standing,bending,0.75,0.07629860991364805,0.0,27.5894366317466,
1786653904.199827,1728,1,standing,bending,0.75,0.07527879192925598,0.0,22.29615638566637,
1786653904.2351632,1729,1,standing,bending,0.75,0.07483761590662444,0.0,17.123049392689097,
1786653904.2766268,1730,1,standing,standing,0.75,0.0708912479930824,0.0,13.014849123895397,
1786653904.3090382,1731,1,standing,standing,0.75,0.07326364479184067,0.0,8.765417052778382,
1786653904.3498268,1732,1,standing,standing,0.75,0.07403714496417428,0.0,6.229743715567563,
1786653904.387791,1733,1,standing,standing,0.75,0.06713849554193357,0.0,4.320117024218572,175.97480538877437
1786653904.4240932,1734,1,standing,standing,0.75,0.07216695650400712,0.04601672115216195,3.337628684380063,177.7537935198939
1786653904.4684534,1735,1,walking,standing,0.6,0.08357163350698331,0.06912042533670609,2.9063055660415045,177.46567036619044
1786653904.527322,1736,1,standing,standing,0.75,0.07489052652342608,0.0480039113681501,2.2832110950953366,177.27089283125213
1786653904.561951,1737,1,walking,standing,0.6,0.07833165020984874,0.08798108092122732,1.836428361982455,177.36232845205734
1786653904.623476,1738,1,walking,standing,0.6,0.08347600307955061,0.10621260722883277,1.8566850300473283,176.56701767066977
1786653904.6728392,1739,1,walking,standing,0.6,0.08868019216516448,0.09638664846212801,2.0114367582609134,176.06574168109768
1786653904.7286868,1740,1,walking,walking,0.6,0.09520466049254897,0.09477718168223892,2.215404594649514,176.13140485532205
1786653904.7694774,1741,1,walking,walking,0.6,0.10240207290249256,0.09604203445287438,2.5222318554352183,176.21447174117048
1786653904.8402762,1742,1,walking,walking,0.6,0.104447464571637,0.09673647273649173,3.0430608739788525,176.50013205767428
1786653904.916269,1743,1,walking,walking,0.6221834785446236,0.10408216246395417,0.11199302613803225,4.045335201512744,176.18492371429235
1786653904.9507778,1744,1,walking,walking,0.6,0.07968061214344037,0.10229770545717128,4.772301853312689,175.50395856021464
1786653904.9895954,1745,1,walking,walking,0.6040068109099144,0.0829085551415812,0.10872122596378458,5.604618546334388,175.49138708490926
1786653905.0357873,1746,1,walking,walking,0.6,0.07797464216063686,0.09470132565784782,6.27885273394278,175.67266235681987
1786653905.07191,1747,1,walking,walking,0.6,0.07986433861691705,0.08114352774893596,6.8495898713326,175.8232965161974
1786653905.1140592,1748,1,walking,walking,0.6,0.06839706435195295,0.07836213773065152,7.287346232204388,176.4995482289603
1786653905.14862,1749,1,walking,walking,0.6,0.06743392066009142,0.07527392823974352,7.330061905255062,177.11354795358758
1786653905.1837702,1750,1,walking,walking,0.6,0.06436890626502692,0.07771761973589945,6.99243849053271,176.97302505923807
1786653905.2181942,1751,1,walking,walking,0.6,0.06427264799711618,0.07708095955945339,6.414045635591492,176.93331826715468
1786653905.259881,1752,1,walking,walking,0.6,0.06037150243179999,0.06938948825507055,5.785666386506248,176.058157806851
1786653905.3095646,1753,1,walking,walking,0.6,0.06794981599098733,0.08071373321684855,4.909192592408756,175.6779879289062
1786653905.3485036,1754,1,walking,walking,0.6,0.06995080573112006,0.08814090943195414,4.022864677096214,175.55789478265064
1786653905.4097428,1755,1,walking,walking,0.6,0.06990177971323516,0.08475281016335401,2.986806230275114,175.0578865901188
1786653905.444085,1756,1,walking,walking,0.6,0.06038768149647934,0.08151321187559228,2.11596239564462,174.14053764406577
1786653905.48116,1757,1,walking,walking,0.6,0.07364165755597335,0.09120567600212787,1.6335027589365492,172.18128875541274
1786653905.516803,1758,1,walking,walking,0.6,0.06289770115778265,0.08544439459441892,1.1504638760044246,170.12743287453057
1786653905.5580184,1759,1,walking,walking,0.6,0.06090869243179586,0.08308777733553334,1.08681264688716,168.69388525729715
1786653905.6073549,1760,1,walking,walking,0.6,0.05015308851049416,0.07313294800401997,1.2588863025596773,167.62983722214824
1786653905.6435115,1761,1,walking,walking,0.6,0.04720450818668128,0.06985886458836715,1.5259214436440707,167.06610889173837
1786653905.6900933,1762,1,standing,walking,0.75,0.04117077899162357,0.05870343786976414,1.6701675627744046,167.26614385796927
1786653905.7298436,1763,1,standing,walking,0.75,0.03647782862223656,0.04465736222239763,1.709355780895097,167.50969402749573
1786653905.7862551,1764,1,standing,walking,0.75,0.03380365193233395,0.03996908704876826,1.6601952420165205,167.5698317799342
1786653905.8200443,1765,1,standing,walking,0.75,0.03800895242768521,0.03958084256064573,1.7600840109160267,167.65574807840568
1786653905.8659062,1766,1,standing,standing,0.75,0.02445808678326565,0.02843164172641556,1.8770907303073638,168.01000033257802
1786653905.9230616,1767,1,standing,standing,0.75,0.028056547094780844,0.03398628670894678,1.7799593140401888,169.398834297185
1786653905.9662683,1768,1,standing,standing,0.75,0.023587367617035976,0.02445625986586753,1.7403732178699793,170.88282558127418
1786653906.0004168,1769,1,standing,standing,0.75,0.02669183071447189,0.02497247534149554,1.661898227552498,172.04502082986113
1786653906.0344915,1770,1,standing,standing,0.75,0.023016912561946698,0.016841984107789722,1.5367713838143424,173.2439592154995
1786653906.0769866,1771,1,standing,standing,0.75,0.022069904241274675,0.0179169150172657,1.4370462411326175,173.65405559177015
1786653906.155071,1772,1,standing,standing,0.75,0.027175571906171477,0.02061475454561242,1.3604989382164443,173.64607547816829
1786653906.1939027,1773,1,standing,standing,0.75,0.03471904765832028,0.04343805095488899,1.8330479990919333,174.0164884844843
1786653906.229388,1774,1,standing,standing,0.75,0.03360063774978559,0.055291451306092934,1.953109193417361,174.471579097733
1786653906.2638226,1775,1,standing,standing,0.75,0.03417004364414479,0.0547482910109499,2.0392570577841203,174.86448903746833
1786653906.3038619,1776,1,walking,standing,0.6,0.03568605982690379,0.06484411554630304,2.4639621723379426,175.2174695058663
1786653906.3616824,1777,1,walking,standing,0.6,0.03317138519495531,0.08220231824644647,2.797117839839829,175.39079318022897
1786653906.4060323,1778,1,walking,standing,0.6,0.03170495598032171,0.08393758922071816,3.0625962092198766,175.53167001275727
1786653906.4389331,1779,1,walking,standing,0.6,0.03436659903426977,0.10543239017641197,3.5804132736889067,175.65821029600644
1786653906.47381,1780,1,walking,walking,0.6,0.03365433869185392,0.10379144541225577,4.121376799906594,175.76661111674122
1786653906.5180125,1781,1,walking,walking,0.6,0.03455200122125233,0.10582635798373412,4.864648675444242,175.9845406888361
1786653906.5574977,1782,1,walking,walking,0.6,0.03292556787456315,0.08890618987903494,5.677035022250384,176.44555034808653
1786653906.6196468,1783,1,walking,walking,0.7231146705908764,0.0413118852985232,0.13016064070635774,5.395372230213336,176.65790377140723
1786653906.655025,1784,1,walking,walking,0.7241560394209855,0.0412546561467583,0.1303480870957774,5.57722442634496,176.66918522847953
1786653906.707497,1785,1,walking,walking,0.6820636636205403,0.05694795822683406,0.12277145945169726,5.383213623180778,176.75879982820996
1786653906.7894013,1786,1,walking,walking,0.6,0.06797612456180271,0.10565840424962555,4.90818734815598,177.05938935058958
1786653906.8240762,1787,1,walking,walking,0.6,0.066266558328984,0.10335380261239613,4.668349502709666,177.50953131209576
1786653906.970326,1788,1,walking,walking,0.6,0.07558403380643072,0.09200818227559798,4.696603807781349,177.03302868535272
1786653907.01301,1789,1,walking,walking,0.6,0.07582051476472887,0.09281175336197063,4.309862157370496,176.32724989673537
1786653907.048718,1790,1,walking,walking,0.6,0.07752348370506336,0.10588772447939018,4.034562476055022,175.02448356018917
1786653907.0836952,1791,1,walking,walking,0.6,0.07148718505416578,0.10033553765102295,3.5559482764862453,173.6314834049543
1786653907.1164296,1792,1,standing,walking,0.75,0.05943662332140062,0.046676787027401044,3.0066739105289977,172.1607070471943
1786653907.1521025,1793,1,standing,walking,0.75,0.06134042528573447,0.05165165198537445,2.8919383490420296,170.38059753050038
1786653907.2016463,1794,1,standing,walking,0.75,0.04484210474286326,0.0511105176058451,2.871739856661265,169.24709095178284
1786653907.2361555,1795,1,standing,walking,0.75,0.032093222870599875,0.049636099841519093,3.194639840357621,168.07166183496807
1786653907.2719557,1796,1,standing,standing,0.75,0.042154579278893496,0.05839218656981669,3.1805904882052127,167.46759525091738
1786653907.3192582,1797,1,standing,standing,0.75,0.037084432635504726,0.048681061242792256,3.099718781261331,166.59190201694233
1786653907.353511,1798,1,standing,standing,0.75,0.05019942956704207,0.0525528353218397,2.8092078610185505,166.27624994772935
1786653907.4459329,1799,1,standing,standing,0.75,0.042746122320590954,0.03581656785226133,2.4775940447173666,166.09172192305527
1786653907.5534158,1800,1,standing,standing,0.75,0.0532013827401151,0.04876066716430824,2.101585873138101,166.19353184455738
1786653907.6670117,1801,1,walking,standing,0.6,0.07157612962628034,0.07048724444398877,1.6655198377110785,165.64510514279866
1786653907.7237194,1802,1,walking,standing,0.6,0.07845485717791265,0.07861886012706368,1.631990719217485,165.83975451878808
1786653907.7650342,1803,1,walking,standing,0.6,0.0738414442797267,0.07116302739023382,1.7521205527101162,166.27462192822432
1786653907.80005,1804,1,walking,standing,0.6,0.09146231661786247,0.0949894418130006,1.6057897938192833,166.93136279818128
1786653907.837832,1805,1,walking,walking,0.6,0.0935726516994958,0.09384782858794145,1.7116953669111337,166.7096265265911
1786653907.8940952,1806,1,walking,walking,0.6,0.08646223927511715,0.09230594397866379,2.0704024408317947,165.8243978508898
1786653907.9331517,1807,1,walking,walking,0.6,0.08231213009319431,0.09965726315576055,2.5027439975215016,164.01231743682845
1786653907.9740112,1808,1,walking,walking,0.6792110964049777,0.09168488200349204,0.12225799735289598,2.5675951400049177,163.4503923817976
1786653908.0934997,1809,1,walking,walking,0.6928375477041846,0.10117157158958162,0.12471075858675323,2.8616246116505217,163.35235270977546
1786653908.1291132,1810,1,walking,walking,0.6,0.08049019651908135,0.1014416518219376,3.1083743871619576,163.5705936602447
1786653908.1643655,1811,1,walking,walking,0.6,0.07880971321480978,0.09213354106947778,3.5966314907258257,164.54674799179764
1786653908.2011025,1812,1,walking,walking,0.6,0.08649144550529489,0.09430521212379837,3.8422005203657457,164.95215168583042
1786653908.2487707,1813,1,walking,walking,0.6,0.0737922293254038,0.07232293329238017,4.215575813886697,165.32765760735424
1786653908.288007,1814,1,walking,walking,0.6,0.06728927228980784,0.06713769775969902,5.003004710034981,164.83272103669896
1786653908.3339021,1815,1,walking,walking,0.6,0.06752538378740165,0.06746001744140367,5.536515136864251,165.24419121297987
1786653908.43285,1816,1,walking,walking,0.6,0.059895177841229524,0.06061528351347926,6.165119783670326,165.7475367902414
1786653908.4694057,1817,1,standing,walking,0.75,0.05177951332216946,0.04977963844202135,6.902309217598733,167.63336476366428
1786653908.5668824,1818,1,standing,walking,0.75,0.03143465284319115,0.03369780343664966,8.012382757634262,168.64213737439678
1786653908.6017575,1819,1,standing,walking,0.75,0.032751700287605934,0.03914693415044859,9.114788630456417,169.16272409964455
1786653908.6473494,1820,1,walking,walking,0.6,0.03674706061589703,0.07091561712569838,10.351032126353708,169.5260486492893
1786653908.7152102,1821,1,walking,standing,0.6,0.03915629934170842,0.08824010297711175,11.165001446212399,170.32810334451216
1786653908.7584069,1822,1,walking,standing,0.6,0.043041378791469805,0.09041145363607002,11.481596163755643,171.32125055599062
1786653908.808587,1823,1,walking,standing,0.6,0.05181733674866487,0.09079084251889266,11.457808892952782,172.36446551563088
1786653908.8591328,1824,1,walking,walking,0.6,0.051801879819525276,0.09146689786088445,11.190297781383865,173.4725282385635
1786653908.8926795,1825,1,walking,walking,0.6,0.059654351642559195,0.09053591489520542,10.694683463600239,174.6242415937777
1786653908.9363132,1826,1,walking,walking,0.8046777616610375,0.06730010702012228,0.14484199709898674,9.785925995396541,175.52624312240704
1786653908.9853823,1827,1,walking,walking,0.8551960887971046,0.06715572702121668,0.15393529598347883,8.747298811080007,176.2311483256314
1786653909.0327764,1828,1,walking,walking,0.8382959459151215,0.06670917793208703,0.15089327026472185,7.770084473010643,176.92854649787049
1786653909.1148243,1829,1,walking,walking,0.6390611443087745,0.05509759086739384,0.1150310059755794,6.5999229510256345,177.50315714317296
1786653909.1498358,1830,1,walking,walking,0.6,0.048183406508768595,0.09604847100361874,5.3919134768209345,178.21033459585468
1786653909.1832476,1831,1,walking,walking,0.6,0.04096654982164434,0.09328761398066468,4.579046813578275,178.56737774111355
1786653909.2336476,1832,1,walking,walking,0.7121779098821076,0.029794059925641096,0.12819202377877936,4.383515740998098,178.21236053866966
1786653909.2810695,1833,1,walking,walking,0.7848670016676866,0.030702243998623584,0.14127606030018358,4.321530452479604,177.96370886092177
1786653909.3179648,1834,1,walking,walking,0.8917548962493824,0.026601677635034682,0.16051588132488884,4.530869733710238,177.76703276331995
1786653909.3632648,1835,1,walking,walking,0.716043687048527,0.020996766084905926,0.12888786366873484,5.000765541182324,177.43271951035493
1786653909.4092212,1836,1,walking,walking,0.7101727186016816,0.028620800258505347,0.12783108934830267,5.605016917663045,177.16246246893914
1786653909.4760776,1837,1,walking,walking,0.767614982038174,0.036485376466005956,0.13817069676687133,6.117735054769226,177.02001603631504
1786653909.5223804,1838,1,walking,walking,0.7798798116462056,0.037577213924601706,0.140378366096317,6.418598022081963,176.83288596980148
1786653909.564282,1839,1,walking,walking,1.0,0.06938318056338938,0.24237650147975215,6.355326613922537,176.49398597626424
1786653909.6104174,1840,1,walking,walking,1.0,0.0822254839969351,0.24632440384257132,6.041018476010203,175.7438690521307
1786653909.6492486,1841,1,walking,walking,1.0,0.07930662957784596,0.20934865254340362,5.605560243865671,175.04905993789535
1786653909.6998754,1842,1,walking,walking,1.0,0.09103972407691865,0.20954210378317512,5.110358616910091,175.20329482782714
1786653909.7443058,1843,1,walking,walking,1.0,0.09967305372781674,0.21907206581805536,4.852908294562151,174.9739558697174
1786653909.782919,1844,1,walking,walking,1.0,0.09582480478906302,0.18371145776691358,4.344858943426345,174.66147085775913
1786653909.823703,1845,1,walking,walking,1.0,0.09895389446301811,0.1878804507407124,3.812284880949572,174.38385714206663
1786653909.8639905,1846,1,walking,walking,1.0,0.09672623039934845,0.18269949773113855,3.354126650918972,173.94387404830155
1786653909.9258986,1847,1,walking,walking,1.0,0.09564116359947045,0.18106009773859527,3.025857434658864,173.38561763392994
1786653909.962273,1848,1,walking,walking,0.6,0.06548946361616446,0.08301274435972748,2.5690382564033643,172.9418246820838
1786653909.999003,1849,1,walking,walking,0.6,0.0700241198584568,0.09072837421919869,2.7402827718887894,172.40472135309943
1786653910.0616555,1850,1,walking,walking,0.6,0.0698588185835354,0.09044146206311401,3.0819539094407924,172.3272283421606
1786653910.1792676,1851,1,walking,walking,0.6,0.07050156863546561,0.08829638526963567,3.557221804839782,172.7526687194973
1786653910.2154088,1852,1,standing,walking,0.75,0.05639239633395243,0.05598447664840499,3.819108087138794,172.80507470503952
1786653910.3913808,1853,1,walking,walking,0.6,0.06859722695782466,0.0873823458766177,3.849707957658448,172.12751425710766
1786653910.427606,1854,1,walking,walking,0.6,0.05830172161149546,0.07550662726506324,3.866224009229805,171.50519615381972
1786653910.4612024,1855,1,walking,walking,0.6,0.05820808605069431,0.09221153417766122,3.876573987709834,171.529590863341
1786653910.5266948,1856,1,walking,walking,0.6,0.07430918205688106,0.0993367781320906,4.0514915879395925,170.93431956267972
1786653910.6070623,1857,1,walking,walking,0.6,0.07413678855836882,0.10189435647804464,4.653081746111722,170.6966755528614
1786653910.6411424,1858,1,walking,walking,0.6,0.05531343893654861,0.08895968758138197,5.49353327607334,170.45175605775097
1786653910.691501,1859,1,walking,walking,0.6,0.055914853632456324,0.09149711253615313,6.463887098889211,169.92521877103732
1786653910.7862787,1860,1,walking,walking,0.6,0.04452881506153163,0.08403083888275732,7.845644316586669,169.36963963190286
1786653910.8262658,1861,1,walking,walking,0.6,0.0490984741236171,0.08760316664158103,9.185144107501031,167.82351629792254
1786653910.8727891,1862,1,standing,walking,0.75,0.037146559630773526,0.05988561025384788,10.266606796449533,166.50263605248514
1786653910.9079163,1863,1,walking,walking,0.6,0.03926913127127795,0.06070971485033309,11.494880810090612,166.1827768832856
1786653910.9528368,1864,1,standing,walking,0.75,0.03632920772389992,0.03762911813671127,12.510322491314316,165.9405462619367
1786653911.0145073,1865,1,standing,walking,0.75,0.022026764749093215,0.03414318212769472,13.417571842701486,165.36336864253775
1786653911.0488253,1866,1,standing,walking,0.75,0.017528530767478664,0.027673539756449924,14.249649839471662,165.50081045668134
1786653911.0822253,1867,1,standing,standing,0.75,0.018930613035172145,0.028249722456323605,14.516393686434304,164.88580480472768
1786653911.1247766,1868,1,standing,standing,0.75,0.02216436101606009,0.027988859999445406,14.568412487539948,163.94650079185064
1786653911.1977174,1869,1,standing,standing,0.75,0.022758962290771893,0.026747549455668467,14.271335563993972,163.6101679548542
1786653911.2334378,1870,1,standing,standing,0.75,0.018930453559641455,0.02411454386582835,13.466447338892317,162.9868405048138
1786653911.2841942,1871,1,standing,standing,0.75,0.019548759914415806,0.021945226599418076,12.377464939332906,162.52808008227504
1786653911.3326678,1872,1,standing,standing,0.75,0.01817469483975516,0.02725634023946757,11.472712051990992,160.86286247101106
1786653911.414554,1873,1,standing,standing,0.75,0.01692331052178098,0.034254450137667196,10.47710740066395,158.8955297995828
1786653911.4926665,1874,1,standing,standing,0.75,0.023685227191651115,0.03842711098885775,9.858023722203919,157.59987685280345
1786653911.5900373,1875,1,standing,standing,0.75,0.032907954468511885,0.045486840461385535,9.464354050597631,157.0701358864601
1786653911.7438412,1876,1,standing,standing,0.75,0.037969650128731755,0.048241393170123034,9.58849308853046,155.7955323071243
1786653912.0559223,1877,1,standing,standing,0.75,0.039947338211334484,0.04870500952432048,10.225494588068143,154.37448448748097
1786653912.118232,1878,1,standing,standing,0.75,0.04199709273297196,0.047956090937072045,11.488108090270622,153.12051396150576
1786653912.1756775,1879,1,standing,standing,0.75,0.04753512106481844,0.050316866105448485,13.138519524710826,151.96321664029537
1786653912.2110944,1880,1,standing,standing,0.75,0.05188425073136882,0.05385891407391858,15.829622969490895,150.53807242329623
1786653912.2450402,1881,1,standing,standing,0.75,0.0553254621958224,0.05198261992111473,20.05378357405423,148.83165993328598
1786653912.285275,1882,1,standing,standing,0.75,0.059351755978564555,0.048607712330750855,23.720468870143925,148.1610522212906
1786653912.3266428,1883,1,standing,standing,0.75,0.05348328837854842,0.047554757742123276,27.172211647628593,148.2467251958052
1786653912.4667153,1884,1,standing,standing,0.75,0.04631168447936464,0.04566220184094443,29.746174276912477,147.8409246674808
1786653912.541041,1885,1,standing,standing,0.75,0.04933233158415836,0.047338846064033366,31.793094025110186,146.30886507588647
1786653912.6280134,1886,1,unknown,standing,0.3,0.05481720850460941,0.04560114152242824,33.00076168379782,144.72201728409757
1786653912.6740835,1887,1,unknown,standing,0.3,0.057617912489588474,0.046712330317513893,33.76821780526778,143.97899311478972
1786653912.7805367,1888,1,unknown,standing,0.3,0.056577021549937406,0.055835460405954634,34.40961118797007,143.47553553395247
1786653912.832952,1889,1,walking,standing,0.6,0.0536469394874698,0.06130694070929269,34.783517583001455,143.91519293117886
1786653912.924151,1890,1,walking,standing,0.6,0.057027295449519726,0.06380771841982245,34.74524580571176,144.4825562495364
1786653912.978323,1891,1,walking,standing,0.6,0.06820707656747592,0.061300767519615426,33.28711186804999,143.20126074796852
1786653913.019471,1892,1,walking,standing,0.6,0.08371187067628526,0.05793370277210316,32.57252233928549,141.1575198850619
1786653913.0659227,1893,1,walking,walking,0.6,0.09748255716151072,0.05732154704405433,32.027156543403734,135.23160615381798
1786653913.1018972,1894,1,walking,walking,0.6,0.10237712173707705,0.05509026031176249,32.35822066132665,126.23344798008566
1786653913.147528,1895,1,walking,walking,0.6,0.09274451527781849,0.05570738218521928,33.161917766470154,117.28196406809818
1786653913.1831856,1896,1,walking,walking,0.6,0.09320137235518237,0.055656115298837266,34.285306392869785,110.22028604816019
1786653913.286255,1897,1,bending,walking,0.5878386802958416,0.10254656111901204,0.052152934067609596,35.270320817750495,106.33619314541811
1786653913.3768077,1898,1,bending,walking,0.5977177831158839,0.12497622601424051,0.04463920841753691,35.86306698695303,105.13099992593243
1786653913.4623244,1899,1,bending,walking,0.6082988042098394,0.13719916565562706,0.04019735036609081,36.49792825259036,103.07293581920733
1786653913.638754,1900,1,bending,walking,0.5965884375065683,0.13675500743322902,0.040715886611057815,35.7953062503941,103.24572212633093
1786653913.7530293,1901,1,walking,bending,0.6,0.13313014692545969,0.039072155840409545,34.349539371172874,107.24271949389524
1786653913.9731472,1902,1,walking,bending,0.6,0.12482041141424677,0.035384326348235365,32.218393448667086,112.26327584337498
1786653914.0169044,1903,1,walking,bending,0.6,0.11483045115865294,0.032333330542552156,29.664298628886115,120.91704140078761
1786653914.0692477,1904,1,walking,bending,0.6,0.11657409266754722,0.031827532687416775,26.47017398943168,132.06400718273994
1786653914.1109967,1905,1,walking,walking,0.6,0.10840914537105058,0.028632972732652227,23.21406540612869,143.2493419418393
1786653914.1576147,1906,1,walking,walking,0.6,0.09588660181601556,0.01953854877923529,19.924564152736743,153.17815078618696
1786653914.1960971,1907,1,standing,walking,0.75,0.0727878628894198,0.018597353944824785,16.727073688674512,159.4007866855893
1786653914.2460833,1908,1,standing,walking,0.75,0.05310931804528176,0.020880581528338337,13.710909822647825,161.99554159632902
1786653914.2900472,1909,1,standing,walking,0.75,0.036594456928570544,0.025157385642846693,10.400360144213561,164.1441074752567
1786653914.3305364,1910,1,standing,walking,0.75,0.026777549945764405,0.032703624853751334,7.935889401919705,164.63664443829177
1786653914.4042428,1911,1,standing,standing,0.75,0.03733345355105179,0.05104691836234068,6.247382896902098,165.08725848791568
1786653914.4642692,1912,1,standing,standing,0.75,0.04663712984063054,0.05483816411403946,5.2017390079270545,165.2833818079331
1786653914.6660259,1913,1,standing,standing,0.75,0.044211002878051804,0.05381255056239843,4.645470996954932,165.21710896786735
1786653914.764442,1914,1,standing,standing,0.75,0.060273975999108206,0.05796831176458934,4.598737681676353,164.7999721277386
1786653914.936751,1915,1,walking,standing,0.6,0.09119218106735696,0.08998757403227182,4.597650056232004,163.67150421386805
1786653915.0906556,1916,1,walking,standing,0.6,0.08978763630330493,0.08866617280028423,4.671396578996886,162.7833459735739
1786653915.2147098,1917,1,walking,standing,0.6,0.10095473885950938,0.10101327539164534,4.942425008962653,162.41356823210626
1786653915.2817824,1918,1,walking,standing,0.649533462747888,0.11211132718583085,0.11691602329461984,5.141727484881042,163.60824495535797
1786653915.376787,1919,1,walking,walking,0.6917874665794518,0.12057168394951617,0.12452174398430133,5.604055875585408,164.16066986204004
1786653915.4223788,1920,1,walking,walking,0.7008338547416857,0.11468779496445126,0.12615009385350343,5.715765844498581,165.52097680030118
1786653915.4855278,1921,1,walking,walking,0.7892796739272377,0.11287029243936021,0.1420703413069028,5.858721380853273,164.35843992365622
1786653915.5428681,1922,1,walking,walking,0.9309880430541163,0.12390993745734323,0.1675778477497409,5.815624223752552,162.15950969326445
1786653915.6368723,1923,1,walking,walking,1.0,0.1204322592514615,0.1860987176452385,5.688604154171063,161.0170503812946
1786653915.7307217,1924,1,walking,walking,0.9091522676391244,0.10004141436900203,0.1636474081750424,5.391168757352974,161.04825589083336
1786653915.8349543,1925,1,walking,walking,1.0,0.11065309189027632,0.18198980075430693,5.075424479163424,162.62500491443157
1786653915.901171,1926,1,walking,walking,1.0,0.12437157686373174,0.18586650660672388,4.857512832385746,164.5248997478439
1786653916.0590367,1927,1,walking,walking,0.9059187483542602,0.11261128703219758,0.16306537470376684,4.554372071202783,166.07702326482146
1786653916.128444,1928,1,walking,walking,0.8460356525711644,0.1149894990880837,0.1522864174628096,4.191522576678379,167.05942076561996
1786653916.2262075,1929,1,walking,walking,0.757999816957451,0.11311969096612293,0.13643996705234118,3.670794492386379,168.5777500792497
1786653916.2862558,1930,1,walking,walking,0.6977950060049193,0.11325231972723936,0.12560310108088546,3.2793040127862554,167.51333306190688
1786653916.350243,1931,1,walking,walking,0.6,0.10630549443765447,0.10562821290429429,2.8299294489383833,167.236893972744
1786653916.3863838,1932,1,walking,walking,0.6,0.09386120554277551,0.08346977835655711,2.4875716121810107,167.92769201326155
1786653916.435038,1933,1,walking,walking,0.6,0.09923197729592245,0.08351732316221386,2.34688761285359,168.0611851318322
1786653916.471651,1934,1,walking,walking,0.6,0.0970990066745206,0.07878640755818614,2.178220270188178,167.59189227449548
1786653916.5076156,1935,1,walking,walking,0.6,0.08604068961434001,0.061041155547179066,2.13718431745326,166.36466938724845
1786653916.57728,1936,1,walking,walking,0.6,0.08653845998550071,0.060940868885306095,1.9357673931616,164.8791059356964
1786653916.6305912,1937,1,walking,walking,0.6,0.08898600323655456,0.08030696365398328,1.8456307366443898,163.239197454374
1786653916.6663544,1938,1,walking,walking,0.6,0.09070628079570642,0.09637543543396838,1.5829576963680556,161.209008195512
1786653916.7325537,1939,1,walking,walking,0.6024472190017597,0.09395929094557015,0.10844049942031674,1.4280030709579223,160.20612519459308
1786653916.800497,1940,1,walking,walking,0.6,0.08886015508507855,0.10228968837504969,1.4416712850220166,160.87542647097743
1786653916.8533804,1941,1,walking,walking,0.7232070473948181,0.12352067786732235,0.13017726853106726,1.4298764179500427,161.44092131445083
1786653916.8963013,1942,1,walking,walking,0.6707252131423141,0.10576981454962628,0.12073053836561654,1.41711899648874,162.0227723717738
1786653916.9389913,1943,1,walking,walking,0.7771286431053808,0.1359667513275059,0.13988315575896854,1.2872067108701832,160.88703674276096
1786653917.0028129,1944,1,walking,walking,0.7684772428217741,0.12190694199148504,0.13832590370791933,1.3517965639977614,159.7917022358214
1786653917.0501692,1945,1,walking,walking,0.8418470820391962,0.13897482323906918,0.1515324747670553,1.3110816443059392,158.78766736042866
1786653917.104535,1946,1,walking,walking,0.9230925439797285,0.14878339638573232,0.16615665791635112,1.2886906182627489,158.53157107316358
1786653917.1604247,1947,1,walking,walking,0.8009472565480094,0.13659070982009985,0.1441705061786417,1.1514753222610934,158.51077478903645
1786653917.2033865,1948,1,walking,walking,0.7852774866928888,0.14045634441716792,0.14134994760471997,1.2247500229588906,159.8554084861318
1786653917.243556,1949,1,walking,walking,0.9365605607317171,0.18160740613948437,0.16858090093170908,1.209579772517908,158.51028057923799
1786653917.3170426,1950,1,walking,walking,0.8813926314833974,0.16771710864989353,0.15865067366701152,1.228746036736864,156.14922982262277
1786653917.3558648,1951,1,walking,walking,1.0,0.18686629929047752,0.20075548284037567,1.2367592941244578,155.81067246018853
1786653917.4488027,1952,1,walking,walking,0.9794099380670575,0.1668619035574358,0.17629378885207034,1.2249040296581277,155.37190782709462
1786653917.530504,1953,1,walking,walking,1.0,0.1858071090016586,0.19414485272377247,1.1977835879140477,156.35611751682342
1786653917.6006165,1954,1,walking,walking,1.0,0.18776216099391388,0.2092256210116716,1.1984250110987367,158.2277856117642
1786653917.6608822,1955,1,walking,walking,1.0,0.18224083430541654,0.18633268690252888,1.4712777424587082,159.92400427709498
1786653917.7385232,1956,1,walking,walking,1.0,0.20644541073190062,0.1972688564411897,1.784970993672097,159.35922939237267
1786653917.781248,1957,1,walking,walking,1.0,0.20995596916963147,0.1939923309893727,2.1265520748097773,157.64145713579816
1786653917.9401329,1958,1,walking,walking,1.0,0.18764613650662124,0.21477512223231676,2.6956555756148894,157.61641326216989
1786653917.9995914,1959,1,walking,walking,1.0,0.18005564756274178,0.22096352681619919,3.6917832390709875,157.34341240144602
1786653918.0340338,1960,1,walking,walking,1.0,0.17349349713358858,0.19965016091541232,4.710011765572876,159.23774154203016
1786653918.0907598,1961,1,walking,walking,1.0,0.16673025807093902,0.2109591758913405,5.9473155797921065,160.1490063579601
1786653918.1282752,1962,1,walking,walking,1.0,0.15869854354050023,0.22349983393946404,7.152287970961562,161.56951189627156
1786653918.1740997,1963,1,walking,walking,1.0,0.14987181001455133,0.21197383530219813,8.13888419520196,162.75199522059864
1786653918.2262356,1964,1,walking,walking,1.0,0.13415160960838904,0.2241888868648077,8.764313241036325,163.22935287209464
1786653918.270344,1965,1,walking,walking,1.0,0.11543500495588775,0.2272891405192208,8.858867174633954,162.26935796580264
1786653918.3136837,1966,1,walking,walking,1.0,0.09428899783064187,0.22391466474321012,8.908429485339187,163.42241691173393
1786653918.3474486,1967,1,walking,walking,1.0,0.08108621942750922,0.20025869786382977,9.017291744898499,166.43632081803304
1786653918.393855,1968,1,walking,walking,1.0,0.07525059704701328,0.18444900771863026,9.129742778874553,166.37061664998
1786653918.4389281,1969,1,walking,walking,0.987921151755058,0.07067471977619444,0.17782580731591044,8.980503115521387,168.44408361042414
1786653918.4854748,1970,1,walking,walking,0.9059270712169254,0.06786589420457673,0.16306687281904655,8.787030614317876,169.4938416985511
1786653918.6572635,1971,1,walking,walking,0.7878462468980435,0.06767636756640893,0.14181232444164782,8.386511081443546,169.69422189540916
1786653918.6954508,1972,1,walking,walking,0.7762953252353438,0.06831073768253909,0.1397331585423619,8.204168440477648,169.38677488366034
1786653918.7632194,1973,1,walking,walking,0.6621592550701632,0.07292905109309321,0.11918866591262936,8.256886502483802,169.13381431019576
1786653918.8215358,1974,1,walking,walking,0.6521094065637343,0.07967115696184611,0.11737969318147216,8.53264019640318,164.80203104898888
1786653918.901915,1975,1,walking,walking,0.7723027813969182,0.0929975830043913,0.13901450065144527,9.009297088788639,164.61540595839628
1786653918.9982102,1976,1,walking,walking,0.7022055050184505,0.09673864400713049,0.1263969909033211,9.184643580344042,164.64764570637425
1786653919.1082976,1977,1,walking,walking,0.6945285011071104,0.10182826228369733,0.12501513019927987,9.062802501973897,162.57556998070316
1786653919.1712174,1978,1,walking,walking,0.6491608295906999,0.11037274386238305,0.11684894932632597,8.703237821973095,161.80947921908373
1786653919.30629,1979,1,walking,walking,0.6523840917335395,0.10097365181198509,0.11742913651203711,8.157713065941063,160.8535465499147
1786653919.338415,1980,1,walking,walking,0.6866573929671044,0.10432354331496703,0.12359833073407878,7.320402872135662,158.82889494301975
1786653919.3831093,1981,1,walking,walking,0.6866573929671044,0.12169877029812921,0.12359833073407878,6.564424930404856,151.92377647145918
1786653919.4254816,1982,1,walking,walking,0.7869185095712404,0.1234378781635202,0.1416453317228233,5.5639299366137935,150.90169993932682
1786653919.4702327,1983,1,walking,walking,0.8174516604256624,0.12421722107957549,0.14714129887661923,4.491957398260179,152.10253536044758
1786653919.5055175,1984,1,walking,walking,0.7464414512587538,0.12482492611334275,0.1343594612265757,3.857124027860263,155.86952135146385
1786653919.5601234,1985,1,walking,walking,0.6564587483050438,0.13273206001716661,0.11816257469490789,3.1979279162225174,157.02148761615402
1786653919.6053898,1986,1,walking,walking,0.6345726305891395,0.14111479968063878,0.1142230735060451,2.9951830728887203,156.0113583514978
1786653919.6410687,1987,1,walking,walking,0.6749802051964169,0.13947710722693507,0.12149643693535503,2.95293558249213,155.8431944606335
1786653919.6756625,1988,1,walking,walking,0.7600383968049164,0.15633929479018624,0.13680691142488494,3.1108383484102555,155.22313728619562
1786653919.7135227,1989,1,walking,walking,0.7527446106611951,0.1552808516436036,0.1354940299190151,3.2674227944686387,155.90863299900747
1786653919.7923198,1990,1,walking,walking,0.7488014140137668,0.13728544872740278,0.13478425452247803,3.593130277158165,157.5579805614536
1786653919.8441372,1991,1,walking,walking,0.7235389284867192,0.13118740795443845,0.13023700712760947,3.936050621962307,162.28437726273725
1786653919.878173,1992,1,walking,walking,0.6520791878066678,0.12406789206791416,0.11737425380520021,4.197768694683796,164.69529179099771
1786653919.9766603,1993,1,walking,walking,0.6463093286260512,0.11686497598215628,0.1163356791526892,4.465132687209976,165.7079655264001
1786653920.0503094,1994,1,walking,walking,0.7561041045659863,0.11022276684902968,0.13609873882187754,4.456533405111718,164.9793225632017
1786653920.106473,1995,1,walking,walking,0.7972062441668423,0.098380158948903,0.14349712395003159,4.578194123794179,164.35539518133652
1786653920.1878808,1996,1,walking,walking,0.7656408395630079,0.09051458755908393,0.1378153511213414,4.619821985707624,164.9750795476347
1786653920.255282,1997,1,walking,walking,0.7204548630150654,0.07914467354888527,0.12968187534271178,4.682127534666621,166.38964895056512
1786653920.3131926,1998,1,walking,walking,0.7021203947384665,0.07114172218921697,0.12638167105292397,4.609619445060846,168.44499117621183
1786653920.3549726,1999,1,walking,walking,0.6442331722593282,0.06678026010331779,0.11596197100667907,4.698688468034328,169.48174248491546
1786653920.5520008,2000,1,walking,walking,0.6,0.06927627059912751,0.09784044111876421,5.166250470761687,169.92762339317622
1786653920.5900943,2001,1,walking,walking,0.6,0.07068197101128282,0.09718507644082061,6.037374282876521,170.823992374454
1786653920.6678202,2002,1,walking,walking,0.6,0.06914173485975662,0.0886784724834853,7.262909603785036,171.68236744638887
1786653920.7025545,2003,1,walking,walking,0.6,0.06218372732790083,0.0662466245623826,8.696448728373552,172.35919991256102
1786653920.7353394,2004,1,standing,walking,0.75,0.05455809103969592,0.0556558433987452,10.052193145379952,173.8399628282383
1786653920.9167557,2005,1,standing,walking,0.75,0.04792001557087594,0.04935123128648281,11.170803986819994,175.59611646996433
1786653920.9673748,2006,1,standing,walking,0.75,0.04479421120491993,0.04165290574414638,12.145462391944024,177.00041751739542
1786653921.008631,2007,1,standing,walking,0.75,0.045707009178668406,0.03244405854474757,12.853620653291154,177.63041686918567
1786653921.0474567,2008,1,standing,standing,0.75,0.04788217584585683,0.031502702161091085,13.254826899190956,177.58229775111346
1786653921.0906525,2009,1,standing,standing,0.75,0.049192142113719174,0.032729352429135515,13.186756205967495,177.54581998275927
1786653921.1487362,2010,1,standing,standing,0.75,0.048699176845606075,0.02960188460472511,12.72323367072204,177.55308023523702
1786653921.268319,2011,1,standing,standing,0.75,0.04958595852949367,0.03790633025662191,11.667260781803977,177.02339688064095
1786653921.3021688,2012,1,standing,standing,0.75,0.04707174566254857,0.034821835209407584,10.460688698548488,176.54598258443997
1786653921.3503065,2013,1,standing,standing,0.75,0.04708345609052797,0.036976436777892724,9.164868199597242,176.2197807208051
1786653921.3878443,2014,1,standing,standing,0.75,0.04845902216220397,0.03599167556385421,7.98681310672402,175.82945070202015
1786653921.5019748,2015,1,standing,standing,0.75,0.0539559959969579,0.03523522882108781,7.055952762492192,175.43495650745703
1786653921.5436556,2016,1,standing,standing,0.75,0.05470657597003132,0.03585011939949556,6.305211437826898,174.93610534723953
1786653921.6340408,2017,1,standing,standing,0.75,0.052294387760852885,0.03445405310286729,5.934168404728527,174.49314004588044
1786653921.6882586,2018,1,standing,standing,0.75,0.0554325420342509,0.03365407463302581,6.1083673003028265,173.9863012822885
1786653921.7227697,2019,1,standing,standing,0.75,0.049167134118554376,0.033309065793051,6.508784695366932,173.579944263214
1786653921.7730215,2020,1,standing,standing,0.75,0.045846569255962276,0.020798173556135988,7.134513684322824,173.20921127368652
1786653921.8685565,2021,1,standing,standing,0.75,0.049269900851755345,0.028883113672370824,8.059397819728105,172.94414257029752
1786653921.9001422,2022,1,standing,standing,0.75,0.055142346333307196,0.025894759471752446,9.368627832743238,171.88722461683332
1786653921.9580336,2023,1,standing,standing,0.75,0.05546971006298021,0.026919976335031737,10.788558468141261,170.37144737474813
1786653921.9959576,2024,1,standing,standing,0.75,0.04816934344358801,0.027118429952484962,12.165315543414028,168.6752650754135
1786653922.0688634,2025,1,standing,standing,0.75,0.05479419180967669,0.02953426471119645,13.505113642591777,167.45896607876682
1786653922.1027,2026,1,standing,standing,0.75,0.049030008483696104,0.029038144987587493,14.736054163786937,166.3934316471743
1786653922.1443377,2027,1,standing,standing,0.75,0.04698319415465057,0.03005986157021607,15.385380898614946,165.77786471710903
1786653922.297584,2028,1,standing,standing,0.75,0.046545926688018324,0.028591813342659186,15.763310972706762,165.27298663360074
1786653922.395463,2029,1,standing,standing,0.75,0.061865592012894495,0.02865550101516508,15.82359575616602,164.8436251113514
1786653922.4617438,2030,1,standing,standing,0.75,0.06642337368293899,0.022830102613261242,15.624823645182044,164.35843685525438
1786653922.5078702,2031,1,standing,standing,0.75,0.0603680878209005,0.021801978925160014,15.28425782763471,164.05752076356214
1786653922.586174,2032,1,standing,standing,0.75,0.06494405463516091,0.030029726001199193,14.192075878686364,164.0652444917589
1786653922.7039561,2033,1,standing,standing,0.75,0.06438389090628842,0.028548403602224683,12.94266406061038,164.44526830427782
1786653922.8042316,2034,1,standing,standing,0.75,0.056857938761712,0.03884067847987169,11.406643705618304,164.39306435907616
1786653922.9229543,2035,1,standing,standing,0.75,0.0568722582624363,0.038575921111375915,9.803062121786263,163.90852954586106
1786653922.9858735,2036,1,standing,standing,0.75,0.05027494090580839,0.049621035348401024,8.127315780079044,162.69774633965307
1786653923.0210276,2037,1,walking,standing,0.6,0.05527850868619141,0.060668196031488514,7.073774313643172,160.75520274094066
1786653923.1287436,2038,1,walking,standing,0.6,0.046768720806726366,0.06752580518187842,5.885963478248374,160.55251970911942
1786653923.1715755,2039,1,walking,standing,0.6,0.037909721194173344,0.06484925246343508,5.078481422870505,160.1213049657196
1786653923.2285657,2040,1,walking,standing,0.6,0.04288966845119479,0.06768404618967583,4.481121150704178,159.76243925457325
1786653923.2657952,2041,1,walking,walking,0.6,0.04588498863972331,0.07034109059035161,3.9425877405515783,158.7638941990527
1786653923.3215747,2042,1,walking,walking,0.6,0.04579912810354945,0.07019388895295324,3.743348588334387,158.42397977877323
1786653923.3535433,2043,1,walking,walking,0.6,0.044452235166199325,0.06494697007526178,3.450042860059039,158.1837972994596
1786653923.5104733,2044,1,walking,walking,0.6,0.05147437646618949,0.0864633401339478,3.1786885085429706,157.99894958902973
1786653923.556538,2045,1,walking,walking,0.6,0.04847942782444838,0.077714564202517,2.840029783562191,157.51864793292305
1786653923.7521954,2046,1,walking,walking,0.6,0.0491887282459329,0.07911961412997068,2.6190255682849033,158.80447037829754
1786653923.821973,2047,1,walking,walking,0.6,0.03804392510445851,0.06989553814682797,2.265038461957029,160.4163732252271
1786653923.8964996,2048,1,walking,walking,0.6,0.044014106144690424,0.07392247571175775,2.037908692085459,160.17381344315197
1786653924.0261502,2049,1,walking,walking,0.6,0.05204315443433184,0.07200556766969769,1.9487026940496102,159.99738682379498
1786653924.094759,2050,1,standing,walking,0.75,0.04244363284998423,0.05876260104222359,1.8104256744597205,159.86723820944343
1786653924.1411138,2051,1,walking,walking,0.6,0.04813480217177808,0.06179158934641343,1.7679888318619004,160.55889119963177
1786653924.1853447,2052,1,walking,walking,0.6,0.048028183739671014,0.06921093473155297,1.412993177787558,160.4124148875557
1786653924.2976332,2053,1,standing,walking,0.75,0.04088845677978097,0.04782808577590398,1.1522595050359379,160.1542121432081
1786653924.342774,2054,1,standing,walking,0.75,0.04184375928474318,0.05266352152886018,1.1021773782024145,160.4142741853532
1786653924.3877938,2055,1,standing,walking,0.75,0.03657440359247364,0.04043621673342593,1.1073008380645295,161.08313290889183
1786653924.4291866,2056,1,standing,standing,0.75,0.03674776459680493,0.04110846555182563,1.0656097669442406,160.7656332528569
1786653924.4728062,2057,1,standing,standing,0.75,0.030564690370516425,0.037375736951171405,1.0275986477305494,160.4167186757114
1786653924.5186932,2058,1,standing,standing,0.75,0.01665459340272952,0.035770704368063504,0.9922208021659646,160.15201160818592
1786653924.6122148,2059,1,standing,standing,0.75,0.01693239784457542,0.03703602796038659,0.8650526897745134,160.06901540213318
1786653924.6729927,2060,1,standing,standing,0.75,0.013156552737983215,0.03476115582587227,0.7766473494455972,160.49171347684836
1786653924.7060423,2061,1,idle,standing,0.85,0.009467084528128106,0.018273880557280884,0.5422982703706241,160.7217820144674
1786653924.7537618,2062,1,idle,standing,0.85,0.009569355918357095,0.01781096252220713,0.6325071830974294,161.72002290125786
1786653924.810387,2063,1,idle,standing,0.85,0.007303851247234737,0.009319792847921385,0.873751945263866,162.38031646920894
1786653924.8742597,2064,1,idle,standing,0.85,0.007522918165642539,0.009366844285891619,1.2388431750529976,163.07254678938324
1786653924.9134405,2065,1,idle,idle,0.85,0.0084826942175719,0.009743102651384658,1.680043201064184,163.68293416500046
1786653924.9499953,2066,1,idle,idle,0.85,0.008254294796127047,0.009884078709196043,2.158088037142067,164.1539755292131
1786653924.983047,2067,1,idle,idle,0.85,0.00858880261247963,0.01168521910776063,2.643969071315524,164.82338003977142
1786653925.0389647,2068,1,idle,idle,0.85,0.010022108468746864,0.010897187054776873,2.9403514835882456,165.54490543705612
1786653925.080258,2069,1,idle,idle,0.85,0.008852667334939059,0.01037260366558355,3.133098439168056,165.92590852674857
1786653925.1188722,2070,1,idle,idle,0.85,0.00846858578576809,0.011158274093186663,3.277803258202172,165.743184237965
1786653925.1543946,2071,1,idle,idle,0.85,0.009410839620216481,0.011405997641323858,3.347074248907483,165.5562437119672
1786653925.190484,2072,1,idle,idle,0.85,0.008987593946759425,0.011161814210439184,3.3917054345004183,165.2181716195294
1786653925.2225611,2073,1,idle,idle,0.85,0.008921161155358084,0.010802551671339092,3.3852876454487957,165.0642034286584
1786653925.2743957,2074,1,idle,idle,0.85,0.008630615760011898,0.00989176586227987,3.354485163111798,164.78906494842477
1786653925.3083377,2075,1,idle,idle,0.85,0.011790151810019443,0.012656131545400386,3.1145651738737268,164.79155176268085
1786653925.3843071,2076,1,idle,idle,0.85,0.012638745061289251,0.015137266363611524,2.8540972868924297,164.70229468768522
1786653925.4233131,2077,1,idle,idle,0.85,0.011162400728102142,0.017374651960297607,2.4859737794663728,164.6877754949948
1786653925.5085669,2078,1,idle,idle,0.85,0.010573796387104732,0.016995466582272797,2.3001945197980542,164.56561104728317
1786653925.5427904,2079,1,idle,idle,0.85,0.012498585942186578,0.01637535111420435,2.3851929658269735,164.59412859322367
1786653925.5821607,2080,1,idle,idle,0.85,0.011613049262284538,0.016084212864827807,2.481955299092026,164.5565614283525
1786653925.615853,2081,1,idle,idle,0.85,0.012555000635276954,0.01606350415684524,2.627851831653081,164.5719760282376
1786653925.7088459,2082,1,idle,idle,0.85,0.0145842640729143,0.01794977994720824,2.6453585183027055,164.7705997360607
1786653925.7422695,2083,1,idle,idle,0.85,0.01458894887599815,0.01886442751933366,2.4465919298839647,165.13384378804477
1786653925.7858946,2084,1,standing,idle,0.75,0.012637345836174707,0.025447376634906496,2.074571534088146,165.35706980234988
1786653925.8187385,2085,1,standing,idle,0.75,0.012938943339998114,0.02563072342766802,1.9350438260530864,164.72241988988964
1786653925.9425244,2086,1,standing,idle,0.75,0.014387624246738558,0.026764935063886757,2.0298127786887754,164.8633684964256
1786653925.9978814,2087,1,standing,idle,0.75,0.019196294457489632,0.032318531407727835,2.202967430521407,165.08992025498074
1786653926.0387435,2088,1,standing,standing,0.75,0.023887290303052817,0.03458122626327546,2.1605372576053297,165.70666024774226
1786653926.1706777,2089,1,standing,standing,0.75,0.030788030105926775,0.03752474274161835,1.8297634711149127,166.34557622264998
1786653926.20476,2090,1,standing,standing,0.75,0.03594124897190042,0.03922318632362646,1.5406772273894647,166.8973251230944
1786653926.2467759,2091,1,standing,standing,0.75,0.04094564538304682,0.043864741770763965,1.3890452922388261,167.7073920983195
1786653926.2984636,2092,1,standing,standing,0.75,0.04361969832346882,0.04685745300829823,1.4720760449379857,168.4532422302724
1786653926.3435552,2093,1,standing,standing,0.75,0.044135116288797266,0.041736016035237564,1.7566300715345675,169.3482412210092
1786653926.4522338,2094,1,standing,standing,0.75,0.04225093413279924,0.03800150085667765,2.084262267469457,170.49419346934778
1786653926.519009,2095,1,standing,standing,0.75,0.04077653664032119,0.03575311015351985,2.35243144373318,172.284717770109
1786653926.5601928,2096,1,standing,standing,0.75,0.03586985025386067,0.03085382081436905,2.3719780053977213,173.27660414400214
1786653926.6090775,2097,1,standing,standing,0.75,0.02847283086780676,0.028184404095349655,2.3972890299696057,173.954785952305
1786653926.643885,2098,1,standing,standing,0.75,0.021608376084533188,0.03646459529776195,2.8350433687248477,172.7814675735256
1786653926.6920035,2099,1,standing,standing,0.75,0.02317531916718604,0.04405042834705326,3.4193873028566037,172.29235806795745
1786653926.7330804,2100,1,standing,standing,0.75,0.02001449309850049,0.04608077221014526,3.8791912532216855,171.68909960107243
1786653926.771705,2101,1,standing,standing,0.75,0.022630801316754687,0.04608401340364507,4.164417907137507,170.73938690869454
1786653926.8204715,2102,1,standing,standing,0.75,0.029014253824924514,0.0429482958352391,4.325863695309566,169.19478739561035
1786653926.8634195,2103,1,standing,standing,0.75,0.04086385488024812,0.049422617469062846,4.681590275517097,166.81002228723543
1786653926.9179904,2104,1,standing,standing,0.75,0.0541213650318472,0.05882812948604973,4.679756787251645,163.23068967816445
1786653926.9525185,2105,1,walking,standing,0.6,0.06139977352124166,0.07411137126951843,4.649295393753548,160.1871588760081
1786653926.9885557,2106,1,walking,standing,0.6,0.07117654861618267,0.09487296888377476,4.822246299428066,158.54406875231484
1786653927.0401788,2107,1,walking,standing,0.6,0.08313231794332503,0.10136833241483695,5.189711207920073,158.19171820488162
1786653927.0765612,2108,1,walking,standing,0.6,0.0847898989466542,0.09722898060944021,5.391888257013475,158.94235939343804
1786653927.1297052,2109,1,walking,walking,0.6,0.09443256050886964,0.09608455310640443,5.356785990118256,158.0471884135272
1786653927.1754756,2110,1,walking,walking,0.6,0.09531759124236114,0.10364753284362346,5.5513378031393215,155.09466840046838
1786653927.215854,2111,1,walking,walking,0.6247452987354042,0.09598928530093892,0.11245415377237274,5.819849090413434,152.76425571977143
1786653927.2512684,2112,1,walking,walking,0.7148155400358939,0.09379131919024276,0.12866679720646088,6.190872092916967,153.00700288218664
1786653927.2855325,2113,1,walking,walking,0.6940363760245131,0.08802344032526142,0.12492654768441236,6.47554353857741,154.22533559659885
1786653927.342447,2114,1,walking,walking,0.6439700291421167,0.09026089064867727,0.11591460524558099,7.239204778539085,156.53140918333375
1786653927.4443424,2115,1,walking,walking,0.6,0.09290570362287748,0.09787892840873451,7.753166975359209,158.3150262540559
1786653927.4797542,2116,1,walking,walking,0.6,0.08666794644666552,0.08399570299907136,8.4137514848022,158.20560279386146
1786653927.5262027,2117,1,walking,walking,0.6,0.08450366937540932,0.08668357062718221,9.156027254200257,156.48999626850173
1786653927.6159956,2118,1,walking,walking,0.6,0.07930817738408885,0.09145264038838699,10.354628177520354,155.48815801459483
1786653927.6502497,2119,1,walking,walking,0.6,0.0801474324505861,0.0829033330221916,12.05003099984341,155.68337146825962
1786653927.6910753,2120,1,walking,walking,0.6,0.08414779745808883,0.07459842947682123,12.674363612344894,158.85278808836404
1786653927.7369819,2121,1,standing,walking,0.75,0.07483055044520731,0.051706723400245506,13.276622655233737,161.44699519447676
1786653927.7726443,2122,1,standing,walking,0.75,0.06742582422777771,0.04564444949342055,13.944792494791846,162.44837412848204
1786653927.8067024,2123,1,standing,walking,0.75,0.06255824765812597,0.04324630720967307,14.319193710174755,163.1453190264439
1786653927.8454242,2124,1,standing,walking,0.75,0.0528980621981037,0.047846089685893545,14.37291485191798,164.23742559486232
1786653927.9024377,2125,1,standing,standing,0.75,0.05203924807962694,0.05143551644420186,14.432565003190271,165.50872833776896
1786653927.9416535,2126,1,standing,standing,0.75,0.05637642448507764,0.0448203105454517,13.999789464329575,167.4675929252634
1786653927.9904032,2127,1,standing,standing,0.75,0.058255507118416414,0.03619479600653407,13.098662746701113,169.59891900812295
1786653928.0265381,2128,1,standing,standing,0.75,0.07585109961438084,0.04132258354984702,11.388775109242617,171.1964261061806
1786653928.0722957,2129,1,standing,standing,0.75,0.06343257456800426,0.03985501645451678,9.352432851121332,172.4695153882953
1786653928.1379554,2130,1,standing,standing,0.75,0.07300244863837102,0.0521117680053991,8.070526657555614,173.41924428838604
1786653928.1722982,2131,1,walking,standing,0.6,0.09250415630752461,0.07457398053554692,6.911048709435406,174.1649218636411
1786653928.2569513,2132,1,walking,standing,0.6,0.0883797183776844,0.0723561199867673,5.6033512239255945,174.48060104911855
1786653928.2910297,2133,1,walking,standing,0.6,0.09462134797725923,0.07874596108644302,4.296603754423918,174.17361712600902
1786653928.4206824,2134,1,walking,standing,0.6,0.10351150780096592,0.10638867154415273,3.499425708674907,173.4542454431913
1786653928.4544153,2135,1,walking,walking,0.6386041020739146,0.10341570554115623,0.11494873837330462,2.937297092566691,172.21475896257525
1786653928.4889696,2136,1,walking,walking,0.7532537615322193,0.11232526758961198,0.13558567707579947,2.8523909300736325,171.6053704084515
1786653928.535558,2137,1,walking,walking,0.7098810951911972,0.08682356643336456,0.1277785971344155,2.9686416546939123,171.17465322638486
1786653928.62322,2138,1,walking,walking,0.7862439106147177,0.09643086026786821,0.14152390391064917,3.465779086779996,168.2030302735655
1786653928.68424,2139,1,walking,walking,0.9177206585369676,0.10765508008504815,0.16518971853665415,3.5046763388919286,167.97934810508673
1786653928.7300096,2140,1,walking,walking,0.7834620679961408,0.08812802661926579,0.14102317223930536,3.6838213063123946,167.36749473246277
1786653928.772164,2141,1,walking,walking,0.7908066390307829,0.10460327164634364,0.1423451950255409,3.650385176066776,166.5272602977871
1786653928.8361025,2142,1,walking,walking,0.7330306057869311,0.1073854090040938,0.1319455090416476,3.5759117573652377,165.26154030011656
1786653928.886495,2143,1,walking,walking,0.6405609599515748,0.10928685903586219,0.11530097279128346,3.516131259646756,164.80437530499162
1786653928.9220047,2144,1,walking,walking,0.6,0.09763218948640345,0.10517924697743336,3.1684647259941157,164.54576290801944
1786653928.9692209,2145,1,walking,walking,0.6,0.08242690879888939,0.09158052217293602,2.8626736297486115,165.45179677476176
1786653929.0495574,2146,1,walking,walking,0.6,0.08908409340688997,0.09218457431568006,2.374447974252034,165.54004209535805
1786653929.1076875,2147,1,walking,walking,0.6,0.07926623713124978,0.0782673672734247,1.9519760395114667,165.62848946248056
1786653929.1561508,2148,1,standing,walking,0.75,0.06106789617916429,0.042328870552220496,1.4059943070523022,168.3494114016251
1786653929.1892624,2149,1,standing,walking,0.75,0.06143030227761622,0.04336325893681555,1.4100844886735682,168.32241193579412
1786653929.2286346,2150,1,standing,walking,0.75,0.04727206543188822,0.03994920818972131,1.48948004666651,168.34621704405905
1786653929.2705734,2151,1,standing,walking,0.75,0.03610800277915091,0.03743837753521557,1.7600667108195431,168.86056731943373
1786653929.31073,2152,1,standing,standing,0.75,0.02028485316945407,0.019076968489973437,2.077447853636965,169.92616279655257
1786653929.3659968,2153,1,standing,standing,0.75,0.02140810861217598,0.02057246323462598,2.5163048343279044,170.39290536215032
1786653929.4024959,2154,1,standing,standing,0.75,0.018431146921628946,0.010117502968750573,3.119492809877115,170.9680206848194
1786653929.4994144,2155,1,idle,standing,0.85,0.013478656737233963,0.010666580488905453,3.9479806977266447,170.58004782787305
1786653929.6435153,2156,1,idle,standing,0.85,0.013766707931568114,0.010791666089986586,4.621472879971349,170.4048116590946
1786653929.682929,2157,1,standing,standing,0.75,0.022237829218207633,0.02406776332730218,5.097474063879521,170.43860740335037
1786653929.7180276,2158,1,standing,standing,0.75,0.028436373544036237,0.023961153771809147,5.557179983230721,170.21939050169846
1786653929.763885,2159,1,standing,standing,0.75,0.03690430215307258,0.026978483604760475,5.6962088938144735,170.04250750704514
1786653929.7989645,2160,1,standing,standing,0.75,0.03634764555541424,0.026298967127009066,5.784193203173537,169.82731453309776
1786653929.8369288,2161,1,standing,standing,0.75,0.04860507303999946,0.030318652604388693,5.528126581496791,169.8207420677996
1786653929.8857796,2162,1,standing,standing,0.75,0.057798439323848885,0.04239938612492031,5.178767408022412,169.72986103011976
1786653929.9323914,2163,1,standing,standing,0.75,0.06523163252918882,0.054895753364308554,4.8797613823921315,170.02142789125705
1786653930.0191238,2164,1,walking,standing,0.6,0.0845295978202288,0.09315820072168098,4.364434138415756,170.6959126880741
1786653930.1180563,2165,1,walking,standing,0.6075973111724174,0.09193162626985724,0.10936751601103514,3.604558168100033,171.04597206409161
1786653930.1550379,2166,1,walking,standing,0.6550664265810733,0.09510700535494523,0.11791195678459318,3.095725076401428,171.54582274553644
1786653930.2049136,2167,1,walking,standing,0.6592676592956009,0.0884018231837872,0.11866817867320816,2.7242515177617954,171.7414705337922
1786653930.2378397,2168,1,walking,walking,0.6932889409872282,0.08853384360980003,0.12479200937770107,2.43391192176228,171.872221990175
1786653930.3038437,2169,1,walking,walking,0.6974441435758322,0.08892247050419648,0.1255399458436498,2.3761293823500007,172.00302836981342
1786653930.3864837,2170,1,walking,walking,0.7255023888710528,0.08262504253076582,0.1305904299967895,2.267850117894787,171.53947748875368
1786653930.418881,2171,1,walking,walking,0.7251273618829122,0.07798725668031493,0.1305229251389242,2.292242766346396,170.91220729661512
1786653930.4530048,2172,1,walking,walking,0.6691851706960157,0.07512382497676305,0.12045333072528283,2.2472344175152363,170.5524217626322
1786653930.4953692,2173,1,walking,walking,0.6,0.054074958990620085,0.08148869658725265,2.111005764527892,170.1646050409476
1786653930.535455,2174,1,walking,walking,0.6,0.049780998258576944,0.06631225416584664,2.079117315708993,169.35465740203978
1786653930.581764,2175,1,standing,walking,0.75,0.040355038335945156,0.04935275083869833,2.004128222273397,168.20917240905175
1786653930.6221642,2176,1,standing,walking,0.75,0.042247082414299364,0.05264518649446344,1.7003491156832733,167.31227846275135
1786653930.7391136,2177,1,standing,walking,0.75,0.031404432838886734,0.04715204684185478,1.502790994293521,166.45836829762118
1786653930.7749138,2178,1,standing,walking,0.75,0.03188989174207811,0.05035360696332045,1.5752009930225341,165.3852055102435
1786653930.8226037,2179,1,standing,standing,0.75,0.03067388652644465,0.043228864367175414,1.8991578180620898,164.17468763646633
1786653930.8703482,2180,1,standing,standing,0.75,0.030484724356446818,0.03101477453013595,2.564459285229169,163.7556679311355
1786653930.9341238,2181,1,standing,standing,0.75,0.0247032850351573,0.0290516958893538,3.3194670004144307,163.19130991886652
1786653930.9848745,2182,1,standing,standing,0.75,0.036648794239582234,0.044788972026292825,4.63278176613845,163.07363503684127
1786653931.020291,2183,1,walking,standing,0.6,0.03393340740054454,0.07150980235751724,5.846290277269871,162.14345895612678
1786653931.0672832,2184,1,walking,standing,0.6,0.029032343678091297,0.0646087423888358,7.0033919852679345,161.13782551449518
1786653931.0994034,2185,1,walking,standing,0.6,0.03135565934256865,0.07315125372000522,8.107570562417994,162.38197285236834
1786653931.1461923,2186,1,walking,standing,0.6,0.041968238210329835,0.07286263450276824,8.927741758349862,162.88681566658664
1786653931.1843882,2187,1,walking,walking,0.6,0.04906286858649566,0.07120442570749223,9.378916247247293,162.2854044271166
1786653931.2392573,2188,1,walking,walking,0.6,0.05031790348186519,0.07610846570190147,9.167297905603082,163.0826471741313
1786653931.284506,2189,1,walking,walking,0.6,0.05553819174628762,0.08437721212617745,8.517834945054316,164.5765849761076
1786653931.3204536,2190,1,walking,walking,0.6,0.060991056923507224,0.09771957761048164,7.578184597076591,166.4352176485518
1786653931.3938017,2191,1,walking,walking,0.6,0.054490978551689044,0.0863053612080497,6.728435988630437,167.7095022201055
1786653931.4821353,2192,1,walking,walking,0.6,0.05745463991850178,0.07236394127216156,5.590205025378855,168.5688541107583
1786653931.5341167,2193,1,walking,walking,0.6,0.05738000609394424,0.07252797071956751,4.5587009953112,170.13498117635683
1786653931.603903,2194,1,walking,walking,0.6,0.06925840322627314,0.09481076717075632,3.724557526380534,170.95477717778394
1786653931.6486142,2195,1,walking,walking,0.6,0.06563722256906473,0.10104928096157725,3.086801511079848,171.23652653437557
1786653931.730789,2196,1,walking,walking,0.6,0.06453361438730049,0.10665366744382193,2.7622493795218297,172.09394560305242
1786653931.80814,2197,1,walking,walking,0.6,0.06506992985758267,0.10731867192973409,2.5297159594972376,173.61780978259912
1786653931.8556826,2198,1,walking,walking,0.6,0.06217808389112626,0.09845058235449927,2.5282940289384195,175.0182133798848
1786653931.9019587,2199,1,walking,walking,0.6,0.06548054253511464,0.08972631247063959,2.5446689069860216,175.74177988409588
1786653931.9405134,2200,1,walking,walking,0.6,0.06680656181987692,0.09705193609714367,2.728662813101875,175.82811392309415
1786653931.9854362,2201,1,walking,walking,0.6,0.06830645861273109,0.09972316435378838,2.890355135064325,176.30948408280443
1786653932.03449,2202,1,walking,walking,0.6,0.07189476600865567,0.10422541413783766,3.004757288987763,176.27452522955122
1786653932.0795846,2203,1,walking,walking,0.6,0.057873476221889195,0.07828621843549285,3.12539662729329,176.1880687738605
1786653932.138665,2204,1,walking,walking,0.6,0.050372114112453875,0.0685217889102797,3.033042817286102,176.7486414240997
1786653932.210493,2205,1,walking,walking,0.6,0.048669754092249544,0.07007332629427274,2.5718444553025757,176.74191858309916
1786653932.2699456,2206,1,walking,walking,0.6,0.04656431609912636,0.06667491519204669,2.0615340235631825,176.09592591914185
1786653932.30152,2207,1,walking,walking,0.6,0.04139798868291697,0.06353027882283327,1.752191137560219,175.97173749310645
1786653932.3543663,2208,1,standing,walking,0.75,0.03453511610663678,0.05865518097249051,1.6158896788088046,175.64460282786735
1786653932.4247444,2209,1,standing,walking,0.75,0.02869005671530014,0.048622874539028894,1.6758709058150676,175.408234414842
1786653932.4637926,2210,1,standing,walking,0.75,0.02544451097148354,0.04064312069833871,1.5010098851322264,175.19124898912258
1786653932.5001068,2211,1,standing,walking,0.75,0.02410295539643668,0.03672108255041775,1.2764111939702838,174.874674226355
1786653932.5483959,2212,1,standing,standing,0.75,0.023796446297576674,0.03096244554991772,0.98494489941282,174.69926284265995
1786653932.6362076,2213,1,standing,standing,0.75,0.025767210189482293,0.043959058283571405,0.8013871101022995,173.64397579479396
1786653932.6878784,2214,1,standing,standing,0.75,0.02642071851737897,0.038156891453480064,0.6592061289726646,173.1483180566713
1786653932.7397685,2215,1,standing,standing,0.75,0.022503089035689705,0.04362787378968986,0.8722099868477582,172.81429947061912
1786653932.784013,2216,1,standing,standing,0.75,0.02347423244220382,0.057913143717051224,0.9866569892205576,172.73668073772063
1786653932.8357804,2217,1,standing,standing,0.75,0.024631024616280923,0.059183047709583554,1.0928946131164827,172.65186399527198
1786653932.8837032,2218,1,walking,standing,0.6,0.026704807360972437,0.07582524705242717,1.0491598958090926,173.08466356008574
1786653932.9181798,2219,1,walking,standing,0.6,0.033435604144515345,0.08668198361311633,1.1485546871359191,173.30315003357998
1786653932.997553,2220,1,walking,standing,0.6,0.03974431476781784,0.10575936809795845,1.4666701683619565,173.3918176040258
1786653933.0514884,2221,1,walking,standing,0.629506517943807,0.042986938997686755,0.11331117322988524,1.9013278875389736,172.98976501456798
1786653933.094503,2222,1,walking,walking,0.6,0.045074521506046676,0.10308653973868337,2.2919500542022133,172.44621262924264
1786653933.1300867,2223,1,walking,walking,0.6047482000009308,0.04373733323160527,0.10885467600016753,2.3894885976586373,172.8121876737912
1786653933.1664634,2224,1,walking,walking,0.6,0.04584777125813925,0.10588270924439429,2.394441704581382,173.03478265060465
1786653933.2293313,2225,1,walking,walking,0.6,0.04430620712848466,0.09599784873829464,2.3868378168454347,172.7775851739764
1786653933.2729175,2226,1,walking,walking,0.6,0.043926994900619826,0.09996776142523049,2.3767054155972867,171.46680354888815
1786653933.3570046,2227,1,walking,walking,0.6,0.049488737468500424,0.09323557728748987,2.466698917156475,168.85296484361857
1786653933.3937547,2228,1,walking,walking,0.6,0.049629089907013674,0.08846684278816946,3.1453860427414666,165.64537946246037
1786653933.4475002,2229,1,walking,walking,0.6,0.0522699705759536,0.07194087804178241,3.635681569749422,162.99898221948516
1786653933.4975238,2230,1,walking,walking,0.6,0.059120479479004145,0.07562453813692485,3.890796784736284,161.48546342865785
1786653933.5510724,2231,1,walking,walking,0.6,0.05503070240519556,0.07253630037139228,4.063450857128611,160.60039873425757
1786653933.5840166,2232,1,walking,walking,0.6,0.05729082467249336,0.06940120143295732,4.51780123505024,160.7160616444463
1786653933.6176615,2233,1,walking,walking,0.6,0.0592768031958367,0.06694286666039652,5.283647560325477,160.74238397996518
1786653933.6623402,2234,1,walking,walking,0.6,0.06627155835233459,0.06641452306699377,5.850102720293966,160.18095151896767
1786653933.730127,2235,1,walking,walking,0.6,0.07487961956549634,0.07737605706932175,5.773881296434372,160.0986302484452
1786653933.7658799,2236,1,walking,walking,0.6,0.07479654518178673,0.08240514881709883,5.849180407743087,160.403595260625
1786653933.8082862,2237,1,walking,walking,0.6,0.07496929490668239,0.09481296777219259,6.118104152201122,161.86530101312226
1786653933.8551178,2238,1,walking,walking,0.6,0.0672863710015063,0.10526189975653483,5.76013299542185,164.64248658495754
1786653933.911956,2239,1,walking,walking,0.6371678728125251,0.061005744207365376,0.11469021710625452,5.173749006779543,167.14304160378398
1786653933.9501297,2240,1,walking,walking,0.777872505607375,0.07058914065133054,0.1400170510093275,4.69740852169463,168.59457198050967
1786653933.9888299,2241,1,walking,walking,0.8247084833765493,0.08484909854324069,0.14844752700777888,4.2920696803382645,169.87980973789064
1786653934.0351381,2242,1,walking,walking,0.7979546319496272,0.08016763327745391,0.1436318337509329,3.679964130474062,170.76069533027172
1786653934.0818913,2243,1,walking,walking,0.7883916500148126,0.0765674430938466,0.14191049700266628,3.109752653937643,171.73587478381256
1786653934.1247325,2244,1,walking,walking,0.7199759265888951,0.06825146471429856,0.1295956667860011,2.9513000915179495,172.3972910288448
1786653934.179873,2245,1,walking,walking,0.630623967190867,0.06197152751118437,0.11351231409435607,3.536066780289586,172.10444585739646
1786653934.2368312,2246,1,walking,walking,0.6411495888720115,0.06025323290605215,0.11540692599696205,4.2141596844492035,173.06767396878462
1786653934.29335,2247,1,walking,walking,0.620780213796886,0.06411832176325544,0.11174043848343948,4.221469422558632,174.28996172075864
1786653934.3384385,2248,1,walking,walking,0.6,0.058339703040384036,0.089639348858301,4.432567306025585,174.2056543965312
1786653934.4275806,2249,1,walking,walking,0.6,0.07139110876707169,0.0708267192263464,4.443979291846644,173.70399722500525
1786653934.4704604,2250,1,standing,walking,0.75,0.061326834202087226,0.0594785498832295,4.674767248116126,172.76748974243404
1786653934.5846457,2251,1,standing,walking,0.75,0.06173941968815444,0.05994014709185483,4.802758142814347,171.957455121981
1786653934.6180353,2252,1,walking,walking,0.6,0.0667446245214522,0.06674128553969182,5.227412498591531,170.99615176544387
1786653934.6687107,2253,1,walking,walking,0.6,0.08101113504806406,0.09416694070975137,5.275356734667832,170.07384552190211
1786653934.7126377,2254,1,walking,walking,0.6239700292606146,0.0857037465988678,0.11231460526691062,5.103745956551249,170.4364410403323
1786653934.776964,2255,1,walking,walking,0.6,0.07831059478062681,0.09108502584794519,4.752158424105516,171.56185202996656
1786653934.8146448,2256,1,walking,walking,0.702667971619488,0.09499282700778959,0.12648023489150784,3.9113089093362015,172.2680905036422
1786653934.8803082,2257,1,walking,walking,0.702696306466115,0.09491155834029011,0.1264853351639007,3.411705826532104,172.61475947429423
1786653934.9172828,2258,1,walking,walking,0.7473068525696132,0.07892017319743289,0.13451523346253036,3.1807997681285896,172.72647792707758
1786653934.9530656,2259,1,walking,walking,0.8420971013711193,0.0756143486332739,0.15157747824680146,3.849833224734835,172.27202021749306
1786653935.011007,2260,1,walking,walking,0.8838918515881398,0.0797455418811925,0.15910053328586515,4.370786926771964,171.7941800492282
1786653935.0564933,2261,1,walking,walking,0.9499037408012975,0.07229904120590182,0.17098267334423353,4.998259308750727,172.19863092681692
1786653935.0901797,2262,1,walking,walking,0.8537581122713775,0.06434694430828376,0.15367646020884795,4.9393138919163295,172.93985051742783
1786653935.1320522,2263,1,walking,walking,1.0,0.08466674680040877,0.18106933035933878,4.645731575617438,173.73106833321646
1786653935.2508876,2264,1,walking,walking,1.0,0.09491177685467313,0.18797133938398836,4.3287812574257005,173.49764372456065
1786653935.4276607,2265,1,walking,walking,0.7931239489695329,0.0711494529908646,0.14276231081451593,4.027700752950303,173.38933745138934
1786653935.5796995,2266,1,walking,walking,0.8543821850903578,0.09377356291222794,0.15378879331626438,4.087819610747802,172.40186957563753
1786653935.6449575,2267,1,walking,walking,0.8944875513728539,0.0962037922029827,0.1610077592471137,4.397270284226348,170.03075825160255
1786653935.738994,2268,1,walking,walking,0.8293091919078858,0.09953057272003869,0.14927565454341943,4.961098905044817,169.70652911084517
1786653935.9566414,2269,1,walking,walking,0.8268675730074387,0.09541525126689726,0.14883616314133896,5.051103990603306,170.27828383576906
1786653936.0130672,2270,1,walking,walking,0.7885718789722401,0.10641276370196914,0.14194293821500323,6.171376800163155,171.1749991034741
1786653936.1372986,2271,1,walking,walking,0.7710906251345513,0.11588890282893836,0.13879631252421923,8.038575276204607,169.50440466904445
1786653936.2161791,2272,1,walking,walking,0.6,0.14393179454252134,0.08178461397772832,11.257182533575282,168.73356843440084
1786653936.3322527,2273,1,walking,walking,0.6318152555002526,0.15163566132006065,0.08428197114513712,15.598181763139014,167.52573012432939
1786653936.4493353,2274,1,walking,walking,0.6818918214442968,0.16365403714663124,0.10936699380770226,20.486300954865,166.35225468993355
1786653936.5715528,2275,1,walking,walking,0.619815657559286,0.14593354672966516,0.11156681836067148,25.23694587941041,164.28326373224888
1786653936.653849,2276,1,walking,walking,0.6,0.14085265152260107,0.024521445305632845,30.301428061643822,162.95416958737675
1786653936.7300534,2277,1,bending,walking,0.5854621890824431,0.12999664741438335,0.005237446350078805,35.12773134494658,167.07160512094762
1786653936.7985768,2278,1,bending,walking,0.6540505432789622,0.13331197030562936,0.0,39.24303259673773,164.39721777635177
1786653936.8388412,2279,1,bending,walking,0.7134755508949759,0.13030357553547012,0.0,42.808533053698554,158.71716626870653
1786653937.001572,2280,1,bending,walking,0.745832241923628,0.11759572975419033,0.0,44.74993451541768,158.71716626870653
1786653937.1388881,2281,1,bending,bending,0.7646735153284964,0.062398235543619514,0.0,45.88041091970978,
1786653937.204311,2282,1,bending,bending,0.7593399969035911,0.05325807441402905,0.0,45.560399814215465,
1786653937.323679,2283,1,bending,bending,0.7324484409977693,0.046416327204505024,0.0,43.946906459866156,
1786653937.3677883,2284,1,bending,bending,0.6919031148347796,0.04889170782373571,0.0,41.514186890086776,
1786653937.4029884,2285,1,bending,bending,0.6432755495874816,0.05078859046114339,0.0,38.59653297524889,
1786653937.436659,2286,1,bending,bending,0.5889527575987882,0.05345308889672134,0.0,35.33716545592729,
1786653937.4744449,2287,1,standing,bending,0.75,0.05228927531507607,0.0,32.44780153585108,
1786653937.6333485,2288,1,standing,bending,0.75,0.0441921108010728,0.0,29.599064110680047,
1786653937.7916508,2289,1,standing,bending,0.75,0.042577005226067936,0.0,27.29820189771264,
1786653937.8666043,2290,1,standing,bending,0.75,0.045268714514541585,0.0,25.538140746707867,
1786653937.900782,2291,1,standing,standing,0.75,0.04033893214746698,0.0,23.58692343333022,
1786653937.9582467,2292,1,standing,standing,0.75,0.05149384270235734,0.0,22.99552413948943,
1786653938.0153155,2293,1,standing,standing,0.75,0.04543440805647289,0.0,25.61668541232756,
1786653938.1655905,2294,1,standing,standing,0.75,0.03968433243540276,0.0,28.528308359730538,
1786653938.2342012,2295,1,standing,standing,0.75,0.04588637588523763,0.0,32.38022388763757,
1786653938.304457,2296,1,bending,standing,0.6207688736138096,0.05234763192635013,0.0,37.24613241682858,
1786653938.3715134,2297,1,bending,standing,0.6950411317355976,0.04941227298002846,0.0,41.70246790413585,
1786653938.4431424,2298,1,bending,standing,0.7729240520483815,0.05001940161954218,0.0,46.375443122902894,
1786653938.5312517,2299,1,bending,standing,0.8534232466191646,0.04786590127909362,0.0,51.20539479714987,
1786653938.7869256,2300,1,bending,bending,0.9391163580026275,0.047513039979408235,0.0,56.34698148015765,
1786653938.8608925,2301,1,bending,bending,1.0,0.03379379562965021,0.0,61.60547582926256,
1786653938.938473,2302,1,bending,bending,1.0,0.032617770602950236,0.0,65.95859280960453,
1786653939.037817,2303,1,bending,bending,1.0,0.03712317279284066,0.0,67.29891104187145,
1786653939.121259,2304,1,bending,bending,1.0,0.0324413414288074,0.0,68.49565580962614,
1786653939.273073,2305,1,bending,bending,1.0,0.02679809489457386,0.0,68.72942497881209,
1786653939.4029698,2306,1,bending,bending,1.0,0.033212506207476664,0.0,67.86441057313144,
1786653939.5226748,2307,1,bending,bending,1.0,0.035490979430114665,0.0,66.2850219351971,
1786653939.6082404,2308,1,bending,bending,1.0,0.03738179930483706,0.0,63.768332339390454,
1786653939.7111897,2309,1,bending,bending,1.0,0.04180221743718652,0.0,60.44245347197999,
1786653939.9017594,2310,1,bending,bending,0.9461842934184133,0.03895585166225585,0.0,56.771057605104794,
1786653940.1125493,2311,1,bending,bending,0.8763896356752421,0.05362075942471571,0.0,52.583378140514526,
1786653940.1597586,2312,1,bending,bending,0.7861506602102886,0.06442516932129641,0.0,47.16903961261731,
1786653940.2600822,2313,1,bending,bending,0.7026665681066573,0.06033708914978099,0.0,42.159994086399436,
1786653940.331195,2314,1,bending,bending,0.6217550554415807,0.07750916465528673,0.0,37.305303326494844,
1786653940.4139154,2315,1,walking,bending,0.6,0.09684791114131962,0.0,32.235746680508264,
1786653940.5073886,2316,1,walking,bending,0.6,0.08913513158275282,0.0,27.25887100287095,
1786653940.554109,2317,1,walking,bending,0.6,0.09579073747097146,0.0,22.995012904254896,
1786653940.612281,2318,1,walking,bending,0.6,0.09955258871528826,0.0,19.784830670564876,
1786653940.7108748,2319,1,walking,walking,0.6,0.10664899185860945,0.0,17.06445709693115,
1786653940.795336,2320,1,walking,walking,0.6,0.10460206663072039,0.0,14.779717702848377,171.4206894395921
1786653940.8453195,2321,1,walking,walking,0.6,0.08951590174337896,0.005233662837788942,13.108192884214613,172.20148219722805
1786653940.9314606,2322,1,walking,walking,0.6,0.1119966167921837,0.05374819487796939,12.808422337416658,171.53914049533944
1786653941.070074,2323,1,walking,walking,0.6,0.09172308331874691,0.038531481136888444,12.424923926067756,170.93418908771196
1786653941.1907868,2324,1,standing,walking,0.75,0.07485459443133294,0.038511522994318426,12.204428526770176,171.10083382111878
1786653941.2405193,2325,1,walking,walking,0.6,0.0785024977881149,0.06552208110540501,12.332689754068436,169.8427019067646
1786653941.3028183,2326,1,walking,walking,0.6,0.0704118936614852,0.06307409449667258,12.195393001283307,168.80829313801763
1786653941.371223,2327,1,walking,walking,0.6,0.06327311185224342,0.07002297757359598,11.99705884568603,167.47837015200855
1786653941.5031369,2328,1,walking,walking,0.6,0.06252483559181833,0.07128340690279338,11.541663739855164,165.64105109204425
1786653941.6175187,2329,1,walking,walking,0.6,0.0502539726205313,0.06431405761835107,11.294018432472708,164.1782717493756
1786653941.6825638,2330,1,walking,walking,0.6,0.056774543924035324,0.07029476658193318,10.496066209956274,163.12813454943048
1786653941.8099399,2331,1,walking,walking,0.6,0.037071631098752715,0.06303533193427187,9.489376321546711,162.58892554093845
1786653941.8858984,2332,1,walking,walking,0.6,0.05353526775363779,0.06798601314329637,8.324033169597481,162.91593901111293
1786653941.9608345,2333,1,walking,walking,0.6,0.04472611451640231,0.06459064840044687,7.262884915810998,163.29640550676336
1786653942.0275013,2334,1,standing,walking,0.75,0.04672087547095108,0.049606570615309487,5.911973691853605,163.72483657706704
1786653942.1224372,2335,1,standing,walking,0.75,0.053784206759007386,0.05570110831911082,5.113035531195937,164.2860667331845
1786653942.1712434,2336,1,standing,walking,0.75,0.0492689746220294,0.044437223330779346,4.622472907791942,164.8539866074662
1786653942.2400305,2337,1,standing,walking,0.75,0.04503697507546303,0.04810209949489801,4.117868341257173,165.72178780843427
1786653942.2891927,2338,1,standing,standing,0.75,0.044562797247502596,0.048344242602076176,3.67828373330524,167.42430531558443
1786653942.3358436,2339,1,standing,standing,0.75,0.04219417355540294,0.050346713282668036,3.2407848800069106,169.01479732639598
1786653942.3944163,2340,1,standing,standing,0.75,0.04799731022535527,0.05522804511248283,3.011683326495567,170.54066330684347
1786653942.5228615,2341,1,standing,standing,0.75,0.033511720259216865,0.058064053559330336,2.9314187864234866,171.00801467136964
1786653942.5947545,2342,1,walking,standing,0.6,0.03438947708787248,0.06010025435942586,2.8544538463215177,170.99962557890962
1786653942.7349627,2343,1,standing,standing,0.75,0.032689632886442346,0.058862140818537294,3.587067562253535,170.3688108776555
1786653942.8108134,2344,1,standing,standing,0.75,0.02732782997199929,0.05888985955746617,6.785797910720783,167.43375045197473
1786653942.8898954,2345,1,walking,standing,0.6,0.027284754552968336,0.06262511464421673,10.040313747896944,165.23659652836508
1786653943.0082,2346,1,walking,standing,0.6,0.050713861595702556,0.07135391565618636,14.37362202088444,162.25573851932154
1786653943.123193,2347,1,walking,standing,0.6,0.07005033642048669,0.09171642738465702,19.45731293232154,156.72522837400427
1786653943.1875706,2348,1,walking,walking,0.6,0.07819725970391597,0.09613232677020819,25.63970560959722,151.06569351582797
1786653943.2473283,2349,1,walking,walking,0.6,0.08300000312701367,0.10096362008103983,31.963264564140058,143.98412002830247
1786653943.3208313,2350,1,bending,walking,0.637846802630331,0.0806635330305486,0.09427770135819363,38.27080815781986,136.09035626634017
1786653943.3695302,2351,1,bending,walking,0.737849026761011,0.08399199251141204,0.09383134008965227,44.27094160566066,129.07984226721118
1786653943.4038258,2352,1,bending,walking,0.832846461851876,0.09991225861797466,0.10173369838088561,49.970787711112564,123.59304385633456
1786653943.4491212,2353,1,bending,walking,0.9131842203752747,0.0972979832653473,0.09151777522057546,54.79105322251648,118.53833876217618
1786653943.497474,2354,1,bending,bending,0.9355773763787238,0.11686839972049261,0.09923927719392307,56.13464258272343,116.99642629507343
1786653943.6674511,2355,1,bending,bending,0.930407381197972,0.11134081824048381,0.0821864437642495,55.82444287187832,116.89460077915226
1786653943.8269222,2356,1,bending,bending,0.8940033746203242,0.107030734300095,0.06606131782316413,53.640202477219454,118.48819808175874
1786653943.8894987,2357,1,bending,bending,0.8285779601772373,0.10246609524006906,0.06524588021854985,49.71467761063424,123.495414569326
1786653943.9832773,2358,1,bending,bending,0.7368190119170605,0.09605229395376469,0.06136054097708627,44.20914071502363,128.7361296872723
1786653944.0296535,2359,1,bending,bending,0.6351630179389677,0.09927330985215548,0.061917214128988686,38.10978107633806,135.84627216514394
1786653944.0691836,2360,1,walking,bending,0.6,0.09533587682865174,0.06110445415038498,31.936108960139258,143.01403036185087
1786653944.1097379,2361,1,standing,bending,0.75,0.07952801429144361,0.05675022300121719,25.807434848137696,149.19784899563712
1786653944.1443548,2362,1,walking,bending,0.6,0.08180112280903862,0.05667003506295868,19.846125896615554,154.0653038272699
1786653944.1874235,2363,1,standing,bending,0.75,0.06336764942808155,0.04652163076438223,13.906794528102626,159.09099223631299
1786653944.2449877,2364,1,standing,bending,0.75,0.0434020440781953,0.04471545520704183,9.216798214380557,162.7628471303576
1786653944.2807543,2365,1,standing,bending,0.75,0.02891458823543733,0.042220225730056155,6.130370091377259,164.98551980712801
1786653944.3187542,2366,1,standing,standing,0.75,0.020933334041884317,0.0324742099343919,3.9089447796768924,166.36811409189863
1786653944.3574247,2367,1,standing,standing,0.75,0.013736515268629398,0.02461583679295767,2.8485078184599915,166.87221837745705
1786653944.4154303,2368,1,standing,standing,0.75,0.011450801848509051,0.025154416825794168,2.377048384598385,167.12335056822027
1786653944.5218282,2369,1,standing,standing,0.75,0.011126357340595876,0.02445859397599259,2.340974714130105,167.0451586206922
1786653944.6107557,2370,1,idle,standing,0.85,0.008271919634754078,0.019214009833952862,2.347795865141746,166.6403623087118
1786653944.76947,2371,1,idle,standing,0.85,0.006700953231166085,0.018716874030237748,2.576130365225482,166.7083236349831
1786653944.8672495,2372,1,idle,standing,0.85,0.006256845767339673,0.017232900580396355,2.951151789519456,166.4306238379542
1786653944.932154,2373,1,idle,standing,0.85,0.00772847462128994,0.017317510560220108,3.300469351513134,166.24176620307043
1786653944.9906983,2374,1,idle,idle,0.85,0.00741971501924467,0.017124381152643073,3.6106009577560982,165.95902831921123
1786653945.1134496,2375,1,idle,idle,0.85,0.009288100999692446,0.016923012346788686,3.8220724237593218,165.5980737061103
1786653945.1524255,2376,1,idle,idle,0.85,0.00933862043999923,0.016453923627265717,4.002440256229376,165.20543335389266
1786653945.1996133,2377,1,idle,idle,0.85,0.008926206837400509,0.01607956418792858,4.23262453716475,165.029498799461
1786653945.3381798,2378,1,idle,idle,0.85,0.010095999202087043,0.01726331371663106,4.414116061162522,164.93629677318097
1786653945.3787096,2379,1,standing,idle,0.75,0.009365711637706093,0.02028864835879625,4.594809089115159,164.79506996135083
1786653945.4231453,2380,1,standing,idle,0.75,0.008557910805966604,0.021351220633299944,4.710712524410137,164.74136905701616
1786653945.5168107,2381,1,standing,idle,0.75,0.009242564157570916,0.023357786310784584,4.88895122228634,164.66585199733018
1786653945.5637977,2382,1,standing,idle,0.75,0.008261213941352754,0.0235852331187351,4.9765561797688,164.5653289218197
1786653945.5993545,2383,1,standing,standing,0.75,0.01017627980305048,0.022015821231339605,5.083805546781076,164.53097092058866
1786653945.6338894,2384,1,standing,standing,0.75,0.0096036977650496,0.02151239102995975,5.103774590662855,164.48047953638533
1786653945.686351,2385,1,standing,standing,0.75,0.011831734065326014,0.020431085865094335,5.111503179799522,164.53635139883505
1786653945.800141,2386,1,standing,standing,0.75,0.012704775852632293,0.022929686728607138,4.9575008911331135,164.8864975111176
1786653945.9743173,2387,1,standing,standing,0.75,0.014277490171780562,0.022810626788024826,4.688065089498587,165.26957771699054
1786653946.1328945,2388,1,standing,standing,0.75,0.016215259202723792,0.02064430014973813,4.328003382751169,165.7184386845733
1786653946.2168133,2389,1,standing,standing,0.75,0.02118998312569816,0.02009851916120856,3.963579039706017,166.3870748901653
1786653946.2719252,2390,1,standing,standing,0.75,0.024107425623467342,0.021516677072289034,3.694742250479357,167.11970695132658
1786653946.3795125,2391,1,standing,standing,0.75,0.026782531321186274,0.021857711839605096,3.3529111669118747,167.44677768809132
1786653946.4655862,2392,1,standing,standing,0.75,0.02697660792289718,0.034706304479571,3.366550329909934,166.13961591199222
1786653946.5142121,2393,1,standing,standing,0.75,0.028093778319760083,0.03819835499036631,3.4962006917260893,163.72142086167796
1786653946.5606174,2394,1,standing,standing,0.75,0.028539533286694316,0.059793698838520294,3.5371753054522115,162.36915057646104
1786653946.598126,2395,1,walking,standing,0.6,0.0400369195305956,0.07787286291838647,3.5950058380365335,162.7181382749772
1786653946.6333477,2396,1,walking,standing,0.6,0.03729689128889037,0.07681402396072459,3.7645487563468025,162.7554708778392
1786653946.6790624,2397,1,walking,standing,0.6,0.04464232696987838,0.08899730218956202,3.675067719218738,163.19869885926238
1786653946.716102,2398,1,walking,standing,0.6,0.04842943093209947,0.09295923664973725,3.439127249915343,163.28829443856122
1786653946.7495515,2399,1,walking,walking,0.6,0.059997821382959,0.09491796078618264,3.3721851368852045,162.2639602970807
1786653946.8113794,2400,1,walking,walking,0.8130158119432215,0.08181949817466289,0.14634284614977985,3.1626632327327373,158.49988999920194
1786653946.8497748,2401,1,walking,walking,0.7558838513899014,0.0795404739396688,0.13605909325018226,3.011575207934954,155.16169180331144
1786653946.916732,2402,1,walking,walking,0.9561117657242885,0.09123704189394669,0.17210011783037193,2.8803741029060363,152.88064288319077
1786653946.951273,2403,1,walking,walking,1.0,0.10332142596205883,0.1893126827261371,3.025577653210776,152.93544497678846
1786653946.9901345,2404,1,walking,walking,0.9344805879722556,0.09075170750241278,0.16820650583500601,3.345483576231435,151.84976155954413
1786653947.0428529,2405,1,walking,walking,1.0,0.101835728718147,0.18914717658090152,3.7601710560617634,151.59330811631736
1786653947.0937817,2406,1,walking,walking,1.0,0.1144075867554959,0.1907636557743692,4.734933589913388,151.17786442930955
1786653947.1393328,2407,1,walking,walking,1.0,0.12805887760796533,0.19451563126375648,5.706490845221065,149.6642513180005
1786653947.1781087,2408,1,walking,walking,1.0,0.11222618174768183,0.1891888973280118,6.83433562720128,148.29982642599987
1786653947.2104163,2409,1,walking,walking,0.7942670238719683,0.09752865804845233,0.1429680642969543,8.465002094608746,145.04872101011748
1786653947.292231,2410,1,walking,walking,0.8701902323354266,0.12387238407653947,0.15663424182037677,9.991225735303058,146.27429367104872
1786653947.3367467,2411,1,walking,walking,0.6998786954813087,0.10976713990507224,0.12597816518663557,11.495326866158981,147.83234126288318
1786653947.3691378,2412,1,walking,walking,0.6,0.10335323853786539,0.08798024877695602,13.041582931638185,150.73082867348404
1786653947.4029343,2413,1,walking,walking,0.6,0.11132840205808472,0.10162883288618615,14.53412960728485,152.44270011417692
1786653947.4519522,2414,1,walking,walking,0.6,0.1045441656471203,0.07775019895861088,16.241349543066672,154.873497383981
1786653947.5373297,2415,1,walking,walking,0.6,0.08959244076647382,0.05559180946101359,18.25108159388321,152.02292390123998
1786653947.6450696,2416,1,standing,walking,0.75,0.06765737789380762,0.04195193497309145,19.717285558751662,148.021124598027
1786653947.7505617,2417,1,walking,walking,0.6,0.07256871775897435,0.07463272089751463,22.127342007311636,143.02037052040814
1786653947.7907016,2418,1,unknown,walking,0.3,0.07132231434351989,0.0,26.13103068296283,128.9416465656441
1786653947.8430426,2419,1,standing,walking,0.75,0.05353295138929045,0.0,29.384871212438156,
1786653947.9148157,2420,1,standing,walking,0.75,0.053830682959222304,0.0,32.85884231064328,
1786653947.9557834,2421,1,bending,walking,0.6137171780760314,0.04808540413545321,0.0,36.823030684561886,
1786653948.0343351,2422,1,bending,walking,0.6634404706899547,0.043881013038238235,0.0,39.806428241397285,
1786653948.0706096,2423,1,bending,walking,0.7149470679683116,0.04093943269373616,0.0,42.896824078098696,
1786653948.159158,2424,1,bending,walking,0.767053389609032,0.0369292707220653,0.0,46.02320337654192,
1786653948.2053645,2425,1,bending,bending,0.8112021249982768,0.04746618673187259,0.0,48.67212749989661,
1786653948.400043,2426,1,bending,bending,0.8385650969411684,0.05177322859472222,0.0,50.313905816470104,
1786653948.436048,2427,1,bending,bending,0.855627130094893,0.04300879491393229,0.0,51.33762780569358,
1786653948.4868433,2428,1,bending,bending,0.8398449922465229,0.041334679568865856,0.0,50.39069953479137,
1786653948.5200577,2429,1,bending,bending,0.8472012162536185,0.05944301661589695,0.0,50.832072975217116,
1786653948.5676486,2430,1,bending,bending,0.8557202614933929,0.06661906038035549,0.0,51.343215689603575,
1786653948.6113422,2431,1,bending,bending,0.8499147574634808,0.06560054992593174,0.0,50.99488544780885,
1786653948.6815386,2432,1,bending,bending,0.8432555269202796,0.07476318515154917,0.0,50.59533161521678,
1786653948.71675,2433,1,bending,bending,0.808748097053562,0.08174577322178966,0.0,48.52488582321372,
1786653948.8797345,2434,1,bending,bending,0.7723021839480658,0.09411395677966103,0.0,46.33813103688395,
1786653948.9268787,2435,1,bending,bending,0.7374649052726275,0.08536971847839353,0.0,44.24789431635765,
1786653948.9815092,2436,1,bending,bending,0.6953702412933482,0.09803665401740068,0.0,41.72221447760089,
1786653949.016919,2437,1,bending,bending,0.6451250524163629,0.09779649994364166,0.0,38.70750314498177,
1786653949.0533686,2438,1,bending,bending,0.591137178604597,0.08448279720422391,0.0,35.46823071627582,
1786653949.089358,2439,1,standing,bending,0.75,0.07807517623404049,0.0,30.315367397213,
1786653949.1394572,2440,1,standing,bending,0.75,0.07559332115891221,0.0,25.065196305128808,
1786653949.213091,2441,1,standing,bending,0.75,0.07971157668543821,0.0,20.454234609931223,
1786653949.259783,2442,1,standing,bending,0.75,0.07898928916293843,0.0,16.531006148314994,
1786653949.3144562,2443,1,standing,standing,0.75,0.06344292163946591,0.0,13.45608936385328,
1786653949.3611581,2444,1,standing,standing,0.75,0.07626602277826271,0.0,10.301580832119587,
1786653949.4241416,2445,1,standing,standing,0.75,0.07034632029013556,0.0,6.990152678421436,
1786653949.4606316,2446,1,standing,standing,0.75,0.06505365930751089,0.0,5.101585425096153,
1786653949.6395392,2447,1,standing,standing,0.75,0.07973725110561856,0.0,4.412465414410034,
1786653949.686877,2448,1,standing,standing,0.75,0.0768425586560537,0.0,4.341357116629156,
1786653949.7351375,2449,1,walking,standing,0.6,0.09612740401522572,0.0,5.196644034488926,146.4531578955535
1786653949.7705357,2450,1,walking,standing,0.765909208595175,0.08845204535675631,0.13786365754713148,5.8997440855498695,151.83614237083538
1786653949.9608145,2451,1,walking,standing,0.6,0.07916586914041895,0.07279968992657943,6.3495849169390866,153.95313590261011
1786653950.0626547,2452,1,standing,standing,0.75,0.07242106187885364,0.05825255027909007,7.2246512797715,160.02689561938746
1786653950.1649694,2453,1,walking,walking,0.6,0.07225470306766581,0.06289788149417394,8.17552759198609,163.72008228339956
1786653950.5259037,2459,1,walking,walking,0.6,0.10633525247391064,0.06289788149417394,8.239788922859995,163.72008228339956
1786653950.6073904,2460,1,walking,walking,0.6,0.10519790962345144,0.06289788149417394,8.452848926644029,163.72008228339956
1786653950.6406336,2461,1,walking,walking,0.6,0.08826746274014564,0.06289788149417394,9.074412516614293,161.37190475929356
1786653950.7381349,2462,1,walking,walking,0.6,0.09125084292543001,0.06083320534925306,9.004078613634743,159.66997440317968
1786653950.7892113,2463,1,standing,walking,0.75,0.07176955800759838,0.051695974215682665,8.885602329174935,158.46778721609653
1786653950.8645315,2464,1,standing,walking,0.75,0.07413760768372094,0.058913583581623775,8.160226464661791,160.47568474005232
1786653950.9138615,2465,1,walking,walking,0.6,0.08078894351379667,0.07454376441608992,7.32111196782336,161.9961737903089
1786653950.9596338,2466,1,walking,walking,0.6,0.0796139993915364,0.07043442585635541,6.486648586223076,163.34405051828847
1786653950.9950287,2467,1,walking,walking,0.6,0.09062654077003797,0.07292030668709724,5.030389434849088,162.18220622408793
1786653951.0382369,2468,1,walking,walking,0.6,0.0671528134493096,0.06887412342060205,4.058992748077651,160.77740572776258
1786653951.0822344,2469,1,walking,walking,0.6,0.08031067696232659,0.06689559113647509,3.744346971024755,160.9964199646189
1786653951.2029402,2470,1,walking,walking,0.6,0.08617311509387432,0.07207461620326204,3.998383368923027,160.455789133216
1786653951.23798,2471,1,walking,walking,0.6,0.09450182557556133,0.07955482292284402,4.175581054486081,161.70591796587672
1786653951.2843153,2472,1,walking,walking,0.6,0.10213769953477368,0.08927339684349768,4.353428178864384,163.55106720317403
1786653951.3330493,2473,1,walking,walking,0.6,0.10132760652243403,0.08068447431592284,4.699615000644206,165.57562468939125
1786653951.3801181,2474,1,walking,walking,0.6,0.09973425871870524,0.07869711865330278,5.137079600420263,166.64893342165797
1786653951.443354,2475,1,walking,walking,0.6,0.10716104968611513,0.09287638947530566,5.824978638596532,166.91627395407298
1786653951.537339,2476,1,walking,walking,0.6,0.08755169802713327,0.08787229836447354,6.261721604609407,167.21716149611945
1786653951.6565769,2477,1,walking,walking,0.6,0.0771669191354339,0.09190218279171489,6.877897911411127,167.0765128151326
1786653951.867159,2478,1,walking,walking,0.6,0.06940324603042063,0.09536993697421749,7.377063291229289,167.40518294968285
1786653951.9312563,2479,1,walking,walking,0.6,0.0655782047312354,0.09612962783803981,7.901219985785621,168.0000752220016
1786653951.979768,2480,1,walking,walking,0.6,0.05494136401664905,0.0952380058979184,7.743352679134548,169.3279514086487
1786653952.015208,2481,1,walking,walking,0.6,0.05501156618659306,0.0923875331852877,7.3185366028692895,170.2068917991323
1786653952.050466,2482,1,walking,walking,0.6,0.05010377713142621,0.08805382327094131,6.756303410501606,170.87704751941197
1786653952.115917,2483,1,walking,walking,0.6,0.048672216323068763,0.09103466855700568,6.087924307606715,171.6838840174234
1786653952.155864,2484,1,walking,walking,0.6,0.04894685789914626,0.08268927071765184,5.592374455805979,172.09952167675266
1786653952.212596,2485,1,walking,walking,0.6,0.051006324314117966,0.08288744443890976,5.21912353385625,172.5765934936383
1786653952.2727928,2486,1,walking,walking,0.6,0.05383693569562811,0.07476454735035229,5.045287874734216,173.0848600959916
1786653952.3291461,2487,1,walking,walking,0.6,0.05704953959449667,0.06920211964403493,5.055579434128837,173.96600165489852
1786653952.3754187,2488,1,walking,walking,0.6,0.06323751143615497,0.06320827490717373,5.182862777466202,174.6029933357781
1786653952.4565818,2489,1,standing,walking,0.75,0.07083925900960572,0.05862349075033811,5.534814999681328,175.36751269446887
1786653952.4905586,2490,1,standing,walking,0.75,0.06751571523799466,0.05896445053778501,6.1349525090317325,176.20627000097673
1786653952.5278823,2491,1,standing,walking,0.75,0.06760447912466677,0.05987125254650822,6.67976657831085,176.9167865680401
1786653952.5625765,2492,1,standing,walking,0.75,0.06549358378102796,0.05390914587781776,7.334262024306336,177.14494089439182
1786653952.5988266,2493,1,standing,standing,0.75,0.06221103500158642,0.049067020685252954,7.930844954572889,176.80038262138424
1786653952.6447034,2494,1,standing,standing,0.75,0.057729211785498044,0.044659999180694236,8.588681805989038,176.50934766626648
1786653952.792482,2495,1,standing,standing,0.75,0.04855061900263798,0.04660073023131814,9.173513837319762,176.1692856456295
1786653952.8957517,2496,1,standing,standing,0.75,0.041412142586512074,0.04436808079959041,9.749469065945348,175.879599303218
1786653952.9693294,2497,1,standing,standing,0.75,0.030366457546674455,0.03824958658414933,10.109616436992088,175.66322479305046
1786653953.0787148,2498,1,standing,standing,0.75,0.022271262660993732,0.03180967804332338,10.260115367216695,175.2486650597461
1786653953.150651,2499,1,standing,standing,0.75,0.018440274230308626,0.02511918432960711,10.1895028405082,174.83184096695402
1786653953.2022455,2500,1,standing,standing,0.75,0.01471032555228843,0.02143378577048723,9.955204713565799,174.15415113630505
1786653953.2451696,2501,1,standing,standing,0.75,0.015925649843044308,0.023732003274302155,9.673607215167275,172.9231827297183
1786653953.281877,2502,1,standing,standing,0.75,0.014005013964727824,0.025346637369170644,9.329641092779006,171.80669232055328
1786653953.317711,2503,1,standing,standing,0.75,0.017462558151524477,0.028594751199810094,9.188676704349295,170.82561110425206
1786653953.3597376,2504,1,standing,standing,0.75,0.017255171738285682,0.027286266818101975,9.240884634530646,170.1238513603194
1786653953.4126973,2505,1,standing,standing,0.75,0.0200726946448941,0.04528786718923621,8.988142096764332,170.62316861452896
1786653953.4488778,2506,1,standing,standing,0.75,0.020161784244284792,0.04483392729694755,8.785692796788688,171.10336030308753
1786653953.4933128,2507,1,standing,standing,0.75,0.024489675052888803,0.056501054875411745,8.873378175855848,171.16096778004766
1786653953.5543885,2508,1,walking,standing,0.6,0.030303915581106414,0.07239017343316045,8.929538425749945,171.19183624206423
1786653953.6748314,2509,1,walking,standing,0.6,0.03912026496882055,0.07781262006907147,8.954768684168487,171.40524905662153
1786653953.7136385,2510,1,walking,standing,0.6,0.03607290207792285,0.07035018369838157,9.033983711158728,171.75030919578762
1786653953.765088,2511,1,walking,standing,0.6,0.041446306815353835,0.06856273187609634,9.135188856681639,172.5999762524949
1786653953.8004737,2512,1,walking,walking,0.6,0.043806733658557806,0.07294865303865547,9.117959028404364,172.91763553826732
1786653953.837485,2513,1,walking,walking,0.6,0.06271369555857857,0.08326582603444391,8.439366344148713,173.42975854685295
1786653953.8759701,2514,1,walking,walking,0.6,0.05837387874620708,0.06425279291499533,7.507878344605525,173.75419418774877
1786653953.9864085,2515,1,walking,walking,0.6,0.0670014929111426,0.07640792269030988,6.730620256342272,172.83519672309302
1786653954.0215545,2516,1,walking,walking,0.6,0.07080865607761594,0.07559383121958138,5.9015013775599074,172.10110965566517
1786653954.0595884,2517,1,walking,walking,0.6,0.0861088504064187,0.09649613103035455,4.904927340272408,171.57169105946656
1786653954.09217,2518,1,walking,walking,0.6,0.0771477553759185,0.08736581313062776,3.9849378105603526,171.1247842143749
1786653954.1361294,2519,1,walking,walking,0.6,0.08840190812447773,0.09520025754144855,3.3937428711705615,170.64658895046972
1786653954.2090247,2520,1,walking,walking,0.6200921714468611,0.10359204599508888,0.11161659086043499,3.0407049100666477,170.3992443435223
1786653954.2453744,2521,1,walking,walking,0.723740490227764,0.10628239778905721,0.13027328824099751,2.7846494687573307,168.29579365847331
1786653954.2818124,2522,1,walking,walking,0.6654462420222361,0.0865696527050968,0.1197803235640025,2.653738392394763,166.44828973995646
1786653954.3245978,2523,1,walking,walking,0.7847249106370051,0.0979741139111608,0.1412504839146609,2.8577249841083776,165.43882094540953
1786653954.371966,2524,1,walking,walking,0.9354884293837364,0.11773607297769277,0.16838791728907254,2.727893274167574,165.3245051594676
1786653954.4278753,2525,1,walking,walking,0.900595378411221,0.12537175403837023,0.16210716811401976,3.002876686271103,164.81300978550357
1786653954.5954564,2526,1,walking,walking,0.6943495486568837,0.10406887429630847,0.12498291875823907,3.3327175910786755,163.9571028713402
1786653954.6477287,2527,1,walking,walking,0.7834888441269144,0.14171616615992455,0.1410279919428446,3.620568656384429,161.05264938883064
1786653954.6835413,2528,1,walking,walking,0.7386213637256788,0.13099960889453566,0.1329518454706222,3.9851101990555855,158.14985219917136
1786653954.7178369,2529,1,walking,walking,0.9902167963648925,0.13239913281768192,0.17823902334568065,4.013966251419953,156.72079153463267
1786653954.7523081,2530,1,walking,walking,0.8424352314218234,0.12230361943279469,0.1516383416559282,3.866533703623707,155.10897460098744
1786653954.7871006,2531,1,walking,walking,1.0,0.14392699793802316,0.1867131606514338,3.9928851353025374,155.62406322808232
1786653954.8244596,2532,1,walking,walking,1.0,0.1462800760853854,0.18831200618491245,3.991181343275302,157.8086385070862
1786653954.867265,2533,1,walking,walking,0.8635762506473111,0.13009936718848564,0.155443725116516,4.324096358848179,158.84658046967002
1786653954.9028618,2534,1,walking,walking,0.8525927446219245,0.12634343336134393,0.1534666940319464,4.907760166482761,158.36964375401425
1786653954.9390888,2535,1,walking,walking,1.0,0.1434865615482007,0.18586581568281396,4.771796282701584,158.78897602261378
1786653954.9781513,2536,1,walking,walking,0.9710730769364418,0.1142760010145418,0.17479315384855953,4.908169270664621,158.940009161625
1786653955.0415747,2537,1,walking,walking,1.0,0.124963253998074,0.18511970074344009,5.16008638215448,160.20362779260327
1786653955.0784676,2538,1,walking,walking,0.8086039859403434,0.11132602382279548,0.14554871746926182,5.167532249924752,162.25170898738844
1786653955.1160836,2539,1,walking,walking,0.891680933810545,0.11873795893698673,0.1605025680858981,5.662824329635762,164.14035381041535
1786653955.152952,2540,1,walking,walking,0.7383591098479235,0.10600909826001012,0.13290463977262623,6.212823369565667,166.20313040903403
1786653955.1911423,2541,1,walking,walking,0.6195077196259021,0.10552141085889587,0.11151138953266239,6.544840064863644,167.67257927453343
1786653955.2583003,2542,1,walking,walking,0.6,0.09335845400958813,0.10524631411352685,7.02296029351979,167.77551543723166
1786653955.2923782,2543,1,walking,walking,0.6348049458909523,0.0896317158313211,0.11426489026037141,7.946003456788165,168.0467608791826
1786653955.3283105,2544,1,walking,walking,0.6,0.07185024812397087,0.08135728681665208,8.954282938002224,168.82712009295773
1786653955.3652003,2545,1,walking,walking,0.6,0.06612122196403099,0.0831730227098849,10.520697196036258,169.19095185780196
1786653955.5405579,2546,1,walking,walking,0.6,0.0627439676241788,0.07988574583626626,11.561398509762506,169.83439879818536
1786653955.5773473,2547,1,standing,walking,0.75,0.05929382434514352,0.059381890207332616,12.367692412125177,171.59534555368518
1786653955.614916,2548,1,standing,walking,0.75,0.06205082058776326,0.04818763020265109,12.992864236278825,173.1513220578536
1786653955.6758223,2549,1,standing,walking,0.75,0.0670154944857913,0.04196012465304089,13.187624089319678,173.29244457932796
1786653955.7388852,2550,1,standing,walking,0.75,0.06558419872569146,0.04606763468632121,13.070736768890734,172.47558349975813
1786653955.772858,2551,1,standing,standing,0.75,0.07482799070793225,0.058824765054631106,12.534525023430685,171.69523207858077
1786653955.8060007,2552,1,standing,standing,0.75,0.0661665381636029,0.04736217341118721,12.016537585612616,170.98476206056733
1786653955.8444083,2553,1,walking,standing,0.6,0.09069103241049367,0.09902817676154611,10.470547489485906,169.80225148804345
1786653955.9007967,2554,1,walking,standing,0.6280384004036401,0.09904437897331443,0.11304691207265521,9.095447911824172,168.53811895204004
1786653955.9492087,2555,1,walking,standing,0.6,0.09364199560288955,0.10799312436426922,7.319569370578208,168.00314914743902
1786653955.9984736,2556,1,walking,standing,0.6859047219303497,0.12377312893705796,0.12346284994746294,5.9655916372441276,166.4200620676266
1786653956.049827,2557,1,walking,walking,0.7448635118534436,0.13651777554536912,0.13407543213361983,4.751162867685545,164.1309163666998
1786653956.1043403,2558,1,walking,walking,0.8444179882579751,0.14449398490055704,0.1519952378864355,3.8463690362861227,162.04706618364273
1786653956.1406755,2559,1,walking,walking,0.8147034452758689,0.13257441037454934,0.1466466201496564,3.01052017008917,159.9670499416515
1786653956.190232,2560,1,walking,walking,0.9852876952284104,0.1534966277769618,0.17735178514111388,2.6899942281415856,159.5456601246369
1786653956.2520108,2561,1,walking,walking,1.0,0.16620920818318424,0.20555753475215274,2.608410358205976,159.25356392883873
1786653956.2961984,2562,1,walking,walking,0.8891987270401294,0.15680075513786818,0.16005577086722328,2.4820429211582145,159.34574643183404
1786653956.3412414,2563,1,walking,walking,0.7746123029806883,0.14601535228448054,0.13943021453652388,2.776563916723563,159.8837340500531
1786653956.3846753,2564,1,walking,walking,0.8846391508965654,0.1686751756703206,0.15923504716138176,3.348945468400065,157.3119859323137
1786653956.43106,2565,1,walking,walking,0.7890394801160215,0.13132121166075877,0.14202710642088387,4.150312419460368,154.07814363687717
1786653956.4647322,2566,1,walking,walking,0.8867151284866996,0.12510658978653036,0.15960872312760593,5.6883847295735555,151.19605900501213
1786653956.5183249,2567,1,walking,walking,1.0,0.11762721832017037,0.1819199874041001,7.843281932827333,151.72787128578491
1786653956.5548177,2568,1,walking,walking,1.0,0.12938926206744072,0.19136465331139835,10.857368998462949,150.31902531662837
1786653956.5900874,2569,1,walking,walking,0.8209220176575038,0.09907233723099894,0.1477659631783507,13.903650958553886,148.92933497496168
1786653956.625658,2570,1,walking,walking,0.6780175433986922,0.10447467848437376,0.1220431578117646,16.46471927326038,146.14266642232081
1786653956.6661987,2571,1,walking,walking,0.6609217199517311,0.12451586641190403,0.11896590959131159,19.20280826090379,138.5260950200461
1786653956.7260547,2572,1,walking,walking,0.6617122915569859,0.1243500565683566,0.11910821248025745,21.959535958593367,130.41992545471243
1786653956.7942054,2573,1,walking,walking,0.6,0.1056906084354056,0.10742875301388767,24.850197322844224,122.10497388095523
1786653956.8470495,2574,1,walking,walking,0.6,0.10598506032005492,0.10697250760321143,27.378260287918984,117.02065263499102
1786653956.8937135,2575,1,walking,walking,0.6,0.11127633367556673,0.08742572539567296,29.546532268787836,116.28484133965176
1786653956.9501016,2576,1,walking,walking,0.6,0.1313962708881545,0.05486627440401994,31.14332345262232,118.07162847797527
1786653956.9852777,2577,1,walking,walking,0.6,0.1393846356723297,0.04709939006733664,31.928552326427102,118.46653146827316
1786653957.047551,2578,1,walking,walking,0.6395371838734375,0.153488924129625,0.04719535412254917,31.48486073633287,120.8914106590797
1786653957.0840695,2579,1,walking,walking,0.6080249080294055,0.1459259779270573,0.04830157420110673,30.606850561380377,123.56920845154453
1786653957.155589,2580,1,walking,walking,0.6,0.1176489395690887,0.0580764366583775,29.564347981595176,126.81122810140366
1786653957.188569,2581,1,walking,walking,0.6,0.1180795258723435,0.05737183272743237,28.453515416402922,134.91869636490546
1786653957.2234232,2582,1,walking,walking,0.6,0.12688088829307584,0.07764941324408993,26.297333452102993,143.25203261109496
1786653957.2609985,2583,1,walking,walking,0.6,0.1319373536112286,0.09264278253224881,23.954720799994053,151.94072596174107
1786653957.2962697,2584,1,walking,walking,0.6,0.11761010310733148,0.08942780610667539,21.448404103039465,160.3971963309732
1786653957.3627784,2585,1,walking,walking,0.6,0.08316325290124768,0.08165029332672409,19.326690317826785,164.5219252803691
1786653957.407034,2586,1,walking,walking,0.6413613159516048,0.08127681512406731,0.11544503687128888,16.738645818183695,164.52980151032315
1786653957.476128,2587,1,walking,walking,0.7364877280100756,0.07710472326258078,0.1325677910418136,14.095991905526756,164.92805898466878
1786653957.570148,2588,1,walking,walking,0.7715611464583203,0.07439088792356023,0.13888100636249764,11.792926657015757,165.84987234182307
1786653957.60385,2589,1,walking,walking,0.7379601865317484,0.07427509353319481,0.1328328335757147,9.783308186475491,167.04212314161896
1786653957.6504672,2590,1,walking,walking,0.7986902277990983,0.07845466689820635,0.14376424100383767,7.98620668180852,167.9319010951637
1786653957.685942,2591,1,walking,walking,0.657409629894402,0.06723317756172213,0.11833373338099235,6.177695920582068,168.97532927019705
1786653957.7547705,2592,1,walking,walking,0.6,0.06225906915530324,0.10363573287401676,5.407084648531639,169.75720568773534
1786653957.786609,2593,1,walking,walking,0.613234512765689,0.060686313474689745,0.11038221229782402,4.980186227389758,169.7856218826592
1786653957.821946,2594,1,walking,walking,0.6120830496607331,0.06128056909743578,0.11017494893893197,4.6483280489708445,169.97291598182596
1786653957.865584,2595,1,walking,walking,0.6,0.04660608685289346,0.08274577639137931,4.230953190580182,168.6949569725222
1786653957.9261513,2596,1,walking,walking,0.6,0.03711282854997756,0.0652738494849745,3.8545619397908433,169.84787738111658
1786653957.9808517,2597,1,walking,walking,0.6,0.03984942586054342,0.07451913766745526,3.940520995399828,169.24566850898913
1786653958.0164597,2598,1,walking,walking,0.6,0.03337981045380038,0.06917333721488587,4.068071951453862,167.4422576303462
1786653958.0601053,2599,1,walking,walking,0.6,0.04662152641151053,0.07149766517192388,3.8444671262479178,166.88372424702132
1786653958.1180706,2600,1,walking,walking,0.6,0.042859330129357144,0.06602668626259207,3.7712748435428005,166.56885095861836
1786653958.160034,2601,1,walking,walking,0.6,0.05304576785143708,0.0805517028847511,3.653191871901123,166.52218906181042
1786653958.2070482,2602,1,walking,walking,0.6,0.04655382431359284,0.06514986241050583,3.531659160662808,166.55275260430517
1786653958.2466009,2603,1,walking,walking,0.6,0.051685037429534106,0.07913207480501458,3.232008908576817,165.77531989568826
1786653958.2863135,2604,1,walking,walking,0.6,0.06224493575570841,0.08752438659777723,3.557187333196339,164.5187294764063
1786653958.3430738,2605,1,walking,walking,0.6,0.07416759515838858,0.09887354418427147,4.430461263237126,164.56089325721456
1786653958.4524665,2606,1,walking,walking,0.6,0.06322363360615835,0.07877083573257343,5.357495246846934,164.56428013347818
1786653958.5062318,2607,1,walking,walking,0.6,0.09240540672984232,0.09040904761294456,8.99794853772801,163.78622634389416
1786653958.546897,2608,1,walking,walking,0.6,0.0747147476061896,0.0775808423404562,12.674301441130911,162.92635369148528
1786653958.6411889,2609,1,walking,walking,0.6,0.10299469039604653,0.08838252131265278,18.067864853341476,158.4624825295152
1786653958.6980488,2610,1,walking,walking,0.6,0.09644314872056443,0.0786872720605854,24.94744000622196,155.49020813008386
1786653958.73335,2611,1,walking,walking,0.6,0.10618320443888005,0.09324385069765537,32.67923575757537,152.45963292492996
1786653958.733597,2611,8,standing,standing,0.75,0.0,0.0,0.8211832735875967,149.1933507682308
1786653958.7683852,2612,1,bending,walking,0.6875588937568898,0.11057907976174931,0.08716160714673625,41.25353362541339,148.76920211117246
1786653958.7686536,2612,8,standing,standing,0.75,0.028319064747018327,0.017742881178752813,0.9951613007475077,146.0129964288911
1786653958.8182383,2613,1,bending,walking,0.8291667845976958,0.10674744347800147,0.07635142093749266,49.750007075861745,146.13249906923534
1786653958.9258564,2614,1,bending,walking,0.9597401116470191,0.09515925805901626,0.06576251861007777,57.58440669882115,144.04090468176472
1786653958.959366,2615,1,bending,walking,1.0,0.09684772573444761,0.06828344375011228,65.15127341937912,142.46051535239957
1786653958.9938798,2616,1,bending,bending,1.0,0.08117032145816072,0.06368161463684843,72.82529283793642,140.81106430621563
1786653959.1587718,2617,1,bending,bending,1.0,0.08154668366871749,0.0649491516924015,77.5356337360125,139.96445492381162
1786653959.2752786,2618,1,bending,bending,1.0,0.05942585576367606,0.058149491172970684,82.02923266304344,139.38986118130123
1786653959.3315594,2619,1,bending,bending,1.0,0.06059977533746803,0.06397755464220313,85.44016431983604,140.67200728965204
1786653959.367424,2620,1,bending,bending,1.0,0.05842841480102797,0.0680504511125611,86.69304059012951,140.3505420008461
1786653959.4019113,2621,1,bending,bending,1.0,0.06442166313838829,0.08919072226873258,87.30329855824351,139.93119607072612
1786653959.4534051,2622,1,bending,bending,1.0,0.054263472242308916,0.08369849652932894,87.0196160763429,140.141619728614
1786653959.5065613,2623,1,bending,bending,1.0,0.05346335523337097,0.08362468143078353,86.70434593250192,140.6926739864602
1786653959.5378084,2624,1,bending,bending,1.0,0.052279329780777185,0.0822378686390118,86.38307483553487,141.32510492559427
1786653959.5694985,2625,1,bending,bending,1.0,0.03890789356965069,0.07462842955956389,85.88392497012363,141.57251517722062
1786653959.6143253,2626,1,bending,bending,1.0,0.057661728305228914,0.07807785040591686,85.39797826827035,140.8372313470292
1786653959.734427,2627,1,bending,bending,1.0,0.06577767039160459,0.08601146502514141,85.19722741671987,140.79575188871365
1786653959.8101292,2628,1,bending,bending,1.0,0.061257136977745756,0.07556741986099304,85.1982041026749,140.49169246531574
1786653959.863741,2629,1,bending,bending,1.0,0.06923628215527215,0.06189408236299369,85.31087058018645,139.7575171835117
1786653959.8992465,2630,1,bending,bending,1.0,0.07644884421614823,0.03801453470381776,84.04651281947275,139.4482936448227
1786653959.9465227,2631,1,bending,bending,1.0,0.07719886915680217,0.039318168599894635,82.58595811488406,138.92984298624123
1786653959.9803557,2632,1,bending,bending,1.0,0.07748091137006227,0.040700852409766695,81.14989123525797,138.41679385001174
1786653960.0184736,2633,1,bending,bending,1.0,0.098272491149802,0.05115628812051109,77.82180748169795,138.87096828468881
1786653960.119958,2634,1,bending,bending,1.0,0.11555604429432156,0.06358872404868073,71.21383350685075,140.52809608792012
1786653960.1619265,2635,1,bending,bending,1.0,0.09654469929796362,0.058882832399479175,64.57405216790917,142.24596272729974
1786653960.2073367,2636,1,bending,bending,0.9475452774992266,0.09011976756635456,0.0695010712551111,56.85271664995359,145.8718140304437
1786653960.2498598,2637,1,bending,bending,0.8145894112504851,0.0901349624868457,0.06895950015440105,48.875364675029104,148.84432993076877
1786653960.288688,2638,1,bending,bending,0.6751593859153869,0.08131003167929544,0.0750271197166189,40.509563154923214,152.1145855520504
1786653960.4223282,2639,1,walking,bending,0.6,0.0582228448953718,0.068910294631668,31.910275184620822,155.75425781458094
1786653960.4785914,2640,1,walking,bending,0.6,0.07083365147260272,0.07918308765634849,25.096318909212272,157.49769227397985
1786653960.5223649,2641,1,walking,bending,0.6,0.07045398510329788,0.07727373666285295,18.264335549324056,159.21691657474477
1786653960.563903,2642,1,walking,bending,0.6,0.049090922947047505,0.06564325004749244,11.492312167621213,160.89711038964586
1786653960.60724,2643,1,standing,walking,0.75,0.03149284318086229,0.052220765418388576,6.5459233289868575,161.6440720892225
1786653960.6432354,2644,1,walking,walking,0.6,0.048232759155947186,0.0813035655015617,5.187361560243654,162.89469781704642
1786653960.6869352,2645,1,standing,walking,0.75,0.04015557544812204,0.05943564046932865,3.8252435679329118,164.09632977503492
1786653960.719709,2646,1,standing,walking,0.75,0.03948578282472157,0.059284208364037916,3.4797071517601283,164.38040200895145
1786653960.7585204,2647,1,standing,walking,0.75,0.05667751468821406,0.04906017381145738,4.203135270940142,164.95330636676766
1786653960.7931767,2648,1,standing,standing,0.75,0.05627135038623021,0.04853445571768941,5.320249651892349,165.17515684519333
1786653960.8938754,2649,1,standing,standing,0.75,0.056319430168232015,0.03825146052479601,8.52920691272731,164.4747210804113
1786653960.9323742,2650,1,standing,standing,0.75,0.05624519474238739,0.03840717442230302,11.964000484773289,165.42489338448848
1786653960.9656413,2651,1,standing,standing,0.75,0.07129073671773267,0.04524508338621778,19.55464834585028,165.7741629108996
1786653961.0045764,2652,1,standing,standing,0.75,0.07248903011912329,0.04631613322354329,27.163953064433002,166.1127626607856
1786653961.0380437,2653,1,bending,standing,0.5837306822926677,0.09692867752216762,0.032103981265611974,35.02384093756006,165.9452937474541
1786653961.09922,2654,1,bending,standing,0.7098419455820806,0.09858596841614566,0.03411742797632506,42.59051673492483,164.1661060649836
1786653961.1319003,2655,1,bending,standing,0.8184201321191777,0.12003396967357734,0.043649436375057235,49.105207927150666,161.0518626095463
1786653961.195077,2656,1,bending,standing,0.935224290247771,0.1189012406707405,0.05670591290601482,56.11345741486626,157.14583999561694
1786653961.2327554,2657,1,bending,bending,1.0,0.11914170324740787,0.060781575403768974,62.01326680413446,152.84873326502853
1786653961.3007329,2658,1,bending,bending,1.0,0.11084037691642347,0.06657495212109647,68.15806278231904,148.42404125003364
1786653961.3347616,2659,1,bending,bending,1.0,0.1239093716283361,0.08120365086562359,72.49047305514198,146.2149168986164
1786653961.3687952,2660,1,bending,bending,1.0,0.12412528705907014,0.08196369439079419,76.34181341559454,143.5742649782725
1786653961.4114025,2661,1,bending,bending,1.0,0.12316819997307316,0.08206193393217955,75.97485675790521,141.52448131358742
1786653961.4418178,2662,1,bending,bending,1.0,0.10056128632502219,0.08188361823644569,75.69992687685509,141.30755836106198
1786653961.4728634,2663,1,bending,bending,1.0,0.12640105858848835,0.09287029053203881,75.51734313744564,142.81686775786812
1786653961.5188475,2664,1,bending,bending,1.0,0.12775370387550034,0.09717720090988724,72.27369629284476,143.07923843588554
1786653961.5691009,2665,1,bending,bending,1.0,0.10599220023215178,0.09037545848978117,67.39017681703326,145.8313075953974
1786653961.6044426,2666,1,bending,bending,1.0,0.10737671945507433,0.09604662738585139,62.319448412220524,148.92207644193596
1786653961.6562102,2667,1,bending,bending,0.9399990950607149,0.1130554382124333,0.08951335016322068,56.39994570364289,152.86151230879724
1786653961.6931007,2668,1,bending,bending,0.8237252402855418,0.11803665653517553,0.07591492640311265,49.42351441713251,157.09550223298558
1786653961.7384908,2669,1,bending,bending,0.703655470754277,0.10321463855445674,0.0681546988790858,42.21932824525662,160.02285263666374
1786653961.7818217,2670,1,bending,bending,0.5870822307101018,0.10645886226463898,0.06752633771234123,35.224933842606106,163.53497954325616
1786653961.8525574,2671,1,walking,bending,0.6,0.09280578256066911,0.053455968445726094,28.108399895813374,166.95049262389756
1786653961.896566,2672,1,standing,bending,0.75,0.06629783252384851,0.04108785289097362,20.740570516879163,168.50081974445942
1786653961.9494758,2673,1,standing,bending,0.75,0.04346418540850497,0.027291515428621745,13.058227083869294,168.8136745539671
1786653961.9828823,2674,1,standing,bending,0.75,0.04401385508184476,0.02018375893842708,8.41409826056672,170.24959597147745
1786653962.0198734,2675,1,standing,bending,0.75,0.04341787913413528,0.011914393693277023,6.5478327564725145,170.43731082145217
1786653962.0753858,2676,1,standing,standing,0.75,0.03275389824580689,0.010922978594193646,4.367774540048972,171.1274710260575
1786653962.1066816,2677,1,standing,standing,0.75,0.017880511536693938,0.01141765922287753,3.2624565816836055,171.07244982674473
1786653962.1527767,2678,1,standing,standing,0.75,0.018737456100064314,0.01749265429046506,2.9129451104110116,171.23868965887272
1786653962.187998,2679,1,standing,standing,0.75,0.017717498757974057,0.025201817250552556,2.5311424888631366,171.54989880543545
1786653962.2407675,2680,1,standing,standing,0.75,0.012481716714380328,0.024111406562696232,2.4274168395196165,171.7155223489463
1786653962.2824779,2681,1,standing,standing,0.75,0.029070144291299005,0.03874119576028609,2.2932688877144134,172.18665384574854
1786653962.3186862,2682,1,standing,standing,0.75,0.03538491035918488,0.04201045324372205,2.2588248067589767,172.20182309445602
1786653962.3720977,2683,1,standing,standing,0.75,0.03363423165263941,0.04176094881775912,2.251236254047762,172.0906672833538
1786653962.4592152,2684,1,walking,standing,0.6,0.040679870116398925,0.10780841125124017,2.6400291310660404,171.5010018831505
1786653962.5493934,2685,1,walking,standing,0.7628503328961225,0.05694149469935415,0.13731305992130205,3.296248287041576,172.07083092841978
1786653962.5866122,2686,1,walking,standing,0.7549128933771887,0.05383108915601736,0.13588432080789395,3.978976587161776,172.65956566726888
1786653962.6182876,2687,1,walking,standing,0.8467246096211393,0.05739893939801943,0.15241042973180505,4.0725424033207,172.91823407027672
1786653962.65822,2688,1,walking,walking,0.9049633175460955,0.06822550787268541,0.16289339715829718,4.400636578580776,173.4681958334332
1786653962.694582,2689,1,walking,walking,1.0,0.08679603103044499,0.19772726640237195,4.218848309722743,173.68427049352502
1786653962.729614,2690,1,walking,walking,1.0,0.06942092189206818,0.1824743792829324,4.028602883499458,173.82196033479272
1786653962.796875,2691,1,walking,walking,1.0,0.08153939661907289,0.1984095851978243,3.9775897266870373,171.32860562504254
1786653962.8326788,2692,1,walking,walking,1.0,0.08570178502835057,0.20866458522588677,4.128621373184285,167.11610061508833
1786653962.8830068,2693,1,walking,walking,0.7843069028728181,0.07808233471843651,0.14117524251710725,4.2850936041477405,163.1001819329715
1786653962.9383504,2694,1,walking,walking,0.7295707066496492,0.06741700503775865,0.13132272719693683,3.806077288011049,162.37934175666052
1786653963.0040379,2695,1,walking,walking,0.7292725569286733,0.06760471193019818,0.1312690602471612,2.975819168466397,160.51013408751666
1786653963.0378287,2696,1,walking,walking,0.6576563176078479,0.06706164571559473,0.11837813716941262,2.3099279002969033,159.81966061954873
1786653963.071934,2697,1,walking,walking,0.6,0.054125155712588205,0.10115680850904504,2.147875569306048,159.50400270703597
1786653963.113712,2698,1,walking,walking,0.6,0.03591414957297874,0.06792767505758068,1.8042685209503868,158.50405581086613
1786653963.1486826,2699,1,walking,walking,0.6,0.03840069926752573,0.06832741926761961,2.2584868456522895,157.9922293691157
1786653963.1902947,2700,1,standing,walking,0.75,0.025338948898696298,0.051228289990566375,2.842145547824349,157.63799242690112
1786653963.2315836,2701,1,standing,walking,0.75,0.023199214352472953,0.041305943564192094,3.58082492538039,159.87507560514078
1786653963.2676601,2702,1,standing,walking,0.75,0.022679470620834807,0.041500199405664434,4.149081882785649,164.31291384480977
1786653963.3136463,2703,1,standing,walking,0.75,0.02025572877048617,0.022433370878796266,4.647149592132766,168.5917673274315
1786653963.356143,2704,1,standing,standing,0.75,0.020259723739811067,0.022492397748672833,5.441431865459931,170.0679265354287
1786653963.3890467,2705,1,standing,standing,0.75,0.018103655330747044,0.013796404706261383,5.957905643696416,171.5356685318461
1786653963.4361603,2706,1,standing,standing,0.75,0.018142855978808645,0.012332173791076656,6.306619586427956,171.8036717348382
1786653963.469753,2707,1,standing,standing,0.75,0.018375432592996288,0.011369956611194413,6.418583139756111,172.15808218769638
1786653963.5231194,2708,1,standing,standing,0.75,0.017708667874691705,0.01195976857528979,6.6267937096722545,172.60162311144944
1786653963.5589805,2709,1,standing,standing,0.75,0.015515263865547397,0.015296723067244531,6.53947899625595,172.68816326622772
1786653963.6460066,2710,1,idle,standing,0.85,0.014117565528471201,0.015016906904672948,6.318879737574557,172.72448649759374
1786653963.6815493,2711,1,standing,standing,0.75,0.017531027524454432,0.023170792306238808,5.945927019555755,172.0796563087119
1786653963.7173495,2712,1,standing,standing,0.75,0.022544908683533413,0.04112542116376086,5.6334098288922405,170.52659073604661
1786653963.7510238,2713,1,standing,standing,0.75,0.03064082453337959,0.05160984276247474,5.274331982482499,168.2379365054745
1786653963.7854402,2714,1,standing,standing,0.75,0.03665945884785169,0.05964158414242277,4.762385861769981,165.8452056672791
1786653963.8350585,2715,1,walking,standing,0.6,0.04892204953293487,0.06449449194854079,4.550049988473425,164.59260744609998
1786653963.8771765,2716,1,walking,standing,0.6,0.06374721512655881,0.0700272931640967,4.247865864063579,164.38145914189383
1786653963.926478,2717,1,walking,standing,0.6,0.07519070767963765,0.07048957766375304,3.9785689996990348,164.37329524406613
1786653963.9619617,2718,1,walking,standing,0.6,0.08713669555939023,0.0735413781060281,3.466425094930687,164.75319465117133
1786653964.0025225,2719,1,walking,walking,0.6,0.09498680665727639,0.086618297441661,3.2244481598673302,164.72020069105773
1786653964.0528505,2720,1,walking,walking,0.6,0.09903601292732336,0.0922092893835284,3.187908506168693,163.92782671967854
1786653964.0988348,2721,1,walking,walking,0.6,0.09935976382617621,0.08706344450278418,3.176583104316876,163.59434372054517
1786653964.1392834,2722,1,walking,walking,0.6,0.09922623582877767,0.09589579210030802,2.904184982299557,164.36762607805778
1786653964.1735146,2723,1,walking,walking,0.6,0.09113667632944476,0.08739283046924234,2.741477252371376,166.0515363128688
1786653964.2565556,2724,1,walking,walking,0.6,0.08252438094567521,0.08649346360651804,2.5497966712375093,168.20357600107337
1786653964.329048,2725,1,walking,walking,0.6,0.07247400073851151,0.08826646781336994,2.370195192974413,168.8166060851426
1786653964.3687043,2726,1,walking,walking,0.6,0.05893514607397982,0.0863997543616512,2.2417819289396954,168.3835442327864
1786653964.410988,2727,1,walking,walking,0.6,0.04759320954442303,0.08293403758420147,2.3112025526264413,167.93838080053752
1786653964.444893,2728,1,walking,walking,0.6,0.04235785618896362,0.0746369947122309,2.498893720493026,167.14483287191297
1786653964.506035,2729,1,walking,walking,0.6,0.03886357313578487,0.06760515433457992,2.2697860599466244,166.98998973771717
1786653964.5384998,2730,1,standing,walking,0.75,0.03093175752337971,0.05445216301387484,1.8813085240638814,167.50212225010557
1786653964.5849493,2731,1,standing,walking,0.75,0.024985693508719025,0.03597062357519289,1.440910742964334,168.37863998521965
1786653964.6197033,2732,1,standing,walking,0.75,0.027792550232636135,0.03613590687748064,1.300731195151204,168.88281185982086
1786653964.6540098,2733,1,standing,walking,0.75,0.02686134600278669,0.032685164417306595,1.217392860491054,169.44165487720056
1786653964.695051,2734,1,standing,standing,0.75,0.024353798824891457,0.025277653371532642,1.4411920226426331,169.65381868956425
1786653964.7324905,2735,1,standing,standing,0.75,0.02675732444633317,0.026003720398618375,1.7194323640378777,170.30663159710488
1786653964.7715552,2736,1,standing,standing,0.75,0.02625161202362988,0.02280837678507723,2.0811339984926294,170.76054833981442
1786653964.8301094,2737,1,standing,standing,0.75,0.023145727442076068,0.017560980005575908,2.3073523411243206,170.89903782396715
1786653964.8849769,2738,1,standing,standing,0.75,0.020230991383928667,0.010358717572068367,2.614973435117605,171.06787914460745
1786653964.9289818,2739,1,standing,standing,0.75,0.020312732488632274,0.010651950097341,3.0844652810399653,171.0409789946524
1786653964.961941,2740,1,standing,standing,0.75,0.01855610064321719,0.009604446208352718,3.612327399284008,170.72339160752395
1786653965.0010564,2741,1,standing,standing,0.75,0.01575014467151195,0.009220128922807746,4.227676072718309,170.142563291126
1786653965.0402448,2742,1,idle,standing,0.85,0.013005567537731405,0.009323571403028297,4.72740052626175,169.78724481271345
1786653965.073426,2743,1,idle,standing,0.85,0.010479140693058995,0.009139878956227662,5.156829100044597,169.36724296834262
1786653965.1249766,2744,1,idle,standing,0.85,0.008383390138736145,0.008175326602508132,5.487082582411451,168.91872644730904
1786653965.171596,2745,1,idle,standing,0.85,0.005453377485243656,0.005730174740486991,5.7183249889303625,168.51257232564322
1786653965.2319064,2746,1,idle,idle,0.85,0.005343584793566141,0.006041061387179702,5.895666623777904,168.33820419033572
1786653965.282585,2747,1,idle,idle,0.85,0.0043612104530282685,0.006441354770901692,6.094598182019562,168.20438512258548
1786653965.3449688,2748,1,idle,idle,0.85,0.0034815599479894235,0.006153538151478364,6.253888453766121,167.9384284394707
1786653965.3811684,2749,1,idle,idle,0.85,0.00335624695065727,0.00666582426350679,6.394260123921322,167.7659902585673
1786653965.423872,2750,1,idle,idle,0.85,0.0036950272216013055,0.006347460318158129,6.455943617345531,167.9199713617348
1786653965.4687407,2751,1,idle,idle,0.85,0.003218487563925295,0.006554199868975449,6.532346726732482,168.0609042313623
1786653965.5145552,2752,1,idle,idle,0.85,0.0029661421628326477,0.007172159965685196,6.597619108313502,168.22067842474047
1786653965.5539713,2753,1,idle,idle,0.85,0.0029015078768337764,0.0073577868619885585,6.662434326718343,168.33674107734004
1786653965.6245308,2754,1,idle,idle,0.85,0.003034051383773358,0.0074931584993457555,6.662223901416796,168.4149197115476
1786653965.65642,2755,1,idle,idle,0.85,0.003909459978600195,0.007553280234124023,6.693473730529637,168.53747818409244
1786653965.701022,2756,1,idle,idle,0.85,0.00410513117497807,0.007455795495205259,6.732997341045848,168.6053592913808
1786653965.7502248,2757,1,idle,idle,0.85,0.00515942762922816,0.007692210034074619,6.7434197308019135,168.7118680288266
1786653965.7927155,2758,1,idle,idle,0.85,0.00492102973492001,0.007450010077899204,6.752249164023685,168.72840584244506
1786653965.8384798,2759,1,idle,idle,0.85,0.005073636231530634,0.007666646980811132,6.701553843358617,168.76372294042866
1786653965.8722014,2760,1,idle,idle,0.85,0.004917508639089299,0.0081041656707002,6.665684698942824,168.75209981587378
1786653965.9057114,2761,1,idle,idle,0.85,0.004625449265369365,0.008001659266881607,6.598668418656648,168.69152387221723
1786653965.9441428,2762,1,idle,idle,0.85,0.004805905256931919,0.008714389242206196,6.5457871724398045,168.62675286884811
1786653965.9803915,2763,1,idle,idle,0.85,0.004340872130471259,0.009412091306077968,6.524196536448708,168.5919461403879
1786653966.0153692,2764,1,idle,idle,0.85,0.0038037321841085884,0.009248418319026876,6.523406548318756,168.60529478592403
1786653966.0581927,2765,1,idle,idle,0.85,0.00361093303852344,0.009007320781193472,6.525029401089786,168.58387748507673
1786653966.0911984,2766,1,idle,idle,0.85,0.0035639873246105435,0.008111319621463421,6.461486131015991,168.56172949092954
1786653966.132449,2767,1,idle,idle,0.85,0.0036750246411641377,0.007605757100944805,6.4409896663129675,168.52045850019613
1786653966.18033,2768,1,idle,idle,0.85,0.0036006757788795774,0.007314335070796323,6.387146682962178,168.57690067443176
1786653966.2202353,2769,1,idle,idle,0.85,0.003683863293474989,0.006394227319351438,6.4154584955870915,168.49440960473797
1786653966.2566915,2770,1,idle,idle,0.85,0.00401438895882202,0.005897699551525217,6.397661029867869,168.4159446540205
1786653966.28841,2771,1,idle,idle,0.85,0.003944943658580721,0.005628902211654728,6.41854458744763,168.41631591490494
1786653966.3320765,2772,1,idle,idle,0.85,0.003925896836517338,0.005529228376718837,6.41701615964223,168.39258867474024
1786653966.374137,2773,1,idle,idle,0.85,0.003700217478872244,0.005807122942579417,6.393917878923573,168.24969891537853
1786653966.4091704,2774,1,idle,idle,0.85,0.0037007662201278607,0.006467365452720505,6.391708373927343,168.13098763965723
1786653966.4617705,2775,1,idle,idle,0.85,0.0030576845830566812,0.007315829160351333,6.352231665869632,168.00675774517578
1786653966.6269445,2776,1,idle,idle,0.85,0.00308869504536517,0.0076535241939404315,6.381327886860204,167.93653492203455
1786653966.7163377,2777,1,idle,idle,0.85,0.002951186251789501,0.00794623817226909,6.401824351563228,167.82129716244046
1786653966.7691054,2778,1,idle,idle,0.85,0.003386448778328346,0.008198951438492605,6.463034139110432,167.72289390634674
1786653966.8345509,2779,1,idle,idle,0.85,0.0035336388321164014,0.008198425351593508,6.503744041688836,167.6295992014145
1786653966.877214,2780,1,idle,idle,0.85,0.0034937579197203087,0.008705230833674372,6.500638560986623,167.50981242709992
1786653966.9133873,2781,1,idle,idle,0.85,0.003629411002682634,0.008380303391992246,6.523542110981796,167.42355518457293
1786653966.960525,2782,1,idle,idle,0.85,0.004141508768679989,0.00825206937205502,6.551383055641833,167.41103569634475
1786653967.0053737,2783,1,idle,idle,0.85,0.004230040598860765,0.0088182760476474,6.594487681913593,167.4038424702557
1786653967.058177,2784,1,idle,idle,0.85,0.004518028393937209,0.00835658750038798,6.6524126970583115,167.35197650992032
1786653967.1080184,2785,1,idle,idle,0.85,0.004470190591466829,0.007882930555156995,6.721397571339483,167.32540848943688
1786653967.153805,2786,1,idle,idle,0.85,0.004489869060815818,0.008072478861533911,6.751616394656106,167.3043187467959
1786653967.188178,2787,1,idle,idle,0.85,0.004395352023894215,0.008186458727392425,6.785113840996355,167.15801456340637
1786653967.2362163,2788,1,idle,idle,0.85,0.0042820234262022925,0.008041071318943192,6.822924980881487,167.04587651485085
1786653967.2772982,2789,1,idle,idle,0.85,0.00402836432563614,0.0071780836546237875,6.828174882457991,167.06734148844436
1786653967.3154604,2790,1,idle,idle,0.85,0.0037492045959815947,0.007388425958324277,6.9017199840459655,167.1304530516362
1786653967.3558977,2791,1,idle,idle,0.85,0.003272793520562742,0.007217086336774729,6.936650953708247,167.20830497197966
1786653967.3973272,2792,1,idle,idle,0.85,0.00340357004401203,0.006067061943276714,6.981898231201891,167.18259615078395
1786653967.4331665,2793,1,idle,idle,0.85,0.002886238688550831,0.006795790305037204,7.001719829982699,167.24294382773783
1786653967.4968746,2794,1,idle,idle,0.85,0.0028557914177607885,0.007176245441067736,7.015179394759083,167.33035422784934
1786653967.5390513,2795,1,idle,idle,0.85,0.0027109732155983558,0.007158959327424992,7.0373221322404005,167.38372005005516
1786653967.5721302,2796,1,idle,idle,0.85,0.002741474147162768,0.00665675218538603,7.070156297169648,167.42464883975322
1786653967.6091938,2797,1,idle,idle,0.85,0.0026685535009462486,0.006721415612268494,7.096566184283203,167.59630730287205
1786653967.6437793,2798,1,idle,idle,0.85,0.0030836650851939584,0.006666082156188666,7.124186983777631,167.61779929181753
1786653967.697357,2799,1,idle,idle,0.85,0.003077120312910599,0.006959488993274791,7.1616502761131615,167.6539185556902
1786653967.7338245,2800,1,idle,idle,0.85,0.003077376585233329,0.006608791931365476,7.1668426453993135,167.6812125577122
1786653967.7919269,2801,1,idle,idle,0.85,0.002975683946170371,0.0062819642001080474,7.180195416424974,167.62568752399005
1786653967.8471735,2802,1,idle,idle,0.85,0.0030325508356165982,0.0054633779921850764,7.204754862485953,167.64332750870727
1786653967.900227,2803,1,idle,idle,0.85,0.002909432552282565,0.005366135175209929,7.228409296723838,167.63933789183633
1786653967.956014,2804,1,idle,idle,0.85,0.003097552903737721,0.005192378303881994,7.240890537075226,167.54289664366243
1786653968.0014832,2805,1,idle,idle,0.85,0.0026880283304483656,0.004834174966660929,7.263552754938251,167.43500358108594
1786653968.0380776,2806,1,idle,idle,0.85,0.0025982395032307904,0.005547912942540433,7.26473710540508,167.41676212990023
1786653968.0701716,2807,1,idle,idle,0.85,0.002344386136790928,0.006385870333479573,7.274988554111685,167.32943026579682
1786653968.1237085,2808,1,idle,idle,0.85,0.0027908336842123013,0.006010783426091311,7.250376224042499,167.32611093801393
1786653968.1836176,2809,1,idle,idle,0.85,0.002697961567496537,0.006286251271408165,7.25169427256535,167.27633011948865
1786653968.2195575,2810,1,idle,idle,0.85,0.002750450472108349,0.006900275510979127,7.275724516269172,167.18436947852376
1786653968.2550302,2811,1,idle,idle,0.85,0.0027875810311591507,0.007201066336510125,7.288612780868737,167.20832988985168
1786653968.3275952,2812,1,idle,idle,0.85,0.0032134896767628865,0.007665230606111616,7.264053334807758,167.16067237620913
1786653968.3716776,2813,1,idle,idle,0.85,0.003186505907443332,0.008033790242607775,7.29693225430498,167.0954390406016
1786653968.4250755,2814,1,idle,idle,0.85,0.0031689597536648977,0.00841314066973998,7.321282093016864,167.13267619553727
1786653968.4597425,2815,1,idle,idle,0.85,0.0030682657460277636,0.008001084867510411,7.341843781513854,167.1736608960053
1786653968.4965663,2816,1,idle,idle,0.85,0.0029963275500201197,0.007659865163199884,7.351562237387576,167.1837343953745
1786653968.542382,2817,1,idle,idle,0.85,0.003065608343793,0.008516171526117377,7.355424224163916,167.26850098721712
1786653968.5771022,2818,1,idle,idle,0.85,0.0031224867303365415,0.008323755007267142,7.401202824238274,167.26995758197177
1786653968.614771,2819,1,idle,idle,0.85,0.003898628738538561,0.008571472818972817,7.4655298549465225,167.19151620384324
1786653968.6599064,2820,1,idle,idle,0.85,0.004258458604762317,0.00907261749618545,7.551860519431392,167.24405021442394
1786653968.698934,2821,1,idle,idle,0.85,0.005276379772653789,0.008749567238122714,7.669581527805585,167.0408297956315
1786653968.7487702,2822,1,idle,idle,0.85,0.005023753242268745,0.009196817111142667,7.821287516755307,166.77122611879543
1786653968.783728,2823,1,idle,idle,0.85,0.006012504002423764,0.008880143996470217,7.859406160765448,166.68460518287608
1786653968.8174295,2824,1,idle,idle,0.85,0.010121805349997876,0.008880626661577806,7.740808050509375,166.81125543072295
1786653968.8714285,2825,1,idle,idle,0.85,0.010568861208180255,0.009306921061893722,7.619476656608133,166.98600767149236
1786653968.910536,2826,1,idle,idle,0.85,0.012043158783830622,0.008896171610807855,7.457836050704829,167.1750052298929
1786653968.947715,2827,1,idle,idle,0.85,0.014598229964949158,0.01064119962357307,7.208482728764767,167.56681194590064
1786653968.9922302,2828,1,standing,idle,0.75,0.016841733463570152,0.011049562320148691,6.822798765761357,168.01400686872782
1786653969.0310922,2829,1,standing,idle,0.75,0.018944758092930832,0.010563610544949382,6.433225677073703,168.4489203912126
1786653969.069963,2830,1,standing,idle,0.75,0.018816935161064315,0.011894830208642314,5.941774792164242,168.61168122605287
1786653969.1255622,2831,1,standing,idle,0.75,0.020644894951584822,0.012327355378694293,5.4147102637123155,168.79982736577716
1786653969.1841292,2832,1,standing,standing,0.75,0.021081061142433705,0.013524241301213363,4.849646110551177,168.83762217932988
1786653969.227647,2833,1,standing,standing,0.75,0.019235401165547453,0.01466136566647986,4.337184743600426,168.49815714286035
1786653969.2714746,2834,1,standing,standing,0.75,0.01910369274176657,0.014701634962706926,3.9637899749425136,167.84749280042212
1786653969.322459,2835,1,standing,standing,0.75,0.018144522713773658,0.01477299982598791,3.658744374116093,166.9729154364855
1786653969.368063,2836,1,standing,standing,0.75,0.015925859260751726,0.014160794422053797,3.407634992903496,166.11326900094994
1786653969.4002151,2837,1,idle,standing,0.85,0.013627185504067734,0.014143939673367804,3.244142576519787,164.89617914224075
1786653969.4500954,2838,1,idle,standing,0.85,0.011040300098224686,0.01475501769364408,3.1974435020183494,163.7443498499381
1786653969.4908764,2839,1,idle,standing,0.85,0.010480616041818132,0.014599984466116914,3.1772402573917247,162.43218017981383
1786653969.532047,2840,1,idle,standing,0.85,0.009510517734417521,0.014435060803885772,3.290279013470667,161.57518450103345
1786653969.5852065,2841,1,idle,idle,0.85,0.008336881498456555,0.014887707952778498,3.417417568775496,160.7906981317247
1786653969.6211724,2842,1,idle,idle,0.85,0.00618894955277556,0.014722634676554606,3.6104986307543188,160.16189446513235
1786653969.6667717,2843,1,idle,idle,0.85,0.005947244686929916,0.01458430171383674,3.808705211133476,159.53595991417836
1786653969.736728,2844,1,idle,idle,0.85,0.005031362179278857,0.016771972242300218,4.0150483325028885,159.2514356590662
1786653969.836773,2845,1,idle,idle,0.85,0.005332127875094352,0.01603524726089471,4.134784788004856,159.04791157920064
1786653969.9384599,2846,1,idle,idle,0.85,0.005437828067197804,0.01598142687213302,4.331068897692715,158.77217537680903
1786653970.0066643,2847,1,idle,idle,0.85,0.0055906366484325745,0.01560577323648559,4.527165093652809,158.59134868488465
1786653970.0660663,2848,1,idle,idle,0.85,0.004911567245553498,0.014421980724527883,4.702728646670489,158.391711302155
1786653970.0993502,2849,1,idle,idle,0.85,0.0042021013194114025,0.015954101900268747,4.8433771617942245,158.14366596158405
1786653970.1329384,2850,1,idle,idle,0.85,0.0040758755397423,0.017212624837778898,4.868636929431912,157.95006605596055
1786653970.1665096,2851,1,idle,idle,0.85,0.004412455943622634,0.017461061754016394,4.92643355924579,157.64945399589118
1786653970.267332,2852,1,idle,idle,0.85,0.004164581951439077,0.01670168797493299,4.9580984492395235,157.45340397883174
1786653970.303169,2853,1,idle,idle,0.85,0.004406295931388663,0.014336798874444294,4.94192410467959,157.52328950761373
1786653970.3433695,2854,1,idle,idle,0.85,0.004193262085676366,0.016134003703031523,4.952527125891343,157.36277162970833
1786653970.3771913,2855,1,idle,idle,0.85,0.003348022206348716,0.015549670993728884,5.037732380956379,157.4593782014308
1786653970.4434938,2856,1,idle,idle,0.85,0.0035582196886732023,0.01627724524582194,5.023262968548543,157.7225135582343
1786653970.5229597,2857,1,idle,idle,0.85,0.003750520203724778,0.016873339951259905,5.040028919398608,158.0119618432525
1786653970.5630977,2858,1,idle,idle,0.85,0.0035088056407710927,0.014750995660622922,5.062836560173894,158.05950232712433
1786653970.606801,2859,1,idle,idle,0.85,0.004127387344250898,0.012636864379321891,5.098429580548464,158.4138772285092
1786653970.7169533,2860,1,idle,idle,0.85,0.003723139978038149,0.01274444502268115,5.182767356432808,158.26077966299053
1786653970.7595518,2861,1,idle,idle,0.85,0.004089764704633955,0.01438946769285204,5.255630570448009,158.49225112038943
1786653970.8030071,2862,1,idle,idle,0.85,0.004058527837551976,0.014375360338533356,5.317478371748077,158.74091251365925
1786653970.8727653,2863,1,idle,idle,0.85,0.004010618878033762,0.013472625587896185,5.423883650179891,158.82134775284996
1786653970.9918094,2864,1,idle,idle,0.85,0.004183539970762765,0.013562907017435287,5.498614828576933,158.78223787584
1786653971.0608735,2865,1,idle,idle,0.85,0.0038761357914548727,0.013514499171812425,5.525119484581574,158.6782150481536
1786653971.1178536,2866,1,idle,idle,0.85,0.0036408457743917744,0.013534607031727803,5.554400631205518,158.29038552856238
1786653971.1698925,2867,1,idle,idle,0.85,0.003882741397282752,0.01347015519230035,5.580950661207136,158.03413160721271
1786653971.2141774,2868,1,idle,idle,0.85,0.003366354400721419,0.013359282857155113,5.6350168292644796,158.0129888928379
1786653971.259866,2869,1,idle,idle,0.85,0.0034926892419370106,0.01200774144558885,5.656157859874394,157.81633697200525
1786653971.3042703,2870,1,idle,idle,0.85,0.0036290767760697343,0.01082169694354663,5.614187430310055,158.07516235264495
1786653971.3439472,2871,1,idle,idle,0.85,0.0037624204067127753,0.011398670521786359,5.567984502158492,158.04864025217844
1786653971.3783746,2872,1,idle,idle,0.85,0.003908140594928874,0.010221731878328125,5.525284711747751,157.7827265888456
1786653971.4509516,2873,1,idle,idle,0.85,0.0037367053997001995,0.010770546874825366,5.490201236563633,157.56434524801944
1786653971.4888332,2874,1,idle,idle,0.85,0.003846388880955852,0.01034652865040305,5.509948013931947,157.40626863286528
1786653971.5246391,2875,1,idle,idle,0.85,0.00405980709973144,0.010074826018112949,5.518703630653439,157.17313305284887
1786653971.574725,2876,1,idle,idle,0.85,0.004130940496627134,0.010022789525511331,5.554817342819083,157.22412492020334
1786653971.6884472,2877,1,idle,idle,0.85,0.004304729174849779,0.011525956139116087,5.557640685201212,157.17222937772462
1786653971.7429247,2878,1,idle,idle,0.85,0.004144506191054771,0.011707308379240597,5.552672759243469,157.1184028303647
1786653971.7777195,2879,1,idle,idle,0.85,0.004242973734077359,0.01211208782753386,5.502823028907143,157.1824720247129
1786653971.9202218,2880,1,idle,idle,0.85,0.003962122216243144,0.011588420033797618,5.551292370714984,157.03061096143023
1786653971.951489,2881,1,idle,idle,0.85,0.0037775140590902293,0.011920399702920113,5.556445273966432,156.94175309096818
1786653971.9893894,2882,1,idle,idle,0.85,0.004240305017417397,0.013045849220086232,5.624637246357002,156.52163951634475
1786653972.0238423,2883,1,idle,idle,0.85,0.0048378825391696715,0.012736577894557335,5.685777809892163,156.34865687501124
1786653972.0568137,2884,1,idle,idle,0.85,0.004740427240310802,0.012389536549457653,5.70961815612361,156.115613303334
1786653972.1248784,2885,1,idle,idle,0.85,0.004595874995295626,0.011953794899281016,5.747305907674683,155.88814069229505
1786653972.16894,2886,1,idle,idle,0.85,0.0042133663804024115,0.010800253903586444,5.747651187518821,155.8098499489165
1786653972.2243357,2887,1,idle,idle,0.85,0.0042331060084205355,0.011327130058297614,5.763610204491253,155.8450236481414
1786653972.2684035,2888,1,idle,idle,0.85,0.004023840125104944,0.012392012246375867,5.784578459530072,155.40248430163902
1786653972.314609,2889,1,idle,idle,0.85,0.0041278427333449,0.013317090776064541,5.830776895231673,155.38828817102586
1786653972.3562784,2890,1,idle,idle,0.85,0.003786256699693794,0.013886696245827331,5.865487589896963,155.2890685575142
1786653972.4434767,2891,1,idle,idle,0.85,0.003333280324680887,0.012088701299798861,5.919363559710839,155.32142545281525
1786653972.4952695,2892,1,idle,idle,0.85,0.002915359804795757,0.012592693789625763,5.908952871542508,155.73914141832515
1786653972.5955446,2893,1,idle,idle,0.85,0.004036361393668083,0.012967233289261351,5.918835067373605,155.61632757547915
1786653972.653604,2894,1,idle,idle,0.85,0.005330191812451335,0.015287993924653206,5.978221580310145,155.73267562780524
1786653972.7167974,2895,1,standing,idle,0.75,0.006836470054061365,0.02095576025761516,5.927052385048434,156.47889178219856
1786653972.7608483,2896,1,standing,idle,0.75,0.008085762679203948,0.023416332628515855,5.880720097481795,156.47254326805825
1786653972.8379388,2897,1,standing,idle,0.75,0.007675917129931312,0.021973001223749664,5.798939141042993,156.53246654174694
1786653972.8738708,2898,1,standing,idle,0.75,0.010235559765671715,0.02424966496460261,5.757324720864128,157.32949464799225
1786653972.90724,2899,1,standing,standing,0.75,0.010396926716912733,0.025819623589791854,5.727134077110868,157.65820542312863
1786653972.982193,2900,1,standing,standing,0.75,0.010322156356940598,0.025609347087597028,5.694225527105144,157.94845029187542
1786653973.0151904,2901,1,standing,standing,0.75,0.011166072999558734,0.024795167740957635,5.60269340694062,157.99528920706376
1786653973.0495365,2902,1,standing,standing,0.75,0.010268428646360343,0.024534557831343718,5.559571209104017,158.4019984279774
1786653973.123997,2903,1,standing,standing,0.75,0.010182460889876972,0.023644099017630087,5.531738796411758,159.13740248630404
1786653973.185627,2904,1,idle,standing,0.85,0.008604582458925663,0.018160905514694233,5.467518792418,159.57059372782587
1786653973.2324655,2905,1,idle,standing,0.85,0.007771500959156715,0.01508141864595958,5.508533463659885,159.13098346234364
1786653973.3371649,2906,1,idle,standing,0.85,0.007938373564547817,0.014970988290279465,5.5835789309798045,159.0449053925562
1786653973.405333,2907,1,idle,standing,0.85,0.005125661798132886,0.014288349620195283,5.67440463017193,158.53449556474942
1786653973.5041783,2908,1,idle,idle,0.85,0.00503867157115477,0.012687149755514198,5.70181374291975,157.73373254593395
1786653973.5394995,2909,1,idle,idle,0.85,0.006323533818200883,0.013042087592145306,5.688282427397619,157.14614616243176
1786653973.5776622,2910,1,idle,idle,0.85,0.0059625368173979445,0.015176165581309273,5.62816927927249,156.43475505406764
1786653973.6129832,2911,1,idle,idle,0.85,0.0059469799753997295,0.014513013486798692,5.61532673021031,155.92815393423982
1786653973.65442,2912,1,idle,idle,0.85,0.005328622971003091,0.013757705851909018,5.625744526129952,155.3496236135958
1786653973.6897109,2913,1,idle,idle,0.85,0.005777939066196452,0.013471654578905494,5.62429204331676,154.89047566809754
1786653973.7231889,2914,1,idle,idle,0.85,0.007932349973413503,0.013741970295868803,5.580675964663686,154.41081791374978
1786653973.7670267,2915,1,idle,idle,0.85,0.007891385561929773,0.013267236831137924,5.52092480332238,154.1010414397105
1786653973.856463,2916,1,idle,idle,0.85,0.010314136365991489,0.018115727354992586,5.222400380587677,155.11644843164623
1786653973.8914905,2917,1,standing,idle,0.75,0.010783097799138323,0.020303499145970093,4.771984661409235,156.32010933336252
1786653973.9305239,2918,1,standing,idle,0.75,0.011002045017144472,0.02371748698615854,4.46139881131177,157.44806008980802
1786653973.9734259,2919,1,standing,idle,0.75,0.015090098229796033,0.025228130119115698,4.309475795219222,158.5574884051051
1786653974.0690558,2920,1,standing,idle,0.75,0.016696696741842883,0.029046734884840813,4.238312456418754,160.02597766668345
1786653974.1154153,2921,1,standing,standing,0.75,0.020473469869197847,0.029973549158791524,4.17003662985569,161.56131644682836
1786653974.1496153,2922,1,standing,standing,0.75,0.023785972910965958,0.030867280325618782,4.142613370226163,163.05133043858297
1786653974.2019598,2923,1,standing,standing,0.75,0.025056392725330542,0.0329954433461371,4.1738134387309795,164.607004851214
1786653974.2377768,2924,1,standing,standing,0.75,0.03376542730386538,0.0349858743278878,4.118266459335808,165.993954762976
1786653974.2917345,2925,1,standing,standing,0.75,0.03505640417853179,0.02916220491733444,4.113150843774592,167.46511656956346
1786653974.343515,2926,1,standing,standing,0.75,0.034977219700324545,0.027559500179555038,4.320530285479086,167.60309492125145
1786653974.382584,2927,1,standing,standing,0.75,0.0394702621508394,0.02815326293772597,4.438558068405788,167.80597958143568
1786653974.4214716,2928,1,standing,standing,0.75,0.04553005261434861,0.031679570073108704,4.308142332874827,168.33027233476815
1786653974.4558752,2929,1,standing,standing,0.75,0.04725998231093231,0.028955662571647493,4.018157981804332,168.5627823195228
1786653974.5557473,2930,1,standing,standing,0.75,0.0441248266226247,0.02995733427752981,3.6378930352487435,168.52693035053204
1786653974.5954082,2931,1,standing,standing,0.75,0.04075864798122874,0.029593370139549595,3.304707255522268,168.54142476259094
1786653974.653854,2932,1,standing,standing,0.75,0.03719645305080248,0.02691823492704895,2.907427003659796,168.38219402827286
1786653974.689096,2933,1,standing,standing,0.75,0.028578658359128255,0.025315734654293834,2.4598122993052334,168.05684725731177
1786653974.7225204,2934,1,standing,standing,0.75,0.025596883817674453,0.023827710555753005,2.1765763700533833,168.05301011494623
1786653974.7559564,2935,1,standing,standing,0.75,0.02642178021028897,0.02256973633826682,1.9006665110288103,168.05275831706118
1786653974.788878,2936,1,standing,standing,0.75,0.021040887600572985,0.02033455599176113,1.646865133287676,168.20635441651126
1786653974.8236415,2937,1,idle,standing,0.85,0.011335096477746475,0.013276172648746023,1.7007413619906628,168.46309167881716
1786653974.8833876,2938,1,idle,standing,0.85,0.009081634107425721,0.01279636716926387,1.877608479469664,168.52529404600972
1786653974.9589002,2939,1,idle,standing,0.85,0.008696832377314216,0.011377835815450496,2.0923552768939846,168.76317406647487
1786653974.9918694,2940,1,idle,standing,0.85,0.009437948944153632,0.011669243017609198,2.3469065158196907,169.00846788794155
1786653975.0450916,2941,1,idle,idle,0.85,0.010055240288672766,0.012082173992369985,2.580535829431011,169.0742348005212
1786653975.0947862,2942,1,idle,idle,0.85,0.010741550485365351,0.013001509453847463,2.782259326732324,169.10449382874083
1786653975.1432636,2943,1,idle,idle,0.85,0.010898147195797075,0.015237788995551914,2.950269199902472,169.22759263241647
1786653975.2211723,2944,1,idle,idle,0.85,0.01062066071990007,0.017234057596455705,3.06425798616477,169.2856766103532
1786653975.3716931,2945,1,idle,idle,0.85,0.010779684092304582,0.016544191222301788,3.1595431769552227,169.14458914826582
1786653975.411517,2946,1,idle,idle,0.85,0.009741140456847083,0.016783201550020745,3.3161471263677824,169.04778521499813
1786653975.447361,2947,1,idle,idle,0.85,0.008183541365495824,0.016881385541689817,3.449220717604534,168.7726792858867
1786653975.5237885,2948,1,idle,idle,0.85,0.007720616918307858,0.017553755103354284,3.5697056061661505,168.40962047992502
1786653975.5567648,2949,1,idle,idle,0.85,0.007193146964149797,0.016625361645893493,3.6817938484881316,167.9417434665649
1786653975.592732,2950,1,idle,idle,0.85,0.006951712976374843,0.017265212519002857,3.8839559810512974,167.6142308552806
1786653975.6810713,2951,1,idle,idle,0.85,0.006109889046018759,0.015782821687803473,4.0661294275323305,167.27011835896528
1786653975.7284708,2952,1,idle,idle,0.85,0.0053789017877353806,0.014264146924631139,4.250019572446595,167.22399873793057
1786653975.7832112,2953,1,idle,idle,0.85,0.004305723599682585,0.013007372118444736,4.427069247775812,167.0057507970181
1786653975.8331776,2954,1,idle,idle,0.85,0.003612897010100476,0.01201829988115554,4.573503320696516,166.7965796271244
1786653975.8679988,2955,1,idle,idle,0.85,0.0034517533117303786,0.012444521287269097,4.740116510437318,166.7888184977379
1786653975.9535184,2956,1,idle,idle,0.85,0.003695718691220512,0.012300937469430308,4.823257244840002,166.6711397287524
1786653976.0187166,2957,1,idle,idle,0.85,0.00340751985064283,0.011208956718127763,4.900808309865519,166.52011098513594
1786653976.0647318,2958,1,idle,idle,0.85,0.003182944533530018,0.010690560814685118,5.001749015734331,166.48055193819837
1786653976.1272485,2959,1,idle,idle,0.85,0.003389749924581775,0.00955106081312113,5.103282000197928,166.61933534132112
1786653976.158432,2960,1,idle,idle,0.85,0.004025543463194511,0.01045059386072298,5.054167009636612,166.75199430394608
1786653976.193467,2961,1,idle,idle,0.85,0.00494570865961861,0.010064342948661145,5.007788209813937,166.6892511308746
1786653976.2334156,2962,1,idle,idle,0.85,0.007402481013762773,0.01177911731738341,4.900504508274366,166.42501740782612
1786653976.3196726,2963,1,idle,idle,0.85,0.00752732194356704,0.010938871869325217,4.798822383471984,166.21877846833831
1786653976.37153,2964,1,idle,idle,0.85,0.012221152429085856,0.012536691278419462,4.557852714381896,166.07141983647193
1786653976.4058926,2965,1,standing,idle,0.75,0.016447760011607544,0.01467624576722022,4.302306087353764,165.90901085510788
1786653976.4414377,2966,1,standing,idle,0.75,0.016230925701700386,0.014299683520799522,4.064561309841335,165.70490553015716
1786653976.4783216,2967,1,standing,idle,0.75,0.02697196129960065,0.016479123527762166,3.764857923777891,165.92893646946902
1786653976.5337403,2968,1,standing,idle,0.75,0.029117843908869512,0.018577312376008456,3.4259334527857535,166.1618507041109
1786653976.5685682,2969,1,standing,standing,0.75,0.0319155444531126,0.018180522118972763,3.0979039197522007,166.33968603582426
1786653976.6016853,2970,1,standing,standing,0.75,0.034374209407638676,0.01914459319209261,2.79275198389639,166.34534854979597
1786653976.6355326,2971,1,standing,standing,0.75,0.034554676235873015,0.019887402640978352,2.4239940958665978,166.08313951816015
1786653976.6691396,2972,1,standing,standing,0.75,0.03684628625414263,0.027469159440655047,2.043395636122493,164.39947448581182
1786653976.7404938,2973,1,standing,standing,0.75,0.03504272134262301,0.03040286419560963,1.6425928611443308,160.63395034884783
1786653976.7763243,2974,1,standing,standing,0.75,0.03214888294926655,0.03998025191932213,1.4457234790918305,157.3454971500925
1786653976.8101592,2975,1,standing,standing,0.75,0.034120289688755495,0.05357802268806718,1.2547797876107931,155.6289521438569
1786653976.852116,2976,1,walking,standing,0.6,0.023414099510890598,0.06026425699886037,1.040531439803517,154.7903640290778
1786653976.8950093,2977,1,walking,standing,0.6,0.020994695886354622,0.0633597342130699,0.8338677587955647,153.9239784839864
1786653976.9298892,2978,1,walking,standing,0.6,0.019395736204970586,0.06466043502787452,0.6684927305284251,152.94930627202453
1786653976.9792023,2979,1,walking,standing,0.6,0.017138897355237916,0.06359959473023506,0.575876769311418,151.85234445091226
1786653977.0155864,2980,1,walking,walking,0.6,0.01511097257202754,0.06198945317261294,0.5098002408421466,150.6102415806811
1786653977.0496652,2981,1,standing,walking,0.75,0.012831192707226219,0.05469511386623582,0.5463417639856092,149.9631837698996
1786653977.084324,2982,1,standing,walking,0.75,0.010506580008789493,0.04985232978577866,0.6484498221370851,150.60459140071333
1786653977.1181138,2983,1,standing,walking,0.75,0.009524477540547057,0.03822184221080957,0.7770222553729672,153.44034672785403
1786653977.1596146,2984,1,standing,walking,0.75,0.007997609606410555,0.024871979652666316,0.8072066706797154,155.7390133050216
1786653977.2067792,2985,1,idle,standing,0.85,0.008203516773478074,0.016611021441359706,0.7651259777985878,156.55511032756107
1786653977.2717187,2986,1,idle,standing,0.85,0.007549722296248502,0.011515161984367785,0.7723465703678573,156.48847877016675
1786653977.3076134,2987,1,idle,standing,0.85,0.005574332036338565,0.009932650591998523,0.786298609392005,156.16277574668916
1786653977.3413358,2988,1,idle,standing,0.85,0.004826563018079554,0.010759323331611613,0.7648534183914344,155.71296096803752
1786653977.409742,2989,1,idle,idle,0.85,0.005012310609281833,0.009598032834725557,0.6789832990588633,155.43693760229218
1786653977.4497678,2990,1,idle,idle,0.85,0.004788148033831674,0.010034745819256887,0.593099743868889,155.4547830053383
1786653977.5031586,2991,1,idle,idle,0.85,0.00481271328926872,0.009903942200735892,0.4707529846343369,155.29059491071334
1786653977.5572999,2992,1,idle,idle,0.85,0.00545926049595394,0.010352752995751693,0.4335648425070618,155.49420098032365
1786653977.605855,2993,1,idle,idle,0.85,0.005292440732809066,0.010332640861966128,0.3398858752682227,155.45940540345728
1786653977.6510181,2994,1,idle,idle,0.85,0.008947513872802678,0.011456453071051429,0.3240305029575573,154.913068631336
1786653977.7115448,2995,1,idle,idle,0.85,0.010327948641422662,0.017356023642557464,0.40491908432835755,154.46874978453457
1786653977.757283,2996,1,standing,idle,0.75,0.014968541569243968,0.025060429186410563,0.5004881243755823,154.70938245950677
1786653977.8238518,2997,1,standing,idle,0.75,0.014523969294455957,0.024072042229682004,0.616454130628165,154.88199422843942
1786653977.8641553,2998,1,standing,idle,0.75,0.02640190570251329,0.0391542486509648,0.9163144621191179,156.43611800256122
1786653977.9050825,2999,1,standing,idle,0.75,0.033474608227074466,0.044365110716748035,0.9652674125272045,158.06717175010695
1786653977.951325,3000,1,standing,standing,0.75,0.04756342467909325,0.052307924859524985,1.036571484180953,159.218744239138
1786653978.0190046,3001,1,standing,standing,0.75,0.047534562868638726,0.05190455884075462,1.108366948671594,160.37858691399904
1786653978.063588,3002,1,walking,standing,0.6,0.07258885596688844,0.07523765631816352,1.0988282037318482,159.61260151375402
1786653978.1364398,3003,1,walking,standing,0.6,0.07766083598876211,0.07944591611503021,1.3103976981359253,158.35779266831372
1786653978.1777523,3004,1,walking,standing,0.6,0.08582023132572209,0.08396821763191675,1.5561355207123264,158.52604096743963
1786653978.2501037,3005,1,walking,standing,0.6,0.0892004183865366,0.0841310279475263,1.6351233077959926,159.61455503611185
1786653978.2867393,3006,1,walking,walking,0.6,0.0895094816209428,0.08560173755446537,1.646445072427931,160.18356827475955
1786653978.3765411,3007,1,walking,walking,0.6,0.09479728797396896,0.09840017688953565,1.733934800728272,161.44115104001233
1786653978.431783,3008,1,walking,walking,0.6,0.09463815711803555,0.10576594931510923,1.8961859862372794,161.74061954747177
1786653978.4840999,3009,1,walking,walking,0.6,0.07984059238082529,0.09741007274344111,2.309943184554206,161.97859875954433
1786653978.5177555,3010,1,walking,walking,0.6359339934366259,0.09582046522592527,0.11446811881859266,2.97913846257728,162.74498483502575
1786653978.656774,3011,1,walking,walking,0.6,0.08224172643207121,0.09362365702926902,3.9665965747477934,163.21317302868243
1786653978.7562225,3012,1,walking,walking,0.6,0.0857323622071014,0.08857014436112863,5.042307088572871,165.45142356684613
1786653978.7914493,3013,1,walking,walking,0.6,0.08437031873811128,0.0801525314340767,6.193407836789741,167.86872892309268
1786653978.8411953,3014,1,walking,walking,0.6,0.08708954695703038,0.07635497925660113,7.339241125035427,169.86174036176658
1786653978.876984,3015,1,walking,walking,0.6,0.09393400721180667,0.07728001318688468,8.51442175805978,170.79723973815996
1786653978.9231637,3016,1,walking,walking,0.6,0.08050798404596954,0.05134724958476164,10.030584776972082,171.43909556363593
1786653978.964975,3017,1,standing,walking,0.75,0.07623503786173848,0.041215357644420275,11.708750694998376,171.53507607815447
1786653979.0126693,3018,1,walking,walking,0.6,0.08146996388414737,0.044347857937618626,13.657118095554633,171.21323058034926
1786653979.0647874,3019,1,standing,walking,0.75,0.07160619884619987,0.03251210408353011,15.665441203394241,171.1966689643329
1786653979.1006646,3020,1,standing,walking,0.75,0.0642509242966209,0.03430837599886371,17.019642927533674,171.38124800166912
1786653979.1401753,3021,1,standing,walking,0.75,0.05228934973322968,0.0380538894699265,18.362987079124913,172.08701378719348
1786653979.193725,3022,1,standing,standing,0.75,0.04525018064147543,0.04029616250354085,20.11346132254265,172.4080716285361
1786653979.2514358,3023,1,standing,standing,0.75,0.04037311743554759,0.04217958948242509,21.584341883663598,172.9811919182283
1786653979.3308754,3024,1,standing,standing,0.75,0.039169552324754914,0.03962949828913323,23.13558388014907,172.8795718726892
1786653979.3773332,3025,1,standing,standing,0.75,0.03457842728684976,0.03739705614872019,24.764766346675483,172.75016134270768
1786653979.4117117,3026,1,standing,standing,0.75,0.050175054754946866,0.05196065615507492,25.90017238780921,172.9848909274711
1786653979.4660108,3027,1,walking,standing,0.6,0.04540755569217349,0.06270388690679857,26.412358079965777,172.51910522662317
1786653979.5607326,3028,1,walking,standing,0.6,0.039920470792787925,0.07547573382270209,25.72977626578173,171.75900689874712
1786653979.595625,3029,1,walking,standing,0.6,0.03584813560924817,0.07172880033525283,25.026432232216077,170.614150275002
1786653979.6305375,3030,1,walking,standing,0.6,0.03597065229950481,0.08837550074290429,24.403774201551276,169.43351264386135
1786653979.6700432,3031,1,walking,walking,0.6,0.044010692340350814,0.08654049722950294,23.13370852335803,168.4896497063227
1786653979.718379,3032,1,walking,walking,0.6,0.03918560102906224,0.08203818825073426,21.34056609309045,167.85467133502192
1786653979.826177,3033,1,walking,walking,0.6,0.038564994255249424,0.09270364797940472,19.46647636252601,166.81229950511803
1786653979.8900316,3034,1,walking,walking,0.6,0.042736176365901726,0.10487034371227374,17.704955954825767,166.23121695468927
1786653979.942422,3035,1,walking,walking,0.6,0.02763686663455584,0.09137745400468184,15.920877473034409,164.82100582176784
1786653979.9875782,3036,1,walking,walking,0.6,0.03422361615328254,0.09468215261939601,14.344114477412983,162.81160468176708
1786653980.100789,3037,1,walking,walking,0.6,0.04245091860129978,0.08117713339751659,13.272094771505305,160.56640232237265
1786653980.1982434,3038,1,walking,walking,0.6,0.04292865553676584,0.08066842131970307,12.89182997306096,158.50227221516107
1786653980.2338963,3039,1,walking,walking,0.6,0.0458642255510702,0.06702003040611648,13.392385049110647,156.29699146447143
1786653980.267861,3040,1,walking,walking,0.6,0.03722956114910518,0.06595391540688096,14.231478980916995,153.89539189058024
1786653980.3250787,3041,1,walking,walking,0.6,0.04605242509348542,0.07487739658334294,14.492069313590857,152.37653170363603
1786653980.4276614,3042,1,walking,walking,0.6,0.04270574503684098,0.06628101174132522,14.725001198699214,151.19795251254146
1786653980.4690514,3043,1,standing,walking,0.75,0.04322513799331556,0.057381246943631475,15.595305593992714,151.07990212519843
1786653980.523145,3044,1,standing,walking,0.75,0.04105901716098963,0.058347018108513934,16.179858204857048,150.4177498903462
1786653980.6368058,3045,1,standing,walking,0.75,0.03459702987845986,0.042816621855213094,16.83334676670864,150.61546447162434
1786653980.6766198,3046,1,standing,walking,0.75,0.030705565664691077,0.040369923137841365,17.834866210833248,151.50996920032702
1786653980.7467737,3047,1,standing,standing,0.75,0.02998964155909047,0.040154956262181636,18.668298164688128,153.23461504324013
1786653980.7876766,3048,1,standing,standing,0.75,0.029652047803904482,0.037795320940484746,19.076859082723576,156.13191630206535
1786653980.8232913,3049,1,standing,standing,0.75,0.029244029996297667,0.03726530178450696,18.65770537640594,159.15711189532075
1786653980.8600376,3050,1,standing,standing,0.75,0.0265663653070788,0.031975993409376895,18.07554377132383,161.49335396619404
1786653980.897404,3051,1,standing,standing,0.75,0.029855869207454436,0.037814768415300765,18.43068271378168,162.1803449449925
1786653980.954466,3052,1,standing,standing,0.75,0.03827632637108896,0.039670640064053506,18.344746827066114,162.13241087607005
1786653980.990938,3053,1,standing,standing,0.75,0.05266595383286369,0.04237093001434264,16.736371742300577,160.1364941789556
1786653981.051666,3054,1,standing,standing,0.75,0.05891026632003712,0.049839558473476785,15.039820097204231,159.42199861260704
1786653981.0858238,3055,1,standing,standing,0.75,0.05737144058157869,0.05062508929458639,13.286044001400484,157.79998468228158
1786653981.1370285,3056,1,standing,standing,0.75,0.05725579735586808,0.05118789198464592,11.166363853259883,155.8907852715402
1786653981.1846507,3057,1,walking,standing,0.6,0.06305661395317999,0.062116221950073616,9.105486307649242,153.1222862480912
1786653981.2191036,3058,1,walking,standing,0.6,0.06588557480864693,0.07312996273636296,7.438966955551727,149.27034554783287
1786653981.280857,3059,1,walking,standing,0.6,0.06372871895569207,0.07680973017257903,5.914328468468707,145.74297561277325
1786653981.316386,3060,1,walking,standing,0.6,0.06514933522112472,0.07455586721407947,4.4914392361477695,145.2478012115711
1786653981.423902,3061,1,walking,walking,0.6,0.06040006770118232,0.0812271463304441,2.8873702481250385,146.63465589151173
1786653981.4993637,3062,1,walking,walking,0.6,0.04517623036505145,0.07498038250936041,1.799156071290799,148.37778799875582
1786653981.542454,3063,1,walking,walking,0.6,0.05693914185998572,0.08866097625375535,1.8169512810065886,151.41927485696002
1786653981.589585,3064,1,walking,walking,0.6,0.06306385117538663,0.09880127322668081,1.7744620186851285,153.37893255005753
1786653981.6342316,3065,1,walking,walking,0.6,0.06355171829740626,0.09767881170638265,1.7244106876521705,156.22726574350622
1786653981.7102084,3066,1,walking,walking,0.6518522009592128,0.07727017839553857,0.1173333961726583,1.6254649886120116,159.55420422563503
1786653981.7526193,3067,1,walking,walking,0.6743046699924911,0.08763854815943892,0.12137484059864839,1.6560127373856695,163.83685440601124
1786653981.8159304,3068,1,walking,walking,0.6274973997479872,0.08323267516281267,0.1129495319546377,1.7011493979734786,168.22370566525632
1786653981.8703547,3069,1,walking,walking,0.688213383504963,0.09304394349670488,0.12387840903089331,1.5392358280542786,171.7802773439849
1786653981.9173534,3070,1,walking,walking,0.7273441131656327,0.12990039490257116,0.1309219403698139,1.9014773050428644,173.54713153055064
1786653981.9524279,3071,1,walking,walking,0.7891651878850147,0.14628557135327874,0.14204973381930264,2.8519580808492404,173.44563164413006
1786653981.9901834,3072,1,walking,walking,0.666534340299156,0.12786647718591293,0.11997618125384808,3.783493397530519,173.3423252248467
1786653982.037257,3073,1,walking,walking,0.8349777944233291,0.14878423397731635,0.15029600299619922,4.8479326468819615,172.96005514896154
1786653982.0742464,3074,1,walking,walking,0.9592343158936067,0.15543936668583322,0.1726621768608492,5.749436996976224,171.31657536448736
1786653982.1145196,3075,1,walking,walking,0.8416299791420198,0.13809558130694494,0.15149339624556354,6.431837342850781,169.04749114034888
1786653982.151372,3076,1,walking,walking,0.824498815681161,0.12659289346443037,0.14840978682260897,6.97066806083815,166.66294227639634
1786653982.1867776,3077,1,walking,walking,0.8618639325240841,0.13048630202552733,0.15513550785433514,7.048961635893948,165.07056829320874
1786653982.2376926,3078,1,walking,walking,0.807855062768183,0.11616813406606356,0.1454139112982729,7.100333311934582,163.9108250612384
1786653982.2730567,3079,1,walking,walking,0.7882232601966267,0.07775591481200554,0.1418801868353928,6.939028277030299,163.61560211889932
1786653982.3077927,3080,1,walking,walking,0.7197325454134839,0.061183745411309526,0.1295518581744271,6.286238462909644,162.75651799264517
1786653982.3526192,3081,1,walking,walking,0.7979847813945549,0.07088083054972533,0.14363726065101987,5.3395432902171205,162.2300916800785
1786653982.3889353,3082,1,walking,walking,0.6,0.04292124763418151,0.10391157836690702,4.469185943725373,162.03152106715538
1786653982.4506779,3083,1,walking,walking,0.6,0.04096828511690285,0.08187354285914945,3.5783613473357305,162.53461216074538
1786653982.501899,3084,1,walking,walking,0.6,0.03998228252868067,0.06850326964830214,3.1612253395471903,163.98317032316083
1786653982.5420532,3085,1,standing,walking,0.75,0.04222809222801479,0.05657154464187231,3.1845966733062676,165.63613692989458
1786653982.5939744,3086,1,standing,walking,0.75,0.04103373128502856,0.05171194700468661,3.3418627966047105,167.06057207508744
1786653982.641564,3087,1,standing,walking,0.75,0.03988503292176915,0.04486564228601739,3.8576605133086943,167.68863685192247
1786653982.6834161,3088,1,standing,walking,0.75,0.03436555238122556,0.03364696642912008,4.393902579558819,167.88253550720776
1786653982.7324297,3089,1,standing,standing,0.75,0.03456262540383047,0.034253420447721186,5.096057015225292,167.54849536381
1786653982.7667654,3090,1,standing,standing,0.75,0.026163410455530844,0.02135675944134498,5.939721877415561,167.3585380814435
1786653982.8190005,3091,1,standing,standing,0.75,0.023275648302156525,0.018200739665092405,6.62920759484351,167.0898927918073
1786653982.8625875,3092,1,standing,standing,0.75,0.021675792518733687,0.018674611729336613,7.3809406242597735,166.57605712552098
1786653982.9328773,3093,1,standing,standing,0.75,0.017469953823604552,0.018435019005885733,7.866544179708077,165.77829968420502
1786653983.0182905,3094,1,idle,standing,0.85,0.014827326213391846,0.01836946804081984,8.391744179344682,165.74545096876534
1786653983.0754952,3095,1,idle,standing,0.85,0.011671447977979997,0.01612024262728728,8.674565541776264,166.1420321142289
1786653983.1654716,3096,1,idle,standing,0.85,0.01437099195420044,0.017668332437445818,8.93628310131412,166.56073886266918
1786653983.2704322,3097,1,idle,standing,0.85,0.01490554807007579,0.013720631789817452,9.16404689799277,166.92355198141422
1786653983.3774433,3098,1,standing,idle,0.75,0.01670285098987681,0.014070258306990109,9.461975628616008,167.4207841782897
1786653983.4211576,3099,1,standing,idle,0.75,0.01542406493031423,0.012366479745862176,9.766666561053373,168.12551563727237
1786653983.4521096,3100,1,idle,idle,0.85,0.014530273441317739,0.013288549508046008,9.89703359094523,168.44688421008567
1786653983.5558903,3101,1,idle,idle,0.85,0.011194638366581357,0.013428271171472406,10.074768330311606,168.97130370123185
1786653983.6040168,3102,1,idle,idle,0.85,0.010992765393726282,0.012629382861426421,10.123519640396115,169.33201406150314
1786653983.6693494,3103,1,idle,idle,0.85,0.010328062587277611,0.013259182409264835,10.215831376850359,169.94741158537093
1786653983.782574,3104,1,idle,idle,0.85,0.010693253391491244,0.014090186125609984,10.148641691795362,170.1577856124016
1786653983.8249207,3105,1,idle,idle,0.85,0.007606943718613558,0.012311750245666454,10.111807321159768,170.16728870936183
1786653983.862394,3106,1,idle,idle,0.85,0.0060890124099621705,0.01290973587909177,10.110055189354823,170.22160537407495
1786653983.9095,3107,1,idle,idle,0.85,0.004143079143450023,0.012702272837776377,10.185766045770292,170.03322555257324
1786653983.9445546,3108,1,idle,idle,0.85,0.004536604647847806,0.01398429533599626,10.196323683728936,169.87502596206323
1786653983.9788094,3109,1,idle,idle,0.85,0.0046521316740816675,0.013231280286281323,10.246196148459555,169.7300570306547
1786653984.0309064,3110,1,idle,idle,0.85,0.005688951471611793,0.012799184874201905,10.317119841271895,169.70135422399076
1786653984.214138,3111,1,idle,idle,0.85,0.005552239350558993,0.014616604826400283,10.403356989899653,169.4283637514456
1786653984.2526546,3112,1,idle,idle,0.85,0.005442160223861237,0.014200659246938434,10.4723053282476,169.51840042974183
1786653984.2878976,3113,1,idle,idle,0.85,0.005294379171534917,0.014305979327170775,10.56151089485903,169.2272945309722
1786653984.3393788,3114,1,idle,idle,0.85,0.004943047131544826,0.014398920656277656,10.692963186043311,169.01262394255912
1786653984.3855298,3115,1,idle,idle,0.85,0.004972159860665184,0.013820308432371444,10.79365910152342,168.91311726017335
1786653984.4217973,3116,1,idle,idle,0.85,0.005290965450152852,0.012827342018164054,10.943024896724086,168.5586868082455
1786653984.4552565,3117,1,idle,idle,0.85,0.005065069117232177,0.011743310479857983,11.03611497674156,168.34948151617186
1786653984.489186,3118,1,idle,idle,0.85,0.0056028231579362655,0.010891620486147814,11.123488042541043,168.07050143579747
1786653984.5522144,3119,1,idle,idle,0.85,0.004620728317323428,0.010317503927174182,11.199295341202827,167.7860612065635
1786653984.587957,3120,1,idle,idle,0.85,0.004896649329167763,0.00914266897815242,11.30137341506801,167.67557653124157
1786653984.6563914,3121,1,idle,idle,0.85,0.004926230960292649,0.008387940718307342,11.337908004342014,167.74384053291467
1786653984.6917062,3122,1,idle,idle,0.85,0.004930149154647722,0.009025261802717323,11.378561460451126,167.46402908590454
1786653984.7233944,3123,1,idle,idle,0.85,0.004800439243392348,0.009698304468142377,11.400894353659286,167.46340733614076
1786653984.774099,3124,1,idle,idle,0.85,0.004575084819105004,0.009827402425839944,11.398788069972616,167.49834883477325
1786653984.8096025,3125,1,idle,idle,0.85,0.004097125603426167,0.010206613534648256,11.446025742755968,167.53029061517955
1786653984.8451562,3126,1,idle,idle,0.85,0.004190598344981931,0.00997504107377074,11.435926924598636,167.63544002916342
1786653984.8785763,3127,1,idle,idle,0.85,0.00385433458605366,0.01056954303094642,11.443191251084116,167.7927442436707
1786653984.9480329,3128,1,idle,idle,0.85,0.0038062548752324185,0.010970931897908662,11.408314479480147,167.81338301247473
1786653985.0096998,3129,1,idle,idle,0.85,0.0036852204274055067,0.010540862704383024,11.42394759427778,167.87079555749258
1786653985.055492,3130,1,idle,idle,0.85,0.0034412603572735244,0.01023285762371105,11.443345678924002,167.85649518399654
1786653985.088394,3131,1,idle,idle,0.85,0.0035348282873928602,0.009167611110153857,11.511276109874073,167.78704197735428
1786653985.1209269,3132,1,idle,idle,0.85,0.003346917443122332,0.010142929023901653,11.56583811754236,167.99885942692524
1786653985.1642992,3133,1,idle,idle,0.85,0.0036747697044911664,0.011092905144426101,11.651652229195946,168.0350248101429
1786653985.21617,3134,1,idle,idle,0.85,0.004167564594916264,0.010651087173529767,11.720681416505656,167.99654422802172
1786653985.249488,3135,1,idle,idle,0.85,0.003845533283852074,0.01099779820574312,11.782803399647468,168.01398431619052
1786653985.2900128,3136,1,idle,idle,0.85,0.003746674088442619,0.01089879904959012,11.861486896387735,168.15191082984853
1786653985.3444278,3137,1,idle,idle,0.85,0.0037069491177987163,0.010777023792142461,11.87672238146387,168.30464951302946
1786653985.3782732,3138,1,idle,idle,0.85,0.0032464438173482515,0.010617595236839108,11.95815047428857,168.55923733207342
1786653985.421403,3139,1,idle,idle,0.85,0.003111832886892619,0.011575237337481,11.94881162876055,168.44525334279678
1786653985.4800339,3140,1,idle,idle,0.85,0.002850403424252307,0.01209970330028879,11.905592676566872,168.2318824105458
1786653985.5214376,3141,1,idle,idle,0.85,0.00355565230942656,0.010733990670420298,11.825241210682403,168.253852853745
1786653985.553672,3142,1,idle,idle,0.85,0.0032800774792934523,0.009473158137696079,11.76376497336912,168.09718170093387
1786653985.6303625,3143,1,idle,idle,0.85,0.0028922760776078004,0.009677915504493907,11.672584215862809,168.06270663256154
1786653985.6741457,3144,1,idle,idle,0.85,0.0030546563512457553,0.010468518091999876,11.59512615308525,168.23845409309192
1786653985.717907,3145,1,idle,idle,0.85,0.0033780911267219174,0.010713343164400878,11.483835376385295,168.0954648293541
1786653985.752229,3146,1,idle,idle,0.85,0.004389351013017813,0.011829089284172683,11.380561237511895,167.8392108335889
1786653985.7865553,3147,1,idle,idle,0.85,0.004817067390758168,0.011000936923883549,11.231934916792206,167.6270791503723
1786653985.8565993,3148,1,idle,idle,0.85,0.005666986046257748,0.010929645181265326,11.047502728107336,167.43012397389077
1786653985.8943288,3149,1,idle,idle,0.85,0.005908219765768091,0.010040983887887357,10.89062640555451,167.55623996067456
1786653985.9396145,3150,1,idle,idle,0.85,0.007923860234317317,0.010381859596991326,10.67612601096501,167.632569214855
1786653985.9819188,3151,1,idle,idle,0.85,0.013852848481285075,0.011301321791226816,10.482315069715783,167.68026012934592
1786653986.0165691,3152,1,idle,idle,0.85,0.013817562433331175,0.011928678132847873,10.271709380995242,167.79553589432328
1786653986.0852137,3153,1,standing,idle,0.75,0.018868197445852726,0.013294748515517464,10.000130061561167,168.12589620103648
1786653986.125265,3154,1,standing,idle,0.75,0.018889511849186316,0.012931082723204724,9.724315277256206,168.24773721642114
1786653986.1680489,3155,1,standing,idle,0.75,0.020526239495167617,0.013461524505524586,9.284202186739316,168.7412969740434
1786653986.2572308,3156,1,standing,idle,0.75,0.020285807535769654,0.014608284721723798,8.851183508873698,169.06438037668332
1786653986.3252199,3157,1,standing,standing,0.75,0.021241241211132935,0.0153106819219452,8.411562389033415,169.19216821299943
1786653986.3962307,3158,1,standing,standing,0.75,0.021519827238497543,0.01521527411232674,7.980299176018088,169.26703820893297
1786653986.43317,3159,1,standing,standing,0.75,0.019496672353033876,0.015351380590166407,7.664285859389923,169.25173120176595
1786653986.4746165,3160,1,idle,standing,0.85,0.01389616880283754,0.014170442497486039,7.438141403027525,169.4346989269383
1786653986.5758321,3161,1,idle,standing,0.85,0.014233379861383134,0.014063868280934998,7.247245511720694,169.42802178675305
1786653986.6189833,3162,1,idle,standing,0.85,0.009309445472614915,0.011181862009537656,7.082814901248808,169.25780661459248
1786653986.6534996,3163,1,idle,standing,0.85,0.009470368105737498,0.011978012552268073,7.063635642328508,169.00316338699614
1786653986.6903625,3164,1,idle,idle,0.85,0.0067970688112051,0.010875912317732099,7.002191205747307,168.637754009222
1786653986.736477,3165,1,idle,idle,0.85,0.0071113920878295815,0.010593731504114384,7.139834211873227,168.1981274353107
1786653986.7682517,3166,1,idle,idle,0.85,0.005802918378055517,0.00897902483391478,7.301081466131791,167.82851192700085
1786653986.8124096,3167,1,idle,idle,0.85,0.00526531889560793,0.00892657439157724,7.527264105278441,167.65818807466889
1786653986.8529253,3168,1,idle,idle,0.85,0.005440963288011316,0.008360889729382506,7.792812264462126,167.63706154375376
1786653986.9144008,3169,1,idle,idle,0.85,0.00608268593593799,0.00831981709664645,7.988929918938082,167.53996254399806
1786653986.9631538,3170,1,idle,idle,0.85,0.007089344176600537,0.009903029747035899,8.051807894010295,166.20675343766243
1786653987.0050073,3171,1,idle,idle,0.85,0.009177804569895512,0.012722746568423446,7.983794804823253,165.00650402356058
1786653987.039972,3172,1,idle,idle,0.85,0.011579710340799777,0.014570943956238385,7.539235894658747,163.99810525853945
1786653987.1858318,3173,1,standing,idle,0.75,0.021407190026576085,0.01745699853646622,6.929023760004563,163.56527181859184
1786653987.219271,3174,1,standing,idle,0.75,0.03342344176127001,0.03436479864198854,6.182663753338522,163.4657740075342
1786653987.2642853,3175,1,standing,idle,0.75,0.03309733117557729,0.03514546551361167,5.377015495643569,163.42533905876095
1786653987.3367264,3176,1,standing,idle,0.75,0.061637320370874264,0.05747490343031409,4.682048114561849,162.68278208210828
1786653987.4070997,3177,1,walking,standing,0.6,0.07118526275340671,0.08020049555286615,4.030736448098976,160.6743338188806
1786653987.4393566,3178,1,walking,standing,0.6,0.07048539448177277,0.08082368474911429,3.3829631344630293,158.57678984629734
1786653987.4935956,3179,1,walking,standing,0.64304988004096,0.09385828932733885,0.1157489784073728,2.688124039400538,156.63806915907287
1786653987.575948,3180,1,walking,standing,0.7926441123468918,0.10390882134452159,0.1426759402224405,1.9578616268262217,158.06738279235324
1786653987.6121376,3181,1,walking,walking,0.8503982211157687,0.11651719607741556,0.15307167980083836,1.2962303064858376,160.28433658061036
1786653987.6476128,3182,1,walking,walking,0.8643614714651262,0.11820339973573551,0.1555850648637227,0.9963122710123755,161.55139318979036
1786653987.6822052,3183,1,walking,walking,0.7681969000342638,0.10588700590528527,0.13827544200616748,0.7802500815954129,162.12375855953445
1786653987.7478604,3184,1,walking,walking,0.8486357895750154,0.13108594055609896,0.15275444212350275,0.7656950160732652,160.92068546025615
1786653987.7857099,3185,1,walking,walking,0.7713627895062759,0.11135224537176877,0.13884530211112966,0.9496907635405284,158.80960756705684
1786653987.8222382,3186,1,walking,walking,0.6431096944939588,0.10135998131992646,0.11575974500891258,1.0038865791912364,157.38384433973619
1786653987.856928,3187,1,walking,walking,0.8539100280214095,0.12462078976876473,0.1537038050438537,1.0438678282250566,159.01681056887136
1786653987.9001033,3188,1,walking,walking,0.720411889204916,0.1136907013042837,0.12967414005688488,1.126426765601065,161.49567623986863
1786653987.9411857,3189,1,walking,walking,0.641631763901385,0.11617386892635254,0.1154937175022493,1.2229623828558607,163.89693903439195
1786653987.9741743,3190,1,walking,walking,0.6,0.10060194135168844,0.1029302795659596,1.4563192184912008,164.20336469483155
1786653988.0067918,3191,1,walking,walking,0.6,0.11145986065758635,0.10167173384504569,1.8981883770896761,162.71792864655362
1786653988.040534,3192,1,walking,walking,0.610195412359234,0.12120995910939042,0.10983517422466213,2.3947693795437965,161.6347994078269
1786653988.0774224,3193,1,walking,walking,0.6,0.10278136280898907,0.10203710554953851,3.084181758407687,159.9891790546695
1786653988.1502407,3194,1,walking,walking,0.6,0.10085624610180083,0.10748640865742215,3.8092975951361945,160.46454270650963
1786653988.1844544,3195,1,walking,walking,0.6589308123379659,0.10606831574003123,0.11860754622083386,4.5449356044309726,162.74871473311666
1786653988.2199235,3196,1,walking,walking,0.6,0.08447811698586269,0.09372710385678823,5.669785872102153,165.67307769367477
1786653988.2699487,3197,1,walking,walking,0.6,0.07081845458922302,0.08183678360012468,6.755407766250089,166.71534541678596
1786653988.3173609,3198,1,walking,walking,0.6,0.06604873298431123,0.07623964556595039,7.748509322606715,167.11795630120983
1786653988.3670151,3199,1,walking,walking,0.6,0.07094550851376592,0.08916817324339658,8.349879080364536,167.66426451628814
1786653988.4018018,3200,1,walking,walking,0.6,0.05139845002425683,0.10246195095096716,8.485952335492428,167.03385467443962
1786653988.4510136,3201,1,walking,walking,0.6,0.042710362079940827,0.10294435242375914,8.35319381811684,167.24459188810872
1786653988.5075824,3202,1,walking,walking,0.6,0.037665118623540196,0.10704100481408553,8.18215597856238,167.7533792976724
1786653988.57494,3203,1,walking,walking,0.6,0.035860758758140314,0.10783227979106207,7.78457635563278,169.63374693821478
1786653988.636526,3204,1,walking,walking,0.6237417283440125,0.03861020103101607,0.11227351110192225,7.523018538632286,170.70898204393447
1786653988.685914,3205,1,walking,walking,0.6190495717434813,0.040342396962238326,0.11142892291382663,7.147112176143217,171.2511176147205
1786653988.729646,3206,1,walking,walking,0.6999703469051192,0.047147827514277416,0.12599466244292143,6.563434763468647,171.3213382510095
1786653988.765357,3207,1,walking,walking,0.6701441019940472,0.0434083546911355,0.12062593835892849,5.984841842284796,170.82323212535098
1786653988.8179913,3208,1,walking,walking,0.6588215087259888,0.047284546804835584,0.11858787157067797,5.649499346439854,169.48636265556928
1786653988.8703644,3209,1,walking,walking,0.6178500478374706,0.05430665934351769,0.11121300861074469,5.832178965636811,166.3858144468814
1786653988.9061975,3210,1,walking,walking,0.6883372188021252,0.05977289681984989,0.12390069938438253,6.3471461392253214,165.3253951804942
1786653988.9535663,3211,1,walking,walking,0.7399542389940823,0.06973064623911124,0.13319176301893482,6.758224064119387,165.6672937815844
1786653988.9984474,3212,1,walking,walking,0.720758104837827,0.07741207233120545,0.12973645887080887,6.605799014094754,166.44227765562943
1786653989.0500026,3213,1,walking,walking,0.6647612470962775,0.087892422255469,0.11965702447732994,6.419007558647268,165.8237306201541
1786653989.0880268,3214,1,walking,walking,0.6190311157388299,0.09921083919172827,0.11142560083298937,5.9865493496395965,164.69553770739412
1786653989.1201034,3215,1,walking,walking,0.6,0.10850841503577115,0.1050887828094235,5.5063649971891895,162.2787917843418
1786653989.1545436,3216,1,walking,walking,0.6877030182119168,0.11786357648511538,0.12378654327814503,4.851840652089367,159.18741302019976
1786653989.2110488,3217,1,walking,walking,0.7637145482246437,0.12656251866437443,0.13746861868043586,4.181220638195601,156.811933361075
1786653989.265859,3218,1,walking,walking,0.854953301505858,0.1328404989844194,0.15389159427105442,3.315158965996582,155.95705367098077
1786653989.3006742,3219,1,walking,walking,0.8771039171631427,0.14058785595859571,0.1578787050893657,2.3660808229437054,158.55480805840594
1786653989.3509476,3220,1,walking,walking,0.8263028454140672,0.1442992073971017,0.14873451217453207,1.8425440767688304,159.8827409807443
1786653989.408465,3221,1,walking,walking,1.0,0.14980249727556635,0.23967413664883314,1.6768815030428894,158.29946319928163
1786653989.451881,3222,1,walking,walking,1.0,0.14656735453711536,0.3299331230397607,2.0426436267086308,155.6901187962182
1786653989.4874878,3223,1,walking,walking,1.0,0.14720703690840142,0.3537058919002926,2.4995021914820112,152.9552112053516
1786653989.5219436,3224,1,walking,walking,1.0,0.1607630873069627,0.37252757802167014,2.95170083212673,152.95153978134073
1786653989.5847194,3225,1,walking,walking,1.0,0.1453671652127988,0.3506189209296615,3.421255629307089,153.84049177867772
1786653989.6249251,3226,1,walking,walking,1.0,0.14421451374684935,0.3514695465432447,3.7668884542014625,155.28643561549316
1786653989.6615968,3227,1,walking,walking,1.0,0.14169442764145695,0.3452108870469567,4.232593596170351,157.0394463385939
1786653989.8157191,3228,1,walking,walking,1.0,0.14112697863805093,0.330694954737285,4.6143819440370875,158.13063579309076
1786653989.864025,3229,1,walking,walking,1.0,0.1455709681255746,0.33528287475404844,4.6800887879907656,156.6030107745309
1786653989.8993566,3230,1,walking,walking,1.0,0.1414497199010375,0.23531778947268153,5.086838554526351,155.9673713177752
1786653989.990286,3231,1,walking,walking,0.7991679981689418,0.14564645620324992,0.14385023967040952,5.844773396823589,156.94095886197653
1786653990.0270157,3232,1,walking,walking,0.6664491516965124,0.13337328788901648,0.11996084730537222,6.984449768924364,159.64850725666076
1786653990.087459,3233,1,walking,walking,0.6,0.10378181139710682,0.09267213796648599,8.078389249963063,162.98285601817307
1786653990.1218967,3234,1,walking,walking,0.6,0.1044361996041527,0.09428670764023948,9.411161481936343,164.9586368283771
1786653990.1729145,3235,1,walking,walking,0.6,0.09465723821898017,0.07454824941631803,10.920713509671245,166.28858880302067
1786653990.2192495,3236,1,walking,walking,0.6,0.08872630717236704,0.05904629483769037,12.397602518550256,167.65027231315776
1786653990.2587953,3237,1,standing,walking,0.75,0.07502634859439507,0.04874184527372327,13.743408601903894,168.60624530736493
1786653990.2914603,3238,1,standing,walking,0.75,0.064312303198302,0.03624770097315119,14.815976758086345,169.52503394749834
1786653990.3836823,3239,1,standing,walking,0.75,0.07749001345775132,0.03607289468325425,15.380772458325476,171.27285210220515
1786653990.4372854,3240,1,standing,walking,0.75,0.06990695398613926,0.03545918155628884,15.199826320979508,171.995634901694
1786653990.4704692,3241,1,standing,standing,0.75,0.06637183861195464,0.032074153765178755,14.451357359208595,172.56328496616044
1786653990.5184789,3242,1,walking,standing,0.6,0.08486052538383985,0.06114967740307552,13.413484171667458,171.70809952369495
1786653990.5504758,3243,1,walking,standing,0.6,0.09058603625997289,0.07933866108641906,12.289806406555806,171.55250806469076
1786653990.5900807,3244,1,walking,standing,0.6,0.09183698962368268,0.08949253331502464,10.919355047392498,171.12748836491636
1786653990.6326244,3245,1,walking,standing,0.6,0.08411548021609623,0.08533167266236086,9.304959584028712,171.38024805460523
1786653990.676158,3246,1,walking,walking,0.6,0.09169246797278714,0.0961350686794139,7.915658502456752,171.1433350564278
1786653990.7214658,3247,1,walking,walking,0.6,0.10120571576397774,0.09927431997064215,6.486001816067883,170.3630607174621
1786653990.7560916,3248,1,walking,walking,0.6,0.07485870697851783,0.0968399964163115,5.39885513683487,169.3503094065102
1786653990.786482,3249,1,walking,walking,0.6,0.06795824717915339,0.10111913203947111,4.996362554122435,167.22320677395047
1786653990.8390532,3250,1,walking,walking,0.6613477843987324,0.08108232042016046,0.11904260119177185,4.425994858996431,164.99494178209034
1786653990.919942,3251,1,walking,walking,0.6,0.07059112269900587,0.10682754111963828,3.850805128118909,164.29468924826836
1786653990.9703488,3252,1,walking,walking,0.6,0.06375056435013858,0.08578091568250833,3.2049399585094656,164.04997942235792
1786653991.0048,3253,1,walking,walking,0.6,0.06242205822816074,0.0755347071404211,2.759428333776802,163.13788939764714
1786653991.04391,3254,1,walking,walking,0.6,0.07824790340804538,0.08139652625240187,2.32092420498689,161.5317388753608
1786653991.0943015,3255,1,walking,walking,0.6,0.077216482021204,0.08284497477379961,2.0113300501999642,159.84144199478118
1786653991.128844,3256,1,walking,walking,0.6,0.058466165763058214,0.07744138867553997,1.7406420810012961,158.7831077611078
1786653991.1688735,3257,1,walking,walking,0.6,0.06379528257842292,0.08466515084148651,1.4334936218653094,157.68086161100888
1786653991.253368,3258,1,walking,walking,0.6,0.07515939405014728,0.09503331834936768,1.2287104320008957,155.47821683152594
1786653991.291573,3259,1,walking,walking,0.6,0.06230321844841088,0.07593580030265892,1.1248710186649695,154.41861386959755
1786653991.3230896,3260,1,walking,walking,0.6,0.05928926940884823,0.07116140406565546,1.0845860191943915,154.78368382037462
1786653991.3635225,3261,1,walking,walking,0.6,0.06413180375365644,0.08414521735603052,1.1474307889812323,154.6415702178236
1786653991.4076982,3262,1,walking,walking,0.6,0.06220834229865094,0.08592131348795576,1.19000276119888,154.91759105940375
1786653991.4504154,3263,1,walking,walking,0.6,0.05113905757212291,0.08310954743321398,1.1596437525738907,155.2608345500098
1786653991.5275602,3264,1,walking,walking,0.6,0.046333062631367425,0.07158309561930101,1.2907208039425384,155.8670231214055
1786653991.5726016,3265,1,walking,walking,0.6,0.04654710178721391,0.07075826405985412,1.2649820957750075,156.3414510000469
1786653991.6638374,3266,1,walking,walking,0.6,0.04047775966562207,0.06348675777980739,1.1582817780142534,156.57801122375034
1786653991.7143047,3267,1,standing,walking,0.75,0.025537418171002066,0.04582010543259131,1.1754377839414258,157.2339822806877
1786653991.750828,3268,1,standing,walking,0.75,0.02706792799617787,0.04730074759465536,1.126781419083015,158.99182299963007
1786653991.8275216,3269,1,standing,walking,0.75,0.02242605288796465,0.03412523468048204,1.0789078849193026,160.7864119230197
1786653991.8596644,3270,1,standing,walking,0.75,0.01822788273100558,0.02164147865565057,1.2639182775893543,161.77696008672166
1786653991.8912702,3271,1,idle,standing,0.85,0.013612097859251474,0.01364692263026757,1.3985669088907113,161.82039945804098
1786653991.950717,3272,1,idle,standing,0.85,0.01030638700750821,0.00968331856999782,1.562793758461451,161.46171181514214
1786653991.9847202,3273,1,idle,standing,0.85,0.009591060381583597,0.008626444937575774,1.7266462982904316,161.07205075972936
1786653992.0272317,3274,1,idle,standing,0.85,0.009487625490107959,0.00816914507092728,1.7617239184750388,160.78178957351966
1786653992.0588794,3275,1,idle,idle,0.85,0.010249525747372874,0.009755722668256122,1.7885965155733867,160.5455261372174
1786653992.0940316,3276,1,idle,idle,0.85,0.008856989852698923,0.009513299960882265,1.7725314386969309,160.39145573928997
1786653992.1358242,3277,1,idle,idle,0.85,0.007564690782081952,0.007842215177013797,1.787587728031255,160.5103503430362
1786653992.188629,3278,1,idle,idle,0.85,0.0077427565834276785,0.008036379141422505,1.7395991038938614,160.71658446439736
1786653992.2214634,3279,1,idle,idle,0.85,0.007254895765961427,0.007546732558554425,1.6920954626909732,160.83128378939662
1786653992.2754898,3280,1,idle,idle,0.85,0.007598851612577107,0.0076828326658199275,1.6081059650459921,160.85908967680535
1786653992.3106468,3281,1,idle,idle,0.85,0.006020969485895851,0.007850147161529004,1.532500087470924,160.8465189375525
1786653992.3657951,3282,1,idle,idle,0.85,0.0051216421154420206,0.00796630053212344,1.4480894349157336,160.88343436776867
1786653992.4507937,3283,1,idle,idle,0.85,0.005978125738635415,0.008257449683363146,1.4154194219401037,160.8987765990493
1786653992.484898,3284,1,idle,idle,0.85,0.006446320988041492,0.007252091231318764,1.3554857101615498,160.888606431102
1786653992.5176287,3285,1,idle,idle,0.85,0.006191644958535857,0.007018884704869289,1.3964727273797513,160.97812594587816
1786653992.5673127,3286,1,idle,idle,0.85,0.008520519962662695,0.007694570693290122,1.6669567577779616,160.9812894121428
1786653992.6097372,3287,1,idle,idle,0.85,0.008247069388626837,0.0077699418930817395,1.842757555665565,160.738525099564
1786653992.6467578,3288,1,idle,idle,0.85,0.009418232837528783,0.00814073869299614,2.0442108508454244,160.39618032776275
1786653992.692709,3289,1,idle,idle,0.85,0.009523357290664843,0.008042645085868137,2.2010116012737244,159.98530946822473
1786653992.7541575,3290,1,idle,idle,0.85,0.011428689013229886,0.009225670789707242,2.5656423960648462,159.81700698697207
1786653992.8057125,3291,1,idle,idle,0.85,0.012423597477276218,0.010217093612776599,2.8523165505492036,159.47736512686694
1786653992.9168983,3292,1,idle,idle,0.85,0.011662771090467823,0.010305490782406421,3.1932721245361106,159.2216955728913
1786653992.9597516,3293,1,idle,idle,0.85,0.010671500440280047,0.010416962852130791,3.4393678156722713,158.91255164791
1786653993.0272381,3294,1,idle,idle,0.85,0.010933212172749318,0.010052170127243243,3.748594113329637,158.6278022873595
1786653993.0671666,3295,1,idle,idle,0.85,0.008758303430657947,0.010572497714335542,4.03875267604757,158.29772311370093
1786653993.1120071,3296,1,idle,idle,0.85,0.008568463606844672,0.010457680789424582,4.128165831570345,158.02254696682516
1786653993.150312,3297,1,idle,idle,0.85,0.008406647983513591,0.012270456467781021,4.155799179871268,157.77277663541196
1786653993.2195895,3298,1,idle,idle,0.85,0.0086123065794521,0.012329444861020462,4.270775826728576,157.6650614552564
1786653993.2538283,3299,1,idle,idle,0.85,0.006941685331710952,0.01148175879315717,4.441001555880542,157.7605753386002
1786653993.3022811,3300,1,idle,idle,0.85,0.006018797017363454,0.0102611472059733,4.401184530304867,157.49288984883495
1786653993.3343668,3301,1,idle,idle,0.85,0.005641058338054654,0.010278343240858395,4.452340116963571,157.42146059944776
