frame_index,wall_ms,preprocess_ms,inference_ms,postprocess_ms
11,86.51227899827063,1.020931998937158,84.27884000047925,0.33703900044201873
12,88.92216200183611,1.7335279990220442,85.971275002521,0.27327900170348585
13,83.12559299884015,1.0571540005912539,80.79393200023333,0.30422400232055224
14,94.0777280011389,1.2297479988774285,91.61288099858211,0.2654089985298924
15,78.58038199992734,1.8339730013394728,75.54629199876217,0.264390000666026
16,77.86235999810742,1.596527003130177,75.12860399947385,0.26348299797973596
17,82.59342300152639,1.1100619994977023,80.273040002794,0.26453800091985613
18,79.62742499876185,0.9185239978251047,76.34533300006296,0.26757600062410347
19,81.62975200320943,0.976080002146773,79.48355400003493,0.26970500039169565
20,84.05709799990291,1.2231740001880098,79.27184900108841,0.29935299971839413
21,79.42777599964757,1.0729870009527076,77.21435700295842,0.27974200202152133
22,87.95850800015614,0.9015789983095601,84.55587899879902,0.28598299832083285
23,80.414355998073,1.012690998322796,78.25402900198242,0.267407998762792
24,82.10260499981814,1.514898001914844,79.46492400151328,0.27976099954685196
25,80.42824500080314,1.0277649998897687,77.64487700114842,0.25475999791524373
26,81.3433420007641,1.0692470023059286,79.11560800130246,0.2661319995240774
27,85.68916199874366,0.9977650006476324,83.54194700223161,0.2748539991443977
28,80.88252499874216,1.0301349975634366,78.74017900030594,0.2728910003497731
29,94.06032000333653,1.9715670023288112,90.70032000090578,0.3481310013739858
30,81.60660299836309,1.0414129974378739,79.35753499987186,0.2696129995456431
31,80.25705800173455,2.1262150003167335,76.38072199915769,0.26246400011586957
32,81.98138299849234,1.2002289986412507,79.46329499827698,0.26848299967241473
33,80.65906000047107,1.0697459983930457,78.36845500060008,0.2802789967972785
34,86.48846299911384,0.9945609999704175,83.62061400111998,0.31737199969938956
35,83.13264900061768,1.0403390006104019,80.89300600113347,0.3266499988967553
36,81.98917899790104,1.0961909974867012,79.69857300122385,0.2771120016404893
37,89.29116299987072,2.829646000463981,85.29060499859042,0.278039002296282
38,79.2568860015308,1.0648389979905915,77.0944479991158,0.26416800028528087
39,81.58230600020033,1.0577470020507462,79.44097900326597,0.2655200005392544
40,83.3955390007759,0.9521350002614781,79.37438699809718,0.32392800130764954
41,81.75689899871941,1.3000260005355813,79.25171899842098,0.2615390003484208
42,89.32973899936769,1.0947289993055165,84.98876999874483,0.27433500144979917
43,82.5012550012616,1.092154001526069,80.3335579985287,0.2644830019562505
44,81.57967700026347,1.037171998177655,79.40086799862911,0.2585379988886416
45,90.79972800100222,1.4255820024118293,88.31739900051616,0.26414899912197143
46,84.17978299985407,1.1275430006207898,81.76060299956589,0.2646120010467712
47,82.83129499977804,1.047468998876866,79.82685099705122,0.2693530004762579
48,78.95527299842797,1.3241000015113968,76.44025899935514,0.31033499908517115
49,84.9558430018078,1.0368020011810586,82.62394099801895,0.41957600114983507
50,85.7527919979475,1.223970000864938,80.89748700149357,0.3603900004236493
51,84.19298700027866,1.0181159996136557,80.40679999976419,0.27409399990574457
52,85.75038500202936,1.2415259989211336,83.27576000010595,0.26692699975683354
53,81.65352799915127,0.9858569974312559,76.88531700114254,0.2582419983809814
54,81.2859709985787,1.7992140019487124,78.32382400010829,0.3033899993170053
55,84.06563500102493,0.9090050007216632,81.24930399935693,0.2632229989103507
56,80.42941099847667,1.0617660009302199,78.2710280000174,0.25853899933281355
57,88.43893599987496,2.384605999395717,84.28435799942235,0.26824199812836014
58,85.45066100123222,1.8961030000355095,82.0928270004515,0.26479799998924136
59,84.90993599843932,1.286080998397665,82.53438599786023,0.2691309964575339
60,79.49786800236325,1.1155430001963396,77.2188000009919,0.2605009976832662
61,77.96034100101679,1.0126349989150185,75.85758900313522,0.2620760024001356
62,90.78456099814503,1.1016729986295104,88.45988200118882,0.282389999483712
63,86.48027700110106,0.9663019991421606,84.41956200113054,0.2653540032042656
64,85.08849200006807,0.9476169980189297,81.62419500149554,0.26303900085622445
65,81.96108599804575,0.9579309989931062,79.90968500234885,0.2810019977914635
66,80.37950300058583,1.1905069986823946,77.95402600095258,0.2622419997351244
67,80.55855899874587,0.9459680004511029,77.79345100061619,0.30305699692689814
68,78.91418000144768,0.9341350014437921,75.6046430033166,0.2640389975567814
69,80.203817000438,0.9760239991010167,78.13526800237014,0.25766799808479846
70,85.84590299869888,1.644045998546062,81.95160399918677,0.2946499989775475
71,79.44409000265296,0.9883390011964366,77.31243000307586,0.26916799833998084
72,89.69859199714847,1.0367649992986117,86.13964600226609,0.4065389985044021
73,88.45797300091363,2.7551630009838846,84.3566359981196,0.2875950012821704
74,85.67784700062475,1.5279719991667662,82.94714700241457,0.2870210009859875
75,80.90374599851202,1.0477839969098568,78.72078899890766,0.2816680025716778
76,81.62617700145347,1.5660639983252622,78.85104900196893,0.2825379997375421
77,87.49733800141257,2.282715999172069,83.99165199807612,0.2772980005829595
78,82.33636499790009,1.2154890027886722,79.83785200121929,0.2758529990387615
79,84.63585999925272,1.02043199876789,82.50768099969719,0.2708909996727016
80,81.15834000273026,0.9846160028246231,77.65598800324369,0.26129699836019427
81,80.952783999237,3.093016999628162,76.81525999942096,0.2645940003276337
82,85.93786699930206,1.8197319986938965,83.0164609978965,0.256686002103379
83,82.82616400174447,1.0894500010181218,80.5780959999538,0.269501000730088
84,89.93442599967238,1.0762839992821682,87.68874700035667,0.2651310023793485
85,78.25130600031116,0.9965050012397114,75.95023699832382,0.3127979980490636
86,80.69328199781012,1.0762279998743907,78.45173199893907,0.2634640004544053
87,94.11733800152433,1.109765002183849,91.75254799993127,0.3614839988586027
88,83.16685099998722,1.809991998015903,80.1509269986127,0.28239099992788397
89,86.9849089976924,1.0405239991087,84.84852699984913,0.27109499933430925
90,85.12319600049523,1.0864139985642396,82.83999800187303,0.28214999838382937
91,83.25920300194412,1.1376729999028612,80.94813500065356,0.28440900132409297
92,88.70047500022338,1.103172999137314,86.39670200136607,0.2848529984476045
93,84.97047199853114,1.025117002427578,82.81797900053789,0.2815199986798689
94,89.34221899835393,1.2689520008279942,86.87414900123258,0.26926099963020533
95,80.46489200205542,1.330192000750685,77.9742670019914,0.2680750003491994
96,79.4642010005191,1.0529879982641432,77.27170799989835,0.26111199986189604
97,84.98132399836322,1.0477830001036637,80.8597089999239,0.259853000898147
98,78.57438100108993,1.0692280011426192,76.29821999944397,0.2686500010895543
99,84.37024700106122,1.0763579994090833,82.15012300206581,0.2688349995878525
100,82.6293110003462,1.527823998912936,79.872369999066,0.2659090023371391
101,81.97693699912634,2.5315700004284736,78.28423099999782,0.27502000011736527
102,87.25983700060169,1.8678619999263901,82.47653199941851,0.26339000032749027
103,80.3948169996147,1.7091199988499284,77.62102400010917,0.2628719994390849
104,85.6705129990587,1.7268430019612424,82.80551599818864,0.2725570011534728
105,79.84783299980336,1.0503759986022487,77.70404300026712,0.25487200036877766
106,84.46854299836559,1.1170800025865901,81.4149149991863,0.2612429998407606
107,81.0113210027339,1.2353399979474489,78.55449199996656,0.29364999863901176
108,79.08345800024108,1.3942119985586032,76.53346200095257,0.25927900060196407
109,85.26551099930657,0.994080000964459,83.14749900091556,0.27076100013800897
110,80.73865199912689,1.0917459985648748,78.48376899710274,0.2660200007085223
111,79.95975900121266,1.1433030012995005,77.64363500245963,0.2905389992520213
112,83.28477699978976,0.9906900013447739,81.06065399988438,0.29855699904146604
113,80.66305899774306,2.4354950000997633,77.13487300134148,0.2580010004749056
114,86.15768300296622,2.419716998701915,82.51869900050224,0.31772399961482733
115,88.52043599836179,2.302772001712583,84.94423099909909,0.28163100068923086
116,84.37306099949637,1.1220619999221526,82.00265900086379,0.3145949995086994
117,91.23322899904451,0.9556900004099589,88.35604599880753,0.2861869979824405
118,85.75284700054908,1.4626010015490465,82.81677499689977,0.3257789976487402
119,86.78709300147602,1.7742509990057442,83.80685500014806,0.32900199948926456
120,83.78850300141494,1.3796560015180148,81.14909900177736,0.2864829984901007
121,81.73545299723628,1.0653019999153912,79.46564500161912,0.2852420002454892
122,88.56141800060868,1.0416539989819285,86.3306460014428,0.28074300280422904
123,83.40348199999426,1.176914000097895,80.99859799767728,0.2805010008160025
124,85.84067999981926,1.0623390007822309,83.61066799989203,0.2606679991004057
125,81.21306199973333,1.3590080016001593,78.7471599978744,0.2640390011947602
126,79.80314700034796,1.008839000860462,77.64554200184648,0.26250199880450964
127,91.19065499908174,1.089710000087507,88.89893800005666,0.29813199944328517
128,82.98336799998651,0.9798579994821921,80.84698600214324,0.26455700208316557
129,84.00550300211762,1.8155649995605927,80.93544900111738,0.3170020027027931
130,80.18968599935761,1.1027840009774081,77.86347000001115,0.2586490008980036
131,84.265190998849,1.7240090019186027,81.44228599849157,0.26437199994688854
132,82.87603400094667,2.2717899992130697,79.49246000134735,0.26146500022150576
133,80.19281499946374,1.0059689993795473,76.81559299817309,0.2630380004120525
134,92.82405300109531,1.054598000337137,90.53346599830547,0.3427419978834223
135,82.7115700012655,1.7095840012189,79.29095799772767,0.27003899958799593
136,80.55548399715917,1.1878029981744476,77.8876920012408,0.277852999715833
137,87.56348600218189,1.7217879976669792,84.61324800009606,0.34074300128850155
138,88.46404699943378,1.006023998343153,86.33308999924338,0.2610199990158435
139,81.03726400076994,1.097950000257697,78.83434500035946,0.2647420005814638
140,80.61302199712372,1.0530799991101958,78.39437999791699,0.2614270015328657
141,83.32003600298776,1.108969998313114,81.03367199873901,0.2886120018956717
142,92.01028899769881,1.1052459994971287,89.65249799803132,0.28014999770675786
143,84.6370620020025,1.6662870002619456,81.71999000114738,0.2693349997571204
144,86.09662600065349,1.138173000072129,83.7087239997345,0.3302240002085455
145,84.2549679982767,1.0252460015180986,82.0890299983148,0.25820500013651326
146,81.58345199990436,1.2100619969714899,79.21473600072204,0.2693349997571204
147,82.60066200091387,1.11865399958333,80.30594600131735,0.26164900191361085
148,81.64465699883294,1.0782839999592397,79.38686600027722,0.29250100124045275
149,86.19051500136266,1.1026540014427155,84.0161510022881,0.2670940011739731
150,79.82509099747404,1.1160060021211393,77.49855899965041,0.25678000019979663
151,80.00577799975872,1.1703769996529445,77.71765299912659,0.2653159972396679
152,83.62861200293992,1.063673000317067,79.93140599865,0.2587979979580268
153,79.81055399795878,1.1081550001108553,77.57500499792513,0.2629829978104681
154,81.89256500190822,0.9820429986575618,79.65920100104995,0.34553899968159385
155,82.12793699931353,1.208711000799667,79.26262500041048,0.26779800100484863
156,79.81218399800127,1.3950259999546688,77.2554279974429,0.2640009988681413
157,84.16930000021239,1.3673220018972643,81.55432300191023,0.409705000492977
158,80.30972300184658,1.3092480003251694,77.68113499696483,0.25870500030578114
159,85.60986399970716,1.6205829997488763,82.82827400034876,0.26413099840283394
160,83.46761099892319,0.9806909984035883,81.24754400341772,0.26466800045454875
161,80.31294600004912,1.5783980015839916,77.61505999951623,0.2590389995020814
162,81.6048230008164,1.1957659990002867,79.25453200004995,0.2585200018074829
163,78.30517500042333,1.4568970000254922,75.7413829996949,0.2632790019561071
164,78.73288100017817,1.0033760008809622,76.506794001034,0.28909500178997405
165,87.46685499863815,1.1441169990575872,83.8482799990743,0.2599079998617526
166,80.09149999998044,1.0167460022785235,77.86394999857293,0.3288350017101038
167,83.89453900235821,1.1218579966225661,81.49928599959821,0.3716319988598116
168,81.51067499784403,1.8025649987976067,78.02154399905703,0.26172400248469785
169,79.57475600051112,1.565878999826964,76.80492600047728,0.26707500001066364
170,90.30894500028808,1.110653996875044,87.8770799972699,0.28518700128188357
171,83.05608999944525,0.9954870001820382,79.38966200163122,0.2726499988057185
172,85.27354699981515,1.1210070006200112,82.96142299877829,0.26800100022228435
173,79.58605200110469,1.037968999298755,77.35533600134659,0.28589000066858716
174,79.94360999873606,0.9826720015553292,77.80061599987675,0.27498299823491834
175,92.09108499999274,1.0495419992366806,88.24952599752578,0.26240900115226395
176,82.31269699899713,1.3285080021887552,79.84270199813182,0.25605700284359045
177,86.09829200213426,1.504489999206271,83.47590799894533,0.27301999944029376
178,82.95568199901027,0.995190999674378,80.82420700156945,0.25992700102506205
179,81.59808200070984,1.7663430007814895,78.66628799820319,0.3195019999111537
180,87.29802100060624,1.810675999877276,84.30150399726699,0.28170599762233905
181,82.26615999956266,1.0844129974429961,80.06270300029428,0.2765950011962559
182,94.5277270002407,2.5980329992307816,90.54190900133108,0.33826100116129965
183,84.15522599898395,1.0651730008248705,81.90462099810247,0.2636860008351505
184,81.94378800180857,1.0486350001883693,79.68870100012282,0.2856499995687045
185,85.63089999734075,1.064469000993995,83.37933199800318,0.2650009992066771
186,83.83096500256215,0.9301530008087866,79.60823800021899,0.2715760019782465
187,87.8341530005855,1.8822510028257966,84.84072999999626,0.26015000184997916
188,83.23559099881095,1.087802000256488,80.94543100014562,0.28239099992788397
189,82.050454999262,0.9813020005822182,79.74747899788781,0.46783599827904254
190,87.37546599877533,1.994418002141174,83.32929500102182,0.2691490008146502
191,80.8004840000649,1.610804996744264,78.0468960001599,0.26905699996859767
192,79.36923600209411,1.002394001261564,77.22433500020998,0.2613720025692601
193,82.7743659974658,1.0984319997078273,80.56976100124302,0.2670760004548356
194,82.08662200195249,0.9517649996269029,79.12595699963276,0.2607419992273208
195,83.72779699857347,1.1057099982281215,81.46430299893836,0.2813720020640176
196,83.92479800022556,1.026376001391327,81.7516009992687,0.2634640004544053
197,78.68084400251973,1.0886730015045032,76.42840500193415,0.3006690021720715
198,85.170341997582,1.0311730002285913,81.87580599769717,0.26055700072902255
199,80.68094700138317,1.0176169998885598,78.60423199963407,0.2622419997351244
200,83.88516799823265,1.1090989974036347,81.15367200298351,0.28955699963262305
201,87.08900100100436,2.411142999335425,83.02792299946304,0.26533500204095617
202,81.26476500183344,2.2364569995261263,77.8902649981319,0.26376000096206553
203,90.48938999694656,1.301599000726128,87.8747269998712,0.25885300055961125
204,82.6281800000288,1.1049130007450003,80.37942699957057,0.28783500238205306
205,90.58950200051186,0.9346160004497506,86.42207099910593,0.26005699692177586
206,81.03733800089685,1.6212320006161463,78.238006997708,0.27131599927088246
207,80.29322199945454,0.9458379972784314,76.91464799790992,0.29368600007728674
208,85.8102530000906,1.8761579995043576,82.84777399967425,0.2644080013851635
209,83.64677799909259,2.0064929994987324,80.41968600082328,0.28614899929380044
210,86.5533870019135,1.0437470009492245,84.22135500222794,0.31903900162433274
211,85.34904599946458,1.8168069982493762,82.38182599961874,0.2822419992298819
212,84.16789300099481,1.1075059992435854,81.81326799967792,0.28333499722066335
213,89.33238299869117,1.0940430001937784,87.08248199764057,0.34753900035866536
214,80.70802099973662,1.035450000927085,78.09567299773335,0.2680570032680407
215,81.53465500072343,1.0532460000831634,79.30664300147328,0.30561200037482195
216,80.20909300103085,1.0737089978647418,77.92867199896136,0.27088999922852963
217,83.82579699900816,1.094745999580482,81.61202600240358,0.26403800075058825
218,87.90198600036092,2.021677999437088,84.73008000146365,0.2603719985927455
219,93.58698199866922,1.1947839993808884,91.27446799902827,0.2646309985721018
220,84.24704000208294,1.181876999908127,81.7906749980466,0.32544599889661185
221,82.44375299909734,2.2302350007521454,78.5944909985119,0.26255700140609406
222,82.93718099957914,1.0364320005464833,80.32542599903536,0.30983499891590327
223,84.59548699829611,1.2338960004854016,82.13662200068939,0.3181310021318495
224,81.57269200091832,0.9556900004099589,78.60167599937995,0.265463997493498
225,87.0340750007017,1.3697850008611567,84.43754200197873,0.3548540007614065
226,85.93023399953381,0.9988759993575513,83.81970499976887,0.2627419999043923
227,82.3941790004028,0.9807649985305034,78.50865599903045,0.25953799922717735
228,87.24331600024016,1.0815989990078378,85.02802599832648,0.2662600018084049
229,85.08511900072335,1.63050899936934,82.3165110014088,0.2794460015138611
230,84.23028099787189,1.7896760000439826,81.276690998493,0.28252000265638344
231,90.2329060008924,2.1288819989422336,86.87833300064085,0.3607059989008121
232,86.64894300090964,1.1179499997524545,84.31050400031381,0.2786490003927611
233,89.252215999295,1.0574869993433822,87.02412899947376,0.2852239995263517
234,84.6018020019983,1.6741569997975603,81.39145099994494,0.26005700055975467
235,82.01154599737492,1.7061389989976306,79.1815869997663,0.2695199982554186
236,91.31111600072472,0.9916159979184158,89.15041900036158,0.2685010003915522
237,85.1611940015573,1.097450000088429,82.93973600302706,0.26744599745143205
238,83.87420500002918,1.0567089993855916,81.57763700000942,0.27168700034962967
239,79.54916199742001,1.0634870013745967,77.2612599976128,0.3042429998458829
240,83.17083000292769,0.9530420029477682,78.05806100077461,0.28965000092284754
241,83.81063099659514,1.8493810021027457,79.53716200063354,0.25801999800023623
242,78.80382400253438,1.1219130028621294,76.55147900004522,0.27920500360778533
243,83.84644599937019,0.9859860001597553,79.90929399966262,0.2685760009626392
244,84.6992090009735,2.5129210007435177,80.93926200308488,0.285854002868291
245,84.06903899958706,1.4457310026045889,81.32578300137538,0.3082789990003221
246,95.17230399796972,3.415944000153104,89.48977299951366,0.27933499950449914
247,82.87814399955096,1.0029500008386094,80.74772400141228,0.2567789997556247
248,91.7489330022363,1.0132280003745109,89.42575299806776,0.43242799802101217
249,81.7734529991867,2.390290999755962,77.62185499814223,0.26187200273852795
250,85.30548999988241,1.905122000607662,82.01063900196459,0.39170600211946294
251,86.0733830013487,2.734552999754669,81.80348899986711,0.2612789976410568
252,78.55584199933219,1.0200049982813653,76.41640400106553,0.2645390013640281
253,83.10281200101599,1.0746350017143413,80.86198400269495,0.2635199998621829
254,81.24848599982215,0.9572270028002094,78.18485800089547,0.26992799757863395
255,83.95957500033546,0.9838579971983563,81.86700800069957,0.26294599956599995
256,83.16986799763981,1.036673002090538,80.97200300107943,0.25855700005195104
257,79.33025300008012,1.2925439987157006,76.94775900017703,0.25950100098270923
258,84.08296500056167,1.1636359995463863,81.73730399721535,0.26290900132153183
259,86.08914300202741,2.226586002507247,82.72073500120314,0.32079800075734966
260,89.61530999658862,2.1065859982627444,86.34531000279821,0.2640569982759189
261,81.06165200297255,1.0129500005859882,78.80617599948891,0.2631129973451607
262,80.89403999838396,1.055745997291524,78.66141699923901,0.28731600104947574
263,87.98244900026475,1.0044499977084342,85.12367499861284,0.2845389972208068
264,83.57320299910498,1.066912998794578,81.35093099917867,0.2814269973896444
265,84.93476500007091,1.004302001092583,82.75010600118549,0.2945199994428549
266,81.38350599983823,2.039604001765838,78.19170999937342,0.2669080022315029
267,78.88817700222717,1.4450630005740095,76.34277299803216,0.2611500021885149
268,82.49986299779266,1.2093400000594556,80.08457200048724,0.328946000081487
269,80.85529900199617,1.5730279992567375,77.6215769983537,0.26455699844518676
270,83.04901399969822,0.9563390012772288,79.15745599893853,0.2555009996285662
271,80.83726199765806,1.1624329999904148,78.35974800036638,0.26203800007351674
272,78.55745300184935,1.2026730000798125,75.98853200033773,0.2601489977678284
273,87.59892799935187,0.9899870019580703,85.53510199999437,0.25981599901570007
274,80.11535100013134,1.0118940008396748,77.89783800035366,0.30427899764617905
275,83.18558899918571,1.0450989975652192,81.03679900159477,0.26509400049690157
276,84.77222700093989,1.336489000095753,82.24163900013082,0.2611310010252055
277,87.37385399945197,0.9437459993932862,85.32721200026572,0.2769089987850748
278,92.59888200176647,1.1814510035037529,90.20453600169276,0.2605949994176626
279,80.79574200019124,1.0201539989793673,78.67534199976944,0.2627789981488604
280,79.25912299833726,1.0955619982269127,77.0273329981137,0.28544599990709685
281,82.86516199950711,1.9446410005912185,78.15372800178011,0.28798299899790436
282,79.12760399995022,1.0390979987278115,76.91653599977144,0.26657499984139577
283,82.65817900246475,1.1899689998244867,80.28275900142035,0.2612790012790356
284,80.62357499875361,1.0908200019912329,78.3490809990326,0.26872400121646933
285,84.34728100110078,3.142277000733884,80.05649800179526,0.32092800029204227
286,88.35659899705206,0.9415610002179164,84.32629999879282,0.28557599944178946
287,83.67314700080897,1.1019509984180331,81.42904299893416,0.285668000287842
288,87.65100299933692,1.1514500001794659,85.13515499726054,0.30953899840824306
289,88.4535630029859,1.645989999815356,84.94482099922607,0.2775940010906197
290,85.87306600020383,2.2687899981974624,82.34938099849387,0.3106680014752783
291,86.98342499701539,1.8890850005846005,83.75023999906261,0.3713910009537358
292,83.34551600273699,2.800219001073856,79.26966000013635,0.2594459983811248
293,86.23264299967559,1.2318029985181056,83.7978519994067,0.26816900208359584
294,80.83892799913883,1.0757840027508792,78.57382299698656,0.2647789988259319
295,78.82676900044316,1.0313570019206963,76.707868000085,0.25855700005195104
296,84.40718799829483,0.9827089997997973,82.24589900055435,0.26398299814900383
297,81.7252480010211,1.0759130018413998,79.53606799856061,0.26437199994688854
298,92.34224999818252,1.0718390003603417,89.97303299838677,0.3747060000023339
299,82.82240200060187,3.367481000168482,78.34893199833459,0.2679090030142106
300,80.55761200012057,1.257600000826642,78.14307999797165,0.26339000032749027
301,81.07131799988565,1.01776500014239,78.92208399789524,0.26133500068681315
302,82.6014930025849,2.6790339979925193,78.70252700013225,0.26018600328825414
303,86.36117999776616,0.9641720025683753,84.28800199908437,0.26666800113162026
304,83.32520100157126,2.126770999893779,79.9452930004918,0.2632239993545227
305,81.6245620007976,1.1556550016393885,79.25195599818835,0.2655380012583919
306,82.65210399986245,1.1111539970443118,80.25998100129073,0.32970499887596816
307,83.36162699924898,1.1089500003436115,78.87069499702193,0.2596869999251794
308,84.48109600067255,1.019745999656152,82.31849199728458,0.2612790012790356
309,80.23584999682498,1.0161350000998937,78.13043100031791,0.2635199998621829
310,79.40258700182312,0.973115998931462,77.35663099811063,0.2599079998617526
311,84.53824399839505,2.7241259995207656,80.68683400051668,0.26227900161757134
312,82.53927100304281,0.931245998799568,79.71666299999924,0.2856499995687045
313,86.33508699858794,1.0718390003603417,84.00561199960066,0.28083500001230277
314,83.34421900144662,1.498156001616735,80.76922399777686,0.2633909971336834
315,79.70527399811544,1.1344689992256463,77.38505700035603,0.2646489992912393
316,85.11352500136127,2.2784749999118503,81.7226360013592,0.2611310010252055
317,83.25040399722639,1.030004998028744,81.10257700172951,0.28468600066844374
318,85.23591500124894,1.0710800015658606,82.98299499801942,0.2855019993148744
319,87.76253999894834,2.728218001720961,83.87722200131975,0.2817979984683916
320,93.80925799996476,2.0329559993115254,90.45072099979734,0.4251500031386968
321,89.0375840026536,1.1015429990948178,86.77640399764641,0.27777899958891794
322,82.45788099884521,1.173099000880029,80.12651700119022,0.2783169984468259
323,91.24613300082274,2.2902350028743967,87.60165000057896,0.42161400051554665
324,82.23950899991905,1.3969710016681347,79.14240000172867,0.2938539983006194
325,88.39213600003859,1.153542998508783,86.05928899851278,0.2960580022772774
326,82.55189999908907,1.2603960021806415,80.18292400083737,0.29976099904160947
327,83.33231100186822,2.5467920022492763,79.61460600199644,0.28216799910296686
328,87.0505549974041,1.1338029980834108,84.76882000104524,0.2688349995878525
329,80.3542390021903,1.1826739973912481,77.97981900148443,0.26325999715481885
330,80.49468500030343,0.9603379985492211,78.45474799978547,0.26601999707054347
331,88.04244899874902,2.4894029993447475,84.30572399811354,0.2624459993967321
332,82.84134600035031,1.1917289994016755,80.52083300208324,0.2612610005598981
333,91.17915100068785,1.123190999351209,88.86895300020115,0.2650200003699865
334,85.07341400036239,1.3208400014264043,80.7564460010326,0.2743170007306617
335,92.18476699970779,1.032283002132317,89.17582499998389,0.269501000730088
336,86.29462399767363,1.0937469996861182,84.11329800219391,0.2665760002855677
337,80.29786900078761,1.18026600102894,77.93996700274874,0.2643350017024204
338,88.29983900068328,0.9383199976582546,86.15454900063924,0.3826509964710567
339,81.34781899934751,0.979634998657275,79.22899299956043,0.26540800172369927
340,82.32560200121952,1.1757659995055292,79.56614200156764,0.260576001892332
341,82.94753099835361,1.0529869978199713,80.72059300320689,0.27213100111112
342,80.83124200129532,0.9753379999892786,78.77710100001423,0.261760000284994
343,95.34432199870935,1.1768219992518425,91.60898700065445,0.2618159996927716
344,82.32349199897726,0.9641719989303965,80.29653600169695,0.2640009988681413
345,87.11799800221343,1.629934999073157,84.33144599985098,0.2686869993340224
346,80.69331599836005,0.9689869984867983,78.61443300134852,0.26470499869901687
347,82.89349400001811,1.0252089996356517,79.87066200075787,0.2637230027175974
348,90.56085100019118,1.1884880004799925,88.24531999925966,0.28955699963262305
349,85.36134099995252,1.5010640017862897,82.7033269997628,0.2743170007306617
350,87.76076100184582,2.450569001666736,84.19300099922111,0.262908997683553
351,82.51178799764602,1.1253579978074413,80.08053400044446,0.28333499722066335
352,80.61468600135413,1.599508999788668,77.46166799915954,0.2905569999711588
353,82.97082699937164,2.079178000713,79.74877300148364,0.2822969981934875
354,81.86683999883826,2.897294001741102,77.84000299943727,0.2586310001788661
355,84.15726100065513,2.2418279986595735,80.73363000221434,0.29361300039454363
356,81.62233900293359,1.426933999027824,79.03817600163165,0.2624650005600415
357,79.60067899693968,1.0885800002142787,77.34555599745363,0.27050100106862374
358,84.48613200016553,1.0575240012258291,82.33156500136829,0.26059399897349067
359,78.01520800057915,1.0633210004016291,75.83765900199069,0.2590570002212189
360,83.33058900097967,0.9245420005754568,79.66936500088195,0.3553909991751425
361,81.37437400000636,1.221414000610821,78.44943199961563,0.371687001461396
362,84.03179699962493,0.9871529982774518,81.92222900106572,0.2651690010679886
363,88.81626700167544,1.3899520017730538,86.2736599992786,0.25840899979812093
364,86.84282999820425,0.9883200000331271,84.80124500056263,0.28198300060466863
365,87.39129600144224,1.0493939989828505,85.15728400016087,0.28324199956841767
366,82.08669399755308,0.9725050003908109,79.2811779974727,0.30235400117817335
367,81.24611400126014,1.1104139994131401,78.40761699844734,0.3087980003328994
368,91.54131900140783,2.008529001614079,88.24281999841332,0.3472419994068332
369,81.84858099775738,0.9322270016127732,77.74224300010246,0.2669649984454736
370,82.24510099898907,1.039153998135589,80.15386799888802,0.26437199994688854
371,80.05242200306384,1.123802998336032,77.70607599741197,0.30124200202408247
372,78.9844169994467,0.9753750018717255,76.88529400184052,0.2636119970702566
373,84.86598599847639,1.052653999067843,82.67688100022497,0.25781599833862856
374,84.12129700082005,1.2052290003339294,81.82537700122339,0.25763099984033033
375,82.25860099992133,1.135654001700459,79.94986599805998,0.2670940011739731
376,84.91735699863057,1.08448700120789,82.70943699972122,0.2630010021675844
377,81.86891399964225,1.0547650017542765,79.5919390002382,0.2601310006866697
378,85.03515300253639,1.1489140015328303,82.49725000132457,0.25609399745007977
379,84.58109599814634,1.3123589997121599,81.87769199867034,0.3080569986195769
380,87.97137299916358,3.703020000102697,83.18008799687959,0.2679270000953693
381,80.55253600105061,2.611736999824643,76.77660799890873,0.2617230020405259
382,78.33632099936949,1.0531539992371108,76.13956699788105,0.2905750006902963
383,89.14347199970507,0.9709129990369547,85.04802400057088,0.2591680022305809
384,79.24528800140251,1.118913001846522,77.03368299917202,0.25737199757713825
385,84.82455999910599,1.1346550018060952,82.50260200293269,0.2693530004762579
386,81.14829899932374,1.0925800015684217,78.88995299799717,0.26203800007351674
387,81.97046900022542,1.2178580000181682,79.4346040020173,0.375502000679262
388,84.78572700187215,1.0471349996805657,81.06918699922971,0.27989000227535143
389,85.99612100078957,1.0958950006170198,82.68595499976072,0.3351499981363304
390,86.11978899716632,1.0694499978853855,81.61032000134583,0.3158899999107234
391,88.29139400040731,2.668441000423627,84.0767589979805,0.41679799687699415
392,91.43715100071859,3.2003330015868414,86.63082899875008,0.2603350003482774
393,84.64087399988784,1.1692289990605786,82.02421099849744,0.2828349970513955
394,82.66341800117516,1.3504519993148278,80.09277399833081,0.28381700030877255
395,91.65018899875577,0.9887279993563425,87.66561200172873,0.29076099963276647
396,82.25226799913798,0.9950610001396853,80.15968200197676,0.28568700145115145
397,88.88461900278344,1.1286359986115713,86.306233999494,0.28251999901840463
398,86.89155200045207,1.0459130025992636,84.71596600065823,0.28401999952620827
399,86.32577199750813,1.071024002158083,83.90086900180904,0.2610569972603116
400,84.25107400034904,1.1627840030996595,81.84819100279128,0.3052060019399505
401,80.98979799979134,1.5163229982135817,78.22915300130262,0.34692700137384236
402,84.63041000140947,3.043628003069898,80.48738700017566,0.2591129996289965
403,83.43312600118225,0.957022999500623,79.4851969985757,0.2588160023151431
404,81.26109599834308,1.0944130008283537,78.97097200111602,0.3195019999111537
405,91.06903800056898,1.073283998266561,88.7740619982651,0.2632229989103507
406,84.35987099801423,1.009024002996739,82.19758200357319,0.2660019999893848
407,89.43223300229874,2.230030997452559,85.99147299901233,0.29935299971839413
408,89.88229099850287,1.9682700003613718,86.74638500087894,0.26926099963020533
409,87.360499001079,1.134709997131722,85.05459800289827,0.2590570002212189
410,83.54712700020173,3.3976849990722258,79.04267599951709,0.2645009990374092
411,81.25803899747552,1.025728000968229,79.0821579976182,0.26216799960820936
412,85.0664500030689,1.0485619968676474,82.80688100057887,0.29635299870278686
413,81.74856099867611,1.0658199971658178,79.48876999944332,0.2604269975563511
414,81.18505799939157,1.8730099982349202,78.16092999928514,0.26785299996845424
415,86.27632600109791,1.7740839975886047,83.30114300042624,0.2823719987645745
416,83.70799800104578,1.0835979992407374,81.48693000111962,0.2767240002867766
417,87.3692770001071,1.1694690001604613,85.02354200027185,0.2838910004356876
418,82.82356599738705,3.0392760018003173,78.68065499860677,0.2570750002632849
419,82.72451100128819,1.0499310010345653,80.372961001558,0.3650389990070835
420,85.94073199856211,0.9628010011510924,82.4487499994575,0.27855699954670854
421,82.20848900236888,1.0255979977955576,80.04027399874758,0.2616870006022509
422,85.65560100032599,1.1602849990595132,83.36647699979949,0.2649830021255184
423,81.34668799903011,0.9583760001987685,78.25415200204588,0.2639640006236732
424,82.76584399936837,2.3106050030037295,79.31673199709621,0.28768699849024415
425,82.10222900015651,1.0554130021773744,79.8310499994841,0.29428000198095106
426,79.81577299869969,1.0273020016029477,77.68787199893268,0.2571679979155306
427,87.79898300053901,0.9383200012962334,84.80905999749666,0.25911200282280333
428,89.20317500087549,3.0840729996270966,85.00667099724524,0.30383499688468874
429,80.80927799892379,1.2470260007830802,78.3571900028619,0.3004280006280169
430,87.53696300118463,2.090473997668596,84.08988799783401,0.31442799809155986
431,82.46080499884556,1.0820620009326376,80.22205200177268,0.26613099907990545
432,84.26083399899653,1.1038400007237215,81.52255900131422,0.33948300188058056
433,79.62062300066464,1.1158950001117773,77.30901800096035,0.32226100302068517
434,83.48232900243602,1.0764510006993078,81.22048400036874,0.28266799927223474
435,86.16754799732007,1.029431998176733,81.33931799966376,0.2666489999683108
436,80.58922100099153,1.2088589974155184,78.06057700145175,0.2660390018718317
437,94.5350750007492,1.7636020020290744,91.6337630005728,0.2639640006236732
438,80.27912599936826,1.087839002138935,78.01885500157368,0.25718699907884
439,89.17543500137981,1.045135999447666,86.09599199917284,0.2609650000522379
440,80.65190699926461,2.3524390016973484,77.13529499960714,0.25851899772533216
441,79.81664199905936,1.0298390006937552,77.67424100165954,0.28105700039304793
442,83.25469800183782,1.0285239986842498,81.07796400145162,0.28650199965341017
443,81.26277999690501,0.9644310011935886,76.50266099881264,0.26359399998909794
444,83.8779980003892,1.0020609988714568,81.62811500005773,0.38264999966486357
445,81.34485499977018,1.137450999522116,79.01306400162866,0.2663349987415131
446,78.71613600218552,1.0322649977752008,76.55499400061672,0.2854089980246499
447,84.46414900026866,0.9656719994382001,82.45737900142558,0.2585760012152605
448,82.11459999802173,1.0422280029160902,78.50861699989764,0.2692420021048747
449,86.66405000258237,1.143098997999914,84.2963149989373,0.32103899866342545
450,87.88401999845519,1.4070079996599816,84.92518899947754,0.2832610007317271
451,87.9970019996108,0.949394001509063,85.95193599830964,0.2790200014715083
452,87.04990499973064,0.9883019993139897,84.87959600097383,0.3177430007781368
453,84.16359200055012,1.1324320003041066,81.52272599909338,0.26785299996845424
454,90.61362699867459,1.1842470012197737,88.27942900097696,0.2660569989529904
455,78.77837800333509,0.9781169974303339,76.73132900163182,0.2639089980220888
456,88.0927239995799,1.1788770025304984,85.47948799969163,0.27461200079414994
457,80.24607100014691,1.2787110026692972,77.7136309989146,0.2607429996714927
458,78.24844799688435,1.139469000918325,75.92976899832138,0.25839099907898344
459,86.16943600281957,1.8888250015152153,82.63582500148914,0.2537789987400174
460,83.86214599886443,1.716065002256073,80.92988900170894,0.25466800070717
461,81.1360389998299,2.059956001176033,77.90316899991012,0.322464999044314
462,83.66208900042693,1.2520439995569177,81.10796500113793,0.2611859999888111
463,87.39844299998367,1.7148799997812603,81.83969099991373,0.26402000003145076
464,90.75883200057433,1.0550990009505767,88.55555999980425,0.26566899759927765
465,82.3512489987479,1.1441360002208967,80.09762499932549,0.2677229967957828
466,90.34516199972131,2.6139220026379917,86.65521600050852,0.2758720002020709
467,80.93112999995355,2.1003260008001234,77.68338900132221,0.26703900221036747
468,80.53483100229641,1.812157999665942,77.54681500227889,0.2969269989989698
469,85.32652399662766,1.4939890024834312,82.6548980003281,0.2648349982337095
470,79.71877200179733,1.9549549979274161,76.66273500217358,0.2589270006865263
471,85.08005900148419,1.0566730015852954,82.87213999938103,0.26281600003130734
472,80.6874619993323,1.114265000069281,78.44974600084242,0.2609090006444603
473,78.55967199793668,1.1428209982113913,76.23184499971103,0.27100200168206356
474,86.31980800055317,1.8810100009432063,83.338698001171,0.266946000920143
475,82.01070900031482,1.0517100017750636,79.80216000214568,0.25800200091907755
476,79.82623499992769,1.073395000275923,77.5996300035331,0.26368700127932243
477,90.32549599942286,2.1453629997267853,86.96325499840896,0.31390900039696135
478,84.39409300262923,0.9949679988494609,82.27706300021964,0.28053899950464256
479,90.31068100011908,0.9531900032015983,86.7387170001166,0.2783719974104315
480,81.70720799898845,1.1724320029316004,79.37634300105856,0.2743160002864897
481,82.0131529981154,1.895509998576017,78.91041499897256,0.30805799906374887
482,84.75678100148798,1.1835990007966757,81.32881699930294,0.334206000843551
483,80.7497579990013,1.1034689996449742,78.46620899726986,0.2611310010252055
484,83.58516199950827,1.2040439978591166,81.21252000273671,0.2625380002427846
485,81.25961300174822,1.6791939997347072,78.38246800019988,0.29731699760304764
486,81.66676299879327,2.6661449992388953,77.91209499919205,0.2627419999043923
487,84.90020699900924,1.2346179973974358,81.51746599833132,0.25989000278059393
488,80.48418300313642,1.0790990017994773,78.27450400145608,0.2621870007715188
489,113.43106599815655,1.064357998984633,111.1947949975729,0.2648170011525508
490,87.77703799933079,0.9935800007951912,83.53442099905806,0.3070940001634881
491,84.63622300041607,1.0039500011771452,80.43868300228496,0.3390569982002489
492,84.20251799907419,1.12208000064129,82.01243199800956,0.2624650005600415
493,83.72770000278251,2.2621419993811287,80.22970000092755,0.25659400125732645
494,82.06072800021502,1.0387279980932362,79.92971599742305,0.26079800227307715
495,80.03175399790052,1.2228029991092626,77.51514700066764,0.2642979998199735
496,79.53527000063332,1.0231529995508026,77.20988700020825,0.294667999696685
497,84.64663099948666,2.2665309988951776,81.08538899978157,0.26187199910054915
498,84.00079499915591,1.0265609998896252,81.82354200107511,0.2838910004356876
499,84.76381700165803,1.8111950012098532,81.74380000127712,0.2695200018933974
500,79.55506600046647,1.0462470017955638,77.37666499815532,0.2980389981530607
501,79.82967899806681,1.0115609984495677,77.72192600168637,0.29777899908367544
502,87.44255300189252,0.9579489997122437,83.47194000089075,0.25927900060196407
503,81.21296399986022,1.781083999958355,78.21137400242151,0.3134460021101404
504,87.44453599865665,1.8930850019387435,84.07262800028548,0.3050759987672791
505,78.72704300098121,0.9875430005195085,76.66845800122246,0.29326100047910586
506,79.96095699854777,1.0837469999387395,77.67922300263308,0.30505700124194846
507,83.44799400219927,1.6542310004297178,80.32797699706862,0.2606309972179588
508,81.09175999925355,1.8305099983990658,78.11224400211358,0.25783399905776605
509,87.10568199967383,1.0595610001473688,84.92229900002712,0.2564269998401869
510,86.00678600123501,2.6026070008811075,82.26274800108513,0.2808339995681308
511,82.89226999841048,0.9568939967721235,79.0904519999458,0.29390899726422504
512,85.67448800022248,1.8592689993965905,82.58687899797224,0.25859400193439797
513,81.46752099855803,0.9611530003894586,79.38980600010836,0.29366799935814925
514,84.0965720017266,1.3206740004534367,81.53433600091375,0.35165000008419156
515,81.70648500163225,1.2717669997073244,78.61333799883141,0.30833499840809964
516,81.2732979975408,0.9368569990328979,77.59327800158644,0.26120500115212053
517,86.053750001156,1.103210001019761,83.88525600093999,0.2738350012805313
518,79.42424999782816,1.0117650017491542,77.23434999934398,0.2733349974732846
519,80.76440600052592,1.0651919983502012,78.50328300264664,0.25816799825406633
520,83.12097400266794,0.9448389973840676,79.35761999760871,0.26413099840283394
521,78.29852199938614,1.0136720011360012,76.22702899971046,0.2664640014700126
522,92.85165699839126,1.034580000123242,90.68047899927478,0.26294599956599995
523,80.6215170014184,1.381822999974247,78.08463100082008,0.2972610018332489
524,90.54388499862398,1.1221539971302263,87.37694199953694,0.3946510005334858
525,83.80419999957667,0.9693579995655455,81.6400590010744,0.2964829982374795
526,82.33767400088254,1.0394689998065587,80.10916100101895,0.283686000329908
527,85.51106099912431,1.207154997246107,83.08391800164827,0.281131000519963
528,82.83343500079354,1.1511910015542526,80.50521900077001,0.277964001725195
529,85.69454399912502,0.9980059985537082,83.53056900159572,0.28405800185282715
530,78.71126499958336,1.0479509983269963,76.40730699858977,0.31981699794414453
531,79.6666220012412,0.8893010017345659,76.8044579999696,0.2625759989314247
532,82.38508100112085,1.0101910011144355,80.17908799956786,0.2645390013640281
533,79.23824899989995,0.9989499994844664,77.15120099965134,0.26702000104705803
534,82.40921099786647,1.0219499999948312,80.23214400236611,0.2645009990374092
535,84.09705400117673,2.308382998307934,80.66857199810329,0.2877239967347123
536,80.82690599985654,1.0461359997862019,78.63230200018734,0.2591680022305809
537,84.46892600113642,1.0170790010306519,82.3514139992767,0.2636120007082354
538,89.139822001016,3.0497199986712076,84.91653899909579,0.28970499988645315
539,91.96376299951226,1.0814510023919865,88.88694999768632,0.28279799880692735
540,84.20527599810157,1.1320619996695314,81.83122700211243,0.2888169983634725
541,82.8250830018078,1.0366910028096754,80.66829399831477,0.2838709988282062
542,89.62875100041856,1.83275000017602,86.55840000210446,0.2896679980040062
543,80.13060599841992,1.1055620016122703,77.46018400212051,0.26122399867745116
544,84.10362699942198,1.0701729988795705,81.8175220010744,0.25737199757713825
545,79.22202700137859,0.9968949998437893,77.12812600220786,0.2602419990580529
546,80.58579299904522,1.0893949984165374,78.34079999884125,0.25137099873973057
547,85.44359799998347,1.092839000193635,83.31121599985636,0.27031699937651865
548,80.07979100148077,0.933301002078224,77.27936800074531,0.26813099975697696
549,82.90486099940608,0.9651349973864853,80.82514600027935,0.2821689995471388
550,82.3636360000819,1.5196380009001587,79.44950900127878,0.2648539993970189
551,81.90465299776406,1.0802840006363112,79.79606599838007,0.25696499869809486
552,85.63576500091585,1.6890650003915653,82.63956399969175,0.2586130030977074
553,84.50655599881429,1.2826739985030144,82.05972699943231,0.2635199998621829
554,89.05563600274036,1.0733759991126135,86.85482700093416,0.2828899996529799
555,79.79297400015639,1.5791559999343008,76.55534499645,0.25339100102428347
556,84.81414999914705,1.2785069993697107,81.73122500011232,0.2853719997801818
557,91.30401799848187,0.9730419988045469,86.99403200080269,0.29879800058552064
558,83.28351200179895,1.4577860019926447,80.67701599793509,0.2608719987620134
559,86.07495300020673,1.446452999516623,83.19615900109056,0.48439199963468127
560,84.20283099985681,1.7542319983476773,80.5761640003766,0.2874270030588377
561,83.32488299856777,1.2186740023025777,80.91627599787898,0.28068699975847267
562,87.66327600096702,1.118079999287147,85.2545400011877,0.28061200282536447
563,85.12224399964907,1.0272280014760327,79.90125200012699,0.2775570028461516
564,85.76087699839263,1.0931540018646047,83.42649399855873,0.2670379981282167
565,84.53462900070008,1.074005998816574,82.30665399969439,0.26040899683721364
566,83.50575400254456,1.2099509986001067,81.15568499852088,0.3311500004201662
567,85.02259499800857,1.378656001179479,81.22296299916343,0.2887230002670549
568,82.23996900051134,1.0092650009028148,80.08677199904923,0.2856309984053951
569,85.99521100040874,1.1145059979753569,83.65414400032023,0.2810750011121854
570,83.60701399942627,1.1462469992693514,81.26705700124148,0.2813720020640176
571,83.10897300179931,1.82432400106336,79.8397329999716,0.28496399681898765
572,85.75672899678466,1.0518579983909149,83.5465869968175,0.3505019994918257
573,81.16127800167305,1.0653580029611476,78.91948799806414,0.2718350006034598
574,87.12340200145263,1.128339998103911,84.68194500164827,0.42974299867637455
575,84.3443509984354,1.4154700002109166,81.21116700203856,0.2819839974108618
576,83.70071700119297,0.9875979994831141,81.59881699975813,0.2841499990609009
577,89.32506299970555,1.0623580019455403,86.97477299938328,0.37390899888123386
578,82.90912099982961,1.1234699995839037,80.60068199847592,0.2815389998431783
579,81.6308539979218,1.3613589981105179,79.08117399711045,0.264927999523934
580,87.42083000106504,2.1840679983142763,84.1542380003375,0.26201999935437925
581,82.7390459999151,1.1818580023827963,80.39571799963596,0.2655200005392544
582,93.14293599891244,1.1345989987603389,90.86581199881039,0.2657049990375526
583,79.21432200237177,1.0491359971638303,76.99777299785637,0.2913719981734175
584,85.13903999846661,0.9388939979544375,80.33538399831741,0.34157600020989776
585,80.90053500200156,1.2812660024792422,78.01392699911958,0.26866799817071296
586,81.3448899971263,1.2164330000814516,78.92583899956662,0.30329799847095273
587,84.6064440011105,2.005400001507951,81.45040899762535,0.33374299891875125
588,194.66121300138184,1.9459359973552637,191.45636199755245,0.3150199991068803
589,138.04160799918463,1.2965629975951742,135.26199899934,0.2927800014731474
590,84.58742500079097,1.318377999268705,80.90310899933684,0.2615019984659739
591,79.92788199771894,1.1359870004525874,77.64736899844138,0.27840899929287843
592,88.97898700161022,0.9520610001345631,85.20491100352956,0.3924470001948066
593,88.4207429990056,1.1614880022534635,85.92206300090766,0.25596399791538715
594,92.33498600224266,1.8535839990363456,89.24359999946319,0.28305700107011944
595,89.11830299985013,1.1939879987039603,86.81866100232583,0.2652420007507317
596,82.04704099989613,1.2030990001221653,79.55717599907075,0.277019997156458
597,82.58128499801387,1.1474319981061853,80.1366230007261,0.34329799746046774
598,82.04572700196877,1.0588580007606652,79.68443600111641,0.2748160004557576
599,82.54496999870753,1.718360999802826,78.06848300242564,0.2829830009432044
600,82.94804600154748,1.0564309995970689,80.7397940006922,0.25724200168042444
601,78.74450499730301,1.0937840015685651,76.47991799967713,0.2852610014087986
602,81.9485590000113,1.0554509972280357,79.63660200039158,0.26150100165978074
603,83.84894000118948,1.0395059980510268,81.70715000233031,0.26548299865680747
604,80.52114399833954,1.258322001376655,78.11738999953377,0.29429799906210974
605,86.01760000237846,1.0699510021368042,83.76471700103139,0.2898720013035927
606,79.64978800009703,1.0170050009037368,77.56853499813587,0.2594279976619873
607,89.83434299807413,0.9282270002586301,86.06648900240543,0.31415000194101594
608,82.40335800292087,1.0698759979277384,80.0979930027097,0.3007060004165396
609,81.78585399946314,1.1172650010848884,79.49421200100915,0.2629819973662961
610,87.65196099921013,1.0169680026592687,85.50381900204229,0.261835000856081
611,79.65274999878602,0.9192090001306497,75.69359900298878,0.28689100145129487
612,83.7641430007352,1.7889549999381416,80.82588699835469,0.2963350016216282
613,81.54616799947689,1.236247000633739,79.03969100152608,0.25620499945944175
614,82.05285599979106,1.0176169998885598,79.94271500137984,0.26150100165978074
615,86.24436100217281,1.0246539968647994,84.07460799935507,0.2878170016629156
616,80.73434899779386,1.0838389971468132,78.56693000212545,0.2592609998828266
617,81.07046100121806,1.2530430030892603,78.51370699791005,0.259205000475049
618,82.48630299931392,0.9944129997165874,80.4321430005075,0.25887100127874874
619,79.72775099915452,1.082692000636598,77.49749799768324,0.26566900123725645
620,87.42555199933122,1.1354880007274915,85.15050300047733,0.2641119972395245
621,93.3561580022797,1.304952002101345,90.72273700076039,0.276482998742722
622,83.68001299822936,2.691402998607373,79.75667700156919,0.37816799886059016
623,85.16252100162092,2.550884997617686,81.28899999792338,0.26876099946093746
624,83.49795599860954,1.8751770003291313,80.51969900043332,0.26494600024307147
625,81.02911000241875,1.0890810008277185,78.73509699857095,0.26153799990424886
626,79.25122899905546,1.1244689994782675,76.91592100309208,0.29640900174854323
627,79.6916949984734,1.0413579984742682,77.5163309990603,0.2580939981271513
628,82.35863500158302,1.2527299986686558,79.91782499811961,0.26696399800130166
629,79.69232499817736,1.0836170004040468,77.33666399872163,0.33248299951083027
630,83.52571500290651,0.9937089998857118,81.44331500079716,0.26466799681656994
631,83.49653099867282,1.9591220006986987,80.39706899944576,0.26170599812758155
632,81.26646199889365,1.0478200019861106,79.07083900136058,0.26383500153315254
633,82.85065699965344,1.0669319999578875,80.64025500061689,0.27355700149200857
634,79.77778700296767,0.9037449999595992,77.81403599801706,0.2605199988465756
635,85.22553999864613,1.1758399996324442,82.838193000498,0.2625009983603377
636,83.0468429994653,0.9425790012755897,80.29053099744488,0.2662979968590662
637,80.24851200025296,1.9091949980065692,77.18475499859778,0.26433400125824846
638,83.92942199861864,2.192549000028521,80.6057179979689,0.2632239993545227
639,84.68124000137323,1.032357002259232,80.39751299656928,0.2636869976413436
640,88.56618799836724,2.3449389991583303,84.61648099910235,0.2707979983824771
641,80.36429100320674,1.160061998234596,77.96329700067872,0.2614459990581963
642,82.44648699837853,2.7875330015376676,78.5920400012401,0.2620570012368262
643,82.16443000128493,1.0321539994038176,79.96158399691922,0.27992700051981956
644,85.24326199767529,1.8169920003856532,82.16998599891667,0.2819639994413592
645,87.73051599928294,1.3615259995276574,85.10996499899193,0.2649649977684021
646,80.20493799995165,0.9879309982352424,78.13637100116466,0.26135300140595064
647,84.26868300011847,1.1141360009787604,80.43732899750466,0.27283500094199553
648,83.9617920028104,1.1151920007250737,81.72031600042828,0.26403800075058825
649,80.1325110005564,1.0448390021338128,77.93983299779939,0.26851999791688286
650,81.95431799686048,1.0934689998975955,79.58693399996264,0.2961690006486606
651,90.67151400086004,1.196858000184875,87.70716399885714,0.26361299751442857
652,86.07458100232179,0.9579129982739687,82.56393199917511,0.264316000539111
653,87.57671899729758,1.1309510009596124,85.2428170001076,0.2622049978526775
654,79.83882500047912,0.9368009996251203,77.82270300231175,0.2654269992490299
655,82.52356199955102,1.0573019972071052,80.28167900192784,0.2617979989736341
656,81.25677700081724,1.0435059994051699,79.13115399787785,0.2641499995661434
657,80.37540100121987,1.1230620002606884,78.17727899964666,0.26455699844518676
658,86.00526599911973,1.677972002653405,83.20899199679843,0.2628350011946168
659,89.18183900095755,0.9557829980622046,84.95826000216766,0.26892700043390505
660,85.14090899916482,1.0982829990098253,82.88734199959436,0.28822400054195896
661,87.23632799956249,2.2027720006008167,83.85781000106363,0.28255700090085156
662,81.00716500121052,0.99545000193757,78.90224500079057,0.29840899878763594
663,91.09932999854209,1.0257470021315385,88.8040589998127,0.26161300047533587
664,80.61014399936539,0.9468009993724991,77.9362030007178,0.29259400253067724
665,86.28395300183911,0.9310420027759392,82.60430299924337,0.25979700149036944
666,80.5623279993597,0.9540969986119308,76.86736399773508,0.2616870006022509
667,83.21193599840626,1.2112100012018345,79.78019499932998,0.26983499992638826
668,88.47940900159301,0.9688200007076375,85.56578099887702,0.26179700216744095
669,80.59716199932154,1.1279690006631427,77.55920099953073,0.26326000079279765
670,84.2214590011281,1.721139000437688,80.61279200046556,0.26466800045454875
671,79.55836099790758,1.0938949999399483,76.78278900129953,0.25463099882472306
672,82.20024399997783,1.9577700004447252,78.14559300095425,0.2645759996084962
673,88.52041000136524,0.9238009988621343,84.78318500056048,0.2697609997994732
674,79.70643500084407,0.9277639983338304,76.83273400107282,0.2630019989737775
675,87.77659000043059,0.9260610022465698,84.19207100087078,0.26359399998909794
676,80.00667699889163,0.9664869976404589,77.94683199972496,0.26550100301392376
677,81.22033199833822,0.9667830017860979,76.84469699961483,0.26216800324618816
678,83.16299100260949,1.0513760025787633,81.01381199958269,0.26124200303456746
679,79.59495300019626,1.7832320008892566,76.5799729997525,0.3169470001012087
680,96.48834099789383,1.0783029974845704,92.40654099994572,0.2701859993976541
681,80.16049300204031,1.1282099985692184,77.9199989992776,0.2589089999673888
682,79.71545299733407,1.0224309990007896,77.58594099868787,0.2747979997366201
683,91.6224440006772,1.1929880020034034,87.96492400142597,0.28881599791930057
684,82.51506200031145,1.008339000691194,78.63885500046308,0.26622400037012994
685,80.81684799981304,0.9820419982133899,78.71070700275595,0.25418700170121156
686,79.29274699927191,1.151524000306381,76.94427199749043,0.26514999990467913
687,79.40711900300812,1.0991909985023085,77.1330499992473,0.26635399990482256
688,83.49801099757315,1.1014140000042971,81.2799619998259,0.263668000116013
689,79.61421200161567,1.2817479982913937,77.19486499991035,0.29776099836453795
690,86.50036099788849,2.149881998775527,83.11910200063721,0.3739280000445433
691,80.79584799997974,1.0683760010579135,78.56839099986246,0.2745380006672349
692,91.66437000021688,1.7766579985618591,88.78929899947252,0.26270500165992416
693,86.37267499943846,0.979746000666637,84.30145899910713,0.2601870000944473
694,82.20330000040121,1.065653999830829,79.96582499981741,0.26416799664730206
695,87.69597799982876,1.1661740027193446,84.50236799762934,0.2856309984053951
696,87.3989400024584,2.2704570001224056,84.00942099979147,0.2818350003508385
697,89.26978299859911,1.1154319981869776,87.02906700273161,0.2810380028677173
698,89.58082200115314,1.046358000166947,85.51889200316509,0.2806129996315576
699,85.98300599987851,1.338895999651868,83.48558500074432,0.2880749998439569
700,90.77123499810114,0.9852830007730518,86.95506600270164,0.2896309997595381
701,80.74545899944496,1.0394319979241118,78.60137299940106,0.2652059993124567
702,87.82483100003446,0.9803200009628199,85.75876399845583,0.26251999952364713
703,84.41560800201842,0.97891199766309,80.59530900209211,0.26240900115226395
704,79.09222799935378,1.2389509975037072,76.68073300010292,0.28676099827862345
705,83.98212400061311,1.1429510013840627,81.70990800135769,0.28515000303741544
706,83.91692100121872,2.5812179992499296,80.2496219985187,0.2897240010497626
707,82.43907900032355,1.0903769980359357,80.20865899743512,0.2776869987428654
708,86.59034199808957,0.9931540007528383,84.51314600097248,0.2810020014294423
709,81.60642599978019,1.1378960007277783,79.29237699863734,0.28755700259353034
710,86.08348800044041,1.0299130008206703,83.92088400069042,0.28609400033019483
711,86.95310400071321,1.23422899923753,84.58149800208048,0.2854090016626287
712,86.2950999980967,2.688885000679875,82.38341199830757,0.3628720005508512
713,84.81142500022543,1.2852299987571314,82.01935500255786,0.2811129998008255
714,82.35948600122356,1.019745999656152,80.20695599770988,0.2921860032074619
715,86.39485999810859,1.0847090015886351,84.16749599928153,0.2906320005422458
716,82.50282000153675,1.128449999669101,80.20421500259545,0.2784830030577723
717,83.89121599975624,1.2437290024536196,81.45349999904283,0.2816870000970084
718,86.30137799991644,0.9838749974733219,84.16205100002117,0.3150199991068803
719,83.39304699984496,1.7243239999515936,80.52038400273887,0.2784650023386348
720,89.91278599933139,0.9950429994205479,87.7691820023756,0.2990200009662658
721,83.65101200251956,1.1088950013800059,81.39783200022066,0.2857979998225346
722,82.91078500042204,1.0554140026215464,80.50977200036868,0.32553900018683635
723,89.41620899713598,1.0875239968299866,87.22227199905319,0.2647420005814638
724,83.28723200247623,0.9817829995881766,79.64586000161944,0.2889829993364401
725,86.00602399747004,1.3070259992673527,83.26999099881505,0.27500099895405583
726,87.44686499994714,1.0490239983482752,85.1806860009674,0.2882049993786495
727,82.84708100109128,1.0849320024135523,80.63510600186419,0.291389998892555
728,84.56142399882083,1.7987129976972938,81.33981300125015,0.2538540029490832
729,80.03436200306169,1.1615620023803785,77.76788600313012,0.26285299827577546
730,82.02489099858212,0.9542090010654647,79.81202700102585,0.4195949986751657
731,85.15420500043547,2.037696001934819,81.95935399999144,0.29879800058552064
732,82.15579899842851,1.08685799932573,77.40429200202925,0.25457599986111745
733,83.29560200218111,1.0943759989459068,81.14003499940736,0.26600099954521284
734,81.68405600008555,1.0340240005461965,79.42726600231254,0.35376099913264625
735,82.1805220002716,0.9537830010231119,78.61640999908559,0.2625760025694035
736,86.45221199913067,1.0454319999553263,82.94641500106081,0.31587199919158593
737,80.71393899808754,1.080598998669302,78.49626099778106,0.2628350011946168
738,82.99795200218796,0.9766349976416677,80.91943999897921,0.272667999524856
739,84.74642500004848,2.982126999995671,80.66966100159334,0.26413099840283394
740,82.28083699941635,1.0310430006938986,80.04625100147678,0.33687299946905114
741,88.65124200019636,1.0804510020534508,86.3994149985956,0.3001870027219411
742,80.92014399881009,0.958579003054183,78.88967100006994,0.2635199998621829
743,90.23591699951794,2.4550139969505835,86.61563799978467,0.2667050030140672
744,84.69618399976753,1.9649179994303267,81.55975900081103,0.2647420005814638
745,80.51001200146857,1.1207659990759566,78.00499799850513,0.2796500011754688
746,84.61762799925054,0.9368940009153448,82.60230199812213,0.26866800180869177
747,88.96276200175635,1.0202459998254199,86.82310199947096,0.2873170014936477
748,85.85291199779022,1.0901169989665505,83.62941900122678,0.28666800062637776
749,81.57266600028379,1.0361349995946512,79.37756200044532,0.27792699984274805
750,81.38231400153018,1.346062999800779,78.86513299672515,0.2814639992720913
751,87.20473399807815,0.9998940004152246,84.41190399753395,0.26720499954535626
752,85.56098400003975,0.95317099840031,81.98368699959246,0.26383499789517373
753,88.53585200267844,1.090469002519967,86.22852500047884,0.31605699768988416
754,89.1043189985794,1.1502839988679625,86.61367500099004,0.2633719996083528
755,92.46257699851412,0.9918020004988648,90.3409919992555,0.2905019973695744
756,84.57559000089532,2.2007150000717957,81.11288600048283,0.28550100250868127
757,84.26303300075233,1.2491549969126936,81.689999999071,0.2891119984269608
758,91.93203700124286,1.1261910003668163,89.64467300029355,0.28489099713624455
759,82.01755799746024,1.0124129985342734,79.86045299912803,0.2981129982799757
760,87.6325880017248,1.033893997373525,82.8710060013691,0.3211490002286155
761,82.69635699980427,1.063061998138437,80.4366789998312,0.29644599999301136
762,79.57021100082784,1.1053029993490782,76.64025100166327,0.2609090006444603
763,87.18165999744087,0.9757269981491845,83.98567899712361,0.2615020021039527
764,80.05658399997628,1.0167649998038542,77.92577600048389,0.26663099924917333
765,84.61220100070932,1.1033570008294191,82.40396700057318,0.27181599944015034
766,82.47983700130135,1.0662829990906175,80.32634499977576,0.263019999692915
767,84.05275399854872,2.79079300162266,80.15936200172291,0.26161300047533587
768,88.43990700188442,1.004376001219498,86.33011799975066,0.2701310004340485
769,87.25486399998772,1.2088020012015477,84.92290600042907,0.2911320007115137
770,89.4503759991494,3.256129002693342,85.08283300034236,0.26320500182919204
771,80.92195900098886,0.9587089989508968,78.905558999395,0.2657229997566901
772,78.70366899805958,1.028432001476176,76.55519399850164,0.26216800324618816
773,84.69758999854093,1.0658389983291272,81.77644500028691,0.2622050014906563
774,80.0250460015377,1.770139999280218,76.97130799715524,0.31796400071471
775,79.96519500011345,1.023099001031369,77.06253099968308,0.259741998888785
776,85.25564899900928,1.0397830010333564,83.09504399949219,0.2614459990581963
777,82.11735400254838,2.0381030008138623,78.95353999992949,0.2610200026538223
778,84.25527299914393,1.0618950000207406,81.97774200016283,0.2843910006049555
779,82.98241399825201,1.6625089992885478,80.20876899900031,0.2865569986170158
780,82.95065499987686,2.2438450032495894,79.3178390013054,0.2749089981080033
781,93.01502500238712,1.1234880003030412,89.87845199953881,0.2897240010497626
782,95.12451699993107,0.969837998127332,92.25639099895488,0.28133500018157065
783,88.09057200051029,3.4042410006804857,83.51141700040898,0.27868699908140115
784,86.36504399692058,1.7670650013315026,80.73327199963387,0.25300199922639877
785,88.67370400184882,1.0970980001729913,85.06268500059377,0.4454099980648607
786,81.30277500094962,2.5392360003024805,77.54231100261677,0.27909399796044454
787,81.67512999716564,3.288276999228401,77.29699500123388,0.26477900246391073
788,85.22731500124792,1.058375997672556,81.57836900136317,0.26598299882607535
789,81.14525600103661,1.8107689975295216,77.95007199820247,0.2763539996522013
790,87.11630700054229,0.9822089996305294,83.08878500247374,0.3234089999750722
791,81.57836999816936,1.0185430001001805,79.44604300064384,0.26677899950300343
792,80.55053000134649,1.0088199996971525,78.4631669994269,0.26639000134309754
793,82.73885800008429,1.0684870030672755,80.4788820023532,0.3317420014354866
794,81.31347900052788,1.0427650013298262,79.15413399678073,0.2645940003276337
795,79.79580399842234,0.9886719999485649,77.72355199995218,0.273390000074869
796,88.27014700000291,1.0466169987921603,86.08937600001809,0.3332799969939515
797,83.56693500172696,0.9913199974107556,81.44653500130516,0.25444600032642484
798,89.37483799672918,0.9771350014489144,87.32938200046192,0.2644829983182717
799,79.00161500219838,1.1674320012389217,76.41441599844256,0.2980379977088887
800,79.664265998872,1.0007460004999302,76.3604519997898,0.26137199893128127
801,84.75207200172008,0.9861350008577574,82.70865400118055,0.2577420018496923
802,81.41099799831863,0.9034679969772696,78.11838799898396,0.3178899969498161
803,86.28569099892047,1.3609150009870064,83.78615900073783,0.25939000261132605
804,80.94620000338182,1.1328959990350995,78.72700200096006,0.262908997683553
805,81.67590699667926,0.9986349978134967,79.57056199666113,0.2963169972645119
806,83.02404300047783,2.205197000876069,79.63656200081459,0.2585020010883454
807,82.6044310015277,2.8443669980333652,78.64398400124628,0.26564900326775387
808,88.6970379979175,1.066339002136374,86.53165499708848,0.2814090003084857
809,83.91651100100717,1.1283579988230485,81.60320299793966,0.2924090003944002
810,89.16452199991909,1.1001169987139292,86.91710199855152,0.2857979998225346
811,87.90281099936692,1.1201169982086867,85.47898300093948,0.297946000500815
812,82.75157900061458,1.1708210004144348,78.841762002412,0.2788160018099006
813,90.38528699966264,1.0180239987676032,88.26588699957938,0.276020000455901
814,84.03608700245968,1.1987849975412246,81.59966599851032,0.2808719982567709
815,87.2645849995024,1.1275619981461205,84.91327600131626,0.32040900259744376
816,83.43891600088682,1.3313409981492441,80.73912400141126,0.27694600066752173
817,84.65394199811271,1.2088030016457196,82.17913200132898,0.32200100031332113
818,87.05039900087286,1.0459869990881998,84.80175800286816,0.33994700061157346
819,83.49960199848283,1.184581000416074,81.0842920000141,0.33237300158361904
820,115.13099500007229,2.2091409991844557,111.78664399994886,0.2793909989122767
821,82.2744840006635,1.6778979988885112,79.42604199706693,0.32553900018683635
822,88.89987200018368,1.8658250010048505,85.90309699866339,0.27381600011722185
823,82.67781999893486,1.0504499987291638,80.47804799934966,0.279946001683129
824,83.9705110010982,1.9038059981539845,80.94212400101242,0.2640940001583658
825,85.11944400015636,1.127117000578437,82.7417090004019,0.4011879973404575
826,82.62607899814611,1.6374160004488658,79.81954400020186,0.2643709995027166
827,90.11610000015935,1.1113399996247608,87.82021700244513,0.2585750007710885
828,83.51621300244005,1.047006000590045,81.27770099963527,0.3415200008021202
829,82.62637499865377,1.2212849978823215,80.17536099941935,0.27385299836168997
830,87.87897699949099,1.0046909992524888,84.11543900001561,0.27561300157685764
831,84.93446200009203,3.3595920031075366,80.39315900168731,0.3472239986876957
832,87.45188200191478,2.3890869997558184,83.92032600022503,0.3115379986411426
833,83.50278699799674,1.0793199980980717,81.25381200079573,0.2992609988723416
834,82.09605600131908,1.0659879990271293,79.8990639996191,0.2829830009432044
835,85.40857499974663,1.907139998365892,82.40113300053054,0.28124199889134616
836,81.7400740015728,1.1065060025430284,79.49895099955029,0.2833910002664197
837,86.58432199808885,1.0735610012488905,84.36958800302818,0.28322299840510823
838,85.84302199960803,1.8996219987457152,82.7575790026458,0.276556998869637
839,85.07120200010831,1.016930997138843,82.95806200112565,0.2735009984462522
840,92.65828099887585,3.007867999258451,88.53511100096512,0.26979800168192014
841,82.89050600069459,1.1169870012963656,80.65715999691747,0.26588999753585085
842,84.1636049990484,0.904634998732945,80.53580799969495,0.34329800109844655
843,81.8965560029028,3.0502949994115625,77.80181099951733,0.2535009989514947
844,80.5619549973926,1.0050060009234585,78.38773999901605,0.2996869989146944
845,84.27160600331263,1.080450998415472,82.05913100027828,0.2685569997993298
846,80.1078789991152,0.9191530007228721,76.49415599735221,0.2626310015330091
847,77.86140399912256,0.9615979979571421,75.85078299962333,0.2592980017652735
848,83.71689900013735,1.1198569991393015,81.31164500082377,0.2681679980014451
849,80.89943899904029,1.2392480020935182,78.51553699947544,0.2616500023577828
850,84.23149500231375,1.9660289981402457,81.15947800251888,0.26044599871966057
851,81.6991469982895,2.892794000217691,77.75147799839033,0.26100100149051286
852,81.31120100006228,1.033245996950427,78.91626199852908,0.45694700020249
853,87.46352999878582,1.5778970009705517,84.31588399980683,0.2547610019973945
854,81.82977700198535,1.0640799991961103,79.66235799904098,0.2620570012368262
855,86.39959900028771,1.890362000267487,80.39654799722484,0.2700750010262709
856,85.05273899936583,1.0270790007780306,82.93754300029832,0.26016799893113784
857,79.07265099856886,1.8313990003662184,75.97168999927817,0.265650000073947
858,88.12975600085338,1.8894550012191758,84.9193309986731,0.26974199863616377
859,82.18051999938325,1.7492129991296679,79.33217100071488,0.2619090009829961
860,91.41092199934064,1.2163399987912271,89.05100199990557,0.2943170002254192
861,79.22257800237276,1.1318209981254768,76.97893699878477,0.26007500127889216
862,81.24845999918762,1.4887860015733168,78.52538899896899,0.2792049999698065
863,84.62358899851097,1.23265500224079,79.37374600078329,0.2593710014480166
864,81.5091639997263,1.0288200028298888,79.40954199875705,0.2554079983383417
865,88.21644199997536,1.0269690028508194,85.08470299784676,0.40974299918161705
866,82.87324600314605,1.9764919998124242,79.23900399691775,0.3233720017306041
867,81.89659199706512,0.9966539982997347,78.07557200067095,0.2738719995249994
868,89.07835400168551,1.1961169984715525,84.82449700022698,0.25885299692163244
869,83.67830499992124,1.1163210001541302,81.37901600275654,0.32218600244959816
870,91.96764700027416,1.0708209993026685,89.82485700107645,0.25496499802102335
871,83.12128499892424,0.9451719997741748,81.14834800289827,0.25327899857074954
872,83.31248900140054,1.0090799987665378,81.14144000137458,0.3347609999764245
873,87.23475099759526,2.4127169999701437,83.5311009977886,0.2932050010713283
874,80.0287300007767,1.1233210025238805,77.82290300019667,0.2511489983589854
875,84.89244200245594,0.9818940015975386,82.83287499943981,0.2551120014686603
876,83.82026899926132,1.8941589987662155,80.89099499920849,0.25763099984033033
877,79.96247099799803,1.262784000573447,77.50173500244273,0.297834998491453
878,86.31317199979094,0.986079998256173,84.25395700032823,0.2644640007929411
879,82.51989200289245,1.9692330024554394,79.42272699801833,0.3319100032967981
880,85.2812589982932,1.3328770000953227,82.75287500146078,0.30720499853487127
881,81.3934040015738,2.24058599997079,77.56925400099135,0.2613159995235037
882,85.39440799722797,1.0144320003746543,82.02192699900479,0.27205700098420493
883,90.29526700032875,1.8101950008713175,87.23123199888505,0.26266799977747723
884,80.410695001774,1.067895002051955,78.21786900240113,0.2603720022307243
885,87.46903000064776,0.9271909984818194,84.33103100105654,0.26072300170199014
886,82.47324399781064,2.4630500010971446,78.9281880024646,0.2740009986155201
887,80.69260400225176,1.0621170004014857,78.52251900112606,0.2685020008357242
888,86.72069199747057,1.0983020001731347,84.4551619993581,0.2598709979793057
889,79.78995099983877,1.183283999125706,77.49425300062285,0.2562789995863568
890,86.17161599977408,1.8685659997572657,83.13298800203484,0.2808539975376334
891,81.5142930005095,2.5190699998347554,77.86153299821308,0.26188999981968664
892,81.97311100229854,1.5620459998899605,79.27789299719734,0.2807610035233665
893,84.77036699696328,1.123988000472309,82.5289660024282,0.29131599876563996
894,81.56118300030357,1.004801997623872,79.40056000006734,0.2869829986593686
895,91.27719900061493,1.0273200023220852,87.36215899989475,0.2820760018948931
896,84.35671600091155,1.1778769985539839,81.94981499764253,0.2858719999494497
897,82.39768799830927,1.1288950008747634,80.11458200053312,0.2856129976862576
898,87.83162400141009,1.0092459997395054,83.73732400286826,0.29631600045831874
899,86.53733900064253,1.0720430000219494,84.23795699854963,0.2721679993555881
900,96.45315300076618,3.2237769992207177,92.09392499906244,0.2701310004340485
901,81.58766399719752,1.717176000965992,78.65494500219938,0.33601999894017354
902,80.52973300073063,1.0733210001490079,76.7834899997979,0.2595570003904868
903,92.3061300018162,1.8713249992288183,89.3260390002979,0.2627609974297229
904,80.84223399782786,0.9217080005328171,78.05427499988582,0.25766799808479846
905,86.93110100284684,1.2031730002490804,84.50729099786258,0.2873349985748064
906,84.83995899950969,0.9689869984867983,81.75897999899462,0.28066800223314203
907,89.9385060001805,1.15857999844593,87.53630799765233,0.2845570015779231
908,81.3314970000647,1.375230000121519,78.84644599835156,0.2587609997135587
909,79.25342899761745,1.1527099995873868,76.6588229998888,0.26113099738722667
910,86.2640970008215,0.9825420020206366,82.59266999812098,0.29589100086013786
911,83.5189530007483,1.115025002945913,81.25544099675608,0.2608719987620134
912,90.2524330012966,1.580637999722967,87.4332890016376,0.3282059988123365
913,85.75594599824399,2.355272001295816,81.59568299743114,0.4276690015103668
914,86.94715599995106,1.03457899967907,83.11169099761173,0.28177899730508216
915,88.60422100042342,2.117955998983234,84.54338400042616,0.26416800028528087
916,78.73727799960761,1.1173760030942503,76.44052500108955,0.2644079977471847
917,82.76489299896639,1.0568950019660406,80.57899200139218,0.2593159988464322
918,83.55384199967375,0.9589490000507794,79.8684140027035,0.28128000121796504
919,80.13721200040891,0.9780239997780882,78.0642749996332,0.2678720011317637
920,85.75426000243169,1.0254869994241744,83.62248999765143,0.2608719987620134
921,81.03140199818881,1.0482460020284634,78.1373679965327,0.2582609995442908
922,80.90095700026723,1.0844319986063056,78.34668300347403,0.343317002261756
923,88.2125329990231,1.7821760011429433,84.39912399990135,0.2674089992069639
924,79.95245200072532,1.008079998428002,77.83029200072633,0.27790899912361056
925,88.97279699885985,1.8407139978080522,85.58781600004295,0.6421510006475728
926,81.28814399969997,1.8505280022509396,78.0010519993084,0.26192700170213357
927,82.92930000243359,0.9918200012180023,80.83860400074627,0.2623530017444864
928,84.71920000010869,1.0770430017146282,82.53618800154072,0.26176099709118716
929,79.49991200075601,1.0234129986201879,77.40619699688978,0.2577980012574699
930,85.55081499798689,1.8055290020129178,82.6458730007289,0.2658909979800228
931,80.08241499919677,0.9967090009013191,77.74099499874865,0.268928000878077
932,84.97273800094263,1.0921350003627595,82.71791099832626,0.2826310010277666
933,82.4207240002579,1.8462139996699989,79.25126299960539,0.2659640013007447
934,83.99130700126989,1.090060999558773,81.80694299880997,0.26492700271774083
935,86.56400600011693,1.7692869987513404,82.77767099934863,0.29353799982345663
936,82.62239099713042,1.118913001846522,80.3865460002271,0.25781599833862856
937,81.55009000256541,1.671268000791315,78.7529999979597,0.26768700263346545
938,83.86499100015499,1.1014509982487652,81.64803399995435,0.2640009988681413
939,78.64192600027309,0.9735060011735186,76.50013600141392,0.31976099853636697
940,84.85862599991378,1.0360420019424055,82.7143740025349,0.2649830021255184
941,84.70569899873226,0.9864130006462801,82.58115100034047,0.26746399817056954
942,80.37382399925264,1.8025829995167442,77.21784400200704,0.2652420007507317
943,90.64736100117443,0.9802280001167674,88.59205399858183,0.26526000146986917
944,79.604153001128,1.3162289978936315,77.16460300071049,0.3043349970539566
945,81.86186899911263,1.0463390026416164,79.64406100290944,0.34502000198699534
946,81.10021699758363,1.063173000147799,78.49562900082674,0.2914280012191739
947,80.00913700016099,1.0148020010092296,77.85069899910013,0.26251999952364713
948,86.00018700235523,2.348717000131728,82.57424399926094,0.26124200303456746
949,81.40144099888857,1.0154129995498806,77.61756900072214,0.25539000125718303
950,81.65079399987007,1.3504519993148278,79.17703900238848,0.321667997923214
951,84.18290000190609,3.366869997989852,79.59893000224838,0.2781490002234932
952,79.36292899830732,1.0390790012024809,77.21843599938438,0.2621120002004318
953,84.75994000036735,0.9966899997380096,80.9806050019688,0.26370599880465306
954,84.09830700111343,1.827140000386862,81.17680999930599,0.26507499933359213
955,84.11943700048141,1.6406200011260808,81.3323290021799,0.26794600125867873
956,86.33057799670496,1.0339130021748133,84.05191799829481,0.2626130008138716
957,82.82294800301315,1.5785459981998429,80.07493300101487,0.3228720015613362
958,90.37422999972478,2.0160299973213114,87.11706400208641,0.33009400067385286
959,86.09668799908832,3.078794001339702,81.76988700142829,0.40309500036528334
960,84.10749199902057,1.6168789989023935,80.90810499925283,0.27670499912346713
961,85.59472300112247,1.0394130003987812,82.33822299735039,0.31338999906438403
962,81.2538840000343,1.2476170013542287,78.81277799970121,0.28626099810935557
963,88.70820199808804,1.1020060010196175,84.29429000170785,0.28329799897619523
964,83.92028700109222,1.1120250019303057,80.14991500022006,0.28505700174719095
965,85.87216800151509,1.1165060022904072,81.43792199916788,0.3400210007384885
966,83.8069719975465,1.3350440021895338,80.66488099939306,0.2625939996505622
967,80.66095500180381,0.9717089997138828,78.5292769978696,0.3163900000799913
968,85.72574099889607,1.0442470011184923,83.31939500203589,0.47150300088105723
969,87.2122130022035,1.8812329981301446,83.70700899831718,0.27938999846810475
970,84.07445400007418,1.0222279997833539,81.7519429983804,0.3000939977937378
971,90.23321099812165,2.1916410005360376,86.77933999933884,0.2844279988494236
972,85.93107599881478,0.9934310000971891,83.76230499925441,0.28611299785552546
973,86.77272800196079,1.093487000616733,82.50511299775098,0.3090940008405596
974,80.79025199913303,0.9925980011757929,78.73996299895225,0.26359399998909794
975,81.27267999952892,1.6498240001965314,77.72193900018465,0.2862610017473344
976,84.68755099966074,2.437030998407863,81.02928999869619,0.2647420005814638
977,81.4578290010104,1.1707470002875198,79.19357599894283,0.2747230028035119
978,85.6844629997795,2.660922000359278,81.93360999939614,0.26177899781032465
979,80.78243699856102,2.2275670016824733,77.44038199962233,0.2678539967746474
980,80.9558270011621,1.067449997208314,78.18329300062032,0.2587790004326962
981,85.57496200228343,3.3992589997069445,81.04429000013624,0.27552000028663315
982,80.94947499921545,1.039689999743132,78.78611200067098,0.27946500267717056
983,89.28351999929873,1.0696719982661307,86.35557899833657,0.330852999468334
984,87.53688100114232,2.5645140012784395,83.29869099907228,0.2799459980451502
985,85.09132999824942,1.0240609990432858,82.84987400111277,0.3271309979027137
986,90.11237600134336,1.0538390015426558,87.91006799947354,0.29098300001351163
987,84.63882800060674,1.146375998359872,82.35820399931981,0.3035199988516979
988,87.24580499983858,0.9704870026325807,84.6295130031649,0.2833540020219516
989,86.56157899895334,1.0072459990624338,84.44702999986475,0.29037199783488177
990,87.41237999856821,1.0802280012285337,85.16012700056308,0.2982050027640071
991,83.73467500132392,0.9628940024413168,80.20597100039595,0.2831679994415026
992,85.30770200013649,2.7924959977099206,81.44825500130537,0.2690010005608201
993,88.45305199793074,1.1172650010848884,86.22878100140952,0.26337099916418083
994,80.1051920025202,1.1572660005185753,77.37269599965657,0.28235400168341585
995,85.55612900090637,1.108209999074461,83.29559800040442,0.2807790006045252
996,83.32207999774255,0.9361350021208636,81.27525400050217,0.2884460009227041
997,81.62718200037489,1.6148419999808539,78.78838800024823,0.3527609987941105
998,85.4059800003597,1.8515660012781154,82.34133399673738,0.27966799825662747
999,84.65414300007978,1.0753940005088225,82.40011099769617,0.34683600097196177
1000,90.74635999786551,1.114802998927189,88.48755200233427,0.2637979996507056
1001,83.31371000167564,2.3246789969562087,79.84332100022584,0.33622499904595315
1002,83.28959799837321,1.3175439999031369,80.85849200142547,0.265038001089124
1003,84.71549500245601,1.0798579969559796,82.21959299771697,0.26583499857224524
1004,79.67217099940171,1.0095430006913375,77.47738100079005,0.2950939997390378
1005,82.25229600066086,0.9524119996058289,80.24341499913135,0.259205000475049
1006,82.42029800021555,1.8336030007048976,79.47030000286759,0.2551119978306815
1007,83.19355999992695,1.7506760013930034,80.31082200250239,0.29653899764525704
1008,84.26317799967364,1.7391210021742154,81.42217999920831,0.26798299950314686
1009,82.9749479999009,0.9785049987840466,80.85573300195392,0.26344599973526783
1010,82.98805899903527,1.0370249983679969,80.57908299815608,0.3089090023422614
1011,79.48805900014122,1.1370989996066783,77.18784299868275,0.26057499781018123
1012,79.28305799941882,1.7591770010767505,76.43419100350002,0.262483001279179
1013,84.79060600075172,0.9978019988921005,82.63205700131948,0.26402000003145076
1014,83.64672999960021,1.0299130008206703,81.50840300004347,0.2665390020410996
1015,80.90467800138867,1.1038759985240176,78.66425800239085,0.26413099840283394
1016,92.76357499766164,4.235634001815924,87.38893500049016,0.26124199939658865
1017,86.90096900318167,3.335517998493742,82.39807400241261,0.354112999048084
1018,88.99649899831275,1.0237829992547631,86.8307470009313,0.277816998277558
1019,80.40098999845213,1.077894998161355,78.23410800119746,0.2620010018290486
1020,84.03617700241739,1.705731003312394,81.17193799989764,0.27879799745278433
1021,81.75953399768332,1.1145980024593882,79.4846509998024,0.2818349967128597
1022,81.02653000241844,1.0350430020480417,78.73368500077049,0.33259400152019225
1023,90.53791399855982,1.0876359992835205,88.26801399845863,0.2911500014306512
1024,84.61303100193618,1.0760799996205606,80.41380400027265,0.2826130003086291
1025,84.5667899993714,1.1571360009838827,82.15986899813288,0.3254830007790588
1026,85.80620499924407,1.7090459987230133,82.48744499724125,0.28118699992774054
1027,82.06721999886213,1.0804140001710039,79.80545000100392,0.32163099967874587
1028,88.3890520017303,1.488859998062253,84.14706500116154,0.2625189990794752
1029,83.87404499808326,1.0039859989774413,80.49160099835717,0.26715000058175065
1030,86.00040900273598,1.0926729992206674,83.73595200100681,0.29472399910446256
1031,84.06728699992527,1.0685060005926061,81.85133100050734,0.2853170008165762
1032,79.51837399741635,0.9526719986752141,77.49286299804226,0.2586679984233342
1033,89.19601900197449,0.9683379976195283,87.0481550009572,0.32503900001756847
1034,79.46828000058304,1.0548389982432127,77.26045500021428,0.2682610029296484
1035,81.28569899781724,1.03522800054634,79.1108150006039,0.2746680002019275
1036,82.22418399964226,1.1906549989362247,79.84835699971882,0.26133500068681315
1037,80.01891400272143,1.1241909996897448,77.7759189986682,0.2604460023576394
1038,84.92527299677022,0.9945240017259493,82.53559300283086,0.5178729988983832
1039,80.80614000209607,0.9635599999455735,76.81795100143063,0.2692239977477584
1040,81.60755100107053,1.8684549977479037,78.66046200069832,0.2647789988259319
1041,87.10146999874269,1.1093389985035174,84.30058500016457,0.26279799931216985
1042,78.9044080011081,1.1034509989258368,76.66391400198336,0.2644640007929411
1043,88.29775399863138,1.132764999056235,86.04342799662845,0.2600009975139983
1044,83.60306300164666,0.9597650023351889,79.57424400228774,0.26164899827563204
1045,83.58237699940219,0.9385609992023092,79.4753549998859,0.37122399953659624
1046,83.19035599924973,1.7734730026859324,79.04909300123109,0.2624079970701132
1047,79.68715199967846,1.134820999141084,77.31984299971373,0.2967789987451397
1048,87.69930700145778,0.9973020023608115,85.57920200109947,0.28407600257196464
1049,83.12415199907264,1.0678770013328176,80.88386300005368,0.28792800003429875
1050,84.84319800118101,1.2027099983242806,82.51076000306057,0.2839270018739626
1051,85.8820379980898,1.068134999513859,83.37515399762196,0.2916869998443872
1052,82.88729899868486,1.0504499987291638,78.3337009997922,0.32133499917108566
1053,85.89446300175041,1.05535799957579,83.68406299996423,0.28705699878628366
1054,85.01914400039823,1.9227510019845795,81.93871999901603,0.34661300014704466
1055,83.54161799798021,1.0445249972690362,80.80252900253981,0.3185940004186705
1056,84.3906030022481,5.01873000030173,78.10158800202771,0.26266799977747723
1057,81.98707200062927,1.2368220013740938,79.54218799932278,0.31216899878927507
1058,89.53981699960423,0.9667640006227884,85.2754970001115,0.3849280001304578
1059,85.99476000017603,1.2464510000427254,83.07257699925685,0.29537199952756055
1060,84.32451000044239,1.0177090007346123,82.14466500066919,0.2593540011730511
1061,84.8620509968896,1.2181919992144685,82.57409400175675,0.25802000163821504
1062,80.9923990018433,1.7006210000545252,78.22053299969411,0.2605940026114695
1063,84.17893599835224,3.3345180017931852,79.7701160008728,0.26744600108941086
1064,80.6059530004859,1.040449998981785,78.47140500234673,0.261001998296706
1065,83.79315600177506,1.1065990001952741,81.55356999850483,0.26418600100441836
1066,85.61722100057523,1.0434499999973923,83.46706199881737,0.25820500013651326
1067,84.30780699927709,2.2116969994385727,81.02490000237594,0.266222999925958
1068,81.8357370008016,1.033430999086704,79.69811500151991,0.2728159997786861
1069,86.81952400002046,1.4671370008727536,83.6398770006781,0.2859460000763647
1070,84.8842359991977,1.1105239973403513,80.94123299815692,0.2619459992274642
1071,84.37726899865083,1.0291540020261891,82.2044989981805,0.26251999952364713
1072,83.43058000173187,2.471199000865454,79.85959800134879,0.26257500212523155
1073,81.11810399714159,0.9527090005576611,78.23893999739084,0.2644279993546661
1074,85.75955500054988,2.018325998506043,82.58787099839537,0.2600939988042228
1075,84.78228999956627,1.45911899744533,82.22246199875372,0.26927999715553597
1076,85.00042200103053,0.9946719983418006,82.90363299965975,0.2673339986358769
1077,90.49532100107172,1.0439500001666602,87.88399300101446,0.25781599833862856
1078,81.69553300103871,1.0719130004872568,79.276538999693,0.4923919987049885
1079,84.77427199977683,1.4258779992815107,81.62368099874584,0.30065000100876205
1080,80.01637599954847,1.043117001245264,77.84134599933168,0.2992609988723416
1081,84.82638299756218,1.0511359978409018,82.67931600130396,0.2628900001582224
1082,80.18930300022475,1.0035980012617074,78.07142100136844,0.27487199986353517
1083,81.91168200210086,1.13035799950012,79.61157699901378,0.2889829993364401
1084,85.85914799914462,2.6847740009543486,81.49755099657341,0.26887199783232063
1085,80.51960100056021,1.0604130002320744,78.30733000082546,0.2674089992069639
1086,87.40965600009076,0.9533199990983121,83.41824600211112,0.3384099982213229
1087,81.96140499785542,2.275104998261668,78.21899500049767,0.2667049993760884
1088,83.87989600305445,2.886201000364963,79.67915200060816,0.33216899828403257
1089,81.90018299865187,1.149043000623351,79.48755799952778,0.26237200290779583
1090,84.81343799940078,1.0367279974161647,82.66185300090001,0.25607499992474914
1091,83.92349000132526,0.9413019979547244,81.8011999981536,0.3521129983710125
1092,80.38635900084046,1.068932000634959,77.76056700095069,0.26531600087764673
1093,85.4079599994293,1.1346540013619233,83.1322630001523,0.29074200210743584
1094,86.32763199784677,1.4549150000675581,83.75689600143232,0.27853899882757105
1095,83.54200599933392,1.0329319993616082,80.54491599978064,0.28368700077407993
1096,88.11477100243792,1.0302089976903517,84.00028599862708,0.3196500001649838
1097,83.62639500046498,1.7421759985154495,80.74112000031164,0.31122400105232373
1098,82.68711199707468,1.302895998378517,80.24337599999853,0.2788170022540726
1099,90.56302500175661,0.9990050020860508,88.39151400025003,0.2933350006060209
1100,79.6308550015965,1.6198980010813102,76.91930299915839,0.2911869996751193
1101,83.88124899647664,1.0466530002304353,81.67864400093094,0.2673169983609114
1102,84.2027130020142,1.0139499972865451,82.02357200207189,0.28742799986503087
1103,78.15310599835357,0.9985610013245605,76.06709500032593,0.26511199757806025
1104,90.81780400083517,1.0551720006333198,88.62564399896655,0.2683530001377221
1105,82.94239099996048,1.1979509981756564,80.58369400168885,0.26198300110991113
1106,85.88927800155943,1.0665989975677803,83.37126300102682,0.4263540031388402
1107,80.84245399732026,1.4234340014809277,77.72873399881064,0.28163100068923086
1108,78.87805400241632,1.2284330005059019,76.36076299968408,0.3021869997610338
1109,82.20894300029613,4.215726999973413,76.7663580008957,0.2575569997134153
1110,78.43418199990992,0.9445239993510768,76.32455899874913,0.2841319983417634
1111,85.4182929979288,1.0199130010732915,83.22204100113595,0.28363099772832356
1112,81.31829000194557,1.0293389968865085,79.13775999986683,0.2874830024666153
1113,81.0038989984605,1.1316549971525092,78.67312700182083,0.2671309994184412
1114,86.60141099971952,0.9590609988663346,84.55452899943339,0.26109399914275855
1115,79.6964110013505,1.0658760002115741,77.55404699855717,0.2580380023573525
1116,81.61195800130372,1.0742840022430755,79.37709500038181,0.28333500085864216
1117,84.84249399771215,0.9749679993547034,80.88797299933503,0.2757969996309839
1118,80.45572999981232,0.9760979992279317,78.36183000108576,0.30079799762461334
1119,83.58600499923341,1.023172000714112,79.59724300235393,0.27166799918632023
1120,79.37785400281427,1.174209999589948,77.04524799919454,0.2963349979836494
1121,78.08895699781715,1.048987000103807,75.82601899775909,0.264316000539111
1122,85.89616600147565,0.9331910005130339,83.88052600275842,0.2628350011946168
1123,82.03779399991618,1.0202279991062824,79.89689299938618,0.26278000223101117
1124,84.20384199780528,1.1342099969624542,81.9581260002451,0.26059399897349067
1125,80.97662200088962,1.0558760004641954,78.79118299752008,0.26326000079279765
1126,83.790543001669,1.8914169995696284,80.8033430002979,0.2595020014268812
1127,84.70882699839422,1.0515979993215296,82.55470400035847,0.2640940001583658
1128,79.98580099956598,1.0505620011826977,77.75347400092869,0.26794600125867873
1129,82.85794600305962,1.0382649998064153,80.66887899985886,0.26229799914290197
1130,83.23091099737212,1.1189129982085433,80.92345400291379,0.26279799931216985
1131,82.00386700264062,1.0417090015835129,79.85394899878884,0.261574998148717
1132,83.19602199844667,1.0654130019247532,80.99899199805805,0.2644830019562505
1133,83.09970700065605,1.0115049990417901,80.70267599759973,0.30107600105111487
1134,85.29199599797721,1.0295979991497006,83.06483599881176,0.2880200008803513
1135,80.45874800154706,1.044450000335928,78.17569899998489,0.2665939973667264
1136,79.2745750004542,1.0388759983470663,77.12604500193265,0.25763099984033033
1137,86.73507799903746,2.8194599981361534,82.6219629998377,0.27435300216893665
1138,82.61333400150761,0.8943569991970435,78.51121900239377,0.44872400030726567
1139,87.56811899729655,1.7094539980462287,84.18371199877583,0.3012609995494131
1140,81.44469800026855,1.0706730026868172,79.21348200034117,0.26188999981968664
1141,84.89382700281567,1.117283998610219,80.3372100017441,0.264391001110198
1142,83.53491199886776,0.9590419977030251,80.02313500037417,0.2582240012998227
1143,82.67135300047812,1.7821580004238058,79.74637399820494,0.2802420021907892
1144,81.09058399713831,1.0728390006988775,78.75860900094267,0.39913200089358725
1145,84.86819800236844,1.1767470023187343,82.2935910000524,0.26033399990410544
1146,80.96645399928093,2.4099020010908134,77.45891700324137,0.2666489999683108
1147,82.353295001667,1.1107470018032473,79.8383549990831,0.2610020019346848
1148,81.87712599828956,0.8951339987106621,79.26683299956494,0.2586859991424717
1149,81.85692199913319,0.9922829995048232,79.63881700197817,0.3159650004818104
1150,88.03265800088411,1.2539139970613178,83.16079900032491,0.4009459989902098
1151,91.42284400149947,1.0880420013563707,89.0953130001435,0.2654269992490299
1152,87.54300799773773,1.4607119992433582,82.24012699793093,0.2669649984454736
1153,79.7788740019314,1.065153999661561,77.5755839968042,0.2898719976656139
1154,80.93430599910789,0.9446340009162668,78.20203099981882,0.26509400049690157
1155,85.5919419991551,1.032598000165308,83.4009669997613,0.2610570008982904
1156,79.92768899930525,1.0986540000885725,77.71464100005687,0.27396400037105195
1157,85.37753299970063,1.0755990006146021,83.1704840020393,0.2943539984698873
1158,83.01337300144951,1.1306550004519522,80.73348999823793,0.28642699908232316
1159,82.96233500004746,1.0905800008913502,80.0786159998097,0.2783349991659634
1160,94.37817399884807,2.045048000582028,91.16384200024186,0.32194700179388747
1161,87.2182100029022,1.9904000000678934,84.0729889969225,0.28009499874315225
1162,90.66665499994997,1.3309880014276132,88.18984499885119,0.2737609975156374
1163,80.67148899863241,1.405729999532923,78.18090199725702,0.25924200235749595
1164,81.99399699878995,1.1030429996026214,79.81307700174511,0.264390000666026
1165,82.1690340017085,1.044450000335928,80.01863400204456,0.26725999850896187
1166,79.85022600041702,1.0498019983060658,77.63239900305052,0.26344599973526783
1167,82.09290399827296,1.1263770029472653,79.82526200066786,0.2588720017229207
1168,79.14770400020643,0.978486001258716,77.03174799826229,0.28539099730551243
1169,79.83272500132443,1.0370429990871344,77.68239900178742,0.2599460021883715
1170,82.76898199983407,1.0013579994847532,80.66763799797627,0.26300099852960557
1171,80.78239799942821,2.1516229971894063,77.36958299938124,0.26852000155486166
1172,82.94229799867026,1.0537089983699843,80.72511999853305,0.2588159986771643
1173,81.73240200267173,0.9835789969656616,78.87427600144292,0.30387199876713566
1174,83.69211699755397,3.1789429995114915,79.21036999687203,0.2556489998823963
1175,86.56463200168218,3.144719998090295,82.29103499979828,0.26389000049675815
1176,82.15396000014152,1.894176999485353,78.82175700069638,0.2689459979592357
1177,84.07965600054013,1.129524000134552,81.88697700097691,0.26307599910069257
1178,82.13568199789734,2.9014409992669243,78.145327999664,0.26596500174491666
1179,78.72557200244046,1.0645980000845157,76.56107799994061,0.259741998888785
1180,81.4735119965917,0.9863390005193651,79.41683399985777,0.25968599948100746
1181,78.58995900096488,1.8478989986761007,75.6238879985176,0.26148300094064325
1182,82.82346399937524,0.9412089966644999,80.78461900004186,0.2748539991443977
1183,84.10237800126197,1.7816210020100698,81.20001100178342,0.28813099925173447
1184,82.35133099879022,1.6685089976817835,79.56555700002355,0.2857979998225346
1185,86.03150000271853,1.085560998035362,82.99626100051682,0.3043350006919354
1186,80.80297099877498,0.998468000034336,78.71436700224876,0.2614090008137282
1187,82.79757499985863,1.0030240009655245,80.69380400047521,0.2714459988055751
1188,82.54681399921537,2.1642709980369546,79.2849820027186,0.2588159986771643
1189,80.05257900003926,1.138358002208406,77.68306599973585,0.38490900260512717
1190,86.47185299923876,2.7986439999949653,82.28123899971251,0.26588999753585085
1191,80.62213700031862,1.8911030019808095,77.67543600130011,0.25394600015715696
1192,83.92891400217195,1.1975620000157505,81.60043899988523,0.26711199825513177
1193,86.2503709977318,1.0117650017491542,82.6801670009445,0.27531700106919743
1194,81.42454900007579,2.9091270007484127,77.36621200092486,0.28715000007650815
1195,85.4588660004083,1.2562480005726684,83.06796499891789,0.2643529987835791
1196,80.27145000232849,1.1273759992036503,78.0103090000921,0.2605199988465756
1197,80.59602599678328,1.1480799985292833,78.14321600017138,0.38500200025737286
1198,85.44099600112531,0.9738010012370069,80.31846900121309,0.26163099755649455
1199,81.15423300114344,1.8900840004789643,78.08227100031218,0.2688349995878525
1200,84.06463600113057,1.8180279985244852,81.12991800226155,0.26320500182919204
1201,136.81766099762172,1.113320999138523,134.61290799750714,0.27220500123803504
1202,93.91724600209272,0.9805980007513426,91.80569700038177,0.2751319989329204
1203,81.43301099698874,1.132451001467416,79.16218399986974,0.2825940027832985
1204,86.63763200092944,1.0110609982802998,84.51052799864556,0.2644829983182717
1205,82.62783300233423,1.7804909984988626,79.67344600183424,0.29981700208736584
1206,83.90382099969429,1.0263019976264331,81.67456799856154,0.29870499929529615
1207,86.02457300003152,1.092801998311188,83.75433900073403,0.2777420013444498
1208,81.50114199816016,1.0221720003755763,79.40113099903101,0.28027900043525733
1209,85.26906900078757,1.0849319987755734,83.03333499861765,0.28201999884913675
1210,83.24024399917107,1.16791300024488,80.72478599933675,0.32183499934035353
1211,83.95783900050446,1.0546170015004463,79.54074200097239,0.31203899925458245
1212,84.31398999891826,1.9495849992381409,81.22847399863531,0.3114650025963783
1213,82.59833299962338,1.1678019982355181,80.22735699705663,0.28281599952606484
1214,87.92978700148524,1.2474879986257292,85.476551001193,0.29777899908367544
1215,83.7664130012854,3.2872590018087067,78.9566460007336,0.33600200185901485
1216,83.30152099733823,1.0135420016013086,81.08334299686248,0.35033500171266496
1217,88.67256899975473,1.1812469965661876,86.28264900107752,0.28133499654359184
1218,84.76356600294821,1.1189500000909902,82.44357199873775,0.27885300005436875
1219,85.60021899756975,0.9760600005392917,83.51031799975317,0.27976099954685196
1220,85.43614399968646,1.0755240000435151,83.2195020011568,0.292649998300476
1221,82.94781600125134,1.761564999469556,79.26651799789397,0.2704459984670393
1222,87.79663799941773,2.1172889973968267,84.54454700040515,0.2677240008779336
1223,78.08456800194108,1.0858019995794166,75.83959299881826,0.3095380016020499
1224,86.3637589973223,1.0745979998318944,84.08256300026551,0.28407599893398583
1225,80.35508000102709,1.18865400145296,78.01714100060053,0.2587239978311118
1226,78.90570100062178,1.0760049990494736,76.59278199935216,0.33374300255673006
1227,85.36069899855647,0.9991719998652115,83.20457599984366,0.33116800113930367
1228,80.26593100294122,1.0682279971661046,78.06334500128287,0.26135299776797183
1229,83.89148799687973,1.1175990002811886,81.63923500251258,0.27853899882757105
1230,80.71569200183148,1.017763999698218,78.374310000072,0.3000569995492697
1231,80.1276530000905,1.071375998435542,77.67864000197733,0.26413099840283394
1232,84.47824899849365,0.9994309984904248,81.60440100255073,0.39285399907385
1233,83.66248700258438,1.5840449996176176,80.3253570011293,0.2617050013213884
1234,84.07935799914412,0.9698569992906414,81.79731000200263,0.36870599797111936
1235,86.4255199994659,1.9490850027068518,83.18007599882549,0.26053900000988506
1236,79.1035539987206,1.222598999447655,76.76950399763882,0.29259399889269844
1237,86.78653999959351,1.4710270006617066,84.16963699710323,0.29463099781423807
1238,84.33589700143784,2.57495799814933,80.58741399872815,0.3129460019408725
1239,84.46945299874642,1.094597999326652,80.4498949983099,0.28490899785538204
1240,82.85072299986496,1.2372099990898278,80.509005998465,0.28157599808764644
1241,79.82190999973682,1.4928420023352373,77.14735900299274,0.2627610010677017
1242,91.14484100064146,2.511123999283882,87.50867400158313,0.2630010021675844
1243,79.6568900004786,1.1219130028621294,77.42345299993758,0.26627899933373556
1244,80.4372839993448,1.2204509985167533,78.0626960004156,0.2672240007086657
1245,91.20661899942206,0.9399130030942615,88.4111409977777,0.26651999723981135
1246,81.26615800210857,0.9730049969221,79.16523899984895,0.2564089991210494
1247,93.81615199890803,3.557889998774044,89.17088599991985,0.264316000539111
1248,84.53202700184193,1.0112279996974394,82.41255399843794,0.2607419992273208
1249,80.39761699910741,1.0520979994907975,78.22862299872213,0.29763099882984534
1250,85.46460599973216,0.9862090009846725,81.63862400033395,0.2570569995441474
1251,82.00032899912912,3.1414240002050065,77.78176899955724,0.25976100005209446
1252,84.79156600151327,1.0317829983250704,82.69820300120045,0.26176100072916597
1253,80.0940779990924,1.0542650015850086,77.88676999916788,0.31876100183581
1254,83.15590900019743,1.0601720023259986,80.77278500059037,0.3730949974851683
1255,82.82644399878336,2.1389559988165274,79.32714699927601,0.2864090020011645
1256,81.1450840010366,1.2262839991308283,78.71571800205857,0.2675750001799315
1257,85.74940399921616,1.618416001292644,83.04613099971903,0.26550099937594496
1258,80.81643400146277,1.5772500009916257,77.83969500087551,0.2640749989950564
1259,83.22031699935906,1.1151170001539867,80.95863799826475,0.28483400092227384
1260,85.4237909989024,1.1535430021467619,83.17700199768296,0.266834998910781
1261,80.53013600147096,0.9670239996921737,77.31732299725991,0.26372399952379055
1262,86.19933199952357,2.53612500091549,82.59988699865062,0.257223000517115
1263,80.90574900052161,2.1076969969726633,77.67632299874094,0.2946860004158225
1264,83.40389200020581,0.9884500032057986,79.94544699977268,0.3540760008036159
1265,86.908206998487,0.9336160001112148,83.56363300117664,0.291501000901917
1266,79.65651999984402,0.9846909997577313,77.60600799883832,0.2639459999045357
1267,82.01308700154186,1.0100049985339865,79.86724299917114,0.3055750021303538
1268,81.61275300153648,1.0628019990690518,79.41916699928697,0.26172399884671904
1269,81.94536499649985,0.9633940026105847,78.2822719993419,0.35376099913264625
1270,84.95530800064444,2.680477002286352,80.70532199781155,0.26905699996859767
1271,80.84302600036608,0.9342830016976222,76.96991299962974,0.2590200019767508
1272,81.39708499948028,0.976356997853145,77.90680700054509,0.2626310015330091
1273,82.27810700191185,1.1215429985895753,80.0787810003385,0.2623350010253489
1274,83.28335400074138,0.9523750013613608,78.90505300019868,0.28387200291035697
1275,83.25455799786141,1.0588760014798027,80.94813800198608,0.2610560004541185
1276,79.23866499913856,1.0428389978187624,77.02906099802931,0.2691310000955127
1277,82.61075800328399,1.1139870002807584,80.36037499914528,0.29192799775046296
1278,87.52698799798964,1.0012269995058887,83.25100100046257,0.27433499781182036
1279,85.68277399899671,1.5190820013231132,83.05366700005834,0.2630380004120525
1280,86.60407500065048,1.737880000291625,82.95324099890422,0.2579459978733212
1281,79.40457400036394,1.0408019988972228,77.22237699999823,0.261574998148717
1282,80.06246600052691,1.057950001268182,77.9010849983024,0.2581869994173758
1283,87.28824599893414,1.603286000317894,84.57389800241799,0.27802000113297254
1284,80.22267100022873,0.9652269982325379,78.15249299892457,0.29918700238340534
1285,85.32493900202098,1.0733580020314548,82.98001900038798,0.26005700055975467
1286,81.51308499873267,0.9680790026322939,78.08908500010148,0.29020500005572103
1287,78.83492199835018,1.112060999730602,76.54874400031986,0.32144599754246883
1288,86.34201899985783,1.0304869974788744,82.58742399993935,0.30420600160141475
1289,79.24560900210054,1.0186170002270956,77.14543199836044,0.26496400096220896
1290,82.70507300039753,1.9061590028286446,79.66852000026847,0.264391001110198
1291,83.9651540009072,1.1011360002157744,81.74392000000807,0.2706680024857633
1292,79.42512899899157,0.9640419993957039,77.39641499938443,0.26133500068681315
1293,85.33621699825744,1.0909509983321186,83.10253799936618,0.2631309980642982
1294,92.5677369996265,1.426247999916086,90.02342699750443,0.28120500064687803
1295,85.2697350019298,1.144729001680389,82.95764900321956,0.2867240000341553
1296,81.78573400073219,0.9989870013669133,79.6911680008634,0.27844600117532536
1297,85.20562299963785,1.96517699805554,81.96762499937904,0.28744600058416836
1298,86.99276299739722,1.3719329981540795,84.29822999823955,0.28994599779252894
1299,82.00910600135103,1.0335049992136192,78.98753399786074,0.26965000142809004
1300,91.99493699998129,1.8621210001583677,88.85093900244101,0.38855800085002556
1301,84.72936099860817,1.6510089990333654,81.50001100148074,0.28494599973782897
1302,82.48564600216923,1.0922099972958677,80.18650399753824,0.2730939995672088
1303,87.577432001126,1.0969320028380025,85.29210499909823,0.2623350010253489
1304,81.3274909996835,0.9678569986135699,79.22668300307123,0.26392699874122627
1305,84.47082299971953,1.2578030000440776,82.06623599835439,0.2651679969858378
1306,81.7596050001157,1.1440439993748441,79.51011200202629,0.264927999523934
1307,85.139511997113,1.1028759981854819,82.80896200085408,0.32676100090611726
1308,96.80694400231005,2.4693840023246594,93.20857400234672,0.2716490016609896
1309,80.22111500031315,1.0853019994101487,77.99110300038592,0.3119829998468049
1310,84.01330199922086,1.0869500001717824,81.76897500015912,0.27088999922852963
1311,80.00103900121758,1.2411370007612277,77.61802700042608,0.26481599707040004
1312,79.99222499711323,0.9574870018695947,77.95814000201062,0.2558349988248665
1313,84.48919300280977,1.1914139977307059,82.05408800131408,0.2905569999711588
1314,80.09500299885985,1.0908389995165635,76.88367099763127,0.25938999897334725
1315,85.53655099967727,1.1172470003657509,83.28883500144002,0.2594279976619873
1316,79.4433150003897,1.1461720023362432,77.17248799963272,0.26514999990467913
1317,82.7764979985659,1.1253019983996637,80.53678299984313,0.263131001702277
1318,83.63654099957785,1.6215639989241026,80.9026740025729,0.26453800091985613
1319,79.86974200321129,0.9691350023786072,77.83363899943652,0.26188999981968664
1320,87.00755899917567,1.1593210001592524,84.54209999763407,0.31126099929679185
1321,80.89028500035056,1.078430999768898,78.67210700351279,0.2574089994595852
1322,81.16198999778135,1.6314900021825451,78.43514200067148,0.2605199988465756
1323,89.53842400296708,0.9568189998390153,87.50732100088499,0.2611500021885149
1324,80.79233999887947,1.010782998491777,78.64101299855975,0.2833910002664197
1325,88.2982319999428,0.9501720014668535,85.53210600075545,0.2636130011524074
1326,82.17630999934045,1.2181170022813603,79.89392700255848,0.2615199991851114
1327,78.96725599857746,1.0291349972249009,76.83892999921227,0.26457499916432425
1328,82.93153700287803,1.0005609983636532,80.8234319993062,0.270037999143824
1329,81.35149099689443,1.0264869997627102,79.12272000248777,0.3566129998944234
1330,85.57277300133137,1.8042869996861555,82.6249799974903,0.29050099692540243
1331,84.46461900166469,0.9729679986776318,82.37299699976575,0.2770390019577462
1332,80.7181540003512,1.0867840028367937,78.32553099797224,0.26931599859381095
1333,79.74531599757029,1.0229680010525044,77.59137800167082,0.310112998704426
1334,81.90165999985766,0.9340789983980358,78.44365999699221,0.26598299882607535
1335,87.17370800150093,1.0230049992969725,84.13133900103276,0.33863199860206805
1336,85.08797399917967,1.4269159983086865,82.33171900064917,0.2602790009404998
1337,80.8164879999822,1.3001739971514326,78.42569700005697,0.25398199795745313
1338,88.7035490013659,1.153468998381868,86.37809200081392,0.27063100060331635
1339,79.49320300031104,1.0113939970324282,77.40141400063294,0.2595939986349549
1340,84.74780499818735,0.9692280000308529,82.66436800113297,0.2852420002454892
1341,83.34602000104496,1.0630060023686383,81.16485999926226,0.30455800151685253
1342,82.609572000365,1.0123749998456333,78.77423700119834,0.2788909987430088
1343,85.18586399804917,1.1743209979613312,82.83559099800186,0.264279999100836
1344,81.9055300016771,0.9826339992287103,79.80316799876164,0.2624650005600415
1345,81.11185999950976,1.7639540019445121,78.21869700273965,0.2897609992942307
1346,85.24215999932494,1.7440089977753814,82.2921809995023,0.306409001495922
1347,84.06291299979785,3.1415349985763896,79.57638799780398,0.3137240018986631
1348,89.78483200189658,1.3906370004406199,87.22128200315638,0.28359399948385544
1349,82.05777200055309,1.5555639984086156,79.31788800124195,0.2772230000118725
1350,85.61514399843873,1.1538209982973058,83.19333399776951,0.25707600070745684
1351,81.08556300066994,1.0982829990098253,78.73723600278026,0.26176099709118716
1352,81.50871399993775,1.0711909999372438,79.3055540016212,0.29072399775031954
1353,88.28960199753055,1.0419869977340568,86.14103500076453,0.2673720009624958
1354,86.27803600029438,1.0054320009658113,81.0966559984081,0.2775760003714822
1355,85.8649960027833,1.112820998969255,83.4687250026036,0.38792800114606507
1356,85.14812199791777,1.1461909998615738,82.3957739994512,0.2649829984875396
1357,82.55738600200857,0.9342270022898447,78.76686600138783,0.2830749981512781
1358,87.5458759983303,0.9788759998627938,82.69070100141107,0.25552000079187565
1359,81.70569600042654,0.902078998478828,77.66617500237771,0.26663100288715214
1360,86.71016800144571,1.1632099995040335,84.46710000134772,0.2660940008354373
1361,80.90595099929487,1.1043759986932855,78.73171699975501,0.26707500001066364
1362,82.88985100080026,1.0858389978238847,80.59526500073844,0.2950939997390378
1363,86.08123799785972,1.0241170020890422,83.94226299787988,0.26585299929138273
1364,82.92644399989513,1.0634879981807899,80.72848699885071,0.2640749989950564
1365,88.54488100041635,1.0529499995755032,86.3707019998401,0.286204998701578
1366,87.0628359989496,1.8435840029269457,84.00167199943098,0.36918800105922855
1367,87.59137600281974,1.188432001072215,85.24204800050939,0.32501999885425903
1368,87.03681699989829,0.9633010013203602,84.14622800046345,0.2817980021063704
1369,89.45921899794484,1.9421959987084847,86.36579499943764,0.2883159977500327
1370,89.25640300003579,1.5481560003536288,86.59350000016275,0.2680389989109244
1371,79.88555699921562,1.0199680000368971,77.76323000143748,0.274224003078416
1372,79.74690800256212,1.0214130015810952,77.60354499987443,0.2678340024431236
1373,82.10125299956417,1.1124129996460397,79.85364900014247,0.28685399956884794
1374,83.77376299904427,3.4280740001122467,79.18540500031668,0.28794600075343624
1375,83.17827800055966,1.0234130022581667,81.02359999975306,0.27050100106862374
1376,80.2613179985201,1.1303020000923425,77.97156499873381,0.27420499827712774
1377,80.31152200055658,1.1293399984424468,77.95815799909178,0.26496400096220896
1378,91.75606500139111,0.9708379984658677,89.52379300171742,0.378057000489207
1379,81.82147399929818,1.1569689995667432,79.53794399873004,0.2588339993963018
1380,81.53752900034306,1.050171998940641,79.36370199968223,0.26137199893128127
1381,88.47215800051345,4.309726999053964,82.9684249983984,0.30846500158077106
1382,83.50659499774338,1.0130609989573713,80.70491300168214,0.350946000253316
1383,84.43139500013785,1.0898020009335596,82.03847500044503,0.39042800199240446
1384,82.57040500029689,1.4038039989827666,79.54912900095223,0.2757049987849314
1385,80.34229899931233,0.9875969990389422,78.27867800006061,0.2639279991853982
1386,84.33926600264385,1.12689399975352,80.27557699824683,0.26579699988360517
1387,81.58889900005306,1.7965100014407653,78.63204999739537,0.28655800269916654
1388,84.21878399894922,1.1273580021224916,81.9221040001139,0.2861119974113535
1389,87.19111399841495,1.0241540003335103,85.02936199874966,0.28814899997087196
1390,82.60840400180314,1.0561730014160275,80.38763299919083,0.30276100005721673
1391,91.92843599885236,0.9922829995048232,89.80731300107436,0.284834997728467
1392,80.5171150022943,1.083988001482794,78.26817699969979,0.2640570019138977
1393,88.70686299997033,0.9723749972181395,86.62922300209175,0.27394599965191446
1394,80.66572799725691,1.0595429994282313,78.4851050011639,0.2633160002005752
1395,86.09577500101295,1.0446349988342263,83.86033700298867,0.2860749991668854
1396,91.0230789995694,3.460628999164328,85.90136600105325,0.26533499840297736
1397,81.40934200127958,1.123727997764945,77.11393000136013,0.2639640006236732
1398,81.37395299854688,1.0321910012862645,79.19653399949311,0.3334090033604298
1399,80.6384870011243,1.7124910009442829,77.65821200155187,0.3008899984706659
1400,79.31266399828019,1.0053760015580337,77.1200970011705,0.32763199851615354
1401,83.94657800090499,1.4209900000423659,81.39887900324538,0.2622600004542619
1402,80.25457700205152,1.4303600000857841,77.69802600159892,0.2662050028447993
1403,83.1952230000752,0.9824310000112746,81.12273000006098,0.28081599884899333
1404,82.85447899834253,2.1046410001872573,79.64409199848888,0.2672789996722713
1405,82.74492399868905,1.1123389995191246,80.40180000170949,0.28120500064687803
1406,82.01891900171177,1.0296539985574782,79.83207500001299,0.2651859977049753
1407,78.4657160002098,1.0239500006719027,76.33833400177537,0.2641119972395245
1408,81.237581998721,1.7696950017125346,78.34567799727665,0.285668000287842
1409,88.18600800077547,1.6982320012175478,85.28106700032367,0.26639000134309754
1410,82.16349400026957,1.0125980006705504,80.07165000162786,0.26350099869887345
1411,87.35281899862457,1.5085999984876253,83.61037299982854,0.26240899751428515
1412,81.99719700132846,0.9572639974066988,79.9547229980817,0.2603530010674149
1413,83.07057400088524,1.0811169995577075,80.84765399689786,0.33483500010333955
1414,85.0047129970335,2.4348459992324933,81.4485090013477,0.28070500047761016
1415,83.79611400232534,0.9516350000922102,80.36772500054212,0.2840570014086552
1416,89.6466269987286,1.0938019986497238,85.55016100217472,0.29570600236183964
1417,82.05440100209671,1.0857650013349485,79.75285200154758,0.2844829978130292
1418,82.87662799921236,1.195525001094211,80.37041100033093,0.30535300174960867
1419,84.94848999907845,1.8031760009762365,82.01180800097063,0.2787789999274537
1420,83.53629799967166,2.216289001808036,80.1037980018009,0.3138539977953769
1421,87.70600600109901,2.2822899991297163,84.19954200144275,0.32555700090597384
1422,86.65005500006373,1.910306000354467,83.42926000113948,0.283001998468535
1423,84.84258300086367,1.9481770032143686,81.72741800080985,0.3017050003109034
1424,89.44981099921279,3.298462001112057,84.95086100083427,0.2752050022536423
1425,86.02023699859274,2.161993001209339,82.74897900264477,0.26983499992638826
1426,84.07596699908026,1.097190997825237,81.85230699746171,0.26196500039077364
1427,78.09847300086403,1.0910609998973086,75.85703400036437,0.25948300026357174
1428,81.88536300076521,0.9752639998623636,79.55314700302552,0.4809279998880811
1429,84.41052399939508,1.735063997330144,81.04076599920518,0.2877240003726911
1430,80.05455700185848,1.0672460011846852,77.80261899824836,0.2619090009829961
1431,84.1044859989779,1.080098001693841,81.86964000196895,0.2886500005843118
1432,81.05435900142766,0.9755419996508863,78.9482180007326,0.3071869978157338
1433,83.79370699913125,1.1061730001529213,81.56415800112882,0.2685760009626392
1434,82.35536500069429,1.165820998721756,80.06824300173321,0.2573160018073395
1435,80.30548399983672,1.0487460021977313,78.07673099887324,0.30603800041717477
1436,88.24224899944966,1.0699880003812723,86.04116299829911,0.2636499993968755
1437,82.87373900020611,1.0736719996202737,80.61735599767417,0.255204999120906
1438,84.24839399958728,1.0087830014526844,81.89828900140128,0.4770209998241626
1439,87.0431869989261,1.7584170018380973,83.648058000108,0.25679700047476217
1440,87.21463199981372,0.972191002801992,85.1325839976198,0.28255700090085156
1441,85.27147299901117,1.0574129992164671,83.08451699849684,0.27777899958891794
1442,82.01812300103484,1.2155250005889684,79.58653600144316,0.2990749999298714
1443,84.3403760009096,1.0962089982058387,82.0702720011468,0.31942799978423864
1444,83.31299999917974,1.0318390013708267,81.11580400145613,0.31287200181395747
1445,80.95804399999906,1.8775290009216405,77.90489699982572,0.3029830004379619
1446,83.83689100082847,1.0865980002563447,81.62976899984642,0.26948200320475735
1447,78.2990109983075,1.0115239965671208,76.21029599977192,0.25489000108791515
1448,82.23903100224561,1.0463019971211907,79.94101899748784,0.3545949984982144
1449,83.84857700002613,1.0793949986691587,81.64386200223817,0.25661199833848514
1450,80.36009599891258,1.073209998139646,78.18856599988067,0.25907600138452835
1451,83.37268499963102,1.859138999861898,80.43498500046553,0.26277999859303236
1452,81.32497100086766,1.760065002599731,78.42286300001433,0.26429700301378034
1453,84.21011600148631,1.0913209989666939,81.97945599749801,0.302483000268694
1454,85.86169899717788,1.3233040008344688,82.44119899973157,0.2730570013227407
1455,82.1277530012594,0.9683200005383696,77.5651910007582,0.2637049983604811
1456,82.94905399816344,1.1620619989116676,80.71367100274074,0.2589639989309944
1457,79.05190300152753,0.9803200009628199,76.95335500102374,0.283761000900995
1458,84.98454599975958,0.9867089975159615,80.5298919985944,0.3621500000008382
1459,81.3688779999211,1.1139499983983114,79.0384770007222,0.26402000003145076
1460,80.64793000085047,1.182561998575693,78.17304699710803,0.2669079985935241
1461,86.81105600044248,0.9949500017683022,84.68402600192348,0.28137199842603877
1462,81.96614099870203,2.255604998936178,78.56351200098288,0.29815000016242266
1463,83.08425799987162,1.199562000692822,80.65837400135933,0.2631129973451607
1464,85.80484699996305,1.6828789994178806,82.92258999790647,0.2853170008165762
1465,82.88740500211134,1.0380429994256701,80.70028200017987,0.3196870020474307
1466,88.92025199747877,1.06874599805451,86.77787000124226,0.26168600015807897
1467,85.72384600120131,1.0828759986907244,83.45887099858373,0.30900199999450706
1468,84.47937600067235,1.362876999337459,81.89954800036503,0.2783720010484103
1469,90.41907500068191,2.0496219985943753,87.14253899961477,0.35400200067670085
1470,81.88863999748719,1.1045059982279781,79.55361000131234,0.3632420011854265
1471,89.89736900184653,1.323026001045946,87.3968000014429,0.2840390006895177
1472,85.06460100034019,1.1442659997555893,82.72090399987064,0.320057002682006
1473,87.5234859995544,1.875842997833388,84.51632099968265,0.26114899810636416
1474,79.11336599863716,0.954356997681316,75.6451070010371,0.3060569979425054
1475,80.48604000214254,1.0457459975441452,76.85763200061047,0.26198300110991113
1476,81.85397399938665,1.0497650000615977,79.67729599840823,0.26203800007351674
1477,80.01366700045764,1.0817840011441149,77.84541499859188,0.26129699836019427
1478,82.03597399915452,1.9822510002995841,78.86430899816332,0.26548299865680747
1479,84.11813400016399,1.5952859976096079,79.44362700072816,0.264391001110198
1480,77.96963799773948,0.9957090005627833,75.89310800176463,0.2622049978526775
1481,84.22270800292608,1.6371019992220681,81.41548999992665,0.2605190020403825
1482,81.96454800054198,1.8500469996070024,78.97914400018635,0.2648720001161564
1483,81.93047399981879,0.9675970031821635,79.81473999825539,0.31218699950841255
1484,85.200472996803,2.334419998078374,81.40548900337308,0.2641690007294528
1485,78.76288300030865,1.476156001444906,76.0942580018309,0.26685400007409044
1486,95.30858200014336,1.0599870001897216,93.09186699829297,0.268391002464341
1487,83.6002420001023,1.02039400007925,81.50093400035985,0.27663199944072403
1488,82.14223400136689,1.7230829980690032,79.24899700083188,0.3024829966307152
1489,81.47774900135119,1.6106189978017937,78.24430599794141,0.2620939994812943
1490,79.44366399897262,1.0867099990718998,77.24672699987423,0.2623530017444864
1491,83.7557979975827,1.3186550022510346,81.34915600021486,0.2612610005598981
1492,80.15403800163767,1.0032270001829602,77.96571200015023,0.25931699929060414
1493,80.59387400135165,1.078265002433909,78.37675100017805,0.2605560002848506
1494,83.05870199910714,1.312395997956628,80.59665199834853,0.2599460021883715
1495,81.34695199987618,2.0032520005770493,78.23039899813011,0.26481600070837885
1496,91.00091100117425,4.927193000185071,85.01613800035557,0.2607240021461621
1497,81.46450799904414,0.9871350011962932,79.37027400112129,0.2616870006022509
1498,84.99117599785677,1.1061540026275907,82.74260699909064,0.28929800100740977
1499,81.97573300276417,1.021504998789169,79.69966499877046,0.30939100179239176
1500,79.2693479997979,1.0934140009339899,76.95220700043137,0.2633160002005752
1501,82.50621700062766,0.9554489988659043,80.47792799698072,0.25855700005195104
1502,78.82801300002029,1.020469000650337,76.69196399729117,0.26653799795894884
1503,78.30615799684892,1.0845800024981145,76.12238699948648,0.2596869999251794
1504,85.36023200213094,1.2389879993861541,83.0314790000557,0.25615000049583614
1505,81.01883899871609,1.1732099992514122,78.73164199918392,0.2623170003062114
1506,83.30390700211865,1.0714679992815945,81.03158000085386,0.26174199956585653
1507,80.20779799699085,1.2260809999133926,77.82650800072588,0.264316000539111
1508,80.4238360033196,1.1287839988654014,78.19652800026233,0.2641119972395245
1509,88.51002699884702,0.9816899982979521,86.41564499703236,0.2574829995865002
1510,87.4434100005601,1.3201360015955288,84.9784339989128,0.26452000020071864
1511,89.22267899833969,2.5355319994559977,85.58232599898474,0.30159399830154143
1512,85.37612100190017,1.0454870025569107,83.20690600157832,0.2809090001392178
1513,87.07644599780906,1.085023999621626,84.81856299840729,0.2838529981090687
1514,87.98761599973659,2.2129560020403005,84.59813599984045,0.2842049980245065
1515,82.4272360005125,1.0103569984494243,80.30822399814497,0.28437199944164604
1516,86.22182900217013,1.057376000971999,83.98677999866777,0.28905699946335517
1517,84.69469199917512,1.6735829995013773,80.8168379990093,0.2943719991890248
1518,83.89865099888993,1.2961370011908002,81.46991499961587,0.2831310011970345
1519,88.23389600001974,0.9642459990573116,86.13669999976992,0.2833159996953327
1520,85.40997299860464,1.0775060000014491,83.17151699884562,0.29694600016227923
1521,87.6114110033086,0.9911910019582137,84.63900700007798,0.29539000024669804
1522,85.44652899945504,2.0422890011104755,82.3045680008363,0.28081599884899333
1523,84.58772800076986,1.145579997682944,81.37061900197295,0.2800389993353747
1524,85.4458439971495,1.2113209995732177,83.10083100150223,0.28876099895569496
1525,84.54432100188569,1.744398003211245,80.98287499888102,0.2673349990800489
1526,83.89490899935481,1.0379499981354456,81.68871200177819,0.3004460013471544
1527,84.5618019993708,1.728156999888597,81.69228699989617,0.2633160002005752
1528,80.13076000133879,1.6637689986964688,77.3305779985094,0.2646869979798794
1529,82.93733100072131,0.9960609968402423,80.81918899915763,0.269576001301175
1530,79.65205399887054,1.037209000060102,77.52224599971669,0.26240900115226395
1531,84.1069289999723,1.8008059996645898,81.16196999981184,0.30020600024727173
1532,81.52011899801437,1.131692002672935,79.24423700023908,0.29607499891426414
1533,80.70776300155558,0.983672001893865,78.63858599739615,0.2615570010675583
1534,85.62227099901065,1.0157090000575408,83.49335199818597,0.2661680009623524
1535,80.96215300247422,1.9898620012099855,77.87397100037197,0.26285299827577546
1536,81.8216579973523,2.2475490004580934,78.44043600198347,0.257871000940213
1537,84.27772600043681,1.0053199985122774,82.19069700135151,0.25542699950165115
1538,79.53899700078182,1.0201529985351954,77.39259699883405,0.2630010021675844
1539,81.80849099881016,1.1880800011567771,79.48447899980238,0.26109399914275855
1540,82.95801600252162,1.9423990015638992,79.90681400042376,0.26050200176541694
1541,79.06032800019602,0.9772449993761256,77.01320599881001,0.2590020012576133
1542,88.00411699849064,1.0178389966313262,85.80536400040728,0.3351870000187773
1543,84.6438760017918,1.1006729982909746,82.4213640007656,0.26107599842362106
1544,87.65052199669299,1.210581001942046,85.20024899917189,0.26639000134309754
1545,83.29003600010765,2.3285679999389686,79.89611000084551,0.2624650005600415
1546,80.65739200173994,1.0847840021597221,78.36769499772345,0.25952000214601867
1547,83.68246399913915,1.0833580017788336,81.44304400047986,0.26372399952379055
1548,80.631225999241,1.0578580004221294,78.44349100196268,0.26229799914290197
1549,85.33136100231786,1.056578999850899,81.13382100054878,0.265389997366583
1550,79.12949499950628,1.1186170013388619,76.60794399998849,0.2645009990374092
1551,80.0220929995703,1.0915799975919072,77.82598799894913,0.2612610005598981
1552,86.28358799978741,1.0113570024259388,84.12433600096847,0.30157599758240394
1553,84.68076600183849,0.9281339989684056,82.49771700138808,0.25874199855024926
1554,84.93346999966889,0.9509129995421972,80.41429900185904,0.2611310010252055
1555,81.93934399969294,1.1839500002679415,79.65021999916644,0.261574998148717
1556,92.44802799730678,1.0479129996383563,90.18134999860195,0.3385199997865129
1557,92.3244550031086,3.0183310009306297,88.10793199882028,0.2858160005416721
1558,87.04157399915857,1.9263990034232847,83.87096499791369,0.3657609995570965
1559,88.80002799924114,1.1297650016786065,86.25621800092631,0.27859400142915547
1560,83.58877800128539,1.044524000462843,81.35302599839633,0.3198160011379514
1561,87.7172629989218,1.039837999996962,85.54234400071437,0.29620499844895676
1562,82.21886300088954,1.0198019990639295,80.071519001649,0.27879799745278433
1563,80.55057599995052,0.9492089993727859,78.56277000246337,0.26044599871966057
1564,86.54358999774558,1.7129539992311038,83.75650100060739,0.259556996752508
1565,79.83703600257286,1.0380239982623607,77.69070900030783,0.26529800015850924
1566,78.1955639977241,1.0494500020286068,76.01805299782427,0.26226100089843385
1567,84.59467200009385,1.0022649985330645,82.06693700049073,0.26131699996767566
1568,82.6158839990967,1.103283000702504,80.39351999832434,0.26135300140595064
1569,87.6690220029559,1.8227879991172813,84.68963599807466,0.282279997918522
1570,83.947002000059,1.674360999459168,81.1099499987904,0.2702049969229847
1571,84.40539299772354,1.1252650001551956,82.19547400221927,0.2595389996713493
1572,88.35947000261513,1.1315250012557954,85.92145700094989,0.2609270013635978
1573,82.17139999760548,1.1120980016130488,79.95410999865271,0.25727899992489256
1574,86.75912800026708,1.061115999618778,84.34352199765272,0.42113200106541626
1575,82.52875399921322,1.0333760001230985,80.29540799907409,0.29639099739142694
1576,82.11473300252692,1.0929309974017087,79.86488700043992,0.31189099900075234
1577,90.77481599888415,1.1717470006260555,88.42654399995808,0.31605700132786296
1578,82.12540000022273,1.1253209995629732,79.78834999812534,0.31898299857857637
1579,84.847746999003,2.3361239982477855,81.32234000004246,0.3102610025962349
1580,81.67865699942922,0.9979679998650681,79.55505300196819,0.25650099996710196
1581,83.6952960016788,1.2126359979447443,81.2672100000782,0.26015000184997916
1582,83.57233399874531,1.0225430014543235,81.26069100035238,0.26959399838233367
1583,80.51905700267525,2.0222329985699616,77.37407800232177,0.26270499802194536
1584,84.43687499675434,1.1861919992952608,81.99406499988982,0.36927899782313034
1585,90.27072100070654,2.047381000011228,86.58462699895608,0.30172399783623405
1586,83.55612900049891,1.0961359985230956,81.2372830005188,0.3647980011010077
1587,88.90532399891526,1.023449996864656,85.96453100108192,0.27425999724073336
1588,85.8882350003114,1.0966720001306385,83.69124199816724,0.2855200000340119
1589,90.02899700135458,2.9288120022101793,85.95014199818252,0.2853170008165762
1590,82.7339210009086,1.1289320027572103,80.4070390004199,0.28461300098570064
1591,83.87470500019845,1.1358019983163103,81.59630400041351,0.3104089992120862
1592,87.13975999853574,1.2328580014582258,84.21104100125376,0.31665000278735533
1593,83.723463001661,1.2913220016343985,81.2977099994896,0.2802050003083423
1594,86.84703600010835,1.8054540014418308,83.89285399971413,0.27429799956735224
1595,83.11370099909254,1.1214499972993508,80.85802300047362,0.27737200070987456
1596,84.63089399810997,1.0750420005933847,82.320195997454,0.35200199999962933
1597,83.45899900086806,1.5821750021132175,80.61144599923864,0.2895200013881549
1598,84.01465000133612,0.9573569986969233,80.38698300151736,0.28109399863751605
1599,88.70300899798167,1.448508002795279,86.1105129988573,0.2837979991454631
1600,81.00689300044905,1.1418200010666624,78.64756599883549,0.33609499951126054
1601,86.85183200213942,1.066950000677025,84.5710979992873,0.2929459988081362
1602,84.26616999713588,1.1234509984205943,81.9979539992346,0.2946130007330794
1603,83.98316800230532,1.7889359987748321,81.04200500019942,0.2840939996531233
1604,87.72761499858461,2.673736002179794,83.72133300144924,0.2761130017461255
1605,82.2361960017588,1.041097999404883,80.01090600009775,0.2882609987864271
1606,86.00260499952128,2.149158997781342,82.6976980024483,0.289482999505708
1607,83.1491079989064,1.1413949978305027,80.44359400082612,0.2730009982769843
1608,82.6849030017911,1.1078390016336925,80.42137099982938,0.29526099751819856
1609,87.82287399662891,2.639883998199366,84.05715099797817,0.281928001641063
1610,82.11091700286488,1.0773760004667565,79.88920199932181,0.27650099946185946
1611,84.31376299995463,1.1446919997979421,81.97306500005652,0.28174199906061403
1612,82.8654219985765,1.152357999671949,80.56822399885277,0.26848299967241473
1613,82.2761220006214,0.995301001239568,80.16111100005219,0.2936119999503717
1614,85.06189599938807,1.1158579982293304,82.87677399857785,0.25581599766155705
1615,87.98913400096353,0.9740610003063921,85.87730799990823,0.3306680009700358
1616,82.59790200099815,1.0516910006117541,80.42407500033733,0.266834998910781
1617,83.31192399782594,1.0453940012666862,80.32961199933197,0.2657049990375526
1618,80.34459299960872,1.7011949967127293,77.53265199789894,0.2684460014279466
1619,88.70100900094258,1.0116900011780672,86.42314400276518,0.29263100077514537
1620,82.70199400067213,1.128987998527009,80.47653899848228,0.26150100165978074
1621,83.74944499882986,1.5492860002268571,81.04141200237791,0.32637199910823256
1622,80.23174100162578,1.694378999673063,76.39779500095756,0.3015570000570733
1623,80.15562899890938,1.0005609983636532,77.29911400019773,0.2717789975577034
1624,83.93803899889463,1.0917460022028536,81.74382300057914,0.26248200083500706
1625,84.35568800268811,1.9685850020323414,81.23719099967275,0.25933500000974163
1626,83.88963099787361,2.265364000777481,80.18575900132419,0.2582419983809814
1627,87.9992449990823,1.7478430017945357,85.05402599985246,0.2603350003482774
1628,81.07241200195858,1.4078220010560472,78.23411899880739,0.3738529994734563
1629,91.41218899821979,1.6049719997681677,88.46087699930649,0.2861680004571099
1630,92.49456500037923,1.0527090016694274,90.2632569996058,0.31431599927600473
1631,85.88901199982502,1.086245996702928,83.6093889993208,0.3189650014974177
1632,83.7829080010124,1.936992000992177,79.94709099875763,0.3260570010752417
1633,83.21079300003476,1.0845060023711994,80.78757700059214,0.4704470011347439
1634,84.15944700027467,1.0191159999521915,81.05654099927051,0.26100100149051286
1635,78.69936199858785,1.0325789990019985,76.54335100232856,0.26720499954535626
1636,82.7972180013603,1.0507090009923559,80.62248400165117,0.2642229992488865
1637,84.11753900145413,1.043726999341743,81.96454700009781,0.2831489982781932
1638,83.32442399841966,1.0638390012900345,81.1401900027704,0.2830749981512781
1639,81.80111899855547,1.1407659985707141,79.52229200236616,0.25605699920561165
1640,80.15109200277948,1.2147289999120403,77.67298700127867,0.2535940002417192
1641,81.40624699808541,0.9832459982135333,79.38266199926147,0.2726499988057185
1642,84.18928000173764,1.0480060009285808,79.85590499811224,0.25894599821185693
1643,81.90376899801777,1.39093300094828,79.28584699766361,0.25629800074966624
1644,87.03442399928463,1.0655430014594458,84.84450600008131,0.25987200206145644
1645,86.37612500024261,1.1505239999678452,83.14308899934986,0.28398300128174014
1646,81.59372999944026,1.2908399985462893,79.17191999877105,0.259741998888785
1647,83.32507200248074,1.4188040004228242,80.76166899991222,0.27244599914411083
1648,79.3872909998754,1.060431000951212,77.22653999735485,0.26111199986189604
1649,86.96316599889542,3.0702389994985424,82.79647599920281,0.28085299709346145
1650,79.9672390021442,1.274525999178877,77.39098499951069,0.28627899882849306
1651,86.10447499813745,0.9195790007652249,83.28744200116489,0.2573530000518076
1652,82.55586399900494,1.0802459983096924,80.38553799997317,0.26559400066616945
1653,80.95900400076061,0.9538390004308894,76.22031199935009,0.25811199884628877
1654,96.2542699999176,2.498180001566652,92.57069500017678,0.33165000058943406
1655,80.10496200222406,1.7657499993219972,77.23429899851908,0.2924090003944002
1656,85.14828499755822,0.9426719989278354,81.69122999970568,0.2896490004786756
1657,83.61762899949099,1.062301998899784,80.89513300001272,0.2577049999672454
1658,85.24354499968467,1.7349720001220703,82.35104799678084,0.29355700098676607
1659,90.33451600043918,2.299604999279836,86.9441460017697,0.2597420025267638
1660,79.21379099934711,1.0734320021583699,77.04348300103447,0.2668530032678973
1661,83.97035300004063,1.0246899983030744,81.80422999794246,0.2585379988886416
1662,79.3484760033607,1.1123209987999871,76.81035199857433,0.26135299776797183
1663,81.44126599654555,0.9759489985299297,79.34084699809318,0.31292800122173503
1664,82.9415880034503,1.0312279991921969,80.6691870020586,0.3696870007843245
1665,80.59659399805241,1.7264529997191858,77.22226199985016,0.2569460011727642
1666,80.20881400079816,1.283228997635888,77.75911600037944,0.2937419994850643
1667,83.90911199967377,1.0880610025196802,81.71839699934935,0.2675020004971884
1668,78.82747400071821,1.0796909991768189,76.6414249992522,0.25766800172277726
1669,85.06732100067893,1.0613019985612482,82.90797700101393,0.26942700060317293
1670,81.8151929997839,1.1452100006863475,79.62814499842352,0.2507799981685821
1671,95.84045299925492,0.9881160003715195,93.71616399948834,0.2529459998186212
1672,82.830864997959,1.0330420009267982,80.74183500139043,0.25785399702726863
1673,83.4171470014553,1.7405649996362627,80.57094600007986,0.2601489977678284
1674,88.54154299842776,1.0379870000178926,86.38432899897452,0.26122399867745116
1675,85.3782490012236,1.0136349992535543,83.303886000067,0.25527899924782105
1676,88.2423020011629,1.8892320003942586,85.0789510004688,0.29220500073279254
1677,87.84389100037515,1.1305240004730877,85.51897199868108,0.2524449992051814
1678,79.57223699850147,1.0340419976273552,77.35870699980296,0.2855380007531494
1679,87.29777800181182,1.0949130009976216,85.03545100029442,0.26231599986203946
1680,85.15732199884951,1.5551750002487097,82.46271499956492,0.258482999925036
1681,82.95799500046996,3.2482210008311085,78.60513900232036,0.26426100157550536
1682,92.08345099978033,0.9865610009001102,89.9953469997854,0.2832789978128858
1683,82.27217699823086,1.132190998760052,79.9797010004113,0.2796869994199369
1684,90.28273800140596,1.2464329993235879,87.72933499858482,0.27618700187304057
1685,89.571975000581,0.9988020028686151,87.49303800141206,0.25805699988268316
1686,83.68875899759587,0.9737090003909543,79.36268000048585,0.33829799940576777
1687,86.06112300185487,2.50054999924032,82.22599100190564,0.2738720031629782
1688,83.95107400065172,2.324178996786941,80.51853800134268,0.26468599753570743
1689,82.27680699928897,1.1008759975084104,79.99559000018053,0.26114900174434297
1690,80.06010999815771,1.0901909990934655,77.88583900037338,0.25763099984033033
1691,80.17538700005389,2.1363630003179424,76.99562999914633,0.2559080021455884
1692,85.80319600150688,1.0039680018962827,83.68872099890723,0.26324200007366017
1693,79.86527499815566,1.0478940021130256,77.64298499751021,0.2642979998199735
1694,85.60847200351418,2.4652719985169824,81.48704300037934,0.2805380026984494
1695,86.39747699999134,1.09215399788809,84.19524300188641,0.282465000054799
1696,88.69535899793846,1.2509879998106044,86.10654899894143,0.27807500009657815
1697,86.93238699925132,1.3052480026090052,84.23057599793538,0.37413199970615096
1698,86.52786600214313,1.4547110004059505,83.02295800240245,0.28413099789759144
1699,84.99854299952858,1.7255829989153426,82.16780599832418,0.2865940004994627
1700,91.48285500123166,1.799121000658488,88.54083899859688,0.2885939975385554
1701,83.83329599746503,1.3157289977243636,81.29885699963779,0.2829650002240669
1702,89.77262400003383,1.1082470009569079,87.1696840004006,0.2596869999251794
1703,80.5089269997552,0.9922460012603551,78.15447000029963,0.26201999935437925
1704,80.47290700051235,2.503531002730597,76.74151800165419,0.32246500268229283
1705,82.96888499899069,1.9016949991055299,79.89657099824399,0.2604830006021075
1706,81.50824600306805,1.1151349972351454,79.10517799973604,0.2498339999874588
1707,84.2776879981102,0.9809490002226084,79.70301499881316,0.24933500026236288
1708,84.94552399861277,1.8388980024610646,81.81041500210995,0.42985399704775773
1709,83.04816200325149,2.5287540011049714,78.75319500089972,0.2998159980052151
1710,87.27173999795923,0.9876160002022516,83.18108900130028,0.2953530020022299
1711,81.25543099959032,1.099208999221446,79.08871499967063,0.25296499734395184
1712,93.10814100172138,1.88517700007651,90.08144100153004,0.34753900035866536
1713,83.47690499795135,1.0650610020093154,80.25440599885769,0.2966129977721721
1714,82.71405000050436,1.276858998608077,78.75832499848912,0.26133500068681315
1715,86.33886399911717,2.3493080007028766,82.84732800166239,0.26926099963020533
1716,84.11202000206686,1.160023999545956,81.3792269982514,0.26613099907990545
1717,92.40206399772433,1.6739170023356564,89.30241699999897,0.27987200155621395
1718,83.31495900347363,1.006893999146996,81.19931900000665,0.2777420013444498
1719,82.9013649999979,1.0961730004055426,80.70325999869965,0.27885300005436875
1720,90.12084799906006,1.2007659970549867,87.76148299875786,0.26926099963020533
1721,81.36204199763597,1.1018199984391686,79.15764100107481,0.2714460024435539
1722,88.64997000273434,1.0163760016439483,86.21245699760038,0.4700210010923911
1723,84.7196519971476,1.7384719976689667,81.34926400089171,0.2741129974310752
1724,85.37789700130816,1.021727999614086,83.22145900092437,0.33942799927899614
1725,82.81853100197623,1.059931000781944,80.641389999073,0.2812790007737931
1726,82.60019699810073,1.1078759998781607,80.32953599831671,0.2793159983411897
1727,85.82145400214358,1.0898389991780277,83.56888699927367,0.27911199867958203
1728,83.38453399846912,0.9910420012602117,81.23667100153398,0.28029799796058796
1729,88.75178499874892,2.494143001968041,85.11741400070605,0.2809090001392178
1730,84.60930000001099,1.1233580007683486,82.2275089994946,0.3665019976324402
1731,89.17925000059768,1.1205429982510395,86.66244100095355,0.46813200242468156
1732,93.23534600116545,1.3286920002428815,90.32094100257382,0.2902790001826361
1733,85.40089599773637,1.399136999680195,82.77416099736001,0.28363100136630237
1734,87.21090700055356,1.0210050022578798,84.832374999678,0.3780939987336751
1735,86.32821600258467,1.68632400163915,82.91210599782062,0.2909639988502022
1736,84.55672499985667,1.071413000317989,82.31465800054139,0.3101310030615423
1737,86.21628999753739,1.061839000612963,83.96031399752246,0.32437200206913985
1738,82.47121500244248,0.9975980028684717,80.36768399688299,0.29129799804650247
1739,81.60487599889166,1.236969001183752,79.00117700046394,0.3007790000992827
1740,80.66437099842005,0.9971899999072775,78.50987799974973,0.2627970025059767
1741,80.22746200003894,1.0753390015452169,78.03948700166075,0.2600760017230641
1742,86.13258600234985,1.1062470002798364,83.79633199729142,0.35268700230517425
1743,81.3512639979308,1.1417470013839193,78.61808199959341,0.2762609983619768
1744,80.49888900131918,1.0659129984560423,78.14878399949521,0.29225999969639815
1745,83.71725799952401,2.2995679973973893,80.09648000006564,0.27870499980053864
1746,85.17959899836569,3.1155719989328645,80.96681700044428,0.2601870000944473
1747,86.849830000574,1.4565630008291919,84.2067980011052,0.3403910013730638
1748,83.39353400151595,1.0833759988599923,81.11113300037687,0.3129460019408725
1749,88.75974799957476,1.0536540030443575,86.51947599719279,0.34687199877225794
1750,82.46308399975533,1.9001029977516737,79.07865900051547,0.26142799833905883
1751,91.5423730002658,0.9773199999472126,85.6798050008365,0.26452000020071864
1752,83.11864400093327,1.2081729983037803,80.82585300144274,0.2615199991851114
1753,79.73420000053011,1.0613199992803857,77.60042899826658,0.2626870009407867
1754,85.82980599749135,1.119339001888875,83.501275999879,0.26003799939644523
1755,84.52846600266639,1.6272860011667944,78.76541699806694,0.34253800185979344
1756,78.56624899795861,1.1556909994396847,76.30983000126434,0.26335299844504334
1757,87.2854430017469,1.3833410012011882,84.6146330004558,0.2629830014484469
1758,80.16666500043357,1.4164339991111774,77.44078099858598,0.25644599736551754
1759,84.33850199799053,2.71579300169833,80.38450000094599,0.2812240018101875
1760,88.78626600198913,1.0744680002972018,85.53948999906424,0.412410001445096
1761,81.54350599943427,1.591267002368113,78.23328399899765,0.26361299751442857
1762,85.26359899769886,0.9528570008114912,82.36267599932034,0.2667419976205565
1763,79.5905880004284,0.9476349987380672,77.53565099847037,0.2602790009404998
1764,81.8315620017529,1.6270460000669118,78.95314000052167,0.2631130009831395
1765,79.52519899845356,0.9878759992716368,77.47933599966927,0.27844600117532536
1766,78.80919400122366,1.1055800023314077,76.25401399855036,0.25937199825420976
1767,84.43226199960918,1.1205979972146451,82.17037899885327,0.27072399825556204
1768,80.59557399974437,0.9657650007284246,78.55908299825387,0.2634269985719584
1769,87.10888700079522,1.0225609985354822,84.45266899798298,0.2881680011341814
1770,81.75961799861398,2.1103810031490866,78.18633900023997,0.2679640019778162
1771,80.6208889989648,1.0629870012053289,78.43067399880965,0.2629270020406693
1772,88.74076600113767,0.9112829975492787,85.40695200281334,0.2610200026538223
1773,85.83819500199752,2.716217997658532,82.05952699790942,0.2618910002638586
1774,81.28531799957273,2.0874000001640525,78.07769100327278,0.27088999922852963
1775,87.6454270000977,1.0905609997280408,85.37780299957376,0.2575940015958622
1776,81.29070799986948,0.8975609998742584,78.61365699864109,0.257298001088202
1777,86.40025299973786,2.0902150026813615,83.25136599887628,0.2627239991852548
1778,82.1886009980517,1.4576189969375264,77.64228100131731,0.28001999817206524
1779,81.80884000103106,2.2073629988881294,78.3600069989916,0.25831600214587525
1780,81.8542669985618,1.2078209983883426,79.58119899922167,0.26607600011629984
1781,84.13770400147769,0.9915049995470326,80.01494199925219,0.26427900229464285
1782,85.0032829985139,0.9526159992674366,81.28307799779577,0.265650000073947
1783,79.29166000030818,0.9291909991588909,76.46833000035258,0.260278997302521
1784,79.69530999980634,1.0484869999345392,77.4849469999026,0.2696310002647806
1785,83.29797800251981,0.9717089997138828,81.26692999940133,0.2639640006236732
1786,80.68846300011501,1.0338760002923664,78.56478599933325,0.26096399960806593
1787,83.01984699937748,1.0395800018159207,80.81363100063754,0.29340900073293597
1788,88.79465399877517,2.077010998618789,85.36739600094734,0.2615390003484208
1789,85.7292309992772,0.9731350000947714,83.68251700085239,0.25790899962885305
1790,87.46757400149363,1.0352460012654774,85.27998799763736,0.2819090004777536
1791,82.44178799941437,1.3256739985081367,79.99342299808632,0.29776100200251676
1792,86.38332700138562,1.0843569980352186,84.16057499925955,0.2806679985951632
1793,88.87493300062488,1.1826549998659175,86.55221699882532,0.29924199770903215
1794,84.99150399802602,1.1360060016158968,82.54599200154189,0.27883499933523126
1795,84.9707830020634,1.3232480014266912,82.4020100008056,0.27646400121739134
1796,87.05268199992133,1.4046920005057473,84.43361299941898,0.3366310011188034
1797,84.020962996874,1.0280050009896513,81.85656199930236,0.2612979988043662
1798,81.90315500178258,1.1894879971805494,79.38899299915647,0.253759997576708
1799,81.2021880010434,1.0116349985764828,78.79469500039704,0.26537099984125234
1800,82.48801099762204,1.9998069983557798,79.35414100211347,0.2603530010674149
1801,82.67291800075327,1.1877659999299794,80.29966500180308,0.259316002484411
1802,91.78780000002007,2.604607001558179,88.03233599974192,0.3226310000172816
1803,79.77038500030176,0.964265000220621,76.72479400207521,0.29248300052131526
1804,80.84550100102206,1.0319120010535698,78.71806500043022,0.2629270020406693
1805,88.09081700019306,0.9828749971347861,85.9943059986108,0.2796120024868287
1806,80.89529800054152,1.1273019990767352,77.28929799850448,0.26177900144830346
1807,86.22293699954753,1.1464879971754272,83.79051699739648,0.28363099772832356
1808,86.94544099853374,1.1077279996243306,84.68970700050704,0.31268699967768043
1809,79.3188640018343,1.0031909987446852,77.25227799892309,0.26559400066616945
1810,88.8146909965144,1.2120060018787626,85.81991599930916,0.26311200053896755
1811,80.84120500279823,1.0655059995769989,78.56076700045378,0.3169640003761742
1812,82.33284299785737,1.0401350009487942,80.22438700209022,0.25953799922717735
1813,79.89882900074008,1.6050449994509108,77.13650000005146,0.3029649997188244
1814,81.99647099900176,1.9480470000416972,78.7983609989169,0.2771860017674044
1815,86.1886400016374,1.1872099967149552,83.78122100111796,0.26585300292936154
1816,81.8241550005041,1.0404500026197638,79.66903199849185,0.25674199787317775
1817,86.96990399766946,0.9898390017042402,84.90585599793121,0.2623899999889545
1818,87.58012900216272,1.4939530010451563,83.0169750006462,0.25714899675222114
1819,86.7888850007148,1.9642879997263663,82.16621199971996,0.26061199969262816
1820,83.63275599913322,1.1030059977201745,81.35711499926401,0.26411299768369645
1821,80.81429799858597,1.1268019989074674,78.52080399970873,0.2688349995878525
1822,85.59039600004326,1.7157119982584845,82.71141799923498,0.2854650010704063
1823,87.19173800272983,2.3582339999848045,83.6740529994131,0.2991680012200959
1824,82.88647499648505,1.0678209982870612,80.54377699954784,0.2835569976014085
1825,88.06204000211437,1.4212479982234072,85.45682200201554,0.2778719972411636
1826,83.66384900000412,1.861991000623675,80.62331399924005,0.2774460008367896
1827,83.82894299938926,2.324548997421516,80.3013880031358,0.28257500161998905
1828,85.60909999869182,1.832712998293573,82.05274799911422,0.3150199991068803
1829,80.79863100283546,1.1028760018234607,78.56697099850862,0.26589000117382966
1830,84.15948099718662,1.3166179996915162,81.28722599940374,0.2549460004956927
1831,79.20551100323792,0.9270230002584867,77.20653700016555,0.2942790015367791
1832,84.95802299876232,1.0335049992136192,82.81799299948034,0.274113001069054
1833,86.6947539980174,0.9339119969808962,84.57609499964747,0.35739000304602087
1834,80.97790900137625,1.3143770011083689,78.04611599931377,0.2609830007713754
1835,82.6179729992873,1.6453050011477899,79.83858899751795,0.26020499717560597
1836,78.68856400091317,1.15358000039123,76.3475150015438,0.3082060029555578
1837,84.45203800147283,3.039627001271583,80.28366500002448,0.25853899933281355
1838,81.80802499919082,2.4783469998510554,78.1553390006593,0.26022300153272226
1839,79.82355100102723,1.0853759995370638,77.56292799967923,0.30075999893597327
1840,81.92526599668781,0.9970799983420875,79.78934700076934,0.259019998338772
1841,82.55104700219817,1.3269149967527483,80.15592300216667,0.2672240007086657
1842,80.75612999891746,2.18739999763784,77.44959400224616,0.28539100094349124
1843,84.29946400065091,1.0635789985826705,82.09848900150973,0.26146500022150576
1844,79.36960399820236,1.0322460002498701,77.20913000230212,0.2658909979800228
1845,86.37454900235753,0.9951529973477591,84.1769069993461,0.3514640011417214
1846,81.16455799972755,1.3476919993991032,78.18189400131814,0.2997049996338319
1847,79.70660600039992,1.1680989991873503,76.99323900305899,0.3265390005253721
1848,85.68954499787651,1.020802003040444,83.50731100290432,0.26427899865666404
1849,78.32889500059537,0.9749860000738408,76.27982900157804,0.2641499995661434
1850,84.56898300210014,1.0366170026827604,82.3755829987931,0.261760000284994
1851,81.8461729977571,1.384952000080375,79.32093699855614,0.26150100165978074
1852,78.92600900231628,1.0839679998753127,76.74247900285991,0.26613099907990545
1853,83.4155889970134,0.9973009982786607,79.56779000232928,0.2609650000522379
1854,78.50369200241403,1.0180050012422726,76.3976990019728,0.25781600197660737
1855,78.20765299766208,1.0646529990481213,75.95991999914986,0.30239099942264147
1856,82.10089700151002,1.0359680018154904,79.88692200160585,0.2610199990158435
1857,82.45487900057924,0.9969689999707043,77.83094799742685,0.2653720002854243
1858,93.94640299797175,2.672976999747334,90.15793800062966,0.2677609991224017
1859,82.33808300064993,1.0375240017310716,78.52561799882096,0.2603350003482774
1860,88.86189500117325,1.0588389995973557,86.6702349994739,0.264390000666026
1861,88.85478400043212,1.1721730006684083,83.89305399759905,0.3302429977338761
1862,79.49015999838593,1.9890100011252798,76.39455100070336,0.26511200121603906
1863,83.31260600243695,1.2811359993065707,80.80116699784412,0.2637610014062375
1864,85.369616997923,1.642527997319121,82.52510199963581,0.29985400033183396
1865,81.2146140015102,0.9861170001386199,79.14595500187716,0.256650000665104
1866,83.05971599838813,1.109729000745574,80.56155400117859,0.25557499975548126
1867,79.8665139991499,1.7185649994644336,77.02636999965762,0.26711199825513177
1868,80.36925800115569,1.0570609993010294,78.0982270007371,0.34116900133085437
1869,84.83504000105313,1.1906549989362247,80.77849999972386,0.2800570000545122
1870,82.90064099855954,1.028358001349261,80.72783299940056,0.28494599973782897
1871,87.41255399945658,1.8753430013020989,84.35977800036198,0.30611299735028297
1872,82.93788200171548,1.0432460003357846,80.75011099936091,0.27826099903904833
1873,84.0687390009407,0.9992089981096797,81.94976499726181,0.27809500170405954
1874,83.52160799768171,1.0775610026030336,81.24898399910307,0.2861119974113535
1875,83.69301499988069,1.9990660002804361,80.45477599807782,0.3452239980106242
1876,85.09346800201456,1.1162839982716832,82.74121399881551,0.3185200002917554
1877,85.20735699858051,1.0438760000397451,82.95434499814291,0.31548300103168003
1878,89.54650899977423,0.9955049972631969,85.59809899816173,0.27885300005436875
1879,81.37007800178253,1.0292639999534003,79.1863429985824,0.31996499819797464
1880,82.53239799887524,2.4690869977348484,78.61532199967769,0.37481699837371707
1881,84.24266599831753,1.483860000007553,80.30670199877932,0.3000940014317166
1882,81.2472070028889,2.3697529977653176,77.74633599910885,0.2626860004966147
1883,84.95979999861447,1.0337090025132056,82.81473299939535,0.27403899730416015
1884,83.2945309994102,1.708750001853332,79.97677400271641,0.32505700073670596
1885,79.45164199918509,1.0782829995150678,77.18579599895747,0.2968910011986736
1886,84.38887100055581,1.2462099984986708,81.91437599816709,0.25766800172277726
1887,80.18279300085851,0.9917829993355554,78.09065199762699,0.28579699937836267
1888,82.70369499950903,1.0562459974607918,80.50507299776655,0.2592980017652735
1889,84.05787000083365,1.9228989986004308,81.01672299744678,0.2652609982760623
1890,86.15980600006878,1.0583389994280878,83.18206799958716,0.2575569997134153
1891,87.30514600028982,2.5640130006649997,83.6067929994897,0.31176099946605973
1892,88.8577269979578,1.0368390030635055,86.72349399785162,0.25896400256897323
1893,87.02166300281533,0.9481900015089195,83.42434800215415,0.27529699946171604
1894,81.34644699748605,2.042880998487817,78.25648600191926,0.2523160001146607
1895,86.85060599964345,1.0193950001848862,82.67530599914608,0.2731120002863463
1896,81.80661699952907,1.0888030010391958,79.61227099804091,0.25953799922717735
1897,80.9843160022865,1.0483570003998466,77.15798099889071,0.2623350010253489
1898,87.51890599887702,1.0739870012912434,85.2933390015096,0.29659400024684146
1899,79.49015900157974,1.0170050009037368,77.40485300018918,0.2706680024857633
1900,86.09915799752343,1.0177280018979218,82.50456400128314,0.309039001876954
1901,81.92022799994447,1.0976910016324837,79.67129000098794,0.2582420020189602
1902,80.66416600195225,1.1082649980380666,78.44380200185697,0.26477999927010387
1903,89.48941600101534,1.7221950001840014,86.63512299972354,0.2826870004355442
1904,83.40140299696941,1.7493799969088286,80.47971999985748,0.3043529977730941
1905,85.65087700117147,1.628600999538321,82.87971399840899,0.259205000475049
1906,82.27050799905555,1.0536170011619106,80.09758800108102,0.2782239971566014
1907,81.69469000131357,1.7049159978341777,78.87965700138011,0.26290900132153183
1908,83.68592300030286,1.019171999359969,81.51974499924108,0.27057600163971074
1909,80.38899700113689,1.035450000927085,78.20559800165938,0.2607419992273208
1910,84.27809299973887,1.0087090013257693,82.16339600039646,0.2644830019562505
1911,77.67579799838131,1.0300610010745004,75.56378800290986,0.25718699907884
1912,82.26473000104306,1.232468999660341,77.24011100071948,0.2552420010033529
1913,85.01226299995324,1.0666909984138329,82.8055290003249,0.25850099700619467
1914,80.74598099847208,1.072097998985555,78.5784519976005,0.2587790004326962
1915,90.56501400118577,3.0629790016973857,86.37152899973444,0.2685010003915522
1916,155.71891299987328,2.089826000883477,152.53661899987492,0.2659089986991603
1917,89.56126900011441,1.236247997439932,87.19584799837321,0.2658340017660521
1918,83.30386400120915,1.059209000231931,81.08542700210819,0.3368540019437205
1919,82.99782699759817,2.960664001875557,78.94067500092206,0.26124199939658865
1920,88.01474100255291,0.9537460027786437,83.92805400217185,0.2751870015345048
1921,81.49507799680578,1.0099690007336903,77.7856500026246,0.26122399867745116
1922,82.93297400086885,1.111098001274513,80.68718499998795,0.25777900009416044
1923,82.15676600229926,1.593712000612868,79.49867899878882,0.2890389987442177
1924,82.42298999903142,0.9394669978064485,78.39770899954601,0.25648299924796447
1925,85.20804200088605,1.2980440005776472,82.77606499905232,0.2590570002212189
1926,85.21370800008299,1.9634359996416606,82.11115499943844,0.25885300055961125
1927,81.65254099731101,1.101525002013659,79.45754800311988,0.27064899768447503
1928,82.7211020005052,1.8380280016572215,79.76360500106239,0.26398299814900383
1929,79.4550110003911,1.0686909990909044,77.22481399832759,0.2631679999467451
1930,83.6610890000884,1.0465240011399146,81.51157799875364,0.26783499924931675
1931,79.10301000083564,0.9667270023783203,76.9913500007533,0.3079839989368338
1932,83.76536699870485,1.0951539989036974,81.09457499813288,0.26877900018007495
1933,84.80916900225566,1.38502600020729,81.92508000138332,0.29877900306019
1934,81.79146799739101,2.0981039997423068,78.60587699906318,0.257871000940213
1935,85.42409800065798,1.0023009999713395,83.31117999841808,0.2586679984233342
1936,80.53723899865872,1.758360998792341,77.52779700240353,0.33679799889796413
1937,80.72974000242539,1.0557649984548334,78.48550599737791,0.288111998088425
1938,81.903523998335,1.2473589995352086,79.36214100118377,0.30505700124194846
1939,79.91171700268751,1.0052830002678093,77.81189100205665,0.25616800121497363
1940,81.13251999748172,1.0438760000397451,78.98065599874826,0.2601119995233603
1941,80.08545900156605,1.0782459976326209,77.83255799949984,0.25840899979812093
1942,79.89886499854038,1.412786001310451,77.34223999796086,0.25626000206102617
1943,86.11536100215744,1.0300050016667228,83.94136800052365,0.264391001110198
1944,80.68140599789331,1.8331760002183728,77.65246400231263,0.33207500018761493
1945,83.16241899956367,1.2230430002091452,80.76681500097038,0.26059399897349067
1946,83.03099300246686,2.2479559993371367,79.00400799917406,0.2641499995661434
1947,82.06841399805853,1.3668769970536232,79.25545499892905,0.2600760017230641
1948,83.95925700096996,1.6058600012911484,81.26259400160052,0.259741998888785
1949,80.42496000052779,1.6482869978062809,77.6617970004736,0.27631600096356124
1950,86.44197399917175,0.993931000266457,84.36777799943229,0.28557599944178946
1951,85.77248900110135,1.8249540007673204,80.29836799687473,0.26188999981968664
1952,80.80573999905027,2.0326400008343626,77.61040900004446,0.2667049993760884
1953,85.25909699892509,1.5287860005628318,82.50008200047887,0.3585760023270268
1954,81.09416700244765,1.5550079988315701,77.87296600145055,0.32148299942491576
1955,81.45078099914826,1.0399679995316546,79.27404600195587,0.26755699946079403
1956,83.05462199859903,1.0617090010782704,80.82220299911569,0.26666799749364145
1957,79.13565800117794,1.0963390013785101,76.93397899856791,0.25481700140517205
1958,82.40436000050977,1.0128940011782106,80.18960700064781,0.37887300277361646
1959,83.60419900054694,2.055529002973344,80.43033099966124,0.2602599997771904
1960,82.12059899960877,1.0658200008037966,79.92114299850073,0.26664999677450396
1961,83.7627929977316,1.8627509998623282,80.77501700245193,0.2637979996507056
1962,82.50110100198071,1.0643759997037705,80.20321900039562,0.27127900102641433
1963,82.32511800088105,1.0187829975620843,80.231810999976,0.26992800121661276
1964,83.5841989974142,1.0700800012273248,81.42289100214839,0.2537789987400174
1965,86.85995700216154,1.8996389990206808,83.84190399738145,0.2725390004343353
1966,87.38294199793017,2.3358459984592628,83.93888599675847,0.28505699810921215
1967,83.4836060021189,1.054024000040954,81.32722499794909,0.2859640007955022
1968,84.06360899971332,1.0450430017954204,81.87378300135606,0.29463099781423807
1969,83.98710899928119,1.087191001715837,81.73913299833657,0.2945199994428549
1970,81.42803900045692,0.961172001552768,79.37628799845697,0.2646310022100806
1971,83.0487710009038,0.964265000220621,78.9156009996077,0.29657599952770397
1972,80.22101399910753,1.0699680024117697,78.02605799952289,0.26987100136466324
1973,78.57672899990575,1.7708429986669216,75.69939799941494,0.26652000087779015
1974,85.11455899861176,0.990652999462327,82.96912099831388,0.2606310008559376
1975,82.13113600140787,0.9347269988211337,78.42361599978176,0.252038000326138
1976,82.99134399931063,1.429711002856493,80.41555200179573,0.2612979988043662
1977,88.1317970015516,2.2127339980215766,84.72746500046924,0.26487099967198446
1978,80.44203399913386,0.9533379998174496,78.4258019994013,0.2536859974497929
1979,87.29968099942198,1.1456729989731684,83.6906069998804,0.25724199804244563
1980,84.31453699813574,2.058325000689365,81.10701899931883,0.28081599884899333
1981,83.1336219998775,1.1039129967684858,80.85398099865415,0.2638160003698431
1982,81.54265100165503,2.4275870018755086,77.84141000229283,0.26759399770526215
1983,79.86008700027014,1.1577469995245337,76.52016200154321,0.2635199998621829
1984,88.85541199924774,1.2025060023006517,85.31918900189339,0.2658160010469146
1985,80.5326280024019,1.1143030023959,78.21822600089945,0.25292699865531176
1986,79.88204899811535,0.9674499997345265,77.8132800005551,0.26389000049675815
1987,84.02981299877865,0.9254859978682362,80.07386499957647,0.28979800117667764
1988,81.89806000154931,1.0818760019901674,79.65680800043629,0.26120500115212053
1989,87.06379100112827,1.9470469997031614,84.0093490005529,0.2898350030591246
1990,83.44423599919537,1.0680240011424758,81.23476100081461,0.28576000113389455
1991,81.18672300042817,1.084301999071613,79.0379709978879,0.26663099924917333
1992,80.99548099926324,1.0900430024776142,78.79352599775302,0.26666799749364145
1993,82.15622900024755,1.2042099988320842,79.8463270002685,0.26907500068773516
1994,87.48199699766701,0.9342650009784847,84.1899619990727,0.2636869976413436
1995,81.02992600106518,1.0526350015425123,78.87113700053305,0.2644279993546661
1996,79.02028600074118,0.8974859993031714,76.97258999905898,0.32613100120215677
1997,88.14711200102465,2.3270489982678555,83.99638599803438,0.36452000131248496
1998,80.59629399940604,1.0838210000656545,78.42996799809043,0.26420599897392094
1999,83.63634700071998,0.9529859999020118,79.51763999881223,0.3355389999342151
2000,81.94820899734623,1.101727997593116,79.63614099935512,0.2756870017037727
2001,88.0168700023205,1.4634700019087177,85.48907899967162,0.2627969988679979
2002,87.79412799776765,1.031561001582304,85.71230199959246,0.26072299806401134
2003,81.80313400225714,0.966745999903651,78.2107269988046,0.2652420007507317
2004,80.01636499830056,1.0885990013775881,77.79581599970697,0.2638710029714275
2005,79.97195799907786,0.9675800029071979,77.90029799798504,0.2598710016172845
2006,81.88796800095588,0.9555609976814594,78.33911499983515,0.2620939994812943
2007,90.50921599919093,2.1326220012269914,87.12830999866128,0.2941130005638115
2008,82.39048900213675,1.7605089997232426,79.53113999974448,0.2609270013635978
2009,87.58368299822905,1.107486998080276,85.34154100198066,0.26179699852946214
2010,82.58736000061617,0.9613940019335132,79.19091599978856,0.27974200202152133
2011,82.88834300037706,3.476721998595167,78.31872699898668,0.2642420004121959
2012,81.27651999893715,1.2357280029391404,78.88991399886436,0.260278997302521
2013,79.69290000255569,0.9906909981509671,76.23310499911895,0.2625939996505622
2014,80.36569999967469,0.935820000449894,77.4690920006833,0.3081499999098014
2015,83.52231000026222,1.045708999299677,80.95362899985048,0.27076100013800897
2016,79.69369599959464,1.019969000481069,77.53903699995135,0.30437199893640354
2017,86.19573100077105,1.2156359989603516,82.55008199921576,0.30779799999436364
2018,80.74140600001556,0.9780239997780882,77.49927700206172,0.26018599965027533
2019,79.09121199918445,1.003431996650761,77.02464499743655,0.2618159996927716
2020,84.56037100040703,1.1358029987604823,82.30724700115388,0.2740199997788295
2021,82.16561699737213,1.289358999201795,79.71951099898433,0.25822299721767195
2022,88.71520700267865,1.2040619985782541,86.36223199937376,0.2637799989315681
2023,85.82656199723715,2.001159002247732,81.9142450018262,0.26929800151265226
2024,86.40078700045706,1.7621570004848763,83.50977199734189,0.263019999692915
2025,87.41088500028127,1.1421539966249838,84.9988170011784,0.28277999808778986
2026,83.56064300096477,1.1099879993707873,81.21322300212341,0.3244459985580761
2027,88.5494469985133,1.0396719990239944,86.34221300235367,0.28061199918738566
2028,87.13803200225811,1.5823979993001558,82.04383900010725,0.28722299975925125
2029,84.0638490008132,0.9742830006871372,81.21627899890882,0.34277899976586923
2030,82.04063499943004,1.106449999497272,79.56693699816242,0.3310570027679205
2031,87.71588699892163,1.0420799990242813,85.53922699866234,0.2839459993992932
2032,87.18453199981013,1.0885060000873636,84.94513200275833,0.29061299937893637
2033,83.09919599923887,1.8518799988669343,80.09906900042552,0.27670500276144594
2034,87.96418400015682,1.0097459999087732,83.49330899727647,0.2808720018947497
2035,86.20236100250622,1.0943950001092162,84.00373800031957,0.2696859992283862
2036,87.89438699750463,1.0323759997845627,85.3432440017059,0.27302000307827257
2037,87.91153600031976,2.036085003055632,84.60933400056092,0.3459090003161691
2038,93.59512200171594,1.2198959993838798,90.21782600029837,0.3238909994252026
2039,87.67886799978442,1.0638759995345026,85.41644799697679,0.35829799890052527
2040,83.87914400009322,0.9614129994588438,80.34953300011693,0.2817049971781671
2041,90.41690099911648,1.1708390011335723,88.06792500035954,0.28670599931501783
2042,82.51372999802697,1.9111580004391726,79.403416999412,0.27327900170348585
2043,79.95158600169816,1.9559169995773118,76.91175600120914,0.26138999965041876
2044,88.08107399818255,1.1297660021227784,85.35361499889405,0.25802000163821504
2045,79.31310200001462,1.2607839998963755,76.86740400095005,0.289482999505708
2046,80.8675910011516,1.0013200007961132,78.69845000095665,0.2656309989106376
2047,88.97913400141988,1.2149320027674548,85.90115500192042,0.27357499857316725
2048,84.44659199813032,0.9668569982750341,82.39422899714555,0.268816998868715
2049,89.8116749995097,1.0536169975239318,86.43306500016479,0.3046689998882357
2050,83.46788300332264,1.0996349992637988,81.04973999797949,0.40705799983697943
2051,90.03973199651227,1.0882650021812879,85.88961699933861,0.30553900069207884
2052,89.98610200069379,1.087505999748828,87.85440599967842,0.26525999783189036
2053,80.3056260010635,1.7170460014312994,77.45523999983561,0.2612979988043662
2054,84.97666800030856,1.4033769984962419,82.3671549987921,0.2753910011961125
2055,80.29512600114685,1.1027279979316518,78.08690999809187,0.26142800197703764
2056,81.74498399966978,0.9993200001190417,79.6328819997143,0.2574460013420321
2057,80.51127499857103,1.2062099995091558,78.22972500071046,0.26261200036969967
2058,80.75605400154018,1.027024001814425,78.57543100180919,0.327575999108376
2059,80.84570199935115,1.0879869987547863,78.65050499822246,0.2570200012996793
2060,79.74810399900889,1.080672001990024,77.56127799802925,0.25998199998866767
2061,83.17117700062227,0.9372089989483356,80.16686599876266,0.3739650019269902
2062,91.08881200154428,1.7052309995051473,87.68257199699292,0.2885940011765342
2063,79.74436299991794,1.1072839988628402,77.43394399949466,0.2586859991424717
2064,85.23894699828816,1.2256730005901773,82.68139700157917,0.2802050003083423
2065,85.6851540011121,0.9966540019377135,83.58534600120038,0.27507599952514283
2066,89.72989699759637,1.741471998684574,86.63571499710088,0.25924200235749595
2067,85.73724600137211,1.037893998727668,80.46594099869253,0.35246400148025714
2068,81.64874399881228,1.8375660001765937,78.13333599915495,0.4071870025654789
2069,82.9640459996881,1.932232000399381,79.78980700136162,0.2664280000317376
2070,78.12398500027484,1.0491540015209466,75.97451000037836,0.2583349996712059
2071,84.60537000064505,2.5832360006461386,80.94918500137283,0.2676310032256879
2072,80.64349699998274,1.7043790030584205,77.84709399857093,0.25466800070717
2073,82.61852600116981,1.0051350000139792,80.54949700090219,0.26250199880450964
2074,86.40352799920947,0.9768389973032754,82.71565600080066,0.2718350006034598
2075,79.93675300167524,1.105727998947259,77.63442599753034,0.2807239980029408
2076,85.61968999856617,1.0905240014835726,83.24528799857944,0.31505799779552035
2077,83.67786500093644,0.9952269974746741,79.10485899992636,0.2525199997762684
2078,80.57775599809247,1.0434680007165298,77.27349800188676,0.2845939998223912
2079,84.5221470008255,1.0833209998963866,82.33724700039602,0.25890799952321686
2080,81.57791000121506,1.0457639982632827,79.40917599989916,0.2801689988700673
2081,90.13965799749712,2.870866999728605,86.11443300105748,0.2772050029307138
2082,81.00988800288178,1.0545789991738275,78.75331999821356,0.3673350001918152
2083,79.45284299785271,1.0823020020325202,77.25866500186385,0.26296400028513744
2084,85.3099480009405,1.0832830012077466,83.1112320011016,0.2791130027617328
2085,87.05864199873758,0.9933760011335835,84.94366800005082,0.28666800062637776
2086,86.06476600107271,1.8168979986512568,82.9983789990365,0.3794089971052017
2087,86.0313960001804,1.8477140001778025,82.44513600220671,0.27542699899640866
2088,82.88593500037678,1.1267839981883299,79.16589700107579,0.30440899718087167
2089,87.36730999953579,1.0818950031534769,85.1701880019391,0.2750749990809709
2090,87.59907100102282,1.1439129993959796,84.0212929979316,0.28416799978003837
2091,90.77684599833447,1.0956170008284971,87.77601700057858,0.38179900002432987
2092,84.61924099901807,0.9745790011947975,81.31753699854016,0.2784829994197935
2093,82.94443500199122,1.018413000565488,80.79634900059318,0.3028350001841318
2094,85.15783500115504,0.9725050003908109,81.0411100028432,0.25513100263196975
2095,80.57332999669597,2.1205670018389355,77.35384999978123,0.2818529974319972
2096,90.42899300038698,2.6303660015400965,86.27487899866537,0.2575010003056377
2097,80.60783100154367,0.9798760002013296,78.56137600174407,0.2537600012146868
2098,85.9196540004632,1.8636579989106394,81.60402099747444,0.28613099857466295
2099,83.89345799878356,2.1339190025173593,80.58794099997613,0.28227900111232884
2100,79.22374899862916,1.0755990006146021,77.04344200101332,0.2735380003286991
2101,85.42115200179978,0.9963199991034344,83.06134300073609,0.26755699946079403
2102,78.34459600053378,1.0139680016436614,76.2818809998862,0.2617049976834096
2103,80.61873800033936,1.0966720001306385,78.34520699907443,0.32818699764902703
2104,92.04707499884535,1.3180810019548517,88.68915099810692,0.26061199969262816
2105,80.13960600146675,0.969912998698419,78.08729899988975,0.26572400020086206
2106,82.73065599860274,1.0342460009269416,80.58508900285233,0.261835000856081
2107,79.6557510002458,2.1541960013564676,76.3539369982027,0.3047239988518413
2108,86.05889599857619,1.114727998356102,83.73277200007578,0.36939100027666427
2109,88.9017440022144,1.0400060018582735,86.6846400022041,0.27566800054046325
2110,94.56469900032971,1.1178570021002088,90.4598069973872,0.2806679985951632
2111,89.83830499710166,1.8167130001529586,86.85760300068068,0.2981129982799757
2112,84.14270000139368,1.0350800002925098,80.47216300110449,0.28255700090085156
2113,88.588834998518,1.1941729972022586,86.07483999730903,0.2795939981297124
2114,83.32495500144432,1.6161380008270498,79.09552600176539,0.2669280002010055
2115,84.06194100098219,1.0783950019686017,81.81129999866243,0.3434840000409167
2116,82.50076599870226,1.4003410033183172,79.60341799844173,0.2962790022138506
2117,80.40469900151948,1.116747000196483,78.16477999949711,0.26368700127932243
2118,81.83228099733242,0.9625420025258791,78.13226099824533,0.2635019991430454
2119,82.1440240033553,1.7891390016302466,79.14297100069234,0.26588999753585085
2120,78.48868899964145,1.0206349979853258,76.35938100065687,0.2751499996520579
2121,84.28553399789962,1.0451349990034942,81.93226300136303,0.26420600261189975
2122,84.81887100060703,1.3470810008584522,82.2661349993723,0.2946130007330794
2123,86.9255850011541,1.9282499997643754,83.88725500117289,0.25709400142659433
2124,81.34412999788765,1.1145800017402507,78.98256199769094,0.2644460000738036
2125,85.95046900154557,1.0758940006780904,81.62857600109419,0.2822979986376595
2126,82.34583900048165,1.1234500016144011,80.05491999938386,0.2626870009407867
2127,82.46348800093983,1.2644880007428583,80.03684499999508,0.2707050007302314
2128,82.46422899901518,1.3519140011339914,80.04588200128637,0.2590389995020814
2129,83.01350900001125,1.845825001510093,80.07658700080356,0.26968699967255816
2130,82.7098779991502,1.0233009998046327,80.5647740016866,0.2871689976018388
2131,84.04019999943557,1.0936170001514256,81.74039100049413,0.2655200005392544
2132,78.88867200017557,0.9717460015963297,76.80601399988518,0.2620390005176887
2133,81.31649999995716,1.0072090008179657,79.23765600207844,0.26448199787409976
2134,81.35233400025754,0.9340610013168771,78.4441700016032,0.26666800113162026
2135,78.95187699978123,1.1279690006631427,76.69388400245225,0.2685020008357242
2136,80.71179300168296,0.9581529993738513,78.63844899839023,0.2570200012996793
2137,81.48463099860237,2.446290000079898,77.9735760006588,0.25768600244191475
2138,83.14226899892674,1.4155069984553847,80.62666300247656,0.2628900001582224
2139,88.10911000182386,1.1081909979111515,85.85915400180966,0.2645379972818773
2140,84.49353499963763,0.9729499979584944,82.45419199738535,0.2655569987837225
2141,82.20559799883631,1.055857999745058,80.00051099952543,0.2943899999081623
2142,80.3733650027425,1.0572469982434995,78.21644700015895,0.25840899979812093
2143,82.25093099827063,1.011430998914875,79.37261900224257,0.2619829974719323
2144,86.64665800097282,0.9904869984893594,84.53781299976981,0.3093720006290823
2145,82.81358199747046,1.1221540007682052,80.44831000006525,0.3564100006769877
2146,89.11950400215574,1.1175239997101016,86.83580700017046,0.291501000901917
2147,83.2250280000153,1.1237100006837863,80.76177499970072,0.44020600034855306
2148,86.59917600016342,1.4784150007471908,83.63260500118486,0.26135299776797183
2149,82.78460099973017,1.123005997214932,80.53358799952548,0.263131001702277
2150,79.04013599909376,0.9934679983416572,76.9597739999881,0.26324200007366017
2151,86.98791899951175,1.065839001967106,84.8197409977729,0.2627419999043923
2152,81.41579700168222,0.9575049989507534,78.51661500171758,0.27350199889042415
2153,85.51526199880755,1.0279309972247574,83.39149200037355,0.2641120008775033
2154,86.29306399961933,0.9743010014062747,84.26490400233888,0.2606310008559376
2155,79.87499199953163,1.0503199991944712,77.67512899954454,0.27077900085714646
2156,84.63305400073295,1.0793569999805186,82.36467199822073,0.32750199898146093
2157,79.98988200051826,1.87534299766412,76.97594100318383,0.27101999876322225
2158,82.86961900012102,2.6367729988123756,79.1220989995054,0.30589000016334467
2159,83.05936100077815,1.039875998685602,80.8704420014692,0.2845759991032537
2160,80.17493899751571,1.0865059994102921,77.92555700143566,0.25855700005195104
2161,80.84281199990073,1.0518019989831373,78.67283700034022,0.2626310015330091
2162,82.74343400262296,0.9492649987805635,80.67005200064159,0.2620759987621568
2163,82.4179869996442,1.0924130001512822,80.00771499791881,0.2592230011941865
2164,97.69060399776208,1.1333390029903967,95.41831400201772,0.27964900073129684
2165,81.44509300109348,1.1473949998617172,79.0724139988015,0.2601310006866697
2166,91.33181200013496,0.9916169983625878,89.16822599712759,0.3226689987059217
2167,86.58934200138901,1.0654320030880626,84.41338599732262,0.2667970002221409
2168,91.87718499742914,1.092801998311188,88.93731799980742,0.26207499831798486
2169,82.37467200160609,1.1672649998217821,80.13101200049277,0.26320499819121324
2170,83.34795499831671,0.9728200020617805,81.26196200100821,0.2943899999081623
2171,87.23201200336916,1.0728019988164306,85.01164900008007,0.2791679980873596
2172,83.40812199821812,1.1656539973046165,80.94542300023022,0.28242700136615895
2173,83.35323299979791,1.1611549998633564,81.00431300044875,0.2883160013880115
2174,81.6207050011144,1.0115429977304302,79.46849000290968,0.2757419970293995
2175,83.74851199914701,1.5461189977941103,81.00003500294406,0.2786309996736236
2176,87.5031069990655,0.9946899990609381,85.392466000485,0.2783349991659634
2177,82.4922650026565,1.1242830005357973,80.19743800105061,0.28455699793994427
2178,83.08004599894048,1.0924320013145916,80.7972750008048,0.2906869995058514
2179,82.80076699884376,1.202840001496952,79.42815600108588,0.27370499810785986
2180,81.73192699905485,0.9748379998200107,79.70160200056853,0.25911200282280333
2181,87.0581970011699,0.985430997388903,82.8688779984077,0.27427999884821475
2182,81.08172100037336,2.059955000731861,77.69461099815089,0.2849830016202759
2183,100.46256200075732,0.9203379995597061,96.62933900108328,0.2611310010252055
2184,86.09252499809372,1.0072279983432963,83.78234599877032,0.33320600050501525
2185,81.25835100145196,1.4890999991621356,78.08400100111612,0.2619090009829961
2186,86.77404699847102,2.994645001308527,82.54667300207075,0.3993909995188005
2187,85.27855800275574,1.877898997918237,81.72898400152917,0.27396400037105195
2188,88.35886999804643,2.0558249998430256,84.16218200000003,0.2878900013456587
2189,83.6670860007871,1.05532000088715,81.49003799917409,0.2809090001392178
2190,83.8191229995573,1.2284509975870606,81.30240699756541,0.28616900090128183
2191,90.08773100140388,1.1011720016540494,86.16395100034424,0.2900750005210284
2192,82.94211899919901,2.109271001245361,79.66439799929503,0.3265569976065308
2193,83.70743799969205,1.0944690002361313,81.40490799996769,0.2808899989759084
2194,84.66047999900184,1.15685800119536,82.33522700174944,0.2871309989131987
2195,85.30220600005123,1.2668210001720581,82.71739600240835,0.2934829972218722
2196,91.62005300095188,1.01711599927512,87.45321700189379,0.2786490003927611
2197,85.53965199826052,1.0853940002562013,83.31819500017446,0.27555699853110127
2198,86.12337600061437,1.042394000251079,83.96462499877089,0.2628719994390849
2199,81.93537400075002,1.361044000077527,79.37684100033948,0.27142700128024444
2200,84.53079399987473,2.3554939980385825,81.06655400115415,0.2710760018089786
2201,87.34238300166908,0.9532639996905345,83.4968810013379,0.2542789989092853
2202,80.29014199928497,1.0613759986881632,78.16405700214091,0.25887100127874874
2203,85.52033600062714,1.3759700013906695,83.10093499676441,0.2557789994170889
2204,83.51793699694099,2.9084420020808466,79.57369399809977,0.24940900038927794
2205,79.66306500020437,1.0384870001871604,77.56772100037779,0.26746400180854835
2206,89.52948700243724,1.0454309995111544,87.39095800046925,0.26387199977762066
2207,81.1524799973995,1.032783002301585,79.00811699801125,0.2626859968586359
2208,84.96548100083601,0.9288389992434531,82.8910630007158,0.34463100018911064
2209,83.11371300078463,1.0102089981955942,80.98305399835226,0.2608720023999922
2210,88.77940900129033,1.9198249974579085,85.75043000018923,0.2623899999889545
2211,82.16261499910615,1.0318569984519854,80.04449300278793,0.2615569974295795
2212,84.11319899823866,0.9978380003303755,82.00507699802984,0.2620759987621568
2213,87.15119699991192,0.9159490000456572,85.11738999732188,0.2583349996712059
2214,81.29083200037712,1.2036730004183482,78.96676499876776,0.2875200007110834
2215,79.86956600143458,1.1772100006055553,77.54544300041744,0.33626100048422813
2216,89.27757800120162,0.9681720002845395,87.24234500186867,0.28413099789759144
2217,85.55835500010289,1.0266720018989872,83.44730699900538,0.2725020021898672
2218,89.62735699969926,2.0013430003018584,86.5069899991795,0.27051999859395437
2219,82.70539599834592,0.9923200013872702,78.93274600064615,0.25933500000974163
2220,82.19039300092845,3.1233129993779585,78.00053800019668,0.2589089999673888
2221,83.58808499906445,1.022487002046546,81.47844499762869,0.263668000116013
2222,83.77697499963688,1.0288390003552195,81.62961299967719,0.27807500009657815
2223,83.9711430016905,1.1440799971751403,81.59959300246555,0.26318700111005455
2224,83.19495400064625,1.1665250021906104,80.94899700154201,0.28564899912453257
2225,82.20661499944981,1.6082490001281258,79.50402599817608,0.2562240006227512
2226,87.31840099790134,1.001172000542283,85.23431600042386,0.2654089985298924
2227,81.43925900003524,1.0332830024708528,79.29930300088017,0.25429800007259473
2228,80.66938400224899,1.1682660006044898,78.27372500105412,0.3284839986008592
2229,80.1470859987603,1.4545820013154298,77.09747700209846,0.2614269978948869
2230,78.4566510010336,0.9292460017604753,76.44602900109021,0.2619459992274642
2231,86.983565997798,1.159302999440115,84.74438800112694,0.2619279985083267
2232,80.13682599994354,1.0498570009076502,77.98885199736105,0.2593530007288791
2233,80.839329999435,1.9153440007357858,77.75653699718532,0.26022300153272226
2234,86.96143600172945,5.438788000901695,80.32047500091721,0.3627420010161586
2235,79.7483429996646,1.0338940010115039,77.59270200040191,0.2579829997557681
2236,82.74517400059267,1.0134680014743935,80.64351399661973,0.2625560009619221
2237,80.41264200073783,0.9055779992195312,77.84885100045358,0.27637099992716685
2238,81.24955399762257,0.9311339999840129,79.16891300192219,0.314113000058569
2239,84.15331099968171,1.0540799994487315,81.96822500030976,0.25816799825406633
2240,79.61713800250436,0.9960789975593798,77.50472000043374,0.28600099903997034
2241,83.04797099845018,1.0380059975432232,79.01691300139646,0.4055760000483133
2242,78.95035700130393,0.9622090001357719,76.78556699829642,0.312316002236912
2243,81.49579699966125,1.0369869996793568,79.29084100032924,0.2562240006227512
2244,83.59815899893874,1.1652280009002425,81.25048000147217,0.29683499815291725
2245,81.61635199940065,0.9537639998598024,77.51351600018097,0.27892800062545575
2246,80.00417800212745,0.9338939998997375,77.9981300001964,0.265149003098486
2247,86.26546899904497,0.9484120018896647,84.19942100226763,0.29288999940035865
2248,79.09330199981923,0.9936899987224024,76.98210600210587,0.28818699865951203
2249,82.39328299896442,1.0411169969302136,79.85804700001609,0.31585399847244844
2250,81.34273900213884,0.9434310013602953,79.32050700037507,0.26676100242184475
2251,82.25644900085172,1.0565060001681559,80.05504800166818,0.30620599864050746
2252,87.66275399830192,1.0505620011826977,85.40179800183978,0.2665760002855677
2253,86.88189899839927,1.0667089991329703,84.73688699814375,0.2626309978950303
2254,89.19939200131921,0.9293759976571891,87.13028900092468,0.2942789978988003
2255,81.86007499898551,1.043005999235902,79.72804599921801,0.2760190000117291
2256,83.37206600117497,1.0325050025130622,81.23407200037036,0.26500199965084903
2257,84.43016299861483,0.9565979999024421,80.98975699977018,0.26018599965027533
2258,80.05188100287342,0.997745999484323,77.96327800315339,0.26070500098285265
2259,85.46759499949985,1.0870240002986975,83.23884300261852,0.29152000206522644
2260,82.16629999878933,0.9485610025876667,80.09462200061535,0.302483000268694
2261,83.94290100113722,1.066228000127012,81.70633500049007,0.32753900086390786
2262,85.18039000045974,1.1664880003081635,82.83385799950338,0.2769640013866592
2263,84.69325699843466,1.019135001115501,82.4974499992095,0.3112419981334824
2264,87.93675500055542,0.988634998066118,82.64604299984057,0.37942799826851115
2265,84.58960899952217,2.2011409964761697,81.28090600075666,0.28965000092284754
2266,82.75498800139758,1.1067830018873792,80.48216099996353,0.27946499903919175
2267,82.44852300049388,1.9753249980567489,79.36193299974548,0.27220500123803504
2268,88.8826499976858,1.5680449978390243,86.06259800217231,0.2854830017895438
2269,90.21580400076346,1.1068020030506887,88.03421899938257,0.2594819998193998
2270,88.98564999981318,1.7578790029801894,86.10982000027434,0.2686500010895543
2271,81.32373999978881,0.9550979993946385,77.65294300043024,0.2562240006227512
2272,83.58258400039631,1.0901170026045293,81.40996300062397,0.25463099882472306
2273,82.23954099958064,1.1264139975537546,79.9561210005777,0.28300200210651383
2274,89.36842999901273,0.9634500020183623,85.80028199867229,0.27605699870036915
2275,82.91350700164912,1.029930997901829,80.79064399862546,0.25281700072810054
2276,80.08147399959853,1.0563759969954845,77.91755499783903,0.2567789997556247
2277,83.2051750003302,1.1450239981058985,80.97086699854117,0.25874200218822807
2278,80.33293799962848,1.9890470030077267,77.30797799740685,0.26635399990482256
2279,82.42294899901026,0.8933009994507302,78.02014800108736,0.3580939992389176
2280,84.61890500257141,1.9774360007431824,81.34820300256251,0.26559400066616945
2281,82.57480099928216,1.987788000405999,79.42091499717208,0.30785400304012
2282,91.97162900090916,0.9895609982777387,88.91563100041822,0.268204999883892
2283,82.46080099706887,2.1055850011180155,79.14515400261735,0.3535389987519011
2284,87.761736001994,2.443215998937376,84.16430999932345,0.26957500085700303
2285,88.71361099954811,1.883232002001023,85.68566900066799,0.2725020021898672
2286,80.51260499996715,1.0105610017490108,78.32094599871198,0.26548299865680747
2287,86.07869100160315,1.3934519993199501,83.54612099719816,0.29153899959055707
2288,80.47588299814379,0.9812460011744406,78.43802099887398,0.25918699975591153
2289,83.67139899928588,1.4198970020515844,81.11927500067395,0.30124199838610366
2290,82.06257699930575,1.255803003004985,79.66417499847012,0.2667049993760884
2291,79.3272840019199,1.1129689992230851,77.10953199784853,0.2637609977682587
2292,83.55595499961055,1.010097999824211,81.44281400018372,0.2613159995235037
2293,80.31543800098007,1.2666180009546224,77.82123899960425,0.3409279997867998
2294,87.55353100059438,1.1200429980817717,85.29688899943721,0.2796869994199369
2295,84.66984999904525,1.046432000293862,82.47926399781136,0.2879269995901268
2296,82.68774599855533,1.558063999254955,79.96232400182635,0.2811679987644311
2297,89.64428300168947,1.261876997887157,86.99847299794783,0.2795009968394879
2298,84.50562600046396,0.9858939993137028,81.64064799711923,0.27675999808707274
2299,83.17743400039035,1.0427650013298262,80.97205200101598,0.31342700094683096
2300,92.02816499964683,2.2087150027800817,87.96890400117263,0.2724269979808014
2301,80.37021599739091,1.1597839984460734,78.02372199876118,0.2621500025270507
2302,87.70336500310805,1.1443570001574699,85.42977899924153,0.2602790009404998
2303,80.66442099880078,1.0182639998674858,78.5265030026494,0.3083909978158772
2304,82.14263300033053,1.8065650001517497,79.18632099972456,0.26026100022136234
2305,81.4983879972715,2.0587319995684084,78.33357499839622,0.2574079990154132
2306,81.07507100066869,1.042282998241717,78.90800400127773,0.2509459991415497
2307,85.19905600041966,1.1539500010258052,82.83207999920705,0.2687420019356068
2308,80.03799200014328,1.1529509974934626,77.70727600291139,0.26242699823342264
2309,81.8258710023656,2.9485710001608822,77.79535000008764,0.26092799816979095
2310,86.50832199782599,1.112172001739964,84.27558800030965,0.2614090008137282
2311,81.7086669994751,2.5732539979799185,78.04222200138611,0.26200199863524176
2312,83.84339999975055,2.2194379998836666,80.52042100098333,0.26135300140595064
2313,81.96618700094405,1.0867460005101748,79.69313799912925,0.2888160015572794
2314,84.49684900188004,0.9347640007035807,81.0033299967472,0.2628900001582224
2315,85.74563199726981,3.461739997874247,81.20599700123421,0.2634449992910959
2316,80.92558900170843,2.5336799990327563,77.28564399803872,0.2615199991851114
2317,84.29629199963529,1.1033020018658135,81.82070499969996,0.26787100068759173
2318,82.11550199848716,0.9552459996484686,79.14537599936011,0.26251999952364713
2319,80.68277300117188,0.9638379997340962,78.62100299826125,0.26755699946079403
2320,84.8654430010356,1.031375999446027,82.7164679976704,0.2690010005608201
2321,79.69065599900205,1.0402829975646455,77.52647899906151,0.26153799990424886
2322,81.24018300077296,2.2652340012427885,77.83540599848493,0.2826119998644572
2323,85.04438800082426,1.190488001157064,79.79567499933182,0.2613710021250881
2324,80.94875599999796,2.1867709983780514,77.70497999808867,0.2627600006235298
2325,82.78133899875684,1.0983569991367403,80.56703100010054,0.2861870016204193
2326,94.39417799876537,1.0619320019031875,92.22925900030532,0.26333500136388466
2327,87.46032600174658,0.9284500010835472,82.40817000114475,0.287464998109499
2328,83.92845599883003,3.0642750025435816,79.68189699749928,0.2609649964142591
2329,85.65437300057965,1.1851730014313944,83.41323100103182,0.26537099984125234
2330,85.84563299882575,1.808454002457438,82.93774799676612,0.2546130017435644
2331,81.27596100166556,2.6707370016083587,77.46007100286079,0.27318599677528255
2332,81.4513689983869,1.1788759984483477,79.1890250002325,0.2616679994389415
2333,79.95008400030201,1.0523759992793202,76.935938999668,0.2622419997351244
2334,78.23353700223379,1.0957090016745497,75.98361900090822,0.25992700102506205
2335,84.70614599718829,2.7427739987615496,80.64295700023649,0.26444499962963164
2336,80.4206040011195,1.9587140013754833,77.3081990009814,0.2947979992313776
2337,80.84297700042953,2.6239209983032197,77.15188400106854,0.26624200108926743
2338,84.51677500124788,1.0660240004654042,81.99937199970009,0.2801310001814272
2339,81.9989829979022,0.9378940012538806,79.07794900165754,0.2640750026330352
2340,85.0196280007367,1.2898770000902005,82.3886889993446,0.39914999797474593
2341,84.83455399982631,1.5763420014991425,81.68542600105866,0.26203800007351674
2342,87.29247299925191,1.9174910012225155,84.2642360003083,0.2629829978104681
2343,82.98730300157331,1.064320000295993,80.57325299887452,0.3133349964627996
2344,89.04085399990436,0.9753939993970562,84.93575700049405,0.2688900021894369
2345,88.39629399881233,0.964800998190185,86.3096899993252,0.3002240009664092
2346,80.26465900184121,1.0686909990909044,78.08423999813385,0.2487800011294894
2347,82.32059599686181,0.9642279983381741,79.29376500032959,0.3716869978234172
2348,82.00039000075776,1.1428760008129757,79.71600800010492,0.2692239977477584
2349,83.13650800118921,1.0440060032124165,80.91262599918991,0.27922400113311596
2350,90.10552499967162,3.1769980014360044,85.81459500055644,0.279834999673767
2351,83.71567699941806,1.1228769981244113,81.07734900113428,0.2771680010482669
2352,86.49565499945311,1.5121010001166724,83.22046999819577,0.27566800054046325
2353,85.30237000013585,1.3754510000580922,82.76963499884005,0.27418700119596906
2354,85.3903530005482,1.0053940022771712,80.75727300092694,0.30957499984651804
2355,92.00535000127275,3.7682790025428403,85.06923999811988,0.30661300115752965
2356,84.28377199743409,1.0647270028130151,82.00466800190043,0.32309399830410257
2357,86.50011800273205,1.0581530004856177,82.79880199916079,0.2604830006021075
2358,88.18106999751762,1.0043209986179136,86.09361500202795,0.2648349982337095
2359,83.46802800224395,1.315061999775935,80.99794100053259,0.2661499966052361
2360,81.5470550005557,2.603773002192611,77.8044239996234,0.29911200181231834
2361,78.83337299790583,1.0821539981407113,76.6238260002865,0.261760000284994
2362,85.67131699965103,1.0705430031521246,82.82622799742967,0.2637979996507056
2363,81.80535300198244,1.0845430006156676,79.60395199916093,0.2629270020406693
2364,83.37150800070958,2.5021049987117294,79.71271100177546,0.33990999872912653
2365,82.85043199794018,1.0791729982884135,80.65284700205666,0.2661680009623524
2366,82.03379800033872,0.9370790030516218,79.13013399956981,0.25966799876186997
2367,82.74972700019134,1.1955810005019885,80.33849300045404,0.3396319989406038
2368,86.12002299923915,1.7946389998542145,82.88094999807072,0.29376100064837374
2369,87.64354899903992,2.0504929998423904,84.40419899852714,0.28388999999151565
2370,89.23683600005461,1.1163939998368733,86.88424899810343,0.33922399961738847
2371,85.58248300323612,1.5945640006975736,82.82695000161766,0.3041499985556584
2372,93.63054299683427,1.7696760005492251,90.77549100038595,0.26466800045454875
2373,80.12415800112649,1.1760060006054118,77.76255300268531,0.2627419999043923
2374,84.98644300198066,1.8011940010183025,82.03592700010631,0.26218600032734685
2375,80.98401399911381,0.9458389977226034,77.72592400215217,0.261574998148717
2376,81.15931199790793,0.9698009998828638,79.0386890002992,0.2622419997351244
2377,85.62650200110511,1.068894998752512,83.44095400025253,0.2700020013435278
2378,80.61003100010566,0.9113190026255324,77.42440299989539,0.264204998529749
2379,81.95905599859543,1.1378210001566913,79.67328499944415,0.29461200028890744
2380,80.65236500260653,1.1007649991370272,78.47689000118407,0.2732230022957083
2381,81.04279200051678,0.9360789990751073,77.00115999978152,0.2702790006878786
2382,82.02901999902679,1.286840000830125,79.45119100259035,0.26326000079279765
2383,79.80985999893164,1.1141719987790566,77.57703400056926,0.2675020004971884
2384,82.03629800118506,1.0322460002498701,78.9209659997141,0.3106680014752783
2385,84.06351200028439,2.069417998427525,80.62230799987447,0.2614269978948869
2386,83.8496779979323,0.9696349989098962,81.78724099707324,0.26207500195596367
2387,88.91779600162408,0.9599490003893152,84.94618400072795,0.2563159978308249
2388,82.4579479995009,1.596155998413451,79.73637800023425,0.26216799960820936
2389,81.1932379983773,1.0642650013323873,78.95959699817467,0.2909279974119272
2390,84.6692740014987,1.2076729981345125,79.87224899989087,0.2628900001582224
2391,78.96729999993113,1.029541999741923,76.8162519998441,0.25922399800037965
2392,82.21663199947216,1.0491169996384997,80.02678699995158,0.26324200007366017
2393,79.68354500189889,1.8634170010045636,76.70376900205156,0.25924199871951714
2394,79.18998599780025,1.6026569974201266,76.51386100042146,0.2594640027382411
2395,83.35495199935394,1.0530799991101958,81.1435529976734,0.2929280017269775
2396,80.77403200150002,0.9824310000112746,78.68279799731681,0.25840899979812093
2397,84.16017900162842,1.447340997401625,81.6070539985958,0.2581489970907569
2398,80.37245599916787,1.8008430015470367,77.33860599910258,0.2930570008174982
2399,85.76640899991617,1.152098997408757,83.37843399931444,0.35229800050728954
2400,86.4963029998762,3.2142939999175724,82.15835399823845,0.2683909988263622
2401,85.97074299905216,1.8823980026354548,82.19850200111978,0.2688710010261275
2402,86.44145099970046,1.894936001917813,83.47232400046778,0.26050200176541694
2403,80.77301299999817,1.1348769985488616,78.48009399822331,0.2618529979372397
2404,81.98433399957139,2.988922999065835,77.35753200176987,0.26253900068695657
2405,84.47073600109434,0.9701159979158547,80.80529100334388,0.2647050023369957
2406,80.82682800159091,1.0247829995932989,78.67892799913534,0.2782970004773233
2407,84.98144199984381,1.0828759986907244,82.63761499983957,0.3725950009538792
2408,80.68943899706937,1.101764999475563,78.44442699934007,0.2754829984041862
2409,79.89900800021132,1.0676899983081967,77.7343670015398,0.26574200091999955
2410,90.66878700105008,0.9766539988049772,88.62818399938988,0.26915000125882216
2411,79.70271100202808,1.0866529992199503,77.44282900239341,0.2717420029512141
2412,82.81559799797833,1.0369869996793568,80.59530900209211,0.2650760034157429
2413,80.98555100150406,1.0866909979085904,78.78468799754046,0.2685020008357242
2414,81.68235199991614,1.0256719979224727,79.56552600080613,0.27083399982075207
2415,83.71875000011642,1.8946950003737584,80.70823500020197,0.27003899958799593
2416,80.94838399847504,1.2095060010324232,78.59200100210728,0.2656679971551057
2417,87.25291700102389,1.120598000852624,84.97895999971661,0.26338999668951146
2418,83.65428799879737,1.540748999104835,80.99627400224563,0.29813199944328517
2419,82.98428299895022,1.1825800029328093,80.65995699871564,0.28398300128174014
2420,85.97335500235204,1.2046550000377465,83.6263980017975,0.25913100034813397
2421,84.12727099857875,0.9999680005421396,82.04694600135554,0.28627899882849306
2422,84.8933119996218,1.938751000125194,81.8205930008844,0.27768600193667226
2423,82.94161700177938,1.1327650026942138,80.55956799944397,0.3486869973130524
2424,83.58121299897903,0.9822829997574445,79.12411500001326,0.27470500208437443
2425,84.73101500203484,1.1797100014518946,82.44563300104346,0.25964900123653933
2426,82.00200099963695,1.0594870000204537,79.79817399973399,0.25937200189218856
2427,83.33350799875916,1.8332689978706185,80.36686299965368,0.26176100072916597
2428,81.00238399856607,1.012987002468435,78.91468899833853,0.26509400049690157
2429,81.91048200023943,1.2624329974642023,79.55783899888047,0.27853899882757105
2430,96.5788169996813,1.110838999011321,94.31986100025824,0.27074200261267833
2431,90.38650700313156,1.0018760003731586,88.25803299987456,0.28944600126123987
2432,83.49330499913776,0.9557459998177364,79.11041199986357,0.3039459988940507
2433,81.83924100012518,2.694680999411503,78.03749799859361,0.26272299874108285
2434,80.04223099851515,1.041560997691704,77.8622389989323,0.26461300149094313
2435,83.72952799982158,1.1573019983188715,81.46888699775445,0.2603530010674149
2436,82.8872650017729,1.6967310002655722,79.96530400123447,0.27802000113297254
2437,89.02157400007127,1.2537660004454665,86.4656899975671,0.3449460018600803
2438,83.15926599971135,0.9686160010460299,79.26111599954311,0.2814089966705069
2439,83.18635799878393,2.674607003427809,79.34398699944722,0.30759400033275597
2440,86.18744900013553,1.0602830006973818,83.9961960009532,0.2772609987005126
2441,83.73860199935734,1.098931003070902,81.4737389991933,0.2760759998636786
2442,87.33008399940445,2.310216001205845,83.90282500113244,0.28614899929380044
2443,84.69134800179745,1.0228009996353649,82.470558998466,0.27752000096370466
2444,91.08345500135329,1.0319690009055194,88.91338799730875,0.26583500221022405
2445,85.48286999939592,1.2804699981643353,82.84396800081595,0.28677900263573974
2446,86.24955999766826,1.1159870009578299,84.00404799976968,0.28568700145115145
2447,97.65932300069835,1.0062649998872075,95.56607099875691,0.26761199842439964
2448,82.86672699978226,1.0402279986010399,80.62280800004373,0.34966800012625754
2449,87.71179000177654,1.0298939996573608,85.55001900094794,0.2857230028894264
2450,84.11208499819622,1.0966170011670329,81.80903700122144,0.2715010014071595
2451,85.00860899948748,1.0665800000424497,80.44567799879587,0.2887049995479174
2452,96.26455600300687,1.0856350018002558,94.04241499942145,0.27696500183083117
2453,83.74508399720071,1.1336540010233875,81.4409609993163,0.2838159998646006
2454,86.60695000071428,1.080412999726832,84.3879569983983,0.29100200117682107
2455,86.11031799955526,1.554397000290919,80.64938199822791,0.2765200006251689
2456,83.3841929998016,1.2177839998912532,80.91145799699007,0.2800570000545122
2457,84.6926070007612,1.2849329978052992,82.13966800030903,0.2825390001817141
2458,82.3193350006477,1.1557100006029941,79.98912000039127,0.2805939984682482
2459,90.47650800130214,1.0544129982008599,86.03920699897571,0.29139099933672696
2460,91.43451199997799,1.7928239976754412,88.50966400132165,0.27918699925066903
2461,91.53536499798065,3.282220997789409,86.98758199898293,0.26481600070837885
2462,82.4779659997148,1.0348949981562328,80.33602900104597,0.26505700225243345
2463,79.19670800038148,1.1411910018068738,76.99028899878613,0.2732980028667953
2464,87.47297299851198,0.9928390027198475,83.68982399770175,0.26300099852960557
2465,81.4897939999355,1.100913003028836,79.28833800178836,0.2654830022947863
2466,81.86331400065683,0.9868570014077704,79.6295439977257,0.3808350011240691
2467,82.42179900116753,1.0236159978376236,80.27349099938874,0.2663350023794919
2468,81.68460999877425,0.9573380011715926,77.75083000160521,0.2594090001366567
2469,87.70071500111953,1.0484499980520923,85.35368500088225,0.28994599779252894
2470,82.34239100056584,1.0362650027673226,80.22660200003884,0.2583720015536528
2471,86.20478200100479,1.9355660006112885,83.16804300193326,0.26518700178712606
2472,83.81636099875323,2.1907699992880225,80.47864100080915,0.26279799931216985
2473,82.74741200148128,0.9494500009168405,80.67203099926701,0.2664079984242562
2474,86.28239299650886,1.0149490008188877,84.15958600016893,0.27848199897562154
2475,79.5592470021802,2.043880998826353,76.35812000080477,0.2868900010071229
2476,79.29004099787562,1.0865799995372072,77.00573400143185,0.272316003247397
2477,82.2848910029279,0.9708749967103358,80.17604599808692,0.25979700149036944
2478,81.05706899732468,1.0348569994675927,78.8431689979916,0.2648720001161564
2479,82.68943000075524,1.9556209990696516,79.6298029999889,0.2592609998828266
2480,80.82773500063922,1.0437270029797219,78.68687200243585,0.26975999935530126
2481,82.22864900017157,1.175007000711048,79.93495299888309,0.27977900026598945
2482,86.75483999832068,2.2948629994061776,83.29910000247764,0.28015000134473667
2483,82.21844600120676,1.079376001143828,80.00848999654409,0.29937200088170357
2484,85.8414639988041,1.0190430002694484,82.09679699939443,0.3091870021307841
2485,86.46469000086654,1.372137001453666,83.65786099966499,0.2840570014086552
2486,86.27304100082256,1.9129359970975202,83.2861730013974,0.2546679970691912
2487,85.7807979991776,1.6788980028650258,82.94048700190615,0.2726499988057185
2488,79.93098899896722,1.0648759998730384,77.76284799911082,0.2644640007929411
2489,85.45944400248118,1.0029129989561625,83.37017400117475,0.2632969990372658
2490,84.31145699796616,1.1257100013608579,82.06664799945429,0.27194600261282176
2491,79.76652500292403,0.981802000751486,77.6786259993969,0.26083500051754527
2492,82.80155999818817,1.9489730002533179,79.61759799945867,0.3410760000406299
2493,81.74996199886664,1.125894999859156,78.98576200022944,0.29903899849159643
2494,80.53019600265543,1.07030200160807,78.17227600025944,0.2923539977928158
2495,81.07521700003417,1.0388570008217357,78.87970599767868,0.2919830003520474
2496,81.33014499981073,2.1440300006361213,78.10562800295884,0.2619090009829961
2497,83.12417299748631,1.05874600194511,80.97503200042411,0.2633719996083528
2498,83.69085999947856,0.9337830015283544,79.88398899760796,0.26531600087764673
2499,81.58142400134238,1.7734909997670911,78.60629700007848,0.3326129990455229
2500,85.46787000159384,1.068023997504497,83.26332100114087,0.27527899874257855
2501,83.0485789992963,1.009226998576196,80.0108050025301,0.2555009996285662
2502,85.58283399906941,1.0914320009760559,83.3681180010899,0.27789099840447307
2503,83.54487800170318,1.135856997279916,80.66836400030297,0.27187100204173476
2504,83.3282479979971,1.895732002594741,80.31169500100077,0.28407599893398583
2505,86.41687400086084,3.3154989978356753,82.02024099955452,0.26007500127889216
2506,77.70162599990726,0.9859490019152872,75.63241100069718,0.28750099954777397
2507,84.50901299875113,1.3245430018287152,81.92138800222892,0.263131001702277
2508,92.22738700191258,1.172487001895206,89.9261150007078,0.2893529999710154
2509,84.94753299964941,0.9836530007305555,82.87506000124267,0.2850939999916591
2510,93.84328400119557,1.6975830003502779,91.0204909996537,0.2797050001390744
2511,84.59079099702649,0.9902830024657305,81.53220200256328,0.3630940009315964
2512,89.82898500107694,1.0407270019641146,87.69091800058959,0.28468600066844374
2513,82.30077900225297,0.9506349997536745,80.21206400007941,0.30407599842874333
2514,85.14803499929258,2.7749949986173306,81.21947700055898,0.2803720017254818
2515,90.29996900062542,1.0598020016914234,88.06919800190371,0.28163100068923086
2516,85.22714599894243,1.043839001795277,83.02898700276273,0.2734459994826466
2517,84.24827099952381,1.2392659991746768,79.49135699891485,0.2609090006444603
2518,82.363945999532,1.000375999865355,80.23924999724841,0.25840899979812093
2519,84.64081000056467,1.11941300201579,82.18898300037836,0.442040000052657
2520,83.86630599852651,1.5947120009514038,80.65373299905332,0.30496399995172396
2521,79.95826700062025,1.6841760007082485,77.18451199980336,0.28731600104947574
2522,86.83337600086816,1.1771169993153308,83.65523099928396,0.26589000117382966
2523,80.89708699844778,1.1211169985472225,78.63088899830473,0.2631499992276076
2524,84.39567900131806,1.118691001465777,81.89766600116855,0.4532060011115391
2525,85.32268300041324,1.609805000043707,82.03709300141782,0.28072300119674765
2526,84.27334500083816,1.7633610004850198,81.37273700049263,0.27774300178862177
2527,85.93118699718616,1.1638030009635258,83.59462000225903,0.2812970014929306
2528,81.93794399994658,1.0707839974202216,79.71746899784193,0.27742699967348017
2529,88.80551600304898,1.5843969995330554,85.97279799869284,0.2829830009432044
2530,86.76156199726393,1.0335609986213967,83.56348999950569,0.3179459999955725
2531,90.31763500024681,2.0271950015740003,86.98739600004046,0.43903899859287776
2532,92.20805299992207,1.356969998596469,89.69481800158974,0.2885390022129286
2533,83.7876760015206,1.0180789977312088,81.60720099840546,0.2862600013031624
2534,90.28518999912194,2.997849001985742,86.04474199819379,0.283761000900995
2535,85.20468300048378,1.377210999635281,82.67524400071125,0.2638529986143112
2536,91.75403200060828,2.148843999748351,88.0719759989006,0.26500199965084903
2537,80.24111999839079,0.9866710024653003,78.18468400000711,0.2595749974716455
2538,82.92793000146048,2.9577559980680235,78.74838999850908,0.2595750011096243
2539,84.69003199934377,1.2541729993245099,82.24744500330416,0.2647599976626225
2540,79.71937700131093,1.0872839993680827,77.44208700023592,0.27392700212658383
2541,84.42291999745066,0.9834869997575879,82.27381599863293,0.3330389990878757
2542,85.24733100057347,1.053116997354664,83.02257899777032,0.30864900327287614
2543,83.66676700097742,1.0037279971584212,79.35400399946957,0.2591500015114434
2544,85.3120729989314,1.0244129989587236,83.12131999991834,0.2679650024219882
2545,83.27291300156503,1.017302001855569,80.34869499897468,0.2821870002662763
2546,84.42193799783126,1.026376001391327,82.16961200014339,0.36565000118571334
2547,83.86002800034476,1.0470989982422907,81.69098000144004,0.2617049976834096
2548,79.69859900185838,1.1895989991899114,77.3486599973694,0.2718719988479279
2549,85.76490799896419,1.330766001046868,83.11800600131392,0.27659400075208396
2550,85.12603399867658,1.270822001970373,81.2752179990639,0.2779829992505256
2551,85.04584800175508,1.2942289977218024,82.09038899804,0.3757429985853378
2552,85.43885100152693,1.0582830000203103,82.96148599765729,0.3874100002576597
2553,86.03887199933524,2.0991029996366706,82.34940900001675,0.29183399965404533
2554,85.67799999946146,1.0157830001844559,83.32065500144381,0.3464279980107676
2555,81.21757000117213,1.297321003221441,78.80057500005933,0.26274300034856424
2556,84.12847299769055,1.1137830006191507,81.92392500131973,0.25933500000974163
2557,80.39249099965673,1.0828579979715869,78.17407199763693,0.2747789985733107
2558,82.39733500158763,2.7000690024578944,78.12936800110037,0.38144599966472015
2559,84.13971399932052,1.8831400011549704,81.0740689994418,0.259853000898147
2560,80.00815600098576,1.0458760007168166,77.81060799970874,0.2681119985936675
2561,82.20901899767341,0.9560790022078436,79.44574599969201,0.2842050016624853
2562,84.41966000100365,3.455221998592606,79.48109700009809,0.27270599821349606
2563,81.8941649995395,1.8369729987171013,78.86668699939037,0.26303900085622445
2564,86.83215500059305,1.2521549979283009,84.36595700186444,0.3645020005933475
2565,79.90069199877325,1.1782290021074004,77.07777000177884,0.2675200012163259
2566,89.6595200028969,0.9645970021665562,85.02762599891867,0.26588999753585085
2567,83.53122999687912,2.403678998234682,80.02089599904139,0.2619459992274642
2568,79.74959900093381,1.0356349994253833,77.56975399752264,0.25840899979812093
2569,90.24569000030169,1.078691002476262,87.01308099989546,0.3357800014782697
2570,81.97588799885125,0.9643200028222054,79.89595199978794,0.2790199978335295
2571,86.3774290010042,1.1400619987398386,82.67940999940038,0.30511199656757526
2572,85.01936700122315,1.1810059986601118,82.61411400235374,0.33009400067385286
2573,88.20914199895924,1.0026909985754173,85.98955699926591,0.34279800092917867
2574,88.58601500105578,1.0205979997408576,86.40948500033119,0.27670499912346713
2575,85.8349640002416,1.5513229991483968,81.90859100068337,0.31657500221626833
2576,92.95511099844589,1.6848419982125051,87.92376999917906,0.4953359966748394
2577,85.10762700097985,1.643248997424962,81.77247900312068,0.2830199991876725
2578,83.56278499923064,1.063023999449797,81.38847800000804,0.284483001451008
2579,94.05024700026843,2.342122999834828,89.90781800093828,0.32135300352820195
2580,81.18567999918014,1.0672460011846852,77.06464100192534,0.26774200159707107
2581,82.51422400280717,0.9307639993494377,79.79882099971292,0.26339000032749027
2582,82.17762999993283,0.9748939992277883,76.93589900009101,0.2903710010286886
2583,82.88265199735179,1.005024001642596,78.9269829983823,0.2688349995878525
2584,84.2200290026085,1.251765999768395,79.14555800016387,0.2552419973653741
2585,81.51171899953624,1.1209129988856148,77.40516000194475,0.2597980019345414
2586,86.24340999813285,0.9718569999677129,82.97217099971022,0.2614639997773338
2587,86.31594699909328,0.9863009981927462,81.87949900093372,0.2637050019984599
2588,89.66379800040158,1.104931998270331,87.35180499934359,0.3110389989160467
2589,82.77605900002527,1.281729000766063,80.32186100172112,0.26959399838233367
2590,86.76315300181159,2.747217997239204,82.89374399828375,0.26039099975605495
2591,87.01559999826713,1.2437660006980877,84.67627199934213,0.28172399834147654
2592,79.87845100069535,1.146524999057874,77.50345800013747,0.26153799990424886
2593,86.7650420004793,0.9761350011103787,84.70828999998048,0.2635570017446298
2594,84.14101000016672,2.0099180001125205,81.01873499981593,0.25864899726002477
2595,83.29704299831064,1.1561730025277939,80.88884500102722,0.261223001871258
2596,86.94748700145283,1.1516169979586266,84.59597500041127,0.2664640014700126
2597,82.37185300095007,0.9896349984046537,78.87331600068137,0.2631489987834357
2598,86.04931599984411,2.2518639998452272,82.71402100217529,0.26392699874122627
2599,80.04293399790186,1.8021949981630314,76.99984300052165,0.27222399876336567
2600,78.67183300186298,1.0818569971888792,76.41715499994461,0.2628350011946168
2601,85.7298519986216,1.1726169977919199,81.21216099971207,0.26122400231542997
2602,87.49015700232121,1.0310239995305892,85.02560700071626,0.2590570002212189
2603,89.13372099777916,1.5215259991236962,85.87620400066953,0.26902000172412954
2604,89.48681599940755,1.031911997415591,87.27685999838286,0.27709399728337303
2605,81.16067900118651,0.9787460003281012,79.09859500068706,0.2635390010254923
2606,82.71211399915046,1.0587649994704407,80.55537999825901,0.2632789983181283
2607,80.73317800153745,1.0465980012668297,78.53740700011258,0.34392800080240704
2608,83.61334000073839,1.0383580010966398,81.4537919977738,0.2614090008137282
2609,78.9170939970063,1.0277839974150993,76.79089700104669,0.2791500010062009
2610,77.70823600003496,1.055782999173971,75.51600300212158,0.28457499865908176
2611,83.91726800255128,1.0877469976549037,81.67470099942875,0.27618700187304057
2612,80.67280699833645,1.0375050005677622,78.4412950015394,0.30677899849251844
2613,90.0670410010207,3.007978000823641,85.90442700005951,0.2679089993762318
2614,87.43656400110922,3.43081399842049,82.90904099703766,0.2787789999274537
2615,80.74012199722347,0.9753939993970562,78.58933299939963,0.3611310021369718
2616,90.14674400168587,0.998468000034336,86.40372499939986,0.2653720002854243
2617,78.50366599814151,1.0460420016897842,76.2939499982167,0.3410579993214924
2618,87.28256300310022,1.8897320005635265,84.23654700163752,0.2622230022097938
2619,83.5864330001641,1.1150610007462092,81.2138090004737,0.3732609984581359
2620,81.98233199800598,1.0815240020747297,79.73715299885953,0.25940799969248474
2621,83.56332200128236,3.5878340022463817,78.8882230008312,0.258371997915674
2622,79.66531999772997,1.0393379998276941,77.4600670010841,0.3191680007148534
2623,81.98548000291339,0.9883390011964366,79.7481349982263,0.40300200271303765
2624,80.31593499981682,1.603174998308532,77.11113999903318,0.2617229984025471
2625,79.0547799988417,1.0975059994962066,76.78615700206137,0.26172399884671904
2626,84.08480499929283,1.1317470016365405,81.79529400149477,0.2617229984025471
2627,79.47235599931446,1.112136000301689,77.18888099770993,0.2752049986156635
2628,86.71415299977525,1.0889130026043858,83.42015400194214,0.2649649977684021
2629,83.87345300070592,0.970820001384709,81.01962300133891,0.2906119989347644
2630,121.74276000223472,2.032899999903748,116.03104599998915,0.2568159980000928
2631,88.69138499721885,1.3144699987606145,86.19535300022108,0.2601310006866697
2632,81.75770100206137,1.0032280006271321,79.60839400038822,0.25953800286515616
2633,88.13988299880293,1.041023999277968,85.93507400291855,0.26320500182919204
2634,81.7777929987642,1.0382270011177752,79.57987500049057,0.26376000096206553
2635,90.26487500159419,2.491401999577647,86.68567100176006,0.2646120010467712
2636,81.4800150001247,1.004376001219498,78.51007299905177,0.286816997686401
2637,80.72365800035186,0.9425230018678121,78.11333000063314,0.25522400028421544
2638,88.6430520004069,1.262285000848351,86.0121310033719,0.3138719985145144
2639,86.34424299816601,3.1104979971132707,82.12475899927085,0.26940899988403544
2640,81.7186269996455,1.0620609973557293,79.5073190020048,0.3525200008880347
2641,80.74391800255398,1.7536390005261637,77.75601300090784,0.26529800015850924
2642,80.72449199971743,0.91389400040498,77.98244100195006,0.2638160003698431
2643,85.17755199864041,2.600069001346128,81.44466299927444,0.2912419986387249
2644,81.86862699949415,1.0363940018578433,79.71324599930085,0.2848900003300514
2645,89.90070599975297,1.313340002525365,87.35778499976732,0.26514999990467913
2646,82.77950300180237,1.0628380005073268,80.16321099785273,0.3233159986848477
2647,81.0512159987411,1.0202279991062824,78.58438900075271,0.2634090014907997
2648,85.17866300098831,1.6541019977012184,81.41156900092028,0.2663159975782037
2649,79.07755699852714,0.9874679999484215,76.0202079982264,0.29427999834297225
2650,86.51291100250091,0.9231900003214832,83.79043400054798,0.2695009970921092
2651,80.95636399957584,1.843195001129061,78.01555200057919,0.26707500001066364
2652,83.83776700065937,2.408235002803849,80.3340450001997,0.2625009983603377
2653,80.14409999668715,1.085486997908447,77.88494000124047,0.2595190017018467
2654,78.6520740002743,1.16463499944075,76.38291300099809,0.2560930006438866
2655,95.12421399995219,2.627032998134382,91.23258299950976,0.39718699918012135
2656,95.42888299984043,1.6413970006396994,92.20773600100074,0.25150199871859513
2657,83.09765200101538,1.0546529993007425,80.8217150006385,0.2606679991004057
2658,84.78799400108983,1.0075789978145622,81.69099600127083,0.26120500115212053
2659,78.84809399911319,0.9965980025299359,76.79539699893212,0.2516679996915627
2660,89.01390499886475,1.1119689988845494,86.83141200162936,0.25051999909919687
2661,83.99910099979024,1.356841003143927,81.59994000016013,0.2515939995646477
2662,88.31977200316032,1.781046001269715,85.33210799942026,0.25592699967091903
2663,89.1037569999753,0.956523999775527,86.10333500109846,0.26614899979904294
2664,78.73272199867642,1.1134499982290436,76.4798400014115,0.26376000096206553
2665,87.43332299854956,1.276857998163905,85.02164399760659,0.2873900011763908
2666,84.71754900165251,1.8148800008930266,81.76707100210479,0.2833720027410891
2667,84.07856499979971,1.3062479993095621,81.59186600096291,0.28774200109182857
2668,83.88026700049522,1.0247649988741614,81.64688499891781,0.28285299777053297
2669,81.99412799876882,1.0945980029646307,79.72867100033909,0.283113000477897
2670,86.37089100011508,0.9857459990598727,83.32815399990068,0.2807790006045252
2671,84.76601300208131,1.1941170014324598,82.43818499977351,0.2819460023602005
2672,89.03736799766193,2.9172559989092406,85.01875399815617,0.26755699946079403
2673,82.3946860000433,1.0133209980267566,80.24556400050642,0.29203899975982495
2674,83.36148600210436,0.9378930008097086,81.36269799797446,0.26144499861402437
2675,83.8985459995456,1.2522840006568003,81.50173600006383,0.2928159992734436
2676,79.96513499892899,1.0162649996345863,77.80886500040651,0.270001997705549
2677,83.46887700099614,1.158728999143932,80.881658999715,0.3635200009739492
2678,83.47133899951586,1.0408939997432753,80.14052500220714,0.2646870016178582
2679,79.74041199850035,1.348877001873916,77.35941799910506,0.261113000306068
2680,89.7718350024661,1.2051179983245675,85.83362900026259,0.2644460000738036
2681,79.6242260003055,1.032820000546053,77.42632600275101,0.30316899938043207
2682,80.73639899885166,1.0135049997188617,78.34071999968728,0.2932419993157964
2683,88.88386800026638,1.7211939994012937,86.06798199980403,0.2772609987005126
2684,84.49688099790365,2.4160680004570168,80.9209369981545,0.28357599876471795
2685,89.67881600256078,2.0397699991008267,86.50015099919983,0.276556998869637
2686,84.21402800013311,1.38250700183562,81.59395899929223,0.2615199991851114
2687,85.045050996996,1.7169530001410749,81.96227599910344,0.34739100010483526
2688,86.61937400029274,2.4900499993236735,82.84963199912454,0.3153530014969874
2689,86.70024400271359,2.7366809990780894,82.62607600045158,0.27839099857374094
2690,88.59462499822257,1.2805799997295253,86.06242700261646,0.2626310015330091
2691,83.56361700134585,1.004264999210136,81.43855100206565,0.2767609985312447
2692,80.28032299989718,1.0549680009717122,78.16005299901008,0.2631309980642982
2693,85.23566299845697,1.0413939999125432,81.73740400161478,0.2617230020405259
2694,80.56436100014253,1.034078999509802,78.35944199905498,0.26264999905833974
2695,81.60512500035111,1.067820001480868,79.2987990025722,0.34474300264264457
2696,83.169003999501,0.9664119970693719,79.2693360017438,0.2621490020828787
2697,83.50756200161413,2.7552920000744052,79.61746700311778,0.3152049976051785
2698,81.8940159988415,1.033208998705959,79.74365300106001,0.270037999143824
2699,78.8974999995844,1.137301998824114,76.63021099870093,0.2582240012998227
2700,85.37968200107571,1.122431000112556,83.16507800191175,0.2790200014715083
2701,83.21761600018363,1.0389500021119602,81.00628900137963,0.2800570000545122
2702,83.10468899799162,1.2561730000015814,80.6301570009964,0.28915000075357966
2703,89.00762600023882,1.168302998848958,86.64672600207268,0.26885300030699
2704,85.91885200075922,1.0841719995369203,83.68261700161383,0.28550099887070246
2705,85.78014700105996,0.9962460026144981,83.65891400171677,0.2889640018111095
2706,92.20255100080976,1.0623010020935908,89.96963200115715,0.28877899967483245
2707,85.5155899989768,1.1392470005375799,83.21200399950612,0.2856130013242364
2708,84.68421499856049,1.0916729988821317,82.45837100184872,0.28472300255089067
2709,83.88484100214555,1.0063390000141226,81.73882999835769,0.2834650003933348
2710,94.70245299962698,0.9787449998839293,90.47119000024395,0.3113530001428444
2711,83.246522997797,1.964751001651166,80.10430300055305,0.3155390004394576
2712,83.57822800098802,0.972764002654003,81.3997350014688,0.3334280008857604
2713,86.48000199900707,1.046543002303224,82.26033300161362,0.2807419987220783
2714,86.0138520001783,0.9580419973644894,82.3821849990054,0.25785400066524744
2715,84.18391700251959,1.0480239980097394,82.02783100205124,0.25527900288579985
2716,80.07135799925891,2.025917998253135,76.9400270000915,0.27207599850953557
2717,86.0892970013083,1.0380610001448076,83.85819300019648,0.32764999923529103
2718,83.953710996866,1.3863959975424223,81.37069899748894,0.31739000041852705
2719,81.11267900312669,1.059745998645667,78.8981670011708,0.26146500022150576
2720,89.07714499946451,1.0906909992627334,86.82665199739859,0.2607610003906302
2721,84.79158699992695,1.1906550025742035,82.2026290006761,0.30613099806942046
2722,91.77925199765014,1.1516360027599148,89.42111000214936,0.289482999505708
2723,87.6100450004742,2.212790001067333,84.26776900159894,0.2812429993355181
2724,82.98466899941559,1.8140470019716304,80.00685799925122,0.2804449977702461
2725,88.42762400308857,1.1708399979397655,86.05351799997152,0.2828169999702368
2726,83.36761600003229,1.0001349983213004,81.26871599961305,0.2811679987644311
2727,89.14362699943013,1.792250001017237,86.05838900257368,0.389687000279082
2728,82.33653599745594,1.2193580005259719,79.60915199873853,0.28489099713624455
2729,80.99084500281606,1.1189129982085433,78.72257299823104,0.2845389972208068
2730,87.0788759966672,1.0908380027103703,84.85662400198635,0.2598709979793057
2731,83.95337800175184,1.0430239999550395,81.81075600077747,0.2663160012161825
2732,85.89644400126417,1.0768569991341792,83.7123960009194,0.2637050019984599
2733,80.88069499717676,1.0716900033003185,78.65877600124804,0.26218699713354
2734,82.75328000308946,1.0329309989174362,80.39926700075739,0.2560760003689211
2735,90.05226099907304,2.0313810018706135,84.82404999813298,0.2969269989989698
2736,79.97778299977654,0.9784129979379941,77.87797699711518,0.3105389987467788
2737,86.73579999958747,1.0842840019904543,84.54541800165316,0.261223001871258
2738,80.07098799862433,1.3853589989594184,77.58671500050696,0.26037100178655237
2739,79.52939200185938,1.5724160002719145,76.868285999808,0.2608720023999922
2740,85.25903299960191,1.0214130015810952,83.1247810019704,0.2605200024845544
2741,81.32182800181909,1.1266359979344998,79.0507229976356,0.26164900191361085
2742,85.02971599955345,0.9271900016756263,80.86015799926827,0.2664639978320338
2743,79.16451999699348,0.9599490003893152,75.96350300082122,0.25983399973483756
2744,80.41841600061161,0.9961529976862948,78.291497000464,0.26129699836019427
2745,86.66848400025629,0.955912000790704,83.47343100103899,0.29777899908367544
2746,82.62744600142469,0.9196149985655211,80.606750001607,0.27961299929302186
2747,82.49961099863867,0.958005002758,78.65247999870917,0.2943539984698873
2748,83.91356300126063,0.9774860009201802,79.98559800034855,0.2627239991852548
2749,84.16210100040189,1.3333589995454531,81.54931000171928,0.3068170008191373
2750,84.40069499920355,1.9826949974230956,81.32793800177751,0.2631499992276076
2751,79.24485400144476,1.1518569990585092,76.92134199896827,0.30411299667321146
2752,79.6815779976896,0.9475229999225121,75.92087400189484,0.2658159974089358
2753,84.7488079998584,1.457895999919856,82.20923900080379,0.2648720001161564
2754,80.51602699924842,1.7352680006297305,77.64558600320015,0.25700100013636984
2755,84.98123500248767,1.1699689966917504,82.65638900047634,0.2619459992274642
2756,83.12774399746559,1.0686899986467324,80.65697199708666,0.2635570017446298
2757,83.85135900243768,1.2507840001489967,81.4666060032323,0.2878159975807648
2758,86.08066599845188,1.060616999893682,83.7369699984265,0.32355799703509547
2759,81.883219001611,1.161745996796526,79.54239199898439,0.2856309984053951
2760,88.02439899955061,1.3310989997989964,85.4271999996854,0.3852049994748086
2761,87.48528499927488,1.8524160004744772,83.97093299936387,0.2887050031858962
2762,84.76782700017793,1.080598998669302,80.90751100098714,0.28411300081643276
2763,89.79575899866177,1.8860650015994906,86.70018799966783,0.3128160024061799
2764,86.09242600141442,2.0157510007265955,79.62257799954386,0.2689459979592357
2765,87.0976910009631,1.0009120014728978,83.74356199783506,0.2788540004985407
2766,82.2716099974059,0.946913001826033,78.31840400103829,0.3048899998248089
2767,81.52403200074332,1.2150429975008592,79.09111099797883,0.3842799997073598
2768,88.2526589994086,1.1055800023314077,84.01999000125215,0.3461319975031074
2769,84.03182199981529,1.21691399908741,81.69234699744266,0.27640900225378573
2770,89.22842400352238,0.997283001197502,85.28751399717294,0.26305700157536194
2771,82.58692599702044,1.2288580001040827,80.052228000568,0.3181309984938707
2772,83.40637500077719,0.9949129998858552,79.55809499981115,0.27779700030805543
2773,85.16844000041601,1.1924880018341355,81.8331809969095,0.31933500213199295
2774,81.10608499919181,1.0655240002961364,78.93120399967302,0.26739099848782644
2775,93.15049900033046,1.1303760002192575,90.89508000033675,0.31981700158212334
2776,83.41076400029124,0.9512090000498574,80.21208100035437,0.28677899899776094
2777,89.51261000038357,0.9837270008574706,86.5133910010627,0.2644460000738036
2778,88.9707919995999,2.244734001578763,85.66781300032744,0.2625010019983165
2779,83.07891100048437,1.6378050022467505,80.34124800178688,0.2615390003484208
2780,89.95988999959081,0.9941899988916703,86.02831399912247,0.25878000087686814
2781,81.10558499902254,1.3456919987220317,78.4415349990013,0.301649997709319
2782,80.12593199964613,0.9781349981494714,77.93777199913166,0.37963100112392567
2783,83.58170900100959,2.09836299836752,80.29708100002608,0.25900100081344135
2784,82.88626099965768,1.8222869985038415,79.22933499867213,0.26233400058117695
2785,81.02073299960466,1.0125240005436353,78.04664399736794,0.25938999897334725
2786,80.96782500069821,1.9894549986929633,77.85630899888929,0.26416800028528087
2787,81.09278900155914,1.5177300010691397,77.20152800175129,0.2621309977257624
2788,81.03450999988127,1.6650459983793553,78.22225500058266,0.3359460024512373
2789,79.53370699760853,1.8763619991659652,76.5685249971284,0.2591500015114434
2790,88.1869180011563,1.02615300056641,84.97510499728378,0.26627900297171436
2791,83.2458549994044,1.43085899981088,80.68836099846521,0.26324200007366017
2792,83.07903999957489,0.9386530000483617,81.0321959979774,0.27581600079429336
2793,87.98089800257003,1.252562000445323,85.48155199969187,0.29098300001351163
2794,82.58214899979066,1.1139870002807584,80.33137699749204,0.28135299726272933
2795,92.4344579980243,0.9728559998620767,88.00313900064793,0.3505019994918257
2796,83.7129499996081,0.9606540006643627,80.36150699990685,0.27625999791780487
2797,86.48798300055205,1.061042999936035,83.3456889995432,0.3023899989784695
2798,85.31025499905809,1.0022650021710433,82.04901600038284,0.27913099984289147
2799,82.4552770027367,1.034117001836421,80.24019100048463,0.2824459988914896
2800,86.95302299747709,1.559322998218704,84.23926799878245,0.28681600088020787
2801,84.6900110009301,1.3153590007277671,82.16933099902235,0.2836130006471649
2802,85.43644000019412,1.1485799986985512,83.14059599797474,0.2815199986798689
2803,87.88986099898466,1.9408249972912017,84.65195600001607,0.4515389991865959
2804,84.20249000118929,1.5806199990038294,81.47240199832595,0.2772609987005126
2805,82.67098199939937,1.4529149993904866,80.00750599967432,0.2616120000311639
2806,81.85071800107835,1.6687309980625287,79.06198199998471,0.26813099975697696
2807,90.73556099974667,2.4172160010493826,87.21635700203478,0.2607240021461621
2808,81.5488459993503,2.1230480015219655,78.32190399858519,0.2618159996927716
2809,81.44177199937985,0.9276720011257567,78.1171060007182,0.2630750022944994
2810,84.8037520008802,1.2150989969086368,82.49705500202253,0.27411199698690325
2811,80.72508300028858,1.3985810001031496,78.27386599819874,0.2614639997773338
2812,83.45207900129026,1.082580001821043,80.57354500124347,0.2669280002010055
2813,82.37484999699518,0.933264000195777,79.3133349980053,0.2909639988502022
2814,85.20155100268312,1.0256719979224727,83.04466900153784,0.29161199927330017
2815,88.30093600045075,1.1478019987407606,85.99792499808245,0.2807060009217821
2816,85.92364699870814,2.399123000941472,82.36868400126696,0.3150019983877428
2817,83.24776299923542,1.1412839994591195,80.9465470010764,0.27752000096370466
2818,85.49727400168194,1.0123760002898052,83.34052300051553,0.2873349985748064
2819,84.38043500063941,1.1442280010669492,82.08349800042924,0.281667998933699
2820,96.25647799839498,2.964830000564689,92.09793700210867,0.2893720011343248
2821,84.13441499942564,1.079912999557564,81.91842199812527,0.28472300255089067
2822,87.52456200090819,1.1403950011299457,85.00127200022689,0.46165000094333664
2823,84.90471600089222,1.7576949976501055,81.48073499978636,0.27533400134416297
2824,82.57527699970524,1.4546739985235035,79.94733799932874,0.3317789996799547
2825,83.22287400005735,2.0076029977644794,79.71522599837044,0.2647969995450694
2826,82.26399799968931,1.302136999584036,79.78741099941544,0.2963339975394774
2827,89.10371800084249,1.1596919976000208,86.80274400103372,0.265650000073947
2828,84.8614379974606,0.9684680007921997,80.37604399942211,0.2880569991248194
2829,82.39529500133358,1.277877003303729,79.98020900049596,0.2689460015972145
2830,84.76017700013472,0.984171998425154,82.68220399986603,0.2620569975988474
2831,79.90478300052928,1.10115300049074,77.64514099835651,0.2820010013238061
2832,85.30475400038995,1.2016359978588298,82.91042700147955,0.36511299913399853
2833,82.46583199797897,1.1287089982943144,80.19874700039509,0.2574460013420321
2834,80.61924900175654,2.4115859996527433,77.06837899968377,0.28450199897633865
2835,87.21602399964468,1.2970069983566646,84.01776699975017,0.2639640006236732
2836,83.61737499944866,1.1580620011955034,81.34917799907271,0.255204999120906
2837,101.83737699844642,1.0076350008603185,99.63775500000338,0.3641129987954628
2838,154.58051899986458,2.1741410018876195,151.2147979992733,0.2888899980462156
2839,110.3494020026119,1.4291749976109713,107.766408000316,0.28726100208587013
2840,86.22962899971753,1.161209998826962,83.89707999958773,0.2871309989131987
2841,90.53728199796751,1.1324129991407972,88.22495499771321,0.2944090010714717
2842,82.36522000152036,1.0634319987730123,80.03620900126407,0.3892249987984542
2843,88.91406999828178,1.1239319974265527,86.44509399891831,0.2842980029527098
2844,82.60049900127342,1.163264998467639,80.27565500015044,0.30118699942249805
2845,83.42596700094873,1.7959729993890505,80.49900799960596,0.27801999749499373
2846,91.2611179992382,1.194912998471409,88.82114300286048,0.30950200016377494
2847,84.98814199992921,2.2931969979254063,81.55604999774368,0.303131000691792
2848,86.77348399942275,1.6878419992281124,83.74763499887194,0.36129799991613254
2849,87.97095300178626,1.1429680016590282,85.62760799759417,0.27889100238098763
2850,82.01088599889772,1.1683400007314049,79.65178100130288,0.3150570009893272
2851,91.35589599827654,2.1714370013796724,87.95486099916161,0.36863100103801116
2852,82.24629400137928,1.513914998213295,79.5827059992007,0.27964999753749
2853,87.29963500081794,1.404173999617342,84.67134300008183,0.28998299967497587
2854,84.1383599981782,1.5745450000395067,81.29860400003963,0.27914900056202896
2855,83.8521910009149,1.114302001951728,80.27807999678771,0.329594000504585
2856,87.23396799905458,1.4773219991184305,84.49806499993429,0.28827899950556457
2857,83.5059849996469,1.3683220022358,80.85874999960652,0.2837799984263256
2858,90.32970600310364,1.9375659976503812,87.20919000188587,0.2831489982781932
2859,82.6784079981735,1.0091349977301434,79.15727900035563,0.25789099890971556
2860,81.00230600030045,1.5670079992560204,78.14981000046828,0.26881599842454307
2861,86.87472499877913,1.6101559995149728,83.43011499891873,0.2994089991261717
2862,81.64440200198442,0.93211600324139,78.47032999779913,0.25977900077123195
2863,84.32863800044288,1.242266000190284,81.92284799952176,0.2606859998195432
2864,87.02618899769732,4.237466000631684,81.64342000236502,0.26440899819135666
2865,81.75068000127794,1.8898810012615286,78.74536900271778,0.2676309995877091
2866,89.02051399854827,1.1145800017402507,86.6772419976769,0.3635020002548117
2867,82.11653400212526,1.1480249995656777,79.41659399875789,0.2777049994620029
2868,79.7163549977995,1.0962100022879895,77.48599200203898,0.2834270017046947
2869,81.37658600026043,1.2892279992229305,77.59117800014792,0.27614999999059364
2870,79.21913000245695,1.0272460021951701,77.06947100086836,0.26005699692177586
2871,82.34109099794296,1.170506002381444,80.04446799895959,0.2599460021883715
2872,82.07451500129537,1.109580000047572,79.80285599842318,0.2790200014715083
2873,81.61862400083919,1.8288800019945484,78.60971899935976,0.26235399855067953
2874,86.53498299827334,0.9964309974748176,84.45212000151514,0.2633340009197127
2875,85.42773600129294,1.1171539990755264,83.21674300168524,0.2682599988474976
2876,82.47453500007396,1.2394699988362845,80.10146800006623,0.26503900153329596
2877,87.6334329987003,3.0297379998955876,83.3422249997966,0.28666799698839895
2878,86.762335999083,1.0589129997242708,84.57941699816729,0.2622419997351244
2879,84.0313580010843,1.2475809999159537,81.51340099720983,0.29577899840660393
2880,79.80517000032705,1.1346170031174552,77.49667700045393,0.2644829983182717
2881,82.81509299922618,1.0416160002932884,80.55013699777192,0.3225580003345385
2882,80.34217300155433,1.0003569987020455,78.24949499990907,0.2610020019346848
2883,81.87105099932523,1.095543000701582,79.65570600208594,0.2649449997988995
2884,81.84762499877252,1.1688949998642784,79.50605799851473,0.27085399779025465
2885,82.11192300223047,1.6804899969429243,79.17842599999858,0.26579699988360517
2886,82.23758999884012,2.030566000030376,79.0996850009833,0.2687230007722974
2887,81.07989899872337,1.3538219973270316,78.5829599990393,0.2626870009407867
2888,79.4233720007469,1.1572830007935409,77.02184099980514,0.2615570010675583
2889,85.44194000205607,0.9757090010680258,81.64643800046179,0.305464996927185
2890,81.62360499773058,1.4128219991107471,79.06011000159197,0.3185210007359274
2891,82.14599699931568,1.2939519983774517,79.7036139992997,0.3181120009685401
2892,86.65702000143938,2.8099959999963176,82.62688799732132,0.2964830018754583
2893,87.14880000115954,2.382198003033409,83.36365099967225,0.40455799899064004
2894,83.08333499735454,1.126393999584252,80.72354500109213,0.2821319976646919
2895,82.39594300175668,1.2181550009700004,79.97778199933236,0.27737200070987456
2896,83.39092900132528,1.020282998069888,81.22871399973519,0.2644460000738036
2897,84.15148899803171,1.7012499993143138,80.52113699886831,0.2588159986771643
2898,82.02131100188126,1.0940980027953628,79.80079900153214,0.26622400037012994
2899,151.19448099721922,1.1557839970919304,148.74793200215208,0.2639089980220888
2900,80.39067299978342,0.9942640026565641,78.3173470008478,0.28146499971626326
2901,87.1859860017139,1.1088389983342495,84.95386300273822,0.26226100089843385
2902,81.09886199963512,1.2133769996580668,78.73716399990371,0.25914899742929265
2903,84.16795100129093,1.138062001700746,81.78312499876483,0.32726100107538514
2904,83.27053999892087,0.9839679987635463,81.18067699979292,0.2647789988259319
2905,79.5529280003393,1.561340999614913,76.90122900021379,0.26109399914275855
2906,92.9678110005625,1.326043999142712,90.36027999900398,0.2545200004533399
2907,80.61948899921845,1.0456910022185184,78.48249599919654,0.2600009975139983
2908,86.57118599876412,0.9945050005626399,83.38428099887096,0.28148300043540075
2909,83.88239499981864,1.0488569969311357,80.57341399762663,0.2615570010675583
2910,81.20051000150852,1.082542999938596,79.02194400230655,0.2644279993546661
2911,85.79373799875611,0.9089310005947482,83.58028200018452,0.2620010018290486
2912,83.79418999902555,1.1663020013656933,81.38160399903427,0.283113000477897
2913,85.61816300061764,1.0663579996617045,83.430614999088,0.25953799922717735
2914,79.50283500031219,1.2749140005325899,77.11032299994258,0.26405600146972574
2915,78.68505300211837,1.1209500007680617,76.45780000166269,0.264279999100836
2916,85.67140299783205,0.9697650020825677,83.63937499962049,0.256575000094017
2917,81.04636200005189,1.3339139986783266,78.6158120026812,0.26387199977762066
2918,84.74438000121154,1.066338001692202,82.48901700062561,0.28613100221264176
2919,82.31883099870174,1.080672001990024,80.1200229980168,0.25596400155336596
2920,89.9629260020447,1.0053750011138618,87.84078600001521,0.29218700001365505
2921,87.24674499899265,1.8314730004931334,84.24578600170207,0.26583500221022405
2922,80.35915399887017,0.9980969989555888,77.64956599930883,0.29548300153692253
2923,80.73961899935966,1.0751720001280773,78.56168199941749,0.2561490000516642
2924,83.03127900217078,0.9326529980171472,78.4011069990811,0.3407050025998615
2925,80.58869199885521,1.1961910022364464,78.22501299961004,0.2600939988042228
2926,86.63738999894122,1.1325060004310217,84.3821750022471,0.26392699874122627
2927,79.95017000212101,1.0461530000611674,77.70269599859603,0.264279999100836
2928,80.56759999817587,1.059394002368208,78.0633639988082,0.2611500021885149
2929,86.88579800218577,1.0378020015195943,82.60033300030045,0.2607420028652996
2930,80.92537999982596,1.6714710000087507,78.16901299884194,0.2595570003904868
2931,82.80435100095929,1.008765000733547,80.67652600220754,0.26940899988403544
2932,80.97999099845765,1.1523389985086396,78.71868300208007,0.2634640004544053
2933,83.17628000077093,1.2380990010569803,80.81673000197043,0.2602790009404998
2934,81.76253099736641,1.9489910009724554,78.670033999515,0.29079700107104145
2935,81.01095400343183,1.6778789977252018,78.15427199966507,0.2657049990375526
2936,84.26898799734772,1.1401539995858911,81.3738260003447,0.25914900106727146
2937,83.38752200143063,1.460600000427803,78.58912699884968,0.2617979989736341
2938,81.32664000004297,1.9801400012511294,77.96203100224375,0.25981599901570007
2939,85.18047499819659,1.009948999126209,83.12857599958079,0.25700100013636984
2940,80.72441500189598,1.2438960002327804,78.22784699965268,0.2990200009662658
2941,85.11469699806185,1.1682840013236273,81.00606500011054,0.2662049992068205
2942,80.8493790027569,1.4216919989848975,78.35093999892706,0.26057500144816004
2943,80.38459799718112,1.032172000122955,77.38178700310527,0.2603900029498618
2944,86.51294500305085,1.3230619988462422,84.06991399897379,0.2640189995872788
2945,81.11852799993358,1.051005001500016,78.83247900099377,0.2635199998621829
2946,82.34575699680136,1.1364500023773871,79.82326300043496,0.2623899999889545
2947,80.29709800030105,1.295542999287136,77.88591899952735,0.26229799914290197
2948,83.60376299970085,1.050745999236824,80.54926600016188,0.2602419990580529
2949,89.6251830017718,2.30110499978764,86.1935729990364,0.30809400050202385
2950,81.50869599921862,1.1019499979738612,79.25235199945746,0.3325200013932772
2951,84.77926900013699,1.7965839979297016,81.37752900074702,0.2714649999688845
2952,80.41026600039913,1.1100800002168398,78.20354999785195,0.26468600117368624
2953,81.68984499934595,2.469827999448171,78.09608699972159,0.2795939981297124
2954,87.91410000048927,2.039565999439219,84.73067600061768,0.28520500200102106
2955,81.65999400080182,1.2057470012223348,79.25007399899187,0.30900199999450706
2956,88.26200899784453,1.12689399975352,85.71425500122132,0.48398400031146593
2957,93.9379090013972,0.9905049992084969,91.12237600129447,0.26770499971462414
2958,79.7337059993879,2.066639997792663,76.4933190002921,0.2672420014278032
2959,86.83179800209473,1.1871909991896246,84.51347200025339,0.2614459990581963
2960,79.12586999736959,1.1129689992230851,76.90748800087022,0.2614820004964713
2961,82.54101700003957,2.958810997370165,78.45442199686659,0.26715000058175065
2962,84.87702800266561,1.0904499977186788,82.59598000222468,0.26885300030699
2963,81.34723299735924,1.1206909985048696,79.09046200074954,0.26275999698555097
2964,85.0755300016317,1.0690239978430327,82.90520400259993,0.2666120017238427
2965,87.76058000148623,1.0001160007959697,85.68701400145073,0.2599649997137021
2966,81.34041799712577,1.0536720001255162,78.86290500027826,0.34863099790527485
2967,84.0826180028671,1.0260050003125798,81.27512099963496,0.26092799816979095
2968,81.12093499948969,1.1785060014517512,78.76171899988549,0.29426000037346967
2969,82.90372199917329,1.0349869990022853,80.83154500127421,0.2536490028433036
2970,80.76343399807229,1.074691001122119,78.02664200062281,0.2594639991002623
2971,81.3428070032387,1.1199690015928354,78.05119700060459,0.26559400066616945
2972,84.76567599791451,1.0999679980159272,82.52881299995352,0.2614089971757494
2973,78.96094199895742,1.018300998111954,76.85891299843206,0.26211299700662494
2974,81.5085860012914,1.4129709998087492,78.53368100040825,0.2597230013634544
2975,81.91390199863235,1.0155240015592426,79.77589199799695,0.3040939991478808
2976,79.37837100325851,1.119264998123981,77.14960000157589,0.2614090008137282
2977,84.74571299666422,1.0032829995907377,82.66898000147194,0.2639640006236732
2978,86.77266800077632,1.2200810015201569,84.33224799955497,0.28359399948385544
2979,80.60648800164927,1.0876909982471261,78.33538400154794,0.27022400172427297
2980,90.40957599791,1.0019500005000737,87.00846500141779,0.2695379989745561
2981,80.29689400063944,1.0047089999716263,78.21623500058195,0.26514999990467913
2982,86.96070600126404,1.3859150021744426,84.45769299942185,0.26335299844504334
2983,80.27344899892341,1.0091539988934528,78.2039200021245,0.25776100301300175
2984,84.64049000031082,1.2805810001736972,81.9774019983015,0.467779998871265
2985,84.65513899864163,1.2989509996259585,82.10758900168003,0.26885300030699
2986,80.1120220021403,1.1320619996695314,77.83478900091723,0.26216799960820936
2987,90.18998199826456,2.6831800023501273,86.40012899923022,0.2626309978950303
2988,80.39632000145502,1.0156160024052951,78.28921699911007,0.26131699996767566
2989,82.1467189998657,1.0969869981636293,79.74974200260476,0.4436689996509813
2990,84.34872900033952,1.2750440000672825,81.43880699935835,0.32755700158304535
2991,85.06425199811929,1.0271899991494138,80.28613500209758,0.2842419999069534
2992,90.64120599941816,2.7019769986509345,86.8000939990452,0.27988999863737263
2993,84.64623100007884,1.1089310028182808,82.16895900113741,0.3005939979630057
2994,86.58470400041551,1.0899689987127203,84.35665499928291,0.2636130011524074
2995,79.3035550013883,1.0641170010785572,77.14196999950218,0.2712599998631049
2996,84.28854399971897,1.6868050006451085,81.50008499796968,0.2632969990372658
2997,87.15618800124503,1.0167460022785235,85.03280700097093,0.27014900115318596
2998,80.67643299727933,1.1402839991205838,77.98786300190841,0.26174199956585653
2999,79.06911000100081,1.0782089993881527,75.88925999880303,0.2627419999043923
3000,83.65092900203308,2.435845999571029,80.07826300308807,0.26094600252690725
3001,81.00106399797369,1.8049350001092535,78.12117900175508,0.2664460007508751
3002,86.88461299971095,1.0650980002537835,84.68895300029544,0.28824200126109645
3003,82.03564400173491,1.2669139978243038,79.62611200127867,0.2615939993120264
3004,84.11304299806943,1.2791359986294992,81.61860399923171,0.31972400029189885
3005,88.62552900245646,3.323387001728406,84.05250600117142,0.28955699963262305
3006,84.32837699729134,1.2108580012863968,81.7908829994849,0.38379800025722943
3007,91.80121200188296,1.0131529998034239,89.65220100071747,0.3165749985782895
3008,86.22590600134572,1.3782290006929543,82.84549900054117,0.28081599884899333
3009,88.08508099900791,1.1383199998817872,85.42660499733756,0.4130020024604164
3010,83.5697809998237,1.2368030002107844,80.8247110035154,0.42098400081158616
3011,84.25967400035006,0.975745999312494,80.57159899908584,0.29248300052131526
3012,89.32582799752709,1.0134499971172772,85.80225499827066,0.28931600172654726
3013,85.3786610023235,2.910643997893203,81.32317700074054,0.2833539983839728
3014,83.83119000063743,1.0661720007192343,81.61571500022546,0.28690900217043236
3015,83.06762999927741,1.0374499979661778,80.92389699959313,0.27826100267702714
3016,82.73731299777864,2.01180699878023,79.36596299987286,0.2771679974102881
3017,85.89164500153856,1.031375999446027,83.70087400180637,0.3106119984295219
3018,82.95301800171728,1.0538940005062614,80.73432200035313,0.27383400083635934
3019,86.80631599781918,0.9968199992727023,83.0884259994491,0.28818699865951203
3020,84.00626400180045,1.1564870001166128,81.66441899811616,0.28627899882849306
3021,85.49386499726097,3.1162939994828776,81.20137999867438,0.33029800033546053
3022,86.64105600109906,1.080523998098215,84.33654400141677,0.2894280005421024
3023,84.72904600057518,1.0959499995806254,82.38159000029555,0.3970020006818231
3024,85.52682799927425,1.22858000031556,82.57994200175744,0.2882979970308952
3025,82.65585000117426,1.0210239997832105,80.49422800104367,0.28103900331188925
3026,83.65870700072264,1.0516349975659978,81.45056600187672,0.2789089994621463
3027,84.42541399926995,1.1228950024815276,82.16314400124247,0.2822239985107444
3028,81.63223399969866,1.0822459989867639,79.3202780005231,0.27839100221171975
3029,85.98629300104221,1.100468998629367,83.73611499700928,0.28687200028798543
3030,83.41533599741524,2.0196770019538235,80.24417100023129,0.284483001451008
3031,81.09536000119988,1.0860609982046299,78.87773800030118,0.2761130017461255
3032,86.80129699860117,1.9048430003749672,83.70807800019975,0.28624200058402494
3033,84.82162099971902,1.4400260006368626,82.25018099983572,0.28505699810921215
3034,88.09328500137781,2.2854009985167067,84.65608299957239,0.26305700157536194
3035,87.31030000126339,1.9236209991504438,82.79451800262905,0.2803349998430349
3036,85.53519799897913,1.4052660008019302,82.97303700237535,0.2846490024239756
3037,83.75731900014216,1.7390459979651496,80.77174800200737,0.27607499941950664
3038,83.09907399961958,1.8208059991593473,80.11679999981425,0.26305600113119
3039,89.00158599863062,1.089412999135675,86.75979699910386,0.30172400147421286
3040,80.83358200019575,1.3967289996799082,78.22753099753754,0.26975999935530126
3041,86.69377800106304,1.7493790001026355,83.82820800034096,0.2772050029307138
3042,85.19297400198411,1.0680049999791663,82.95429600184434,0.2813720020640176
3043,84.66215599764837,1.1685429999488406,81.69077099955757,0.281131000519963
3044,90.3142970018962,1.3053949987806845,87.74561699829064,0.2764270029729232
3045,83.11935199890286,1.0887099997489713,80.74039599887328,0.27992700051981956
3046,86.9078530013212,1.0918209991359618,84.6995079991757,0.2628719994390849
3047,80.57015399754164,1.3078960000711959,78.19723400098155,0.25946499954443425
3048,79.34055499936221,0.966856001468841,75.89237099819002,0.2564089991210494
3049,82.79403600317892,2.051158000540454,79.614168000262,0.29722399995080195
3050,84.79152799918666,2.031862000876572,79.71864899809589,0.2565200011304114
3051,88.57560199976433,0.982450001174584,86.55049899971345,0.2613710021250881
3052,85.01093599988963,1.056691002304433,82.84327699948335,0.2684280007088091
3053,79.5345559999987,1.3261739986774046,76.96030200168025,0.2633719996083528
3054,84.41974800007301,1.352506998955505,81.98049499696936,0.2653339979588054
3055,81.78164099808782,1.7336380005872343,78.05506699878606,0.2696129995456431
3056,86.15529400049127,2.391587000602158,82.60362700093538,0.2689460015972145
3057,81.3156580006762,1.3170620004530065,78.84166300209472,0.261574998148717
3058,83.06009200168774,1.9571209995774552,79.92761399873416,0.27057599800173193
3059,84.85743499841192,1.0695609998947475,82.64255400354159,0.26075999994645827
3060,81.43821400153683,1.8296760026714765,78.42221700047958,0.27157500153407454
3061,80.81887799926335,2.193271000578534,77.44293399809976,0.26637199698598124
3062,85.6128829982481,1.77521300065564,82.71192500251345,0.2608719987620134
3063,81.66430799974478,0.9828570000536274,79.55461200253922,0.25937200189218856
3064,85.47034600269399,2.1290660006343387,82.23523699780344,0.2601310006866697
3065,79.62144499833812,1.129598000261467,77.32971099903807,0.27805699937744066
3066,81.85893799964106,1.8523059989092872,78.31675399938831,0.30066799808992073
3067,84.83276799961459,0.962096997682238,82.80783199734287,0.26807600079337135
3068,81.25988000028883,2.2447339979407843,77.89741799933836,0.2639279991853982
3069,84.63810000102967,0.9391349994984921,81.59571400028653,0.28388999999151565
3070,82.19684800133109,1.2514330010162666,79.85913199809147,0.2652420007507317
3071,79.51842599868542,0.9988199999497738,77.44497200110345,0.2680750003491994
3072,90.26570299829473,1.0420979997434188,88.1178039999213,0.2571680015535094
3073,81.91838300263043,1.0770419976324774,79.737872001715,0.26226099726045504
3074,84.60624899817049,1.6179339982045349,81.80547499796376,0.3016119990206789
3075,88.00307999990764,1.98606599951745,84.91000900176005,0.28146499971626326
3076,85.58716100014863,1.0369129995524418,83.39622400308144,0.2816680025716778
3077,82.28832999884617,0.983560999884503,79.51233399944613,0.26872400121646933
3078,80.98689600228681,1.1609690009208862,78.69519999803742,0.28824199762311764
3079,89.05258599770605,2.763994998531416,85.14004700191435,0.2849829979822971
3080,87.44756000305642,1.0715789976529777,85.18502899823943,0.286204998701578
3081,84.04067099763779,0.9146900010819081,81.29345400084276,0.2929090005636681
3082,90.54852000190294,1.1663019977277145,88.16422999734641,0.32926100175245665
3083,86.23342300052173,1.1506720002216753,82.99327699933201,0.3055199995287694
3084,85.82551399740623,1.1205800001334865,83.55250200111186,0.281019998510601
3085,82.56092300143791,1.0788569998112507,80.34830100223189,0.28609400033019483
3086,80.1073369984806,1.1015419986506458,77.78362099998049,0.35370600016904064
3087,82.51860800010036,1.0554129985393956,80.34750399747281,0.25483499848633073
3088,81.52397300000302,1.1057100018661004,79.30953599861823,0.29233500026748516
3089,84.86837900272803,0.9971900035452563,82.80610899964813,0.2610200026538223
3090,79.69755699741654,1.1740430018107872,77.41341499786358,0.262483001279179
3091,79.4688150017464,1.1829130016849376,77.09272899955977,0.30090900327195413
3092,83.00907299781102,1.08135700065759,80.77367299847538,0.3182050022587646
3093,80.06468800158473,1.0228760002064519,77.94354700308759,0.2624829976412002
3094,83.42785299828392,1.1376909969840199,81.11902699965867,0.2593159988464322
3095,86.33031300269067,1.933640000061132,83.29688999947393,0.2599830004328396
3096,83.14457400047104,1.1777090003306512,80.832024999836,0.29420500140986405
3097,94.06938999745762,1.8793249982991256,91.03283700096654,0.3384649971849285
3098,81.0674710010062,0.9614679984224495,77.81363899994176,0.26614899979904294
3099,87.0081860011851,0.9985239994421136,84.86478600025293,0.28479799948399886
3100,84.10602399817435,1.6736750003474299,81.28321299955132,0.28026099971611984
3101,83.62820600086707,1.1000429985870142,81.36823099994217,0.2855380007531494
3102,85.81575399875874,1.3262110005598515,83.35033399998792,0.2655200005392544
3103,79.98916900032782,1.02115300251171,77.80119499875582,0.2600010011519771
3104,79.91409500027657,1.0582649993011728,77.74500900268322,0.2644279993546661
3105,87.81889400052023,2.4378639973292593,83.12964800279588,0.25529699996695854
3106,79.4164440012537,1.410839999152813,76.86087600086466,0.2587609997135587
3107,82.31853299730574,1.115339000534732,80.10026200281573,0.29542699849116616
3108,82.63546000307542,1.0906159986916464,80.32946700041066,0.30496399995172396
3109,87.20829899903038,1.241246998688439,83.79026200054795,0.26464999973541126
3110,87.7295049976965,1.1068940002587624,84.97617600005469,0.306186997477198
3111,87.5454670022009,2.1460850002767984,84.3180060001032,0.2549089986132458
3112,94.58865099804825,0.9450970028410666,91.51952500178595,0.2834090009855572
3113,90.98568800254725,1.5301189996534958,86.13710800273111,0.27950100047746673
3114,80.75332099906518,1.1558209989743773,78.49540200186311,0.26192700170213357
3115,84.52602499892237,2.269381999212783,81.19558299949858,0.2666120017238427
3116,79.49464800185524,1.1548209986358415,77.20898800107534,0.26596500174491666
3117,84.00013400023454,1.013911998597905,81.80462299787905,0.3405390016268939
3118,80.40200399773312,1.1321720012347214,77.6598060001561,0.2644279993546661
3119,78.78357099980349,1.2761370016960427,76.27861299988581,0.28518699764390476
3120,85.57441900120466,1.212562001455808,83.16446299795643,0.2606310008559376
3121,79.30357299846946,1.0051899989775848,77.22795099834912,0.26044599871966057
3122,82.67133100162027,1.5722300013294443,79.83239000168396,0.2654089985298924
3123,83.04662899899995,2.0551769994199276,79.84839100026875,0.2562420013418887
3124,81.03819300231407,1.1780429995269515,78.7044770004286,0.28451999969547614
3125,92.41778799696476,1.004450001346413,90.29418399950373,0.2819639994413592
3126,85.66986400182941,1.1991920000582468,83.18775900261244,0.40896499922382645
3127,83.0639619998692,1.6836379982123617,79.55322199995862,0.411039000027813
3128,80.7472839987895,1.7096560004574712,77.43956299964339,0.26161300047533587
3129,78.87021900023683,1.0088939998240676,76.79124499918544,0.2604080000310205
3130,82.31594000244513,1.1850980008603074,80.01239099758095,0.2582790002634283
3131,79.0694600000279,1.1905430001206696,76.72037399970577,0.25675999859231524
3132,78.98599699910847,1.0976720004691742,76.72739300323883,0.32528000156162307
3133,83.35979699768359,1.0153380026167724,79.41620299970964,0.294019999273587
3134,80.48469000277692,1.4622660019085743,77.87993600140908,0.26246400011586957
3135,84.12578299976303,1.5157490015553776,81.5006760021788,0.2648349982337095
3136,81.04737800022122,1.2712280004052445,78.71134799643187,0.25796399859245867
3137,81.04300699778832,1.7370269997627474,77.9021210000792,0.2637050019984599
3138,84.2635799999698,1.6668789976392873,81.28658299756353,0.32150100014405325
3139,83.57246400191798,1.4146740031719673,80.81430200036266,0.2608899994811509
3140,83.09911099786405,0.9928940016834531,80.95302599758725,0.35135399957653135
3141,81.97475300039514,1.6327670018654317,79.21246099795098,0.26057499781018123
3142,85.84956900085672,1.1535619996720925,82.3260510005639,0.2641120008775033
3143,82.79820100142388,0.992746001429623,80.71226500032935,0.26668599821277894
3144,80.96367399775772,1.1490619981486816,78.71069900284056,0.26681599774747156
3145,86.82670400230563,1.189727998280432,84.46448799804784,0.2952979994006455
3146,78.99949700004072,1.9090649984718766,76.00851799725206,0.2647599976626225
3147,82.09851299761795,2.959978002763819,78.04121400113218,0.2588900024420582
3148,90.58777800237294,1.0336529994674493,88.43808199890191,0.2775009998003952
3149,81.394527998782,1.519508001365466,78.66314299826627,0.29192800138844177
3150,81.22613800151157,0.9372460008307826,78.42073500069091,0.26694500047597103
3151,81.55239799816627,1.0278019981342368,78.41786399876582,0.28279799880692735
3152,80.97784100027638,1.0758019998320378,77.07402400046703,0.26696399800130166
3153,85.27139899888425,1.1039130004064646,83.01035100157605,0.2603350003482774
3154,84.74097100042854,1.9359550024091732,81.76117800030624,0.2594270008557942
3155,94.30263000103878,1.0833569976966828,92.15276800023275,0.2579829997557681
3156,86.42573899851413,1.634361000469653,83.69061299890745,0.25683499916340224
3157,84.19904200127348,1.0886729978665244,81.92277100170031,0.26557599994703196
3158,82.5398300003144,1.094098999601556,80.3604489992722,0.2551680008764379
3159,82.54412599853822,1.2470800029404927,80.22976199936238,0.2561679975769948
3160,82.93453499936732,1.05294900276931,80.75517199904425,0.28379700233926997
3161,81.89332700203522,1.1248760019952897,79.5157399988966,0.3892050008289516
3162,79.44788799795788,1.1231719981878996,77.12998700299067,0.2619080005388241
3163,83.95611400192138,2.879756000766065,79.99600200128043,0.26187199910054915
3164,93.76651699858485,1.0370789968874305,91.546653999103,0.32633500086376444
3165,145.57935600169003,1.3188400007493328,142.97923199774232,0.2915379991463851
3166,97.36629399776575,1.3277849975565914,94.84039299786673,0.2556870022090152
3167,93.90185099982773,2.2110120007710066,90.4849260004994,0.2574079990154132
3168,85.10817600108567,1.1622100028034765,82.58753399786656,0.2685390027181711
3169,86.01490300134174,1.706156999716768,83.19914800085826,0.2600010011519771
3170,85.19830599834677,1.0960979998344555,82.98066499992274,0.28755700259353034
3171,79.39822100161109,1.0597639993648045,77.18832099999418,0.26172400248469785
3172,83.50031599911745,1.0577640023257118,81.30099000118207,0.3143899994029198
3173,79.77879700047197,1.0278390000166837,77.6719530003902,0.2587240014690906
3174,83.55265000136569,1.0820979987329338,81.35089700226672,0.2629830014484469
3175,85.8271609977237,1.606638001248939,82.95857199846068,0.3699099979712628
3176,83.74616899891407,1.1120420022052713,81.51128700046684,0.3112800004601013
3177,86.59849900141126,1.024819997837767,84.51052500095102,0.2732600005401764
3178,83.98928099995828,1.0953760029224213,80.88184000007459,0.2801310001814272
3179,84.45732100153691,1.1429869991843589,82.13688300020294,0.28872400071122684
3180,81.60399099870119,1.12283900307375,79.33661000060965,0.2757420006673783
3181,83.38392700170516,1.6508419976162259,79.1525160020683,0.28050200126017444
3182,89.49266099807573,1.7697869989206083,86.62120299777598,0.25729700064403005
3183,83.22066600157996,1.0751720001280773,80.68450499922619,0.2608169997984078
3184,88.352822996967,1.2593589999596588,86.01277300112997,0.2759829985734541
3185,83.46777800034033,1.666619999014074,80.69672799683758,0.26266799977747723
3186,85.86160600316362,1.242266000190284,83.40466799927526,0.3020939984708093
3187,85.11395399909816,1.095319999876665,82.70832999915001,0.2792049999698065
3188,83.72189099827665,2.0188059970678296,80.50022699899273,0.28139000278315507
3189,89.44958700158168,1.0110790026374161,87.2983170011139,0.2848719996109139
3190,83.5417790003703,1.1890989990206435,81.08793300198158,0.40522500057704747
3191,85.39141800065408,1.1842650019389112,82.73351499883574,0.33602000257815234
3192,81.37558299858938,1.1062470002798364,79.09708999795839,0.27537200003280304
3193,84.76432200041017,1.118727999710245,82.5104219984496,0.28577999910339713
3194,89.56573599789408,1.9976770017819945,86.3502009997319,0.32846499743754975
3195,83.96642899970175,0.9958760019799229,80.2979289983341,0.2812429993355181
3196,86.82483300071908,1.8710090007516555,83.62033500088728,0.47561400060658343
3197,84.91171200148528,2.27864200132899,81.3417669996852,0.25581600129953586
3198,84.24568899863516,0.9506339993095025,80.6548569998995,0.30138999863993376
3199,88.10759900006815,2.1214000007603317,83.8812619986129,0.28685399956884794
3200,80.8346910016553,0.9864310013654176,76.7323000000033,0.2631309980642982
3201,85.00582299893722,1.1544310000317637,82.57814399985364,0.2730939995672088
3202,81.27482300187694,1.0813759981829207,79.03395899847965,0.26753899874165654
3203,85.27038099782658,2.926422999735223,81.22534200083464,0.28629699954763055
3204,85.11595299933106,0.9768199997779448,81.33371200165129,0.27865000083693303
3205,81.8316959994263,1.1373209999874234,79.55386899993755,0.2915939985541627
3206,85.30943600271712,2.1604190005746204,81.92527099890867,0.28372400265652686
3207,84.663654997712,1.1467469994386192,82.29829099946073,0.282465000054799
3208,83.21138900282676,1.3573589967563748,80.70591200157651,0.2724090008996427
3209,89.02600999863353,1.3127109996275976,86.46403400052804,0.33922399961738847
3210,85.99071700155037,1.826916999561945,83.00436800345778,0.27389100068830885
3211,86.35945999776595,2.463827000610763,82.80942299825256,0.2659269994182978
3212,86.09062500181608,1.0547640013101045,83.83831700120936,0.2814639992720913
3213,95.98647199891275,1.1306910018902272,93.72910800084355,0.25948300026357174
3214,80.14366899806191,1.077246000932064,77.96821399824694,0.2596499980427325
3215,82.21201300329994,1.5383039972221013,77.61002700135577,0.25164999897242524
3216,84.56150599886314,1.0543200005486142,82.37136599927908,0.26770500335260294
3217,84.06100399952265,1.0778010000649374,81.85895599672222,0.26311200053896755
3218,86.53805300127715,1.0700060011004098,84.35850599926198,0.2637049983604811
3219,84.46220999758225,3.0854049982735887,80.24492900221958,0.2707429994188715
3220,84.84845200291602,1.85691700244206,81.73971400174196,0.3165019988955464
3221,85.90178999656928,0.9645600002841093,83.19972100071027,0.28168599965283647
3222,83.40361200316693,1.3198209999245591,80.91733899709652,0.2880749998439569
3223,87.34718699997757,1.444247998733772,84.56406199911726,0.4793350017280318
3224,82.59606999854441,1.0689869995985646,79.92146300239256,0.27131600290886126
3225,82.0595119985228,0.975893999566324,78.27478800027166,0.28720500267809257
3226,87.00207400033833,1.0575419983069878,84.81598900107201,0.26015000184997916
3227,84.95213800051715,3.6441299998841714,80.14972400269471,0.26126000011572614
3228,83.94857700113789,1.1428209982113913,81.710603000829,0.2509459991415497
3229,87.3747049990925,1.1015060008503497,85.19167600024957,0.26344599973526783
3230,80.21759600160294,1.2067649986420292,77.82076800140203,0.25892799749271944
3231,83.6597419984173,0.9805049994611181,81.61299100174801,0.26707500001066364
3232,80.46848500089254,1.0355790000176057,78.29856700118398,0.2627239991852548
3233,83.07762799813645,1.352006998786237,80.61187500061351,0.29240799995022826
3234,81.37308200093685,1.0433759998704772,79.20766399911372,0.2705939987208694
3235,81.7886400000134,0.9855789976427332,79.69422200039844,0.2883540000766516
3236,85.93792100145947,1.1502089982968755,83.47087000220199,0.3094829990004655
3237,84.1702069992607,1.162043001386337,81.82017800208996,0.2780009999696631
3238,85.9409209988371,1.4027110009919852,83.36933299869997,0.2888160015572794
3239,85.47915899907821,2.519124001992168,81.63415800299845,0.2769640013866592
3240,83.51701900028274,1.1665609999909066,81.0915069996554,0.2834090009855572
3241,90.01727400027448,1.1512649980431888,86.9742969989602,0.28344599923002534
3242,92.00496999983443,1.0577270004432648,88.76495299773524,0.2811309968819842
3243,88.60084200205165,1.410543998645153,85.99717999823042,0.28653799745370634
3244,81.18506199753028,1.04628299959586,78.57910499660647,0.27713099916581996
3245,81.69191800334374,1.0264679985994007,77.61308200133499,0.25939000261132605
3246,83.72409399817116,0.920263999432791,81.73662099943613,0.2585199981695041
3247,87.07672200034722,1.8195279990322888,84.1728189989226,0.2618159996927716
3248,85.1684720000776,1.0473759975866415,83.01186899916502,0.2624459993967321
3249,81.4511759999732,1.7812309997680131,78.54834599856986,0.2695009970921092
3250,79.91485199818271,1.0820610004884657,77.69969399669208,0.25679699683678336
3251,88.41548900090856,2.682735997950658,84.62889499787707,0.25639100203989074
3252,83.45607400042354,2.456865000567632,79.83361200240324,0.2637979996507056
3253,82.41203199941083,1.4340080015244894,79.85987100255443,0.26383500153315254
3254,84.71441400251933,1.0536529989622068,82.5086069999088,0.2580379987193737
3255,81.98014099980355,0.9882829981506802,78.54384500024025,0.38618700273218565
3256,88.3435429968813,2.377123000769643,84.72993299801601,0.3511869981593918
3257,80.3208920006,1.070875998266274,78.12558400109992,0.26274300034856424
3258,86.22497699980158,1.1778019979828969,82.70784800333786,0.26075999994645827
3259,79.85785200071405,1.6196200012927875,77.00578200092423,0.26509400049690157
3260,79.18016400071792,1.0657089987944346,76.9971900008386,0.2561490000516642
3261,85.45619500000612,0.931893999222666,79.93937100036419,0.259316002484411
3262,81.38480499837897,1.246005998837063,78.93747799971607,0.2864829984901007
3263,90.65572200051975,0.9748199991008732,88.45019299769774,0.3852789996017236
3264,85.88106800016249,1.1538580001797527,82.94640500025707,0.3378910005267244
3265,82.66870000079507,1.2102840009902138,80.29737200195086,0.31033500272314996
3266,86.58462699895608,1.1033209993911441,83.46963000076357,0.2754279994405806
3267,83.3539990017016,1.0625789982441347,81.15756199913449,0.28357599876471795
3268,90.27972100011539,1.0912840007222258,88.0257270000584,0.28929799736943096
3269,88.21341300063068,2.187234000302851,84.89111800008686,0.26596499810693786
3270,79.94427799712867,1.069541998731438,77.72297100018477,0.26457500280230306
3271,86.2477000009676,1.4042850016267039,83.63294599985238,0.3252789974794723
3272,79.7996850014897,1.0892639984376729,77.59859900033916,0.26133500068681315
3273,84.47263500056579,1.2714879994746298,82.04136399945128,0.25435299903620034
3274,82.11017799840192,1.114839000365464,79.42225799706648,0.26085300123668276
3275,81.66619500116212,2.72681000205921,77.86347100045532,0.2649829984875396
3276,82.88347800043994,1.079153997125104,80.70650399895385,0.26163099755649455
3277,79.85270399876754,1.026911999360891,77.6358410003013,0.29859400092391297
3278,83.71550100127934,1.1240060011914466,81.45030399828102,0.27014900115318596
3279,80.30565099761588,1.1225620000914205,78.11821400173358,0.2574829995865002
3280,79.84340700204484,1.0275229979015421,77.70348899794044,0.2569090029282961
3281,86.06647699707537,1.211691000207793,83.6896490000072,0.26135300140595064
3282,81.78312100062612,0.9238200000254437,78.2057510004961,0.25829799778875895
3283,94.28714699970442,2.1358630001486745,91.01320500121801,0.3207420013495721
3284,84.04389200222795,2.1837890017195605,80.5593190016225,0.25957600155379623
3285,80.89593099794001,1.1411349987611175,78.40015900001163,0.27242799842497334
3286,88.26778400180046,1.0822280019056052,86.07955100160325,0.26135300140595064
3287,79.3481270011398,0.9730419988045469,77.28643200243823,0.28953899891348556
3288,81.54619399647345,1.3865809996786993,79.0482919983333,0.26133500068681315
3289,82.44110600207932,1.1189690012542997,80.08883499860531,0.36763200114364736
3290,80.4403359979915,0.9674499997345265,78.30689899856225,0.3024639991053846
3291,85.07884200298577,1.1090610023529734,82.75433000017074,0.2605379995657131
3292,80.53466999990633,1.0455610026838258,78.18788099757512,0.2871870019589551
3293,82.60712499759393,1.099968998460099,80.41552199938451,0.25840899979812093
3294,86.51234900025884,1.066302000253927,84.36330100084888,0.25757500043255277
3295,81.01009800157044,1.0754129980341531,78.59803099927376,0.28350099819363095
3296,80.99811699867132,1.0861539994948544,78.78651300052297,0.26255699776811525
3297,78.41812300102902,0.8527080026397016,76.57379800002673,0.2644649975991342
3298,82.95638599884114,0.851894001243636,81.09335900007864,0.2619639999466017
3299,85.0415820023045,0.8851149977999739,83.18346099986229,0.2594639991002623
3300,86.6525899982662,0.8641890017315745,84.79526600058307,0.25994499810622074
3301,82.8253110012156,0.9872279988485388,80.48861499992199,0.26455699844518676
