frame_index,wall_ms,preprocess_ms,inference_ms,postprocess_ms
11,95.3008830001636,2.065878998109838,91.77399700274691,0.28951899730600417
12,83.0331090000982,1.1736719970940612,80.47748700118973,0.30592799885198474
13,87.85275799891679,1.640192000195384,85.01513600276667,0.2995750000991393
14,89.02830100123538,2.1007499999541324,85.55163799974252,0.30137100111460313
15,83.70079700034694,2.214193998952396,80.38117199976114,0.28853800176875666
16,92.83940900058951,1.1484860006021336,90.55549199911184,0.27992700051981956
17,86.50175399816362,1.0221699994872324,83.42831399932038,0.28525999732664786
18,89.65033999993466,0.9633010013203602,86.09067700308515,0.2819459987222217
19,82.2290130017791,2.786641001875978,78.33764499810059,0.2959459998237435
20,84.03794599871617,2.0734169993374962,80.79026599807548,0.2919450016634073
21,86.5653460023168,1.1610229994403198,84.12952099752147,0.2925750013673678
22,79.356704998645,1.1041340003430378,77.12373200047296,0.27107500136480667
23,83.38285100035137,0.9502630018687341,79.47822300047847,0.28403800024534576
24,85.16665500064846,0.922930001252098,81.70478800093406,0.28368700077407993
25,82.97768299962627,1.0272260005876888,79.57337200059555,0.2797419983835425
26,81.51184300004388,1.0640779983077664,79.3338709991076,0.26902000172412954
27,79.60855700002867,1.010208001389401,77.41428899680614,0.33455700031481683
28,83.23675800056662,2.2763619999750517,79.64426100079436,0.376575997506734
29,88.48446499905549,1.1951160013268236,83.94913100346457,0.2923339998233132
30,83.47703699837439,1.1036530013370793,81.19163899755222,0.30763000177103095
31,88.99363400269067,1.005523001367692,86.82001399938599,0.30137100111460313
32,84.88848699926166,1.0988009998982307,82.62860700051533,0.29951999749755487
33,91.24847699786187,1.1119310001959093,88.86283700121567,0.29407499823719263
34,86.08973300215439,0.9476150007685646,83.21290599997155,0.31326099997386336
35,79.96415099842125,0.9965410026779864,77.8223280030943,0.2800570000545122
36,86.28960400164942,0.9456150000914931,82.40651400046772,0.2697409981919918
37,83.8062609982444,1.0210220025328454,81.67551099904813,0.27581600079429336
38,84.15281700217747,1.0483559999556746,81.98540100056562,0.2748709994193632
39,81.25576800011913,1.1282460000074934,78.86470300218207,0.3613720000430476
40,80.57882099819835,1.072060000296915,78.26875600221683,0.2975750030600466
41,84.04672400138224,1.2274309992790222,78.91623999967123,0.2784270000120159
42,79.26788899931125,1.0289489982824307,77.07778700205381,0.35140900217811577
43,88.52918800039333,0.9512069991615135,85.40596999955596,0.30551900272257626
44,84.30511400001706,1.070375001290813,82.05042000190588,0.30790800155955367
45,84.46741199804819,0.9997080014727544,82.30353199905949,0.31407500136992894
46,97.88124500119011,1.1108200014859904,95.54427200055216,0.2737790018727537
47,84.9698019992502,1.1525419977260754,82.6432180001575,0.32437199843116105
48,83.39124000121956,0.9209490017383359,79.70385400039959,0.27288999990560114
49,83.45598099913332,2.963826998893637,78.96661099948687,0.2748160004557576
50,81.90825299971038,1.0478190015419386,79.64527999865822,0.34994599991478026
51,84.70824500182061,1.9067489993176423,81.40641700083506,0.2985380015161354
52,79.24883399755345,1.0522640004637651,77.06906500243349,0.28829700022470206
53,84.48807800232316,1.2322090005909558,82.1614939995925,0.2702050005609635
54,79.95200299774297,1.056727000104729,77.72262400249019,0.30887199682183564
55,79.39726000040537,1.0677819991542492,77.15369499783264,0.27405699802329764
56,87.65262900124071,0.9639109994168393,85.53904500149656,0.3210379982192535
57,82.15392000056454,1.1564129999896977,79.79500300280051,0.32359399847337045
58,90.13748999859672,1.0056899991468526,87.0862740011944,0.29216700204415247
59,98.92825000133598,0.9964670025510713,96.81253800226841,0.29381599961197935
60,190.5809700001555,1.710804001049837,187.51697500192677,0.3358899994054809
61,109.0286250000645,2.6785669979290105,105.11479399792734,0.3134829967166297
62,89.03554199787322,1.0835969987965655,85.42545199816232,0.2809830002661329
63,86.55679000003147,1.9909160000679549,83.45988900327939,0.27209399922867306
64,85.46158200260834,1.5478220011573285,82.11323499926948,0.28429699887055904
65,81.20380499894964,1.0068929987028241,76.60417399893049,0.2698899988899939
66,83.59533399925567,1.954953000677051,80.54178400197998,0.28364900208543986
67,80.6654689986317,1.1782820001826622,78.34144099979312,0.2659460005816072
68,82.31940200130339,2.100952999171568,79.05724000011105,0.3121130030194763
69,84.27902200128301,0.9510039999440778,80.08387399968342,0.2844640002876986
70,82.1941419999348,1.0606159994495101,80.01946600052179,0.27885300005436875
71,87.1248490002472,1.0011339982156642,85.04493199870922,0.27009399855160154
72,79.49559400003636,1.5547279981547035,76.77517599950079,0.2784829994197935
73,81.00532199750887,1.093986000341829,77.8281610000704,0.29038999855401926
74,86.84060700034024,1.0908009971899446,84.60050400026375,0.2887420014303643
75,84.00207500017132,0.9754669990797993,81.87832600015099,0.3039090006495826
76,93.91830300228321,1.1101720010628924,91.6474969999399,0.2950570014945697
77,81.53419599693734,1.0165230014536064,78.89233199966839,0.2892970005632378
78,80.72511700083851,1.1335229974065442,78.40120100081549,0.27966799825662747
79,83.14090600106283,0.9783189998415764,81.04850800009444,0.29392700162134133
80,78.82914699803223,1.1046340005123056,76.60559999931138,0.2781119983410463
81,93.09250300066196,3.49040299988701,88.42683499824489,0.30955700276535936
82,88.21385299961548,1.7542850000609178,85.27728500121157,0.2990200009662658
83,85.95482500095386,1.1564859996724408,83.57057399916812,0.3095380016020499
84,85.3549519997614,1.8706560003920458,80.92348900026991,0.33607499790377915
85,82.66138500039233,1.0001150003517978,80.4333019987098,0.3377229986654129
86,90.85323399995104,1.7322479980066419,87.92335200269008,0.294131001282949
87,82.56868100215797,1.141486001870362,80.05361500181607,0.2915939985541627
88,84.22552099727909,1.117392999731237,81.87080800053081,0.3463160028331913
89,88.09539000139921,1.450727999326773,84.8792090000643,0.30594599957112223
90,83.87450100053684,1.9247679992986377,80.75567299965769,0.32533400008105673
91,85.87484300005599,1.112171001295792,83.60203699703561,0.278389998129569
92,81.24699099789723,2.206009998189984,77.89751300151693,0.27409399990574457
93,85.77160099957837,1.0004299983847886,83.59520400335896,0.29220499709481373
94,83.28788800281473,1.2282650022825692,80.76028499999666,0.29287199868122116
95,81.70369599974947,1.2754500021401327,79.24427800026024,0.26785299996845424
96,90.18573199864477,2.425399001367623,86.55182700022124,0.3367609970155172
97,80.7412470021518,0.9781150001799688,78.60599800187629,0.3227419983886648
98,88.60994699716684,1.142411998444004,86.17115900051431,0.2715760019782465
99,81.71132600182318,1.121596997109009,79.41883400053484,0.2781309995043557
100,79.31583399840747,1.2762650003423914,76.79271199958748,0.3040019983018283
101,92.69459400093183,1.011855998513056,89.55246999903466,0.3329639985167887
102,84.47565199821838,1.068282002961496,82.23553200150491,0.2712050008994993
103,84.92681999996421,1.6496360003657173,81.9434379991435,0.28003800252918154
104,86.94694100267952,1.2259309987712186,84.28180000191787,0.3449830001045484
105,84.27355799722136,1.8721370033745188,81.2379159979173,0.2900569998018909
106,86.82692100046552,2.6105849974555895,82.46477299690014,0.27837100060423836
107,79.4982240004174,1.1651909990177955,77.12851000178489,0.31876100183581
108,86.60903100098949,1.230985999427503,84.03237299717148,0.4090020011062734
109,85.59686100124964,1.1136720022477675,80.89034099975834,0.28526000096462667
110,80.88839599804487,1.110912002332043,78.65090500126826,0.27372299882699735
111,86.79460599887534,1.1280050021014176,84.47879999948782,0.2737419999903068
112,84.74619000116945,1.0341339984734077,82.52373600043938,0.2782789997581858
113,85.46523100085324,1.0364299996581394,83.32570300262887,0.28281600316404365
114,80.57504300086293,1.1640420016192365,78.2854219978617,0.28731599741149694
115,80.75063599972054,1.0345230002712924,78.51079299871344,0.2736120004556142
116,87.43549800055916,1.1038379998353776,85.18954399914946,0.2815020015987102
117,83.43198099828442,1.1415049993956927,81.10856400162447,0.2745199999480974
118,84.75070799977402,1.1480419998406433,82.42536599937011,0.2794089996314142
119,84.1324840002926,0.9528010014037136,80.12135600074544,0.28118699992774054
120,83.68713099844172,0.9594110015314072,80.30346799932886,0.2799079993565101
121,85.85463900089962,0.9237449994543567,81.40086200000951,0.27883500297321007
122,79.07351800167817,1.0850780017790385,76.84284300194122,0.28359400312183425
123,85.63258299909648,1.068133999069687,83.46855499985395,0.2778349989966955
124,80.90013699984411,1.784710999345407,77.94582799760974,0.2730939995672088
125,81.81951100050355,2.7194750000489876,77.98806999926455,0.27979700098512694
126,89.82560000004014,1.1198930005775765,87.02892200017232,0.3398160006327089
127,81.4183430011326,1.147597999079153,79.06262899996364,0.3602420001698192
128,87.86879599938402,1.0280970018357038,85.54754500073614,0.3667050004878547
129,86.84793999782414,1.0816340000019409,82.36430900069536,0.29670500225620344
130,81.93460400070762,1.1433010004111566,79.64702100071008,0.30179699751897715
131,90.71291900181677,0.9569110006850678,87.3694420006359,0.26761199842439964
132,86.72316199954366,2.187935999245383,83.37666499937768,0.33587200232432224
133,88.49631699922611,1.2178190008853562,85.95799199974863,0.3522240003803745
134,84.22166899981676,1.0077639999508392,82.07814199704444,0.28590800138772465
135,80.35228299922892,1.207689998409478,77.94792099957704,0.3237230012018699
136,82.32192099967506,1.0337260027881712,79.75204000103986,0.2791679980873596
137,85.56987900010427,1.239523000549525,82.99327499844367,0.35040900183958
138,86.6385130029812,1.0300599969923496,84.4608010011143,0.2782789997581858
139,80.59469099680427,1.530338999145897,77.88606800022535,0.2830199991876725
140,80.99769300315529,1.2218750016472768,78.59736799946404,0.31346499963547103
141,87.11755199692561,1.3740429967583623,84.5085229993856,0.2884640016418416
142,83.6527780011238,1.5902659979474265,80.87832200180856,0.28355600079521537
143,90.41300999888335,0.9757080006238539,88.2810379989678,0.2978900010930374
144,84.02889100034372,1.1303559986117762,81.65108400135068,0.3063160002056975
145,85.4226560004463,1.0100040017277934,80.73145100206602,0.30568700094590895
146,91.26179200029583,1.4937100022507366,88.6088170009316,0.30374199923244305
147,82.18091999879107,0.9507450013188645,79.31318600094528,0.28337099865893833
148,85.0272470015625,1.0714669988374226,82.77162599915755,0.32261299929814413
149,82.79344100083108,2.0478970000112895,79.6025939998799,0.27885300005436875
150,86.70736500062048,1.1582820006879047,84.40943000096013,0.2778710004349705
151,84.4714489976468,1.3628570013679564,81.65932500196504,0.2686489970074035
152,82.58727300199098,1.0679860024538357,80.39143099813373,0.2878900013456587
153,86.18460399884498,1.2771720030286815,83.75885299756192,0.27392700212658383
154,80.49426499928813,0.9966149991669226,78.39849700030754,0.28081599884899333
155,82.72962599949096,1.0420970029372256,80.52993200180936,0.28218599982210435
156,86.78895800039754,1.027633999910904,84.56276300057652,0.2799829999275971
157,88.13261199975386,0.9799670006032102,85.19785800308455,0.29761299811070785
158,89.96978600043803,2.6497699982428458,86.1105289986881,0.31822299933992326
159,85.23672899900703,1.1925229991902597,82.84932999958983,0.29779699980281293
160,87.46683200297412,1.0095409998029936,85.19513700230164,0.3977609994763043
161,83.10075699773734,1.4494140013994183,80.44737599993823,0.2785020005831029
162,81.02619300188962,0.9814670011110138,78.9305170001171,0.2862979999918025
163,90.9951239991642,1.1311529997328762,88.66111399765941,0.33429800168960355
164,85.36995200120145,1.1242450018471573,82.68134800164262,0.42213100095978007
165,86.1397329972533,1.2897650012746453,83.01770099933492,0.4048160008096602
166,85.24287800173624,1.0014299987233244,80.69932100261212,0.3336119989398867
167,85.00089500012109,1.7051920003723353,82.11092000055942,0.29727899891440757
168,87.8817769989837,1.2624490009329747,85.17895199838676,0.29407499823719263
169,82.38143999915337,1.1363750018063001,80.12263300042832,0.28055700022378005
170,84.7388010006398,0.9934310000971891,82.63212499878136,0.2735560010478366
171,83.67401900250115,1.626914003281854,80.91111799876671,0.277316001302097
172,79.43000099839992,1.1642079989542253,77.10436200068216,0.2768340018519666
173,82.9172749981808,1.033355998515617,80.71235900206375,0.2762240001175087
174,82.9304230028356,1.8818780008587055,79.67763100168668,0.2905569999711588
175,85.12865499869804,1.0628380005073268,82.92307100055041,0.27503799719852395
176,85.69224999882863,1.5793589991517365,82.9625530022895,0.2724270016187802
177,83.98642800239031,1.1116900022898335,81.6685839999991,0.3465750014584046
178,88.70524399753776,1.120598000852624,86.4152340000146,0.2845760027412325
179,83.89357499981998,2.1092499991937075,80.548876998364,0.28387199927237816
180,85.99078800034476,1.9949349989474285,82.82903399958741,0.28164899777038954
181,81.30945400262135,1.3950059983471874,78.69681300144293,0.27752000096370466
182,80.38370799840777,1.0717270015447866,78.04575499903876,0.34146400139434263
183,84.08811399931437,1.0545790028118063,81.85417799904826,0.2886120018956717
184,79.82554000045639,1.2111340001865756,77.45517800140078,0.27357499857316725
185,82.04334499896504,1.2543009979708586,79.59639100226923,0.2900569998018909
186,80.65539500239538,0.9871520014712587,78.51779400152736,0.3061860006710049
187,80.32789400022011,1.0452820024511311,78.1022729970573,0.2936119999503717
188,87.38429399818415,1.1099309995188378,85.10891400146647,0.292037999315653
189,85.23687699926086,1.0239309995085932,83.06205299959402,0.2837980027834419
190,83.80744600071921,1.8199149999418296,80.78133999879356,0.31327900069300085
191,91.07406900147907,5.800394999823766,84.0387060015928,0.29285399796208367
192,88.19527800005744,1.0038930013251957,85.93049200135283,0.36755700057256036
193,88.02342700073496,1.1306160013191402,85.62739699846134,0.32877899866434745
194,83.53748099762015,1.2629129996639676,80.9930079994956,0.3000010001414921
195,85.30750700083445,1.3206539988459554,82.53182899716194,0.4048909977427684
196,84.74976499928744,1.746654997987207,81.20102700195275,0.3776500016101636
197,82.60290299949702,1.1251530013396405,80.29044900104054,0.3113530001428444
198,90.47891800219077,1.382968999678269,87.90533300270909,0.30390800020541064
199,82.7137739979662,1.1383199998817872,80.3698390009231,0.35018700145883486
200,88.06133400139515,1.266985997062875,85.57111999834888,0.2999639982590452
201,83.16307299901382,1.0070780008391012,80.9972850001941,0.31963100263965316
202,82.80851500239805,1.6631550024612807,79.96809600081178,0.30692699874634854
203,91.7336089987657,1.2351900004432537,89.109393000399,0.43322399869794026
204,85.72795299915015,0.9724860028654803,83.28909199917689,0.3010750006069429
205,98.2196910008497,0.9166150011878926,93.99656299865455,0.2966489992104471
206,88.5344839989557,1.0431519986013882,86.31645599962212,0.2859460000763647
207,83.78863100006129,1.1730789992725477,81.17063800091273,0.30801899993093684
208,84.6182819987007,1.1127270008728374,82.33429100073408,0.30794600024819374
209,82.61301500169793,1.1315600022498984,80.38256099825958,0.27572299950406887
210,86.85410600082832,1.7713779998302925,83.95352099978481,0.27724200117518194
211,86.8137180004851,1.7122300014307257,83.82185300069978,0.35955799830844626
212,81.95384499776992,1.8259329990542028,78.37131099950057,0.29029700090177357
213,85.9322880023683,1.2869490019511431,83.4891480008082,0.2797050001390744
214,82.17734599747928,0.9920600023178849,80.03061499766773,0.3312980006739963
215,81.01526700193062,1.0964489993057214,78.76909100014018,0.28481599656515755
216,81.9779009980266,1.4746170018042903,78.41777499925229,0.27729700013878755
217,79.36824100033846,1.1040790013794322,77.10636099727708,0.27592699916567653
218,85.20100700116018,1.036411998939002,82.95133099818486,0.27992700051981956
219,84.76928299933206,1.2575420005305205,82.2340129998338,0.27544499971554615
220,87.10360799886985,1.3833390003128443,84.45933700204478,0.3550199980963953
221,83.32483200138086,1.5634139999747276,78.81686899781926,0.2850010023394134
222,79.87659499849542,1.0717639997892547,76.85839799887617,0.29063100009807386
223,85.65854600237799,1.0720419995777775,83.41901799940388,0.30955699912738055
224,81.54338099848246,1.402950001647696,78.90314699761802,0.3292230030638166
225,81.00693400047021,1.2218570009281393,78.63599699703627,0.26531600087764673
226,88.42366799945012,0.9592639980837703,84.20574400224723,0.27792699984274805
227,82.74653400076204,1.6845989994180854,79.75113200154738,0.27946499903919175
228,86.63493900166941,1.2763390004693065,84.17233600266627,0.2726130005612504
229,79.87513199987006,1.091431000531884,77.59699400048703,0.29274199914652854
230,83.27768399976776,2.8819199978897814,79.2086300025403,0.334131000272464
231,85.55010099735227,1.347172998066526,82.66212599846767,0.31020499955047853
232,85.52950900048018,0.9175970008072909,82.63219900254626,0.2738719995249994
233,86.83299500262365,1.0650969998096116,84.59209699867642,0.3107049997197464
234,83.115960998839,1.007393999316264,80.95635899735498,0.3125570001429878
235,93.43817099943408,1.0930419994110707,90.99458700075047,0.34927899832837284
236,87.12910800022655,1.8590449981275015,83.50549899842008,0.31096499878913164
237,84.509355998307,1.8449150011292659,81.30550900023081,0.2920010010711849
238,88.71122500204365,1.3374129994190298,86.08745499805082,0.27553800100577064
239,79.30116799980169,1.083652998204343,77.03365799898165,0.3008349995070603
240,88.82218800135888,0.9715409978525713,86.7675510016852,0.29672300297534093
241,81.50899199972628,1.0355970007367432,79.2987599998014,0.27875999876414426
242,79.39888999680988,1.135542002884904,77.11171399932937,0.2848530020855833
243,88.05618500264245,1.0823379998328164,85.84730499933357,0.28298200049903244
244,80.3655979980249,1.0323749993403908,78.22868199946242,0.28270499751670286
245,80.3927270026179,1.3094690002617426,77.89429100012057,0.27596400104812346
246,89.00272699975176,5.185652000363916,82.65788499920745,0.27616800070973113
247,83.98672399926,0.9682259988039732,81.85345600213623,0.2750749990809709
248,88.15503799996804,2.751455998804886,84.23396600119304,0.324409000313608
249,88.5837059977348,1.1723200004780665,83.46314699883806,0.2746680002019275
250,84.3071150011383,1.0689859991543926,82.10964200043236,0.295316000119783
251,87.77177700176253,1.9376190030016005,84.16072500040173,0.2769269995042123
252,80.07704099873081,0.9944110024662223,77.98186600120971,0.263019999692915
253,85.92656499968143,1.1652640023385175,83.00679400053923,0.2744819976214785
254,80.59774700086564,1.262134999706177,78.15603299968643,0.2747790022112895
255,86.08563999951002,3.2716799978516065,81.72332500180346,0.274038000497967
256,84.02105799905257,1.298097999097081,81.5993440010061,0.2712599998631049
257,81.68449200093164,0.9760220018506516,77.80166099837516,0.36709500272991136
258,85.04904299843474,1.1317089993099216,82.61679299903335,0.3705570015881676
259,82.42573600000469,0.9925410013238434,80.30385700112674,0.27200100157642737
260,83.83014900027774,1.084189996618079,81.61995499904151,0.2755940004135482
261,87.76246300112689,1.2289309997868259,85.43885900144232,0.2737040013016667
262,88.55279799900018,1.7743030002748128,85.63519400195219,0.3091119979217183
263,86.5732910024235,1.1341899989929516,84.23852199848625,0.29318599990801886
264,86.88236599846277,1.0570049998932518,84.63874500012025,0.3389449993846938
265,87.29897900047945,2.9354380021686666,83.22049900016282,0.28983499942114577
266,85.00120900134789,2.15567600025679,81.675028999598,0.28798300263588317
267,82.7130709985795,1.3194679995649494,80.0402809982188,0.2890759969886858
268,86.01960300075007,1.8022300027951133,82.91310899949167,0.31492800189880654
269,84.22676199916168,0.97902199922828,79.90935499765328,0.29511300090234727
270,86.90175499941688,1.0752460002549924,84.66176400179393,0.30542799868271686
271,88.63972499966621,1.124300997616956,86.33264099989901,0.2838159998646006
272,83.29659100127174,1.0500779972062446,81.01389600051334,0.3162239991070237
273,85.73563900063164,1.0017999993578997,83.52320300036808,0.3548909990058746
274,82.6726819977921,1.0750969995569903,80.43820899911225,0.2909639988502022
275,88.00414800134604,1.0724489984568208,85.69228700071108,0.363224000466289
276,82.78751499892678,1.6034319996833801,79.39694500237238,0.2946499989775475
277,82.75583000067854,0.9741339999891352,80.6051910003589,0.30353900001500733
278,89.24587599904044,1.0518560011405498,86.99518099820125,0.2958710028906353
279,82.58618100080639,1.060653001331957,80.37122699897736,0.2830749981512781
280,85.63295299973106,1.0920610002358444,83.32910999888554,0.2928159992734436
281,82.33029199982411,0.968116000876762,80.19742999749724,0.29727899891440757
282,85.29824799916241,1.231135000125505,82.77514500150573,0.3427599986025598
283,83.5389630010468,1.765451997925993,80.05192999917199,0.27742699967348017
284,80.34468999903766,1.0860419970413204,77.52106700354489,0.2767969999695197
285,88.40500200312817,0.9833009971771389,86.24538200092502,0.3134829967166297
286,83.67044499755139,2.1329170012904797,80.3488940000534,0.27859400142915547
287,81.38221300032455,0.9830220005824231,79.05938799740397,0.3702789981616661
288,83.24585000082152,0.9730230012792163,80.29024500137893,0.30307500128401443
289,83.17253600034746,0.9819480001169723,77.87892099804594,0.2730750020418782
290,88.90457799861906,1.0691890020098072,86.58832799847005,0.33198199889739044
291,81.92636300009326,1.0862269991775975,79.649891002191,0.2648349982337095
292,81.46402900092653,1.4972280005167704,78.86455399784609,0.2838529981090687
293,89.1745049993915,2.6394000014988706,85.0767280026048,0.2912599993578624
294,81.65228800135083,1.22526400082279,79.17201899908832,0.2833340004144702
295,86.6175499977544,1.1041899997508153,84.21335500315763,0.4433169997355435
296,82.01229000042076,2.0904910015815403,78.32234899979085,0.2846309980668593
297,82.10864200009382,1.82943400068325,78.57303499986301,0.27327900170348585
298,89.4917469995562,2.263379999931203,86.0535659994639,0.2742969991231803
299,79.10987000286696,0.9785039983398747,76.97204699798021,0.3188539994880557
300,86.49680899907253,1.0963749991788063,82.36153299731086,0.31555600071442313
301,83.62385199870914,0.9898560019792058,79.38016800108016,0.2786309996736236
302,80.78439599921694,1.0245970006508287,78.58322000174667,0.2835200029949192
303,84.42720700259088,0.9597260032023769,82.33490200291271,0.29870500293327495
304,82.39842100010719,1.0068929987028241,80.10272599858581,0.40961300328490324
305,84.17255799940904,1.3495799976226408,81.25395299794036,0.369057001080364
306,86.78342100029113,1.165894002042478,83.95902000120259,0.2809270008583553
307,87.53166499809595,2.041731000645086,84.2827069973282,0.3476130004855804
308,88.22209400022984,1.6067469987319782,85.43847100008861,0.3027239981747698
309,82.27906899992377,1.138097002694849,79.79476200125646,0.37683499976992607
310,81.30115699896123,0.9941520002030302,79.17977800025255,0.2781309995043557
311,82.63051500034635,2.232842998637352,79.17788900158484,0.32800099870655686
312,79.72957600213704,1.0883200011448935,77.45108599920059,0.30403799974010326
313,84.38563299932866,1.009263000014471,81.45349200276542,0.27940799918724224
314,80.78971099894261,1.579414001753321,78.11910599775729,0.28800099971704185
315,81.00913700036472,1.170468000054825,78.73779399960767,0.27025999952456914
316,84.82893200198305,1.1245790010434575,82.42147700002533,0.2771680010482669
317,83.8064449999365,0.9831890019995626,78.7045910001325,0.27659399711410515
318,89.8889899981441,1.040336999722058,87.71044300010544,0.29213000016170554
319,87.71788800004288,1.1095230001956224,85.43952699983492,0.32952000037766993
320,96.45527600150672,1.031985997542506,91.47734799989848,0.2775760003714822
321,92.07716599848936,1.0742259983089752,89.85219299938763,0.2872420009225607
322,80.37393099948531,1.0249850020045415,78.25294099893654,0.2807970013236627
323,84.4283180013008,1.072171002306277,82.10942000005161,0.3482240026642103
324,83.32570299899089,1.1046340005123056,81.01661899854662,0.29729699963354506
325,81.13065599900438,1.119689997722162,78.83529500031727,0.2834639999491628
326,91.11023600053159,1.0222080018138513,87.68042500014417,0.3002419980475679
327,86.81199500279035,2.111064000928309,83.50001800135942,0.31542700162390247
328,86.98877399729099,1.1065050020988565,84.69185599824414,0.3194460005033761
329,82.72255200063228,2.459954997902969,79.01286999913282,0.30377900111489
330,82.44940300210146,1.2293760009924881,80.10855999964406,0.2916310004366096
331,84.38242899865145,1.0510229985811748,82.20943899868871,0.2776299988909159
332,82.4113659982686,0.9602629979781341,78.87618400127394,0.2769269995042123
333,87.20060800260399,1.4753949981241021,84.2351140017854,0.4985209998267237
334,83.5219809996488,1.4942279995011631,80.42463500169106,0.2774280001176521
335,83.63961199938785,3.414254999370314,79.02166600251803,0.276131002465263
336,87.15373700033524,0.9896339979604818,85.0627469990286,0.28970499988645315
337,84.41955899979803,1.9185080018360168,81.24771200164105,0.2953340008389205
338,88.08616700116545,0.9939860028680414,85.92884300014703,0.31446399952983484
339,85.63274999687565,2.2937689973332454,82.09136399818817,0.31900099929771386
340,83.54916600001161,1.2718759971903637,81.11206399917137,0.29470500157913193
341,92.06555500350078,5.053410000982694,85.75432499856106,0.2918899990618229
342,86.75603199662874,2.9400490020634606,82.68331100043724,0.3003719975822605
343,91.18877299988526,1.2404500012053177,87.24923799672979,0.3730389980773907
344,88.1054450001102,0.9915409973473288,83.63053699940792,0.3081130016653333
345,88.33187200070824,1.111337998736417,86.09430700016674,0.2888160015572794
346,83.72603799944045,1.3734690001001582,81.25021299929358,0.2753160006250255
347,84.854061002261,1.590432999364566,82.1318460002658,0.266834998910781
348,88.15855599823408,0.9727079996082466,86.05401000022539,0.28163100068923086
349,85.06304399998044,1.1537819991644938,82.76955299879774,0.2827969983627554
350,94.45582300031674,1.7587670008651912,91.60871899803169,0.27222300195717253
351,83.09898000152316,1.0897270003624726,79.1374070031452,0.3031680025742389
352,79.50753799741506,1.2728010005957913,77.02350999898044,0.2872039985959418
353,84.92058000047109,0.9491710006841458,81.16845300173736,0.2740010022534989
354,82.26553200074704,1.0429489993839525,77.29838100203779,0.2713530011533294
355,86.35921500172117,1.1073189998569433,84.05018799749087,0.2819639994413592
356,82.86231199963368,1.1073570021835621,80.57920899955207,0.2922979983850382
357,81.87558599820477,1.0788010004034732,79.65531699665007,0.28231600299477577
358,91.07829099957598,1.756526002282044,88.22257599967998,0.2759830022114329
359,83.41692500107456,1.0125599983439315,81.28750899777515,0.2815570005623158
360,85.29563699994469,0.948671000514878,81.65613999881316,0.2757239999482408
361,81.52169499953743,0.9396890018251725,77.73103100043954,0.27038999905926175
362,86.06136299931677,1.015058998746099,83.81257500150241,0.37746499947388656
363,90.42401000260725,2.843827001925092,86.35536399742705,0.2893529999710154
364,90.59317799983546,1.2340419998508878,85.63561999835656,0.37816800249856897
365,85.89206499891588,2.354973003093619,82.3618649992568,0.30716800029040314
366,80.33274600165896,1.0684859989851248,78.10216300276807,0.2805380026984494
367,84.26776199848973,2.0869529980700463,81.01867400182527,0.311371997668175
368,82.97833100004937,0.9269849979318678,80.97463699959917,0.2763900010904763
369,79.52040899908752,1.0361150016251486,77.32667700111051,0.28368700077407993
370,83.82196399907116,1.2016159998893272,81.36660200034385,0.28188999931444414
371,80.8957300032489,1.4563400000042748,77.87319799899706,0.30179699751897715
372,89.68824799740105,0.9846710017882288,84.48385600058828,0.2847420000762213
373,81.62662100221496,1.023097000143025,79.48983399910503,0.27009399855160154
374,83.5807229996135,1.0883560025831684,81.3066950031498,0.2760380011750385
375,88.85170699795708,2.2117129992693663,85.51869399889256,0.2790569997159764
376,90.71060400310671,1.7648220018600114,87.76220299841953,0.2851680001185741
377,94.26293399883434,2.4998799999593757,90.54154800105607,0.279037998552667
378,84.48067100107437,1.3247279966890346,81.93808599753538,0.29568600075435825
379,86.58491999813123,1.3193939994380344,84.0621139977884,0.292685999738751
380,88.51970600153436,2.3854729988670442,84.75274599913973,0.28946399834239855
381,83.27840699712397,0.9489110016147606,78.79877599771135,0.2999819989781827
382,82.4083840016101,1.0511159998713993,80.11102200180176,0.3692800019052811
383,86.87164300135919,0.9598559990990907,82.31088400134468,0.27939000210608356
384,84.15300299748196,0.9810409974306822,82.02404999974533,0.2856299979612231
385,90.28324999962933,0.9636710019549355,85.92795499862405,0.2751669999270234
386,82.20153200090863,1.9591560012486298,79.05962900258601,0.33020500268321484
387,85.72724999976344,0.9498379986325745,82.7509779992397,0.3352979983901605
388,83.56611099952715,1.3183580012992024,81.08945200001472,0.28957500035176054
389,80.79919200099539,1.2263019998499658,78.37564399960684,0.27872300051967613
390,88.66329900047276,1.0136339988093823,84.20376199865132,0.36731599902850576
391,87.30523800113588,2.07441599923186,84.10016900234041,0.2799079993565101
392,83.23379499779548,1.0595970015856437,80.93521100090584,0.2795189975586254
393,87.45048000128008,1.083615999959875,85.23987800072064,0.276779002888361
394,80.41765300004045,0.9885039980872534,77.50838199717691,0.27526100166141987
395,89.40626500043436,1.087763001123676,87.1487000003981,0.3045940029551275
396,82.44686599937268,1.6806920029921457,79.68820599853643,0.26990799960913137
397,96.33923900037189,1.0183560007135384,94.14497100078734,0.30016800155863166
398,84.49285599999712,2.07456399948569,81.2487119983416,0.29822299984516576
399,80.1753749983618,1.1997830006293952,77.80586399894673,0.2936490018328186
400,86.87649499916006,1.006856000458356,84.71706099953735,0.2923160027421545
401,80.1480040026945,1.0472829999343958,77.96666200010804,0.2827419993991498
402,86.75019899965264,0.9793190001801122,84.66965299885487,0.2732050015765708
403,82.75301499816123,1.1577650002436712,80.42528299847618,0.30555700141121633
404,80.10035600091214,1.06043000050704,77.84480899863411,0.2975009992951527
405,92.81542800090392,1.079338002455188,90.55749200342689,0.281853001069976
406,85.29219199772342,1.2051160010742024,81.76739999908023,0.277129998721648
407,87.83501800280646,1.23682000048575,85.44013700156938,0.32489100340171717
408,79.9049669985834,1.0943750021397136,77.66462299696286,0.308741997287143
409,80.23063400105457,1.1211709970666561,77.92243900257745,0.29298300069058314
410,82.23099399765488,1.0619669992593117,80.08183700076188,0.2821119996951893
411,80.7242290029535,1.0303560011379886,78.5505900021235,0.28303799990681
412,88.15209399836021,1.077207998605445,85.94500999970478,0.29989000177010894
413,82.82938499905868,1.7795079984352924,79.83529999910388,0.3127050003968179
414,86.67145800063736,3.9912949978315737,81.32987899807631,0.30953900204622187
415,82.87312700122129,1.1185969997313805,80.59267299904604,0.28031599867972545
416,78.85403600084828,1.0583559997030534,76.68135999847436,0.27796399808721617
417,81.63375099684345,1.0721530015871394,79.34540800124523,0.34468599915271625
418,84.54924500256311,2.268528001877712,79.78392800214351,0.28040899996994995
419,83.06814599927748,1.1072829984186683,80.66498799962574,0.43709400051739067
420,88.87720699931378,0.9884489991236478,85.08961799816461,0.29950099997222424
421,80.16874500026461,1.0960979998344555,77.91284700215328,0.27989000227535143
422,84.9824319993786,1.4193210008670576,82.35073499963619,0.27798199880635366
423,82.51690299948677,1.995675000216579,78.80346099773305,0.30600099853472784
424,87.23199700034456,1.2953389996255282,84.80341199901886,0.3014089998032432
425,88.27133500017226,1.0578749970591161,85.96312100053183,0.3729090021806769
426,81.17239800048992,1.073356997949304,78.9512770024885,0.27546500132302754
427,86.8119389997446,1.2122459993406665,84.44717000020319,0.2742239994404372
428,83.85727900167694,1.8640630005393177,80.88776599834091,0.2864460002456326
429,80.3667090003728,1.0510040010558441,78.14749600220239,0.28814899997087196
430,87.6898690003145,1.400283999828389,85.14176599783241,0.3078160007135011
431,83.43712899659295,1.007504000881454,81.25856400147313,0.30163100018398836
432,85.54760200058809,1.0579299996607006,83.31744399765739,0.29992700001457706
433,82.87105199997313,1.0455410010763444,79.75096600057441,0.40542699935031123
434,84.16991000194685,0.993967001704732,80.35667199874297,0.27279699861537665
435,95.1499189977767,1.622580999537604,92.33735199813964,0.29800199990859255
436,87.77944400208071,1.0769489999802317,85.53508199838689,0.3251490015827585
437,90.65125199776958,1.09867200080771,86.87388399994234,0.2948340006696526
438,82.07201300319866,1.0873379978875164,79.81216899861465,0.2795939981297124
439,79.66790899808984,0.9778189996723086,77.58347400158527,0.27390900140744634
440,86.23928900124156,2.120860997820273,82.6620140032901,0.27170500106876716
441,79.91176299765357,1.0679119986889418,77.69660499980091,0.2871310025511775
442,82.34525400257553,1.1788749980041757,79.8128540009202,0.3412969999772031
443,82.58236599795055,1.0042450012406334,80.4238759992586,0.3117790001851972
444,85.28989600017667,1.9564150024962146,82.13701299973764,0.33190899921464734
445,91.17619899916463,1.3081350007269066,87.67855499900179,0.28079799812985584
446,82.0490680016519,0.9566709995851852,78.40801500060479,0.2906299996539019
447,83.81002000169246,1.0371530006523244,81.62682599868276,0.2776490000542253
448,82.57499499814003,1.8292860004294198,79.6211319975555,0.27238999973633327
449,84.89995100171654,1.0717269979068078,82.61414499793318,0.31674199999542907
450,84.59902299728128,1.177987000119174,82.24123600302846,0.28240899700904265
451,83.78229700247175,1.0014300023613032,81.64914000008139,0.3004829995916225
452,86.76140199895599,2.379157998802839,83.29022099860595,0.27566800054046325
453,79.27248199848691,1.0763560021587182,77.02343599885353,0.2715929986152332
454,80.43146899944986,1.076856002327986,78.23136600200087,0.27333399702911265
455,82.44971700332826,1.008264000120107,80.34556100028567,0.28350099819363095
456,81.10821199807106,1.0703189982450567,78.8704990009137,0.282389999483712
457,84.90582100057509,1.111597000999609,82.57912599947304,0.33777899807319045
458,80.00509599878569,1.1008749970642384,77.71892000164371,0.2852790021279361
459,81.69393600110197,1.0425410000607371,79.45768699937616,0.27898299958906136
460,83.59224100058782,1.221672002429841,81.21226799994474,0.3138350002700463
461,80.84428499932983,1.3156909990357235,78.40986700102803,0.26725999850896187
462,83.06598000126542,1.056115001119906,80.78284099974553,0.2971299982164055
463,82.18323499750113,1.0236519992758986,80.06328199917334,0.28787100018234923
464,84.28196600289084,1.9093410010100342,81.21502799986047,0.27713099916581996
465,88.23668599870871,1.096190000680508,85.92551000037929,0.34779799898387864
466,82.65475599910133,1.4846179983578622,80.01330000115559,0.2663530030986294
467,88.39652000096976,1.136301001679385,85.89997200033395,0.3792789975705091
468,79.87716999923578,1.1213189973204862,77.52234500003397,0.307482998323394
469,80.2660970002762,1.0871159975067712,77.95273499868927,0.3778909995162394
470,84.29202199840802,2.883845998439938,80.27320799737936,0.2812789971358143
471,85.80567600074573,1.1579500023799483,83.41057299912791,0.28361200020299293
472,89.57906200157595,1.2379869986034464,87.03514499939047,0.33366799834766425
473,83.513536999817,1.4369689997693058,80.8984329996747,0.2914079996116925
474,85.86423199812998,0.952596001297934,81.1184720005258,0.2899270002671983
475,87.41344200097956,1.0399489983683452,85.24828500230797,0.29655699836439453
476,80.55774700187612,1.5954139998939354,77.7766610008257,0.3092419974564109
477,86.1483259977831,1.0678939979698043,82.38929100116366,0.27685299937729724
478,80.9232300016447,0.9852820003288798,78.76553499954753,0.270037999143824
479,80.40631999756442,1.0626889998093247,78.2101810000313,0.27479700293042697
480,89.13133800160722,2.119638000294799,85.89928799847257,0.2909089998865966
481,82.6478480012156,1.7571919997863006,79.71774299949175,0.28614899929380044
482,86.72516200022073,0.9615779999876395,82.0484010000655,0.379502002033405
483,83.88940799704869,0.9270780028600711,80.30650500222691,0.2710939988901373
484,80.31109800140257,1.1344119993736967,77.93668000158505,0.321667997923214
485,86.22365900009754,1.9453780005278531,83.11273899744265,0.27727899941965006
486,80.76432199959527,1.6838029987411574,77.98349499717006,0.3008719977515284
487,86.09234400137211,2.0020639967697207,82.78138600144302,0.36529800127027556
488,82.63049599918304,1.220190999447368,79.76942800087272,0.28046399893355556
489,81.2098979986331,1.0886710006161593,78.84434999868972,0.33629799872869626
490,87.24240400260896,1.0270780003338587,84.59407899863436,0.29737200020463206
491,82.9619609976362,1.046931000018958,80.73489600064931,0.29166799868107773
492,90.49210300145205,1.2581160008267034,88.0182410000998,0.303131000691792
493,92.07048000098439,2.0262309990357608,88.69796600265545,0.2798159985104576
494,80.61322899811785,1.0452819988131523,78.10592100213398,0.4688539993367158
495,91.7503669988946,1.9777300003624987,87.99446299963165,0.2851669996744022
496,84.81996900081867,0.9373739994771313,82.77631099917926,0.27983399922959507
497,87.52277600069647,4.305202997784363,82.1141969972814,0.2741679963946808
498,80.40228300160379,1.0178560005442705,78.2694410008844,0.27303800015943125
499,79.73352099725162,1.0339479995309375,77.54091899914783,0.2767789992503822
500,87.13938499931828,1.0584309966361616,84.94522800174309,0.2792790000967216
501,79.32253800026956,0.968949003436137,77.27075100046932,0.27500100259203464
502,87.8267220032285,1.218968001921894,85.35600799950771,0.2717969982768409
503,80.9502669981157,1.064893000148004,78.76657200176851,0.2793339990603272
504,79.70055799887632,1.0692999967432115,77.48204800009262,0.26585299929138273
505,87.54114600014873,2.418342999590095,84.02644599846099,0.282612003502436
506,87.97705600227346,0.9727819997351617,85.89404699887382,0.29166800231905654
507,91.56925599745591,2.3254719999385998,87.93361100106267,0.306111996906111
508,82.5721440014604,1.0331160010537133,80.36133799760137,0.30403799974010326
509,99.92856900134939,2.8779749991372228,95.8446999975422,0.26785299996845424
510,97.05401999963215,1.0618189990054816,94.8289370026032,0.3036130001419224
511,84.84807899731095,1.0784120022435673,82.58201399803511,0.3039269977307413
512,84.70867200230714,1.063744999555638,82.50503299859702,0.2804460018523969
513,81.66471399817965,0.9328369997092523,79.574446001061,0.3516309989208821
514,84.30278100058786,1.0694490010791924,82.0729190018028,0.2789089994621463
515,81.88725199943292,1.435098998626927,79.2563329996483,0.28179699802421965
516,81.27830500234268,1.0596149986668024,79.04377700106124,0.32985299912979826
517,86.29151199784246,1.0247270001855213,84.1467249993002,0.2937969984486699
518,86.728772999777,1.0465039995324332,84.5518930000253,0.28016800206387416
519,86.09473300020909,1.8228230001113843,83.05327500056592,0.31087200113688596
520,84.47170699946582,1.318115999310976,82.00336400113883,0.2843160000338685
521,91.006513001048,1.300727999478113,87.01255200139713,0.2804460018523969
522,89.12841200071853,0.9614480004529469,84.72276399697876,0.2842600006260909
523,86.08341899889638,1.06950500048697,83.83659399987664,0.3067420002480503
524,84.47970700217411,1.9798230023297947,81.38088000123389,0.2721490018302575
525,80.08283699746244,0.9515780002402607,78.0404399993131,0.2840570014086552
526,81.66691800215631,1.334431999566732,79.1848150001897,0.29422300212900154
527,85.1095809994149,1.1838009995699394,82.81460799844353,0.2778900015982799
528,81.32054599991534,1.015355999697931,79.19088899870985,0.29357500170590356
529,85.10232199841994,1.0033190010290127,82.87012700020568,0.3720940003404394
530,82.87825600200449,1.0438560020702425,80.67872899846407,0.2778899979603011
531,84.58559700011392,1.1054490023525432,82.31203199829906,0.2793530002236366
532,85.14245100013795,1.9913600008294452,82.01384499989217,0.27413000134401955
533,82.2224389994517,1.0122080020664725,80.10354100042605,0.2836679996107705
534,84.12165099798585,1.0148000001208857,81.97169699997175,0.27790899912361056
535,89.31267200023285,2.192509000451537,85.77037999930326,0.48554000022704713
536,86.41997500308207,2.160972002457129,81.49854699877324,0.2757419970293995
537,90.06211999803782,0.9885969993774779,87.9685369982326,0.27242799842497334
538,84.39891099988017,2.0416380029928405,81.21873100026278,0.27833399872179143
539,81.65458499934175,1.0931530014204327,79.38716699936776,0.2760559982561972
540,81.31117599987192,1.2536169997474644,78.9709810014756,0.28646500140894204
541,79.7819100007473,1.000837997708004,77.67966100072954,0.2820010013238061
542,85.61963800093508,1.6041550006775651,82.8390530004981,0.2755189998424612
543,80.85032199960551,1.1120790004497394,78.51116399979219,0.279871001112042
544,82.20234599866671,1.1259120001341216,79.84313199995086,0.39400199966621585
545,83.43411100213416,2.2983429989835713,79.49216800261638,0.3439270003582351
546,79.87128099921392,1.0880230001930613,77.64180899903295,0.2660749996721279
547,84.84128299824079,1.1689310013025533,82.56293999875197,0.27539000075194053
548,80.37350500308094,1.1345050006639212,77.89636500092456,0.326315999700455
549,80.99498899900937,2.4865290033631027,76.9533059974492,0.30807599978288636
550,85.38352599862264,2.113490001647733,82.13686399903963,0.2744269986578729
551,80.85900800142554,1.8244889979541767,77.85741999759921,0.31287200181395747
552,83.58959199904348,1.2427830006345175,81.16675000201212,0.3281500030425377
553,84.7525429999223,0.9973189989977982,81.00460000059684,0.2732229986577295
554,81.1686750021181,1.1671339998429175,78.7291090018698,0.27359300293028355
555,85.5344529991271,2.0759540020662826,82.33388300141087,0.2564089991210494
556,80.01689199954853,0.9705410011520144,78.00549500097986,0.2767240002867766
557,85.1898959990649,2.1372310002334416,81.92828999744961,0.27637099992716685
558,82.66440399893327,2.2071580024203286,79.35592699868721,0.2737790018727537
559,83.11101600338588,2.7214929978072178,79.27172299969243,0.28677899899776094
560,85.77847299966379,1.0221900010947138,83.626629999344,0.2679089993762318
561,80.5597279977519,1.178135000373004,78.27636599904508,0.27964900073129684
562,85.18820999961463,1.1674859997583553,82.87236700198264,0.27948299975832924
563,81.47176900092745,0.982762998319231,79.3204080000578,0.2773529995465651
564,79.95020800080965,1.0557999994489364,77.75199500247254,0.28248200032976456
565,87.70770199771505,1.0694490010791924,85.54745199944591,0.27044499802286737
566,89.40704300039215,2.517826000257628,85.73602799879154,0.32120499963639304
567,91.63581200118642,1.2237830014782958,89.01328200226999,0.28811200172640383
568,81.19145299860975,1.015818997984752,79.06188899869449,0.27885300005436875
569,80.02152300105081,1.0536890004004817,77.85953199709184,0.2843160000338685
570,84.98174600026687,1.0936530015897006,82.62484800070524,0.31003899857751094
571,82.83627499986324,1.904396998725133,79.80785499967169,0.2803720017254818
572,82.10575300108758,0.9879860008368269,79.8606700009259,0.4144650010857731
573,83.26457300063339,0.9194300000672229,79.11255499857361,0.28916799783473834
574,79.56981700044707,1.1588570014282595,77.21256600052584,0.34361199868726544
575,85.41011899797013,1.3031909984420054,82.89044100092724,0.2696490009839181
576,79.93289200021536,0.9740410023368895,77.87423500121804,0.28048199965269305
577,87.07673699973384,1.3695979978365358,84.33761400010553,0.4683350016421173
578,89.1921900001762,1.434672998584574,86.05034400170553,0.2970380010083318
579,84.59107900125673,1.856322996900417,81.5776769995864,0.2729820007516537
580,86.0405469975376,1.2903760034532752,83.63348200145992,0.3035199988516979
581,81.23319399965112,2.150250002159737,77.7475869981572,0.31131599826039746
582,85.34089700333425,1.152633998572128,82.98162700157263,0.3042050011572428
583,82.00141899942537,1.1147459990752395,79.07761099704658,0.2749640007095877
584,82.17921699906583,2.6802329994097818,78.38886699755676,0.2692419984668959
585,85.03093200124567,2.0393980012158863,81.83803000065382,0.29972400079714134
586,80.07092999832821,1.0618190026434604,77.85358799810638,0.30201999834389426
587,87.14858900202671,3.061789997445885,82.96201600023778,0.28570500217028894
588,83.10459099811851,2.2213609991013072,79.62407599916332,0.27435300216893665
589,80.98530400093296,1.2151899973105174,78.6110170010943,0.2803530005621724
590,88.57876199908787,1.5822470013517886,85.65128699774505,0.2938899997388944
591,82.55179199841223,1.2521909993665759,80.13781900081085,0.29476000054273754
592,86.10817700173357,1.0917629988398403,83.79614899968146,0.31846400088397786
593,84.63070899961167,1.8719149993557949,81.41443600106868,0.3555020011845045
594,82.12167899910128,1.0993750001944136,79.84378100081813,0.30764999974053353
595,89.32896900296328,2.665011001226958,85.46587799719418,0.29116800214978866
596,89.17002299858723,1.0487450017535593,86.9414400003734,0.29777899908367544
597,90.9030309994705,1.437653998436872,88.2470389988157,0.28946399834239855
598,83.9552610013925,1.0858189998543821,81.72801099863136,0.28770499920938164
599,86.13458499894477,0.9930599990184419,83.89403800174478,0.4218909998598974
600,124.44772800154169,1.1475790015538223,121.34789999981876,0.40492699918104336
601,116.99888199655106,2.1524160001717974,113.27231000177562,0.39309400017373264
602,83.1650720028847,1.0585790005279705,80.95315599712194,0.2706119994400069
603,83.09925699722953,2.1744910009147134,79.75118800095515,0.2906680019805208
604,82.44536600250285,1.1904310013051145,80.09618899814086,0.2789639984257519
605,80.63815499917837,1.0298189990862738,78.48234900302486,0.2750569983618334
606,83.93857500050217,0.990115000604419,81.85699299792759,0.27040799977839924
607,84.28302199899917,1.9676379997690674,81.16910100216046,0.27577900254982524
608,81.04354500028421,1.052577998052584,78.79412799957208,0.2809819998219609
609,85.10100700004841,1.0992999996233266,82.78573799907463,0.2880200008803513
610,83.9996130016516,1.6817670002637897,81.20399000108591,0.28687200028798543
611,90.29463899787515,1.9513779989210889,87.09188500142773,0.3862789999402594
612,86.14810400104034,2.2234539974306244,82.31495799918775,0.2932600000349339
613,79.94433600106277,1.0582270006125327,77.72167900111526,0.29659400024684146
614,85.90243599974201,0.9811519994400442,83.81116800228483,0.2826870004355442
615,79.3926679980359,1.0398929989605676,77.23108499703812,0.2826310010277666
616,80.50985700174351,1.2515420021372847,78.03508799770498,0.2825939991453197
617,82.31193999745301,1.0979309990943875,80.03367099809111,0.2773529995465651
618,80.11130000159028,0.997021998045966,78.03521799723967,0.28702000054181553
619,83.71835299840313,1.0661530031939037,81.52487999905134,0.28290900081628934
620,79.905744001735,1.1456160027591977,77.56608599811443,0.31063100323081017
621,79.39529700161074,1.099356999475276,77.12356599949999,0.2790750004351139
622,85.50915599698783,0.9519859995634761,83.46155599792837,0.2717970019148197
623,80.81339600175852,1.0557820023677777,78.5774420000962,0.3338899987284094
624,84.97624699884909,1.0145050000573974,81.09774900003686,0.3362419993209187
625,87.33866400143597,2.438695002638269,82.77449600063846,0.28433399711502716
626,84.44417099963175,0.9771340010047425,82.34977300162427,0.2914830001827795
627,87.42155299842125,1.2544319979497232,84.95120999941719,0.3292979999969248
628,81.90423400083091,1.148504001321271,79.52276099968003,0.3235750009480398
629,86.0166400016169,1.1099680014012847,83.67333400019561,0.2953349976451136
630,84.34466999824508,1.1192459969606716,82.10543899986078,0.2800570000545122
631,80.55054299984477,1.642100000026403,77.69734600151423,0.28016799842589535
632,82.24827199956053,0.9432629994989838,79.55779799885931,0.27420499827712774
633,82.42358800271177,1.1313750001136214,79.97509599954356,0.2705750011955388
634,83.37453599961009,1.002393000817392,81.2314159993548,0.26968700331053697
635,81.27032399715972,2.0776749988726806,78.02930999969249,0.30989100196165964
636,83.03797900225618,1.0755049988802057,80.80956299818354,0.27405700166127644
637,86.41340100075467,2.301824999449309,82.84257100240211,0.34224200135213323
638,85.86308399753761,2.510324997274438,82.20564299699618,0.3036680027435068
639,84.56194900281844,2.2550649991899263,81.08876700134715,0.3255560004618019
640,86.62793899929966,1.1039490018447395,84.31959600056871,0.28548299815156497
641,81.16108199828886,1.0903380025411025,78.9135550003266,0.2963900005852338
642,82.86625700202421,1.1430790000304114,80.54720899963286,0.29394599914667197
643,81.34021299701999,1.7005810004775412,78.46177499959595,0.30614899878855795
644,80.27459700315376,1.6208399974857457,77.5231600018742,0.29714900301769376
645,83.2515729998704,1.0694490010791924,81.03685999958543,0.2769639977486804
646,80.98352599699865,1.016430000163382,78.80749900141382,0.3097600019827951
647,84.50420799999847,1.7895639975904487,81.58521400036989,0.27657600003294647
648,81.9765300002473,0.969374999840511,78.95059200018295,0.27444599982118234
649,82.48099599950365,1.1054489987145644,80.23609700103407,0.28242699772818014
650,83.8971120028873,0.9524300003249664,81.84671499839169,0.27833399872179143
651,83.69240899992292,1.0336339983041398,81.50834300249699,0.281055999948876
652,87.25164499992388,1.6321180009981617,84.4869300017308,0.2749820014287252
653,81.80108499800554,1.8137670012947638,78.82385099946987,0.2758899972832296
654,93.3762820022821,0.9818190010264516,91.14982800019789,0.4287060000933707
655,86.29128999746172,1.1306710002827458,83.82505700137699,0.2904460015997756
656,87.0596620006836,1.0893930011661723,84.83574599813437,0.2790750004351139
657,89.38982100153225,1.0904869996011257,87.01257000211626,0.3028720020665787
658,86.91303299929132,1.013485001749359,84.7826540011738,0.29596400054288097
659,89.26561699990998,1.0478199983481318,87.08603400009451,0.2831679994415026
660,83.49453700066078,1.0370780000812374,80.46167300199158,0.27883500297321007
661,81.42278699961025,1.0348750001867302,79.22896300078719,0.28537099933600985
662,84.66965299885487,0.9590779991413001,82.56042200082447,0.31089000185602345
663,80.23863400012488,1.0237269998469856,78.08332900094683,0.2837790016201325
664,89.09489399957238,1.050931001373101,85.97252899926389,0.4502609990595374
665,81.89262200176017,1.7837109990068711,78.94501800183207,0.28094599838368595
666,84.28355900105089,2.8614750008273404,80.25650499985204,0.2847420000762213
667,91.1146429971268,1.835303999541793,88.12546399713028,0.2848719996109139
668,88.92313400065177,1.1805239992099814,86.59399400130496,0.2753349981503561
669,85.5082490015775,1.1094860019511543,83.2178880009451,0.27253799999016337
670,81.04593399912119,0.9609299995645415,78.98785099678207,0.27518600109033287
671,79.5086869984516,1.0669299990695436,77.30241799799842,0.27826100267702714
672,89.49826500247582,0.9705409975140356,87.33722000033595,0.35435300014796667
673,86.18508599829511,1.798895998945227,83.17881399852922,0.27579800007515587
674,80.90745099980268,1.1004490006598644,78.65260899779969,0.2834269980667159
675,87.55366500190576,1.9373229988559615,84.45568899696809,0.30216799859772436
676,79.71839200035902,1.1332270005368628,77.39740000033635,0.28072300119674765
677,89.90161899782834,1.8196559976786375,86.92316199812922,0.2956300013465807
678,81.9994379999116,1.93280399980722,78.92927699867869,0.2760190000117291
679,91.44745899902773,1.992174999031704,88.23685400057002,0.2925389999290928
680,87.30112700141035,1.0049299999081995,82.58331100296346,0.31087199749890715
681,86.09908500147867,3.967756998463301,81.00856300006853,0.2695379989745561
682,90.36739899966051,2.512917999411002,86.73588400051813,0.2692419984668959
683,82.39225500074099,2.271325000037905,78.99992500097142,0.27676000172505155
684,80.99798900002497,1.1275420001766179,78.67205300135538,0.34333499934291467
685,84.36620700013009,1.2533939989225473,78.63866399929975,0.3298720002931077
686,81.99590099684428,2.7198269999644253,78.15910700082895,0.2838159998646006
687,82.47186600056011,1.1539490005816333,80.1895410004363,0.30177900043781847
688,81.35595400017337,1.7248219992325176,77.9349770018598,0.2854090016626287
689,83.32883199909702,1.0135230004379991,81.17260099970736,0.2734459994826466
690,85.90047300094739,1.20689399773255,83.51685099842143,0.2886119982576929
691,82.56199600145919,2.3610280004504602,79.00768399849767,0.2818159991875291
692,84.5122819991957,2.085509000607999,81.0577119991649,0.3918719994544517
693,81.05167399844504,1.5973400004440919,77.83684699825244,0.280407999525778
694,81.6408999999112,2.5042329980351496,77.86636499804445,0.3628899976320099
695,89.23865300312173,2.2741950015188195,85.20543300255667,0.3152800018142443
696,86.22684500005562,2.508065997972153,82.64879199850839,0.2858160005416721
697,90.67158600009861,1.0810419989866205,88.41381700040074,0.27709400092135184
698,83.27714699771605,3.597275001084199,78.55884899981902,0.2821300004143268
699,80.78745099919615,2.3393990013573784,77.33401099903858,0.2788160018099006
700,84.03513200028101,1.3257649989100173,81.5316400003212,0.3168910006934311
701,81.743381000706,1.9273600009910297,78.67329399959999,0.2816119995259214
702,83.08738699997775,1.2882090013590641,80.68346900108736,0.29344499853323214
703,84.52476300226408,1.142746001278283,82.22997600023518,0.28681599724222906
704,80.86563699907856,1.1008930014213547,78.5338679997949,0.3275199997005984
705,83.28436900046654,1.103319002140779,81.02535999933025,0.28681600088020787
706,84.1114100003324,1.2682829983532429,81.7245290018036,0.2975009992951527
707,82.13760499711498,1.1552089999895543,79.80344699899433,0.2864460002456326
708,79.26614900134155,0.9822819993132725,77.17982499889331,0.2774089989543427
709,90.49315900119836,1.6691929995431565,87.64312899802462,0.2777230001811404
710,83.66101899810019,2.447177001158707,80.1104669990309,0.28407599893398583
711,81.5369539996027,1.7728599996189587,78.61981200039736,0.2787789999274537
712,87.84314800141146,1.5772290025779512,83.76259400029085,0.32309399830410257
713,82.68316300018341,1.1995229979220312,80.34307900015847,0.2808899989759084
714,80.19052300005569,0.9670409999671392,78.09873699807213,0.276668000878999
715,86.38479000001098,1.7913599986059126,83.47531500112382,0.27753799804486334
716,80.73678399887285,1.1933569985558279,78.36607100034598,0.3127609998045955
717,80.45780199972796,1.5370619985333178,77.67447600053856,0.27781600147136487
718,84.81567200215068,2.1679719975509215,81.56556599715259,0.2710389999265317
719,80.95265599695267,1.4950250006222632,78.29034799942747,0.3199639977538027
720,81.08987900050124,1.020966999931261,78.99049900152022,0.27253799999016337
721,81.89949300140142,1.5856740028539207,79.07274099852657,0.28376000045682304
722,82.24356799837551,2.2198240003490355,78.90227700045216,0.31155700344243087
723,83.43707400126732,1.0123559986823238,81.19271300165565,0.36026100133312866
724,85.11721000104444,1.2609690020326525,82.13791999878595,0.30218600295484066
725,86.26343799915048,1.2512649991549551,83.8499649980804,0.27307600248605013
726,96.51686899815104,3.374346997588873,91.87286800079164,0.324407999869436
727,84.60837500024354,1.1052640002162661,82.30136500060325,0.28257499798201025
728,89.05754200168303,1.2045610019413289,86.57284600121784,0.29755600189673714
729,82.1094009988883,1.059133999660844,79.88441100314958,0.2992980007547885
730,84.66837500236579,1.1137449982925318,82.25145700271241,0.3041500021936372
731,87.22816399676958,2.3862689995439723,83.54568599679624,0.30085299658821896
732,82.55044000179623,1.2038380009471439,80.24004099934245,0.2887049995479174
733,88.78248499968322,2.0088420023967046,85.4926930005604,0.3014089998032432
734,83.44540699908976,1.016578000417212,81.29191600164631,0.2967229993373621
735,87.4927580007352,1.8687850024434738,84.31559599921457,0.28481600020313635
736,80.88071100064553,0.9503190012765117,78.8711470013368,0.27133399999001995
737,79.50624200020684,1.0801159987749998,77.25965799909318,0.29859399728593417
738,86.0232509985508,0.986040999123361,83.94177999798558,0.2761309988272842
739,82.29753200066625,1.0128559988515917,80.10809700135724,0.30987099671619944
740,89.78224800011958,0.9329109998361673,85.76604599875282,0.28535300225485116
741,86.30367899968405,1.9998230018245522,83.13407300011022,0.2846309980668593
742,81.73062200148706,1.2034119972668123,77.5359559993376,0.27713099916581996
743,88.85502200064366,2.1330089984985534,85.53339799982496,0.31653899714001454
744,79.39816799989785,1.045023000187939,77.16675099800341,0.2860569984477479
745,83.24429499771213,1.1605779982346576,80.60715399915352,0.2729270017880481
746,85.32560000094236,4.673037998145446,79.51257500099018,0.31464899802813306
747,81.44502800132614,3.316996000648942,76.98723200155655,0.2840570014086552
748,82.85692299978109,1.736395999614615,79.98672600297141,0.2834270017046947
749,80.37422699999297,1.0160970014112536,78.25429299919051,0.2647789988259319
750,87.90533399951528,1.1403930002416018,85.60900900192792,0.281853001069976
751,80.72869199895649,0.9922820026986301,78.61910900101066,0.2743900004134048
752,80.02692900117836,1.0239859984721988,77.87582799937809,0.28839000151492655
753,87.83442599815316,1.0518009985389654,85.33071100100642,0.28290899717831053
754,81.05754500138573,1.0785229969769716,78.83803499862552,0.2777420013444498
755,88.34900099827792,0.9980220020224806,86.23699199961266,0.28214999838382937
756,80.05496700207004,1.1743009999918286,77.7525310004421,0.2786680015560705
757,80.4997649975121,1.9695450027938932,77.32097400003113,0.2820939989760518
758,84.51257800334133,1.0529489991313312,82.28205100022024,0.29318599990801886
759,83.4126669979014,3.4793300001183525,78.80618300259812,0.27213000066694804
760,82.67577399965376,1.0738000019046012,80.42139499957557,0.27664899971568957
761,81.75232500070706,1.060856997355586,79.54470600088825,0.27553799736779183
762,83.27394400112098,2.2813979994680267,79.8562430027232,0.27488999694469385
763,85.0880430007237,3.422033001697855,80.53204299721983,0.30853799762553535
764,80.63252499778173,1.0289120000379626,78.49558999805595,0.2791680017253384
765,86.95447699938086,0.9214490019076038,84.11853899815469,0.27142700128024444
766,81.33810200160951,1.2005049975414295,78.99240700135124,0.2816499982145615
767,84.71272699898691,0.9626329992897809,82.64408899776754,0.2775760003714822
768,95.6057729999884,2.2856389987282455,92.1775360002357,0.29826100217178464
769,85.02606199908769,1.1775050006690435,81.57693700195523,0.2876680009649135
770,90.07010200002696,1.0703189982450567,87.83379600208718,0.313390999508556
771,163.06320500007132,3.899961000570329,157.88185000201338,0.43248400106676854
772,145.98430000114604,0.9332629997516051,141.6520410020894,0.2975749994220678
773,116.49210199902882,1.0700410020945128,114.21801799951936,0.29661200096597895
774,88.57146599984844,1.0720039972511586,86.29723400008515,0.30002000130480155
775,83.31173900296562,1.1150970021844842,80.85733999905642,0.2817599997797515
776,84.18035499926191,1.014819001284195,82.03043799949228,0.26790799893205985
777,81.9714559984277,1.0252079991914798,79.85946600092575,0.279298001260031
778,87.62905399998999,0.9218550003424753,83.70835199821158,0.2702790006878786
779,83.15036900239647,2.898938000726048,79.0406289997918,0.28985300014028326
780,96.45629499937058,1.0848940000869334,93.45263499926659,0.27216699891141616
781,87.00331100044423,1.0926340000878554,84.69394900021143,0.2691869995032903
782,84.13522499904502,1.0598749977361877,80.98397099820431,0.28335299793980084
783,83.01670099899638,1.0227259990642779,80.80452599824639,0.2705190017877612
784,82.30825400096364,1.1371709988452494,80.06961499995668,0.2679640019778162
785,83.22931400107336,1.1055600007239264,78.98422200014465,0.26283400075044483
786,87.80301799924928,2.5487700004305225,84.16218799902708,0.2802599992719479
787,80.82835899767815,1.028818998747738,77.8364759971737,0.2908159985963721
788,84.1059470003529,0.9928190011123661,81.94171599825495,0.3086680007982068
789,82.63412599990261,2.828919001331087,78.57488599984208,0.27625999791780487
790,80.28852300049039,1.2986719993932638,77.85597600013716,0.2785930009849835
791,82.5551070010988,0.9894479990180116,80.43524599997909,0.29107500085956417
792,81.26039800117724,1.0074120000354014,79.11407400024473,0.3066489989578258
793,89.40548699683859,1.1620229997788556,87.0002369993017,0.3027790007763542
794,91.21718100141152,1.6630259997327812,86.8043469999975,0.33152000105474144
795,85.74721300101373,2.275824001117144,81.7316770007892,0.34772299841279164
796,90.98525299850735,1.011893000395503,87.26407100039069,0.35827900137519464
797,85.98169600008987,1.6754150019551162,82.55543999985093,0.2895010002248455
798,89.38983900225139,1.0816340000019409,87.14253400103189,0.3290010026830714
799,84.49357799690915,1.0719309975684155,82.19249399917317,0.2728709987422917
800,85.05178400082514,1.2400419982441235,82.51766199828126,0.27685299937729724
801,82.91009000095073,1.188170997920679,80.5937469995115,0.27381600011722185
802,80.50095100043109,1.1191710000275634,78.23421899956884,0.30609399982495233
803,86.23112200075411,1.0665410009096377,84.00766799968551,0.2751120009634178
804,80.45241299987538,1.1027449982066173,78.16581099905306,0.27929700081585906
805,80.24841199949151,1.0589669982437044,78.08829200075706,0.2758899972832296
806,86.14825199765619,1.1119500013592187,83.90672400128096,0.2758899972832296
807,81.01095200254349,1.7108219981309958,78.12334800109966,0.3345200020703487
808,89.28048699817737,0.9823930013226345,85.73512099974323,0.27568600125960074
809,81.27469399914844,1.0713010015024338,78.95172099961201,0.3302789991721511
810,84.19055900230887,1.8155079997086432,81.23154599888949,0.2912420022767037
811,89.45185799893807,1.1830789990199264,87.04723700066097,0.31352000223705545
812,82.16060500126332,1.107782001781743,79.78003900279873,0.36187200021231547
813,84.17983599792933,1.0951719996228348,81.96106700052042,0.28746400130330585
814,81.24326799952541,1.1123759977635927,78.89214700117009,0.27977900026598945
815,81.81184500062955,1.2158940007793717,79.40431599854492,0.28451999969547614
816,82.17451300151879,1.1026530009985436,79.89481799813802,0.2809270008583553
817,82.61036600015359,1.0824119999597315,80.40944900130853,0.2762969998002518
818,87.69927699904656,1.0152270006074104,85.48087899907841,0.3378350011189468
819,80.93800699862186,1.0697090001485776,78.74727599846665,0.27752000096370466
820,80.92789700094727,2.212341998529155,77.54725300037535,0.3252239985158667
821,83.99387200188357,1.1218010004085954,81.68149199991603,0.28029800159856677
822,82.46442199742887,0.9618740004952997,78.87099899744499,0.28105700039304793
823,103.88517800311092,1.7261559987673536,101.00724099902436,0.292761000309838
824,83.03075699950568,1.1398749993531965,80.73895099732908,0.30138999863993376
825,93.17607800039696,1.2030610014335252,90.68602999832365,0.3047239988518413
826,84.98859799874481,1.3475609994202387,82.45216200157302,0.29807499959133565
827,84.84200599923497,1.8922119998023845,81.81743699969957,0.2677789998415392
828,83.94861299893819,1.1351899993314873,81.68591800131253,0.27885300005436875
829,80.59824600059073,1.1813199998869095,78.31170099962037,0.2808339995681308
830,85.2988410006219,1.102485999581404,83.00773900191416,0.31035299980430864
831,85.02098800090607,3.1976610007404815,80.7297280007333,0.2800570000545122
832,82.339698998112,1.780247999704443,79.44807499734452,0.2911500014306512
833,88.04518500255654,1.9899719991371967,84.75206100047217,0.2956120006274432
834,83.53855599852977,1.473802996770246,80.74791400213144,0.4318169994803611
835,87.32051599872648,1.1553200019989163,84.84333900196361,0.41966900244005956
836,80.68939500299166,1.1248379996686708,77.48234500104445,0.2832790014508646
837,83.582203998958,1.8615820008562878,80.57000599728781,0.2800570000545122
838,88.12103799937177,1.1008010005753022,85.86243499667034,0.26959399838233367
839,81.42280600077356,1.1441339993325528,79.1619810006523,0.2898340026149526
840,92.39840699956403,0.9460600012971554,88.33359399795881,0.277204999292735
841,80.58352499938337,1.100541001505917,76.8606940000609,0.26942700060317293
842,81.32639800169272,1.0682270003599115,79.17805499891983,0.26705699929152615
843,84.19911400051205,0.9852449984464329,82.11353099977714,0.2726499988057185
844,84.66354199845227,1.0522449993004557,81.83162299974356,0.27848199897562154
845,83.2172949994856,1.0423740022815764,80.99443399987649,0.27561300157685764
846,82.14797500113491,1.1634490001597442,79.69698399756453,0.2801490009005647
847,82.02017899748171,0.9854479976638686,79.91894799852162,0.28070500047761016
848,84.31324400226003,1.051041002938291,82.1177899997565,0.27302000307827257
849,78.76662800117629,1.0329489996365737,76.5202299990051,0.26814900047611445
850,81.00263699816423,1.0789869993459433,78.77342500069062,0.30588999652536586
851,84.42787500098348,1.9333229975018185,81.32521199877374,0.2835570012393873
852,84.61239299867884,1.035041997965891,82.3854019981809,0.30648299798485823
853,84.29609599988908,0.927504002902424,81.35628799936967,0.348315999872284
854,83.60909299881314,1.589673000125913,80.75832199756405,0.27475999741000123
855,89.8495820001699,1.0732629998528864,86.4267530014331,0.29522399927373044
856,86.01880700007314,1.679007000348065,83.17820299998857,0.29659400024684146
857,83.78313000139315,1.2223749981785659,81.36191700032214,0.29387100221356377
858,88.5088729992276,1.120449000154622,86.19947400075034,0.3248530010750983
859,88.90593000251101,1.021652999042999,86.75084700007574,0.2848710028047208
860,89.76289699785411,1.083615999959875,87.45860900307889,0.34570500065456145
861,82.10917900214554,1.267319999897154,79.6424649997789,0.30174200219335034
862,84.03059400006896,2.1066199988126755,80.51804299975629,0.28353900052024983
863,85.67054599916446,2.7586780015553813,80.50146800087532,0.3121679983451031
864,80.10881899826927,1.1259120001341216,77.89860599950771,0.26827900001080707
865,89.5922290001181,2.2116019972600043,86.24560399766779,0.3277790019637905
866,94.44962099951226,1.1120039998786524,92.22733299975516,0.28614899929380044
867,92.76239000246278,2.4793990014586598,89.19865300049423,0.28401999952620827
868,88.96878199811908,2.3421770019922405,85.49526799833984,0.28105700039304793
869,86.00658499926794,1.3951159999123774,83.43472200067481,0.3058340007555671
870,96.86131499984185,1.9644339990918525,93.78072899926337,0.2644640007929411
871,83.72263100318378,0.9693189967947546,81.67328800118412,0.26940899988403544
872,83.67648199782707,1.055467000696808,81.53088100152672,0.275222999334801
873,81.49608399980934,1.0907089999818709,79.25568599966937,0.32861300132935867
874,80.72704300138867,1.0995970005751587,78.51268200101913,0.2575939979578834
875,84.04628000062075,0.9990969992941245,81.97654899777262,0.2708529973460827
876,80.90113700018264,1.0143189974769484,78.78775800054427,0.28483400092227384
877,87.38125699892407,2.1489350001502316,84.09942800062709,0.27816800138680264
878,80.51915399846621,0.9819670012802817,78.43044100081897,0.27318600041326135
879,82.12247600022238,1.7213030005223118,79.2588149997755,0.2822979986376595
880,89.16009700260474,1.1233939985686447,86.86353300072369,0.27000099726137705
881,83.44138899701647,1.25443100114353,80.97776700014947,0.2957599972432945
882,84.98254300138797,1.6619890011497773,82.08527199894888,0.328409001667751
883,86.26286299841013,1.1327459978929255,83.90294600030757,0.2916489975177683
884,87.22259000205668,1.1830049988930114,84.65974499995355,0.4750949992740061
885,86.50651199786807,1.2225049977132585,83.65625999795157,0.30027899993001483
886,83.89768699998967,1.03968899929896,81.72515900150756,0.304315999528626
887,86.95747800084064,1.1210789998585824,84.5243740004662,0.31244599813362584
888,82.60871799939196,1.146449001680594,80.25846799864667,0.2967789987451397
889,84.73122700161184,1.2435979988367762,82.2519210014434,0.29607499891426414
890,84.03585400083102,1.0212820016022306,81.8838439990941,0.28388999999151565
891,80.2405969989195,1.041134000843158,78.01468099933118,0.2760379975370597
892,85.97849199941265,1.1223750007047784,83.71572300166008,0.2916669982369058
893,82.10884599975543,1.095781997719314,79.76489199791104,0.3152600002067629
894,84.45887400011998,1.0377639991929755,82.17982799760648,0.29503799669328146
895,90.54045499942731,2.1036379985162057,87.28453399817226,0.27424100335338153
896,80.75704400107497,1.1287090019322932,78.45879299929948,0.28009299785480835
897,91.72331299851066,1.1243380031373817,89.10498600016581,0.2797050001390744
898,80.71108000149252,1.0056520004582126,78.5130529984599,0.33553799949004315
899,85.3513779984496,1.4825070029473864,82.6840709996759,0.3072420004173182
900,84.0729840019776,1.0012259990617167,81.8888079993485,0.3250009976909496
901,83.92403900143108,1.6049330006353557,81.0527670000738,0.28361200020299293
902,89.17861599911703,1.0188929991272744,87.00092199796927,0.30820500251138583
903,81.2253240001155,1.7900260027090553,78.13099600025453,0.30559400329366326
904,89.72558099776506,1.4740440019522794,86.92373699886957,0.4054460005136207
905,83.45216700035962,1.1167640004714485,81.09147200229927,0.3337800008011982
906,85.72054600153933,2.8039000026183203,81.75117800055887,0.34355699972365983
907,83.459221998055,2.2479729996121023,79.61153899668716,0.28702000054181553
908,81.93514100275934,1.2259869981789961,79.41616800235352,0.28403800024534576
909,91.49351499945624,1.0189120002905838,89.3372280006588,0.27740799851017073
910,83.44603699879372,1.7992850007431116,80.44419100042433,0.3669640027510468
911,82.26051300152903,1.1258390004513785,79.5926499995403,0.55437199989683
912,87.0109589995991,2.481529001670424,83.2226089987671,0.28374199973768555
913,81.22363800066523,2.979475997562986,77.13117700041039,0.28003800252918154
914,84.19590999983484,1.0997270001098514,81.96067799872253,0.2730390006036032
915,81.98010499836528,1.595543999428628,77.63588300076663,0.30039099874556996
916,79.43385299950023,1.0677259997464716,77.1514730004128,0.27076100013800897
917,87.52912800264312,1.096577998396242,85.21574699989287,0.31274200227926485
918,84.53618899875437,1.4740799997525755,81.87343700046767,0.2951679998659529
919,87.55790600116597,1.1077640010626055,85.11454399922513,0.3696310013765469
920,81.4394729968626,1.3173759980418254,78.28923700071755,0.4467979997571092
921,80.11268900008872,0.9470039985899348,77.13110300028347,0.36787200224353
922,84.01757600222481,1.1880609999934677,80.10537500013015,0.2802419985528104
923,82.07316100015305,3.021587002876913,77.96606899864855,0.27581599715631455
924,83.26316499733366,1.064356001734268,81.06302599844639,0.2833720027410891
925,83.3609070032253,1.0427089982840698,81.2032680005359,0.27083399982075207
926,85.90908399855834,1.1072269990108907,83.65613099886104,0.2965010025945958
927,83.55292600026587,1.507155000581406,80.88045199838234,0.2858340012608096
928,81.02776699888636,1.280931999644963,78.58457200200064,0.27924200185225345
929,83.93253900067066,1.0201889999734703,81.80323299893644,0.26814900047611445
930,79.55077899896423,1.1845599983644206,77.07806499820435,0.3288529987912625
931,84.86969099976704,1.7260069980693515,81.97547500094515,0.30613099806942046
932,91.49846000218531,0.9423179981240537,87.95320399804041,0.27713099916581996
933,79.62502000009408,1.0088929993798956,77.45612299913773,0.35453900272841565
934,80.12424499975168,1.10785700235283,77.90138400014257,0.2708159991016146
935,85.60676799970679,0.9868929992080666,83.44512899930123,0.3265019986429252
936,80.21139300035429,0.9174859987979289,76.89139799913391,0.2887230002670549
937,84.01683600095566,1.0135970005649142,81.86999299869058,0.2868530027626548
938,84.12668699747883,1.959229997737566,80.86691400239943,0.27950100047746673
939,82.4862369991024,1.3393949993769638,80.0478370001656,0.2883160013880115
940,84.07985400117468,1.0440050027682446,81.8210849975003,0.2819639994413592
941,85.22239599915338,1.8416559978504665,82.21664300072007,0.27798200244433247
942,87.36388600300415,1.0238750001008157,85.05487699949299,0.3934089982067235
943,83.2215919981536,1.0446900014358107,78.15121800013003,0.28216800274094567
944,83.41066600041813,1.0222450000583194,81.22287900187075,0.29340900073293597
945,82.96120099839754,2.2078800029703416,79.41450100042857,0.35215000025345944
946,79.63759500125889,1.1010039997927379,77.29628800007049,0.32981600088533014
947,84.46494799864013,1.0634489990479778,82.28716099984013,0.28296399977989495
948,81.48130600238801,1.729766998323612,78.17032900129561,0.33589000304345973
949,79.1725929993845,1.1555410019354895,76.82486100020469,0.2775749999273103
950,84.85146900056861,1.133597001171438,82.56308800264378,0.2820570007315837
951,80.9581920002529,3.0731980004929937,76.69711999915307,0.33314900065306574
952,89.20172799844295,1.0250230006931815,86.97262599889655,0.33561300006113015
953,87.19921900046756,1.6800260018499102,84.35224400091101,0.28472299891291186
954,89.60098899842706,0.9873560011328664,87.48551700045937,0.30294599855551496
955,92.6091860019369,1.1370790016371757,89.88078600305016,0.47742799870320596
956,84.09559500069008,1.3053570000920445,80.77545199921587,0.278761002846295
957,85.60100899921963,1.5037470002425835,82.90764500270598,0.28961199859622866
958,82.61416199820815,0.9628930019971449,79.11283299836214,0.28483400092227384
959,87.10383000288857,2.9429940004774835,82.97612800015486,0.3319829993415624
960,82.70564499980537,1.2413389995344914,80.15361499928986,0.28242700136615895
961,85.2676739996241,2.002396999159828,82.14295700236107,0.26794600125867873
962,82.3074389991234,1.1695050015987363,79.97391100070672,0.26748199888970703
963,81.32836100048735,2.5202510005328804,77.61006700093276,0.2793530002236366
964,84.86176500082365,1.0291329999745358,82.68414400299662,0.27464899903861806
965,86.09341799819958,2.137360999768134,82.82433099884656,0.2780940012598876
966,83.69400100127677,1.8416180027998053,80.69678399988334,0.2735379966907203
967,87.16929299771436,2.642011000716593,83.39470300052199,0.30661300115752965
968,81.51447300042491,2.6939740018860903,77.64449400201556,0.2826490017469041
969,89.07813400219311,1.0337450003135018,86.74956899994868,0.4108719986106735
970,85.57258300061221,1.7315260010946076,81.55545399858966,0.3124270006082952
971,87.04892199966707,3.0626429979747627,82.86764500007848,0.2807790006045252
972,84.6209679984895,2.49938100023428,80.9494889981579,0.281131000519963
973,81.56637999854865,3.330254003230948,77.12106600229163,0.26848299967241473
974,86.01604800060159,2.0476019999478012,82.84447900223313,0.274113001069054
975,79.36190799955511,1.0645410002325661,77.10043599945493,0.2800570000545122
976,79.21201900171582,1.0618749984132592,77.00821300022653,0.2769089987850748
977,81.72045500032254,0.9551709990773816,79.64857600018149,0.3008899984706659
978,84.46848599851364,1.0128559988515917,79.11707400126033,0.4286500006855931
979,84.48689199940418,1.671117999649141,81.1572310012707,0.2826859999913722
980,82.11286500227288,1.6060439993452746,79.3591670008027,0.2920750011980999
981,81.77212200098438,1.0043189977295697,79.69340999989072,0.27657600003294647
982,88.57520599849522,1.0516709990042727,86.10641799896257,0.2738530019996688
983,83.03160899959039,1.0427269990032073,80.77469199997722,0.3251870002713986
984,90.2004540002963,2.0035089983139187,87.08386700163828,0.26431599690113217
985,86.47023500088835,1.0154859992326237,84.31781800027238,0.3001869990839623
986,82.4587179995433,0.9959669987438247,80.31111600212171,0.2725749982346315
987,91.87549800117267,1.1570599999686237,89.49913600008585,0.28629699954763055
988,79.72702099868911,1.052651998179499,77.48771499973373,0.281131000519963
989,85.04856199942878,1.0252640022372361,82.89662700190092,0.270759999693837
990,80.93317399834632,1.048911002726527,78.74762800202006,0.2800010006467346
991,80.45167200180003,0.9825970009842422,76.9141579985444,0.2788720012176782
992,85.95454700116534,2.6617519979481585,79.90263299871003,0.2843530019163154
993,79.25692699791398,1.0251889980281703,77.07456500065746,0.2985009996336885
994,89.5237469994754,1.0771720008051489,87.16368200111901,0.4395020005176775
995,82.51016299982439,1.0128930007340387,79.6527979982784,0.2915559998655226
996,84.0511130008963,0.9589479996066075,81.87888199972804,0.2984450002259109
997,85.96852900154772,1.024319000862306,83.8064449999365,0.29014899700996466
998,84.64576400001533,1.0558380017755553,82.46479199806345,0.2818350003508385
999,89.18170899778488,0.9817820027819835,85.3491190027853,0.27364999914425425
1000,81.53534300072351,1.617192003322998,77.70760499988683,0.28305700107011944
1001,85.50215600189404,0.9904299986374099,83.438814002875,0.2795020009216387
1002,84.82930199897964,1.9724899975699373,81.74627100015641,0.2883529996324796
1003,80.28672699947492,1.7660079975030385,76.78258300074958,0.28337100229691714
1004,86.31904900175869,1.0572450009931345,84.09044700238155,0.28872400071122684
1005,81.5646579976601,1.5828399991733022,78.8519620000443,0.27446400054031983
1006,79.15662999948836,1.0658190003596246,76.96295400091913,0.2808899989759084
1007,84.82119100153795,2.5883080015773885,81.08928599904175,0.2835019986378029
1008,82.49145800073165,1.0864869982469827,79.19344499896397,0.27379799939808436
1009,90.49938099997235,3.2744030031608418,86.02478800094104,0.3787420027947519
1010,83.13618399915867,0.9767640003701672,78.60699799857684,0.28361200020299293
1011,84.11631700073485,2.2024719983164687,80.47098699898925,0.29914900005678646
1012,84.77996799774701,1.2673569981416222,81.14371199917514,0.27063100060331635
1013,88.07137100302498,3.226847002224531,83.73494599800324,0.2722969984461088
1014,86.67242099909345,1.214394000271568,84.15472500200849,0.33763100145733915
1015,80.78943299915409,1.0776340022857767,78.54068300002837,0.2763720003713388
1016,83.19348000077298,1.8237859985674731,80.07152199934353,0.36990900116506964
1017,86.22973299861769,1.0890040030062664,83.98761300122715,0.2749269988271408
1018,82.23849500063807,0.9562449995428324,80.19111600151518,0.2863909976440482
1019,89.54150700083119,2.2223429987207055,86.15401099814335,0.3151499986415729
1020,80.90906299912604,0.9699300026113633,78.79898000101093,0.26998300018021837
1021,80.87017399884644,2.6855859978240915,77.07756500167307,0.28085300073144026
1022,82.94597900021472,1.0559490001469385,80.73278499796288,0.28075999944121577
1023,80.78648800074006,2.0645270014938433,77.57782699991367,0.2908349997596815
1024,84.54239300044719,0.9725589989102446,82.41295799962245,0.3221680017304607
1025,93.7136360007571,1.053948999469867,91.49684799922397,0.29039000219199806
1026,85.58884200101602,2.9179010016378015,81.56763999795658,0.2705570004764013
1027,85.48032299950137,2.025730998866493,82.30001300034928,0.2837230022123549
1028,87.36275699993712,3.028457002073992,83.17936900130007,0.3188720002071932
1029,88.16650099834078,1.0626709990901873,85.94043600169243,0.29874199753976427
1030,80.86056200045277,1.0744860010163393,78.1856819994573,0.27307600248605013
1031,84.65200499995262,1.33926500348025,81.97475300039514,0.3153910001856275
1032,83.46042600169312,2.1010460004617926,80.12317099928623,0.2780760005407501
1033,82.35975399657036,1.0047819996543694,80.1433749984426,0.29622299916809425
1034,89.22724600051879,1.5406540005642455,86.53666100144619,0.2819639994413592
1035,79.82468800037168,1.909045000502374,76.45493300151429,0.28609400033019483
1036,83.49161099977209,2.4430109988315962,79.76861399947666,0.3235570002289023
1037,85.83425100005115,1.5543209992756601,82.2227720018418,0.29605699819512665
1038,83.2583320006961,0.932392998947762,78.8483879987325,0.2778150010271929
1039,86.15665899924352,2.24223199984408,82.61881100042956,0.3134829967166297
1040,84.8392830012017,1.6838590017869137,81.99064199652639,0.2687979977054056
1041,82.90910899813753,1.0321159970771987,80.50811699649785,0.3434270001889672
1042,87.15933000348741,1.172800999484025,84.56583799852524,0.28676100191660225
1043,82.72701499663526,2.1518430003197864,79.43257499937317,0.27975999910268
1044,83.9680019998923,0.9800970001379028,81.8354190014361,0.2735380003286991
1045,81.44104600069113,1.0250230006931815,79.24813000136055,0.2908710011979565
1046,84.84341300209053,1.1687270016409457,82.58231099898694,0.27977900026598945
1047,86.47641999777989,1.0218930001428816,83.75566800168599,0.311482999677537
1048,80.33591300045373,0.939023000682937,78.29840300109936,0.2811129998008255
1049,90.4092689997924,1.0518560011405498,88.1976870005019,0.29605699819512665
1050,80.44750599947292,0.9308560001954902,77.64849399973173,0.2807419987220783
1051,83.4126660010952,1.1643750003713649,81.05241500015836,0.27433499781182036
1052,82.01162299883435,1.01070799792069,79.88285499959602,0.2795190011966042
1053,79.97322600203915,1.0148189976462163,77.83623499926762,0.28309399931458756
1054,88.58442899872898,1.017948001390323,86.4007899981516,0.3167239992762916
1055,82.04888199907145,2.0354719999886584,78.91796200055978,0.27420500191510655
1056,88.11605700248037,2.4522140010958537,84.16548500099452,0.5612239983747713
1057,87.08395899884636,1.6199700003198814,83.7807600000815,0.27250100174569525
1058,81.10643400141271,1.0597450018394738,78.94818500062684,0.27753800168284215
1059,82.80692299740622,0.9542260013404302,80.7493770007568,0.27798200244433247
1060,80.74415500232135,1.0136519995285198,78.5923859984905,0.27968599897576496
1061,87.2400900007051,1.1771350000344682,84.73889400193002,0.32281600215355866
1062,82.5925509998342,1.0149490008188877,80.44030199744157,0.3145019982184749
1063,84.6375419969263,1.000300999294268,79.97346599950106,0.316779001877876
1064,86.05414000339806,1.7437479982618243,83.03388700005598,0.30931599758332595
1065,81.22939799795859,1.0076329999719746,79.09312999981921,0.2817229978973046
1066,82.86001600208692,1.044040996930562,80.63704300002428,0.3542599988577422
1067,86.9758839980932,1.315172001341125,84.16354000291904,0.28624200058402494
1068,82.50081100050011,1.0847640005522408,80.29165300104069,0.27053800295107067
1069,94.95993699965766,1.0468370019225404,92.74761300184764,0.31194599796435796
1070,81.05971199984197,1.016392998280935,78.92938800068805,0.27318600041326135
1071,94.58693499982473,1.5537849976681173,89.67322999887983,0.2823350005201064
1072,87.37072000076296,1.2808390019927174,84.9547280013212,0.2684640021470841
1073,79.75489100135746,1.3331160007510334,77.17312200111337,0.2652410003065597
1074,82.98484999977518,1.0511709988350049,80.8088220001082,0.2719830008572899
1075,80.02118899821653,1.4869689985061996,77.44371499939007,0.2805760013870895
1076,84.52304100137553,1.0095219986396842,82.39703199797077,0.2761860014288686
1077,79.84142900022562,1.1072820016124751,77.4934930013842,0.3524089988786727
1078,79.46957499734708,1.0910230012086686,77.25926900093327,0.281853001069976
1079,86.30219699989539,1.6331549995811656,83.50512999822968,0.323685999319423
1080,81.19804600210045,1.0350789998483378,79.02953599841567,0.29542700212914497
1081,81.69995500065852,1.1171719997946639,79.23292600025889,0.47039099808898754
1082,85.57421299701673,1.6871920015546493,81.86099299928173,0.27763099933508784
1083,85.49104500343674,2.8675680005108006,81.5091209988168,0.27464899903861806
1084,88.43505799814011,1.9868790004693437,85.32902600200032,0.2745199999480974
1085,82.61742199829314,1.1426159981056117,80.31170799949905,0.2754829984041862
1086,91.45579200048815,1.1200779990758747,88.79818900095415,0.4532429993560072
1087,82.13347600030829,1.537357999040978,79.00424000035855,0.2807609998853877
1088,79.77415099958307,1.089485998818418,77.37267799893743,0.28453800041461363
1089,84.55509700070252,1.0804300000017975,82.35060600054567,0.2715939990594052
1090,79.20827799898689,1.1998010013485327,76.79552699846681,0.3422049994696863
1091,82.16008599993074,1.00304100124049,80.03544799794327,0.28177900094306096
1092,83.14679500108468,1.065227002982283,80.96252600080334,0.28070500047761016
1093,79.47339000020293,0.9411519968125504,77.39317800223944,0.30414899811148643
1094,100.84475799885695,1.09474499913631,98.57248900152626,0.2657789991644677
1095,86.62447599999723,1.0582450013316702,84.36361399799353,0.277852999715833
1096,84.0933360013878,1.062560000718804,81.90725299937185,0.2822969981934875
1097,80.71924799878616,0.998392999463249,78.56434899804299,0.3363350006111432
1098,80.34469000267563,1.0600969981169328,78.10360700023011,0.2843160000338685
1099,84.93346899922471,0.9829860027821269,82.8135720003047,0.27812999906018376
1100,88.95050399951288,2.2420090026571415,85.5958969987114,0.27526100166141987
1101,85.04991399968276,1.9970459979958832,81.8826410031761,0.2667970002221409
1102,81.11189700139221,1.1715599976014346,78.77775799715891,0.279298001260031
1103,81.35667600072338,3.317458998935763,76.87737900050706,0.3076309985772241
1104,81.64099199711927,1.0382079999544658,79.47238999986439,0.27546500132302754
1105,81.11161900160369,1.1036900032195263,78.84344299964141,0.2840390006895177
1106,79.71033599824295,0.9560590006003622,77.59921599790687,0.3084269992541522
1107,85.54815699972096,1.1977089998254087,80.82147099776193,0.27331599994795397
1108,81.54771400222671,1.1196340019523632,79.27911099977791,0.27185300132259727
1109,86.26586299942574,1.0703930020099506,84.06476199888857,0.2938170000561513
1110,83.92435399946407,0.9784299982129596,79.22081499782507,0.27631600096356124
1111,81.2574340015999,0.9488739997323137,76.48506299665314,0.33635299769230187
1112,89.50780299710459,1.0865410004043952,87.30527499938034,0.2666489999683108
1113,82.76273800220224,1.0763380014395807,80.53011700030765,0.2825759984261822
1114,90.65977099817246,1.0150230009458028,88.55346600103076,0.2803899988066405
1115,87.8771110001253,1.216874999954598,82.75171900095302,0.27909400159842335
1116,80.75746900067315,1.2539870003820397,78.24010699914652,0.2796670014504343
1117,85.5615830005263,1.0395040008006617,83.37005499924999,0.30042700018384494
1118,80.6257469994307,1.0330039986001793,78.35679300114862,0.3479270017123781
1119,87.45994200216956,0.9671699990576599,82.83718199891155,0.30485400202451274
1120,85.34758199675707,1.1216720013180748,83.02571999956854,0.28190800003358163
1121,82.3782730003586,1.0615600003802683,80.16361600311939,0.3039460025320295
1122,85.13485900039086,2.0439350009837653,81.88704900021548,0.3276129973528441
1123,81.53480600230978,1.0294489984516986,79.06355500017526,0.2792979976220522
1124,84.20353999827057,1.1427270001149736,81.90114199896925,0.28081599884899333
1125,82.251253999857,1.568321000377182,79.50677999906475,0.3021499978785869
1126,81.320842000423,0.97715200172388,79.22663000135799,0.2758720002020709
1127,90.86977200058755,1.1117829999420792,87.65346200016211,0.28211300013936125
1128,84.83646799868438,0.893189000635175,82.08077100061928,0.2819459987222217
1129,85.6670649991429,1.014522000332363,83.530055002484,0.30318700009956956
1130,83.60529700075858,3.6080519967072178,78.47012700221967,0.32146499870577827
1131,82.04627099985373,2.5089359987759963,78.40707099967403,0.2684819992282428
1132,93.18755899948883,1.1860609993163962,90.83504899899708,0.2992979971168097
1133,85.30678500028444,1.023208002152387,83.17748000263236,0.28918599855387583
1134,85.6862690015987,1.0773009998956695,83.43705500010401,0.30711300132679753
1135,83.57359300134704,1.0273560001223814,81.31087999936426,0.326315999700455
1136,79.62657600000966,1.0472819994902238,77.41995600008522,0.28553899755934253
1137,91.60171899929992,1.0621900000842288,88.91726400179323,0.3206490000593476
1138,85.64173099875916,0.9524479974061251,81.51121300033992,0.2950939997390378
1139,81.20595299988054,1.1177080014022067,78.81529500082252,0.3551129993866198
1140,88.65192899975227,5.154131999006495,82.24612399862963,0.28229700183146633
1141,85.01324700046098,1.0383010012446903,82.7726450006594,0.30148299993015826
1142,90.61930800089613,0.8940230000007432,86.63475399953313,0.29220500073279254
1143,85.17933999974048,2.0696749998023733,81.84264100054861,0.29987200105097145
1144,88.05807499811635,2.311658001417527,84.16128099997877,0.37905699718976393
1145,84.93715400254587,1.9690820008690935,81.46702800149797,0.2746310019574594
1146,81.82678899902385,2.456824997352669,78.30895900042378,0.27127900102641433
1147,84.15098399927956,1.226374999532709,80.83378500305116,0.2788339988910593
1148,80.23854199927882,0.8735769988561515,77.5746609979251,0.2848539988917764
1149,82.23799400002463,1.0160230012843385,79.9312999988615,0.43759400068665855
1150,83.60850000099163,2.9078459992888384,79.00633299868787,0.27770399901783094
1151,80.90958200045861,1.076671000191709,78.70403500055545,0.2838709988282062
1152,84.337799999048,1.6990069998428226,81.5082879998954,0.27542700263438746
1153,80.0966890019481,1.1017450015060604,77.72780799859902,0.2695379989745561
1154,80.60745100010536,1.0357079991081264,78.37477400244097,0.2809090001392178
1155,82.69349599868292,0.9514489975117613,79.82461400024476,0.28744600058416836
1156,81.89539999875706,0.9794299985514954,79.80913299979875,0.2832609970937483
1157,92.57372399952146,2.140119999239687,89.17830200152821,0.27844600117532536
1158,84.95037600005162,1.0558379981375765,82.72460800071713,0.2816870000970084
1159,87.65992500048014,1.8230069981655106,84.69130099911126,0.3292049987067003
1160,82.67045899992809,0.9848749978118576,80.58639499722631,0.28190800003358163
1161,81.97232699967572,1.723507997667184,78.84566499706125,0.3010199980053585
1162,85.11580300182686,1.030078998155659,82.92947900190484,0.3314639980089851
1163,80.21452300090459,1.0835970024345443,77.98264300072333,0.2805010008160025
1164,80.00224399802391,0.9788009992917068,77.81601299939211,0.36033399737789296
1165,84.14683600130957,1.0911890021816362,81.87414100029855,0.28750099954777397
1166,81.06976799899712,1.165894002042478,78.57614600288798,0.28959400151507
1167,84.35005900173564,1.2450419999368023,81.85239999875193,0.33981700107688084
1168,81.47121299771243,1.6269879997707903,78.09288499993272,0.2836679996107705
1169,80.49022799968952,1.8960639972647186,77.46528899951954,0.28287099848967046
1170,83.71283400265384,0.9504670015303418,81.67332499942859,0.2783349991659634
1171,82.65523699810728,1.8053040002996568,79.71381699826452,0.2863159970729612
1172,87.086478000856,1.0579310001048725,84.82102400012081,0.3157979990646709
1173,90.0283800001489,1.5042660015751608,86.58916100102942,0.27920399952563457
1174,83.98259399837116,1.4872100000502542,81.37808399987989,0.28164899777038954
1175,95.15097500116099,1.0181340003327932,90.98262399857049,0.2926680026575923
1176,81.05924900155514,1.0168940025323536,78.91246199869784,0.29113100026734173
1177,86.40134499728447,1.1151159997098148,84.06607599681593,0.33392700061085634
1178,79.97309600250446,0.9611329987819772,77.84499500121456,0.3393539991520811
1179,89.25111699863919,2.4463430017931387,85.65947200258961,0.2936870005214587
1180,84.4224110005598,2.0398420019773766,80.73515499927453,0.2786680015560705
1181,81.50530599959893,1.0433749994263053,79.31494600052247,0.2806489974318538
1182,84.01927999875625,0.9958190021279734,81.73862199691939,0.27001899798051454
1183,80.18922700284747,1.8760079983621836,77.1577140003501,0.28120500064687803
1184,79.89998499760986,1.1509300020406954,77.60660400163033,0.2735380003286991
1185,89.15267100019264,1.1466350006230641,82.80923699931009,0.3571310007828288
1186,85.59973099909257,2.908400998421712,81.54826999816578,0.28915000075357966
1187,90.03197200217983,1.0654489997250494,87.71946300112177,0.31698299790150486
1188,88.58174399938434,1.7701929973554797,85.60543500061613,0.2965380008390639
1189,82.84097800060408,1.0915599996224046,80.62211799915531,0.2801490009005647
1190,85.74576899991371,1.0752270027296618,80.70824700189405,0.2845189992513042
1191,84.77302399842301,0.9527439979137853,81.0809149988927,0.276779002888361
1192,85.12948800125741,1.0028190008597448,82.10721599971293,0.29009400168433785
1193,80.978767000488,1.1001710008713417,78.62934999866411,0.30837200029054657
1194,86.40702999764471,2.8274189971853048,82.4685329971544,0.28120500064687803
1195,82.38695900217863,1.0485050006536767,80.27072700133431,0.26665000041248277
1196,81.85853000031784,1.9333039999764878,78.71786899704603,0.2820939989760518
1197,89.96958200077643,1.1266719993727747,87.62738700170303,0.33635299769230187
1198,80.38852399840835,1.0019860019383486,78.28064500063192,0.28172399834147654
1199,82.19006799845374,1.0062449982797261,80.04885500122327,0.28240900064702146
1200,84.94774700011476,1.04563399872859,82.7458480016503,0.27668699840432964
1201,82.15084600306,1.453172997571528,79.54800199877354,0.2801490009005647
1202,94.22202699715854,1.082467999367509,91.87968299738714,0.2805379990604706
1203,82.92651600277168,1.1140229980810545,80.67039500019746,0.2835570012393873
1204,121.38326999775018,0.9326699982921127,116.78047299938044,0.3656310000224039
1205,126.20834699919214,1.1196900013601407,122.85616599911009,0.46394599849008955
1206,156.7280670024047,2.3069540002325084,152.62342099958914,0.47252099830075167
1207,131.38033100040047,1.1872459981532302,128.45459699747153,0.35498300348990597
1208,100.59223899952485,1.0070789976452943,98.3022290020017,0.42165000195382163
1209,94.08330400037812,1.0515409994695801,91.83760899759363,0.34633500035852194
1210,107.36802599785733,1.2814500005333684,104.7371069980727,0.30872400020598434
1211,98.20643200146151,1.0158940021938179,96.09277500203461,0.2828539982147049
1212,81.82486299847369,1.0746530024334788,79.6139280028001,0.2729090010689106
1213,91.29694000148447,1.0712090006563812,88.7876699998742,0.2611499985505361
1214,82.01406800071709,1.1160409994772635,79.73646599930362,0.27461200079414994
1215,82.0956239986117,1.0056149985757656,79.92948500032071,0.31777899857843295
1216,81.97660400037421,1.4842470009170938,79.32255699779489,0.2782789997581858
1217,80.161597001279,1.547118001326453,77.44615999763482,0.2766309989965521
1218,88.04001899989089,1.1154669991810806,85.76841600006446,0.2909459981310647
1219,81.00208199903136,1.5816739978617989,78.22801400106982,0.30600099853472784
1220,88.39003899993259,0.9329849999630824,84.99600600043777,0.27894600134459324
1221,81.89038199998322,1.1160050016769674,79.60589100184734,0.2748340011748951
1222,83.39248099946417,1.2449499990907498,80.86683999863453,0.2772599982563406
1223,101.36259399951086,1.132301000325242,97.30739099904895,0.27448299806565046
1224,96.83279599994421,1.1034119997930247,94.58773100050166,0.29513100162148476
1225,108.5159760004899,1.426709997758735,105.90940900146961,0.291501000901917
1226,102.44746899843449,1.7898039986903314,99.19223299948499,0.5969470003037713
1227,107.8807690028043,1.6683030007698108,103.66471499946783,0.31194599796435796
1228,85.08072900076513,1.3360240009205882,81.85260399841354,0.29187099789851345
1229,86.22002899937797,1.166856996860588,83.85461299985764,0.3006859988090582
1230,85.55787899967982,1.6772659982962068,81.20023099763785,0.35311299870954826
1231,83.93992799756234,2.054694003163604,80.54619099857518,0.33096499828388914
1232,84.99945100265904,1.1468010015960317,82.65286700043362,0.3095199972449336
1233,82.06623399746604,0.9616519964765757,79.20792600270943,0.30081600198172964
1234,87.43133100142586,1.0802639990288299,85.10982200095896,0.3750569994735997
1235,84.22057699863217,1.1153190025652293,81.93810399825452,0.28735299929394387
1236,83.57864900244749,1.8149339994124603,80.44017200154485,0.29355700098676607
1237,86.85249499831116,1.131430999521399,83.23285000005853,0.29563100179075263
1238,82.66957100204309,1.2102090004191268,80.32431999890832,0.2818159991875291
1239,85.21445099904668,1.0584299998299684,82.9131270002108,0.2864640009647701
1240,85.9147330011183,1.6773030001786537,83.10755400088965,0.2786490003927611
1241,84.21527999962564,0.98218999846722,81.08541600086028,0.27542699899640866
1242,86.07625199874747,1.4866540004732087,83.30309099983424,0.35335400025360286
1243,84.70774500165135,0.9992259983846452,80.76183999946807,0.28281599952606484
1244,85.64973199827364,1.0940780011878815,83.38890699815238,0.2692790003493428
1245,80.02300299995113,0.9839670019573532,77.50227100041229,0.28998299967497587
1246,90.4883629991673,4.243592000420904,85.12533999964944,0.3000569995492697
1247,87.0887560013216,1.012041000649333,83.12755299994024,0.29431599978124723
1248,81.06772999963141,1.042244999553077,77.03006500014453,0.2741860007517971
1249,87.02231099960045,0.8770590029598679,83.56816700324998,0.2783900017675478
1250,79.7800210020796,1.0464109982422087,77.48595600060071,0.3707229989231564
1251,87.70833299786318,0.940855999942869,82.85218300079578,0.27722399681806564
1252,79.68216900189873,1.029966999340104,77.50306700108922,0.31131600189837627
1253,83.24773899948923,1.0857639972527977,81.03363800182706,0.2668529996299185
1254,88.84618899901398,0.9878560013021342,86.70218000042951,0.29918699874542654
1255,80.84132200019667,1.103596998291323,77.5039750005817,0.2854090016626287
1256,91.35320000132197,1.0567819990683347,89.03026400003,0.3274829978181515
1257,81.57152899730136,0.9350590007670689,78.07590300217271,0.2709079999476671
1258,82.00290100285201,0.9812069984036498,79.91196600050898,0.283649998891633
1259,84.03368699873681,1.02565199995297,81.89284400214092,0.2807789969665464
1260,79.67170600022655,1.0728929992183112,77.43991799725336,0.31790900175110437
1261,81.70060300108162,1.505895001173485,79.02112900046632,0.2818159991875291
1262,85.73147299830453,3.0220680018828716,81.57362100246246,0.2837050014932174
1263,80.24931899853982,1.200709000841016,77.90473500062944,0.27837100060423836
1264,90.68045599997276,1.8274340000061784,87.42421999704675,0.3003900019393768
1265,81.33934299985413,0.97639299929142,77.93592100279056,0.29816800088156015
1266,79.96111400279915,1.0005589974753093,77.78293799856328,0.29048299984424375
1267,84.71717199790874,1.9917679965146817,81.49869499902707,0.28990799910388887
1268,83.9420020020043,0.9363190001749899,80.10254100008751,0.31583399686496705
1269,90.8134559977043,1.067708999471506,88.61991000230773,0.28570500217028894
1270,88.7387820002914,1.1027639993699268,86.53466100076912,0.2726870006881654
1271,82.20021600209293,1.842359000875149,79.21161099875462,0.2736870010267012
1272,84.44109699848923,1.7831549994298257,81.52076900296379,0.2831489982781932
1273,81.48419500139426,1.1325230007059872,77.8657730006671,0.2779829992505256
1274,82.68088499971782,0.990041000477504,80.58211800016579,0.27314900216879323
1275,81.57313999981852,2.0165639980405103,78.41942300001392,0.2766309989965521
1276,80.90993299992988,2.088786000967957,77.60838299873285,0.2811680024024099
1277,92.57609400083311,1.0463369981152937,90.40580700093415,0.3070759994443506
1278,82.90133099944796,1.1477829975774512,80.51704299941775,0.3814830015471671
1279,96.73529599967878,2.0432489982340485,93.47759799857158,0.3028899991477374
1280,83.6795750001329,1.1359489981259685,81.3006200005475,0.28731599741149694
1281,84.31315100096981,1.1164860006829258,80.12594899992109,0.27314900216879323
1282,94.27680499720736,1.202116000058595,90.50697299971944,0.3017979979631491
1283,87.8794439995545,1.1107079990324564,85.60582300196984,0.28531600037240423
1284,91.7827200028114,1.034763001371175,89.64978500080178,0.2768720005406067
1285,84.48624499942525,1.0781529999803752,82.26255000045057,0.296574999083532
1286,86.48282699869014,1.6012099986255635,83.70744500280125,0.2996870025526732
1287,86.2446409992117,1.0913749974861275,83.9842610002961,0.32427900077891536
1288,82.76992300307029,1.0057819999929052,80.63678400139906,0.28239099992788397
1289,87.94750000015483,2.0365089985716622,84.7015969993663,0.34115000016754493
1290,83.71127799910028,1.270301996555645,80.55093200164265,0.2973529990413226
1291,86.3126789990929,1.343469000858022,83.66357400154811,0.3979280008934438
1292,90.03287900122814,1.1770609999075532,87.28672000142979,0.2787240009638481
1293,84.95791299719713,1.059207999787759,82.77125599852297,0.2722229983191937
1294,84.98024700020324,1.0965780020342208,82.71355200122343,0.2830749981512781
1295,81.41617700312054,1.050893002684461,78.42121900102939,0.28192699755891226
1296,94.69347299818764,1.0200040014751721,91.30849599750945,0.2786490003927611
1297,79.71898300093017,1.0308929995517246,77.57012299771304,0.27763099933508784
1298,79.83639200028847,1.5439509988937061,77.15717700193636,0.2774090025923215
1299,94.92028900058358,1.781507999112364,91.99455400084844,0.27644600049825385
1300,83.17310999700567,1.7579699997440912,80.29515299858758,0.28022299738950096
1301,85.06508000209578,1.095653002266772,82.68482999847038,0.29068599906167947
1302,84.14029900086462,1.393950999045046,81.43136100261472,0.29550100225606
1303,179.3361809977796,1.116023999202298,176.97887499889475,0.3065750024688896
1304,86.23145599995041,2.4214909972215537,82.60990299822879,0.2984269995067734
1305,85.90710299904458,1.0332080018997658,83.72316699751536,0.28401999952620827
1306,83.55029599988484,1.1057830015488435,81.26195300064865,0.2899819992308039
1307,83.78698300293763,1.3369319967750926,81.27821299785865,0.2909459981310647
1308,88.15712999785319,1.1591709990170784,85.85034299903782,0.3046120000362862
1309,86.73614399958751,1.1364489982952364,84.43950400032918,0.287389997538412
1310,88.2303159996809,1.7200440015585627,85.25880399974994,0.35822299832943827
1311,83.80907500031753,1.1616529991442803,80.000818001281,0.2987420011777431
1312,89.33317300034105,1.0534119974181522,86.97192199906567,0.3129819997411687
1313,85.71028699952876,2.473750999342883,81.94612299848814,0.31318599940277636
1314,81.04780400026357,1.1381900003470946,78.75422100187279,0.27974200202152133
1315,82.80244100023992,1.2314680025156122,80.01846699698945,0.29357499806792475
1316,81.42517700252938,1.82054499964579,78.3925529976841,0.29922400062787347
1317,86.32452999881934,1.0594669984129723,83.99366799858399,0.38507499994011596
1318,82.48558799823513,1.6794330003904179,79.13226000164286,0.2865009992092382
1319,81.80762200208846,2.577307001047302,77.84749400161672,0.2765560020634439
1320,84.98809899901971,2.680289002455538,81.05765700020129,0.2757050024229102
1321,80.26782000160892,1.355395001155557,77.56066000001738,0.28335299793980084
1322,84.50144800008275,1.763044001563685,81.6185849980684,0.27342700195731595
1323,89.96521299923188,2.0398790002218448,86.68649500032188,0.32559399915044196
1324,85.99836199937272,1.0574859988992102,83.7966859980952,0.293483000859851
1325,87.2994599994854,1.383691000228282,84.04105799854733,0.3011310000147205
1326,90.1137690016185,1.0832629996002652,87.20096000251942,0.44481700024334714
1327,86.28815900010522,1.2375240003166255,83.32925899958354,0.28296399977989495
1328,82.93010899797082,1.0491890025150497,79.14431500103092,0.2773529995465651
1329,80.26909700129181,1.0449309993418865,78.06460600113496,0.3005940016009845
1330,83.98331699936534,1.008004997856915,80.20591199965565,0.287038001260953
1331,81.14137899974594,2.4865109990059864,77.53690100071253,0.3087049990426749
1332,86.85642099953839,1.2073750003764872,84.38480000040727,0.3614639972511213
1333,81.33080600237008,0.9831530005612876,78.95057400310179,0.4245939999236725
1334,81.1102489969926,1.089060002414044,78.86440600123024,0.311482999677537
1335,85.5369340024481,1.2774310016538948,83.08870100154309,0.3023709978151601
1336,85.02489599777618,1.0608560005493928,82.80247799848439,0.3004829995916225
1337,88.1462970028224,0.9961710020434111,85.2345620005508,0.2964650011563208
1338,85.84482399965054,1.4633950013376307,83.0828130019654,0.3045939993171487
1339,84.40883799994481,1.019171002553776,82.00795700031449,0.28022300102747977
1340,91.64168200004497,1.1474500024633016,89.32454300156678,0.3401499998290092
1341,89.50680300040403,1.0524309982429259,87.32459000020754,0.2858340012608096
1342,88.13050099706743,1.2450979993445799,85.73739799976465,0.2739829978963826
1343,81.92993700140505,1.1658939984044991,79.599558001064,0.27792699984274805
1344,81.602843998553,0.9686520024843048,79.52166799805127,0.26844500098377466
1345,84.71585700317519,0.9345779981231317,80.47161699869321,0.26731599791673943
1346,81.58921399808605,2.1890830030315556,78.17214399983641,0.3576500021154061
1347,87.10132999840425,3.0152170002111234,82.94297899919911,0.2776120018097572
1348,82.90094200128806,0.9829299997363705,79.93248499769834,0.2876859980460722
1349,80.58065400109626,1.0530789986660238,78.3417750026274,0.27103799948235974
1350,87.22234900051262,3.228681001928635,82.8059410014248,0.33498300035716966
1351,82.15253099842812,0.9686710000096355,80.01741100088111,0.2843530019163154
1352,82.47619900066638,1.1515790029079653,80.14498599732178,0.31616799969924614
1353,87.51996199862333,1.0548940008447971,85.37963700291584,0.2853159967344254
1354,82.46712500113063,1.0173190021305345,78.28660800078069,0.37576099930447526
1355,92.6883350002754,2.3757319977448788,88.80748600131483,0.28213100085849874
1356,82.64755200070795,1.9973790003859904,79.52224299879163,0.2776500004983973
1357,86.50534499975038,1.0453930008225143,84.30042899999535,0.2840390006895177
1358,83.29838799909339,1.0626709990901873,79.47809400138794,0.2807609998853877
1359,82.0374940012698,2.2176940001372714,78.63701699898229,0.2959830017061904
1360,83.73579699764377,1.0042819994851016,81.23293500102591,0.27968600261374377
1361,81.2971200030006,0.9414490014023613,78.5488119981892,0.31322400172939524
1362,83.9685209975869,0.9811519994400442,81.79458499944303,0.3720940003404394
1363,86.96201400016434,2.2608239996770862,83.15885000047274,0.2917419988079928
1364,81.45565800077748,1.9747669975913595,78.24912599971867,0.27474200032884255
1365,86.78882900130702,1.026227000693325,84.65737500227988,0.2876680009649135
1366,81.52176899966435,2.8989200000069104,77.41997400080436,0.3616310023062397
1367,90.15221299705445,2.020804000494536,86.86231000319822,0.3662979979708325
1368,83.25455500016687,1.2093759978597518,80.34396800212562,0.2732229986577295
1369,80.51352400070755,0.9722260001581162,77.18221399773029,0.31983399821911007
1370,88.1640570005402,1.1537270002008881,85.84843599965097,0.2770200007944368
1371,79.93724400148494,1.0393560005468316,77.74167900061002,0.3176120007992722
1372,83.04716400016332,1.0736709991761018,80.7540620007785,0.32537099832552485
1373,83.46916699883877,1.3669129984918982,79.19764799953555,0.32190799902309664
1374,80.81934000074398,0.9853750016191043,78.70897999964654,0.28866799766547047
1375,89.46613599982811,1.1789500022132415,87.09216299757827,0.2995939976244699
1376,83.1169429984584,1.1121530005766544,80.77924800090841,0.2818909997586161
1377,91.86522000163677,0.9554489988659043,89.14698700027657,0.285668000287842
1378,86.75547699749586,2.3369919981632847,82.49993999925209,0.3164270019624382
1379,83.88237200051663,1.2419869999575894,81.38041599886492,0.31685300200479105
1380,88.33929799948237,1.2531529973784927,85.81700899958378,0.29709400041610934
1381,86.78747600060888,2.2382509996532463,83.3366280021437,0.31640799716115
1382,86.44729099978576,0.9398190013598651,81.4187319992925,0.2854830017895438
1383,81.73621400055708,1.062671002728166,79.57353899837472,0.28309399931458756
1384,88.63785500216181,1.0150419984711334,84.61798600183101,0.27816800138680264
1385,87.61551699717529,2.3235660009959247,84.1387799991935,0.2810380028677173
1386,83.94033500007936,0.9875969990389422,79.95692899930873,0.2704640028241556
1387,81.6975480011024,1.110912002332043,79.31148200077587,0.37300099938875064
1388,83.12116500019329,1.8538969998189714,79.64135400106898,0.28676100191660225
1389,81.35454700095579,1.8036739966191817,78.43919999868376,0.30046399842831306
1390,87.11656999730621,1.172800999484025,84.77319099984015,0.2744089979387354
1391,79.97328200144693,1.671191999776056,77.18810300139012,0.2706500017666258
1392,80.69674700163887,1.2084679983672686,78.18825499998638,0.3194269993400667
1393,82.2832349986129,0.9827079993556254,80.17763399766409,0.26840799910132773
1394,79.97333700041054,1.044225999066839,77.81193899791106,0.2732419998210389
1395,85.55476800029282,1.043651998770656,83.3087950013578,0.2752049986156635
1396,83.18233200043323,1.0590040001261514,80.98917399911443,0.27913099984289147
1397,81.53208399744472,0.9815599987632595,79.39974200053257,0.27776099886978045
1398,83.58737100206781,1.072319002560107,81.25785999800428,0.2748529987002257
1399,85.77954599968507,1.0401889994682278,83.49109300252167,0.35129699972458184
1400,83.65748199867085,1.0410599970782641,81.45201000297675,0.29877900306019
1401,81.7008080011874,1.2279119982849807,79.14077800160157,0.27155700081493706
1402,80.64087599996128,1.1213380021217745,78.31970000188448,0.3198160011379514
1403,104.25001299881842,1.0083560009661596,102.09561500232667,0.30852000054437667
1404,130.45955000052345,1.090133999241516,128.12922499870183,0.38463100281660445
1405,118.34923900096328,1.2118569975427818,115.17559599815286,0.30320500081870705
1406,109.20005300067714,1.0959119972540066,106.5650970012939,0.5612249988189433
1407,92.6209459976235,1.4432099997065961,89.53641399784829,0.2772609987005126
1408,83.25348000289523,1.891545001853956,80.22976400025073,0.2780940012598876
1409,83.93285399870365,1.5850250019866508,81.21562000087579,0.2690939982130658
1410,87.77944299799856,1.7431369997211732,84.79157900001155,0.3849829990940634
1411,80.01480000166339,1.1234300000069197,77.63062400044873,0.32383500001742505
1412,87.00827400025446,1.3293390002218075,84.54485599941108,0.28075999944121577
1413,83.07099800003925,1.10393000068143,80.82439599820646,0.2810379992297385
1414,79.52226099951076,1.0125780027010478,77.40860400008387,0.27988999863737263
1415,80.79321100012749,1.9074160009040497,77.62195599934785,0.2780559989332687
1416,82.93257200057269,1.0005229996750131,80.80493300076341,0.28033399939886294
1417,78.73518300038995,1.0090969990415033,76.61647100030677,0.27576099819270894
1418,86.16417799930787,1.057800996932201,83.95553900118102,0.2816870000970084
1419,93.89661800014437,1.1069680003856774,91.51090399973327,0.3816309981630184
1420,104.73425600139308,1.3406910002231598,101.83696599779068,0.28205600028741173
1421,106.13061299955007,1.053874999342952,103.92443799719331,0.31018699883134104
1422,99.92512499957229,1.1556159988685977,97.50518899818417,0.2837229985743761
1423,86.33549300066079,1.1841529994853772,84.00307600095402,0.30477899781544693
1424,82.61336699797539,0.9661149997555185,80.53217199994833,0.2874830024666153
1425,84.63167100126157,0.9844479973253328,80.15396799964947,0.3007790000992827
1426,87.47296100045787,1.4281719995778985,82.95536799778347,0.2834090009855572
1427,83.91864999794052,1.036984998791013,81.76743700096267,0.27948299975832924
1428,81.83554800052661,1.0110220027854666,79.73433599909185,0.28442699840525165
1429,87.01964500141912,0.9879120007099118,83.67585300220526,0.27831600164063275
1430,81.99332699950901,1.079875000868924,79.69889199739555,0.3409450000617653
1431,81.21200800087536,1.4936539992049802,78.5064230003627,0.2768160011328291
1432,88.60774399727234,1.0511889995541424,84.04061300097965,0.29103799897711724
1433,85.40206399993622,1.5249700009007938,82.60097699894686,0.29646400071214885
1434,89.8594710015459,2.73703000129899,85.78017600302701,0.30329800210893154
1435,82.32888400016236,1.0594669984129723,80.08817099835142,0.3098339984717313
1436,81.41265700032818,1.144616002420662,79.02266599921859,0.3252240021538455
1437,91.05490200090571,1.1055790018872358,88.82163299858803,0.2781859984679613
1438,81.68617799674394,0.9731340032885782,79.57707600144204,0.28168599965283647
1439,86.89097700334969,1.9228050005040132,83.77537199703511,0.29974200151627883
1440,85.17346999724396,2.439972999127349,81.53873199989903,0.33607500154175796
1441,81.52686200264725,1.0535789988352917,79.3767229988589,0.26975999935530126
1442,84.68750499741873,0.9022820013342425,81.86053000099491,0.27211199994781055
1443,83.05381299942383,1.0688750007830095,80.82739599922206,0.2741489988693502
1444,86.30964100302663,1.0205600010522176,84.19087299989769,0.2829080003721174
1445,83.35360999990371,1.7882289976114407,80.40102399900206,0.2774820022750646
1446,80.40919099948951,0.9250410003005527,76.86224999997648,0.2842600006260909
1447,91.44371799993678,2.7618079984677024,87.5368310007616,0.2867049988708459
1448,80.93641500090598,1.0220779986411799,78.67968299979111,0.38150099862832576
1449,84.14781799729099,1.870304000476608,81.07002600081614,0.2736859969445504
1450,81.88797399998293,2.9604570008814335,77.70240099853254,0.3256499985582195
1451,82.20321699991473,0.9935039997799322,80.11587399960263,0.27596400104812346
1452,82.3501060003764,1.2102090004191268,79.97904000148992,0.3237230012018699
1453,85.07435900173732,1.848878000600962,81.9828090025112,0.2892600023187697
1454,89.73178499945789,1.0933010016742628,87.34575699781999,0.2763900010904763
1455,88.83294800034491,1.7565259986440651,85.96801100065932,0.27018699984182604
1456,85.38893399963854,1.11361600283999,83.11214599962113,0.2876489998016041
1457,82.05491999979131,0.9440039975743275,79.99004099838203,0.2747979997366201
1458,87.20366299894522,1.1498200001369696,84.94863600208191,0.2746129976003431
1459,144.65166499940096,2.1675460011465475,141.15950199993677,0.3110010002274066
1460,134.41841800158727,1.097264001145959,131.24603499818477,1.0505780010134913
1461,146.33093199881841,4.677074997744057,137.80291299917735,0.40774300214252435
1462,139.23893800165388,1.536247000331059,135.61938599741552,0.6647250011155847
1463,152.5916979990143,2.0385089992487337,148.5853859994677,0.5029099993407726
1464,175.08455300048809,2.559770000516437,170.30508699826896,0.6380579980032053
1465,126.05330899896217,2.4653800028318074,120.0996910010872,0.49966900041908957
1466,106.99932100033038,1.6038770008890424,103.64856600062922,0.28994600143050775
1467,81.15991600061534,1.099171000532806,78.88985099998536,0.3202980005880818
1468,79.59529800064047,1.0517820010136347,77.30269600142492,0.32066800122265704
1469,84.10692799952812,0.9581900012562983,81.94645599724026,0.32844499946804717
1470,80.82680399820674,1.0889300028793514,78.58944200052065,0.28877899967483245
1471,86.65566100171418,1.1424670010455884,84.28737400026876,0.36781599919777364
1472,80.85528499941574,1.417321000189986,77.78575400152477,0.31920499895932153
1473,79.18166699892026,1.0617460029607173,76.94569399973261,0.28600099903997034
1474,90.34064000297803,1.774229996954091,87.41810900028213,0.27802000113297254
1475,88.92417099923478,0.9592259993951302,86.86090300034266,0.2762609983619768
1476,104.22169799858239,1.048837999405805,102.04946699741413,0.28490900149336085
1477,119.73557800229173,1.1060600008931942,117.43473599926801,0.30022300052223727
1478,99.5986419984547,1.3333390015759505,97.10464900126681,0.2865940004994627
1479,105.43363000033423,1.0211709995928686,103.25791600189405,0.2707049970922526
1480,82.46601399878273,1.0330779987270944,80.32559799903538,0.27126100030727684
1481,79.92574400122976,1.0536709996813443,77.6685679993534,0.2990200009662658
1482,82.87012700020568,2.321880001545651,79.16411100086407,0.2869830022973474
1483,83.40368399876752,1.9052860006922856,80.34561599924928,0.33155699929920956
1484,86.8459029989026,1.1537460013641976,84.44131899886997,0.34013099866569974
1485,82.88429400272435,1.1745230003725737,80.31672799916123,0.2723340003285557
1486,84.89604299757048,1.0516900001675822,82.68084800147335,0.3142610003123991
1487,87.29877500081784,1.9234529972891323,83.53444399836008,0.2930750015366357
1488,83.78357499896083,1.1148189987579826,81.49112099999911,0.29633400117745623
1489,86.52562400311581,0.9917999996105209,84.37448499898892,0.27914900056202896
1490,86.98560699849622,1.1239310006203596,84.73452299949713,0.2747790022112895
1491,87.44755299994722,0.9951339998224284,83.1836100005603,0.3596120004658587
1492,85.17593299984583,1.0657819984771777,82.52625500244903,0.39072399886208586
1493,83.19514699905994,1.4661540008091833,80.36237499982235,0.2730939995672088
1494,87.10834800149314,1.0820790012076031,84.80389400210697,0.27572299950406887
1495,80.81030399989686,0.9867820008366834,77.54790100079845,0.27916700128116645
1496,95.82257000147365,3.978961001848802,90.13071300068987,0.5518719990504906
1497,85.18737799749942,1.6114700010803062,81.89015999960247,0.2989269996760413
1498,85.16530300039449,1.0806159989442676,82.96233100190875,0.292224001896102
1499,88.23450099953334,1.023523000185378,86.01650999844423,0.2829449986165855
1500,97.84954200222273,1.0811149986693636,95.51180999915232,0.31124299857765436
1501,100.24756999700912,2.475010998750804,96.31316500235698,0.38144599966472015
1502,94.84941800110391,1.0187270017922856,92.36300100019434,0.42237199886585586
1503,112.49256700102706,2.3288800002774224,108.59195699958946,0.31898299857857637
1504,103.05995299859205,1.1069490028603468,100.57240500100306,0.48639099986758083
1505,93.47189300024183,1.145189999078866,90.67043699906208,0.29914900005678646
1506,85.34322999912547,1.0324120012228377,83.12014700277359,0.32253799872705713
1507,92.62976100217202,1.1872639988723677,90.03969400146161,0.28979800117667764
1508,83.43875900027342,1.9138410025334451,80.37641299961251,0.2906869995058514
1509,86.13126999989618,0.9961899995687418,83.91589100210695,0.3705749986693263
1510,86.06508500088239,1.1223940018680878,83.38803699734854,0.2859460000763647
1511,83.25001699995482,0.9881149999273475,81.13537899771472,0.2853719997801818
1512,92.60713099865825,1.042968000547262,90.17241699984879,0.4683539991674479
1513,101.35088999959407,1.4866359997540712,98.24563600341207,0.28105700039304793
1514,103.72858499977156,2.372824998019496,99.96399499868858,0.28324199956841767
1515,97.47591099949204,1.00567000117735,95.36956900046789,0.27113100077258423
1516,109.17088499991223,1.299765001022024,106.71411599832936,0.29431599978124723
1517,92.52329800074222,2.6912890025414526,88.40239100027247,0.2895380021072924
1518,87.31366400024854,1.2120229985157494,84.96213500257,0.27170500106876716
1519,90.63641900138464,0.9653930028434843,88.57607699974324,0.28015000134473667
1520,80.09642999968491,1.0279669986630324,77.86890200077323,0.31601999944541603
1521,88.06827800071915,1.0671900017769076,85.67276900066645,0.3561869998520706
1522,79.63000199742964,0.9930220003298018,77.51480799925048,0.2740560012171045
1523,86.37204900151119,1.1574119998840615,84.05518799918354,0.2820940026140306
1524,80.33267199789407,1.0569299993221648,78.1065330011188,0.2834269980667159
1525,84.15709499968216,1.2430979986675084,81.76593700045487,0.33172300027217716
1526,91.48073700271198,0.9832260002440307,87.72938799666008,0.2779460010060575
1527,81.0400819973438,1.6546359984204173,78.25410800069221,0.2789450009004213
1528,83.73787200252991,1.0863739989872556,81.42313999996986,0.3641500006779097
1529,81.98428899777355,0.9747259973664768,79.84820699857664,0.3123339993180707
1530,83.57650100151659,3.2157730020117015,79.24040799844079,0.27461200079414994
1531,93.69217199855484,1.7111740016844124,90.80901199922664,0.28255700090085156
1532,82.23340200129314,0.947299999097595,78.50081200012937,0.32398299663327634
1533,89.32535799976904,0.9695590015326161,87.0549969986314,0.26944599812850356
1534,81.23263800007408,1.008301002002554,79.03118500325945,0.35029799983021803
1535,84.79911700123921,1.083153001673054,82.56566300042323,0.2821870002662763
1536,82.2130679989641,1.1248940027144272,79.73940999727347,0.2762789990811143
1537,81.05612000144902,0.9825230008573271,78.94970199777163,0.2700020013435278
1538,85.40852599981008,1.0466340027051046,83.25584999693092,0.27211199994781055
1539,81.0751379976864,0.9206149989040568,78.17997800157173,0.28518700128188357
1540,80.53428399944096,1.0634680002112873,78.32510699881823,0.29014900064794347
1541,86.19428900055937,1.2008009980490897,81.56356499966932,0.27311300073051825
1542,82.16479000111576,2.551269997638883,78.39564499954577,0.3342789968883153
1543,86.88968099886551,0.9333739981229883,83.10809099930339,0.2771680010482669
1544,83.92074299990782,1.8289519975951407,80.97137799995835,0.2751680003711954
1545,85.35891500287107,0.9670779982116073,83.31096199981403,0.27357499857316725
1546,84.64639299927512,2.4233990006905515,81.09824900020612,0.27802000113297254
1547,85.06869199845823,1.0942639964923728,82.80181199734216,0.28198300060466863
1548,93.35544900022796,1.82630400013295,90.27189799962798,0.3513350020512007
1549,80.49896900047315,1.0310040015610866,78.16938500036485,0.3124649992969353
1550,80.51057899865555,1.0377270009485073,78.32097799837356,0.3052969987038523
1551,84.85146900056861,2.096101001370698,81.57862200096133,0.2891120020649396
1552,80.8765809997567,1.2427269975887612,78.4198479996121,0.2850380005838815
1553,88.11777899973094,3.476866997516481,83.52733299761894,0.27629800024442375
1554,86.42575300109456,1.0389300005044788,84.25063200047589,0.2860749991668854
1555,81.47197300058906,1.1329869994369801,79.1854630006128,0.28057500094291754
1556,91.00582799874246,1.0508010018384084,88.76892999978736,0.28774200109182857
1557,80.62000599966268,0.9879300014290493,78.52792300036526,0.27113100077258423
1558,92.46705600162386,1.0290780010109302,90.27324999988195,0.28487099916674197
1559,82.93468299962115,1.733766999677755,79.3700930007617,0.28838999787694775
1560,94.041340998956,1.1285790023976006,91.33723600098165,0.31709399991086684
1561,85.65848999933223,1.3895430020056665,83.10579400131246,0.3054270018765237
1562,85.57412000300246,1.2998390011489391,83.05499799826066,0.30163100018398836
1563,95.21753099761554,1.1957089991483372,89.55389599941554,0.2893529999710154
1564,85.30552600132069,2.4677139990672003,81.62628800346283,0.2979830023832619
1565,86.40040099999169,2.124749000358861,83.11503600270953,0.2944270017906092
1566,84.60307800123701,1.6033780011639465,81.05373099897406,0.31383399982587434
1567,85.29785899736453,1.0655969999788795,80.10094899873366,0.2925379994849209
1568,86.58625400130404,2.558585001679603,82.84807100062608,0.33285300014540553
1569,82.70103399991058,1.1040790013794322,80.3341159989941,0.30607599910581484
1570,85.40895199985243,1.1114310000266414,83.10572000118555,0.29577899840660393
1571,83.86194600097951,1.0116150006069802,81.65621499938425,0.3134639991912991
1572,83.35420299772522,1.0900779998337384,81.08208199701039,0.28572399969561957
1573,88.12050100095803,2.1195090012042783,84.83613499993226,0.2946860004158225
1574,85.45728600074654,1.138671999797225,82.98873900275794,0.343667998095043
1575,92.20618399922387,1.0680410014174413,89.97956399980467,0.3038529976038262
1576,89.05443099865806,1.0695230012061074,86.82908799892175,0.29342699781409465
1577,93.758451002941,1.0665419977158308,91.5082559986331,0.29140900005586445
1578,86.35160399717279,1.1052449990529567,84.03229800023837,0.2835750019585248
1579,81.62158500272199,0.9649109997553751,79.52592800211278,0.2709079999476671
1580,106.51794899968081,1.0429859976284206,104.28851400138228,0.2879269995901268
1581,100.04921699874103,2.167768998333486,96.74357400217559,0.2816120031639002
1582,100.7186470014858,1.13874599992414,98.34206199957407,0.36672399801318534
1583,97.22659500039299,1.0261339994031005,94.72621399982017,0.3313529996376019
1584,98.99428700009594,2.135380000254372,95.696181000676,0.27772400062531233
1585,87.95979599744896,2.631418999953894,84.2185959991184,0.2769090024230536
1586,81.03476800170029,1.1459859997557942,78.71340599740506,0.27544499971554615
1587,92.43213000081596,1.0719670026446693,89.19008000157191,0.38263100213953294
1588,86.9565139983024,1.217485998495249,84.10935400024755,0.2831310011970345
1589,80.35506099986378,1.0195590002695099,78.23732899851166,0.27950100047746673
1590,87.60085099856951,1.0496530012460425,85.40193400040152,0.272853001661133
1591,81.68501000182005,2.0311200023570564,78.5003119999601,0.27313100144965574
1592,82.80727500095963,0.94222600091598,79.05181500245817,0.35220499921706505
1593,84.54581899786717,1.9945269996242132,81.30936100133113,0.2975759998662397
1594,79.44516800125712,1.0417259982204996,77.30756599994493,0.2794270003505517
1595,88.6062249992392,1.0916899991570972,86.3214010023512,0.3063339972868562
1596,95.32479100016644,1.154727000539424,92.76768700146931,0.3297240000392776
1597,105.25398000027053,1.255802002560813,102.42108000238659,0.2827790012815967
1598,103.86049299995648,1.0255599991069175,101.72424300253624,0.26753899874165654
1599,107.81223199956003,2.2588239990000147,104.25942099755048,0.30653800058644265
1600,86.44056800039834,1.7148770020867232,83.56538900261512,0.2949639965663664
1601,84.66804199997569,1.060244998370763,82.48777400149265,0.28255700090085156
1602,82.70612599881133,1.058023000950925,80.50743200146826,0.2762240001175087
1603,89.55428500121343,1.5712660024291836,86.84238499699859,0.2725749982346315
1604,89.86800799902994,1.0821159994520713,87.6604059994861,0.26487099967198446
1605,82.85094200255116,1.0117080018972047,78.86010999936843,0.2848350013664458
1606,81.16548999896622,1.0762269994302187,78.84120200105826,0.2990379980474245
1607,84.39176300089457,1.3373389992921147,81.74095600043074,0.2747230028035119
1608,80.61544999873149,1.4357279978867155,78.03492099992582,0.29224200261523947
1609,85.8141210010217,1.0474109985807445,83.6631860001944,0.29407500187517144
1610,81.07752700016135,1.0705790009524208,78.90049900015583,0.2748160004557576
1611,85.60510099778185,1.0706520006351639,83.32338800028083,0.32424199889646843
1612,85.81115800188854,1.4872280007693917,82.65273699726094,0.28809400100726634
1613,83.60449999963748,1.0202080011367798,81.41841699762153,0.2964079976663925
1614,87.10034899922903,1.8053780004265718,84.1274650010746,0.29472399910446256
1615,86.8131249990256,1.016004000121029,84.64433799963444,0.28624200058402494
1616,90.60399300142308,2.360843998758355,87.01157099858392,0.2725570011534728
1617,80.83939599964651,1.0750420005933847,78.56197900036932,0.30902000071364455
1618,85.12913600134198,1.6437289996247273,82.26992100026109,0.30109399813227355
1619,87.71516599881579,1.046596997184679,85.33197099677636,0.2980009994644206
1620,83.4693149990926,1.167338003142504,81.06030499766348,0.37322400021366775
1621,88.83109599992167,1.4252840010158252,86.22277099857456,0.3000569995492697
1622,82.54440300152055,1.1757639986171853,80.0495219991717,0.2734080007940065
1623,80.85211900106515,1.0316529987903778,78.71271999829332,0.28203799956827424
1624,85.56467499874998,1.077929999155458,83.31948100021691,0.30496399995172396
1625,80.35730099800276,1.146671002061339,78.06851400164305,0.27909399796044454
1626,82.60370000061812,1.0063749978144187,80.49680200201692,0.27618700187304057
1627,84.82587600155966,1.1855049997393508,81.97049400041578,0.3043530014110729
1628,82.20373500080314,1.3173389997973572,79.55442800084711,0.2744270022958517
1629,85.64386099897092,1.1386339974706061,83.37188899895409,0.27090900039183907
1630,82.42251399860834,0.9974669992516283,80.30196800245903,0.26324200007366017
1631,84.61354199971538,1.0986900015268475,82.37462500255788,0.2688900021894369
1632,85.05996900203172,1.4265799982240424,82.36192099866457,0.2815189982356969
1633,84.10450299925287,1.109652999730315,81.74832599979709,0.2788160018099006
1634,85.6162679992849,1.0212449997197837,83.38453599935747,0.3147230017930269
1635,99.41080700082239,1.0421340011816937,97.19779899751302,0.3262599966546986
1636,144.84877699942444,1.4684690031572245,139.34725299986894,0.30455699743470177
1637,103.79364099935628,0.9992820014304016,101.66559500066796,0.2841499990609009
1638,99.34862199952477,2.138286999979755,96.06196099775843,0.2677789998415392
1639,104.4228850005311,1.08804099727422,101.9738189970667,0.3679270012071356
1640,82.56803300173488,1.2204310005472507,79.4601679990592,0.2756120011326857
1641,86.2633629985794,1.0386710018792655,81.09211999908439,0.28096399910282344
1642,83.25494300152059,2.1492499981832225,79.76587300072424,0.49870600196300074
1643,89.85319400017033,2.1032309996371623,85.34195199899841,0.29025999901932664
1644,81.05228599742986,1.0930610005743802,78.75964600316365,0.29605700183310546
1645,92.88026100330171,3.061493996938225,88.58428099847515,0.37851999877602793
1646,85.51769399855402,1.806674998078961,82.06827200046973,0.30648300162283704
1647,83.72883400079445,1.1331159985275008,81.29543500035652,0.3930020029656589
1648,84.56280099926516,1.2881909970019478,81.94634499886888,0.2884459972847253
1649,85.21284000016749,1.0194120004598517,83.03605399851222,0.32466800257680006
1650,88.01218599910499,1.0747270025603939,85.74613900054828,0.33987200004048645
1651,82.25455000138027,1.0770410008262843,79.92976300010923,0.32359400211134925
1652,89.2301169988059,1.7465070013713557,86.33278999695904,0.2806860029522795
1653,83.62029600175447,1.6270440028165467,80.09685599972727,0.3016869995917659
1654,79.04190699991887,1.054708001902327,76.7795460014895,0.2747609978541732
1655,90.62258599806228,1.097300999390427,88.25109399913345,0.3607420003390871
1656,94.00263700081268,1.4690989992232062,89.79306400215137,0.26672300009522587
1657,114.2652589987847,1.1158560009789653,111.78947100052028,0.2755939967755694
1658,94.40613799961284,1.6856550028023776,91.41107100003865,0.40261300091515295
1659,99.72347599978093,2.0928800004185177,96.16684900174732,0.27276000037090853
1660,84.80561700343969,1.9065449996560346,81.72415900116903,0.3004280006280169
1661,84.35194699995918,1.1017999968316872,81.51800999985426,0.28731600104947574
1662,81.5227329985646,1.0870969999814406,79.2624630012142,0.28376000045682304
1663,80.1462259987602,1.0237639980914537,78.02251300017815,0.27726000189431943
1664,88.20142699914868,1.2815980007871985,85.76515700042364,0.281019998510601
1665,80.6321360032598,1.000151998596266,77.9364580012043,0.2712600035010837
1666,87.83725899775163,1.17615300041507,85.49210099954507,0.29127900052117184
1667,84.20672500142246,1.139818999945419,81.75891900100396,0.2941860002465546
1668,83.95600199946784,2.231695001682965,80.55224700001418,0.30142800096655264
1669,86.3333640008932,1.1258750018896535,84.07179799905862,0.2855200000340119
1670,84.11852099743555,1.405357998010004,81.48488000006182,0.3244829968025442
1671,94.8133810015861,1.8193040014011785,91.88192399960826,0.3018159986822866
1672,85.82149100038805,0.9845040003710892,81.80602999709663,0.302483000268694
1673,88.38148399809143,1.110949000576511,85.93941700019059,0.44539099690155126
1674,82.92538600289845,1.9223419985792134,79.31887099766755,0.296761001663981
1675,82.35092099857866,1.0354300029575825,80.18281999829924,0.2832790014508646
1676,92.79016900109127,0.9726339994813316,88.98717100237263,0.29840899878763594
1677,82.60086600057548,0.9905600018100813,80.50543200079119,0.29326099684112705
1678,88.47157699710806,2.298658000654541,84.96146900142776,0.29340900073293597
1679,83.75368600172806,1.1690790015563834,81.30250900285318,0.3617430011217948
1680,83.91340899834177,1.128374999098014,81.46417600073619,0.2693720016395673
1681,86.49975300068036,1.1969679981120862,84.12792899980559,0.3231679984310176
1682,80.48306099954061,1.5845989983063191,77.71662400045898,0.2710010012378916
1683,79.5144830008212,1.1225610032852273,77.18378800200298,0.29011199876549654
1684,89.34415499970783,1.1203569993085694,86.9323839979188,0.2839090011548251
1685,84.81187500001397,0.9875409996311646,82.57995899839443,0.2917599995271303
1686,86.17245600180468,2.0619720016838983,83.03005300331279,0.26751900077215396
1687,87.18786699682823,1.312504999077646,84.71430099962163,0.3055569977732375
1688,89.3716550017416,1.0769679975055624,87.14986700215377,0.289482999505708
1689,83.58190700164414,1.7510629986645654,80.57389500027057,0.28555699827848
1690,83.38903699768707,1.260115997865796,80.86706300309743,0.30129800143186003
1691,86.76379100143095,1.0106900008395314,84.61552299922914,0.2703160025703255
1692,83.39200000045821,1.0305420000804588,78.9651099985349,0.27857500026584603
1693,83.17094299854944,1.0601719986880198,80.82232200104045,0.41848399996524677
1694,82.96503400197253,2.24410199734848,79.07283299937262,0.28377899798215367
1695,81.7162709972763,1.5162659983616322,79.11014899946167,0.27663000219035894
1696,86.11713999925996,1.15041200115229,81.91654899928835,0.2805010008160025
1697,83.83998300269013,1.305986999796005,81.36199100044905,0.26853799863602035
1698,82.75205199970515,1.0503379999136087,80.40941299987026,0.4147420004301239
1699,83.388795999781,1.1373560009815264,80.71230300265597,0.2820010013238061
1700,80.89558199935709,1.031486001011217,78.62599800137104,0.35737199868890457
1701,100.74159099895041,1.387543001328595,97.84448699792847,0.35694600228453055
1702,86.23367800100823,1.1041350007872097,83.9779650013952,0.26548299865680747
1703,85.22661800088827,2.980753000883851,81.09487900219392,0.27244599914411083
1704,83.36060999863548,2.187360998505028,80.01305899961153,0.3160009982821066
1705,82.47136600039084,0.9145399999397341,78.6598690028768,0.2820750014507212
1706,85.58017600080348,1.1169499994139187,83.3051660010824,0.27770399901783094
1707,88.38750200084178,0.9832629984884989,83.81155700044474,0.2723159996094182
1708,87.00014399801148,1.957859996764455,83.94557599967811,0.2805760013870895
1709,83.55542600111221,1.096004001738038,81.10499000031268,0.3104089992120862
1710,80.64139500129386,1.382320999255171,78.18999599840026,0.2763900010904763
1711,85.01924699885421,1.2399689985613804,82.64584800053854,0.26113000058103353
1712,80.6195810000645,1.2632270008907653,78.22147700062487,0.2637980032886844
1713,84.9229320010636,1.0919859996647574,82.72568200118258,0.28294599906075746
1714,90.89103099904605,1.1306159976811614,88.70911499980139,0.2776119981717784
1715,85.89536200088332,1.0600040004646871,83.723777999694,0.2699270007724408
1716,91.55621899844846,1.165783000033116,89.24461700007669,0.270037999143824
1717,81.31147200037958,1.7598590020497795,77.6620680007909,0.3169270021317061
1718,87.01953299896559,1.0688379989005625,84.87169100044412,0.2655380012583919
1719,82.58288499928312,1.737915001285728,79.40109400078654,0.2900379986385815
1720,81.50534300148138,0.9878190030576661,77.65658599964809,0.2575190010247752
1721,84.64461599942297,1.1240790008741897,82.07060499989893,0.29250099760247394
1722,79.7789099997317,1.1617650015978143,77.42717799919774,0.34703799974522553
1723,82.79046000097878,1.0833380001713522,80.55876499929582,0.27172299814992584
1724,81.48117699965951,1.0603009977785405,79.37187199786422,0.28703899806714617
1725,83.45061100044404,0.9440780013392214,79.24448199992185,0.26922300094156526
1726,86.91973600070924,1.0896519997913856,84.68065300257877,0.28201999884913675
1727,79.28544499736745,1.1120419985672925,77.04088000173215,0.27537200003280304
1728,91.89601700200001,1.0158750010305084,89.61067400014144,0.41611299820942804
1729,83.43535200037877,1.610840998182539,80.19367199813132,0.29038999855401926
1730,80.25072699820157,1.0727270018833224,78.04744000168284,0.26970500039169565
1731,92.54533400235232,1.2485429979278706,90.05717599939089,0.2718899995670654
1732,79.95865199700347,1.0153739967790898,77.86079099969356,0.2751669999270234
1733,86.08986200124491,1.1431899984017946,83.56846399692586,0.35298300281283446
1734,80.94778600207064,1.0056329992949031,78.79701699857833,0.27370499810785986
1735,82.51251399997273,1.2020239992125425,78.0711439983861,0.2729270017880481
1736,88.3406129978539,1.9202119983674493,85.23643399894354,0.2730569976847619
1737,82.61727400167729,1.0578569999779575,80.39761599866324,0.27301999944029376
1738,80.90506299777189,1.0301340007572435,78.67153599727317,0.35102000038023107
1739,84.73222700195038,0.9664850003900938,80.34730100189336,0.2724270016187802
1740,82.99055399766075,1.145041998825036,80.4569320025621,0.27181599944015034
1741,87.43738600242068,1.0926520008069929,85.2319149998948,0.2806310003506951
1742,88.08883500023512,1.3245789996290114,85.63443499951973,0.31020499955047853
1743,82.85020000039367,1.4706179972563405,80.26694899672293,0.27327899806550704
1744,95.44903200003318,1.4164510030241217,92.82181700109504,0.2771500003291294
1745,84.9737839998852,1.0513380002521444,80.96350800042273,0.2697789968806319
1746,95.49632799826213,1.6332470004272182,92.56937199825188,0.4606500006048009
1747,108.53075400154921,1.9644339990918525,103.46602900244761,0.3522789993439801
1748,124.1910039971117,2.745344998402288,119.08263099758187,0.3907980026269797
1749,120.42484100311412,0.9744119997776579,116.62075099957292,0.29248299688333645
1750,104.96894199968665,2.1109170011186507,101.5676130009524,0.33233499925700016
1751,94.1769339988241,1.9766379991779104,90.90386500247405,0.2793530002236366
1752,95.5765690014232,1.033468000969151,93.33437500026776,0.39576099879923277
1753,98.44826699918485,1.1842640014947392,94.92395499910344,0.29092700060573407
1754,95.0667520010029,1.9520269997883588,90.63045600123587,0.3268350010330323
1755,108.22282699882635,3.3634960018389393,103.63960299946484,0.28179699802421965
1756,106.03777999858721,1.550433000375051,103.33484199873055,0.2983900012623053
1757,115.14941100176657,1.1428569996496662,112.87060600079712,0.2745380006672349
1758,93.24348500013002,0.9036519986693747,90.39691799989669,0.27957600104855374
1759,79.764021000301,0.9928929976013023,77.68204999956652,0.29405700115603395
1760,84.49215299697244,0.9814860022743233,80.25381900006323,0.35474199830787256
1761,83.6871860010433,1.6634700004942715,80.43198699670029,0.2853719997801818
1762,79.84065100026783,1.0559490001469385,77.52071499999147,0.3790379996644333
1763,88.37946499988902,2.6024930011772085,84.63722599844914,0.2897419981309213
1764,83.2611280020501,1.1051529982069042,80.96287800071877,0.31976099853636697
1765,89.07404199999291,2.571085002273321,85.38693399896147,0.30100100048002787
1766,85.35189699978218,1.4846730009594467,82.30866200028686,0.29313099730643444
1767,82.952385997487,1.1654120025923476,80.55984000020544,0.3064640004595276
1768,90.13704700191738,1.5752109975437634,87.3858310005744,0.3266500025347341
1769,85.51421199808829,1.016541998978937,83.35735100263264,0.2966680003737565
1770,90.66067800085875,1.0719120000430848,88.39339100086363,0.3239639991079457
1771,100.40001599918469,1.0479490010766312,98.10980199836195,0.3113350030616857
1772,101.02264700253727,1.102023001294583,98.73889699883875,0.31524199948762543
1773,101.90879999936442,1.0291149992553983,99.74473499823944,0.29007600096520036
1774,109.57018399858498,1.0479490010766312,107.33974899994791,0.30111199885141104
1775,86.37686400106759,1.8091000019921921,83.2508700004837,0.37103800059412606
1776,90.32182499868213,1.0610790013743099,87.77412899871706,0.43113100036862306
1777,113.76114599988796,2.6494000012462493,109.19640400243225,0.2998159980052151
1778,118.37979499978246,1.153467997937696,116.07154400189756,0.2883160013880115
1779,125.80591900041327,3.731496999535011,120.63656400277978,0.5097790017316584
1780,87.63623900085804,1.8595820001792163,83.72518599935574,0.27739000142901205
1781,80.79502599866828,0.9690970000519883,78.64012799836928,0.31064900031196885
1782,85.22139600245282,1.1451160025899298,82.92597900071996,0.2876309990824666
1783,86.16323299793294,1.1746160016627982,83.79157499803114,0.2965379972010851
1784,84.73435700216214,2.6968629972543567,80.7870990029187,0.35631600258057006
1785,82.9577939985029,2.5939930019376334,79.16066699908697,0.27894599770661443
1786,85.03715500046383,2.3563989998365287,81.45982499991078,0.29576100132544525
1787,83.01110899992636,1.04296700010309,80.8187850016111,0.2744090015767142
1788,80.20881899938104,1.0688379989005625,77.99303200226859,0.27766799757955596
1789,83.50366699960432,2.1805460019095335,80.136799999309,0.27196399969398044
1790,83.1499050000275,1.0917449981207028,80.85119200040936,0.29616800020448864
1791,80.52313599910121,1.0809309969772585,78.28482900004019,0.2985200007969979
1792,91.60799700111966,1.0854120009753387,89.26337599768885,0.385872001061216
1793,96.64849999899161,1.6007480007829145,92.5682790002611,0.29127900052117184
1794,97.64754100251594,3.3881620001920965,92.80505800052197,0.3098720007983502
1795,113.50294099975144,1.3433759995677974,110.99641199689358,0.29379800253082067
1796,102.42591299902415,2.085897998767905,99.15930699935416,0.3031129999726545
1797,90.54069600097137,1.0039109984063543,88.40127999792458,0.29957600054331124
1798,83.60346300105448,1.1107080026704352,81.31448999847635,0.3174459998263046
1799,86.53651299755438,1.6643220005789772,83.27883200036013,0.2737240029091481
1800,81.69865899981232,2.0651930026360787,78.48375700268662,0.2817050008161459
1801,85.9568070009118,0.9962629992514849,83.86674299981678,0.2789089994621463
1802,82.12919799916563,1.042504001816269,79.98978099931264,0.292037999315653
1803,81.58562099924893,0.9346519982500467,79.07659199918271,0.2820010013238061
1804,88.02016700064996,1.0609300006763078,85.83228700081236,0.27865000083693303
1805,82.25714299987885,1.0795970010804012,80.06518899856019,0.29305600037332624
1806,88.95089300131076,1.1095969966845587,86.6593089995149,0.31064900031196885
1807,82.38484699904802,1.3349500004551373,79.68561400048202,0.2900200015574228
1808,80.26354200046626,2.006081998843001,77.13600999704795,0.27092699747299775
1809,86.2053820019355,0.9900040022330359,84.12518800105317,0.27370499810785986
1810,80.85100699827308,1.9838420012092683,77.73105000160285,0.2694830000109505
1811,86.25195599961444,1.1490609977045096,83.96396500029368,0.28465000286814757
1812,84.38061500055483,1.589747000252828,79.85311400261708,0.35527900035958737
1813,84.43570699819247,1.0062639994430356,79.7459470013564,0.2895010002248455
1814,83.77061300052446,1.0833570013346616,79.65594699999201,0.27694600066752173
1815,79.61481700112927,1.1900419995072298,77.10384399979375,0.3260200028307736
1816,85.56110100107617,2.073879000818124,82.38642200012691,0.27816799774882384
1817,80.69856200017966,1.0207820014329627,78.50379400042584,0.26794600125867873
1818,80.32876399738598,1.790841000911314,77.44278899917845,0.2702790006878786
1819,88.1755010013876,3.053124000871321,84.03952099979506,0.28520500200102106
1820,81.22936099971412,2.49610299943015,77.58469699911075,0.29164999796194024
1821,82.77633000034257,0.9264850014005788,79.96174399886513,0.27900100030819885
1822,82.0994019995851,1.1478760025056545,79.06809199994314,0.27220500123803504
1823,80.55309799965471,0.9664859971962869,78.44940399809275,0.2937970020866487
1824,101.18790799970157,1.8963970032928046,97.9353020011331,0.28957500035176054
1825,151.58736100056558,1.1093749999417923,149.34781400006614,0.281667998933699
1826,96.44110999943223,2.013563997024903,93.15285499906167,0.3877599992847536
1827,110.32226099996478,1.4358200023707468,107.55943399999524,0.468501999421278
1828,94.18811900104629,1.9280820015410427,90.35419599968009,0.2787240009638481
1829,89.4048029986152,1.0281899994879495,87.06305200030329,0.3111490004812367
1830,80.52089500051807,1.75378499989165,77.64243799829273,0.27411200062488206
1831,84.93758000258822,1.1234679986955598,82.39429099921836,0.2782789997581858
1832,88.90646699728677,1.0848929996427614,86.60668000084115,0.34085299921571277
1833,90.48806600185344,2.976234998641303,86.38821599743096,0.27211199994781055
1834,85.86523199846852,1.1092829990957398,83.60316700054682,0.28825999834225513
1835,90.7802530018671,1.1518190003698692,88.38781699887477,0.27333400066709146
1836,91.34534799886751,1.089485998818418,89.08359699853463,0.28355600079521537
1837,80.34668999971473,1.1835049990622792,78.07721800054424,0.26718699882621877
1838,85.12598800007254,1.0299310015398078,82.95746099975077,0.28376000045682304
1839,83.55296399895451,1.8441739994159434,80.55919199978234,0.2789650025079027
1840,92.39001800233382,1.0423009989608545,90.02800899907015,0.40209400322055444
1841,96.0327939974377,1.3852280026185326,92.41285199823324,0.49040900194086134
1842,105.4016660018533,3.094309002335649,100.2470519997587,0.41250200229114853
1843,102.61426600118284,1.0568010002316441,100.16890300175874,0.27583399787545204
1844,98.98360199804301,2.095731000736123,95.76712499983842,0.2806679985951632
1845,85.28637800191063,1.4953950012568384,80.99861899972893,0.28772299992851913
1846,87.95399999871734,1.0343009998905472,85.4108970015659,0.26983499992638826
1847,84.00490900021396,1.1766349998652004,81.4971580002748,0.31763099832460284
1848,79.74837299843784,1.2015239990432747,77.34619599796133,0.2738900002441369
1849,81.56065900038811,0.9920780030370224,79.4474270005594,0.2883529996324796
1850,84.87798699934501,2.5828260004345793,81.16850900114514,0.26696400163928047
1851,80.95426699946984,1.0968009992211591,78.6649790024967,0.3035200024896767
1852,89.89587900214246,2.1505090007849503,86.39319700159831,0.4994650007574819
1853,83.25629499813658,1.4956539998820517,79.98481899994658,0.29987200105097145
1854,80.92156299971975,2.450806998240296,77.29080799981602,0.2961870013677981
1855,82.89429400247172,1.283226996747544,80.43472799909068,0.2817599997797515
1856,81.5193989983527,1.1307269996905234,79.09237000058056,0.2850189994205721
1857,87.19697800188442,2.7285490032227244,83.33273999960511,0.2733530018304009
1858,84.50807899862411,2.355546999751823,80.98782299930463,0.27644600049825385
1859,80.77854400107753,2.1135280003363732,77.50608599963016,0.2753709995886311
1860,83.73290799863753,1.0482999969099183,81.56065900038811,0.2770749997580424
1861,79.67548400119995,0.9706150012789294,77.58119700156385,0.27685299937729724
1862,85.89088000007905,0.9254479991795961,82.05895699938992,0.27664899971568957
1863,80.16778199817054,1.1815600009867921,77.8698659996735,0.27376100115361623
1864,80.20624600248993,1.1373199995432515,77.93516099991393,0.2806859993143007
1865,84.71020800061524,1.0071899996546563,82.60203300233115,0.2737790018727537
1866,85.25741499761352,1.0233009998046327,81.14680500148097,0.27792699984274805
1867,87.88731499953428,1.699488999292953,85.09869199770037,0.2826669988280628
1868,87.20910800184356,2.7793819972430356,83.21638699999312,0.33583399999770336
1869,80.64041399848065,0.9858370030997321,78.47984899854055,0.28109399863751605
1870,90.31978799976059,1.4109500007180031,87.71655500095221,0.30981600139057264
1871,84.15129900095053,1.1317819989926647,81.85715999934473,0.2876680009649135
1872,84.2710030010494,1.1362269979144912,81.80936300050234,0.275759997748537
1873,82.74779299972579,3.1268460006685928,78.44145999843022,0.285779002297204
1874,80.1432259977446,1.032670999848051,77.98434699725476,0.2782789997581858
1875,85.0991180013807,1.1035790012101643,82.87086799828103,0.2744090015767142
1876,81.49141800095094,1.089134002540959,79.20748100150377,0.2687979977054056
1877,85.09526499983622,0.9830409981077537,82.97142299852567,0.2784270000120159
1878,89.08400499785785,1.05809700107784,86.90327399745001,0.29127900052117184
1879,80.88567500089994,1.0102079977514222,78.78227699984564,0.27050100106862374
1880,87.20640400133561,1.0407269983261358,85.02122800200596,0.2729270017880481
1881,82.7184039990243,1.3336720003280789,80.19354099815246,0.30692700238432735
1882,91.79194199896301,1.1954679976042826,87.60779500153149,0.2929270012828056
1883,83.80513100200915,0.9715220003272407,81.74508499723743,0.2781490002234932
1884,80.52387600037036,1.0408750022179447,78.3577010006411,0.2857979998225346
1885,99.10491799746524,1.0439119978400413,96.85792700111051,0.35909399957745336
1886,84.69132000027457,1.0780789998534601,80.75002600162406,0.29166800231905654
1887,101.3624080005684,1.0308739983884152,99.19732599882991,0.29816800088156015
1888,84.50333799919463,1.1082639975938946,82.25497600142262,0.28692699925159104
1889,87.49455400175066,1.081059999705758,85.18378400185611,0.3381869973964058
1890,85.7352870007162,1.3610979985969607,83.20114600064699,0.2758530026767403
1891,82.41301399903023,0.9786699993128423,80.30807899922365,0.28513000142993405
1892,118.5040359996492,2.4796029974822886,114.85663200073759,0.28803799796151
1893,111.44421000062721,1.0134299991477747,109.11536700223223,0.44442799844546244
1894,104.28443899945705,2.2852500005683396,100.92820299905725,0.2596489975985605
1895,118.89000099836267,0.9648929990362376,116.71630600176286,0.3995199986093212
1896,92.38296400144463,1.2946539973199833,89.09868999762693,0.288871000520885
1897,90.16271300060907,1.0503379999136087,87.93042599791079,0.29831600113539025
1898,85.80860199799645,1.1922090016014408,83.47472199966433,0.28255700090085156
1899,81.65104799991241,2.0253599977877457,78.38366400028463,0.2618340004119091
1900,92.9921880015172,1.0813939989020582,89.60871000090265,0.2817610002239235
1901,89.09424599914928,0.9749109995027538,86.71003199924598,0.30559399965568446
1902,87.41947900125524,1.087652002752293,83.72161199804395,0.28535300225485116
1903,85.80339800028014,1.012041000649333,83.6225929997454,0.31044600109453313
1904,83.79915000114124,1.1724310024874285,81.49443499860354,0.2756869980657939
1905,87.05506999831414,1.846359999035485,84.07052099937573,0.27226000020164065
1906,83.19420300176716,1.1393749991839286,80.94897100090748,0.28055700022378005
1907,91.89590499954647,0.9755600003700238,89.80613799940329,0.2782599985948764
1908,101.6278909992252,2.3455470000044443,98.15231999891694,0.27274199965177104
1909,98.10037699935492,1.7215449988725595,95.23166099825175,0.2966310021292884
1910,99.61338200082537,2.4457510007778183,95.9139229998982,0.2729459993133787
1911,95.58355099943583,3.337810001539765,91.06027300003916,0.27488999694469385
1912,83.66270400074427,2.3616580001544207,80.19250399956945,0.28001999817206524
1913,85.15926700056298,1.1159120003867429,82.8469039988704,0.3017980016011279
1914,82.63184799943701,1.1092079985246528,80.21039399682195,0.2941860002465546
1915,86.34278899990022,1.0194110000156797,84.16722499896423,0.3008900021086447
1916,87.7307219998329,1.0880049994739238,83.22929499991005,0.3093900013482198
1917,80.41576499817893,1.0806899990711827,78.17629300188855,0.3106680014752783
1918,86.37638200161746,1.2657830011448823,83.79890899959719,0.4130569977860432
1919,86.18608499818947,3.1351610014098696,81.4126569966902,0.2930749978986569
1920,84.05531700191204,1.302894001128152,81.51082399854204,0.30011300259502605
1921,89.46165499946801,1.107485997636104,87.18464499906986,0.29014900064794347
1922,80.37552400128334,1.0963749991788063,78.09927399648586,0.26526000146986917
1923,93.3392080005433,2.9104759996698704,89.06985700014047,0.49279800077783875
1924,84.25522499965155,1.1022459984815214,80.45617200332345,0.2774640015559271
1925,79.81635499891127,1.0833380001713522,77.62364199879812,0.28440899768611416
1926,89.27628400124377,1.4310059996205382,86.68843900159118,0.3000010001414921
1927,82.75023699752637,0.9889489992929157,80.58885799982818,0.3117419983027503
1928,86.15365900186589,1.2059869986842386,83.67609299966716,0.32294600168825127
1929,80.5845249997219,1.1149120000482071,78.30184799968265,0.26931599859381095
1930,80.57467300022836,1.1034859999199398,77.92499499919359,0.2856310020433739
1931,83.48475899765617,0.9678189999249298,81.41545400212635,0.28031599867972545
1932,81.02706400313764,2.2546760010300204,77.49030799823231,0.3112980011792388
1933,86.18088099683519,1.213523999467725,83.70288999867626,0.3544079991115723
1934,80.66821000102209,1.084374998754356,78.03064299878315,0.27964900073129684
1935,83.26522200150066,1.0547079982643481,81.04649000233621,0.2797980014292989
1936,82.32868000050075,1.258320000488311,79.85190999897895,0.3067239995289128
1937,83.10744299888029,0.9340409997093957,80.14252299835789,0.3101309994235635
1938,84.83428299950901,1.029967999784276,82.5875510017795,0.2931499984697439
1939,83.2629620017542,1.6280259987979662,80.03831899986835,0.2817229978973046
1940,83.93811299902154,1.0121340019395575,80.39989399912884,0.32642699807183817
1941,84.13661300073727,1.052690000506118,81.87038200048846,0.32002000079955906
1942,80.06609699805267,1.0702830004447605,77.80706799894688,0.27331599994795397
1943,98.22187700046925,3.425200000492623,93.59098700224422,0.3056309979001526
1944,99.5466230015154,1.0337450003135018,97.34000299795298,0.2844459995685611
1945,97.03583499867818,1.0600779969536234,94.8092880025797,0.31787199986865744
1946,98.78336000110721,1.0614120001264382,95.79177400155459,0.3227050001441967
1947,115.76080299710156,1.74237700048252,112.89842000041972,0.27500099895405583
1948,85.3312850013026,2.1633790020132437,82.04977200148278,0.26827900001080707
1949,85.82115800163592,1.1008750007022172,83.57816699935938,0.27264899836154655
1950,84.38952199867344,1.6300440001941752,81.62830699802726,0.2620189989102073
1951,87.1861080013332,1.0239300027024,84.97961800094345,0.3107230004388839
1952,86.77784699830227,1.809229997888906,83.81426100095268,0.27727900305762887
1953,79.16812999974354,1.1028750013792887,76.88539800074068,0.3123159985989332
1954,82.31630999944173,1.4210610024747439,79.69655800116016,0.2972049987874925
1955,83.7313530028041,1.7735439978423528,78.76538799973787,0.3550200017343741
1956,81.14065599875175,1.046819998009596,78.9428880016203,0.2690010005608201
1957,92.93524399981834,1.088949000404682,90.50751099857735,0.4396500007715076
1958,103.31361999851651,1.2592839993885718,100.71144299945445,0.2902980013459455
1959,103.93564200057881,1.0387450020061806,101.70742899936158,0.30555700141121633
1960,100.03116200095974,1.3270239978737663,97.52496600049199,0.30437199893640354
1961,97.45576299974346,1.1084489997301716,95.14162299819873,0.30081599834375083
1962,81.70123300078558,1.071411999873817,79.49716800067108,0.2756489993771538
1963,88.15670399781084,3.3831620021373965,83.57307400001446,0.27722400045604445
1964,80.29983900269144,1.0845969991351012,78.03758799855132,0.275222999334801
1965,82.65305199893191,1.0779119984363206,80.39333900160273,0.3271489986218512
1966,84.46783700128435,0.9853190022113267,82.27540200095973,0.29607499891426414
1967,82.09823499782942,1.1474860002635978,79.60944599835784,0.278501000138931
1968,87.33271900200634,1.0982829990098253,85.07376600027783,0.28827899950556457
1969,82.41842200004612,2.7982520005025435,78.39818199863657,0.27718599812942557
1970,91.12895799989928,1.8995079990418162,87.43062799840118,0.5579649987339508
1971,82.80323799772304,1.0513380002521444,80.47608000197215,0.28150099751655944
1972,83.56385200022487,1.6649329991196282,80.75513600124395,0.27698299891198985
1973,83.41392500005895,1.0623929993016645,81.2207680028223,0.2682980011741165
1974,82.40445800038287,0.9496520033280831,77.72258700060775,0.2860570020857267
1975,80.27656099875458,1.3763390015810728,77.60608599710395,0.3736500002560206
1976,82.8620710017276,1.1144870004500262,79.62772399696405,0.2840009983628988
1977,83.99718700093217,2.262731999508105,80.60532099989359,0.30064999737078324
1978,90.482436997263,0.9892449998005759,88.40141000109725,0.26957500085700303
1979,81.45217700075591,1.2431719987944234,79.04927799972938,0.28226100039319135
1980,129.00489499952528,1.0573559993645176,126.6219219978666,0.4302060006011743
1981,132.21915000031004,1.2098010010959115,129.25378499858198,0.441889998910483
1982,222.5786600029096,2.587715000117896,214.65303399963886,0.4631689989764709
1983,101.03307299868902,3.030030999070732,96.24966499904986,0.2700380027818028
1984,82.23979099784628,1.0572459977993276,80.01926300130435,0.29366799935814925
1985,81.06030500130146,1.0524860008445103,78.8494799999171,0.28546400062623434
1986,87.67033199910657,1.5052839989948552,85.01720999993267,0.3021119991899468
1987,84.22122500269325,1.3183579976612236,81.72230800118996,0.2896309997595381
1988,87.23805299814558,1.040874998579966,85.06509899962111,0.2762789990811143
1989,88.81726300023729,1.2015610009257216,86.31730799970683,0.288946001091972
1990,85.70071299982374,2.1333239965315443,82.39234700158704,0.32037200071499683
1991,106.72596800213796,1.0872080019908026,104.44286599886254,0.32927900247159414
1992,107.40930499741808,1.871877997473348,104.00877199936076,0.5242250008450355
1993,109.84490700138849,2.7861419985129032,105.25670299830381,0.3689460027089808
1994,94.40543500022613,1.1931720000575297,91.88946100039175,0.2853339974535629
1995,91.34712499871966,1.5294700024242047,88.62109599795076,0.33616799919400364
1996,86.40423500037286,1.5747469988127705,83.60627799993381,0.38966799911577255
1997,96.03823799989186,0.9284480001952033,93.99148899683496,0.2888529998017475
1998,132.61461400179542,1.0569859987299424,130.41092000275967,0.30096400223555975
1999,106.25300299943774,1.749248000123771,103.114341996843,0.493057999847224
2000,100.92703599730157,1.4947470008337405,97.33952099850285,0.4988170003343839
2001,112.17421400215244,1.2278760004846845,106.04798400163418,0.38314999983413145
2002,111.91034199873684,1.6729150011087768,108.86401399693568,0.3877239978464786
2003,135.98334999915096,1.8071550002787262,132.9695050008013,0.3222420018573757
2004,109.21694200078491,2.0092299964744598,105.99737200027448,0.3361309973115567
2005,88.87524500096333,1.4947470008337405,84.1358730031061,0.28853799813077785
2006,87.61542399952305,1.1385049983800855,85.25604399983422,0.34305699955439195
2007,97.75974600051995,1.2529679988801945,93.5990789985226,0.2938529978564475
2008,86.58266099882894,1.170319999800995,84.22237299964763,0.2892600023187697
2009,91.08749500228441,1.8335259992454667,87.82188899931498,0.31924200084176846
2010,85.98663999873679,1.9763230011449195,82.7642010008276,0.3058719994442072
2011,84.16476200000034,0.9607810025045183,82.0137890004844,0.30957499984651804
2012,85.50010099861538,2.1220639973762445,82.20906900169211,0.28150100115453824
2013,85.51563800210715,1.7050810020009521,82.61392200074624,0.32850099887582473
2014,89.01131899983739,1.7537480016471818,85.92619500268484,0.2978710035677068
2015,85.31447099812794,1.004560002911603,83.17160899969167,0.29594500301755033
2016,85.84895400053938,2.4274360002891626,82.2755879999022,0.27888999829883687
2017,84.15307700124686,1.0885599986067973,81.87827099754941,0.2845009985321667
2018,79.62511299774633,1.0844300013559405,77.40930799991474,0.27976099954685196
2019,85.24482200300554,1.0035599989350885,83.15318300083163,0.2745569981925655
2020,82.35962499747984,1.089023000531597,80.11563299805857,0.2726299971982371
2021,80.94554499984952,1.405691000400111,78.33651499822736,0.2902230007748585
2022,105.36327700174297,1.8253779999213293,102.08791100012604,0.3028900027857162
2023,103.14813800141565,2.568658997915918,99.37319700111402,0.3463159991952125
2024,101.68765099660959,1.9922669998777565,98.48545200293302,0.2937600002042018
2025,98.64800800278317,1.2528760016721208,95.48997599995346,0.2717600000323728
2026,89.55824800068513,1.1533200013218448,87.17892300046515,0.27490800130181015
2027,86.58354999715812,1.7027100002451334,83.72366700132261,0.3145750015391968
2028,126.11251199996332,1.9649530004244298,122.83727699832525,0.3463159991952125
2029,106.10220700255013,1.4886730023135897,103.08248900037142,0.5362060001061764
2030,93.01605799919344,1.5728030011814553,89.89189700150746,0.2795569998852443
2031,111.53015499803587,2.650548001838615,107.63645300175995,0.28120500064687803
2032,82.39208800296183,1.0932640034297947,80.1793379978335,0.27385299836168997
2033,84.92706199831446,1.118838001275435,82.25240200044937,0.31455700082005933
2034,83.48209199903067,1.2037819979013875,81.07486000153585,0.26731599791673943
2035,84.63991200187593,1.0535050023463555,82.39247699748375,0.3008900021086447
2036,80.85798899992369,1.1260969986324199,78.55509000000893,0.2758720002020709
2037,83.23594299872639,1.1329299995850306,80.90206300039426,0.3331119987706188
2038,121.90445799933514,2.0574339978338685,118.72455599950626,0.292871001875028
2039,144.92685200093547,2.111361001880141,140.89285299996845,0.5850210000062361
2040,122.35294100173633,1.7855450023489539,118.9767789983307,0.3625569988798816
2041,99.95180999976583,1.5641909994883463,94.91436300231726,0.2781120019790251
2042,87.62585099975695,1.5933959984977264,84.73845000116853,0.2783719974104315
2043,79.183963000105,1.0393379998276941,76.99652799783507,0.3049460028705653
2044,88.77004099849728,1.2054489998263307,86.38212300138548,0.28081599884899333
2045,81.962623000436,1.3982470009068493,79.41009400019539,0.2692599991860334
2046,80.20952299921191,1.008912000543205,78.07799600050203,0.2933159994427115
2047,86.82675499949255,1.2383749999571592,84.41228099763975,0.2685940016817767
2048,82.60157000040635,1.001745000394294,80.46893200298655,0.2846870011126157
2049,86.22336299958988,1.7904899978020694,83.14605399937136,0.33037100001820363
2050,87.10796000013943,0.9380960000271443,84.3154299982416,0.27250100174569525
2051,94.2531010005041,1.0586709977360442,91.79823899830808,0.5134660023031756
2052,102.39220899893553,2.246157000627136,98.49113800009945,0.4565939998428803
2053,101.94739200233016,2.1527129974856507,98.27526599838166,0.40379799975198694
2054,105.91127999941818,0.9645780010032468,102.97441500006244,0.2784270000120159
2055,95.8483479989809,1.6260439988400321,93.04459600025439,0.29857499976060353
2056,80.93384099993273,1.4105609989201184,78.38438600083464,0.2853900004993193
2057,84.28542900219327,1.1031159992853645,81.93086399842286,0.2740009986155201
2058,81.25886099878699,2.5148620006802958,77.61927200044738,0.29007600096520036
2059,85.12665500165895,0.9565599975758232,81.38925000093877,0.274574998911703
2060,81.96373399914592,1.0557640016486403,79.83137400151463,0.2694269969651941
2061,81.07502699931501,1.340265000180807,78.40919999944163,0.2660200007085223
2062,86.98175500103389,0.9779670035641175,84.89400599864894,0.29040799927315675
2063,83.34807400024147,1.081708000128856,81.07402699897648,0.2807609998853877
2064,84.17909499985399,1.14793100146926,81.80382600039593,0.35711199961951934
2065,84.49322699743789,1.0789490006573033,80.83585900021717,0.2678720011317637
2066,81.75928900163854,1.5560810024908278,79.03473999976995,0.27861199851031415
2067,92.72048300044844,1.5203399998426903,89.7225629996683,0.3315379981359001
2068,85.16482199775055,1.062486000591889,82.94586800184334,0.30065000100876205
2069,88.34833500077366,1.1105970006610733,85.91780700226082,0.4141870012972504
2070,86.32162299909396,1.0321150002710056,82.32617999965441,0.3419090026000049
2071,81.54197300245869,2.5254739994124975,77.8574390024005,0.2770749997580424
2072,88.2545009990281,1.0823379998328164,85.93545399708091,0.30472299840766937
2073,80.77791500181775,1.1136350003653206,78.48381199801224,0.2776119981717784
2074,81.80797399836592,0.9463380010856781,78.19164499960607,0.2844640002876986
2075,83.50977800000692,1.109042001189664,81.17769399905228,0.3099089990428183
2076,80.5437470007746,1.0659309991751797,78.2386070022767,0.27383400083635934
2077,85.02530199984903,1.0254310000163969,82.9004970000824,0.27342700195731595
2078,85.68526899762219,1.841137000155868,82.66342199931387,0.29277900102897547
2079,85.22704400093062,1.7158219998236746,82.35119899836718,0.29764899954898283
2080,88.81539299909491,1.9302299988339655,85.75797299999977,0.27185300132259727
2081,84.15133600283298,2.7785489983216394,80.2298009984952,0.2764269993349444
2082,87.38697899752879,1.0448930006532464,85.19422899917117,0.2755189998424612
2083,87.67735100263963,2.19604599988088,84.15189100196585,0.2809270008583553
2084,84.97952499965322,1.410876000591088,82.45338399865432,0.2771869985735975
2085,88.07757400063565,1.000948999717366,85.91710299879196,0.323112999467412
2086,81.97032699899864,1.050022998242639,79.76857700123219,0.2911490009864792
2087,95.11601199847064,0.9495790000073612,91.26199499951326,0.33009400067385286
2088,83.81631600059336,1.659711000684183,80.94684100069571,0.2853900004993193
2089,82.71514499938348,1.0853749990928918,80.52141300140647,0.28716800079564564
2090,85.30158100256813,1.1533380020409822,82.81307200013543,0.27937200138694607
2091,81.147990997124,0.9626150022086222,78.13940399864805,0.26813099975697696
2092,87.89861100012786,1.1035230018023867,85.64923100129818,0.28937100069015287
2093,87.56535000065924,2.1007870018365793,83.81616800033953,0.30027899993001483
2094,85.34343399878708,1.1535970006661955,80.97880399873247,0.29629799973918125
2095,91.94194300289382,1.1005420019500889,89.67528499852051,0.28201999884913675
2096,81.28548999957275,1.9199710004613735,78.22282999768504,0.27398200109018944
2097,83.01134999783244,1.4129880000837147,80.43169099983061,0.29422299849102274
2098,86.06878900172887,1.0746719999588095,83.91255800233921,0.27700099963112734
2099,84.70680100072059,2.2848059998068493,81.24854600100662,0.291389998892555
2100,87.21044099729625,1.1327449974487536,84.85922800173284,0.29340900073293597
2101,85.65547200123547,3.4592000010889024,81.08736099893576,0.27437099925009534
2102,83.98553900042316,1.1617820018727798,81.70791799784638,0.2851680001185741
2103,88.79344899833086,2.2561200021300465,83.48822200059658,0.3048899998248089
2104,85.31082199988305,2.009175001148833,81.98458699916955,0.3816499993263278
2105,89.01674500157242,2.9722709987254348,84.93311699930928,0.28203799956827424
2106,80.61028399970382,1.040523002302507,78.36749700072687,0.32600100166746415
2107,81.43093599937856,2.131953002390219,78.14684800177929,0.2733160035859328
2108,86.09019600044121,2.0813789997191634,82.86275600039517,0.27598200176726095
2109,80.29248700040625,1.023097000143025,77.9316989974177,0.2666870022949297
2110,100.50232999856235,2.329435999854468,97.10833499775617,0.2756120011326857
2111,82.2184210010164,1.0726889995567035,79.00209299987182,0.2696859992283862
2112,94.43967600236647,1.7409149986633565,91.53338499891106,0.29685299887205474
2113,81.84999299919582,1.0187269981543068,79.72816899928148,0.27474200032884255
2114,81.44880599866156,1.1066150000260677,79.19568500074092,0.28496400045696646
2115,85.77180599968415,1.091430000087712,83.51051800127607,0.31998300255509093
2116,81.38084200254525,0.9348929997941013,78.45879300293745,0.27422299899626523
2117,86.62588399965898,1.9421750002948102,83.59831499910797,0.29453899696818553
2118,83.35188799901516,1.3476909989549313,80.83835900106351,0.30965000041760504
2119,83.52427800127771,1.1443760013207793,81.24165699700825,0.2712419991439674
2120,84.6028749983816,1.0050790006062016,82.34699500098941,0.27253799999016337
2121,82.31462500043563,1.6986360024020541,79.49353900039569,0.2749269988271408
2122,85.31702599793789,1.0931340002571233,83.04171999770915,0.2785379983833991
2123,85.56782300001942,1.8556009999883827,82.38958799847751,0.29483500111382455
2124,89.84713800236932,1.0187080006289762,87.61870200032718,0.36898300095344894
2125,90.18847299739718,2.2352319974743295,86.73764299965114,0.3332980013510678
2126,84.75778300271486,1.108894000935834,82.37236599961761,0.28022299738950096
2127,92.6105379985529,1.0882460010179784,90.23393600000418,0.3683909999381285
2128,81.9956049999746,0.9349669999210164,78.73842399931164,0.3015750007762108
2129,79.90683599928161,1.05124499896192,77.70090100166271,0.32701999953133054
2130,88.26215000226512,1.903137999761384,85.24039600160904,0.2766309989965521
2131,82.25092099746689,0.9750410026754253,78.36064499861095,0.2680389989109244
2132,85.81504600078915,2.866492999601178,81.84317899940652,0.28429699887055904
2133,81.27954600058729,1.0322449998056982,79.1240549988288,0.2729459993133787
2134,82.5173299999733,1.2300429989409167,79.95176199983689,0.2897790000133682
2135,84.46205899963388,1.0502269979042467,82.25616200070363,0.28398300128174014
2136,81.95153099950403,0.9785049987840466,79.8459659999935,0.2929639995272737
2137,92.45744500003639,1.0775970004033297,90.21126899824594,0.30251999851316214
2138,83.90972400229657,1.1888930021086708,81.35467600004631,0.3014459980477113
2139,89.47198799796752,1.2647829971683677,86.75440299703041,0.4943349995301105
2140,94.31906399913714,1.1292460003460292,89.16524599771947,0.3202419975423254
2141,84.64615300181322,1.1173749990120996,82.30543899844633,0.34648300061235204
2142,87.69655400101328,1.098411998100346,85.34515599967563,0.34181700175395235
2143,81.55867700043018,1.039837999996962,79.04831499763532,0.30522299857693724
2144,84.04663199689821,1.007392998872092,79.5588900000439,0.30101900119916536
2145,86.78197700282908,1.9235450017731637,83.58288900126354,0.2963719998660963
2146,82.64460699865595,1.3128760001563933,80.1443010022922,0.30151899773045443
2147,88.36535400041612,0.955763000092702,85.36576699771103,0.2822969981934875
2148,83.68387099835672,1.2567650010169018,81.20373099882272,0.2916859994002152
2149,88.40083600080106,1.1203380017832387,86.07256599862012,0.3533160015649628
2150,90.31180600140942,1.8133970006601885,86.58840199859696,0.2912230011133943
2151,85.34460000009858,2.1408239990705624,82.0471599981829,0.2929090005636681
2152,87.89781499945093,1.1167270022269804,85.58108299985179,0.2871310025511775
2153,92.08368499821518,1.0783930010802578,89.86528599780286,0.27566799690248445
2154,87.7433320019918,1.0237639980914537,85.63104600034421,0.27875999876414426
2155,86.95512600024813,1.084948999050539,84.71322699915618,0.27690800197888166
2156,82.8625899994222,1.0361900021962356,79.86211499883211,0.315834997309139
2157,83.48837000085041,0.9777449995453935,79.4692049967125,0.2847039977496024
2158,81.42234299884876,3.2177550019696355,77.0625100012694,0.31024199779494666
2159,84.90774700112524,2.35791700106347,81.36745399679057,0.2830199991876725
2160,83.64261099995929,1.4802659970882814,80.76861800145707,0.2715199989324901
2161,82.96927599803894,1.6738039994379506,80.15011500174296,0.27359299929230474
2162,88.16883400140796,0.9643369994591922,86.10878900071839,0.2835380000760779
2163,84.31507799832616,2.1530650010390673,80.97097099744133,0.331500999891432
2164,86.94673600257374,1.1457450018497184,84.49107900014496,0.37498299934668466
2165,82.34134699887363,1.1538190010469407,79.04729599977145,0.289519000943983
2166,85.8010470001318,1.35174599927268,83.32020300076692,0.2934639996965416
2167,90.37836199786398,2.292899000167381,86.76467999976012,0.3019639989361167
2168,85.24930400017183,1.1407269994379021,82.91183099936461,0.32505700073670596
2169,94.31571200184408,1.1548380025487859,91.97429499909049,0.27752000096370466
2170,85.11248799914028,1.0243010001431685,82.86433100147406,0.2714829970500432
2171,89.69680399968638,1.095319999876665,87.38305400038371,0.2950199996121228
2172,87.23899699907633,1.1913560010725632,84.81113499874482,0.2774460008367896
2173,81.40052900125738,1.0864119976758957,79.12353699794039,0.2839640001184307
2174,93.51196799980244,1.0129490001418162,89.20506099821068,0.2829449986165855
2175,85.92028800194385,1.8110810015059542,82.85444200009806,0.321667997923214
2176,94.7948989996803,1.0693930016714148,92.54442699966603,0.2756670000962913
2177,80.31918999768095,1.2720049999188632,77.90925500012236,0.27415000295150094
2178,80.3329680020397,1.0480230012035463,78.01855099751265,0.3404460003366694
2179,85.30126699770335,1.1519869985932019,82.3560320022807,0.27079699793830514
2180,85.72884300156147,1.003392997517949,81.63104800041765,0.2736310016189236
2181,88.85898500011535,2.4417509994236752,85.03235800162656,0.313390999508556
2182,84.36435600015102,0.9468749994994141,80.48074600083055,0.2786129989544861
2183,83.21744299973943,1.1189489996468183,80.8782109997992,0.3520200007187668
2184,84.74911599842017,1.0969680006382987,81.04702700074995,0.2764089986158069
2185,81.7708450013015,1.715193000563886,78.49121900289902,0.2765200006251689
2186,91.22919899891713,1.0408559974166565,89.05948599931435,0.2902230007748585
2187,84.38426300199353,1.7527109994261991,81.4403799995489,0.3124270006082952
2188,87.95942600045237,0.9808009999687783,85.85536200189381,0.2898899983847514
2189,85.17893299722346,1.1471709985926282,82.86705299906316,0.2987420011777431
2190,79.74435500000254,1.1686899997584987,77.38054899891722,0.27835299988510087
2191,84.36215100300615,1.3923570004408248,81.83339999959571,0.27502000011736527
2192,81.12289799828432,1.0084859968628734,78.95460999861825,0.31322399809141643
2193,88.13064900095924,1.0360789965488948,85.89469499929692,0.2920010010711849
2194,80.8391919999849,1.0630789984134026,78.6407199993846,0.28905699946335517
2195,81.59125100064557,1.6243039972323459,78.80951699917205,0.2892420015996322
2196,96.31294299833826,1.0383000008005183,94.16000800047186,0.2998710006067995
2197,84.05565100110834,1.1649120024230797,81.75999299783143,0.27909400159842335
2198,89.87347099900944,1.1590049980441108,87.53592499851948,0.30081599834375083
2199,84.94006099863327,1.158153001597384,82.54975499949069,0.3302229997643735
2200,82.18123600090621,1.013449000311084,79.96559599996544,0.34027899891952984
2201,90.32702799959225,1.1052269983338192,88.04455599965877,0.27363000117475167
2202,79.78187399930903,1.098060001822887,77.6000309997471,0.27205700098420493
2203,84.32833600090817,1.7014889999700245,81.45987999887438,0.2795389991661068
2204,82.22486500017112,2.018637998844497,79.10809199893265,0.26311200053896755
2205,80.32093099973281,2.372602997638751,76.7613040006836,0.27485300233820453
2206,87.99161199931405,1.7851179982244503,85.08785799858742,0.27809299717773683
2207,83.78985300078057,1.84128600085387,80.77793300253688,0.3094450003118254
2208,80.59583900103462,1.0699119993660133,78.32307100034086,0.27292699815006927
2209,84.97346899821423,2.2223800006031524,81.6006950008159,0.2885569992940873
2210,84.93143200030318,1.4438389989663847,82.34636600172962,0.28561200088006444
2211,88.34759500314249,1.8613230022310745,85.23897000122815,0.2817230015352834
2212,85.7898429967463,0.9734670020407066,80.39498699872638,0.27824100106954575
2213,96.69994400246651,1.613044001715025,93.771301999368,0.3986490009992849
2214,88.30877999935183,2.691010999114951,84.30970699919271,0.26564899962977506
2215,81.02971200059983,1.0633940000843722,77.85010599764064,0.2599459985503927
2216,85.38752599997679,0.9802269996725954,80.37000500189606,0.28033399939886294
2217,79.82435499798157,1.0340230001020245,77.67756800240022,0.27888999829883687
2218,81.99241900001653,1.0315789986634627,79.85413300048094,0.28427900178940035
2219,82.72149700133014,2.104120001604315,79.39577900106087,0.2819459987222217
2220,81.01972999793361,0.9697269997559488,78.95351800107164,0.2823529976012651
2221,83.59059300346416,1.024059998599114,81.44404700215091,0.28627899882849306
2222,84.21131799696013,1.0252449974359479,80.53774700238137,0.33887099925777875
2223,86.03795500312117,1.1665230013022665,83.48722199662006,0.4623160020855721
2224,84.64954199735075,1.0105780020239763,82.46868000060203,0.3425760005484335
2225,79.60440900205867,1.1053380003431812,77.31447400146862,0.29157500102883205
2226,84.3944489970454,2.7688450027198996,80.49050600311602,0.3078160007135011
2227,83.18192400111002,1.0492449982848484,80.93961899794522,0.3130939985567238
2228,79.40513100038515,1.1001339989888947,77.05515799898421,0.30533499739249237
2229,83.70666699920548,1.8035450011666398,80.65121099934913,0.2809270008583553
2230,80.04443000027095,1.0446340020280331,77.76010599991423,0.29072399775031954
2231,83.51177800068399,2.3249910009326413,79.84553999995114,0.27607499941950664
2232,79.60953899964807,1.8994339989149012,76.56215599854477,0.2809270008583553
2233,81.27338000122108,1.7805260031309444,78.33429300080752,0.28837200079578906
2234,84.20657699753065,3.566940999007784,79.49042700056452,0.2741860007517971
2235,81.6826400005084,2.310787000169512,78.20379300028435,0.2762789990811143
2236,84.24670699969283,1.0268559999531135,82.10123399840086,0.27287200282444246
2237,79.56578000084846,1.0390219977125525,77.32593699984136,0.2811680024024099
2238,84.51746699938667,1.4405250003619585,81.96175299963215,0.28705699878628366
2239,90.55649299989454,1.1065049984608777,86.71112400043057,0.28283400024520233
2240,83.85357500083046,1.9411560024309438,80.75230400208966,0.3024829966307152
2241,89.48487700035912,1.1046340005123056,86.38614200026495,0.2786680015560705
2242,90.3557700003148,1.0910780001722742,84.92535800178302,0.31453900010092184
2243,89.72641500076861,2.2802870007581078,86.05545500176959,0.28652000037254766
2244,81.95241899738903,1.552229001390515,78.16190299854497,0.37809499917784706
2245,138.0011370019929,0.9904670005198568,133.63426700016134,0.40153900044970214
2246,136.13944399912725,1.3950249995104969,131.74412899752497,0.3597049981181044
2247,122.08981100047822,1.7658780016063247,118.54974000016227,0.44950200026505627
2248,127.09692399948835,1.456062000215752,121.58541999815498,0.43533500138437375
2249,91.46255200175801,2.9780309996567667,87.02018099938869,0.27900100030819885
2250,88.26113099712529,1.7911920003825799,85.24604500053101,0.3729639975063037
2251,83.75607500056503,2.382806000241544,79.61905799675151,0.2818529974319972
2252,84.40468900153064,1.1015420022886246,81.31608399708057,0.40116799937095493
2253,84.27937400119845,1.3147470017429441,81.48163899750216,0.279223000688944
2254,87.9797969973879,1.6858590024639852,85.15219200126012,0.2845390008587856
2255,86.32812300129444,1.1326160019962117,84.02507599748787,0.27329700242262334
2256,81.25187900077435,1.0433009992993902,79.06966699738405,0.2770020000752993
2257,81.21184199990239,1.1028939989046194,78.94707299783477,0.3017980016011279
2258,93.577171999641,0.938375000259839,91.44644100160804,0.3289640008006245
2259,97.50507799981278,4.07727700076066,91.52596000058111,0.3351870000187773
2260,100.1528659980977,1.3071159992250614,97.45611399921472,0.2676679978321772
2261,98.23695100203622,1.0979670005326625,95.90519999983371,0.28794600075343624
2262,104.46432900062064,1.0980599981849082,102.00326300036977,0.4272980004316196
2263,83.65607499945327,1.7095809998863842,80.08122600222123,0.45646500075235963
2264,87.20047799943131,2.3455280024791136,83.22122100071283,0.3155570011585951
2265,88.85930099859252,1.1886710017279256,86.31897499799379,0.30583500119973905
2266,84.57656000246061,1.5619330006302334,81.84712200090871,0.2997229967149906
2267,106.30268800014164,1.0493199988559354,103.67938099807361,0.6753359994036146
2268,144.66257299864083,1.9881940024788491,138.6028989982151,0.3220020007574931
2269,114.00661000152468,1.0885970004892442,111.68628599989461,0.3340010007377714
2270,113.9390349999303,1.1305419975542463,111.5223769993463,0.3087049990426749
2271,90.508270997816,1.0143010003957897,88.40364999923622,0.2682599988474976
2272,80.52406100250664,1.0950229989248328,78.28151500143576,0.28970499988645315
2273,87.0337929991365,1.8430999989504926,84.04600199719425,0.28174200269859284
2274,84.19139199759229,2.0078970010217745,80.984823001927,0.2899270002671983
2275,92.27212900077575,1.0311340010957792,89.73098900241894,0.28137199842603877
2276,89.43045100022573,1.0763930004031863,87.20729400010896,0.26389000049675815
2277,81.40258400089806,1.34926499958965,78.92022200030624,0.2743160002864897
2278,87.58468399901176,1.8428410003252793,84.55143000173848,0.3412609985389281
2279,84.4421149995469,3.4860330015362706,79.32552000056603,0.26883399914368056
2280,85.83195400206023,1.1179119974258356,83.54803699694457,0.27739000142901205
2281,89.21633899808512,0.903485000890214,85.6815090010059,0.2748340011748951
2282,95.91010800068034,1.154189998487709,93.45135699913953,0.34163099917350337
2283,102.09355899860384,1.3378020012169145,99.04482500132872,0.31122299697017297
2284,101.14427799999248,1.015281999571016,98.96623199892929,0.29592699866043404
2285,103.27421300098649,1.1079680007242132,100.87722200114513,0.3155750018777326
2286,82.95692400133703,1.022448002913734,80.73941499969806,0.27913099984289147
2287,84.7080419989652,1.5035620017442852,81.61095499963267,0.2909639988502022
2288,85.01548799904413,1.0035229970526416,82.87970099991071,0.2795190011966042
2289,82.00079000016558,2.6628999985405244,78.09766200080048,0.31770599889568985
2290,81.84364100088715,1.2249680003151298,79.4645389978541,0.2797979977913201
2291,81.66215900200768,1.9532119986251928,78.56712799912202,0.2763899974524975
2292,84.17763199759065,1.0382820000813808,82.00616000249283,0.27872300051967613
2293,96.42129500207375,1.1516900012793485,94.08459999758634,0.28094599838368595
2294,85.62691699989955,1.1892649999936111,83.2851289997052,0.2778900015982799
2295,86.38565999717684,1.0298929992131889,84.23741099977633,0.275944999884814
2296,83.45855500010657,1.441079999494832,80.80235899979016,0.2899270002671983
2297,80.54169200113392,0.9974300010071602,77.25506700080587,0.27224199948250316
2298,86.78440199946635,1.3902280006732326,84.18637300201226,0.29048299984424375
2299,83.29935100118746,1.5909320027276408,80.2223930004402,0.2895009965868667
2300,91.13766199880047,1.1662079996312968,88.78900399940903,0.32528000156162307
2301,84.02933500110521,1.1654670015559532,81.6538250001031,0.3220569997210987
2302,90.0886579984217,1.1338930016790982,87.69555500111892,0.3633900014392566
2303,113.22681000092416,1.0526709993428085,111.01172700000461,0.2958900004159659
2304,111.51533999873209,1.116209001338575,108.98862600151915,0.5114089981361758
2305,154.0879650019633,2.3223249991133343,149.40813000066555,0.8569479978177696
2306,137.2783189981419,2.782678002404282,132.10166699718684,0.5375760010792874
2307,129.53628600007505,2.531899001041893,124.76580399743398,0.6921510030224454
2308,124.55330300144851,1.476765999541385,121.30082600197056,0.49837199912872165
2309,107.82821300017531,4.635983001207933,101.46535399690038,0.3302609984530136
2310,90.30580699982238,2.512491999368649,86.45023400094942,0.28827899950556457
2311,90.08886100127711,3.4251070028403774,85.50991599986446,0.27876000240212306
2312,87.7121099983924,2.1393240022007376,84.47524499933934,0.3011680018971674
2313,84.56154200030142,1.0806159989442676,82.24784699996235,0.34481599868740886
2314,82.53531000082148,1.7193780004163273,79.60166900011245,0.2883159977500327
2315,86.78103299826034,1.2696539997705258,84.36350400006631,0.28966800164198503
2316,84.28968800217262,1.137226998253027,81.99691999834613,0.2690010005608201
2317,91.48958899822901,1.2388939976517577,89.04668999821297,0.29196399918873794
2318,81.14506399942911,1.1118009970232379,78.8864440000907,0.2741680000326596
2319,81.72123400072451,3.2340500001737382,77.16419600183144,0.2933159994427115
2320,88.10670399907394,1.0472829999343958,85.93747399936547,0.28631600071094
2321,90.14365800248925,2.024620000156574,86.98623699820018,0.27768600193667226
2322,84.26759599751676,1.2483569989854004,81.84908600014751,0.2968720000353642
2323,84.70744900114369,3.4496999978728127,80.0979859996005,0.300464998872485
2324,83.78509400063194,2.4726219999138266,79.79122499818914,0.5691320002370048
2325,83.56175899825757,1.3194320017646533,80.9231009989162,0.3379090012458619
2326,100.64403599972138,1.4808389969402924,97.92633799952455,0.33225999868591316
2327,101.68353900007787,3.2896990014705807,96.9550009976956,0.4735020011139568
2328,103.32884300078149,1.8017299989878666,99.36801200092304,0.47126200297498144
2329,89.6428960004414,1.3829499985149596,86.57066099840449,0.2689830034796614
2330,82.3095320010907,1.268228003027616,79.78803899823106,0.27466699975775555
2331,84.09627999935765,0.9812630014494061,82.01097500204924,0.27855699954670854
2332,83.44335199944908,1.7585809982847422,80.54420999906142,0.26638999770511873
2333,81.48947299923748,1.1313379982311744,79.13348199872416,0.3296120012237225
2334,86.64018000126816,1.2442459992598742,83.91696499893442,0.29390900090220384
2335,80.06887399824336,0.9873929993773345,78.00112400218495,0.269926997134462
2336,83.97752100063371,1.0726530017564073,81.74688099825289,0.2762790027190931
2337,80.72426600119798,0.9731520003697369,78.60879500003648,0.29233500026748516
2338,80.31417099846294,1.0686159985198174,78.08538500103168,0.28652000037254766
2339,86.9765150018793,0.9320409990323242,84.0342800001963,0.2793160019791685
2340,83.23909200044,1.095319999876665,80.94876699760789,0.310037998133339
2341,87.1176069995272,0.9748560005391482,85.02135799790267,0.2820189984049648
2342,85.28676700007054,1.071560000127647,82.74223799890024,0.2955009986180812
2343,82.12762399853091,1.0936899998341687,79.8703000000387,0.2754460001597181
2344,85.73449100003927,1.08711600114475,83.46035099748406,0.3079089983657468
2345,83.89031600017915,1.0876710002776235,81.55521400112775,0.39322400334640406
2346,91.46857100131456,1.8376930020167492,88.49413200005074,0.27539000075194053
2347,83.56064799954765,1.2848380029026885,81.15386000281433,0.26996400265488774
2348,90.14428700174903,1.0194309979851823,87.70401799847605,0.26457499916432425
2349,88.80509699883987,1.0550040024099872,86.57992000007653,0.34500199762987904
2350,82.72671899976558,2.8773829981219023,78.28501499898266,0.27620499895419925
2351,88.30433500043,0.9537260011711624,84.32724399972358,0.2640940001583658
2352,82.9156449981383,1.0990240007231478,80.6808400011505,0.32061199817690067
2353,83.00670199969318,1.072708000720013,80.74513600149658,0.3523899977153633
2354,83.68839000104344,2.057952999166446,80.26585699917632,0.27379799939808436
2355,85.65369400093914,1.082430997485062,82.76057100010803,0.274463996902341
2356,87.28777500073193,1.1840970000775997,84.80393200079561,0.28315000236034393
2357,79.61039099973277,1.0562819988990668,77.4045850012044,0.273314999503782
2358,80.40357999925618,0.9897819982143119,78.22556999963126,0.3227419983886648
2359,85.16863600016222,1.1965600024268497,81.09911900100997,0.2740009986155201
2360,83.25679599875002,2.4692690021765884,79.647982998722,0.3064089978579432
2361,95.53849499934586,2.6146220006921794,91.71001600043382,0.29077900035190396
2362,87.31353400071384,1.090745998226339,84.79678400181001,0.549336000403855
2363,93.64813600041089,1.2210059976496268,91.09140199871035,0.4143720034335274
2364,82.29154999935417,1.6212289992836304,79.04212900029961,0.27344499903847463
2365,80.69587700083503,1.1017079996236134,78.00560699979542,0.2821490015776362
2366,82.7201630017953,1.1933009991480503,80.32120799907716,0.2709639993554447
2367,80.23839399902499,1.7330070004391018,77.33619600185193,0.2789639984257519
2368,88.35596499920939,1.038004000292858,86.11895500143874,0.30877899916958995
2369,81.70032600173727,1.059171001543291,79.49879800071358,0.2834269980667159
2370,80.44807899932493,1.118504998885328,78.18153400148731,0.28452000333345495
2371,92.67379800076014,1.2928569994983263,89.73858199897222,0.28072300119674765
2372,78.8031839983887,1.0391710020485334,76.60332299928996,0.3275199997005984
2373,82.04343800025526,2.0537310010695364,78.70164699852467,0.27329699878464453
2374,88.0135750012414,1.3220619985077064,85.21567399657215,0.3833349983324297
2375,85.30452599734417,1.2268569989828393,82.48268099850975,0.3160380001645535
2376,85.48015600172221,2.608733000670327,81.70728900222457,0.2748909973888658
2377,85.56286100065336,1.2209310007165186,83.0218680021062,0.28825999834225513
2378,89.3054320004012,1.6308220001519658,86.05051099948469,0.2847420000762213
2379,82.8832009974576,1.3652460002049338,79.03240700034075,0.27555699853110127
2380,79.98281800246332,1.1445419986557681,77.68199400015874,0.2777049994620029
2381,85.60849099740153,1.031874999171123,83.44309299718589,0.27620499895419925
2382,80.08711500224308,1.5407839964609593,77.39636299811536,0.2757600013865158
2383,87.09266299774754,1.1134119995404035,84.83939500001725,0.3137599996989593
2384,85.00265499969828,2.682808000827208,81.18804600235308,0.2954459996544756
2385,82.14949400280602,1.672711001447169,79.32316699952935,0.2832420032063965
2386,89.78563799973927,3.0510130018228665,85.37585899830447,0.2971860012621619
2387,80.75039499817649,1.1045969986298587,78.54264599882299,0.28018599914503284
2388,90.72469700186048,0.9555600008752663,87.03342299850192,0.27505600155564025
2389,85.52319400041597,1.1789119998866227,83.18972100096289,0.27940800282522105
2390,83.22464699813281,1.015133999317186,81.13132400103495,0.2879089988709893
2391,93.42281999852275,1.7925630017998628,90.40462199845933,0.3485750021354761
2392,81.54708400252275,1.1943200006498955,79.18574100040132,0.3161130007356405
2393,89.03926399943884,1.840063003328396,86.00562200081185,0.34002000029431656
2394,81.21645299979718,1.0044859991467092,79.08042499911971,0.27868699908140115
2395,82.73036700120429,1.022448999719927,79.44615000087651,0.301223000860773
2396,84.28555899808998,2.0868980027444195,80.51609799804282,0.2765749995887745
2397,82.03864200186217,1.0493010013306048,79.82511400041403,0.3073719999520108
2398,89.97284199722344,0.99385599969537,86.8442179998965,0.2955939999083057
2399,83.95341000141343,1.1557830002857372,81.58025200100383,0.3007420018548146
2400,87.99281499887002,1.1320049998175818,83.53248200000962,0.3317420014354866
2401,85.33398900181055,1.7537480016471818,81.96516000316478,0.28998299967497587
2402,84.87124599923845,1.1081900011049584,82.59136600099737,0.2910939983848948
2403,92.12275900063105,1.156283000455005,89.73195200087503,0.3048719991056714
2404,87.47064599810983,1.0196889998042025,85.31165500244242,0.27879799745278433
2405,94.14302699951804,1.5750439997646026,91.2799029974849,0.28050199762219563
2406,80.8849890017882,0.9931710010278039,78.76842499899794,0.2818709981511347
2407,81.19121200070367,1.0181159996136557,79.06320300025982,0.2871129981940612
2408,88.5477619995072,1.0908750009548385,86.24212200084003,0.2773349988274276
2409,85.06859900080599,1.6280439995171037,82.25245700305095,0.2809270008583553
2410,88.71637400079635,2.46489900018787,85.1484699996945,0.2761309988272842
2411,84.09229899916681,1.0023189970524982,80.06031900004018,0.2919649996329099
2412,84.38213299814379,1.1754499973903876,81.01569300197298,0.3419089989620261
2413,121.32495600235416,2.230176000011852,117.69136600196362,0.4382430015539285
2414,129.1529329973855,2.6207880000583827,124.80006300029345,0.3630940009315964
2415,122.10394000067026,3.0271420000644866,117.39064300127211,0.41253900053561665
2416,139.80873800028348,1.429449999704957,136.5127979988756,0.359945999662159
2417,88.39000200168812,1.2703200009127613,85.66537899969262,0.2937419994850643
2418,94.53569399920525,1.0511709988350049,92.3886480013607,0.279112999123754
2419,127.79764999868348,2.4339729970961343,123.76429900177754,0.4720760007330682
2420,132.8861340007279,1.6868960010469891,129.06965499860235,0.531446003151359
2421,133.1841909996001,1.472191001084866,129.53773100161925,0.41520499871694483
2422,118.87746299908031,2.715307997277705,114.69465000118362,0.35563100027502514
2423,84.58906099986052,1.187060999654932,82.16901299965684,0.28894499700982124
2424,89.58434000305715,2.874845999031095,85.35059999849182,0.29948299925308675
2425,84.57291199738393,1.0215970032732002,82.4014210011228,0.2989450003951788
2426,90.5993260021205,0.9828190013649873,86.77971799988882,0.2792609993775841
2427,82.74440400055028,1.0704859996621963,80.51939500001026,0.2801309965434484
2428,83.62788999875193,2.463084998453269,80.03906000158167,0.28555699827848
2429,85.40695199917536,1.0440600017318502,80.42758000010508,0.2710009975999128
2430,83.3138140005758,1.0727640001277905,81.03734199903556,0.26920500022242777
2431,83.24185099991155,1.031948999298038,81.12291600264143,0.2608899994811509
2432,80.55865400092443,1.2747090004268102,78.0240509993746,0.2787789999274537
2433,95.72945900072227,1.0350410011596978,92.35975900082849,0.4313530007493682
2434,97.58841099755955,1.6225250001298264,94.34124899780727,0.4209649996482767
2435,102.64722899955814,1.6263040015473962,99.51004899994587,0.3188899972883519
2436,94.87338100007037,1.0339859982195776,91.58036700318917,0.3575949995138217
2437,104.47997799928999,2.131157998519484,100.48358999847551,0.2879819985537324
2438,82.92681200327934,0.9388559992657974,80.69056199747138,0.2826490017469041
2439,87.36862699879566,0.9779680003703106,85.25122900027782,0.30251999851316214
2440,84.1718369993032,1.1441710012149997,81.75208499960718,0.2864460002456326
2441,87.33262700116029,1.0259490009048022,83.42373999767005,0.3389270023035351
2442,91.88333099882584,1.103745998989325,89.51560000059544,0.30124199838610366
2443,86.10562200192362,2.8485859984357376,82.07927200055565,0.2910939983848948
2444,91.48432999791112,1.0699859994929284,89.25363500020467,0.2821490015776362
2445,85.70295400204486,1.6618779991404153,81.6351030007354,0.29307600198080763
2446,83.82890899883932,1.1796530015999451,81.44114000242553,0.32490899684489705
2447,87.47523900092347,1.83548900167807,84.3700590012304,0.2920200022344943
2448,80.82928499788977,1.3493579972418956,78.34158900004695,0.2689829998416826
2449,89.13333800228429,1.1251160030951723,86.13904800222372,0.35166800080332905
2450,83.25509199858061,2.1101199999975506,79.95680000021821,0.3116119987680577
2451,87.92083300068043,3.373736999492394,83.35090699983994,0.2853719997801818
2452,88.15540900104679,1.071411999873817,85.89543599737226,0.2904640023189131
2453,82.62055199884344,1.0835599969141185,80.3019859995402,0.29605699819512665
2454,92.27290700073354,0.9963560005417094,88.55931799917016,0.33787199936341494
2455,92.76526099711191,1.0782079989439808,90.49078899988672,0.2915189979830757
2456,84.40642999994452,1.0712820003391244,82.10053099901415,0.3339830000186339
2457,84.28287400238332,1.2610980011231732,80.75083999938215,0.2806310003506951
2458,82.59330999862868,1.3173019979149103,80.08370700190426,0.2892049997171853
2459,87.33929400113993,0.9792819982976653,84.08626199889113,0.2738350012805313
2460,82.21297599811805,1.018097002088325,80.05885600141482,0.282389999483712
2461,84.44254099958926,0.9962819967768155,81.57106500220834,0.8013369988475461
2462,82.94979400307056,1.0406529981992207,80.76280299792415,0.273390000074869
2463,82.0865129971935,1.2393199976941105,79.62996499918518,0.2792790000967216
2464,102.59535800287267,1.0289860001648776,100.3856450006424,0.2905189976445399
2465,102.74613699948532,3.3349400000588503,98.28630299671204,0.2818159991875291
2466,95.1871969991771,1.069579000613885,92.96063299916568,0.2843160000338685
2467,116.0778779994871,1.0294120002072304,113.81759100186173,0.38735400084988214
2468,113.15879199901246,1.792711002053693,110.2077420000569,0.2805939984682482
2469,85.29280400034622,3.070290997129632,81.06854599827784,0.2812230013660155
2470,84.33320699987235,1.0446339983900543,82.15429100164329,0.2996120019815862
2471,85.70889800103032,1.0518380004214123,83.43537000109791,0.34607600173330866
2472,82.5830700014194,1.0827639998751692,80.31798699812498,0.268204999883892
2473,82.54445899729035,1.1560420025489293,80.25876399915433,0.27172300178790465
2474,88.20092700261739,1.0328380012651905,86.02365800106782,0.296038000669796
2475,85.01195099961478,1.211041999340523,82.58899599968572,0.27768600193667226
2476,98.52552599841147,1.1719859976437874,95.07245599888847,0.3084089985350147
2477,99.44410500247614,2.89908700142405,95.31808699830435,0.2691310000955127
2478,84.08802099802415,2.272379999340046,80.69934000013745,0.2793160019791685
2479,100.74036800142494,2.655510998010868,96.90966800189926,0.30174199855537154
2480,107.59500899803243,1.8093229991791304,102.94821100251283,0.3014650028489996
2481,104.86579400094342,1.0424490028526634,102.67857999861008,0.31733500145492144
2482,88.94454199980828,1.7921180005942006,85.9836580020783,0.3161130007356405
2483,95.19673400063766,2.2985280011198483,91.54053400197881,0.3086120013904292
2484,110.04526000033366,2.1051940020697657,106.58904199954122,0.38579800093430094
2485,87.83746299741324,1.1235980018682312,85.48734199939645,0.2816119995259214
2486,83.46035100112204,0.9942270007741172,79.91042899811873,0.27801999749499373
2487,87.45383200221113,1.0752820016932674,85.24163699985365,0.27392700212658383
2488,81.08197099863901,1.4852099993731827,78.47572000173386,0.2770200007944368
2489,85.85036200020113,0.9780039981706068,83.75574199817493,0.27829800092149526
2490,79.79790999888792,1.1047820007661358,77.54347500303993,0.27063100060331635
2491,83.03086800151505,0.9906150007736869,80.90326699675643,0.2826870004355442
2492,95.93910799958394,1.0614120001264382,93.76004300065688,0.28024100174661726
2493,82.23451400044723,1.128912001149729,79.95424399996409,0.28081600248697214
2494,81.5833249980642,1.8112660000042524,78.65018300071824,0.273465000645956
2495,89.37946900186944,1.063208001141902,87.16512699902523,0.3042419994017109
2496,84.26800300003379,3.540811001585098,79.53166800143663,0.34257500010426156
2497,89.65371099839103,0.9929119987646118,87.50610900096945,0.3070009988732636
2498,88.98639399922104,1.9027119997190312,85.904510000546,0.27835299988510087
2499,82.75934900302673,1.1217639985261485,80.50134000222897,0.2748160004557576
2500,91.07853099703789,1.071337999746902,88.83885600153008,0.29513099798350595
2501,80.5730250031047,2.8556420002132654,76.59334099662374,0.27701900035026483
2502,95.34762399925967,1.0366709975642152,93.1906700025138,0.2912050003942568
2503,83.56014899982256,0.8964660009951331,80.62385900120717,0.31431599927600473
2504,85.55145299760625,1.0602450020087417,83.22844400026952,0.3881680022459477
2505,104.80571900188806,1.4044689996808302,101.97437399983755,0.2945380001619924
2506,117.12491900107125,2.233045997854788,113.76946100062924,0.27362999753677286
2507,111.29759899995406,1.1212640019948594,108.82544000196503,0.3948539997509215
2508,102.90791499937768,2.0246390013198834,99.65941999689676,0.28609400033019483
2509,107.57726799783995,2.4176770020858385,104.03808699993533,0.2957979995699134
2510,99.85903200140456,2.303657998709241,93.99034099988057,0.2684089995454997
2511,108.21227099950192,1.8642310024006292,105.0723320004181,0.28068699975847267
2512,84.67496800221852,1.972193000256084,81.48523199997726,0.2795200016407762
2513,87.42325699859066,4.4675370008917525,81.80297499711742,0.3141489978588652
2514,85.03156200094963,1.0557259993220214,82.70710700162454,0.40566800089436583
2515,95.02767799858702,1.2246350015630014,92.63492800164386,0.2712599998631049
2516,88.56381800069357,1.1426339988247491,86.21791900077369,0.2845009985321667
2517,84.97643200098537,3.7676640022255015,80.04476399946725,0.337297999067232
2518,84.34972599934554,1.0549489998084027,82.08227199793328,0.309500999719603
2519,93.29781899941736,1.8316009991394822,90.23176900154795,0.27342700195731595
2520,81.5532880005776,1.1047269981645513,79.32450099906418,0.2733530018304009
2521,84.00468699983321,0.9742629990796559,81.92762299950118,0.2726300008362159
2522,82.4530700010655,2.2842140024295077,79.02244400247582,0.28492699857451953
2523,86.36878999823239,1.0603570008242968,84.13952100090683,0.2809649995469954
2524,87.33383100116043,1.1061340010201093,85.01341400187812,0.2813159990182612
2525,86.58466099950601,1.0735229989222717,84.29809600056615,0.27437099925009534
2526,83.9857610008039,1.8088590004481375,80.89121199736837,0.3078900008404162
2527,88.12459399996442,1.2360050022834912,83.21349900143105,0.3101500005868729
2528,83.65399999820511,1.074004998372402,81.39787999971304,0.2969090019178111
2529,93.66078400125843,1.7204889991262462,90.75143800146179,0.3142610003123991
2530,86.39310500075226,2.7786589998868294,82.45575500041014,0.30403799974010326
2531,86.95838399944478,1.0643000023264904,84.65394900122192,0.3683539980556816
2532,102.44256199803203,1.0125230000994634,98.36874800021178,0.32177899993257597
2533,102.44713499923819,2.8856969984190073,98.4513040020829,0.28798300263588317
2534,109.79912900074851,1.5069510009197984,105.8608350031136,0.3669459983939305
2535,95.07734600265394,1.0955039979307912,92.64642700145487,0.4317980019550305
2536,95.46193899950595,1.274985999771161,92.46789000098943,0.27168700034962967
2537,81.64797299832571,1.067671000782866,79.39751999947475,0.27668699840432964
2538,86.04673300214927,1.117282001359854,83.7819459993625,0.2792979976220522
2539,87.73916599966469,1.264616999833379,85.26648900078726,0.2999829994223546
2540,83.92757599722245,1.218931000039447,81.51906599960057,0.30252000215114094
2541,87.20301600260427,2.66421500055003,82.67292199889198,0.2726860002439935
2542,81.01772999725654,1.2217460025567561,78.64792400141596,0.2751680003711954
2543,85.93828800076153,2.3531769984401762,82.47044000017922,0.2698720018088352
2544,80.72497000102885,1.108893997297855,78.46844199957559,0.2745560013863724
2545,81.47767699847464,0.9851710019574966,79.31498199832276,0.3042979988094885
2546,87.59442399968975,1.4344689989229664,82.23008700224455,0.29366799935814925
2547,83.49590800207807,2.4306579980475362,79.77972500157193,0.3052789979847148
2548,88.86081899981946,1.1348750012984965,86.47523499894305,0.2955939999083057
2549,82.36404999843217,2.6971779989253264,78.55481200022041,0.276556998869637
2550,87.99109300161945,1.0588369987090118,85.56050900006085,0.5155569997441489
2551,87.81624100083718,1.9184520024282392,82.52784700016491,0.29116799851180986
2552,81.03871200000867,0.9994110005209222,78.90457399844308,0.26892700043390505
2553,87.03764399979264,1.2680049985647202,84.52989400029765,0.3196680008841213
2554,87.4966459996358,2.779400001600152,83.14470199911739,0.2762420008366462
2555,85.11202599765966,1.0518749986658804,81.97351199851255,0.2594639991002623
2556,83.76827900065109,1.4427839996642433,81.02435999899171,0.3052790016226936
2557,82.28616099950159,2.524917999835452,78.5567569982959,0.28266799927223474
2558,90.1510280018556,0.9560969992890023,85.04959900164977,0.2856490027625114
2559,80.02868900075555,1.0199680000368971,77.87675400322769,0.3069829981541261
2560,81.61086299878662,1.19281899969792,79.21905599869206,0.27950100047746673
2561,86.07363999908557,1.8996379985765088,82.92164600061369,0.2758529990387615
2562,81.04047100277967,3.3170509996125475,76.53517400103738,0.2858159969036933
2563,92.51544599828776,1.059281999914674,90.22462099892437,0.28976000248803757
2564,80.2405969989195,1.0386889989604242,78.08334799847216,0.27620500259217806
2565,87.29286800007685,1.064394000422908,85.05706200230634,0.2786310033116024
2566,83.6853710025025,0.9979110000131186,81.58343700051773,0.297186998068355
2567,82.59071799693629,1.0439680008857977,80.43115400141687,0.28457499865908176
2568,90.07775000281981,1.3828580013068859,86.80392099995515,0.2850939999916591
2569,81.98745700065047,1.1520789994392544,79.63355800166028,0.27855699954670854
2570,87.47592399959103,1.0469489971001167,85.3078039981483,0.27914900056202896
2571,86.27565999995568,1.6741920007916633,82.48245900176698,0.28031600231770426
2572,80.37924599921098,1.0533010026847478,78.10153299942613,0.3593160035961773
2573,88.56335499876877,1.0795600028359331,85.95825099837384,0.2984450002259109
2574,82.19469799951185,1.0127830028068274,79.91487400067854,0.39229799949680455
2575,90.19875000012689,1.0335970000596717,84.96856100100558,0.2948159999505151
2576,83.14507300019613,1.083227001799969,80.91060000151629,0.29618699772981927
2577,82.35993900234462,1.1208010000700597,80.01307700033067,0.3040570009034127
2578,89.56676699745003,0.9798009996302426,87.26272000058088,0.27892800062545575
2579,83.75748199978261,0.9662820011726581,79.314611000882,0.2901500010921154
2580,84.28331799950683,1.0425600012240466,82.0845130001544,0.33566800266271457
2581,84.02274300169665,2.1211569983279333,80.6515619988204,0.3490759991109371
2582,97.48491099890089,1.0242449970974121,93.07276199979242,0.2793710009427741
2583,81.36289799949736,2.0336380002845544,78.18518100248184,0.310112998704426
2584,84.90008000080707,1.300227999308845,80.57043200096814,0.27000100089935586
2585,89.13563500027522,0.971281999227358,86.98890300001949,0.2788720012176782
2586,89.73615600189078,1.016541998978937,86.22204800121835,0.2701679986785166
2587,87.86935199896106,1.0323189999326132,85.67534299800172,0.29489000007743016
2588,81.80265899864025,1.3892460010538343,78.48355299938703,0.2771680010482669
2589,80.35289500185172,1.1756529966078233,78.07044000219321,0.27198200041311793
2590,114.74940900006914,1.0795599991979543,112.37882499699481,0.2857610015780665
2591,84.2763369983004,2.4369359998672735,80.71117299914476,0.27688999762176536
2592,85.05728400268708,1.0868750032386743,82.85090500066872,0.29394599914667197
2593,83.87218699863297,1.0067260009236634,80.20472700081882,0.27224199948250316
2594,87.95125899996492,1.1325970008329023,83.94720599972061,0.31433500043931417
2595,84.56287499939208,1.1312829992675688,81.70260300175869,0.2921130035247188
2596,81.65210299921455,1.0685600027500186,79.37959400078398,0.27542699899640866
2597,82.2855320002418,1.108819000364747,80.02544900227804,0.323649997881148
2598,84.95196900184965,1.7297479971603025,80.85961799952202,0.27576099819270894
2599,83.5047599975951,1.1845229964819737,80.74287700219429,0.2862610017473344
2600,86.30938200076343,1.3259320003271569,83.71629699831828,0.2950749985757284
2601,85.63286099888501,1.848304000304779,82.69829300115816,0.27342699831933714
2602,88.78157700019074,1.0726149994297884,86.20438199795899,0.2847239993570838
2603,80.74461800060817,1.0624669994285796,78.44892299908679,0.32000200008042157
2604,80.08554200205253,1.0327819982194342,77.85277199945995,0.30468600016320124
2605,81.60525099810911,0.9601519996067509,79.52727999872877,0.27674199736793526
2606,79.53253899904666,1.1818390012194868,77.09693599827006,0.2811129998008255
2607,86.4057530015998,1.1840240003948566,83.92626099885092,0.36966799962101504
2608,84.68959699894185,0.9850599999481346,80.40089499991154,0.28359399948385544
2609,83.72911200058297,1.7363029983243905,80.84052599951974,0.3178170009050518
2610,90.23751000131597,1.05809700107784,88.10214899858693,0.27802000113297254
2611,84.10052099861787,1.1913380003534257,81.7306600001757,0.2707229978113901
2612,84.3214109991095,1.1100970004918054,82.01786399877165,0.28105700039304793
2613,82.13301300202147,1.115487000788562,79.90170699849841,0.277316001302097
2614,81.44815799823846,1.5087840001797304,78.78172100026859,0.28631600071094
2615,90.5420300005062,3.5045709992118645,85.83873200041126,0.3476310012047179
2616,83.5286850015109,1.6316000001097564,80.63072799996007,0.36014899887959473
2617,88.40624299773481,1.0537089983699843,86.16178900047089,0.27970399969490245
2618,82.79186700019636,1.1175779982295353,80.44080199761083,0.29798199830111116
2619,80.84443299958366,1.139170999522321,78.46144200084382,0.294019999273587
2620,87.83688900075504,1.3030989975959528,85.36565600297763,0.32240899963653646
2621,86.27641900238814,3.00230900029419,82.1497899996757,0.26985300064552575
2622,93.78011700027855,1.2540979987534229,90.56825199877494,0.31344500166596845
2623,83.70287199795712,1.4189510002324823,80.99350799966487,0.30996400164440274
2624,80.96137800021097,1.1249119997955859,78.71699799943599,0.281131000519963
2625,93.59207899979083,1.0725600004661828,91.35247800077195,0.27646400121739134
2626,80.15887500005192,1.0686339992389549,77.93781000145827,0.2667240005393978
2627,85.3713409996999,1.0103929998876993,83.21370300109265,0.3146130002278369
2628,86.0159370022302,1.076522999937879,83.77694499722566,0.2931870003521908
2629,83.06410899967887,1.2735979980789125,80.49682099954225,0.2953340008389205
2630,89.31732099881629,1.1239679988648277,86.98892199754482,0.28564899912453257
2631,85.24728499833145,3.1564769997203257,80.97832299972652,0.2867049988708459
2632,89.34554300140007,1.1970790001214482,86.9523660003324,0.2929270012828056
2633,84.56791199932923,0.9789480027393438,81.75077099804184,0.28926099912496284
2634,85.13928500178736,0.9779489992070012,82.376309997926,0.3026869999303017
2635,87.02068099955795,2.773844997136621,82.54829299767152,0.34539099942776375
2636,85.31230399967171,1.082041002518963,83.03122000143048,0.3007420018548146
2637,86.88238499962608,1.0548749996814877,84.51474500179756,0.3215750002709683
2638,80.98167500065756,1.3485060007951688,78.24220100155799,0.3099269997619558
2639,87.91483299864922,0.9959859999071341,85.71006499914802,0.2955570016638376
2640,83.01225700051873,1.10287499774131,80.728247998195,0.2968720000353642
2641,81.62169600109337,1.122429999668384,79.2661119994591,0.30022300052223727
2642,86.45060499839019,1.1673749977489933,84.05020600184798,0.29822299984516576
2643,84.68254200124647,1.3577099998656195,82.19164299953263,0.29300100140972063
2644,91.0169210001186,1.3957279988972005,88.41637299701688,0.30451999919023365
2645,81.16315599909285,1.125744998716982,78.83188800042262,0.30607599910581484
2646,96.2819619999209,1.283524001337355,93.78161799759255,0.32500199813512154
2647,95.3739200012933,1.1594679999689106,90.41701100068167,0.3087049990426749
2648,84.48502299870597,1.382395003020065,81.90397400176153,0.3045559969905298
2649,85.99425099964719,1.2624310002138373,83.49305499723414,0.2837229985743761
2650,81.44426900253166,1.3481729984050617,78.84977700086893,0.3370199992787093
2651,89.43230299701099,3.020382999238791,85.0503209985618,0.3400569985387847
2652,148.68112600015593,4.3549820002226625,143.10864000071888,0.2918720019806642
2653,115.01335499997367,1.5597099991282448,112.12754700318328,0.3031859996553976
2654,126.52281100235996,1.0340779990656301,122.67822099965997,0.41172400233335793
2655,128.11585499730427,3.535014999215491,121.15306600026088,0.41072399835684337
2656,149.16092500061495,2.823029997671256,144.57377500002622,0.5369659993448295
2657,127.68888999926276,1.6027479978220072,123.92389300293871,0.5244099993433338
2658,123.87200300145196,2.604992001579376,119.53543000345235,0.4531319973466452
2659,112.27915800191113,1.6756739969423506,108.64297700027237,0.2949090012407396
2660,91.59305299908738,1.775062999513466,88.6045400002331,0.26707500001066364
2661,84.85402400037856,1.0416340010124259,82.7357190028124,0.27483499798108824
2662,87.18797899928177,1.0860040019906592,84.96467300210497,0.27865000083693303
2663,94.34047099784948,1.1666710015560966,92.01762799784774,0.26996399901690893
2664,82.16819800145458,1.105727002141066,79.89744799851906,0.28550099887070246
2665,89.72000799985835,2.9903819995524827,85.5639159999555,0.2939829973911401
2666,85.31337800013716,1.0181529978581239,81.32991699676495,0.28502000350272283
2667,91.95659100078046,1.7865070003608707,89.02711499831639,0.2987789994222112
2668,95.28929099906236,2.8615119990718085,91.29616299833287,0.2814819999912288
2669,106.27676199874259,1.5162470008363016,101.40192700055195,0.4332609969424084
2670,111.51858100129175,1.4808209998591337,108.14875200230745,0.4823540002689697
2671,104.83566399852862,2.7259739981673192,100.10990400041919,0.5373169988160953
2672,101.91281900188187,3.4832919991458766,96.97772299841745,0.3024460020242259
2673,84.87900500040269,1.0761519988591317,82.66053300030762,0.29700099912588485
2674,90.65940100117587,1.9018590028281324,87.5687760017172,0.2895379984693136
2675,86.36603099876083,1.63230299949646,83.48383300108253,0.32368699976359494
2676,89.64537700012443,1.0442450002301484,87.4792759968841,0.2790569997159764
2677,86.24823399804882,1.044448999891756,83.99689100042451,0.3055380002479069
2678,80.96417500200914,1.0949860006803647,78.70125800036476,0.2884269997593947
2679,84.18857699871296,2.372138998907758,80.68643200022052,0.2810750011121854
2680,80.63763600148377,1.035800996760372,78.46351500120363,0.2773159976641182
2681,79.79050299763912,1.0118190002685878,77.65317899975344,0.2764649980235845
2682,81.69738100332324,1.0457640019012615,79.48209399910411,0.2810750011121854
2683,79.33922299707774,0.9798190003493801,77.22089899834828,0.2820190020429436
2684,82.61005200256477,2.515659001801396,78.89179500125465,0.31087200113688596
2685,81.32378699883702,1.0467270003573503,79.12161100102821,0.2679450008145068
2686,81.69210299820406,1.1125230012112297,79.38487100182101,0.3061860006710049
2687,83.29562900325982,0.9652069966250565,81.21565699912026,0.29089000236126594
2688,82.02914199864608,1.0505790014576633,79.83904000138864,0.2802420021907892
2689,91.00793899779092,1.150374999269843,88.40394700018805,0.4879650005022995
2690,86.48771700245561,1.7743410026014317,82.83855300032883,0.2821300004143268
2691,86.29012199889985,0.9775229991646484,84.153817002516,0.28016800206387416
2692,83.60016699953121,1.075986001524143,81.38945400060038,0.2756120011326857
2693,83.57331600200268,2.3589169977640267,80.09852299801423,0.28116700195823796
2694,86.90442099759821,1.0794300033012405,84.69805999993696,0.26711199825513177
2695,81.59513999999035,1.1642079989542253,79.16761099841096,0.35074199695372954
2696,82.69270100208814,1.0747449996415526,80.45548699737992,0.27885300005436875
2697,87.2442929976387,2.6608629996189848,83.4315179999976,0.2958899967779871
2698,86.38919800068834,1.2050980003550649,83.56714799811016,0.6554100000357721
2699,90.68006700181286,1.0375779966125265,87.56368399917847,0.30759400033275597
2700,81.70926999810035,1.058633999491576,79.4828719990619,0.28203799956827424
2701,86.67253200110281,1.596042999153724,83.96398300101282,0.28139000278315507
2702,88.48857699922519,1.7102300007536542,85.59089800110087,0.2852610014087986
2703,81.79634400221403,1.2419869999575894,79.40653799960273,0.2807419987220783
2704,86.45956799955457,1.1587089975364506,84.13413299786043,0.289944997348357
2705,85.31087799929082,1.7846179980551824,80.81497000239324,0.27739000142901205
2706,82.11601299990434,1.767470999766374,78.31042199904914,0.30216800223570317
2707,85.69038000132423,1.563672998599941,82.99431200066465,0.290130999928806
2708,82.77051499680965,1.0556710003584158,80.52952399884816,0.36179699964122847
2709,100.79620300166425,2.758196998911444,96.67416700176545,0.4746129998238757
2710,84.7656719997758,1.733914999931585,81.34689800135675,0.29357500170590356
2711,83.23125799870468,1.1352269975759555,80.90452600299614,0.30237200189731084
2712,87.02397800152539,1.0117630008608103,84.85221000228194,0.30070499997236766
2713,83.68527800121228,2.0913230000587646,80.39948700024979,0.31298300018534064
2714,91.55823800028884,1.136153001425555,89.17359799670521,0.3485199995338917
2715,83.38238799842657,1.11392999679083,81.05047199933324,0.3090940008405596
2716,82.01073500094935,1.0278929985361174,79.7333360023913,0.3047419995709788
2717,88.27114899759181,1.1700420000124723,85.89897300043958,0.28507499882834964
2718,83.83429800232989,2.3431769986927975,80.3655979980249,0.2839640001184307
2719,87.24583100047312,0.9583370010659564,83.40592499735067,0.2775940010906197
2720,84.73056000002543,1.1209299991605803,82.4342180021631,0.275944999884814
2721,84.08929899815121,0.9228000017174054,81.28075000058743,0.2696309966268018
2722,90.32299200043781,1.7579329978616443,87.40034999937052,0.3151119999529328
2723,81.54360299886321,1.6618399968137965,78.74696100043366,0.26885300030699
2724,89.18600499964668,1.2216349969094153,86.71838400186971,0.3576500021154061
2725,82.16479100155993,1.3105060024827253,79.48855799986632,0.2788340025290381
2726,79.29890800005523,0.9802450003917329,77.19560300029116,0.28263000058359466
2727,86.42225299990969,1.8260079996252898,83.30064699839568,0.3442050001467578
2728,85.35622999988846,1.165133999165846,82.89183099986985,0.37720500040450133
2729,84.30685499843094,1.5187290009635035,81.61895500234095,0.29894600083935075
2730,83.27692500097328,0.9742449983605184,78.23994100181153,0.2889829993364401
2731,81.75140100138378,1.1003380022884812,79.47881699874415,0.27675999808707274
2732,106.82154199821525,0.9839859994826838,103.2031199974881,0.3213900017726701
2733,82.54390400179545,1.0941900000034366,80.26643100311048,0.27642799977911636
2734,103.48110199993243,2.6818449987331405,99.65919800015399,0.2775009998003952
2735,96.77314899818157,1.1906529980478808,93.53465400272398,0.29157500102883205
2736,108.91240300043137,1.1876899989147205,104.11636500066379,0.3535389987519011
2737,106.06440999981714,3.118179000011878,101.06526000163285,0.457595000625588
2738,106.16574400046375,1.1143379997520242,103.79654799908167,0.3430200013099238
2739,83.19153599950369,1.5395989976241253,80.52687600138597,0.26944600176648237
2740,82.29692000168143,2.301639997313032,78.81198000177392,0.2816119995259214
2741,84.93361799992272,1.1300600017420948,82.64707099806401,0.28668599770753644
2742,79.80913199935458,1.0932270015473478,77.53479000166408,0.3406119976716582
2743,85.32715600085794,0.9433369996258989,82.09321700269356,0.3374459993210621
2744,85.95232500010752,1.0550420010986272,83.57070400234079,0.4619650026143063
2745,81.08510099918931,1.640377002331661,78.28710800094996,0.27803800185211003
2746,94.81575099925976,0.9398740003234707,92.65670500099077,0.38329800008796155
2747,117.11747500157799,1.1008750007022172,114.36916700040456,0.31722399944555946
2748,103.95978999804356,1.659228997596074,101.15037099967594,0.2744450030149892
2749,96.44896200188668,1.193967997096479,94.08691499993438,0.28614899929380044
2750,96.0822939996433,1.0545410004851874,93.92496999862487,0.2820760018948931
2751,79.78852199812536,1.191523999295896,77.3888630028523,0.31131599826039746
2752,85.18797000215272,1.1500610016810242,82.80409000144573,0.3661310001916718
2753,81.50819499860518,1.0931149990938138,78.2944780003163,0.2940379999927245
2754,89.0218009990349,1.5147280028031673,84.55030099867145,0.3068910009460524
2755,87.03786700061755,1.2288760008232202,84.59237499846495,0.3068529986194335
2756,83.3899620010925,1.0241519994451664,81.22256499700597,0.2851669996744022
2757,85.73828699809383,1.4082279994909186,83.1295539974235,0.31289000253309496
2758,88.55196600052295,2.0374529995024204,85.30682300261105,0.3316309994261246
2759,87.22120099992026,1.287226998101687,84.72365300258389,0.2976119976665359
2760,88.91900399976294,1.3466730015352368,86.41967900257441,0.30540799707523547
2761,84.58037500167848,0.9688190002634656,81.39699100138387,0.31446399952983484
2762,85.07665499928407,1.0137820027011912,82.9341270000441,0.27539000075194053
2763,80.42680200014729,1.2486909981817007,77.95697700203164,0.339427002472803
2764,82.84718199865893,1.0755420007626526,80.59209900238784,0.32424199889646843
2765,83.26494400171214,1.4077470004849602,80.4837099967699,0.2714280017244164
2766,82.37984700099332,1.0138010002265219,80.22683799936203,0.29440800062729977
2767,84.72846799850231,1.1626710002019536,82.42118099951767,0.27166799918632023
2768,80.46039500186453,1.0636519982654136,78.28014400001848,0.27801999749499373
2769,81.01559999704477,1.4036540014785714,78.35490399884293,0.3340759976708796
2770,85.31710100214696,2.348805999645265,81.77164099834044,0.28109399863751605
2771,82.35801299815648,1.1325790001137648,80.04143000289332,0.30333499671542086
2772,86.43267899969942,1.0405040011391975,84.18629899824737,0.3765949986700434
2773,80.60558100260096,1.3061909994576126,77.8248650021851,0.27429799956735224
2774,82.39962500010733,1.0785230006149504,80.14657799867564,0.3287050021754112
2775,86.33188199746655,1.507617998868227,83.56814899889287,0.2774639979179483
2776,80.35183900210541,1.1644870028248988,77.9858099995181,0.30775999766774476
2777,82.87712699893746,1.066486001946032,80.6273220005096,0.2760940005828161
2778,81.89034500173875,1.094022998586297,79.39533399985521,0.27250099810771644
2779,78.79929499904392,1.1516529993969016,76.43328499761992,0.3288530024292413
2780,84.73959799812292,1.128374999098014,82.45653300036793,0.2995190006913617
2781,80.01644800242502,1.2263019998499658,77.39291899997625,0.27820499963127077
2782,90.3620659992157,1.2632090001716278,88.01259300162201,0.288871000520885
2783,82.48029199967277,1.1889490015164483,80.05222599967965,0.279223000688944
2784,82.1686419985781,1.0162260005017743,80.04911500029266,0.27705599859473296
2785,84.01026200226624,0.9427820004930254,80.6468950031558,0.28518700128188357
2786,80.03141099834465,2.1705640028812923,76.76715699926717,0.28100100098527037
2787,87.86049999980605,1.2870419996033888,85.14508100051899,0.34740900082397275
2788,81.15597200230695,1.6618959998595528,78.13286700184108,0.2816500018525403
2789,80.82947000002605,1.4045249990886077,78.26551499965717,0.2878900013456587
2790,96.12945999833755,2.196786997956224,92.86435499961954,0.2937050012405962
2791,82.35345900175162,1.4026169992575888,79.77202199981548,0.2966679967357777
2792,94.13535899875569,3.553127000486711,89.42309900157852,0.27851900085806847
2793,81.81895600137068,1.1653569999907631,79.46526099840412,0.28642699908232316
2794,84.52591199966264,1.0131340022780932,82.23280899983365,0.42290900091757067
2795,86.98238500073785,3.011382999829948,82.72397800101317,0.2942239989351947
2796,83.82148299642722,1.4364510025188792,81.15510100105894,0.28863100305898115
2797,86.04284400280449,1.1377080008969642,83.62122300241026,0.29411200011963956
2798,84.14668799741776,1.1670599997160025,81.79310400009854,0.30194499777280726
2799,85.51893399999244,2.1503050011233427,82.20769800027483,0.310946001263801
2800,84.6099860027607,1.6623960000288207,81.77878899732605,0.29918699874542654
2801,82.1782359998906,1.315708999754861,79.55618699998013,0.2918350000982173
2802,92.00716499981354,1.15933900087839,89.57508100138512,0.29685300251003355
2803,86.4181600009033,1.00541199935833,84.21935499791289,0.34398299976601265
2804,95.24243899795692,1.5353400012827478,92.52109299995936,0.30500199864036404
2805,84.37648499966599,1.1231529970245901,81.98932700179284,0.29903899849159643
2806,92.31964799982961,1.1707269986800384,89.9042119999649,0.33640899710007943
2807,86.38377200259129,2.786753000691533,82.42877399970894,0.30496399995172396
2808,82.52436599650537,1.8774899981508497,79.44318700174335,0.34305699955439195
2809,90.3068620027625,1.5318030018534046,87.56046100097592,0.29648200143128633
2810,84.61837499999092,1.1656160022539552,82.22181000019191,0.2996120019815862
2811,84.36250399972778,1.019171002553776,82.08969699990121,0.37107599928276613
2812,84.97026499753702,1.1493750025692862,82.63579299818957,0.2943719991890248
2813,84.79795000312151,1.1850420014525298,82.42260599945439,0.29779700344079174
2814,87.59673999884399,1.0359849984524772,85.39611900050659,0.31729699912830256
2815,81.50071300042327,1.8422490029479377,78.48918300078367,0.30196499938028865
2816,91.08095799820148,1.1222089997318108,88.86248500130023,0.27348200092092156
2817,82.54162600132986,1.1293200004729442,80.27433799725259,0.2737240029091481
2818,82.16304999950808,1.0083009983645752,79.76463199884165,0.5176689992367756
2819,84.31289199870662,1.5387849998660386,81.08043500033091,0.26920500022242777
2820,81.08993400310283,1.0150039997824933,78.84579500023392,0.31637099891668186
2821,88.48720699825208,1.0537269990891218,86.27725199767156,0.2802420021907892
2822,82.02199299921631,1.2689859977399465,79.60076200106414,0.2783349991659634
2823,81.8042900027649,1.1705599972628988,79.48492700234056,0.28251999901840463
2824,86.98129199910909,0.9948929982783739,84.87702400088892,0.2664079984242562
2825,83.90270599920768,1.0476529969309922,81.68880700031877,0.28072299755876884
2826,82.9518120008288,1.120672000979539,80.57006200033356,0.35318599839229137
2827,82.3445139976684,0.9889859975373838,79.0942220010038,0.27392700212658383
2828,82.36284700251417,0.990652999462327,80.2576530004444,0.27792699984274805
2829,91.87414599728072,1.1210419979761355,89.49393199873157,0.36835300124948844
2830,97.73950500311912,2.468714003043715,93.76004300065688,0.5062059972260613
2831,101.07661099755205,2.2567319974768907,97.24790999825927,0.2881679974962026
2832,85.4359149998345,1.1531350028235465,83.04123799825902,0.3121859990642406
2833,81.86362299966277,1.1300600017420948,79.47685299950535,0.33196400181623176
2834,84.53241200186312,1.5074130024004262,80.58061799965799,0.28981600189581513
2835,80.68487700074911,1.0781339988170657,78.42747799804783,0.27259399939794093
2836,93.87122899715905,1.829544999054633,90.71247399697313,0.3029830004379619
2837,81.29854600338149,0.9928740000759717,79.19455600131187,0.2739080009632744
2838,81.21586099878186,1.047616002324503,79.00599900312955,0.2779649985313881
2839,83.01151599880541,1.2203759979456663,80.60806100183981,0.2768539998214692
2840,81.28941700124415,0.996597002085764,78.09547700162511,0.27581600079429336
2841,82.31721699849004,1.0129299989785068,80.10111499970662,0.35801999911200255
2842,81.7650480021257,1.0125970002263784,77.20451100249193,0.28603800092241727
2843,79.54000199970324,1.2561719995574094,77.06321400110028,0.2880569991248194
2844,82.88153499961481,1.0912639991147444,80.70587699694443,0.28585299878614023
2845,82.75127399974735,1.4429690018005203,78.03377399977762,0.3067420002480503
2846,88.53581799849053,1.1184489994775504,86.2585120012227,0.29237100170576014
2847,88.49479900163715,1.6897479981707875,85.53026800291263,0.2887230002670549
2848,81.7723809996096,1.5196170024864841,79.1384449985344,0.2748339975369163
2849,87.20725699822651,1.5076359995873645,84.38896699954057,0.27925999893341213
2850,78.65485000002082,1.1325969971949235,76.39193299837643,0.27463099831948057
2851,84.82913500120048,0.990726999589242,80.67884000047343,0.27753799804486334
2852,82.21727199997986,0.9592079986759927,78.82072100255755,0.27568600125960074
2853,81.44997300041723,1.055319000442978,78.80451700111735,0.32911299786064774
2854,87.9239999994752,1.0605970019241795,85.60641700023552,0.3651869992609136
2855,81.68399300120655,0.9598559990990907,77.67012299882481,0.27874199804500677
2856,80.37598599912599,1.0721899998316076,77.58738299889956,0.3632609987107571
2857,84.10392899895669,1.1228750008740462,80.85030399888637,0.2990569992107339
2858,130.957033001323,1.1098569993919227,128.40452299860772,0.30598300145356916
2859,85.0858400008292,1.2505980012065265,82.69216299959226,0.26840799910132773
2860,85.4063419974409,0.9187630021187942,82.22503200158826,0.2710570006456692
2861,86.67377200254123,1.0187449988734443,84.54980100214016,0.27483500161906704
2862,84.9295619991608,1.125931001297431,82.63582899962785,0.28716799715766683
2863,84.37224400040577,1.1312269998597912,82.05030899989652,0.2778710004349705
2864,79.45981699958793,1.1970230007136706,77.14984300037031,0.2767969999695197
2865,79.93755899951793,1.0787089995574206,77.71393899747636,0.29476000054273754
2866,85.10409900191007,1.1381900003470946,82.8272940016177,0.27524200049811043
2867,79.27146399742924,0.9908930005622096,77.16456499838387,0.2831679994415026
2868,84.03052100038622,1.0885599986067973,81.8549189971236,0.2771680010482669
2869,84.1082799997821,1.596840000274824,79.52522399864392,0.32492700120201334
2870,79.04636999955983,1.0570790000201669,76.87939799870946,0.2845939998223912
2871,90.13006500026677,1.7611559997021686,87.18095999938669,0.28824200126109645
2872,85.77889800289995,1.109652999730315,83.47136999873328,0.28837200079578906
2873,89.02002399918274,1.1182080015714746,86.64060600131052,0.30692699874634854
2874,87.92499999981374,2.4433800026599783,84.36178199917777,0.28985300014028326
2875,87.64275800058385,1.734987999952864,84.5065040011832,0.31548300103168003
2876,85.45623099780641,1.105690000258619,83.14386900019599,0.2741859971138183
2877,91.32797699930961,1.1405979967094027,89.00524499767926,0.30813099874649197
2878,91.86972099996638,1.923192998219747,88.76296599919442,0.2741489988693502
2879,84.16926200152375,1.0958560014842078,81.9553459987219,0.2820010013238061
2880,81.84910400086665,0.9178370019071735,78.95668499986641,0.27670500276144594
2881,84.2224099978921,1.205394000862725,81.61445500081754,0.2914459983003326
2882,80.49013600248145,1.028059999953257,78.33825600027922,0.28164899777038954
2883,84.80970899836393,0.937041000725003,81.2708979974559,0.27835299988510087
2884,84.26187399891205,1.1407080019125715,82.00753100027214,0.28062999990652315
2885,89.19411600072635,0.9465039984206669,85.8587870025076,0.3036859998246655
2886,87.69688800020958,1.033245000144234,85.50271300191525,0.30970499938121065
2887,82.33379200100899,1.2315610001678579,79.80572499945993,0.3660570000647567
2888,88.3613529986178,1.0138559991901275,86.03460300219012,0.41137199877994135
2889,89.98878700003843,1.944433999597095,86.75827299884986,0.3062610012420919
2890,102.3536350003269,1.1618939970503561,98.78011999899172,0.3005939979630057
2891,110.25494600107777,1.1336160023347475,107.7908990009746,0.40711299880058505
2892,93.33561599851237,1.4342840004246682,90.42367800066131,0.29646399707417004
2893,110.59591000230284,1.897452002594946,107.44602699924144,0.27518600109033287
2894,84.54081899981247,1.154875000793254,82.19506900059059,0.2857789986592252
2895,162.87696499784943,1.1393009990570135,160.54532499765628,0.3163350011163857
2896,90.32752799976151,1.0906530005740933,88.13424200343434,0.27724199753720313
2897,83.29012900139787,1.139894000516506,80.80945099936798,0.3093529994657729
2898,84.94363600038923,1.6560809999646153,82.02725299997837,0.27694600066752173
2899,95.93234899875824,1.6650439974910114,93.1064479991619,0.275483002042165
2900,102.41246800069348,2.4137510008586105,98.85397199832369,0.3065759992750827
2901,108.0634550016839,1.2394680015859194,105.37524000028498,0.4714090027846396
2902,100.06079300001147,1.537284999358235,96.6735920010251,0.4294840000511613
2903,102.40111599705415,1.7383590020472184,99.19765900122002,0.2736309979809448
2904,85.06845100055216,0.9931900021911133,82.97186799973133,0.2737599970714655
2905,80.49935800227104,1.1310789996059611,78.23070000085863,0.2761859977908898
2906,88.82385600009002,1.0763570026028901,86.44504900075844,0.3080570022575557
2907,82.7135889994679,0.9471150005992968,78.69877700068173,0.3301130018371623
2908,84.00302099835244,0.9703369978524279,81.2874160001229,0.275222999334801
2909,82.92973800053005,1.157393999164924,80.37304300160031,0.27559299996937625
2910,80.59782100099255,0.9868189990811516,78.54105299702496,0.2769640013866592
2911,90.74510500067845,2.244510000309674,87.36255300027551,0.28057500094291754
2912,89.61808099775226,1.2813390021619853,87.1024039988697,0.2957420001621358
2913,85.38785999917309,1.9159340008627623,82.28454999698442,0.3105019968643319
2914,86.87442200243822,0.99309699726291,84.78315300089889,0.27274199965177104
2915,82.45869899837999,1.849229996878421,79.3998900007864,0.3413539998291526
2916,87.27473800172447,0.9836889985308517,85.19089600304142,0.27342699831933714
2917,84.93783999801963,2.423953999823425,81.34851000068011,0.28681600088020787
2918,90.71056700122426,1.7290069990849588,87.39359099854482,0.276482998742722
2919,81.70562200029963,1.0781710006995127,79.49163099692669,0.27539000075194053
2920,81.52202899873373,1.0291529979440384,79.27498199933325,0.36305699904914945
2921,82.56420000179787,1.114837999921292,79.64357600212679,0.2777979971142486
2922,78.9764990004187,1.1403200005588587,76.71945300171501,0.28507499882834964
2923,85.06909899733728,0.9663560012995731,80.98628600055235,0.2951870010292623
2924,81.17493499958073,1.696284998615738,76.92975000099977,0.2800190013658721
2925,82.04441999987466,2.120823999575805,78.73707299950183,0.28003800252918154
2926,86.51875300347456,1.039263999700779,84.32494799853885,0.2950749985757284
2927,79.7730029989907,1.0309299977961928,77.30967699899338,0.3223349995096214
2928,83.8612240004295,1.1710610015143175,81.52708399939002,0.27650099946185946
2929,85.60986099837464,1.2452650007617194,83.21755500219297,0.27990899980068207
2930,88.99017099975026,1.6807850006443914,86.14132599905133,0.2869650015782099
2931,83.7849269992148,1.026875001116423,81.53015900097671,0.37679799788747914
2932,81.54767700034427,1.0235600020678248,78.05381000071066,0.27820499963127077
2933,87.81740700214868,2.2033239984011743,84.47022600012133,0.29563100179075263
2934,83.23292500062962,1.921063998452155,79.98370799759869,0.2996680013893638
2935,86.30204899964156,1.3858210004400462,82.82832999975653,0.3413720005482901
2936,82.41977299985592,1.6416920007031877,79.60307599933003,0.2705939987208694
2937,79.87800299815717,1.0267079996992834,77.55327099948772,0.2820570007315837
2938,86.37882699986221,1.1892089969478548,84.01324299848056,0.2844640002876986
2939,79.624206002336,1.0140419981325977,77.51040099901729,0.27555600172490813
2940,87.72561099976883,1.0551890009082854,85.5559900010121,0.29464899853337556
2941,85.39406300042174,2.231694001238793,82.00473400211195,0.2865940004994627
2942,83.81324199945084,2.0327490019553807,80.60863599894219,0.30007500026840717
2943,86.00106599988067,1.240634999703616,83.44814800148015,0.3864639984385576
2944,85.23615599915502,1.2310059973970056,82.80583099985961,0.29553800050052814
2945,92.19794399905368,1.8096189996867906,89.26552399861976,0.27748299908125773
2946,84.71026400002302,1.075226999091683,81.05697100108955,0.2731500026129652
2947,84.96574700257042,1.8664709969016258,81.46680599747924,0.2639270023792051
2948,82.91764599925955,1.1494310019770637,80.5594689991267,0.27381600011722185
2949,80.85722999749123,2.4771959979261737,77.29210399702424,0.28603800092241727
2950,87.25968200087664,1.420599000994116,84.71402400027728,0.30213099671527743
2951,87.34412700141547,2.052267002000008,83.75216800050111,0.5741870008932892
2952,90.33758499936084,1.8905450015154202,86.68547699926421,0.3000939977937378
2953,141.06368699867744,2.82591900031548,134.39465900228242,0.2777980007522274
2954,88.10001900201314,1.2685609981417656,85.62052699926426,0.3548170025169384
2955,81.41482499922859,0.9855600001174025,78.30894099970465,0.2712420027819462
2956,79.9607439985266,1.1445970012573525,77.63317900025868,0.30755699845030904
2957,85.5170460017689,1.0736889998952392,83.2478699994681,0.35833400033880025
2958,82.53101399895968,1.0549119979259558,80.34009800030617,0.27379800303606316
2959,86.97034800206893,0.9905599981721025,83.37348100030795,0.5134829989401624
2960,89.35539499725564,1.3857649973942898,86.61579099862138,0.4402429985930212
2961,87.16392300266307,2.840363998984685,83.17829500083462,0.29250100124045275
2962,85.25328500036267,1.131838002038421,82.9193680001481,0.32868600101210177
2963,84.15542899820139,1.3014130017836578,81.59967699975823,0.29640900174854323
2964,87.17786700071883,1.3000800026929937,84.50204099790426,0.40774299850454554
2965,83.96396500029368,1.0646889968484174,81.712103998143,0.28720499904011376
2966,83.19712899901788,1.1100039992015809,80.91417499963427,0.2949820009234827
2967,87.69146199847455,2.051693998510018,84.4645600009244,0.30070499997236766
2968,84.13192800071556,1.6840620010043494,81.29780500166817,0.2870940006687306
2969,85.03772900076001,1.0183750018768478,82.88538599663298,0.29409399940050207
2970,83.30701800150564,1.122541998483939,81.02758200038807,0.2923719985119533
2971,81.68091799961985,1.1678939990815707,79.33790899915039,0.2946130007330794
2972,87.80529599971487,1.678358999924967,84.9012100006803,0.30290900031104684
2973,85.05733999845688,2.41330700009712,81.4016759977676,0.3431130026001483
2974,87.03834799962351,1.5833949983061757,84.1192059997411,0.4091499977221247
2975,86.3753830017231,1.3360609991650563,83.39044400054263,0.30531599986716174
2976,83.66931499767816,1.2977639999007806,81.1269160003576,0.3437610030232463
2977,83.54485200106865,1.1534130026120692,80.7484140023007,0.3452790006122086
2978,81.53828799913754,1.2217830008012243,79.09629600180779,0.30213100035325624
2979,88.28089100279612,1.096227002562955,86.00554699660279,0.3042980024474673
2980,91.43675599989365,1.290819996938808,88.69294699979946,0.29859399728593417
2981,84.94393199725891,1.0480040000402369,82.6047920018027,0.3753909986699
2982,81.2329159998626,1.478488000429934,78.14931100074318,0.2784080024866853
2983,80.65532100226847,1.8250999964948278,77.68384600058198,0.2767789992503822
2984,86.41636500033201,1.0292080005456228,82.75197799957823,0.2902790001826361
2985,82.01967800050625,1.154837998910807,79.64739099770668,0.2814269973896444
2986,87.47186899927328,1.2408750008034986,84.57407799869543,0.7065030004014261
2987,83.9645579981152,1.6362480018869974,80.49024699721485,0.2749269988271408
2988,80.79752500270843,1.0747259984782431,78.51923899943358,0.32927899883361533
2989,91.30227399873547,1.092227001208812,89.07006099980208,0.27363000117475167
2990,80.89237799867988,1.0755420007626526,78.67529400027706,0.27942800079472363
2991,85.5160450009862,1.0235790032311343,83.35787000032724,0.27590899844653904
2992,82.15758699952858,1.0926709983323235,79.91942899752758,0.28655600181082264
2993,80.84500800032401,0.9925780032062903,77.93532900177524,0.28044599821441807
2994,83.3169799989264,1.0118749996763654,80.31089400174096,0.2822419992298819
2995,83.89139100108878,0.9774860009201802,80.26200500171399,0.28359399948385544
2996,82.02627200080315,0.9101149989874102,80.0312440005655,0.27524200049811043
2997,82.9202009990695,1.690822002274217,80.10322599875508,0.27924200185225345
2998,83.5865190019831,1.089374996809056,81.32806499997969,0.2872240002034232
2999,84.69844899809686,1.1884870000358205,82.32464299726416,0.27670499912346713
3000,81.30645400160574,1.0890229968936183,78.98036999904434,0.3509639973344747
3001,87.67018399885274,2.8913639980601147,83.64957400044659,0.299316001473926
3002,85.22035900023184,2.183120999688981,81.91858599820989,0.26987100136466324
3003,80.15835699916352,0.9089859995583538,77.34688199707307,0.2820760018948931
3004,86.55138299945975,1.1811719996330794,84.21674400233314,0.27674200100591406
3005,82.704496999213,4.226148001180263,77.35141900047893,0.27540900191525
3006,83.69361200311687,2.6518630002101418,79.92204100082745,0.269576001301175
3007,83.46431399695575,0.9440780013392214,79.3517599995539,0.28546399698825553
3008,81.31519500238937,1.067523000529036,79.14979699853575,0.275759997748537
3009,89.89400800055591,3.4712929991655983,85.19746999809286,0.2846120005415287
3010,87.30446099798428,2.3540469992440194,83.74424199791974,0.30540900115738623
3011,81.57576899975538,1.0172449983656406,79.43803899979685,0.30294600219349377
3012,88.85587500117254,1.2777640004060231,84.6898380004859,0.29157499739085324
3013,83.84255700002541,1.0454490002302919,81.62977000029059,0.290853000478819
3014,87.69877699887729,1.1023939987353515,85.42439699886017,0.30516799961333163
3015,83.64903800247703,0.9656900001573376,80.35580199793912,0.2982599980896339
3016,86.69727199958288,2.0877310016658157,81.86264100004337,0.28174200269859284
3017,82.36705099989194,0.9903749996738043,80.27263499752735,0.27116799901705235
3018,88.8510969998606,1.0987819987349212,86.55780899789534,0.3168910006934311
3019,87.95451900004991,1.7134339977928903,84.98395100104972,0.3066499994019978
3020,82.34092099883128,1.0184669990849216,79.2082970001502,0.28007500077364966
3021,86.57349400164094,2.8839570004493,82.5069220009027,0.33485300082247704
3022,83.06199799699243,1.0518000017327722,80.79593300135457,0.27929700081585906
3023,79.73737300198991,1.0754300019470975,77.4688450001122,0.2808899989759084
3024,83.17616600106703,0.9448009986954276,80.12052299818606,0.2793710009427741
3025,81.53091699932702,1.0093189994222485,79.39277900004527,0.2818160028255079
3026,79.41546499932883,1.0159119992749766,77.28438100093626,0.27781599783338606
3027,86.21934400071041,2.247417000035057,82.82214499922702,0.2776500004983973
3028,80.52859899908071,1.0179489981965162,77.5790119987505,0.27566799690248445
3029,84.02524299890501,2.9377350001595914,79.93444800013094,0.29224199897726066
3030,86.61114300048212,1.653118000831455,82.85871900079655,0.2755009991233237
3031,86.4963460007857,0.975282000581501,82.68090400088113,0.2745380006672349
3032,86.3712710015534,1.0826710022229236,84.10994699806906,0.32337099764845334
3033,92.08125899749575,1.9432299995969515,88.775447999069,0.41622400021879
3034,87.98281499912264,1.444358000298962,84.90891299879877,0.277316001302097
3035,79.54483499997878,1.1704489988915157,77.09423200140009,0.3590760024962947
3036,80.16778200180852,0.9673010026745033,77.36495599965565,0.28624200058402494
3037,86.08123299927684,1.3135610024619382,83.65626000158954,0.28146499971626326
3038,81.0663049996947,1.066077998984838,78.83353599754628,0.28459400346037
3039,87.29912700073328,1.2018380002700724,84.83983900077874,0.3757980011869222
3040,84.8363020013494,1.165855999715859,82.5201619991276,0.30666800012113526
3041,82.09003099909751,2.391731999523472,78.46412700018845,0.3359280017320998
3042,89.85145299811848,1.0813000008056406,87.59303600163548,0.2797230008582119
3043,83.41225900221616,0.9045779988809954,80.69117299965001,0.28466799994930625
3044,84.74257899797522,1.0656710001057945,82.49805100058438,0.2826870004355442
3045,86.91138500216766,3.1369569987873547,82.64281199808465,0.32046399792307056
3046,81.5109549985209,1.039227001456311,79.28157500282396,0.34913099807454273
3047,93.68859800088103,1.1662639990390744,91.3535520012374,0.28466799994930625
3048,81.30571299989242,1.249782999366289,78.86283299740171,0.27620499895419925
3049,85.73915799934184,2.827715998137137,81.70389999941108,0.2805009971780237
3050,81.59410300140735,1.9525639982020948,78.45835000262014,0.277316001302097
3051,80.46430199829047,0.9968559970729984,78.34849699793267,0.2907050002249889
3052,84.73611600129516,1.049448001140263,82.56566300042323,0.2814819999912288
3053,78.59190499948454,1.096838001103606,76.28952500090236,0.2887980008381419
3054,87.64023999901838,1.9266009985585697,84.44461500039324,0.2873350022127852
3055,81.9962530003977,1.0114120013895445,79.82278100098483,0.2894830031436868
3056,82.89814599993406,1.1183569986314978,80.62089500162983,0.305574998492375
3057,87.35203399919556,2.8896049989270978,83.37916600066819,0.27990899980068207
3058,82.52833000005921,2.380177000304684,78.98114699855796,0.2745380006672349
3059,84.46126300259493,1.1008569999830797,82.09460500074783,0.35626099997898564
3060,85.86586199817248,1.1635970004135743,83.50883299863199,0.2843530019163154
3061,80.10704100161092,0.998392999463249,77.97847599795205,0.3049080005439464
3062,82.96155399875715,2.975086001242744,78.85175800038269,0.27650099946185946
3063,86.38614099982078,3.3163289990625344,81.9057150001754,0.29011200240347534
3064,85.95286299896543,2.1984349987178575,82.28225400307565,0.37576099930447526
3065,81.59821400113287,1.118042000598507,79.29340799819329,0.2672420014278032
3066,81.86730799934594,2.0244340012141038,78.71451699975296,0.2787790035654325
3067,84.38530000057654,1.00541199935833,82.0545310016314,0.27568600125960074
3068,80.3488940000534,1.0303749986633193,78.13251500192564,0.26746400180854835
3069,82.82183000119403,1.14461500197649,80.50643200112972,0.2788340025290381
3070,86.9106069985719,1.9548970012692735,83.76463100285036,0.27461200079414994
3071,82.4894960023812,1.1338939984852914,78.44616399961524,0.3162239991070237
3072,88.0768339993665,1.0639669999363832,85.87856499798363,0.2765200006251689
3073,82.12764299969422,1.0693570002331398,79.92176299740095,0.27437099925009534
3074,146.01255899833632,1.6673960017214995,142.74897200084524,0.7003919999988284
3075,131.06157100264682,2.070787002594443,124.55306199990446,0.3266499988967553
3076,120.09743199814693,2.9609199991682544,114.65476099692751,0.7123360010155011
3077,117.22990199996275,2.002840999921318,112.72716000166838,0.27714899988495745
3078,81.41050999984145,1.7068769993784372,78.58749799925135,0.27200100157642737
3079,91.16473600079189,1.0194850001425948,87.75998100099969,0.27522399977897294
3080,85.32924799874309,2.5270290025218856,81.57902899984038,0.32318699959432706
3081,89.52228500129422,1.167227001133142,86.40792000005604,0.3161870008625556
3082,80.67759899859084,0.9707270000944845,77.74075399720459,0.27885300005436875
3083,79.14390800215187,0.9915779992297757,76.97847199960961,0.33953800084418617
3084,88.5484649988939,1.1331530004099477,82.8015150000283,0.2656309989106376
3085,81.19036100106314,1.0647079980117269,78.96312899902114,0.2954279989353381
3086,88.85168899723794,1.1169489989697468,86.63416100171162,0.2708529973460827
3087,88.47698400131776,2.4373630003537983,84.93113599979552,0.27416699958848767
3088,113.30970000199159,1.1373010020179208,110.67765199913993,0.2878719969885424
3089,104.48442199776764,1.0021529997175094,102.34965400013607,0.3090570025960915
3090,95.53129100095248,1.090857000235701,93.22044800137519,0.3687049975269474
3091,100.2260519999254,0.9509670016996097,97.36050300125498,0.28218599982210435
3092,83.4072030011157,0.9484669972152915,80.04311500189942,0.3022230011993088
3093,80.71252599984291,1.004911999189062,78.63160900160437,0.2700929981074296
3094,84.80226499887067,1.0899120024987496,82.60742299898993,0.2718350006034598
3095,82.16821599853574,2.429510001093149,78.60473899927456,0.2691310000955127
3096,89.54910000102245,0.955114999669604,86.2557709988323,0.2781309995043557
3097,84.35883700076374,1.1586530017666519,82.01019700209145,0.28887199732707813
3098,82.92762699784362,1.3904130028095096,80.32894999996643,0.33827899824245833
3099,89.31856200069888,1.0764670005301014,87.08920000208309,0.29583400100818835
3100,82.17132700156071,1.2063940012012608,79.66548299737042,0.31150200084084645
3101,90.9433650012943,1.0348190007789526,88.80418899934739,0.281964003079338
3102,89.3560249969596,1.424987000063993,86.78031000090414,0.29485300183296204
3103,83.09181300137425,0.9803379980439786,78.71953599897097,0.3063160002056975
3104,85.9358070010785,2.0318419992690906,82.50021799904061,0.2786490003927611
3105,79.41931599998497,1.1319670011289418,77.1347509980842,0.28322300204308704
3106,84.16879899959895,1.3655239999934565,81.6649000007601,0.2773159976641182
3107,80.78230300088762,1.1402269992686342,78.49955300116562,0.2734640002017841
3108,84.20979999937117,1.2052279998897575,81.85838200006401,0.3150199991068803
3109,82.04038199983188,1.885934001620626,78.62066399684409,0.3440380023675971
3110,80.54658000037307,1.1928759995498694,78.17307000004803,0.29792699933750555
3111,88.59718899839208,1.038504000462126,86.40251299948432,0.3004460013471544
3112,83.52062899939483,2.025230998697225,80.30955999856815,0.30109399813227355
3113,85.29204500155174,2.0320270014053676,81.86593699792866,0.48622499889461324
3114,90.53730699815787,1.1668010010907892,86.52375299789128,0.30216800223570317
3115,83.78611300213379,0.990726999589242,79.59085399852484,0.28198300060466863
3116,92.26092599783442,1.1757829997804947,89.583600001788,0.5062990021542646
3117,83.65592600239324,1.8667479998839553,79.848318000586,0.3161130007356405
3118,80.35159800056135,1.8304340010217857,77.36623299933854,0.31568600024911575
3119,89.74456399664632,1.4093019999563694,86.97140300137107,0.31026000215206295
3120,80.82471099987742,1.1395969995646738,78.5482570026943,0.27713099916581996
3121,86.11589900101535,1.1522649983817246,83.55990800191648,0.3538710006978363
3122,83.81874300175696,1.4138020014797803,81.25897200079635,0.2633160002005752
3123,87.58910899996408,1.4677649996883702,84.9375429970678,0.29792699933750555
3124,82.11427199785248,1.1565790009626653,79.82303999961005,0.273926998488605
3125,85.37374899970018,1.7968590000236873,82.43251499879989,0.3042600001208484
3126,87.30205300162197,1.9378600009076763,84.20357700015302,0.27792699984274805
3127,80.50924700000905,1.1603010025282856,77.80297600038466,0.2975569987029303
3128,85.44700800121063,1.0340600019844715,83.28381399769569,0.30955699912738055
3129,83.8973719983187,2.138583000487415,80.39061700037564,0.26794600125867873
3130,86.69182800076669,1.4907839977240656,83.95294600268244,0.3015929978573695
3131,90.584437999496,1.1111900021205656,88.29911300199456,0.34315000084461644
3132,82.54084800137207,1.1538379985722713,80.23189300001832,0.275759997748537
3133,87.27729299789644,1.0305219984729774,85.13008099907893,0.28985300014028326
3134,83.82683500167332,1.2560239993035793,81.25778699832154,0.3277790019637905
3135,91.52640399770462,1.0695599994505756,89.31893200133345,0.2896309997595381
3136,82.71233000050415,1.3287280016811565,80.22857899777591,0.2908339993155096
3137,81.51330700275139,1.1133009975310415,79.28085299863596,0.30585299828089774
3138,88.87544799654279,1.1071900007664226,85.56197099824203,0.29464899853337556
3139,85.50797200223315,1.2121350009692833,83.12757300154772,0.3197429978172295
3140,84.1872439996223,1.0705599997891113,81.93049299734412,0.33492799775558524
3141,84.78824600024382,1.1965420017077122,82.42388399958145,0.29551999978139065
3142,82.9200709995348,1.3142829993739724,80.23770799991325,0.2909089998865966
3143,96.93722399970284,1.008300001558382,94.83215900036157,0.28016799842589535
3144,85.06845100055216,1.8960819979838561,82.01493800152093,0.28094600202166475
3145,93.87396899910527,1.1169119970872998,91.4691629986919,0.3587239989428781
3146,81.528270002309,1.1013570001523476,79.24203799848328,0.2730759988480713
3147,81.77177099787514,1.0095409998029936,79.60624199768063,0.27429799956735224
3148,84.29542900194065,1.8547300023783464,81.04000799721689,0.3980759975092951
3149,81.54634299717145,1.9085819985775743,77.92894000158412,0.2652789989951998
3150,81.51004800311057,1.2797099989256822,78.96348100257455,0.3262610007368494
3151,85.78374999706284,1.5656360010325443,80.66154400148662,0.2761309988272842
3152,80.69213600174407,1.2166160013293847,78.2353120011976,0.29242800155770965
3153,89.00606099996367,1.3121160009177402,86.31345599860651,0.4160210010013543
3154,80.28830100010964,1.1203009999007918,78.03062500170199,0.2733350011112634
3155,87.4297199989087,1.7680999990261625,84.11320599770988,0.31279699760489166
3156,83.26111000133096,1.6915630003495608,80.43217199883657,0.2755390014499426
3157,84.77008000045316,1.1056340008508414,82.44747699791333,0.2998710006067995
3158,85.74504599891952,1.648007000767393,82.96731299924431,0.27605700233834796
3159,79.74829899831093,1.0041530003945809,77.54677100092522,0.3592610009945929
3160,92.09888900295482,0.9940589989128057,88.59987399773672,0.275834998319624
3161,86.98990299672005,1.7351179994875565,84.12631799728842,0.2701859993976541
3162,80.30467200296698,1.2871910003013909,77.91586500025005,0.27170499743078835
3163,89.66641499864636,1.0653379977156874,87.49438700033352,0.2685010003915522
3164,105.55933399882633,1.1147459990752395,103.28550900158007,0.3062610012420919
3165,119.35809500209871,0.9491149976383895,115.94974800027558,0.3005190010298975
3166,102.25907899803133,1.886933998321183,99.25834499881603,0.2692420021048747
3167,98.50750800251262,1.613803000509506,95.73803300008876,0.2948159999505151
3168,90.85099399817409,1.0936340004263911,88.65722500195261,0.2925569970102515
3169,105.49313000228722,2.6292149996152148,101.35133400035556,0.5919660034123808
3170,120.55004499779898,1.2226540020492394,117.65953299982357,0.45174299884820357
3171,115.642728000239,2.005711998208426,111.70354500063695,0.3163339970342349
3172,139.38186499945004,1.115226998081198,135.23144000282628,0.34833500103559345
3173,145.1239260022703,1.1919499993382487,140.06375700046192,0.31172299713944085
3174,184.20201699700556,2.9905680021329317,179.59918300039135,0.3751860022020992
3175,194.97943300302722,1.6791739981272258,191.8350490013836,0.31616799969924614
3176,152.25721599927056,1.2235609974595718,148.01903099942137,0.47303900282713585
3177,151.28569299849914,2.2427320000133477,145.0733890014817,0.33442800122429617
3178,96.47175799909746,2.3406209984386805,92.81705800094642,0.2782600022328552
3179,91.78457200323464,1.2318019980739336,89.2473579988291,0.29411200011963956
3180,82.88753499800805,0.9605790000932757,78.96270299897878,0.28390800071065314
3181,93.92430300067645,1.065726999513572,91.67731200068374,0.27739000142901205
3182,82.9982020004536,1.0665789995982777,80.79834100135486,0.3134459984721616
3183,81.15839699894423,1.2567650010169018,78.68023899936816,0.29022399758105166
3184,87.59649900093791,0.9420959977433085,83.84216799822752,0.2798159985104576
3185,111.63352599760401,1.006596998195164,109.35951600185945,0.4237060020386707
3186,103.27699100162135,1.1655050002445932,100.82144299667561,0.28335299793980084
3187,113.88522099878173,1.045411998347845,111.07013499713503,0.2778710004349705
3188,89.20467200005078,1.52908100062632,86.54729000045336,0.27364999914425425
3189,92.4712410014763,1.0819119997904636,89.81873099764925,0.2790750004351139
3190,94.26845299822162,1.701729001069907,91.26734800156555,0.29752000045846216
3191,86.63653199982946,1.8501750018913299,83.44185199894127,0.3015750007762108
3192,101.35959400213324,1.085744999727467,98.915250000573,0.45503900037147105
3193,86.07034400120028,2.2226020009838976,82.59436699881917,0.3065939999942202
3194,108.83962499792688,2.1862690009584185,105.36725900237798,0.3098720007983502
3195,102.16344899890828,2.6161219975620043,98.21774800002459,0.4351309980847873
3196,83.33048100030283,1.5190990015980788,79.5116869994672,0.2750750027189497
3197,79.898078001861,1.021615000354359,77.75184599813656,0.29661200096597895
3198,84.35954000015045,1.102523001463851,82.12782799819252,0.2799459980451502
3199,86.1035849993641,1.126245999330422,83.81148300031782,0.2892970005632378
3200,100.72264699920197,1.0168009976041503,98.40158200313454,0.43527999878278933
3201,86.76486600234057,2.216065000538947,82.62603299954208,0.28942700009793043
3202,80.86856299996725,1.0831340005097445,78.6114419970545,0.2801310001814272
3203,264.55996699951356,1.012078999337973,262.0574380016478,0.6274100014707074
3204,176.20418699880247,2.3272320031537674,169.62271500233328,0.2773339983832557
3205,119.41676200149232,1.064134998159716,117.18579000080354,0.29157499739085324
3206,142.31504399867845,2.628400001412956,138.32237899987376,0.32837199978530407
3207,185.62109699996654,1.1390229992684908,183.13893800223013,0.32502000249223784
3208,170.77233099917066,2.8870860005554277,163.9691540003696,0.2847049981937744
3209,164.02615400147624,2.0838230011577252,160.7799179982976,0.28466799994930625
3210,88.84472700083279,0.9772820012585726,85.07174700207543,0.29779699980281293
3211,150.77507899695775,1.608506998309167,147.1761949978827,0.4251320024195593
3212,190.16522800302482,2.883233999455115,185.8288379989972,0.2977049989567604
3213,212.61387699996703,1.9134710018988699,207.19059499970172,0.4230939994158689
3214,115.52081999980146,1.6851369982759934,110.8354860007239,0.4467799990379717
3215,105.40414799834252,2.4457510007778183,101.59181700146291,0.2874269994208589
3216,117.7201079990482,1.6007099984562956,114.85655800061068,0.2701679986785166
3217,82.63749600155279,1.1783570007537492,80.10382000065874,0.27631600096356124
3218,80.23739399868646,1.1025420026271604,77.97851400027866,0.2805379990604706
3219,82.60675500059733,0.9851709983195178,80.48141300241696,0.2758529990387615
3220,93.31504199872143,2.573454999946989,89.44635900115827,0.3024460020242259
3221,118.27853500290075,1.2449499990907498,115.71076499967603,0.2982969999720808
3222,96.73583399853669,3.3487729997432325,90.64980800030753,0.2690379988052882
3223,116.61343599917018,4.527334000158589,110.9643199997663,0.27755600240197964
3224,94.54343499965034,1.8158230013796128,91.60901499853935,0.2747790022112895
3225,81.05839700147044,1.845063001383096,78.088365997246,0.2704639991861768
3226,81.05861999865738,1.1351339999237098,78.80388800185756,0.2768710000964347
3227,86.34236299985787,1.0954120007227175,84.05663200028357,0.3342240015626885
3228,113.34858900227118,1.0473750007804483,110.97813499873155,0.4037420003442094
3229,96.16009099772782,1.3886349988752045,91.95475800152053,0.29303799965418875
3230,99.56441900067148,1.0689860027923714,97.38159500193433,0.2741680000326596
3231,151.01195100214682,1.119763997849077,148.56505200077663,0.3564280013961252
3232,104.02906799936318,3.226662000088254,98.0711539996264,0.4250940000929404
3233,98.17643299902556,1.1816709993581753,93.93471099974704,0.3567240019037854
3234,98.68626699972083,1.7542289970151614,95.26167899821303,0.3299269992567133
3235,92.75442800208111,1.1508200004755054,90.33988100054557,0.3247980021114927
3236,102.1403199993074,1.0219859977951273,97.63161499722628,0.29737200020463206
3237,85.64917599869659,1.142023000284098,81.97697500145296,0.27692799994838424
3238,80.21683799961465,1.103245002013864,77.94058799845516,0.27618700187304057
3239,97.3908730011317,1.0041709974757396,95.21006800059695,0.3044090008188505
3240,90.16963899921393,1.3459689980663825,85.44058199913707,0.28007500077364966
3241,89.25604300020495,1.1641529999906197,86.89443999901414,0.3185189998475835
3242,123.17488899861928,2.7934559984714724,119.17007699958049,0.3101309994235635
3243,180.84507700041286,1.076633998309262,178.65503000211902,0.2781309995043557
3244,86.01297400309704,1.731433003442362,83.17066499876091,0.2826670024660416
3245,114.53155699928175,1.0866340016946197,112.13258399948245,0.3964460011047777
3246,136.61009399947943,3.1540130003122613,131.63442499717348,0.28872400071122684
3247,90.12043500115396,1.6060439993452746,85.47358199939481,0.2775569992081728
3248,86.01193699723808,1.0596149986668024,83.83677899837494,0.26535300276009366
3249,82.76057100010803,1.1250040006416384,80.40828299999703,0.28433399711502716
3250,83.5146480021649,1.1055420000047889,81.1890829972981,0.35322400071891025
3251,84.81376499912585,1.0460970006533898,82.66373700098484,0.27977900026598945
3252,80.52274700094131,1.1254860000917688,78.22760700219078,0.28226100039319135
3253,84.99243199912598,1.0823010015883483,81.96303099975921,0.2799079993565101
3254,82.81512699977611,1.1009120025846642,80.53535799990641,0.273390000074869
3255,85.13613600007375,1.0073369994643144,82.98060900051496,0.2977229996758979
3256,86.85795899873483,1.1067829982494004,84.62368999971659,0.2737600007094443
3257,80.7428219995927,1.0986150009557605,78.53273799992166,0.27781599783338606
3258,85.6856020000123,1.8253589987580199,82.7201630017953,0.2694269969651941
3259,101.59352000118815,1.0128750000149012,99.40075199847342,0.2717419993132353
3260,107.203693001793,1.893415999802528,104.0954199997941,0.31383399982587434
3261,112.66101199726108,3.2887919987842906,107.16421100005391,0.28227900111232884
3262,129.96786200164934,1.1244489978707861,127.55142700189026,0.31953799771144986
3263,118.2277019979665,0.9940970012394246,115.78545100201154,0.3742970002349466
3264,99.34517800138565,0.9184299997286871,97.15720499661984,0.2931500021077227
3265,110.3885580014321,1.1987459984084126,107.42417499932344,0.49874300020746887
3266,94.18452599857119,1.6326549994118977,90.72995599854039,0.31411199961439706
3267,104.67918200083659,2.0590269996318966,100.38496099878103,0.27126100030727684
3268,102.55324699755874,0.9667999984230846,98.92287999900873,0.3632609987107571
3269,95.59821800212376,1.8688790005398914,90.99684700049693,0.3693170001497492
3270,82.19234599891934,1.1073380010202527,79.8940210006549,0.2822419992298819
3271,94.0697120022378,2.2512499999720603,90.56469599818229,0.31713100179331377
3272,88.32133499890915,1.7140990021289326,85.45724900250207,0.28376000045682304
3273,92.67505699972389,1.1998939990007784,90.10611999838147,0.4390940011944622
3274,84.027316999709,1.009799998428207,80.13215299797594,0.27316800333210267
3275,82.87471999938134,1.4435060002142563,80.28267199915717,0.27977900026598945
3276,83.67746400108445,1.056651999533642,81.4558619968011,0.3090009995503351
3277,85.61289700082853,1.0751160007202998,83.34507299878169,0.2798530003929045
3278,86.33680899947649,1.8687490010051988,83.27607300088857,0.3267979991505854
3279,79.12779599791975,1.012190001347335,76.91047299886122,0.3609269988373853
3280,98.77641600178322,1.1305240004730877,96.15646100064623,0.2869829986593686
3281,134.31078899884596,1.0895420018641744,131.97466700148652,0.32833499790285714
3282,128.51854100154014,1.830655997764552,125.32247299895971,0.43015000119339675
3283,98.36939600063488,1.7575070014572702,94.79880700018839,0.5023720004828647
3284,136.55190899953595,1.6615069980616681,133.27882099838462,0.33429800168960355
3285,91.35819999937667,2.174193999962881,87.27979300238076,0.2880020001612138
3286,93.39094900133205,1.3578580001194496,90.39682500224444,0.31040799876791425
3287,87.62833199943998,1.0433009992993902,85.39193400065415,0.3265759987698402
3288,83.06377599728876,1.1057819974666927,80.79809900300461,0.29698300204472616
3289,89.7460640007921,1.3878950012440328,87.13340500253253,0.3000010001414921
3290,86.76345800267882,1.0447640015627258,81.93769699937548,0.2857609979400877
3291,87.84079599718098,2.4149730015778914,84.18820699807839,0.36240899862605147
3292,85.67091700024321,0.9655599969846662,82.84955300041474,0.3021500015165657
3293,81.47926899982849,1.374467999994522,79.02388799993787,0.2745380006672349
3294,95.21929000038654,1.3802460016449913,92.73414999915985,0.27963100001215935
3295,81.37047299896949,1.051579001796199,79.23279699753039,0.26789000185090117
3296,99.38999299993156,1.611100000445731,96.18981300081941,0.3910199993697461
3297,106.74244900292251,0.9063559991773218,104.55992199786124,0.28720499904011376
3298,92.6318909987458,1.6376920029870234,89.96523099995102,0.30770499870413914
3299,105.11664699879475,0.8994109994091559,103.16206399875227,0.323872001899872
3300,83.52762900176458,0.9293379989685491,81.52608400268946,0.3409650016692467
3301,93.75393200025428,0.9984860007534735,91.21536600287072,0.33537200215505436
