frame_index,wall_ms,preprocess_ms,inference_ms,postprocess_ms
11,22.30376899751718,1.9300830026622862,18.294231998879695,1.1532649987202603
12,20.65711300019757,2.288028998009395,15.358014999947045,1.4684699999634176
13,20.505001000856282,2.3653630014450755,15.77179400192108,1.4274880013545044
14,20.242907001374988,2.1912320007686503,15.570904000924202,1.5932850001263432
15,20.025294998049503,2.089860998239601,15.578237998852273,1.4715990000695456
16,20.678631000919268,1.8303969991393387,15.282958000170765,1.4399139981833287
17,19.570348998968257,1.9077309989370406,15.40940400082036,1.2665800022659823
18,33.55711599942879,1.0796710012073163,29.036059000645764,1.407636002113577
19,21.50463500220212,1.0410790018795524,18.710899999859976,0.9057630013558082
20,21.28761600033613,1.1845240005641244,18.211398000858026,0.9848930021689739
21,19.032050000532763,1.019134000671329,14.395491998584475,1.3057650030532386
22,19.566440998460166,1.0236899979645386,15.48394099881989,0.8864299998094793
23,33.07763200064073,1.185876000818098,29.74646900111111,1.067560999217676
24,87.53793700088863,1.3357650022953749,84.22586600136128,1.087042001017835
25,36.73877899927902,1.3269880000734702,30.81658500013873,1.0809870000230148
26,25.899413998558884,1.810934001696296,22.18071300012525,1.0090229989145882
27,70.86912000158918,1.2825619996874593,67.79258800088428,0.8889860000635963
28,20.243740000296384,1.9763239979511127,16.01383199886186,1.415691996953683
29,20.916965997457737,1.7729530009091832,15.297494999686023,1.4408030001504812
30,20.266704003006453,2.6906610000878572,15.503033999266336,1.228857996466104
31,20.421166998858098,1.8304719997104257,15.687627001170767,1.5241180008160882
32,57.10794599872315,2.142936002201168,52.805425999395084,1.1927279992960393
33,26.357878999988316,1.936915999976918,22.150767003040528,1.0315229992556851
34,18.91092000005301,1.2155240001447964,15.864924000197789,0.9485600021434948
35,29.567708999820752,1.6171370007214136,26.11576699928264,0.8991520007839426
36,19.471162999252556,1.8497310011298396,15.782498001499334,0.9414299966010731
37,26.44528700329829,1.1187830023118295,23.175809998065233,1.1867089997394942
38,94.4520979974186,2.6887899985013064,89.76648400130216,1.1841720006486867
39,21.773970001959242,1.1475419996713754,17.1261890027381,2.4998079970828258
40,22.50993599955109,2.3556400010420475,17.69126599901938,1.4350249985000119
41,26.44200899885618,3.0176800028129946,20.975373998226132,1.5276929989340715
42,19.87049799936358,1.2250990002939943,15.732553001726046,1.0362089997215662
43,19.004458001290914,1.205395001306897,15.808591000677552,0.9761520013853442
44,33.15263200056506,2.5897900013660546,28.220722000696696,1.4517839990730863
45,33.117410999693675,2.1851589990546927,28.04398000080255,0.9451900004933123
46,20.772076000866946,1.2332279984548222,17.665081002633087,0.9912640016409568
47,19.733200999326073,1.876287002232857,15.69868300066446,1.2003009978798218
48,18.56190000034985,1.1621350022323895,15.634535000572214,0.9198369989462662
49,20.290110998757882,2.609642000606982,14.950975000829203,0.9865409992926288
50,19.595477999246214,1.2035609979648143,16.61394600159838,0.9378369977639522
51,20.136481001827633,2.183843000238994,15.058715998748085,1.943250001204433
52,20.64742799848318,1.9534160019247793,16.59348300017882,1.2229499989189208
53,110.02468700098689,3.264532999310177,104.93618300097296,0.9017820011649746
54,20.37187099995208,2.5653640004748013,15.54273799774819,1.394784001604421
55,24.128925000695745,1.9172120009898208,19.659034001961118,1.5845070010982454
56,24.853001999872504,1.5408219987875782,21.422413003165275,0.9778200001164805
57,19.97325800039107,1.6603779986326117,15.462718998605851,1.1902830010512844
58,28.75972299807472,1.079263998690294,25.063521999982186,0.9405780001543462
59,72.10542200118653,2.233454000815982,67.57138299872167,1.172116997622652
60,19.443477998720482,1.2378569990687538,16.150389001268195,1.1586719992919825
61,30.116100002487656,1.316246998612769,24.099942998873303,0.9223929992003832
62,18.63725200018962,1.21687600039877,15.473274001124082,1.0719310012063943
63,18.4858249995159,0.9925050035235472,15.665683000406716,0.9011340007418767
64,19.13630999843008,1.3110239997331519,15.591811999911442,0.8887449985195417
65,20.18061000126181,2.8555310018418822,15.576922996842768,0.8659669983899221
66,23.84531300049275,1.7361559985147323,20.054721000633435,1.165320001746295
67,90.9304519991565,1.1053569978685118,87.78034500210197,0.9374300025228877
68,18.812714999512536,1.2004870004602708,15.802664998773253,0.9458010026719421
69,19.35801400031778,1.9892490017809905,15.117995000764495,0.8900969987735152
70,19.340014998306287,1.4582110015908256,15.90857199698803,0.908633999642916
71,19.878979001077823,1.1021160025848076,16.984076999506215,0.8823009993648157
72,19.810034998954507,1.1964499972236808,16.447779002191965,1.300616997468751
73,26.380156999948667,1.0140419981325977,23.391754999465775,1.065227002982283
74,22.115490002761362,1.3095059985062107,17.605913999432232,0.9170409975922666
75,22.15065699783736,2.0344350014056545,18.193934996816097,0.9413010011485312
76,18.610639999678824,1.2434689997462556,15.263809997122735,1.0302080008841585
77,20.009629002743168,1.5807479976501781,15.898312998615438,0.9370599982503336
78,19.333494998136302,1.0889669974858407,15.790072000527289,0.9041899975272827
79,46.431897000729805,1.147819999459898,43.47973599942634,0.8890040007827338
80,29.702709998673527,1.645526001084363,26.299600998754613,0.907726996956626
81,22.37989900095272,1.0410419999971054,18.18028699926799,0.991949000308523
82,35.313901000336045,1.7827670017140917,31.744052001158707,0.9032079979078844
83,23.212865999084897,1.0342829991714098,18.58686199921067,1.7000629995891359
84,25.799098999414127,2.155473001039354,21.07459699982428,1.2139499995100778
85,29.059058000711957,1.7181929979415145,25.18948600118165,1.277006002055714
86,20.3244629992696,1.8917679990408942,16.71389100010856,0.8767450017330702
87,31.941091001499444,1.296340000408236,28.687168000033125,1.0515599969949108
88,45.20829899774981,1.5724879995104857,41.87495099904481,0.9031340014189482
89,141.76572100041085,1.386358002491761,138.5839100003068,0.8680589999130461
90,27.339735002897214,1.8867680009861942,23.550143996544648,1.039763999870047
91,22.711659999913536,1.0278010013280436,19.0501420001965,0.8783009980106726
92,19.467569996777456,2.3236400011228397,15.207032000034815,0.9052269997482654
93,20.161351003480377,1.1054499991587363,16.162258998519974,1.305801997659728
94,104.46597699774429,1.3884510008210782,100.69753300194861,0.9998749992519151
95,116.04102899946156,1.1705049982992932,112.9242749993864,0.9278750003431924
96,27.714719999494264,2.7412899980845395,20.47833400138188,1.6005260004021693
97,21.878896000998793,2.0618989983631764,17.172596999444067,1.2427470028342213
98,21.591950000583893,1.7542309979035053,16.159129998413846,1.1693390006257687
99,19.982221001555445,1.7338230027235113,15.331532998970943,1.1717460001818836
100,21.089188998303143,1.8789339992508758,16.217129003052833,1.1600049983826466
101,53.01926000174717,1.7975820010178722,48.98561200025142,1.3128579994372558
102,21.43998699830263,1.7300629988312721,16.104629001347348,1.1835980003525037
103,20.38713000001735,2.2503999971377198,16.086166000604862,1.1571159993764013
104,24.927983999077696,2.3297510015254375,20.219704001647187,1.5083949983818457
105,69.77246700262185,3.5962010006187484,63.683678999950644,1.5405440026370343
106,23.83049699710682,1.8971940007759258,19.84725700094714,1.238876000570599
107,19.908332000341034,1.9400640012463555,15.70740500028478,1.185950000945013
108,19.5041629995103,1.8468039997969754,15.395384998555528,1.4229879998310935
109,22.177175000251736,3.0391619984584395,16.53172299847938,1.6843970006448217
110,19.070476002525538,1.9059719998040237,15.1587729997118,1.1532089993124828
111,18.7083819982945,1.672303998930147,15.116439997655107,0.9573380011715926
112,24.301591998664662,1.3907659995311406,21.012706998590147,0.9855969983618706
113,25.20987400203012,1.1473199992906302,22.01498999784235,0.944393003010191
114,21.891656000661897,1.2308389996178448,18.72341800117283,1.1080969998147339
115,20.050240000273334,1.0993020005116705,17.176708002807572,0.8713370007171761
116,50.46813700027997,1.2701730011031032,47.05723399820272,0.9659679999458604
117,20.492148996709147,1.2121170002501458,16.87420600137557,0.9182450012303889
118,30.4632320003293,1.7630449983698782,26.89597400240018,0.9084480007004458
119,137.13521800309536,1.1238199986109976,134.12403800248285,1.015855999867199
120,29.758228996797698,1.3207289994170424,26.188045001617866,1.3853210002707783
121,50.09226500260411,2.1666020002157893,45.87611600072705,1.148467999882996
122,18.860049000068102,2.1078980025777128,14.911864000168862,0.9833940021053422
123,36.42718499759212,1.282764998904895,33.301707000646275,0.954541999817593
124,45.298762001038995,2.2220659993763547,41.35283699724823,0.8707260021765251
125,21.352357001887867,1.129598000261467,18.326675999560393,1.0525229990889784
126,19.856645998515887,1.919878999615321,16.099852000479586,0.9935230009432416
127,25.32481899834238,1.03630099692964,20.99483600250096,0.8899300009943545
128,21.810230002301978,2.593437999166781,17.222412003320642,1.1615799994615372
129,19.12782799990964,1.9086380016233306,15.127514001505915,0.9357270027976483
130,19.008642000699183,1.2858760019298643,15.873997999733547,0.9201700013363734
131,29.222077999293106,1.2122459993406665,26.035525999759557,1.0537269990891218
132,34.41648999796598,1.930063997860998,30.360656997800106,1.3029500005359296
133,29.32461499949568,1.0512459994060919,24.20733299732092,1.8601750016387086
134,19.87594300226192,1.1592829978326336,16.693705998477526,1.1514870020619128
135,57.028500999877,2.526529999158811,52.189257003192324,1.2728760011668783
136,19.776108998485142,2.2504359985759947,14.793862999795238,1.6665080001985189
137,19.979443000920583,1.0465419982210733,16.117073999339482,1.4805259997956455
138,33.73620899947127,2.1364360000006855,29.324986000574427,1.410340002621524
139,33.745709999493556,1.7391189976478927,28.79655699871364,1.0636350016284268
140,19.128513002215186,1.1237830003665294,16.168759000720456,1.0244120021525305
141,18.728085000475403,1.1084119978477247,15.359865999926114,1.3107649974699598
142,34.36467599749449,1.295838999794796,31.02397500333609,1.1774689992307685
143,20.29250000123284,1.9541760011634324,15.534477999608498,1.1457459986559115
144,19.545200000720797,1.9092680013272911,15.751626997371204,0.9439300010853913
145,37.00752099757665,2.6110119979421142,31.91866400084109,1.5848029979679268
146,30.808344003162347,1.9382680002308916,26.932751999993343,0.9886899970297236
147,20.54340899849194,1.034764001815347,16.741577001084806,1.0142640021513216
148,18.437732000165852,1.8099720000464004,14.896215998305706,0.9309109991590958
149,20.007498998893425,2.650938000442693,15.61836800101446,0.8837269997457042
150,18.467436002538307,1.2287830031709746,15.30019900019397,1.0343570029363036
151,19.490791997668566,0.9723740004119463,15.6598679968738,0.9757820007507689
152,19.35051400141674,1.1449689991422929,16.213999999308726,0.9997829984058626
153,18.62851099940599,1.275024998903973,15.577274996758206,0.8915219987102319
154,19.93347999814432,1.5094139998836908,16.679686999850674,0.8926900009100791
155,19.062402003328316,1.191783001559088,15.658700998756103,0.9995970031013712
156,23.812978997739265,1.5199509980448056,20.241629998054123,1.154264999058796
157,40.38546200172277,1.2126540023018606,36.06248000141932,0.9370970001327805
158,38.43226800017874,1.1041340003430378,35.54238500146312,0.9561159968143329
159,19.034253997233463,1.0602080001262948,15.589386002829997,0.8943930006353185
160,21.304134003003128,1.6130259973579086,17.908395999256754,0.9379490002174862
161,29.040520999842556,1.3437470006465446,25.504709003143944,0.9578739991411567
162,25.04350299932412,1.4107470015005674,21.89517400256591,0.9018930031743366
163,19.17980999860447,1.1982089999946766,14.588493002520408,1.0991529998136684
164,31.81453399884049,1.1212639983568806,28.811315998609643,0.9326340004918166
165,20.90524400045979,1.2237279988767114,17.57239500147989,1.1600790021475405
166,36.42388800290064,1.6326000004482921,29.675580000912305,1.8513970026106108
167,20.7550019986229,1.2707649984804448,16.447945999971125,1.3238950014056172
168,18.261749999510357,1.2182649988972116,15.116513000975829,1.0328380012651905
169,18.670510999072576,1.5167479978117626,15.31799599979422,0.8997820004879031
170,19.847350002237363,1.0790420019475278,16.98963300077594,0.9148750032181852
171,26.18258299844456,1.2448199995560572,23.031013002764666,0.871115000336431
172,19.29171699885046,1.2270799998077564,16.018295002140803,0.9728750010253862
173,23.651886000152444,1.111134002712788,20.240462999936426,1.3095610011077952
174,21.781414001452504,1.2250420004420448,18.784066996886395,0.9398189977218863
175,65.4149280017009,1.190449998830445,61.45320700306911,1.025318997562863
176,18.79815999927814,1.7578410006535705,15.128439998079557,0.9975970024242997
177,18.979012998897815,1.3453209976432845,15.844665002077818,0.8915590005926788
178,20.899187999020796,1.074042000254849,18.1043230004434,0.9036160008690786
179,19.62670000284561,1.132153000071412,15.190718000667403,0.9781709995877463
180,19.55860799716902,1.071413000317989,15.530404001765419,0.8752819994697347
181,19.16916200207197,1.7918420016940217,15.451459999894723,1.041097999404883
182,22.892381999554345,3.7021649986854754,17.343523002637085,0.8978929981822148
183,86.52156099924468,1.7310449984506704,82.96697100013262,0.8829669968690723
184,32.280259001709055,1.5345440006058197,28.98166899831267,0.9089120030694176
185,19.986256997071905,2.1985839994158596,15.77883099889732,1.1214309997740202
186,18.90360500328825,1.0851529987121467,16.0247400017397,0.993744997686008
187,19.056512999668485,1.4566179997927975,15.226143001200398,0.9241519983334001
188,54.19702499784762,4.557594998914283,47.87229300200124,0.8715780022612307
189,19.763405001867795,1.5319140002247877,16.409723000833765,0.9470039985899348
190,19.697496998560382,1.173634998849593,16.74240899956203,0.9281519996875431
191,60.30305300009786,1.522525999462232,56.60470200018608,1.0582819995761383
192,32.39555600157473,1.1075049987994134,29.558597001596354,0.9576160009601153
193,63.15787999847089,1.1237830003665294,59.22680699950433,0.9266340020985808
194,18.930179001472425,1.2504500009526964,15.760182999656536,1.0276159991917666
195,28.265981000004103,1.8371570004092064,24.612334000266856,0.8798750022833701
196,19.000641997990897,1.1203570029465482,16.09477699821582,0.9160039990092628
197,23.997091000637738,1.2041910013067536,20.830575998843415,0.9991709994210396
198,18.620047998410882,1.2425050008459948,15.624960000423016,0.8888740012480412
199,20.134833001066,1.5250260003085714,16.642945996864,0.931930000660941
200,18.22163900214946,1.0358559993619565,14.415621997613925,1.0768940010166261
201,45.613929996761726,1.1213199977646582,42.523028001596685,0.8829670005070511
202,28.204018002725206,1.22530199951143,25.258818997826893,0.8900780012481846
203,19.252809997851728,1.249523997103097,15.279254999768455,0.894188997335732
204,19.10614200096461,1.2350060023891274,16.113535999465967,0.8878370026650373
205,44.54605499995523,1.6097290026664268,40.898371997172944,1.1444500014476944
206,19.877610000548884,1.9494909975037444,15.857980000873795,1.1662640026770532
207,20.099757999560097,2.350048001972027,15.684460999182193,1.1667089966067579
208,18.858642000850523,1.8975460006913636,14.864253000268945,1.2037279993819539
209,30.014432999450946,1.2021539987472352,26.04184100346174,1.866564001829829
210,113.35966499973438,3.428367999731563,107.27030400084914,1.7239150001842063
211,20.8794840000337,1.8500459991628304,16.146461999596795,1.4267659971665125
212,20.734853998874314,2.073084000585368,16.185926000616746,1.5011920004326385
213,20.43344500270905,2.389528999628965,15.969424999639159,1.1668389997794293
214,84.1791069979081,2.924328000517562,78.94997100083856,1.262098001461709
215,21.629802002280485,1.740433999657398,16.272944998490857,1.4067290030652657
216,21.971414997096872,2.117916999850422,17.44470999983605,1.4598960005969275
217,20.493260002695024,2.3483249970013276,15.894645999651402,0.8900039974832907
218,19.171346997609362,1.367599001241615,15.860591000091517,1.0837090012500994
219,25.28756000174326,1.0421159968245775,21.009984997363063,0.9350600012112409
220,18.920104997960152,1.2517830000433605,15.749460999359144,0.8739299992157612
221,37.64337500251713,1.1693570013449062,34.70208400176489,0.8585409996157978
222,20.666223997977795,1.0995049997291062,17.777987999579636,0.9041150005941745
223,21.117967000463977,1.1214679980184883,16.73900199966738,0.9383199976582546
224,18.30158300072071,1.6656560001138132,14.730344999406952,0.9939669980667531
225,19.421089000388747,1.1660050004138611,16.092795001895865,0.917133002076298
226,19.94205399751081,1.113245998567436,16.945872997894185,1.0452819988131523
227,18.904012002167292,1.178023998363642,14.923808997991728,0.9308560001954902
228,18.865289999666857,1.477191999583738,15.336681000917451,1.1465420029708184
229,27.20636500089313,1.1558750011317898,24.097388002701337,1.0504860001674388
230,21.694691000448074,1.0879670007852837,18.898975002230145,0.8708919995115139
231,64.74388799688313,2.087843000481371,60.843684997962555,0.8986329994513653
232,42.84297300182516,1.2120239989599213,39.261179001186974,1.1466159994597547
233,19.20321799843805,1.1403759999666363,15.47008999841637,1.5998779999790713
234,19.505403000948718,1.080486999853747,16.73976100209984,0.8753559995966498
235,18.887105001340387,1.4083209971431643,15.083549998962553,0.9142640010395553
236,67.33684400023776,1.1797830011346377,64.3275900001754,0.9455229992454406
237,20.498130998021225,1.5669329986849334,16.98024399956921,0.9077270005946048
238,20.694261002063286,1.552951001940528,17.262023000512272,0.918207999347942
239,49.55855899970629,1.2688019996858202,45.71643100280198,0.9444480019737966
240,37.555893999524415,1.1820800027635414,34.12097099862876,1.401542998792138
241,20.207851001032395,1.915415999974357,15.639330998965306,1.4250989988795482
242,20.490130998950917,2.3199919996841345,15.657164000003831,1.432043998647714
243,33.83941399806645,3.7974439983372577,27.300920999550726,1.7270450007345062
244,22.724307000316912,2.195213997765677,17.08693000182393,2.5376409976161085
245,19.04330899924389,1.989231001061853,15.134717999899294,0.9245039982488379
246,70.90189800146618,1.0860050024348311,67.76523499866016,0.9065410013135988
247,44.02158900120412,1.108246000512736,38.83321399916895,1.0085409994644579
248,20.163165998383192,1.2437100012903102,14.688881998154102,1.116671999625396
249,69.47761400078889,2.2968070006754715,62.53002599987667,1.6473769974254537
250,20.406851999723585,1.9253050013503525,16.220204001001548,1.4058950000617187
251,27.07569799895282,1.7572299984749407,22.757973998523084,1.6591009989497252
252,31.34697600034997,3.2044030012912117,25.685303000500426,1.478598998801317
253,19.79859000130091,1.249820001248736,16.61707600214868,0.9116520013776608
254,18.38664000024437,1.299117000598926,15.063697999721626,1.116931001888588
255,21.05320699774893,1.0091160002048127,14.969364998250967,1.1613569986366201
256,23.980758000107016,2.061990999209229,19.2864210002881,1.8223599981865846
257,28.136832002928713,1.1948939973080996,24.471814998832997,0.9065590020327363
258,20.139276999543654,1.8473050004104152,16.28813000206719,1.097152999136597
259,21.209188998909667,1.1238570004934445,17.22496799993678,0.895856002898654
260,19.284328998764977,1.3620989993796684,16.103943999041803,0.9708930010674521
261,21.34513400233118,2.097601998684695,17.48324700020021,0.9011889997054823
262,26.299249999283347,2.0561019991873764,22.259416000451893,1.091319998522522
263,18.713066998316208,1.5438959999301005,15.145624998694984,1.1438390029070433
264,22.542157999851042,2.0125459996052086,18.743770000583027,0.8977629986475222
265,27.324606002366636,2.3752699999022298,22.61052899848437,1.2427090005076025
266,24.586019997514086,2.360992002650164,20.3751299995929,0.9013749986479525
267,21.981933001370635,2.1608990027743857,17.469245998654515,1.2119870007154532
268,18.89082699926803,1.8667490003281273,15.120216998184333,0.9093189983104821
269,27.112217001558747,1.1724309988494497,23.814108997612493,1.1118010006612167
270,20.903372998873238,1.1965609992330428,18.00373000151012,0.8691519979038276
271,18.524213999626227,0.9985229989979416,14.849455998046324,0.8840219998091925
272,26.88540000235662,1.2829320003220346,23.35675499853096,1.0716899996623397
273,22.006748997227987,1.1067089981224854,19.037141999433516,0.873744000273291
274,20.223740000801627,1.1770420023822226,17.315152999799466,0.8753379988775123
275,41.06766900076764,1.978898002562346,37.06933600187767,1.0327270028938074
276,23.095272001228295,1.8418409999867436,18.8357150000229,0.9182640023936983
277,29.711635997955455,1.1465420029708184,26.338564999605296,0.9653939996496774
278,29.011983999225777,1.1522640015755314,26.08884199798922,0.9500970008957665
279,19.00729000044521,1.9862129993271083,14.638733002357185,1.3814320009259973
280,17.85639599984279,1.1306540000077803,14.698789000249235,1.1988570004177745
281,21.547673000895884,1.8525090017647017,16.909631998714758,1.3581170023826417
282,19.75244200002635,1.8758050027827267,15.20134699967457,1.6375260020140558
283,32.545611000387,2.115064999088645,28.06157200029702,1.4167099980113562
284,21.55800599939539,1.9340459984960034,17.135503996541956,1.4026179997017607
285,22.944771000766195,2.6421599977766164,17.911192997416947,1.5038220008136705
286,20.686686999397352,2.931012997578364,15.665441002056468,1.235338997503277
287,20.013721001305385,1.8818789976648986,15.63596000050893,1.407710002240492
288,58.715471997857094,2.2092330000305083,54.281154996715486,1.3224690010247286
289,36.44399900076678,2.0053419975738507,31.546811002044706,1.2018950001220219
290,114.07368800064432,1.2623389993677847,110.90635799700976,0.8820229995762929
291,19.04380899941316,1.3699510018341243,15.786997999384766,0.8948930008045863
292,19.982534999144264,1.0932830009551253,16.878021997399628,0.8666329995321576
293,30.167582001013216,1.1945240003115032,27.042513000196777,0.9712089995446149
294,20.265241000743117,1.2579319991345983,17.00066999910632,1.0323940005037002
295,52.62712900002953,1.1564310007088352,46.76112000015564,0.8608560019638389
296,24.74855699983891,1.1226909991819412,21.84558200315223,0.9490410011494532
297,19.967239000834525,1.1622830024862196,16.657019998092437,1.209598998684669
298,19.498366997140693,1.2161910017312039,16.444444998342078,0.8854670013533905
299,22.70640000278945,1.081893999071326,17.752266001480166,0.9672630003478844
300,20.778557998710312,1.1003940016962588,17.913543997565284,0.8978000005299691
301,31.07421599997906,1.1151910002809018,27.617237999947974,1.4065069990465418
302,22.27273099924787,2.2514729971589986,18.088786000589607,1.0121710001840256
303,43.72471800161293,2.7735129988286644,37.169911000091815,1.5799880020495038
304,25.37546699750237,2.5194560003001243,20.115592000365723,1.4139509985398035
305,20.139259002462495,2.2040280018700287,15.000383002188755,1.1669499981508125
306,21.971063000819413,1.8595269975776318,17.95976699941093,1.2365610018605366
307,24.245276999863563,3.009773001394933,17.51471000170568,1.3613020018965472
308,20.286296999984188,1.8390270015515853,16.620056998362998,0.9073369983525481
309,36.408850999578135,1.1546540008566808,32.090295000671176,0.9169299992208835
310,27.277401997707784,3.5527379986888263,21.97952599817654,0.8999109995784238
311,32.50135200141813,1.403710000886349,29.238004000944784,0.9365039986732882
312,18.801066999003524,1.3453209976432845,15.404180998302763,0.9471340017626062
313,18.6656040023081,1.1423939977248665,15.643515998817747,0.9349299980385695
314,22.99603099891101,1.0933570010820404,20.03155399870593,0.9169849981844891
315,22.25806400019792,1.8328040023334324,17.052226001396775,1.4638949978689197
316,20.49118699869723,2.4619000032544136,15.391311000712449,1.5629510016879067
317,78.6554320002324,1.6793409995443653,75.08589799908805,0.9661900003266055
318,41.24867000064114,1.2537279981188476,38.08704499897431,0.8936900012486149
319,107.62602799877641,1.004449000902241,102.92878499967628,0.9027449996210635
320,48.29729400080396,1.138097999501042,44.940705000044545,1.173783002741402
321,26.1445090000052,1.9301199972687755,21.909118997427868,1.1815049983852077
322,31.588588000886375,2.974513001390733,26.522750998992706,0.9380970004713163
323,19.778738998866174,2.6045489976240788,15.370329998404486,0.8943559987528715
324,19.378958000743296,1.3535430007323157,15.775201998621924,1.3553019998653326
325,19.046809000428766,1.0357460014347453,15.411625998240197,0.8899479980755132
326,29.220689000794664,2.759122999123065,23.885164999228436,1.7343969993817154
327,28.15331399688148,1.0795790003612638,24.200666000979254,0.8857070024532732
328,20.434723002836108,1.1245049972785637,17.584764998900937,0.892004001798341
329,26.505916997848544,1.095244999305578,21.572025001660222,1.9266750023234636
330,39.81062599996221,2.1270649995130952,35.38388400193071,1.1771350000344682
331,20.99113300209865,2.877625000110129,15.904905001661973,1.3420430004771333
332,35.05421499721706,2.666993001184892,30.139397000311874,1.466968999011442
333,22.833178001747,1.7586189969733823,17.463931999373017,1.2284870026633143
334,71.75829100015108,1.0638569983711932,68.92837000123109,0.916985998628661
335,44.94761200112407,1.0791709974000696,39.48523600047338,0.881910997122759
336,18.491787999664666,1.1556350000319071,15.63377500133356,0.9213369994540699
337,19.25680999920587,1.360394999210257,15.830813001230126,0.9498190011072438
338,30.306361000839388,1.093486000172561,27.411476999986917,0.9653000015532598
339,21.381059999839636,0.9934299996530171,16.448260001197923,0.915190001251176
340,19.49094099836657,1.368061999528436,16.349703997548204,0.879466999322176
341,19.07823500005179,1.1647829996945802,16.148074002558133,0.8731150010135025
342,20.67253900167998,1.0646720002114307,17.831266999564832,0.9624679987609852
343,34.44797200063476,1.0200610013271216,30.15024900014396,0.9821339990594424
344,20.89742899988778,1.081560996681219,18.161305000830907,0.8988189983938355
345,18.625435997819295,1.1719320027623326,15.4335710030864,1.1190969999006484
346,19.415774000663077,1.1834679971798323,16.327222998370416,1.0022639980888925
347,19.198568999854615,1.249708999239374,15.332867002143757,0.9127820012508892
348,19.481756000459427,1.1120419985672925,16.553354002098786,0.9576150005159434
349,18.750195999018615,1.2088209987268783,15.669238000555197,0.9376710004289635
350,31.396940001286566,1.0639680003805552,28.57916699940688,0.9518000006210059
351,18.38601000054041,1.8892680018325336,14.590603001124691,0.9704300027806312
352,59.834235999005614,1.2757279982906766,56.17273700045189,1.1737649983842857
353,45.64174500046647,1.0407640002085827,41.29468799874303,0.9112269981415011
354,65.2730750007322,1.5956000024743844,61.71687399910297,1.0664670007827226
355,56.600628999149194,1.2159129983047023,53.56807700081845,0.8705599975655787
356,45.675689998461166,1.196208999317605,42.69593600110966,0.8974489974207245
357,21.51339400006691,2.5456789990130346,16.556816000957042,1.4272660009737592
358,48.84720500194817,2.7897170002688654,44.33142400012002,0.9406899989699014
359,19.277753999631386,1.101189998735208,16.30609299900243,0.9797269995033275
360,27.533440999832237,1.3348210013646167,24.18564799882006,1.0493380032130517
361,24.276870000903727,1.170395000372082,20.834743001614697,0.9967639998649247
362,28.943279998202343,1.0031530000560451,25.321152999822516,1.8024529999820516
363,28.26757300135796,2.0526759981294163,22.353545999067137,1.1673389999486972
364,22.821751997980755,1.9798610010184348,18.29073199769482,1.6850450010679197
365,19.54890400156728,1.2041720001434442,16.350500998669304,1.0617090010782704
366,18.31226899957983,1.1708950005413499,15.185254997049924,0.8794490022410173
367,20.324796001659706,1.3253389988676645,15.915498002868844,1.1138200025015976
368,21.781932999147102,1.5007109977887012,17.10365199687658,1.1001349994330667
369,27.485606999107404,1.6139889994519763,23.914665001939284,1.0503749981580768
370,18.693288999202196,1.9033229982596822,15.003532000264386,0.9670600011304487
371,19.73507100046845,1.2175050032965373,16.710872998373816,0.8949490002123639
372,22.149361000629142,3.3943109992833342,16.07922200128087,1.4479509991360828
373,56.10849599906942,3.190069997799583,50.66323100254522,1.2697650017798878
374,49.63209700144944,1.9158420000167098,45.287558998097666,1.5456180008186493
375,35.800237998046214,2.0401940018928144,31.62723700006609,1.0102639971591998
376,24.233869000454433,1.1043749982491136,21.395282001321902,0.9019669996632729
377,51.46447600054671,2.284751997649437,47.355419999803416,0.9129479985858779
378,27.219198000238976,1.2910239966004156,24.11077700162423,0.9104119999392424
379,18.476361998182256,1.1916910007130355,14.834141002211254,0.9991890001401771
380,35.57364400330698,1.0692639989429154,32.6063710017479,1.0524859972065315
381,20.317647999036126,1.0300230023858603,14.77938300013193,1.1517650018504355
382,19.921553997846786,1.1874689989781473,16.8799660023069,0.8867819997249171
383,19.575793001422426,1.163801000075182,15.077254000061657,0.9190230011881795
384,27.79273800115334,1.1045979990740307,24.768983999820193,1.079911999113392
385,21.167318998777773,0.9828930014919024,17.156411999167176,1.525728999695275
386,25.84426600151346,1.9034910001209937,21.85634000124992,1.2151910013926681
387,20.507963999989443,1.3968210005259607,17.22678200167138,0.8744300030230079
388,22.317286999168573,3.342997002619086,17.196893000800628,0.9643190023780335
389,32.71914899960393,1.0843189993465785,29.827432001184206,0.8805409997876268
390,20.398445001774235,1.12365399763803,17.371449997881427,1.0484859994903672
391,20.035090998135274,1.8908050005848054,15.80921999993734,1.4513580026687123
392,19.92644300116808,1.6871000007085968,16.352352999092545,1.0596530009934213
393,20.998095998947974,1.0793940018629655,16.450130002340302,0.9040779987117276
394,19.721312000910984,1.0397820005891845,16.210295998462243,0.9196339997288305
395,18.6358629980532,2.411788998870179,14.31056499859551,0.9726340031193104
396,61.01570400278433,1.0912079997069668,57.75128200184554,0.9019299977808259
397,19.458662998658838,1.152208998973947,16.468353001982905,0.8997259974421468
398,19.899997998436447,2.1701030018448364,15.717016001872253,1.152172000729479
399,17.75670999995782,1.1932830020668916,14.489621000393527,1.109153003199026
400,20.93222600160516,1.067597000655951,18.017119000433013,0.9649860003264621
401,19.56325499850209,1.2275420012883842,16.265518999716733,1.0617820007610135
402,19.898184000339825,1.1686910002026707,16.995318001136184,0.9017630000016652
403,19.49195899942424,1.1511169977893587,16.46575999984634,0.8994109994091559
404,18.696066999837058,1.3516920007532462,15.355477000412066,1.012651999189984
405,99.72330700111343,1.1700059985741973,96.58499600118375,0.95302299814648
406,20.423852001840714,1.0853200001292862,17.534302001877222,0.9230040013790131
407,19.782108996878378,1.0071519973280374,15.449051999894436,0.9065599988389295
408,19.002105000254232,1.1578010016819462,15.999128001567442,0.9288740002375562
409,18.46975100124837,1.1638570031209383,15.465738000784768,0.8993369992822409
410,20.596352998836664,1.1501720000524074,17.41035699888016,0.9073010005522519
411,32.30114700272679,1.391172998410184,27.964294000412337,0.9683560019766446
412,21.4501169975847,1.108468000893481,17.821673998696497,0.9152450002147816
413,24.346407000848558,1.4824690006207675,20.629260998248355,1.256227998965187
414,21.283505000610603,2.9154570001992397,16.684002002875786,0.8727079984964803
415,30.014525000297,1.6836930008139461,26.261859999067383,0.8837999994284473
416,46.10558100102935,1.149875002738554,42.96286300086649,1.0381709980720188
417,30.97299299770384,1.1333940019540023,27.863608000188833,0.8792629996605683
418,29.64882100059185,1.2117649966967292,26.20969399868045,1.3422659976640716
419,26.84434399998281,1.014819001284195,21.66046899947105,0.8960780032793991
420,20.008776999020483,1.1145980024593882,17.13604100223165,0.9065969970833976
421,37.07637200204772,1.587654998729704,33.67563500069082,0.893189000635175
422,24.487148999469355,1.1248009977862239,20.710945998871466,0.9175039995170664
423,19.305254998471355,1.3008390014874749,16.24912899933406,0.9036890005518217
424,19.814589999441523,2.666271000634879,14.800049000768922,1.0056159990199376
425,20.65176100222743,1.4931360019545536,17.284172001382103,0.9386519996041898
426,19.883721000951482,1.1656159986159764,14.874346001306549,1.095282997994218
427,43.20143699806067,4.721985002106521,36.269442996854195,1.2707469977613073
428,24.033851001149742,4.511576000368223,17.248115000256803,1.1878009972861037
429,19.82038599817315,2.2314919988275506,15.18060599846649,1.2102470027457457
430,19.83886900052312,2.191935000155354,15.10199500262388,1.4826369988441002
431,19.766182002058486,2.140565000445349,15.556793001451297,1.1563939988263883
432,22.746733997337287,3.7209990005067084,16.374167000321904,1.496376997238258
433,20.09646200167481,2.003008998144651,15.936572999635246,1.2023580020468216
434,19.58492199992179,1.874268000392476,15.644570998119889,1.2248759994690772
435,20.946818000084022,1.7972670029848814,17.086059000575915,1.163228000223171
436,29.773266000120202,3.238551998947514,24.327593000634806,1.294469002459664
437,22.024877998774173,1.868324001407018,17.74680399830686,1.4171539987728465
438,20.967466000001878,2.8306979984336067,15.507126998272724,1.2793950008926913
439,43.19851200125413,1.8801570004143286,39.161512002465315,1.2576170011016075
440,27.471550998598104,2.1271210025588516,22.252656999626197,0.8746890016482212
441,19.019587001821492,1.1462459988251794,15.921886999421986,1.0284119998686947
442,29.44487499917159,1.1511169977893587,26.348694998887368,1.0686710011214018
443,20.052869000210194,1.1734679974324536,16.95828100127983,0.9954489978554193
444,34.208266999485204,1.110190998588223,29.774007001833525,0.9691710001789033
445,27.131382998049958,1.1079490031988826,23.798441998224007,1.2283760006539524
446,18.996013001014944,2.018176001001848,14.986605998274172,0.9484670008532703
447,19.938720000936883,1.1093940011051018,17.048318997694878,0.8919849969970528
448,30.074915001023328,1.017078997392673,25.98993300125585,0.993022997135995
449,18.909548998635728,1.2012279985356145,15.83496099920012,0.9371529995405581
450,18.135676000383683,1.2171910020697396,15.1265139975294,0.900207000086084
451,19.828886001050705,1.108431002649013,14.789807999477489,0.9418369991180953
452,19.45971899840515,2.6858829987759236,14.704085999255767,1.225413001520792
453,23.641274001420243,1.1690060018736403,20.594148998497985,0.9550969989504665
454,19.76475699848379,1.1253019983996637,16.81026100050076,0.9741339999891352
455,22.302435001620324,1.291191001655534,16.855131998454453,0.9527269976388197
456,19.24588399924687,1.6415999998571351,15.66638599979342,1.0115229997609276
457,18.579417999717407,1.1936350019823294,15.510959998209728,0.9327449988631997
458,19.045328001084272,1.1014119991159532,15.189162000751821,1.1008569999830797
459,20.170776999293594,1.090670997655252,17.236596999282483,0.895745000889292
460,19.712182998773642,2.312584998435341,15.440218001458561,0.9092269974644296
461,19.16229100243072,1.2822839998989366,16.032035997341154,0.883281998540042
462,27.59434799736482,1.0968379974656273,24.079220998828532,1.0059679989353754
463,36.8573900013871,0.9997449997172225,32.469851001224015,0.9411899991391692
464,32.24731400041492,1.4736729972355533,29.006816999753937,0.9060050033440348
465,19.056864999583922,1.2623759976122528,15.958609998051543,0.9066150014405139
466,20.360073998745065,1.9640459977381397,16.28861100107315,1.2582650015247054
467,19.250199002271984,1.9157130009261891,15.1537730016571,1.2727840003208257
468,19.1850869996415,1.0178189986618236,15.547794002486626,0.9941339994838927
469,93.74564999961876,1.6289890008920338,89.71268700042856,1.251764999324223
470,37.46717099784291,2.4624739999126177,32.54964799998561,1.0395419994893018
471,22.10861900312011,1.0451349990034942,17.32618999812985,0.9655969988671131
472,20.369481997477124,1.2462279992178082,17.31150499836076,0.8743739999772515
473,19.80090500001097,1.230875997862313,15.333588999055792,1.4204690014594235
474,19.21380999920075,2.776085999357747,14.598660000046948,0.9799859981285408
475,19.543849000910996,2.2395289997803047,14.585067001462448,0.8965970009739976
476,18.36428699971293,1.4162840016069822,14.828383002168266,1.2088949988537934
477,140.38067699948442,1.8523789985920303,136.4120849975734,1.1718950008798856
478,20.51033500174526,1.1405240002204664,17.413857000065036,1.064282998413546
479,30.844122000416974,1.0154310002690181,26.468343003216432,1.0647639974195044
480,19.479402999422746,2.190066003095126,15.31503300066106,0.9955599998647813
481,18.905919998360332,1.7240630004380364,15.333199997257907,0.9505790003458969
482,19.376496002223575,2.606938000099035,14.98858600098174,0.8927820017561316
483,24.090349998004967,2.815289997670334,17.884562999824993,1.0544680008024443
484,32.69072300099651,1.5191359998425469,29.415578999760328,0.8783189987298101
485,20.075962002010783,1.0059860032924917,15.49982999858912,1.3056919997325167
486,19.592552998801693,2.1143610028957482,15.743515999929514,0.8918749990698416
487,26.03815600014059,1.4133210024738219,22.87656699991203,0.9091520005313214
488,19.801923001068644,1.2089310002920683,16.103333000501152,1.2718020007014275
489,19.076179996773135,1.0134119984286372,14.66023399916594,1.0363020010117907
490,35.2409750012157,2.9281609968165867,30.10998899844708,1.0795229973155074
491,67.77938300001551,2.4597699994046707,63.58645699947374,0.8598740023444407
492,18.2846210009302,1.3180800015106797,15.17356900149025,0.9058370014827233
493,19.470348001050297,1.7600079991098028,15.774163999594748,0.8939479994296562
494,18.77215999775217,1.1461350004537962,15.908516998024425,0.8998750017781276
495,18.60715899965726,1.4913960003468674,15.230144002998713,0.9399680020578671
496,23.468588002288016,1.0280230017087888,20.596222999301972,0.9133560015470721
497,20.732501998281805,3.68005300333607,15.180698999756714,0.9819680017244536
498,29.019040001003304,1.192894000269007,25.975118998758262,1.020468000206165
499,19.921442999475403,1.1106349993497133,16.98226200096542,0.8960599989222828
500,24.651945001096465,1.19113500113599,19.887128000846133,0.8939850013121031
501,21.979138000460807,2.063732001261087,17.7996370002802,1.267173000087496
502,19.35290299661574,1.1649869993561879,16.417186001490336,0.9084490011446178
503,19.505940003000433,1.289709998673061,16.387796997150872,0.9514859993942082
504,20.194777996948687,1.171079002233455,16.861650998180266,0.8915779981180094
505,24.94429900252726,1.2230610009282827,21.69230300205527,1.1102450007456355
506,18.998474999534665,1.1355610004102346,16.119166000862606,0.900096998520894
507,19.673293998494046,1.2288209982216358,16.614650001429254,0.8995780008262955
508,18.973105001350632,1.2231350010551978,15.283198998076841,1.5802289999555796
509,43.68410600000061,3.0954399990150705,37.60411599796498,1.7527489981148392
510,24.17422199869179,2.053601998341037,19.7362009967037,1.4947849995223805
511,25.892044002830517,1.8601939991640393,20.230389000062132,1.264802001969656
512,30.021802998817293,2.005509002628969,24.845649997587316,0.8884859998943284
513,20.06779599832953,1.022412001475459,17.32944899777067,0.871948002895806
514,20.481686002312927,1.9581010019464884,16.464427000755677,1.2154500000178814
515,22.75302899943199,1.0945050016744062,19.83007200033171,0.9028929998748936
516,34.12785999898915,1.0910419987339992,29.26383800149779,1.256301999092102
517,28.861020000476856,3.2194220002566,21.780674000183353,0.9755969986144919
518,27.175994000572246,1.202876002935227,23.93294200010132,1.1406339981476776
519,19.40731099966797,2.2973810009716544,15.28979199792957,0.9324300008302089
520,19.320161998621188,1.4714879980601836,16.05609100079164,0.89311500050826
521,20.392816000821767,1.3357460011320654,17.276153001148487,0.9191889985231683
522,20.417167001141934,1.687471001787344,16.903891999390908,0.8878000007825904
523,19.38608799900976,2.006582999456441,15.561292999336729,0.9190780001517851
524,18.830679000529926,1.3475240011757705,15.296625002520159,1.2259310024091974
525,22.32982399800676,1.0127079985977616,19.376385000214214,1.0082450025947765
526,34.704139001405565,1.1523009998199996,31.570496001222637,1.002745997539023
527,21.227633998933015,1.139246000093408,17.434375997254392,0.9661900003266055
528,20.35018600145122,2.325992001715349,16.043962001276668,1.0140239974134602
529,21.51307899839594,1.0767459971248172,15.768737997859716,0.9494490004726686
530,21.668803001375636,1.1681719988700934,18.68319600180257,0.918929999897955
531,18.173157001001528,1.3698399998247623,14.721529998496408,1.1714870015566703
532,19.039623999560717,2.1388250024756417,14.914234001480509,0.9903380014293361
533,20.446463000553194,1.374543000565609,17.196782999235438,0.9621340032026637
534,21.943747997283936,1.5623590006725863,18.61478899809299,0.8992630027933046
535,43.33656800008612,1.2816720009141136,40.15986800004612,0.9643929988669697
536,23.39201500217314,2.1405839979706798,19.236661999457283,1.1857089994009584
537,25.95283999835374,1.0339860018575564,20.012313001643633,1.5763960000185762
538,20.002017001388595,2.014399000472622,15.957814001012594,1.1682829972414766
539,24.08736899815267,2.0545279985526577,19.716644997970434,0.92304100326146
540,18.901790001109475,1.2374870020721573,15.289422000932973,0.9724119991005864
541,20.340925999335013,1.6690439988451544,16.641130998323206,1.1627460007730406
542,19.938925001042662,2.1797500012326054,15.869034999923315,0.9178000000247266
543,22.676344000501558,1.2442279985407367,19.92864600106259,0.6421319994842634
544,27.66375599821913,1.1768570002459455,24.628298000607174,0.9701710005174391
545,22.87891900050454,1.9036390003748238,18.075285999657353,1.1751720012398437
546,22.338120001222705,2.6433640014147386,17.85119200212648,0.7958370006235782
547,45.44509599872981,1.181413001177134,42.65643500184524,0.5642979995172936
548,18.792196999129374,1.3622469996334985,15.601015998981893,0.623799001914449
549,32.90033500161371,2.0260099990991876,28.875242998765316,1.1476530016807374
550,21.359913000196684,3.098013999988325,16.145239998877514,1.1368389968993142
551,19.501680999383098,1.9067680004809517,15.221588000713382,1.5347099979408085
552,39.639014001295436,1.7851749980763998,35.97229300066829,1.001707998511847
553,28.276555000047665,1.7005629997584037,23.181939002824947,0.6191879983816762
554,35.57308800009196,1.172487001895206,32.910464997257804,0.6130760011728853
555,19.45253300073091,2.3152699977799784,15.385865997814108,0.6253739993553609
556,50.28072999994038,1.8710269978328142,46.97002899774816,0.5574469978455454
557,118.49683599939453,1.1369499989086762,115.33863699878566,1.135431000875542
558,21.52665399989928,3.0485879979096353,16.575001998717198,0.9048559986695182
559,78.79087800029083,1.0849120008060709,75.89851300144801,0.915190001251176
560,35.30638299707789,2.0044170014443807,29.345652998017613,1.7807680014811922
561,31.35614300117595,2.2792700001446065,26.391101997432997,1.2926909985253587
562,21.17298600205686,1.9202130024496,17.124263002187945,1.0965420005959459
563,20.01240599929588,2.084527997794794,15.820757998881163,1.2202100006106775
564,20.208981000905624,2.3849179997341707,15.585664001264377,0.9009299974422902
565,19.859052998072002,1.2280800001462922,15.671256998757599,0.9269850015698466
566,19.890961000783136,2.685789997485699,14.93480799763347,1.355708998744376
567,30.935177997889696,1.2004870004602708,27.814498000225285,0.9122080009547062
568,20.632243002182804,1.454543998988811,17.30478200261132,0.9630970016587526
569,18.877734000852797,1.1848009999084752,15.63818300201092,0.8976699973572977
570,18.432564997056033,1.2333390004641842,14.97534600275685,0.999190000584349
571,23.16866200271761,1.9560280015866738,16.176704000827158,1.1858580000989605
572,49.43352099871845,1.0282639996148646,46.49876800249331,1.0328379976272117
573,48.48927700004424,1.1589869973249733,45.52150400195387,0.8977639990916941
574,18.78662300077849,1.1763759976020083,15.758367997477762,0.9930610031005926
575,18.688566000491846,0.9841890023380984,14.974309000535868,0.8773920017119963
576,39.89864499817486,1.5268040006048977,36.605499997676816,0.9125229989876971
577,41.172336001181975,1.1889499983226415,38.03937699922244,1.0154490009881556
578,20.542242000374245,1.1183380011061672,17.50922800056287,0.9688930003903806
579,29.74863599956734,1.0521349977352656,24.672427000041353,1.1436540007707663
580,24.125831998389913,1.0398560007160995,21.282357000018237,0.9660039977461565
581,21.47361600145814,1.2344129972916562,18.380917001195485,0.9620230011933018
582,18.44945500124595,1.2306899989198428,14.952327001083177,1.4065430004848167
583,19.48262599762529,1.8540450000728015,15.810756998689612,0.9005600004456937
584,20.273869999073213,3.316607999295229,14.93030900019221,0.9186710012727417
585,20.221722003043396,2.2366769990185276,15.143272998102475,1.8145819994970225
586,25.000483998155687,1.167950002127327,21.891358999710064,1.0948750023089815
587,24.183629000617657,1.0397459991509095,18.286509002791718,1.2242279990459792
588,27.72457099854364,1.159264000307303,24.534463002055418,0.9411710016138386
589,29.482042002200615,1.3625620013044681,26.066099999297876,0.9955230016203132
590,51.49264200008474,1.2015610009257216,48.17077500047162,1.2075049999111798
591,22.364860997186042,2.136657996743452,15.301680999982636,1.5254700010700617
592,20.09564700347255,1.9909349975932855,15.999053997802548,1.18785700033186
593,27.813998000056017,1.7454150001867674,23.53251499880571,0.9718749970488716
594,25.96902499863063,1.9742680015042424,21.495728000445524,1.5719330003776122
595,20.307907998358132,1.8337120018259156,16.113572997710435,1.497173998359358
596,20.22464800029411,2.217102999566123,15.537682000285713,1.5611369999533053
597,20.634557000448694,2.1698429991374724,15.156198001932353,1.591154999914579
598,19.629089001682587,2.200138998887269,14.926974999980303,1.5982299992174376
599,33.69746899988968,1.8554529997345526,30.092728997260565,0.9032439993461594
600,20.764019998750882,2.1003239999117795,16.813835998618742,0.869817999046063
601,23.357292000582675,1.0250969971821178,19.219605997932376,1.3737279987253714
602,21.69526600118843,1.245969000592595,18.275619997439208,1.0920229979092255
603,21.411485999124125,2.0396210020408034,17.483578998508165,0.9597079988452606
604,26.7386589985108,9.08267100021476,15.606274999299785,0.898189999134047
605,19.529534001776483,1.0463009966770187,14.773622999200597,0.9472080018895213
606,22.31202699840651,3.055569999560248,17.492060997028602,0.9019850003824104
607,18.8076970007387,1.3863770000170916,15.584294000291266,0.904745000298135
608,34.50013900146587,1.1416529996495228,30.250083000282757,2.121860998158809
609,36.99163199780742,1.0969309987558518,32.50018499966245,1.0925610004051123
610,39.763161999871954,1.0126710003532935,34.47717600283795,1.142672001151368
611,18.808568001986714,1.1350799977662973,15.854201999900397,0.9263369975087699
612,21.46768999955384,2.489382000931073,17.18520799840917,0.8994859999802429
613,29.119651000655722,1.3209130011091474,25.753450998308836,1.0077639999508392
614,19.87653499963926,1.163265002105618,16.78842800174607,1.0188009982812218
615,32.1038319998479,1.9391200003155973,27.137512999615865,0.9077260001504328
616,21.482430998730706,1.1935239999729674,18.059822999930475,1.2918210013594944
617,19.773905001784442,1.8706379996729083,15.644181999959983,1.2845800010836683
618,27.962312997260597,1.9846020004479215,23.79729400126962,0.8932450000429526
619,29.400319002888864,1.2015610009257216,25.903655001457082,0.9413749976374675
620,19.709052998223342,1.8704529975366313,15.657220003049588,1.2636360006581526
621,18.466677000105847,1.2931719975313172,15.375328999652993,0.9033370006363839
622,19.93468300133827,2.3929369999677874,15.283995999197941,0.89967100211652
623,18.899974998930702,1.1498019994178321,15.941295001539402,0.9103560005314648
624,19.35103299911134,2.0574170011968818,14.507937001326354,1.3049689987383317
625,18.735567002295284,1.2080980013706721,15.359404002083465,1.2748570006806403
626,19.692311998369405,2.076175998809049,15.716441997938091,1.0530420004215557
627,40.517333000025246,1.1661169992294163,36.721685999509646,1.6840639982547145
628,18.36913900115178,1.1466899995866697,15.385459002573043,0.900467002793448
629,18.46349200059194,1.48915500176372,15.141791001951788,0.878892999025993
630,21.354744996642694,2.7589390010689385,16.50631600205088,1.1648200015770271
631,30.07798900216585,1.147171002230607,26.932622997264843,1.0828749982465524
632,18.160397998144617,1.1222820030525327,15.13940200311481,0.9835970013227779
633,18.841901000996586,1.193430998682743,15.818628002307378,0.9092450018215459
634,20.160776999546215,2.4521039995306637,15.917979999358067,0.892392999958247
635,19.516107000526972,1.2766910003847443,16.38188899960369,0.8968000001914334
636,18.281936001585564,1.141615997767076,15.296736000891542,0.9357640010421164
637,32.759167999756755,1.1515799997141585,29.4081889987865,1.2594320032803807
638,72.67225699979463,1.0850420003407635,69.342130998848,1.1450609999883454
639,32.12229400014621,1.1439499976404477,29.103892000421183,0.9628010011510924
640,18.319472997973207,1.1734500003512949,15.238995001709554,1.0140410013264045
641,18.769214999338146,1.2425610002537724,15.152624000620563,0.9207080001942813
642,23.820868002076168,1.1394130015105475,20.751632000610698,1.0484859994903672
643,27.118309000798035,1.2285990014788695,23.587884999869857,1.0007450000557583
644,20.76422399841249,1.1905050014320295,17.80880300066201,0.8825959994283039
645,20.677446002082434,2.096490999974776,16.624594001768855,0.8867260003171396
646,20.172350999928312,2.516233998903772,15.892239000095287,0.8807260019239038
647,46.20459999932791,1.1988580008619465,43.063566998171154,0.9816339988901746
648,39.29010499996366,1.0138190009456594,35.43077200083644,1.1130240018246695
649,41.95326499757357,1.8238779994135257,37.3061329992197,1.9015270008821972
650,142.46096500210115,2.7960490006080363,137.27375600137748,1.0851530023501255
651,37.22065100009786,2.3922889995446894,32.75516800204059,0.9574119976605289
652,20.90242899794248,1.2310060010349844,17.408060000889236,1.2972090007679071
653,36.31655400022282,1.5225810020638164,32.257666000077734,0.9086530008062255
654,23.040698000841076,1.0768569991341792,19.793331000983017,0.8995969983516261
655,25.012392001372064,1.3304320018505678,21.76621000035084,0.978300999122439
656,19.408181000471814,1.4682110013382044,16.120461998070823,0.899522998224711
657,19.51210699917283,2.8291429989621975,14.757585002371343,0.9991890001401771
658,20.583613000781043,1.152394001110224,16.204498999286443,0.8919849969970528
659,19.927775996620767,2.3733990019536577,15.758052999444772,0.8805409997876268
660,19.273421003163094,1.3270060007926077,15.817090999917127,0.8915780017559882
661,19.413199999689823,2.4028810003073886,14.568937000149162,1.5497660024266224
662,34.58289799891645,2.2018620002199896,30.11245200104895,0.9364109973830637
663,21.71628400174086,1.1715050022758078,18.71736300017801,0.9003000013763085
664,18.33656499729841,1.1644309997791424,15.328551002312452,0.907374000234995
665,19.22045800165506,1.8816939991666004,15.0413280025532,1.1520789994392544
666,29.48837499934598,1.1195789993507788,26.52671400210238,0.9750780009198934
667,18.703475001530023,1.1548939983185846,15.72486800068873,0.9066890015674289
668,21.011798999097664,1.8818789976648986,16.94315200074925,1.2163950013928115
669,30.775825998716755,1.105117000406608,27.863885999977356,0.8599669999966864
670,21.00979900205857,1.2569310019898694,17.429042000003392,1.4962659988668747
671,25.069576997339027,1.8603790013003163,20.851484001468634,1.449691000743769
672,53.683579000789905,1.7173599990201183,50.17465499986429,0.8822449999570381
673,18.78190000206814,1.2069130025338382,15.606590000970755,1.032485997711774
674,18.210176000138745,1.1591160000534728,15.08593900143751,1.0189120002905838
675,18.731917996774428,1.1950789994443767,15.305940003599972,0.990004999039229
676,26.667215002817102,2.3848249984439462,22.426565999921877,0.9655789981479757
677,37.15152099903207,1.1094129986304324,33.91282099983073,1.227247001224896
678,20.00897999823792,1.985619997867616,16.124425001180498,0.993022997135995
679,50.556305002828594,1.0239309995085932,46.358580999367405,1.2805980004486628
680,21.420355998998275,1.9568799980334006,17.619728998397477,0.9162819987977855
681,28.57220499936375,1.135431000875542,25.58694999970612,0.9535409990348853
682,62.57269200068549,1.9020459985767957,58.452489000046626,1.2772469999617897
683,19.087568998656934,1.158578998001758,14.804845999606187,1.2023759991279803
684,19.449996001640102,1.9270269986009225,15.699979001510656,0.9400410017406102
685,21.94650800083764,1.0343940011807717,15.770332000101916,1.0284300005878322
686,32.10916399984853,2.8120500028308015,27.40736499981722,0.9003560007840861
687,20.688409997092094,1.1062830017181113,17.103874000895303,0.8935410005506128
688,19.915461001801305,2.3636219993932173,15.246458002366126,1.3950440006738063
689,21.443653000460472,1.0690609997254796,17.219893998117186,1.4861550007481128
690,23.189660998468753,1.4413399985642172,18.79688200278906,0.8957630016084295
691,20.48601999922539,1.1662460019579157,17.353392999211792,0.9934670015354641
692,19.9460910007474,2.639270998770371,15.469275000214111,0.9108559970627539
693,20.4872409995005,1.071411999873817,17.52407999811112,0.9245040018868167
694,20.53853799952776,2.5961229985114187,16.096092000225326,0.9098379996430594
695,32.852724001713796,1.9044530017708894,29.03031700043357,0.9394859989697579
696,21.48958000179846,1.8794710013025906,17.778284000087297,0.9777089981071185
697,21.26200399652589,1.1698939997586422,18.023508000624133,0.9818379985517822
698,29.172503000154393,1.0701720020733774,26.291472000593785,0.9345969992864411
699,38.197452002350474,1.0874309991777409,32.532278000871884,1.4631729973189067
700,19.446848000370665,1.3506169998436235,15.763701998366741,0.9165970004687551
701,19.663496997964103,1.2215979986649472,16.35442599945236,0.8983189982245676
702,19.623905001935782,1.142874996730825,16.338482000719523,1.1222639986954164
703,20.493149000685662,1.2409510018187575,17.455838002206292,0.9088560000236612
704,33.26511399791343,1.3333940005395561,29.777895000734134,0.9911339984682854
705,33.75398700154619,2.380474001256516,29.0577800005849,1.348690999293467
706,20.198795999021968,1.2660790016525425,17.192875002365327,0.8795959984126966
707,18.388602999038994,1.2423580010363366,15.238495001540286,0.9366150006826501
708,19.096734999038745,1.2334689999988768,16.082072997960495,0.8889110031304881
709,19.006698003067868,1.2313209990679752,15.781072001118446,0.8906520015443675
710,19.37843999985489,1.1520430016389582,16.454814998724032,0.9090780004044063
711,18.906029999925522,1.2552830012282357,15.613329996995162,1.0961709995171987
712,18.617178000567947,1.084338000509888,15.757367997139227,0.9145600015472155
713,19.237068998336326,1.5926739979477134,15.679238000302576,0.9618189978937153
714,24.221870000474155,1.131578999775229,20.708169002318755,0.882095999259036
715,23.504365999542642,1.427283998054918,19.660348996694665,1.0268010009895079
716,21.022892000473803,1.5632849972462282,17.056447999493685,1.378394998027943
717,18.173545999161433,1.2279129987291526,15.134661000047345,0.9065230005944613
718,23.44247699875268,2.3471040003641974,19.357124998350628,0.8798000017122831
719,21.79315500325174,1.4033030020073056,18.112156001734547,1.1560980019567069
720,19.083679999312153,1.136376002250472,16.155851997609716,0.9100589995796327
721,19.18071699765278,1.3306360015121754,15.97705500171287,0.879540999449091
722,19.738312003028113,2.2398069995688275,15.708868002548115,0.9127639968937729
723,24.085720997391036,1.139246000093408,20.761058000061894,1.1480049979581963
724,23.11408700188622,1.4828769999439828,18.86025299972971,1.3768579992756713
725,20.69655699961004,1.460488001612248,16.689445998053998,1.0703939988161437
726,25.447004998568445,2.2596769995288923,21.22331899954588,1.0572450009931345
727,19.946553999034222,1.1609869980020449,16.778558001533384,1.1129489976156037
728,26.726770000095712,2.544289996876614,22.232693998375908,1.063097999576712
729,20.182259002467617,2.207343000918627,16.01605500036385,0.9683749995019753
730,27.994478998152772,2.7510120016813744,23.035383001115406,1.349838999885833
731,19.892758002242772,1.591804000781849,14.330601999972714,1.3212659978307784
732,28.503277997515397,1.2096530008420814,24.767778999375878,1.40759900023113
733,22.412417001760332,2.1826029988005757,17.90273000005982,1.3498949992936105
734,21.67156200084719,1.818600001570303,17.04218899976695,1.5029889982542954
735,27.195678998396033,2.348843998333905,22.163323003042024,1.2569690006785095
736,19.288199000584427,1.8110450000676792,14.981661002821056,1.5235629980452359
737,19.034345998079516,1.8649900011951104,15.099809999810532,1.173061002191389
738,26.69262200288358,2.8176239975437056,21.708784999646014,0.8994300005724654
739,82.45745000021998,3.393830000277376,77.25016699987464,0.8696529985172674
740,66.53319199904217,1.7308040005445946,60.896888997376664,1.1651530003291555
741,20.30981499774498,2.1774729975732043,15.55333100259304,1.4710249997733627
742,20.85605800311896,2.4486410002282355,15.875331999268383,1.1600789985095616
743,23.792830997990677,2.289658001245698,19.29084799849079,1.293209999857936
744,36.91127899946878,1.7560819978825748,31.518013998720562,1.2256170011823997
745,58.115784002438886,2.2124729985080194,53.953468002873706,0.9192079996864777
746,42.52739699950325,1.0433200004626997,39.735884998663096,0.8818930000416003
747,33.85019199777162,2.5124739986495115,29.325318999326555,0.9717259999888483
748,18.990697000845103,1.1753750004572794,15.987462000339292,0.8866900025168434
749,19.07073500115075,1.1525240006449167,16.02788799937116,0.9686149969638791
750,18.435491998388898,1.2405799971020315,15.377921998151578,0.9134860010817647
751,21.141837001778185,1.1727089986379724,16.606723998847883,1.150227999460185
752,37.412077999761095,1.4303030002338346,33.835190999525366,1.119226999435341
753,21.29896699989331,1.3863579988537822,17.90769299987005,1.0233940010948572
754,21.245560001261765,1.0998379984812345,16.54751999740256,1.3070429995423183
755,19.91216499664006,1.1044120001315605,16.627558001346188,1.2478579992603045
756,19.422237000981113,1.1731529993994627,16.27411100344034,0.9286710010201205
757,19.973832000687253,1.1665979982353747,14.979845997004304,1.06622699968284
758,18.258341999171535,1.5856559984968044,14.513232999888714,1.258895001228666
759,20.743724002386443,1.102301997889299,17.873933000373654,0.8832079984131269
760,20.153407000179868,1.166393998573767,16.964410002401564,0.8850970007188153
761,33.096187999035465,1.0730229987530038,29.943099998490652,0.9177079991786741
762,21.348337999370415,1.1475789979158435,18.409768999845255,0.8864860028552357
763,32.52498200163245,1.0613929989631288,29.67270999943139,0.875003999681212
764,22.734899997885805,1.142598001024453,19.6276829992712,1.0688750007830095
765,18.672844002139755,1.1482279987831134,15.626718999556033,0.9484859983786009
766,19.52879300006316,1.1461350004537962,16.1454440021771,1.2951170028827619
767,20.477648999076337,1.0652089986251667,17.46181999988039,1.0420789985801093
768,19.399328997678822,1.1209869990125299,16.388964002544526,0.9908930005622096
769,18.01387800151133,1.1701350013026968,14.730011000210652,1.04624500090722
770,23.943553998833522,1.2870800019300077,20.828984001127537,0.9593190006853547
771,25.30452300197794,1.9097489966952708,19.07027199922595,1.0688010006560944
772,39.340846000413876,1.9563800015021116,35.52347699951497,0.9652640001149848
773,18.864344998291926,1.159912000730401,15.72518299872172,0.9620410019124392
774,18.782030001602834,1.2731360002362635,15.648052998585626,0.9204669986502267
775,83.40626899735071,1.0639680003805552,80.56284800113644,0.8547639990865719
776,20.60546400025487,1.1697269983415026,17.666247997112805,0.892004001798341
777,35.685089002072345,1.8234710005344823,31.907496999338036,0.8905040012905374
778,22.339582999848062,2.2997519990894943,17.891415001940913,1.2352279991318937
779,39.692866997938836,1.0910790006164461,36.74811199743999,0.9587079985067248
780,19.524144001479726,1.1368939995008986,16.557222999836085,0.9409670019522309
781,31.20351300094626,1.0226149970549159,27.468088999739848,0.9781529988686088
782,19.035105000511976,1.1537829996086657,16.05142499829526,0.8970230010163505
783,20.51050099908025,1.1179119974258356,16.826411003421526,1.5615999982401263
784,21.19028200104367,1.2772279987984803,18.059785998048028,0.9448570017411839
785,19.157660997734638,2.2812880015408155,14.711325999087421,1.2554509994515684
786,27.83236799950828,1.3174499981687404,23.445718001312343,2.0036579990119208
787,34.580472001835005,1.5188040015345905,30.529250001563923,0.9077270005946048
788,19.779997997829923,1.1408009995648172,16.835892001836328,0.8963000000221655
789,20.275240000046324,1.031487001455389,15.704163997725118,0.9835780001594685
790,18.90377200106741,1.1613759997999296,15.68525699985912,1.1704499993356876
791,30.790770000749035,1.059023998095654,27.961627001786837,0.8836890010570642
792,21.10637399891857,1.2262829986866564,17.75765500133275,1.0479129996383563
793,18.641196002135985,1.3400429998000618,15.435959998285398,0.9127449993684422
794,23.616903999936767,1.2583390016516205,20.47866700013401,0.885836998349987
795,23.284790997422533,3.675034997286275,17.761044000508264,0.8778560004429892
796,34.52473200013628,1.361042999633355,31.00527000060538,1.1202829991816543
797,38.008450999768684,2.021491000050446,34.14874800000689,0.9565969994582701
798,18.74978900013957,1.4338030014187098,15.541718999884324,0.889114999154117
799,18.527620999520877,1.1380049982108176,15.509867000218946,0.9424480012967251
800,18.40423199973884,1.5751549981359858,14.841494001302635,1.0699119993660133
801,19.111995003186166,1.9497130015224684,15.317291999963345,0.8869299999787472
802,18.88004899956286,1.586007001606049,15.40327400289243,0.9579489997122437
803,18.617769997945288,1.1784320013248362,15.607625999109587,0.9243009990314022
804,23.336420999839902,1.2223569974594284,19.776701999944635,1.33352399643627
805,21.560469001997262,1.0975229997711722,18.500418002076913,1.0837090012500994
806,21.79645099749905,1.2084310001228005,18.74780799698783,0.9628010011510924
807,20.660761001636274,1.128912001149729,17.631896000239067,0.9915049995470326
808,35.643606999656186,1.9872310003847815,31.937015999574214,0.8645409980090335
809,28.539797000121325,1.2037460001010913,25.128984998445958,0.8922269989852794
810,22.970808000536636,1.253820999409072,19.31029100160231,1.3984329998493195
811,75.75580800039461,1.697692998277489,71.59469699763577,1.1313750001136214
812,25.01463299995521,2.327177000552183,20.68252100070822,0.9232439988409169
813,116.85923600089154,1.152894001279492,113.5428880006657,0.9898369971779175
814,19.30192199870362,2.0708060001197737,15.267087997926865,0.9033189999172464
815,18.444047000230057,1.2087649993191008,15.21240199872409,0.8829849975882098
816,43.21197500030394,1.358413999696495,39.77438499714481,1.1654679983621463
817,21.97924799838802,1.3037099997745827,16.778744000475854,0.9445040013815742
818,19.285272999695735,1.3511350007320289,16.164740001840983,0.8891520010365639
819,19.84227600041777,1.0764120015664957,16.97450299980119,0.8901159999368247
820,20.06868399985251,1.9028979986615013,16.30983400173136,0.8716339980310295
821,20.164703000773443,0.9777449995453935,16.56214899776387,0.8764849990257062
822,19.552237001335016,1.2678210005105939,16.428853003162658,0.9562449995428324
823,19.480255999951623,1.0975789991789497,16.536482999072177,0.9663009986979887
824,18.832510999345686,1.2843209988204762,15.714052999101114,0.9115600005316082
825,30.14786000130698,0.9973380001611076,26.543362000666093,0.9349120009574108
826,21.335059998818906,1.23933899885742,18.298860999493627,0.9215230020345189
827,20.720168999105226,1.2572279993037228,17.282393997447798,0.8945970002969261
828,19.82942299946444,2.2435099999711383,15.584052998747211,1.0459490003995597
829,18.30882500144071,1.2584689975483343,15.113457000552444,1.002319000690477
830,18.850159998692106,1.2317639993852936,15.51714500237722,1.127726998674916
831,30.260527000791626,2.568548999988707,25.528283000312513,1.2805609985662159
832,20.46525900004781,1.9134899994242005,15.854850000323495,1.4659879998362157
833,20.54590899933828,1.8998240011569578,15.927517000818625,1.7629889989621006
834,34.82623300078558,3.0342359968926758,29.39154200066696,1.4140249986667186
835,21.623283999360865,2.3763070021232124,16.809447002742672,1.5377839990833309
836,19.21980900078779,1.957971999217989,15.217309999570716,1.1712459963746369
837,19.814479997876333,1.9855460013786796,15.928239001368638,0.9334110000054352
838,42.824121002922766,2.1992319998389576,38.7483809972764,0.9108369995374233
839,20.385203999467194,1.1253379998379387,17.465690998506034,0.8954299992183223
840,121.4069979978376,2.009361000091303,117.03392199706286,1.3900989979447331
841,71.94321700080764,1.869083000201499,67.8511799997068,1.310747000388801
842,22.340137998980936,3.1326629978138953,17.16815200052224,1.1855789998662658
843,24.22007400309667,1.8738040016614832,19.433533001574688,0.9103000011236873
844,59.22867699700873,1.1609489993134048,55.03556600160664,2.1297130006132647
845,20.938836001732852,2.037046000623377,16.193666000617668,1.5695250003773253
846,21.140355998795712,2.2349540013237856,16.915299001993844,1.0265419987263158
847,21.082152001326904,1.145227000961313,17.842099998233607,1.1738569992303383
848,21.02313299837988,1.115671002480667,18.09936000063317,0.9381160016346257
849,17.8649139998015,1.2004320014966652,14.752270999451866,0.9147260025201831
850,18.740401003014995,1.214321000588825,15.28910600245581,0.94550400172011
851,19.329383998410776,1.2340059984126128,16.25849999982165,0.9013179987960029
852,19.059661000937922,1.1741909984266385,16.12157300041872,0.8653549994050991
853,101.47066599893151,1.1507279996294528,98.50976400048239,0.8529670012649149
854,20.257758998923237,1.3095060021441896,16.76440899973386,1.0263199983455706
855,20.35077800246654,1.1114860026282258,17.41174600101658,0.9137630004261155
856,20.182795997243375,1.93017499987036,16.050443999120034,1.2163210012658965
857,19.449496001470834,1.0863199968298431,16.51883500016993,0.9050039989233483
858,29.883320999942953,1.204209002025891,26.83330699801445,0.9173739999823738
859,66.48234000022057,1.0832090010808315,63.39662300160853,1.090320001821965
860,20.279055999708362,1.9445460020506289,16.079387998615857,1.284932000999106
861,35.55538400178193,1.23776500186068,32.43235099944286,0.8856160020513926
862,19.056512999668485,1.2347650008450728,15.846962000068743,0.9695780026959255
863,19.698866999533493,1.1187460004293825,17.110669999965467,0.5668720004905481
864,19.00619799926062,2.4651400017319247,14.928254000551533,0.7206699992821086
865,30.365082999196602,1.8867669969040435,27.010419998987345,0.5737619976571295
866,18.70865900127683,1.4071920013520867,15.804979000677122,0.5567989974224474
867,27.53512599883834,1.2100050007575192,24.794483000732725,0.6361510022543371
868,32.59807400172576,1.935545999003807,28.72168600151781,1.0121159975824412
869,19.09338399855187,1.5129509993130341,15.035456999612506,1.5470260004804004
870,19.939350000640843,1.1045790015487,15.363569997134618,1.0603390001051594
871,20.308017999923322,3.0614960014645476,15.41984799769125,0.7098179994500242
872,19.56016400072258,1.5991559994290583,16.398445000959327,0.6451700028264895
873,20.58098199995584,1.9556199986254796,17.070152000087546,0.6158920004963875
874,93.86620599980233,1.215653999679489,91.125489998376,0.5773919983766973
875,21.064799999294337,1.0661339983926155,18.470121001882944,0.6483919969468843
876,107.8632140015543,2.5103820007643662,103.37711900137947,1.0855789987544995
877,24.744020000071032,1.5359150020231027,19.683774997247383,1.0703379994083662
878,35.94992299986188,2.5524369993945584,31.421569001395255,1.0489859996596351
879,21.919914997852175,2.4806410001474433,17.51328400132479,0.9865600004559383
880,18.880882002122235,1.271856999665033,15.36632900024415,1.2462470003811177
881,19.651422997412737,2.5459740027145017,15.10743900144007,1.0138190009456594
882,28.842908999649808,2.6590490015223622,24.01873900089413,1.2767459993483499
883,19.8925720033003,2.0692130019597244,15.659422999306116,0.9324670027126558
884,48.97068699938245,1.2116719990444835,45.851152997784084,0.9365969999635126
885,21.02357699914137,1.9932130016968586,16.694742000254337,1.24089500241098
886,33.21661399968434,1.1430060003476683,30.05680400019628,1.0316709995095152
887,47.02226999870618,1.2194869996164925,43.91157099962584,0.9971530016628094
888,18.709511001361534,1.165283003501827,15.680478998547187,0.9370969964948017
889,18.671030000405153,1.0262819996569306,15.284902998246253,0.9162269998341799
890,20.048684000357753,1.1071530025219545,17.103652000514558,0.8771709981374443
891,20.46187099767849,1.6124149988172576,16.934669998590834,1.0132079987670295
892,18.941586000437383,1.7377860021952074,15.300014001695672,1.0284679992764723
893,18.880642001022352,1.1165049982082564,15.814608999789925,0.9962639996956568
894,23.046493999572704,1.1376900001778267,19.990201999462442,1.0229680010525044
895,70.0999309992767,1.176837999082636,66.93108200124698,1.0131890012416989
896,17.808747001254233,1.3082469995424617,14.521528999466682,1.0679490005713888
897,19.34227400124655,1.851008000812726,15.615866999723949,0.8923010027501732
898,20.241369998984737,1.1434500011091586,17.264245998376282,0.9639859999879263
899,18.649436999112368,1.2578579990076832,15.547218998108292,0.899522998224711
900,19.799145000433782,1.1470060017018113,16.660817000229144,1.1077640010626055
901,18.43558399923495,1.5243400011968333,15.02230899859569,0.9624300000723451
902,19.37392200125032,1.2740429992845748,16.25405599770602,0.9523929984425195
903,20.44592699894565,1.9278979998489376,16.262519002339104,1.200523998704739
904,25.374651999300113,1.1635430018941406,22.28315700267558,0.9560970029269811
905,20.855040002061287,1.4919509994797409,17.511653997644316,0.8960040031524841
906,21.059947997855488,1.7588230002729688,17.354652998619713,0.897115001862403
907,32.275091001793044,2.4584739985584747,27.936720001889626,0.9329669992439449
908,19.120810000458732,1.2976729994989,16.041721999499714,0.8891709985618945
909,19.764516000577714,2.2096770007919986,15.706516001955606,0.8906889997888356
910,19.584903999202652,2.1367690023907926,15.669201002310729,0.9205970018228982
911,18.41826899908483,1.2562090014398564,15.165903001616243,1.0456160016474314
912,19.261884001025464,1.7341929997201078,15.681164000852732,0.9454489991185255
913,28.518185998109402,1.5839330008020625,24.665278997417772,1.2781540026480798
914,39.98610800044844,2.073306000966113,36.006053000164684,0.8431520000158343
915,31.132586002058815,2.8978830014239065,26.486398000997724,0.8821890005492605
916,19.527533997461433,2.0603609991667327,15.260661999491276,1.2742830003844574
917,19.54418100285693,1.2765430001309142,15.696460999606643,1.6646739968564361
918,21.185818997764727,3.664739000669215,15.633774997695582,0.9000970021588728
919,61.41809499968076,2.205621000030078,57.32705800255644,0.9738930020830594
920,48.595072999887634,2.38230800096062,44.031330002326285,1.2683019995165523
921,31.24369800207205,1.2180420017102733,27.885256000445224,1.1043390004488174
922,19.015365000086604,1.0429489993839525,14.748530000360915,0.946115000260761
923,24.933871998655377,2.2106030010036193,20.87105800092104,0.9380600022268482
924,89.6974829993269,1.8636940003489144,85.6969089982158,1.2398940016282722
925,32.19981400252436,2.168287999666063,28.040387001965428,0.891632997081615
926,55.66438299865695,2.7415490003477316,50.54045199722168,1.1713940002664458
927,23.837572000047658,3.7185910005064216,17.52683900122065,1.6862480006238911
928,52.01745899830712,1.9081020000157878,47.764792001544265,1.447711001674179
929,20.090609999897424,1.883118999103317,15.665867998905014,1.5414890003739856
930,20.10737000091467,2.3509179991378915,15.325903001212282,1.5527480027230922
931,27.596329000516562,2.2563439997611567,22.26869500009343,2.1814179999637417
932,61.070093001035275,2.632400999573292,56.290552998689236,1.1176529988006223
933,43.89064499991946,1.0952270022244193,40.79285300031188,1.1182460002601147
934,26.856529999349732,1.242579997779103,23.807867997675203,0.910004000616027
935,75.67103000110365,1.3630989997182041,72.29975600057514,1.1190050026925746
936,91.6330839972943,1.5653219998057466,86.79906299948925,0.8998749981401488
937,45.68248600116931,1.1427079989516642,42.75482500088401,0.892541000212077
938,20.95385500069824,1.2670989999605808,17.907081000885228,0.8889109994925093
939,21.234947998891585,1.819563996832585,16.93678099763929,1.200709000841016
940,19.887906000803923,1.8595820001792163,15.941257999656955,1.2139690006733872
941,20.058461999724386,1.9777679990511388,15.393532998132287,1.715841000986984
942,33.70867199919303,1.9918979996873531,27.449421999335755,1.2982100015506148
943,22.52414000031422,1.8498969984648284,18.641529000888113,1.1261910003668163
944,25.194928999553667,3.3238300020457245,19.371346999832895,1.0497269977349788
945,18.19575000263285,1.2683770000876393,14.681325999845285,1.0972829986712895
946,19.05890099806129,1.1820979998447,16.07638800123823,0.9006709988170769
947,20.365203999972437,2.9578289977507666,15.558570998109644,0.9159479996014852
948,24.143721999280388,1.0569680016487837,19.718663999810815,1.5073399990797043
949,35.960126002464676,2.201621999120107,31.452661998628173,1.3535430007323157
950,23.23649499885505,2.146287999494234,18.37021300161723,1.637637000385439
951,23.29736599858734,3.805999000178417,16.788057997473516,1.7896380013553426
952,22.36689799974556,2.5629190022300463,17.673191003268585,1.2688580027315766
953,24.106775999825913,2.131843000825029,19.717294002475683,1.2273020001885016
954,25.84784000282525,1.1443390030763112,22.96182600184693,0.8788000013737474
955,20.463167998968856,2.125620998413069,16.377074000047287,1.0620419998303987
956,28.773594000085723,1.3675429981958587,25.62722799848416,0.8851149977999739
957,18.748511000012513,1.5181929993559606,15.341589001764078,0.9043559985002503
958,35.06028999981936,1.2094309968233574,32.02118300032453,0.9040779987117276
959,32.39185100028408,2.1416950003185775,28.442778002499836,0.9002269980555866
960,20.633760999771766,1.5668410014768597,17.24144900072133,0.9144850009761285
961,20.090461999643594,1.3484139999491163,16.76507599768229,0.8715410003787838
962,31.15421600159607,1.2523940022219904,28.061905002687126,0.9323190024588257
963,81.74879799844348,1.0774499969556928,78.82034100111923,0.9470229997532442
964,19.20003199847997,1.2222459990880452,15.63958999759052,1.338894999207696
965,20.814243001950672,1.113467998948181,16.5922230007709,1.2167650020273868
966,31.15797599821235,1.5016550023574382,27.23562400205992,1.3848950002284255
967,22.671251001156634,1.9688240026880521,17.868265997094568,1.0524680001253728
968,32.26333199927467,1.8035629982477985,25.39622699987376,1.7175819994008634
969,21.481523999682395,2.0032869979331736,14.915586001734482,1.8990640019183047
970,18.7613260022772,1.9960470017394982,14.919993998773862,0.9162079986708704
971,20.39570399938384,2.663790000951849,15.129976000025636,0.9537639998598024
972,18.94619800077635,1.8272859997523483,15.306680998037336,0.9270220034522936
973,20.70355699834181,2.389826000580797,16.529297001397936,0.9029489992826711
974,22.831530000985367,2.491899998858571,18.327010002394672,1.1183569986314978
975,19.52940399860381,1.4853399989078753,15.558682000119006,1.3307840017660055
976,21.342744999856222,2.8759579981851857,15.993480003089644,1.1202829991816543
977,21.896230002312222,1.894823999464279,18.09595300073852,0.9543369997118134
978,21.31552299761097,2.533047998440452,16.91587399909622,0.9624670019547921
979,19.44364399969345,1.459192000766052,16.06625899876235,0.9798199971555732
980,23.484052002459066,2.990253997268155,18.440953997924225,1.1712090017681476
981,20.439944997633575,1.03457899967907,17.526023999380413,0.9408940022694878
982,30.328508000820875,2.259196000522934,25.8618949992524,1.302395001403056
983,29.485967999789864,2.2264910003286786,25.060725001821993,1.065802000084659
984,58.36261800141074,2.2695840016240254,54.29459899823996,0.8962079991761129
985,20.670371999585768,2.7515500005392823,16.12579499851563,0.868484999955399
986,19.662367001728853,1.2320429996179882,16.62922400282696,0.915651999093825
987,18.707621999055846,1.2633759979507886,15.37714499863796,1.0747829983301926
988,17.84689700070885,1.1233939985686447,14.731233000929933,1.0550789993430953
989,19.792459999735,1.0251709973090328,16.920725000090897,0.8998369994515087
990,19.29627299978165,1.2012460028927308,16.26244399813004,0.9015959985845257
991,18.814122999174288,1.6908590005186852,15.246365997882094,0.8750970009714365
992,21.84243300143862,1.8399719992885366,18.187453999416903,0.9018560012918897
993,31.60940299858339,4.189870996924583,23.256235999724595,2.5635670026531443
994,19.917516998248175,1.9278600011602975,14.667308001662605,2.207788002124289
995,27.647756000078516,2.028008999332087,22.9302160005318,1.2500610027927905
996,30.394027002330404,2.094584000587929,26.210731000901433,1.2132089977967553
997,25.46530099789379,1.9433060006122105,21.727783998358063,0.8912640005291905
998,19.670164001581725,1.3932280016888399,16.48872399891843,0.892578002094524
999,19.291810000140686,1.1467650001577567,16.258944000583142,0.9787640010472387
1000,31.20506800041767,1.160746000095969,28.01759100111667,1.1114310000266414
1001,23.676996999711264,2.046620000328403,19.033993998164078,1.6050820013333578
1002,33.116595001047244,4.756799000460887,25.91711800050689,0.985466998827178
1003,25.062484997761203,1.5277659986168146,20.85840899962932,1.6053220024332404
1004,25.2356150012929,2.7092900018033106,20.617944999685278,1.028282000334002
1005,49.918190998141654,1.8112299985659774,45.92076500193798,1.169671999377897
1006,32.04414600259042,1.8765269996947609,27.968070997303585,1.2863570009358227
1007,21.16424399719108,1.5296739984478336,17.848080999101512,0.8985219974420033
1008,46.17682200114359,1.8834709990187548,41.98817300130031,1.4259140007197857
1009,23.919775001559174,3.234403000533348,18.04304500183207,1.7192109989991877
1010,34.757695997541305,2.489345002686605,29.90128400051617,1.3564869987021666
1011,21.909285002038814,1.1486350013001356,18.669400000362657,1.1408749996917322
1012,23.410792000504443,1.1483390007924754,20.233629002177622,1.1471899997559376
1013,21.18605899886461,3.8147209997987375,15.534719001152553,0.9569860012561549
1014,21.80393299931893,2.3159919983299915,17.195708001963794,1.413284000591375
1015,19.75742300055572,1.2004130003333557,16.687799001374515,0.8842450006341096
1016,35.28956900117919,1.920563998282887,30.90238200093154,1.5468769997823983
1017,25.16448499955004,1.4624879986513406,21.38193100108765,0.9589670007699169
1018,21.896673999435734,1.5895450014795642,18.504731997381896,0.8828930003801361
1019,20.207129000482382,1.3484499977494124,17.04842999970424,0.8771709981374443
1020,20.117776999541093,1.0738009987107944,17.282078999414807,0.8889300006558187
1021,19.25743899846566,1.261375997273717,15.96612900175387,1.0815420027938671
1022,19.463070002530003,1.1305049993097782,16.478631001518806,0.9258189966203645
1023,18.542454999987967,1.1210230004508048,15.47007100089104,0.9972820007533301
1024,20.72772399696987,1.067023000359768,17.78165500218165,0.9425040007045027
1025,26.781900000059977,1.1874869996972848,23.25929200014798,1.117968000471592
1026,24.22818500053836,2.397788000962464,19.347643003129633,1.4523770005325787
1027,21.714951002650196,2.385862997471122,16.25866600079462,1.6699519983376376
1028,24.333481000212487,1.1174859973834828,21.16300399939064,1.1421529998187907
1029,47.34206699868082,2.166695001506014,43.237549001787556,0.9975050015782472
1030,18.454973000189057,1.0946350012090988,15.414051998959621,1.0117090023413766
1031,18.059637997794198,1.1652649991447106,14.997178997873561,0.9499119987594895
1032,19.893628003046615,1.7948599997907877,16.149758997926256,1.0112830022990238
1033,22.892400997079676,1.819174998672679,17.234412000107113,0.956189996941248
1034,20.073535000847187,1.2771360015904065,16.75507699837908,1.0458009965077508
1035,39.19199400115758,2.678049000678584,34.277915001439396,1.176116998976795
1036,20.998595999117242,2.493697000318207,15.677256997150835,1.2223949997860473
1037,31.571883999276906,1.767211997503182,27.918478997889906,0.9471890007262118
1038,20.843428999796743,2.555918999860296,16.435464000096545,0.9449309982301202
1039,19.667774002300575,2.1888239971303847,15.610644997650525,0.8940600018831901
1040,28.684556997177424,1.077968001482077,25.659783997980412,1.025042001856491
1041,19.04427200133796,1.292524000746198,15.834016998269362,0.9792450000531971
1042,18.741845000477042,1.1211720011488069,15.745756998512661,0.943410999752814
1043,22.149082000396447,1.1559500017028768,18.306027999642538,1.7502849987067748
1044,23.15338300104486,1.47824800296803,19.588458999351133,1.0415239994472358
1045,28.631704997678753,2.314326000487199,24.2520739993779,1.097876000130782
1046,18.00174900199636,1.1389680003048852,14.696529997308971,1.2318019980739336
1047,18.23065699863946,1.1360050011717249,15.175976001046365,0.9849119996943045
1048,24.215443998400588,1.9630830029200297,20.294629997806624,1.0955970028589945
1049,19.07929000299191,2.055195000139065,15.208143999188906,0.9038009993673768
1050,26.412194998556515,1.481192000937881,22.820288999355398,1.1281900005997159
1051,37.981747002049815,1.5552479999314528,34.30419300275389,0.9804490000533406
1052,32.27409099781653,1.1992280014965218,29.19392900003004,1.0118749996763654
1053,22.72810399881564,1.2551910003821831,19.60316299664555,0.9354300018458162
1054,39.830552002968034,1.8602860000100918,35.33756900287699,0.9162809983536135
1055,20.400759000040125,1.2696730009338353,17.2381709999172,0.9558560013829265
1056,21.393912997154985,1.1705979995895177,18.28073200158542,0.9332269983133301
1057,20.848502001172164,1.0094300014316104,16.58072400095989,1.547730000311276
1058,20.483427000726806,1.282579996768618,16.984873996989336,0.8819670001685154
1059,50.66723100026138,3.415515999222407,45.363039997027954,0.9309859997301828
1060,22.790529998019338,1.201654002215946,19.770775001234142,0.9187450013996568
1061,18.7182700028643,1.078004999726545,15.725126999313943,0.8849669975461438
1062,81.22151799761923,2.2916769994481,77.14248100091936,0.8988010013126768
1063,20.920261998981005,1.0968200003844686,17.965803999686614,0.9305050007242244
1064,19.36007000040263,1.4160060018184595,15.910701997199794,1.008152998110745
1065,20.47163000315777,1.9847500007017516,16.62657599808881,0.929226000152994
1066,19.65010799904121,2.0784350017493125,15.497904001676943,1.128412000980461
1067,54.7807319999265,1.0589680023258552,51.62408700198284,1.195024000480771
1068,20.266221999918343,2.468975002557272,15.44073699915316,1.342857998679392
1069,53.178742000454804,2.106676001858432,48.927555999398464,1.051505001669284
1070,19.842052999592852,2.269343000079971,15.62301499870955,1.0432829985802528
1071,61.041740998916794,1.2158210010966286,56.73966600079439,2.0447310016606934
1072,20.44874200146296,1.3575250013673212,17.15085600153543,0.95892999888747
1073,29.106539997883374,1.3371910026762635,25.83648799918592,0.9952270011126529
1074,19.111865000013495,2.003268997214036,15.039476002129959,1.1670610001601744
1075,20.213592000800418,1.0331340017728508,15.596737997839227,0.8952079988375772
1076,20.3059259984002,2.434159003314562,16.068499000539305,0.8800780015008058
1077,18.34850900195306,1.1951910018979106,15.223940001305891,0.953856000705855
1078,19.33029200154124,2.3888440009613987,15.100624001206597,0.8975230011856183
1079,21.241485999780707,1.3496909996320028,17.93143399845576,1.0389300005044788
1080,20.752909000293585,1.3856549994670786,17.500136000307975,1.003115001367405
1081,34.620620997884544,1.377247001073556,30.766288000450004,1.438376999431057
1082,25.049429001228418,2.9184019986132625,20.34051899681799,0.9035959992615972
1083,48.1387010004255,1.8610090010042768,44.418573001166806,0.8826519988360815
1084,20.203165997372707,1.1596169970289338,17.275763999350602,0.8727640015422367
1085,18.97264200306381,1.0675780031306203,15.242403002048377,1.0175600000366103
1086,19.323494998388924,1.1907829975825734,16.256276998319663,0.9893009992083535
1087,20.55790899976273,1.1115419983980246,17.586654001206625,0.9267629975511227
1088,19.501606999256182,1.117357001930941,16.52146400010679,0.9855970019998495
1089,67.8665870000259,1.317803002166329,62.7635079981701,0.9450780016777571
1090,18.438732000504388,1.1796719991252758,15.295291999791516,1.035227000102168
1091,21.617062000586884,1.115190996642923,18.069619000016246,1.4081170011195354
1092,26.89958499831846,2.5216600006388035,22.068342001148267,0.9100049974222202
1093,30.248675000621006,1.5615619995514862,26.55008400324732,0.8682260013301857
1094,21.064189000753686,2.5453260022914037,16.464463999000145,1.1757829997804947
1095,20.23462899887818,1.430450996849686,16.85268800065387,1.0495780006749555
1096,31.56962499997462,1.8918599998869468,27.053568002884276,1.7245080016436987
1097,22.328473001834936,1.860545999079477,16.52487100000144,1.6909330006456003
1098,29.272947998833843,3.309237003122689,23.575922001327854,1.4924700008123182
1099,27.369013001589337,1.8416380007693078,23.45871800207533,1.1709130012604874
1100,20.467407997784903,2.0014910005556885,14.243269000871805,1.2970430034329183
1101,22.462788001575973,1.908211997942999,18.715029997110832,0.9355219990538899
1102,35.356828000658425,1.2920799999847077,31.364735998067772,1.7650090012466535
1103,21.52633899822831,1.6444889988633804,17.18628199887462,1.517413998953998
1104,36.24498000135645,2.1947319983155467,32.18038799968781,0.975134000327671
1105,26.575620999210514,1.9938240002375096,22.719177999533713,0.904208001884399
1106,20.374832998641068,1.1245789974054787,17.134892998001305,1.0187269981543068
1107,31.84509000129765,1.2612840000656433,28.718353001750074,0.9333929992862977
1108,53.33307600085391,1.3695250017917715,50.1091539990739,0.899373997526709
1109,19.18464299888001,1.559470001666341,15.660109002055833,1.028245002089534
1110,20.9660590007843,1.077246000932064,18.107674997736467,0.9502449975116178
1111,22.786678000557004,1.2830979976570234,16.955207000137307,3.635221000877209
1112,20.38179599912837,1.700896998954704,15.838331000850303,0.9492820026935078
1113,22.058823000406846,1.8336379980610218,18.049694001092575,1.2001540017081425
1114,41.59372600042843,1.1276719997113105,38.48971199840889,1.0924130001512822
1115,20.939132999046706,1.3336730007722508,15.184660998784238,1.0356710008636583
1116,20.36905600107275,1.6582479984208476,16.26183400003356,1.0227640013908967
1117,32.32807299718843,2.172491000237642,28.051517001586035,1.1559679987840354
1118,24.23188800094067,1.070338003046345,21.44807999866316,0.8889300006558187
1119,20.36529700126266,1.63885900110472,16.87561400103732,0.919356996746501
1120,24.68072299961932,1.226949996635085,21.378115998231806,1.1451719983597286
1121,20.529500998236472,1.6771929986134637,16.757946999859996,1.0148750006919727
1122,20.68683500328916,1.1658569965220522,17.14741200339631,1.1024679988622665
1123,19.80001599804382,2.0735100006277207,15.446126002643723,1.3368019972404
1124,19.14827300061006,1.3040250014455523,15.634663999662735,0.8862079994287342
1125,19.637071000033757,1.9370829977560788,15.864165001403308,0.8962629981397185
1126,20.54000099815312,1.2763390004693065,17.14413300214801,0.8880970017344225
1127,21.86426600019331,1.8548420011939015,17.989822998060845,1.0735979994933587
1128,27.142976003233343,1.1813570017693564,23.73457100111409,1.281968998227967
1129,28.45936999801779,2.4664740012667608,23.858646000007866,0.8780039970588405
1130,27.51807000095141,1.8530640008975752,21.5141720000247,0.915651999093825
1131,23.136624000471784,1.6959519998636097,17.178262998641003,1.214171999890823
1132,19.018252998648677,1.1980240014963783,15.873942997131962,0.9366329977638088
1133,23.814348998712376,1.3362470017455053,20.717649997095577,0.9064670011866838
1134,20.80305799972848,2.4075660003290977,16.469500998937292,0.9485970003879629
1135,26.155823001317913,1.1650789965642616,23.130364999815356,0.8854670013533905
1136,24.319740001374157,1.15293099952396,20.87337199918693,1.4263770026445854
1137,19.368532997759758,1.0816529975272715,16.505965002579615,0.9109849997912534
1138,19.131976001517614,2.4664560005476233,14.82301199939684,0.9483190005994402
1139,31.696867001301143,4.1035559988813475,25.735006001923466,0.931170998228481
1140,21.563690999755636,1.0287450022588018,17.29528199939523,0.8839120018819813
1141,19.34073599841213,1.112283000111347,16.20268500118982,1.1138189984194469
1142,19.55840400114539,1.1678019982355181,16.559704999963287,0.9588929970050231
1143,33.92611799790757,1.7208790013683029,30.30241600208683,1.0247460013488308
1144,19.814182000118308,1.8877129987231456,16.140832998644328,0.8690590002515819
1145,20.66394600115018,1.1075239999627229,17.595080000319285,1.0715790012909565
1146,19.001216998731252,1.250968998647295,15.788090000569355,1.0703200023272075
1147,19.77779300068505,1.0064490015793126,15.335439999034861,0.9948939987225458
1148,38.297101000352995,1.3956729999335948,34.8260839964496,1.1008199981006328
1149,25.478060000750702,1.1880790007126052,21.85071100029745,1.2742840008286294
1150,24.083128999336623,1.5517110005021095,19.840775999909965,1.8253230009577237
1151,19.958017001044936,2.0731019976665266,15.294551001716172,1.450228999601677
1152,30.843622000247706,2.091528000164544,26.80865900038043,0.9774680002010427
1153,23.46480999767664,1.4298579990281723,19.699145999766188,1.3964509998913854
1154,17.70367300196085,1.0705050008255057,14.665770999272354,0.9630780004954431
1155,18.30863899886026,1.1079489995609038,15.221847002976574,1.0213929999736138
1156,20.450333999178838,1.0681720013963059,17.525339000712847,0.9680969997134525
1157,59.88586600142298,1.1234309968131129,56.74398100018152,0.9247819980373606
1158,18.795547999616247,1.0037820029538125,15.066883999679703,1.0678379985620268
1159,18.857178998587187,1.1435609994805418,15.902851002465468,0.8790779975242913
1160,28.810372001316864,1.0725790016294923,25.846265998552553,1.0219489995506592
1161,19.419533000473166,2.1792320003442,14.986474998295307,1.318227998126531
1162,30.056080999202095,1.0942649969365448,27.117994002765045,0.9479669970460236
1163,18.85460500125191,1.507729000877589,15.439700000570156,0.9571709997544531
1164,19.924386997445254,1.114004997361917,17.004818997520488,0.9592269998393022
1165,42.71421300290967,1.1781530010921415,39.766922000126215,0.865930000145454
1166,65.80444800056284,1.035301000229083,62.409377002040856,0.8750960005272646
1167,18.778881996695418,1.2184309998701792,15.743239000585163,0.9029300017573405
1168,30.5344350017549,1.1021350001101382,27.51858900228399,1.0182639998674858
1169,19.28975500050001,1.9513799998094328,15.218698998069158,1.2351349978416692
1170,21.713876998546766,1.3563399988925084,17.71133899819688,1.2232650005898904
1171,37.7318569990166,2.195324999775039,33.34265200101072,1.3120429975970183
1172,27.319587003148627,2.177638998546172,22.982752001553308,1.1305980006000027
1173,19.799108998995507,1.2862279982073233,16.038739999203244,1.611136998690199
1174,30.55143500023405,1.6193960000236984,26.54260200142744,1.512266000645468
1175,19.95829500083346,2.0082869996258523,15.733331001683837,1.251764999324223
1176,20.08679499704158,2.2683989991492126,15.289328999642748,1.4666740025859326
1177,24.059090999799082,1.6748960006225388,20.496518998697866,0.9729119992698543
1178,19.837813000776805,1.276469000003999,16.369760000088718,1.1842089988931548
1179,23.092346000339603,1.314598001044942,17.07894799983478,3.729332001967123
1180,21.497394001926295,1.0381350002717227,15.094901998963905,1.4530069965985604
1181,20.22592600042117,1.6689699987182394,16.184277999855112,0.9211710021190811
1182,23.17006799785304,1.2553390006360132,19.958072000008542,1.0558389985817485
1183,18.06284200210939,1.158043000032194,15.064161998452619,0.9190780001517851
1184,21.721468998293858,2.081656999507686,16.742410000006203,1.4143400003376883
1185,19.229884001106257,1.9847870025841985,14.889345999108627,1.4122290012892336
1186,20.335777997388504,1.8352489969402086,16.675650000252062,0.9486899980402086
1187,20.02142400306184,2.1659909980371594,15.980183998181019,0.966820000030566
1188,19.949498997448245,1.5492660022573546,15.095069000381045,0.9744119997776579
1189,19.228642999223666,1.5916370030026883,15.292144002160057,1.3816170030622743
1190,29.865673001040705,2.59764099973836,25.49667199855321,0.9090419989661314
1191,20.47337100157165,2.220528996986104,15.830275999178411,1.4374320016941056
1192,19.071643000643235,2.0230099980835803,14.540399999532383,1.1874129995703697
1193,26.683472999138758,1.214782998431474,23.39397700052359,1.1332460017001722
1194,20.568945998093113,1.1217089995625429,17.566876002092613,0.9659860006649978
1195,19.109179000224685,1.1724319992936216,16.05577700320282,0.9020969991979655
1196,22.186231002706336,1.4118210019660182,18.92497500011814,0.9079849987756461
1197,19.0660679982102,1.310449999436969,15.828831001272192,0.9449860008317046
1198,32.32805500010727,1.0964129978674464,29.428671001369366,0.9362260025227442
1199,31.656310999096604,1.1644680016615894,28.538667000248097,1.0197460032941308
1200,38.891714000783395,1.1544680019142106,35.44343899920932,1.42258100095205
1201,42.10808100106078,1.9902130006812513,38.08661800212576,1.0835599969141185
1202,19.595940997533035,1.1257639998802915,16.398648996982956,1.1879869998665527
1203,18.46008400025312,1.468914000724908,15.190809997875476,0.8897070001694374
1204,19.652385999506805,1.2192829999548849,16.65509399754228,0.8928369970817585
1205,19.074754000030225,1.4372480000020005,15.410348001751117,0.8839119982440025
1206,18.48452800186351,1.1614309987635352,15.473422001377912,0.8667449983477127
1207,26.38123200085829,1.1306720007269178,23.412366001139162,0.8961149978858884
1208,33.95909900063998,2.836661002220353,29.260078001243528,0.8559670022805221
1209,18.66188099666033,1.7614530006540008,15.095569000550313,0.8942439999373164
1210,34.64626900313306,2.3293809972528834,30.369064999831608,0.9691710001789033
1211,19.7423119971063,1.2289320002309978,16.678428000886925,0.9050600019691046
1212,23.61997800107929,2.423456000542501,18.03619299971615,1.1300789992674254
1213,20.950558999174973,2.3715850002190564,15.72421899982146,1.5426369973283727
1214,19.92177600186551,2.064546999463346,14.63119700201787,1.617395999346627
1215,20.76529799887794,2.1810840007674415,16.529963999346364,1.1828750029962976
1216,48.52744299932965,1.9164160003128927,44.09801600195351,1.3419870010693558
1217,19.229329001973383,1.602100001036888,15.437477999512339,1.2308580007811543
1218,22.36054599779891,1.992972000152804,18.39174999986426,0.8763190016907174
1219,37.24248400249053,1.0891899983107578,34.358397002506536,0.9000229983939789
1220,24.115072999848053,1.7073229973902926,20.53820400033146,0.8954120021371637
1221,19.022808999579865,1.2343950002104975,15.45960799921886,0.9288369983551092
1222,19.55471899782424,1.0432460003357846,15.88753600299242,0.8999489982670639
1223,19.169217001035577,1.0873009996430483,16.012257998227142,1.145913000073051
1224,28.320092002104502,1.9214530002500396,24.640261002787156,0.9096330031752586
1225,20.06370199887897,1.339042999461526,16.606502002105117,0.8910409997042734
1226,20.38763000018662,1.2182829996163491,17.29515300030471,0.9228739982063416
1227,19.62842300054035,1.0901720015681349,16.660353998304345,0.8847449971653987
1228,19.498199999361532,2.0049539998581167,15.607367000484373,0.9729299999889918
1229,19.621811999968486,1.2163200008217245,16.552482997212792,0.9300599995185621
1230,19.61031099926913,2.702308000152698,14.838752998912241,1.1057829979108647
1231,19.04786500017508,1.1631720008153934,16.045702999690548,0.9107999976549763
1232,18.976974999532104,1.2489870023273397,15.896665001491783,0.8942260028561577
1233,18.400695000309497,1.3970430009067059,14.959790998545941,1.1085609985457268
1234,20.267796000553062,2.5535300010233186,15.896553999482421,0.9560600010445341
1235,35.91516400047112,1.27193200023612,32.25646200007759,1.4728219975950196
1236,30.9045479989436,1.1560790007933974,27.932682998653036,0.9064859987120144
1237,18.93792000191752,1.2360049986455124,15.802683003130369,0.9459120010433253
1238,19.9994609974965,1.1345970015099738,17.098873999202624,0.8962080028140917
1239,18.736510999588063,1.2050610021105967,15.689534000557614,0.9155780026048888
1240,18.669752000278095,1.2416159988788422,15.507404001255054,0.8937810016504955
1241,18.7000670011912,1.1855240009026602,15.620922997186426,0.9233380005753133
1242,21.108337001351174,1.1301900012767874,18.15206399987801,0.8986329994513653
1243,20.530055997369345,1.1420049995649606,17.43317199725425,1.013115997920977
1244,57.93743100002757,1.1914679998881184,54.411526001786115,1.4024509982846212
1245,20.69094599937671,2.683382001123391,15.804202001163503,1.1940240001422353
1246,33.70613500010222,1.8301559975952841,29.565690998424543,1.1754500010283664
1247,99.98099299991736,2.1882869987166487,95.58219499740517,1.008764000289375
1248,74.63769200330717,1.4932480007701088,71.17500999811455,1.0620610009937081
1249,20.752741998876445,1.2267650017747656,17.63761799884378,0.8782449986028951
1250,20.48477900098078,2.7215310001338366,15.082439000252634,1.614914999663597
1251,30.723361996933818,1.0909679986070842,27.63631199923111,1.1138750014652032
1252,19.11845700306003,1.3878029967600014,15.497663000132889,0.8877260006556753
1253,19.499607999023283,1.4118580002104864,16.26738900085911,0.881022002431564
1254,20.50985199821298,2.3101209990272764,16.436186000646558,0.8911699987947941
1255,36.5884630009532,1.2129309980082326,33.52932000052533,0.8975229975476395
1256,21.11748600145802,1.2739690027956385,17.649691999395145,1.013875000353437
1257,18.95395599785843,1.197393998154439,15.821201999642653,0.947985998209333
1258,22.200286999577656,1.8380270012130495,18.228249999083346,1.2650429998757318
1259,18.878214999858756,1.8167679991165642,15.226940002321498,0.9337260016764048
1260,19.764016000408446,1.883656997961225,16.03551800144487,0.9077819995582104
1261,18.76619700124138,1.2687089983955957,15.54271900022286,0.9574120012985077
1262,19.32245799980592,2.5019009990501218,14.790863999223802,1.0598750013741665
1263,18.50530700176023,1.1621720004768576,15.368273998319637,1.0367640024924185
1264,27.19791999697918,1.8980449967784807,23.238587997184368,1.1602650010900106
1265,23.298957999941194,1.2185049999970943,20.007664999866392,1.1132079998787958
1266,22.42819500315818,2.139120999345323,17.9211380018387,1.465710000047693
1267,20.537407999654533,1.1436720014899038,17.582061998837162,0.8953739998105448
1268,19.055771997955162,1.5570069990644697,15.591497001878452,0.954281997110229
1269,18.367639000643976,1.231820999237243,14.880327998980647,1.1731910017260816
1270,19.67197900012252,2.409010998235317,15.477403998374939,0.8854120023897849
1271,18.311638999875868,1.8478599995432887,14.634603998274542,0.892392999958247
1272,18.935494001198094,1.6072300022642594,15.42607000010321,0.989282998489216
1273,18.550750999565935,1.1969499973929487,15.171495000686264,1.2438760022632778
1274,19.886441998096416,2.4116219974530395,15.713570999650983,0.9139110006799456
1275,19.273846999567468,1.723730001685908,14.747197001270251,0.8793189990683459
1276,21.684618001017952,1.2273020001885016,17.914469997776905,1.093949998903554
1277,21.599505002086516,1.0813569970196113,16.60333499967237,1.1303759965812787
1278,20.931687999109272,1.6431549993285444,17.55306099948939,0.8899490021576639
1279,18.696696999541018,1.4668030016764533,15.324163003242575,0.9396149980602786
1280,20.587593000527704,1.9801760026894044,16.253925998171326,1.462692001950927
1281,20.93813299870817,1.0813379994942807,16.250296001089737,0.9112270017794799
1282,19.746849000512157,1.0280419992341194,15.639219000149751,0.8994300005724654
1283,20.663372000853997,0.9993560015573166,16.438278998975875,0.90730000010808
1284,19.62608900066698,1.866155998868635,15.469255999050802,1.4064130009501241
1285,20.025683999847388,0.9980789982364513,15.344921997893834,0.8823370008030906
1286,18.700659999012714,1.6623230003460776,15.035698001156561,0.9086529971682467
1287,36.179127000650624,2.542234000429744,31.375420996482717,1.2916350024170242
1288,21.355356999265496,2.326157999050338,16.90554000015254,1.2535429996205494
1289,18.607991998578655,1.2122830012231134,15.534756003035,0.8882260008249432
1290,18.9148080025916,1.8433049990562722,15.112605997273931,1.0321349982405081
1291,18.718603998422623,1.2326169999141712,15.669700998842018,0.904856002307497
1292,19.392884998524096,2.1357879995775875,15.539496998826507,0.8511340020049829
1293,18.96112300164532,1.1830980001832359,15.948108997690724,0.9372079985041637
1294,22.75771499989787,1.4363949994731229,19.011290001799352,1.1744499970518518
1295,19.36147699962021,1.1979490009252913,16.232369998760987,0.9546709989081137
1296,29.989822000061395,2.7505860016390216,25.22187399881659,0.8991520007839426
1297,24.687261000508443,1.2116719990444835,20.99783599987859,1.515007003035862
1298,19.965645999036497,1.8470270006218925,15.771534999657888,0.9585600018908735
1299,57.66289299936034,1.2654319980356377,54.19417300072382,1.2794319991371594
1300,19.33225399989169,1.1948210012633353,15.143273001740454,1.4775070012547076
1301,30.43780600273749,1.1241909996897448,27.476051000121515,0.9263189967896324
1302,45.85246799979359,2.3528250021627173,40.90603800068493,1.4579509988834616
1303,24.10512799906428,2.0881389973510522,18.238489999930607,2.4521779996575788
1304,55.903625001519686,1.7992860011872835,51.45164200075669,1.4860999981465284
1305,20.445426998776384,2.2321019969240297,16.09653699779301,1.1805609974544495
1306,20.458981998672243,2.1982879989081994,15.943202000926249,1.2205610000819433
1307,27.673478001815965,2.0767690002685413,22.15576699745725,1.246394996996969
1308,19.58744099829346,1.8023419979726896,15.573330001643626,1.2967099974048324
1309,25.112188002822222,1.8673229969863314,20.959559002221795,1.3109130013617687
1310,69.72644799679983,1.883267999801319,65.75009600055637,1.2186720014142338
1311,39.65782800150919,2.1110470006533433,35.517087002517655,0.9903749996738043
1312,20.970836998458253,2.203528998506954,16.555796999455197,1.3007840025238693
1313,19.582978002290474,1.773119998688344,15.894295000180136,0.9102080002776347
1314,20.75472399883438,1.6799900004116353,17.25724600328249,0.9097450019908138
1315,18.81734500057064,1.189116999739781,15.682367997214897,0.933114999497775
1316,20.315943998866715,1.975657000002684,16.10446300037438,1.3203769995016046
1317,18.943087001389358,1.219931997184176,14.590085000236286,0.9537820005789399
1318,57.115685998724075,1.8152669981645886,53.39802100206725,0.9115409993682988
1319,19.81681200049934,2.8070860025763977,14.909215999068692,1.1931719964195509
1320,39.0869559996645,1.8979339984070975,35.38666099848342,0.9170039993477985
1321,20.08099900194793,1.1102819989901036,16.576538000663277,0.9707819990580902
1322,18.558824998763157,1.1775050006690435,15.48268199985614,1.0179310011153575
1323,20.027906000905205,1.299653999012662,16.740150000259746,1.0782639983517583
1324,19.28143999975873,1.0225980004179291,14.52591800261871,1.0089489987876732
1325,18.63397399938549,1.092763999622548,15.359477001766209,0.8893559970601927
1326,23.54092200039304,1.169671999377897,19.523515002219938,1.9458799979474861
1327,22.629139999480685,2.0231390008120798,18.45323299858137,1.1190600016561802
1328,22.244435000175145,1.036411998939002,17.00304100086214,0.9564479987602681
1329,18.11698999881628,1.7025820015987847,14.549417999660363,0.9473380014242139
1330,19.14436500010197,1.3950990032753907,15.813701000297442,0.9918939977069385
1331,31.53534699958982,3.4082189995388035,26.25645300213364,0.93635699886363
1332,34.961307002959074,1.125857001170516,29.929024996818043,1.3784689981548581
1333,20.782909999979893,1.2946360002388246,17.152004002127796,0.9219670027960092
1334,18.84428899938939,1.301412998145679,15.586719000566518,1.064244999724906
1335,21.829785000591073,2.7301240006636363,17.214892999618314,0.9078000002773479
1336,30.04371099814307,2.521604001231026,23.47058799932711,1.4315619991975836
1337,20.373629999085097,1.9433790002949536,16.056757998740068,1.4108959985605907
1338,23.362866002571536,2.25973299893667,19.150939002429368,1.0136890014109667
1339,20.435907998034963,1.1714499996742234,17.058614997949917,1.2715060001937672
1340,92.95357100199908,1.1381529984646477,89.97361299771,0.946004998695571
1341,22.393675997591345,2.695438000955619,17.13213400216773,1.4168029993015807
1342,80.2518290001899,2.0486940011323895,75.52354799918248,1.5871550021984149
1343,18.979716001922498,1.906527999381069,14.848344999336405,1.26770899805706
1344,29.50128199881874,4.3246679997537285,19.92959100243752,0.9529490016575437
1345,32.04764600013732,1.2878950001322664,28.879632001917344,0.9310599998570979
1346,20.893724999041297,1.2100989988539368,15.803330999915488,1.002967001113575
1347,40.10738700162619,1.4160069986246526,36.22838699811837,1.5680989999964368
1348,31.00325199920917,1.7498600027465727,26.70823300286429,0.9310599998570979
1349,27.302661001158413,1.1811349977506325,24.225406999903498,0.9434299972781446
1350,41.03203900012886,1.1071160006395075,37.93872800088138,1.1035239986085799
1351,23.576125997351483,1.1324499973852653,20.278074000088964,1.2637090003408957
1352,18.5510110022733,1.1544119988684542,15.458089001185726,1.0541150004428346
1353,20.72459400005755,1.1447830001998227,17.665450999629684,1.0130600021511782
1354,23.143197999161202,1.0850789985852316,16.964281003311044,4.201889998512343
1355,31.303494000894716,1.3571359995694365,27.767552001023432,0.9748199991008732
1356,22.43801000076928,1.1818390012194868,19.25730999937514,1.0880420013563707
1357,18.981678997079143,1.2027459997625556,15.64331199915614,1.2197460018796846
1358,20.954392002749955,1.0564129988779314,18.06037899950752,1.0098380007548258
1359,19.101734997093445,1.1486350013001356,15.911608999886084,1.1092829990957398
1360,18.473584001185372,1.1405240002204664,15.465108001080807,0.9130050020758063
1361,18.777975001285085,1.127616000303533,15.745570999570191,0.9108739977818914
1362,30.559730999812018,1.096116000553593,27.50838399879285,1.0812639993673656
1363,19.108901997242356,1.1103569995611906,16.061332997196587,1.04361600097036
1364,32.521019002160756,1.1493940000946168,29.50911599691608,0.9437629996682517
1365,20.373315001052106,1.1452830003690906,17.415728001651587,0.8813189997454174
1366,20.66548299990245,1.1893390001205262,17.40728299773764,1.2115429999539629
1367,20.472833999519935,1.2087269969924819,16.44990900240373,1.6309700004057959
1368,26.37604600022314,1.1706350014719646,23.29217999795219,0.9545409993734211
1369,20.219721998728346,1.9353419993421994,15.82092399985413,1.0669489965948742
1370,20.568242001900217,1.0954860008496325,17.320653001661412,1.2971540018043015
1371,91.09852599794976,1.0073010016640183,85.56550099820015,1.3269129995023832
1372,32.37686899956316,3.1302169991249684,26.97927100234665,1.3365060003707185
1373,20.12457399905543,2.5585670009604655,15.119087001949083,1.4107850001892075
1374,21.30611500251689,1.7929710011230782,17.437634996895213,1.1726350021490362
1375,19.15092099807225,2.041657000518171,14.719234000949655,1.4346179996209685
1376,19.939628000429366,2.1153429988771677,15.439291997608962,1.3737280023633502
1377,19.491440001729643,2.4103260002448224,15.095845999894664,1.0631529985403176
1378,26.52639900043141,1.1098940012743697,23.35688500170363,1.1742269998649135
1379,21.838820997800212,1.746655998431379,15.66262599953916,3.412885998841375
1380,27.692034000210697,1.663377999648219,23.43749500141712,0.9698190006020013
1381,138.30016700012493,2.166305999708129,134.2302409975673,0.9015970026666764
1382,22.319102001347346,2.9612910002470016,17.184467000333825,1.252227997611044
1383,31.957570998201845,1.2597269997058902,28.50085200043395,1.213671999721555
1384,23.92279400010011,1.7197669985762332,19.59916399937356,1.0239119983452838
1385,25.677636000182247,2.710770997509826,20.784224001545226,1.12128299952019
1386,20.85092800189159,2.283362002344802,16.364333998353686,1.1390610015951097
1387,29.959265997604234,1.2396349993650801,26.241583000228275,1.4369509990501683
1388,24.871910001820652,2.3096949989849236,20.062498999322997,1.4767470020160545
1389,20.193387998006074,1.1176349980814848,17.228319000423653,0.9586340020177886
1390,23.02064200193854,1.161969001259422,19.944109000789467,1.0770049993880093
1391,19.052160998398904,1.1782459987443872,15.668978998292005,1.28424700233154
1392,27.15191999959643,1.154949000920169,24.158888001693413,0.9118190027948003
1393,24.050961001194082,2.384491999691818,16.953873997408664,1.830878001783276
1394,20.589686999301193,2.5171960005536675,14.974698002333753,1.7417859999113716
1395,19.56460700239404,2.0114899998588953,15.177345998381497,1.4390620017366018
1396,19.544940998457605,2.153991001250688,15.44647699847701,1.0460230005264748
1397,161.04767800061381,1.4137469988781959,157.74699700341444,0.9470410004723817
1398,20.591371998307295,2.182287000323413,16.482130999065703,1.0173379996558651
1399,23.194290999526856,2.991938999912236,18.355639000219526,0.9698190006020013
1400,19.94264600216411,2.398491997155361,15.709793999121757,0.9492629978922196
1401,18.802364000293892,1.4031169994268566,15.48047800315544,0.9553739982948173
1402,26.650768999388674,1.1565610002435278,23.534274001576705,1.0140039994439576
1403,19.51151499815751,2.486269997461932,15.159588001552038,0.9644480014685541
1404,83.85558600275544,2.131491000909591,79.42625100258738,1.4326180025818758
1405,31.421771996974712,2.4978259971248917,26.062711000122363,1.9596950005507097
1406,24.734465001529315,1.154802001110511,21.661450999090448,0.9882640006253496
1407,28.158813001937233,1.078967998182634,25.115930002357345,1.0757269992609508
1408,28.772908997780178,1.2277270034246612,25.11613300157478,1.5483579991268925
1409,19.471200001135003,2.187510002841009,14.497380001557758,1.879453000583453
1410,19.24262499960605,1.2045799994666595,15.361328998551471,0.9026709994941484
1411,23.954219999723136,1.2590620026458055,19.50855199902435,0.8981329992820974
1412,20.78542800154537,1.1935610018554144,17.145633999462007,1.3783950016659219
1413,19.284791000245605,1.9700829980138224,14.580085000488907,1.1569130001589656
1414,90.62395000000834,1.0812459986482281,87.71562199763139,0.9893200003716629
1415,38.769935999880545,1.0632829980750103,35.09208600007696,0.911188999452861
1416,25.725894996867282,1.2516349997895304,22.057099999074126,1.4506180013995618
1417,23.401088001264725,1.1353379995853174,20.45809300034307,0.9068369981832802
1418,20.604167999408673,2.418085001409054,16.238943997450406,0.9508379989711102
1419,33.011539002473,2.5874740022118203,28.19381399967824,1.3038770011917222
1420,35.115122998831794,1.0544309989199974,29.870339996705297,0.979208001808729
1421,31.124993998673744,1.1031530011678115,28.157683998870198,0.9257080018869601
1422,25.717839002027176,1.708562998828711,21.797173998493236,1.2831540007027797
1423,19.389810997381574,1.8763230000331532,15.565904002869502,1.0439119978400413
1424,83.05015600126353,2.0784350017493125,79.23339799890528,0.8843930008879397
1425,49.80889400030719,1.1381160002201796,46.87517700222088,0.8527630016033072
1426,32.7524819986138,1.727247999951942,29.23931799887214,0.8993560004455503
1427,20.03777600111789,1.9107309999526478,15.94772099997499,1.21439500071574
1428,22.187452999787638,2.170768999349093,17.85498899698723,1.1655240014079027
1429,22.919826998986537,1.359024998237146,19.59708900176338,1.0706160028348677
1430,31.2237530015409,1.3798950021737255,27.874682000401663,0.8884670023689978
1431,28.33607399952598,1.2618760010809638,25.12954000121681,1.0205969992966857
1432,18.497232002118835,1.1013939983968157,15.668053001718363,0.9003009981825016
1433,30.92423399721156,1.3477100001182407,27.705570002581226,0.9602819991414435
1434,26.204544999927748,1.0817639995366335,23.273124999832362,0.9989119971578475
1435,18.918345002020942,1.1921170007553883,15.902830997220008,0.942837999900803
1436,17.893951997393742,1.3560609986598138,14.336454001750099,1.1051350011257455
1437,18.83680800165166,1.2811909982701764,15.393902998766862,1.0440240002935752
1438,27.886219999345485,1.1664499979815446,24.677982997673098,1.1846349989355076
1439,20.951873000740306,1.3015799995628186,17.238115000509424,1.3835990030202083
1440,21.944026000710437,1.7312300005869474,17.360728001222014,1.4119329971435945
1441,18.75478899819427,1.814027000364149,15.07175399819971,0.9498930012341589
1442,18.310786999791162,1.3571720010077115,15.031253999040928,0.950115001614904
1443,28.121406001446303,1.2283940013730898,25.1275219998206,0.850559001264628
1444,19.24571700146771,2.487252000719309,14.88073499785969,1.0204119971604086
1445,19.468810998660047,1.7728599996189587,15.384310998342698,1.001819000521209
1446,19.50479299921426,2.2421770008804742,15.428422000695718,0.9479850014031399
1447,21.84133999980986,1.3806730021315161,18.697363000683254,0.8514120017935056
1448,35.28853100215201,1.2047639975207858,31.945126997015905,1.250432000233559
1449,20.398037999257213,1.1881169994012453,17.25035600247793,0.9407639990968164
1450,21.87241399951745,1.3410989995463751,18.725862999417586,0.8993379997264128
1451,22.307638999336632,3.0781259993091226,16.88213200031896,1.0564680014795158
1452,25.498115999653237,1.8837869974959176,20.34844500303734,0.9294670016970485
1453,18.63032500114059,1.263245998416096,15.003216998593416,1.1045799983548932
1454,19.283736000943463,1.0519129973545205,15.075031002197647,0.8852640021359548
1455,21.18530099687632,1.5171369996096473,17.80504400085192,0.9051339984580409
1456,19.035105000511976,1.3219129978097044,15.669183001591591,0.8923739987949375
1457,23.08908600025461,1.2618569999176543,16.887687997950707,4.023482000775402
1458,19.738202001462923,2.1824540017405525,15.70007099871873,0.9482999994361307
1459,22.837677999632433,1.9907499990949873,18.423620997054968,1.4532290006172843
1460,18.876714999350952,2.239176999864867,14.74067799790646,0.926022999919951
1461,20.5797420021554,1.0599859997455496,17.52046900219284,0.8988370027509518
1462,23.00336400003289,1.185727000120096,19.948517001466826,0.9343189994979184
1463,19.807367996691028,1.1767280011554249,15.381032997538568,0.873208002303727
1464,18.522955000662478,1.1384870012989268,15.517588999500731,0.9430779973627068
1465,63.84542000159854,2.5820299997576512,59.19786199956434,1.1497269988467451
1466,50.93256599866436,1.043949003360467,47.19767800270347,1.2855979985033628
1467,20.07114700245438,1.8809159992088098,15.553571000054944,1.428988001862308
1468,22.396008997020544,2.0123979993513785,17.757711000740528,1.0790050000650808
1469,24.38288900157204,1.543988000776153,21.061374001874356,0.8863559996825643
1470,47.83521799981827,1.1824679968412966,44.384720000380185,1.3404320015979465
1471,20.20281400109525,2.4358260016015265,15.089810000063153,1.2701539999397937
1472,36.85161199973663,1.225264997628983,33.79545099960524,0.9763009984453674
1473,46.26132200064603,3.466996997303795,39.45816099803778,2.4918080016504973
1474,23.40569899752154,2.183694999985164,18.731474003288895,1.0578199980955105
1475,34.357045999058755,1.258283999050036,28.996836001169868,0.8968559995992109
1476,21.28756000092835,1.0252450010739267,17.28139400074724,1.2312830003793351
1477,19.869627001753543,2.243787999759661,15.12725400243653,1.210468999488512
1478,19.22343999831355,1.896508998470381,15.219143002468627,1.1955610025324859
1479,42.72771300020395,3.558349002560135,37.06174300168641,1.160448999144137
1480,21.456079000927275,2.1318990002328064,17.237337000551634,1.1845419976452831
1481,19.70436700139544,1.8898409980465658,15.679034000640968,1.1698019989125896
1482,20.74633599841036,1.9431760010775179,16.687612998794066,1.1750239973480348
1483,21.97410000007949,3.7256830000842456,16.106869999930495,1.2356170009297784
1484,35.70071799913421,1.987212999665644,31.585903001541737,1.1917279989575036
1485,20.88896500208648,1.9754160020966083,16.753612999309553,1.2388569994072895
1486,19.48375599749852,1.9831200006592553,15.415866997500416,1.1977280009887181
1487,21.20728199952282,3.2700329975341447,15.617515000485582,1.4182099985191599
1488,53.417169001477305,2.188620997912949,49.061057001381414,1.2486910018196795
1489,21.333929998945678,2.4544369989598636,16.3158889990882,1.1487830015539657
1490,19.24340299956384,1.9276009988971055,15.466996999748517,0.9607639985915739
1491,19.737053000426386,2.4071589978120755,15.370421002444346,0.9870229987427592
1492,20.488389000092866,1.8512120004743338,16.563187000429025,1.1875609998241998
1493,19.168625000020256,1.9269160002295393,14.972679997299565,1.267358002223773
1494,18.889604001742555,1.9783609968726523,14.862104999338044,1.0310409998055547
1495,19.41495899882284,2.054786997177871,15.015512999525527,1.387820997479139
1496,57.43561300187139,1.8018040027527604,53.343428000516724,1.4484890016319696
1497,22.81715999924927,2.167880000342848,15.763276001962367,1.4480060017376672
1498,19.50118099921383,1.922731000377098,15.175810000073398,1.4041360009287018
1499,19.249087999924086,2.2564729988516774,14.951067998481449,0.9835410019150004
1500,23.475773999962257,1.1701529983838554,20.38620399980573,0.9629119995224755
1501,77.47912999911932,2.041897998424247,73.44511299743317,0.8791530017333571
1502,31.49527300047339,1.150912001321558,27.578477001952706,0.9974310014513321
1503,23.355533001449658,1.2913389982713852,16.767614000855247,0.8886709983926266
1504,21.615654000925133,0.9630789973016363,18.56363999831956,1.2788390013156459
1505,23.398124998493586,1.614192999113584,19.367033000889933,0.970097000390524
1506,77.7871319987753,1.864285997726256,74.09237400133861,0.947985998209333
1507,18.90999299939722,1.3674690017069224,15.700200998253422,0.9021339974424336
1508,24.710113000764977,1.1771899989980739,21.69539500027895,0.9055039990926161
1509,43.42932700092206,1.7906749999383464,39.653866002481664,0.9776150000107009
1510,20.225184998707846,2.1695659997931216,15.881293998972978,0.924189000215847
1511,21.946562999801245,3.684978997625876,16.215722000197275,1.0767269995994866
1512,22.47545400314266,1.2498210016929079,17.88024800043786,1.080985999578843
1513,39.4044019994908,1.146524002251681,36.40490700126975,0.8761520002735779
1514,19.63714500016067,1.1448570003267378,16.620409001916414,0.9131520018854644
1515,21.227484998235013,3.0843839995213784,16.22225999744842,1.017188998957863
1516,19.119235999824014,1.147709001088515,16.05747999929008,1.0371340031269938
1517,18.12647100086906,1.1548200018296484,14.559658997313818,1.433451001503272
1518,44.27903499890817,1.1436169988883194,41.26528099732241,1.0603940027067438
1519,22.855456001707353,2.931271999841556,17.274005000217585,0.9498379986325745
1520,22.72032600012608,1.111024001147598,18.51623299808125,1.1151540020364337
1521,26.837400000658818,1.1787460025516339,23.682942002778873,0.9965969984477852
1522,19.257364998338744,1.1395419969630893,16.30233299874817,0.9218560007866472
1523,19.11399500022526,1.4942110028641764,15.723479002190288,0.961745001404779
1524,19.316458001412684,1.1814869976660702,16.19209300042712,0.9966340003302321
1525,19.811886999377748,1.1220980013604276,16.7786320016603,0.9972640000341926
1526,24.27059199908399,1.2778759992215782,21.131595996848773,0.9079670016944874
1527,21.55300500089652,2.0741200023621786,17.067947999748867,1.156246002210537
1528,21.163133998925332,1.186560999485664,18.172675001551397,0.89311500050826
1529,20.088369001314277,1.226412998221349,16.93926199732232,0.9298000004491769
1530,20.241813999746228,1.2240799987921491,17.00331800020649,1.13046800106531
1531,19.765294000535505,1.9149340005242266,15.900332000455819,0.8812069972918835
1532,18.617695997818373,1.196597997477511,15.631275000487221,0.8934489997045603
1533,20.341315001132898,2.655937998497393,15.621367998392088,0.8825219993013889
1534,20.41018499949132,1.6091739998955745,17.021985000610584,0.8740960001887288
1535,19.155420999595663,1.584599998750491,15.756904998852406,0.8735410010558553
1536,23.584144000778906,1.4502480007649865,19.860608997987583,1.35924700225587
1537,20.18955499806907,1.2384129986457992,17.012244003126398,0.8889849996194243
1538,21.24222700149403,1.392690999637125,17.61998800066067,1.298320999921998
1539,19.77301599981729,1.8992309996974654,15.571997002552962,0.8808739985397551
1540,19.356884000444552,1.4575249988411088,15.88953499958734,0.9648560007917695
1541,26.28530500078341,2.913532000093255,21.61665399762569,0.8867639990057796
1542,56.11686699921847,1.2719129990728106,52.39944300046773,1.5233589983836282
1543,19.82103399859625,1.9188240003131796,16.034055002819514,0.9155970001302194
1544,33.87722900151857,1.6659150023770053,29.900895002356265,0.9860790014499798
1545,23.501958999986527,1.811545000236947,19.211940001696348,1.573692999954801
1546,34.77813900099136,1.5230630015139468,30.26610099914251,1.618341000721557
1547,21.86167399850092,1.1976529967796523,18.3220649996656,0.8916709994082339
1548,59.24614000105066,1.1779129999922588,56.100922000041464,1.0458940014359541
1549,27.96523899814929,1.1008200017386116,25.02848400035873,0.9528749978926498
1550,82.79587700235425,1.0985789995174855,77.87181700041401,0.905467000848148
1551,34.795083996868925,1.1974869994446635,31.710125997051364,0.9333930029242765
1552,19.474607001029653,1.864731002569897,15.784942002937896,0.914281998120714
1553,21.452876000694232,1.1106540005130228,17.75359900057083,1.2116729994886555
1554,21.198466998612275,0.9443560011277441,18.24876799946651,0.9849859998212196
1555,21.816636002768064,1.1680790012178477,18.062823000946082,1.6751369985286146
1556,21.548857999732718,3.1190320005407557,16.582223997829715,0.8699479985807557
1557,66.48454300011508,1.7834709979069885,62.795526999252615,0.9902269994199742
1558,89.01281299768016,1.280895001400495,85.6156119989464,1.0276160028297454
1559,21.16968900008942,1.885212001070613,16.860390998772345,1.444320998416515
1560,20.51596400269773,1.0373009972681757,14.890716000081738,1.9521199974406045
1561,24.536870998417726,3.853129001072375,18.40593599990825,1.362339000479551
1562,29.984081000293372,2.7124929983983748,21.785747001558775,1.3943220001237933
1563,20.27329599877703,2.5865480020001996,15.910980000626296,0.8844490002957173
1564,19.92912800051272,1.0718379999161698,14.652326000941684,1.1078749994339887
1565,18.91762300147093,2.027786998951342,15.075568997417577,0.9015970026666764
1566,17.831099998147693,1.3910620000388008,14.457880999543704,1.0531530024309177
1567,20.8927429994219,2.086454001982929,17.07257800080697,0.8889110031304881
1568,21.768932001577923,1.125745999161154,18.867789000069024,0.9479299988015555
1569,19.870035001076758,1.9347679990460165,15.468923000298673,1.220228001329815
1570,18.10450899938587,1.1641539967968129,14.932346002751729,1.0950239993690047
1571,19.880812000337755,3.0688470033055637,14.941809000447392,0.9775229991646484
1572,43.40734599827556,1.5491359990846831,39.742439999827184,1.2479869983508252
1573,23.857757001678692,1.1625050028669648,20.675612999184523,1.0493199988559354
1574,18.28462000048603,1.3650620021508075,15.03945700096665,0.9673380009189714
1575,20.30264799759607,2.826031999575207,15.10247700207401,1.0008200006268453
1576,19.259533000877127,1.5135809990169946,15.233217000059085,0.902189000044018
1577,18.98610499847564,1.2911170015286189,15.72690499961027,1.021912001306191
1578,36.59850000258302,1.1338570002408233,33.68213499925332,0.8866340031090658
1579,20.344980999652762,1.262098001461709,17.304838002019096,0.8626890012237709
1580,35.89799700057483,1.7989719999604858,31.000382001366233,2.1632129974022973
1581,20.161499000096228,1.6152110001712572,14.943235000828281,2.2175289996084757
1582,18.321249997825362,1.3621540019812528,14.638011001807172,0.9274490003008395
1583,27.709645000868477,1.9625460008683149,23.73114500005613,1.1151350008731242
1584,20.63102000101935,2.281955003127223,16.53127899771789,0.9328010019089561
1585,19.11317899794085,1.1548570000741165,16.010684001230402,1.0501159995328635
1586,21.62448799936101,2.1366950022638775,17.592117001186125,0.9817450008995365
1587,17.76734000304714,1.1795049977081362,14.659825999842724,0.9846889988693874
1588,18.966196999826934,1.214968000567751,15.953387999616098,0.8904120004444849
1589,29.978655999002513,1.2572469968290534,26.826493001863128,0.9275049997086171
1590,40.99788999883458,2.344380998692941,36.782629998924676,0.9721149981487542
1591,18.99966100245365,1.249708999239374,15.546868002275005,1.160634998086607
1592,19.911274997866713,1.0962460000882857,15.121754000574583,0.961671001277864
1593,20.563761001540115,1.8093230028171092,15.753313000459457,0.9382270000060089
1594,19.47140300035244,2.599160001409473,14.88678999885451,1.0394130003987812
1595,19.1980319978029,1.3522839981305879,15.962424997269409,0.8979109989013523
1596,21.0299850004958,0.9613560032448731,18.151508000300964,0.9805779991438612
1597,40.23514599975897,1.065153002855368,34.81563999957871,0.9325969986093696
1598,20.69248300176696,1.1766349998652004,17.31633800227428,1.2839130031352397
1599,20.273425998311723,1.8949339973914903,15.923164999549044,0.8734490002098028
1600,19.12566100145341,1.1206529998162296,14.463399998930981,1.0264859993185382
1601,20.063498999661533,1.993083002162166,15.805368002475007,1.3093579982523806
1602,29.86028400118812,1.1526169982971624,26.94104800320929,0.8967819994722959
1603,19.397124997340143,1.3612100010504946,16.14861100097187,0.9504119989287574
1604,19.296680999104865,1.0563379983068444,14.9820680017001,0.9817259997362271
1605,28.03623800355126,2.5754190028237645,23.406087999319425,1.1518200008140411
1606,53.89496799762128,1.943898001627531,49.73294799856376,1.2513950023276266
1607,28.72405699963565,2.9246060003060848,23.5384219995467,1.3183209994167555
1608,42.811065002752,1.7411009976058267,37.654412000847515,0.8950599985837471
1609,20.597926999471383,2.8057720010110643,15.890387003310025,0.9883379971142858
1610,19.500348000292433,1.978637999854982,15.523163001489593,1.0834679997060448
1611,19.298587998491712,1.0336529994674493,15.095345999725396,1.3636539988510776
1612,25.84100699823466,1.1772830002882984,22.77584499825025,0.9798739993129857
1613,33.23554000235163,2.787512999930186,28.620686000067508,0.914393000130076
1614,32.02970100028324,1.1945430014748126,29.04128099908121,0.8506520025548525
1615,31.899404999421677,2.903513002820546,27.193032001378015,0.8948560025601182
1616,19.783035000727978,1.9079720004810952,15.665867998905014,1.2062640016665682
1617,18.010952000622638,1.2149129979661666,14.92969799801358,0.9169670011033304
1618,26.72384399920702,1.238876000570599,23.732849000225542,0.8842079987516627
1619,19.327402998897014,1.8381560003035702,15.360310000687605,1.198042999021709
1620,23.17458700053976,1.8643420007720124,19.175532001099782,1.238876000570599
1621,19.05423499920289,2.060639002593234,15.170882998063462,0.9011889997054823
1622,38.193377000425244,3.757664999284316,32.436813999083824,0.865467001858633
1623,20.687854001153028,2.327603000594536,16.208074001042405,1.1461719986982644
1624,19.12269799868227,2.229343001090456,14.356769002915826,1.5281180021702312
1625,20.18551799847046,1.9706200000655372,16.24711100157583,1.039839000441134
1626,19.497329001751496,1.1117639987787697,16.479740999784553,1.0641350017976947
1627,19.835516999592073,1.0392449985374697,15.594886001053965,0.9341150034742896
1628,18.107230000168784,1.2273389984329697,15.038957000797382,0.9638189985707868
1629,18.798197001160588,1.276394999877084,15.664459999243263,0.8884489980118815
1630,41.854949999105884,1.1078749994339887,38.92012100186548,0.9458189997531008
1631,20.93063199936296,1.8913049971160945,16.85537400044268,1.2313759980315808
1632,21.031577001849655,1.8811010013450868,17.095911000069464,1.148431001638528
1633,19.377032996999333,1.9393050024518743,15.176216998952441,1.3460070003930014
1634,19.40995900076814,1.791416001651669,15.315513999667019,1.444894998712698
1635,19.587219001550693,1.8614340006024577,15.569440998660866,1.250356999662472
1636,19.085956999333575,1.9204720010748133,15.00812399899587,1.158839000709122
1637,20.52079699933529,1.9766950026678387,16.493482999067055,1.1464680028439034
1638,19.530385001417017,1.9616760000644717,15.489645000343444,1.1774679987865966
1639,20.720371998322662,1.8848229992727283,16.248277999693528,1.1723939969670027
1640,19.9687400017865,1.8893050000770018,15.815684000699548,1.314413999352837
1641,23.200234998512315,2.0186939982522745,17.383154001436196,1.156172002083622
1642,23.952739000378642,3.1664029993407894,18.45710199995665,1.4157840014377143
1643,19.135383001412265,1.9798790017375723,15.023956999357324,1.1829499999294057
1644,19.362661998457043,1.907286001369357,15.214402999845333,1.2750800015055574
1645,21.530154001084156,1.7422119999537244,15.657497002393939,1.1486719995446038
1646,22.2062860011647,2.887309998186538,17.15041200077394,1.2810799998987932
1647,19.702311998116784,1.885026998934336,15.555071000562748,1.3213210004323628
1648,19.62923799874261,1.966471998457564,15.31068099939148,1.4758399993297644
1649,21.053910000773612,1.0693380027078092,18.125786002201494,0.9614109985704999
1650,23.69760800138465,1.93284199849586,19.76988699971116,1.113319998694351
1651,37.67917200093507,1.214708998304559,34.45176799868932,0.9662270022090524
1652,19.044660999497864,1.2537650000012945,15.823756999452598,0.9831899988057557
1653,19.804608000413282,1.122654000937473,16.905651002161903,0.8832630010147113
1654,21.243429997412022,1.4223030011635274,16.29674099967815,0.9445409996260423
1655,18.620288999954937,1.2439319980330765,15.501347999816062,0.9273750001739245
1656,19.529478002368705,1.2300060006964486,16.543538000405533,0.8821699993859511
1657,88.75131099921418,1.1473199992906302,85.09640600095736,1.5119139970920514
1658,21.60998799809022,2.008563998970203,17.073484999855282,1.6248409992840607
1659,32.69381500285817,2.3409729983541183,28.301313999691047,0.9410600032424554
1660,28.312258997175377,1.2351170007605106,25.076928999624215,1.1126159988634754
1661,18.657529002666706,1.0901530004048254,15.581070998450741,1.0135420016013086
1662,19.28910599963274,1.1322460013616364,16.276721999020083,0.8885219976946246
1663,38.201840998226544,1.2908210010209586,35.03764099878026,0.9685969998827204
1664,29.049946999293752,1.1993010011792649,24.43092599787633,2.461047999531729
1665,34.80275100082508,1.683359998423839,30.32047099986812,1.178783000796102
1666,45.83595000076457,1.748636997945141,41.655764001916396,1.0312630001863
1667,21.127465999597916,2.6492149991099723,16.522037996764993,0.9905040024023037
1668,31.561607000185177,1.2190609995741397,28.480648001277586,0.8964490007201675
1669,20.999281001422787,2.2061759991629515,16.35738899858552,1.0451529997226316
1670,18.88236299782875,1.1465419993328396,15.928405999147799,0.8976339995570015
1671,20.057851001183735,2.379195997491479,15.85099800286116,0.913133000722155
1672,25.461634999373928,4.94218899984844,18.30695399985416,1.293209999857936
1673,25.621486998716136,1.8761930004984606,21.666765002009925,1.1732839993783273
1674,19.182291001925478,1.9231380028941203,15.466903998458292,0.909096997929737
1675,19.85923800020828,1.950878999195993,15.805589999217773,1.216987002408132
1676,19.262846999481553,1.2399129991536029,15.675829999963753,1.0446529995533638
1677,21.58230200075195,1.1179869979969226,18.68293699953938,0.9065220001502894
1678,21.41624599971692,1.9477679998090025,17.33239399982267,1.1764499977289233
1679,20.166555001196684,2.059880000160774,15.931461999571184,1.1632460009423085
1680,19.62762599941925,2.132527999492595,15.224162001686636,1.3344139988475945
1681,21.008965999499196,1.7970820008486044,17.079485001886496,1.189228001749143
1682,40.89081599886413,2.1123430014995392,36.28014700007043,1.6076179999799933
1683,30.864547999954084,1.8497309974918608,26.908807001746027,1.1628199972619768
1684,19.383014001505217,1.9453600034466945,15.155772998696193,1.170319999800995
1685,21.736802998930216,2.4082329982775263,17.209393001394346,1.1899870005436242
1686,19.263532001787098,2.0997870014980435,14.946401002816856,1.3262100001156796
1687,20.158905997959664,1.79980399843771,16.255054997600382,1.208949997817399
1688,19.905535998987034,1.8836560011550318,15.943110000080196,1.2101909996999893
1689,19.529181001416873,1.1250420029682573,16.469408001285046,0.9263380015909206
1690,18.65545499822474,1.4221359997463878,14.773400998819852,0.9127080011239741
1691,82.20787500249571,1.9623970001703128,77.146202998847,1.3239880026958417
1692,20.839316999627044,3.1749029985803645,15.847350001422456,0.8852269966155291
1693,20.36142599899904,2.568697000242537,15.911293998215115,0.9135599975707009
1694,21.12428100008401,1.0633009987941477,16.727206002542516,0.9023739985423163
1695,20.491816001594998,1.0780980010167696,17.607728001166834,0.8863930015650112
1696,19.875997997587547,2.2125290015537757,15.786405001563253,0.9638369992899243
1697,19.16632800202933,1.1338389995216858,15.785553001478547,1.282802000787342
1698,18.94817900029011,1.1992090003332123,15.962980000040261,0.8857819993863814
1699,23.896201000752626,1.1788019983214326,20.84174300034647,0.9579109973856248
1700,23.687922999670263,2.484529002686031,18.623252002726076,1.6812850008136593
1701,19.689125998411328,1.6996739977912512,15.60773800156312,0.97063399880426
1702,25.14191099908203,1.0620419998303987,22.239582998736296,0.934299998334609
1703,91.37125000052038,2.5213450026058126,87.06015499774367,0.8652629985590465
1704,82.07111400042777,1.8065639997075778,76.09214299736777,0.9243380009138491
1705,19.728107999981148,1.5176179986156058,16.10160999916843,1.1282829982519615
1706,22.634158998698695,1.8707490016822703,18.460751001839526,0.8904299975256436
1707,49.95583900017664,1.1153940031363163,47.005324999190634,0.9101340001507197
1708,22.58052800243604,1.723470999422716,16.888891001144657,1.2442459992598742
1709,18.85273399966536,1.0141339989786502,15.14938300169888,0.6153909998829477
1710,20.533798000542447,1.2889690005977172,17.84389599924907,0.5641700008709449
1711,31.386364997160854,2.472678002959583,27.214049998292467,0.7753179997962434
1712,33.719338000082644,1.251690999197308,30.486268999084132,1.136430997576099
1713,76.66784899993218,1.320321000093827,73.42466800037073,0.9787460003281012
1714,58.93997300154297,1.1192829988431185,55.80421800186741,1.1424130025261547
1715,44.45142400072655,1.217061002535047,41.42485500051407,0.8693929994478822
1716,29.62433900029282,1.2449679998098873,26.334565001889132,1.1338389995216858
1717,18.557917999714846,1.2133760028518736,15.44429200293962,0.9441160000278614
1718,29.266670000652084,1.120486998843262,26.234507997287437,1.0309310018783435
1719,19.975238999904832,1.0873940009332728,15.213921000395203,1.0481710014573764
1720,19.995053997263312,1.1602640006458387,16.924984000070253,1.0170790010306519
1721,19.440755000687204,1.23700599942822,15.976462000253377,1.3087469997117296
1722,19.390533001569565,1.168152997706784,16.443852000520565,0.8951339987106621
1723,20.0689989978855,2.4311779998242855,15.790441997523885,0.8787629994913004
1724,22.072397001466015,1.0992639981850516,18.898844999057474,1.1131159990327433
1725,62.88754499837523,1.975657000002684,58.598137002263684,0.9192630022880621
1726,18.69914100097958,1.3486349998856895,15.397791998111643,0.9968000013031997
1727,19.30060599988792,1.866452999820467,15.576941001199884,0.9315780007455032
1728,20.10362900182372,1.11533800009056,17.205652002303395,0.9216530015692115
1729,59.49434499780182,1.1596900003496557,56.52918299892917,0.8795959984126966
1730,32.745575001172256,1.1966909987677354,29.665264999493957,0.880911000422202
1731,51.38319699835847,1.7221189991687424,46.53413800042472,1.01959699895815
1732,19.381440000870498,1.1202829991816543,16.172388997802045,1.2324130002525635
1733,22.497083999041934,1.1687090009218082,19.573588997445768,0.8740970006329007
1734,38.86528800285305,1.076708002074156,35.860348001733655,1.048578997142613
1735,19.209901998692658,1.1637640018307138,15.893239000433823,1.260838998859981
1736,18.52060300006997,1.2227279985381756,15.356274001533166,1.0725420033850241
1737,18.86723400093615,1.180616000056034,15.888073001406156,0.893540996912634
1738,57.11137099933694,1.1127270008728374,54.17817299894523,0.9382819989696145
1739,103.38522999882116,1.4373770027305,100.10669699840946,0.8903369998733979
1740,32.36751800068305,1.2850429993704893,29.104798999469494,0.9960229981516022
1741,55.24451100063743,1.1962090029555839,51.78342100043665,1.3333759998204187
1742,28.955797999515198,1.7224900002474897,24.454186001094058,1.4379700005520135
1743,29.73848699912196,2.9476429990609176,23.157789997640066,1.5199890003714245
1744,20.885780999378767,1.3866730005247518,17.554338999616448,0.985541999398265
1745,20.006054000987206,1.134209000156261,14.822918998106616,1.3051909991190769
1746,25.58368999962113,1.0314300016034395,22.656566001387546,1.0497640032554045
1747,20.633317002648255,1.1222459979762789,15.247180002916139,0.8811709994915873
1748,19.81823799724225,1.4206359992385842,16.650076002406422,0.8863740004017018
1749,20.505575001152465,1.2092649994883686,17.5148390007962,0.868448998517124
1750,24.481630000082077,4.266037998604588,18.453603002853924,0.8830780025164131
1751,44.827147998148575,1.0661160013114568,41.982042999734404,0.8755970011407044
1752,19.960517001891276,1.1947279999731109,16.995336998661514,0.9020410034281667
1753,19.72829399892362,1.1806349975813646,16.72635400245781,0.9202820001519285
1754,19.298384002468083,1.2367650015221443,16.02818399987882,1.0975229997711722
1755,19.37047699902905,1.1130230013804976,16.123833000165178,1.251690999197308
1756,19.383532999199815,1.1834869983431417,16.404890000558225,0.9395039996888954
1757,18.813233000400942,1.3137099995219614,15.31021799746668,0.9460599976591766
1758,18.670270997972693,1.1777830004575662,15.665905000787461,0.8942450003814884
1759,30.008618003193988,1.0859120011446066,26.817789002961945,1.1949690015171655
1760,22.35456400012481,1.3090239990560804,19.024678997084266,1.1620789991866332
1761,22.141156998259248,1.9278229992778506,17.406893999577733,1.6237849995377474
1762,19.95144299871754,1.8738239996309858,16.081313999166014,1.062412000464974
1763,24.09714600071311,1.1087830025644507,20.93081799830543,1.1544310000317637
1764,20.009998999739764,0.9977259978768416,15.435347999300575,1.1602279992075637
1765,19.439773001067806,2.244121002149768,15.315533000830328,1.0220040021522436
1766,18.841401000827318,1.8400269982521422,15.148754999245284,0.9928379986376967
1767,34.96952999921632,1.8917120032710955,31.056677999004023,0.9230409996234812
1768,31.997793998016277,1.9770090002566576,27.859238001838094,1.3040979974903166
1769,21.656561002600938,2.117546999215847,16.92163199913921,1.2145990003773477
1770,20.651686998462537,1.8787869994412176,16.706057998817414,1.1768570002459455
1771,19.771311999647878,1.8414709993521683,15.349921999586513,1.622543997655157
1772,19.367736000276636,1.996324001083849,15.338959001383046,1.176116998976795
1773,20.27875900239451,2.0205649998388253,16.196073996979976,1.170134997664718
1774,19.33249599824194,2.3325099973590113,14.890938000462484,1.210432001244044
1775,19.84799699857831,2.2143990026961546,15.537293002125807,1.1608940003497992
1776,19.562127003155183,1.9203419979021419,15.531570999883115,1.1737829991034232
1777,20.880816999124363,1.207802000863012,17.605227996682515,1.1842830026580486
1778,30.388101000426104,1.2855610002588946,27.241976000368595,1.0451519992784597
1779,21.83921100004227,2.166120997571852,17.29341199825285,1.4480810023087543
1780,17.88926600056584,1.1136339999211486,14.987365000706632,0.8753189977142029
1781,19.93940600004862,1.9390089983062353,16.122332999657374,0.9664490025897976
1782,18.880918996728724,1.2067280003975611,15.827701001398964,0.9923930010700133
1783,18.97005000137142,1.1176709995197598,16.035146996728145,0.8826900011627004
1784,30.210285000066506,1.207152999995742,27.01734600123018,1.0220040021522436
1785,21.67870999983279,1.0679300030460581,18.714826001087204,1.0334489998058416
1786,23.541884998849127,2.340825001738267,19.409143998927902,0.9286340027756523
1787,35.59129200220923,1.383118000376271,31.577514000673546,1.6720819985494018
1788,55.29391799791483,1.4749690017197281,52.057145003345795,0.905929999134969
1789,42.27232199991704,1.6248040010395925,38.82260299724294,0.8913189994927961
1790,27.805775000160793,1.468988000851823,24.408370998571627,1.0045229973911773
1791,18.950179000967182,1.2109499984944705,15.692146000219509,0.8795779976935592
1792,18.533103000663687,1.1828759998024907,15.447219000634504,1.0439309990033507
1793,27.886312000191538,1.1858580000989605,24.77963199999067,0.9409119993506465
1794,64.62122000084491,1.7526189985801466,60.660535000351956,0.9915600021486171
1795,27.023696999094682,1.1621720004768576,23.832718998164637,1.063171999703627
1796,20.088943998416653,1.0355420017731376,15.180606002104469,1.0302269984094892
1797,20.448147999559296,2.0998799991502892,15.898369001661194,1.5940630000841338
1798,32.89600200150744,2.843641999788815,28.009071000269614,0.9404110023751855
1799,17.943137001566356,1.1852839998027775,14.794678998441668,0.9765779977897182
1800,112.83334699692205,1.1999500020465348,107.89587999897776,0.9491159980825614
1801,20.940207003150135,2.631420000398066,16.48385299995425,0.9588010034349281
1802,20.29385099740466,1.373320999846328,17.10907800224959,0.9354490030091256
1803,21.158040999580408,1.1189500000909902,18.016655998508213,1.0949309980787802
1804,26.08332200179575,1.1830240000563208,22.31828699950711,1.2564690005092416
1805,30.011767001269618,1.043615997332381,24.490185001923237,1.1672830005409196
1806,26.187896997726057,2.8903279999212828,20.470519000809873,1.8313610016775783
1807,65.33618600224145,2.516307999030687,60.24762600281974,1.1688940030580852
1808,19.276698996691266,1.9662500017147977,15.045049996842863,1.1947089988098014
1809,54.711101001885254,1.4027659999555908,51.446567002130905,0.9755969986144919
1810,42.88010299933376,2.1758620023319963,38.890899002581136,0.8872260004864074
1811,51.380955999775324,1.2974870005564298,47.991866998927435,0.8924119974835776
1812,19.3642539998109,1.9065829983446747,14.989494000474224,0.9669490027590655
1813,21.329764000256546,1.1004120024153963,18.41780600079801,0.9146710035565775
1814,19.86001700061024,2.0112870006414596,15.976016999047715,0.942189999477705
1815,28.19099800035474,1.188432001072215,24.545000000216532,1.3264879999042023
1816,19.876016998750856,1.1760789966501761,16.871799001819454,0.9168559990939684
1817,32.833686000230955,1.903972002764931,28.80042700053309,1.1530229967320338
1818,23.13027200216311,1.2168199973530136,18.77556699764682,2.188916998420609
1819,24.918076996982563,1.1250050010858104,19.39308800137951,0.95130100089591
1820,20.794872001715703,1.9215089996578172,16.99753999855602,0.9786160007934086
1821,26.944678000290878,2.294472997164121,22.769195998989744,0.9385960001964122
1822,24.16922100019292,1.6894149994186591,19.066217002546182,2.2867879997647833
1823,25.25870799945551,1.1360789976606611,22.23402699746657,0.9264479995181318
1824,23.729090000415454,1.175117002276238,20.654501000535674,0.9976529981940985
1825,18.482936000509653,1.3859689970558975,14.396213002328295,1.1641909986792598
1826,48.41658999794163,1.2441719991329592,44.33920099836541,1.881934000266483
1827,25.49963500132435,1.1434320003900211,22.268564000114566,1.0494490015844349
1828,29.496393999579595,1.9450640029390343,25.41639399714768,1.21017199853668
1829,35.207067001465475,2.0420649998413865,31.03708599883248,1.1557640027604066
1830,19.96109099854948,1.9171390013070777,15.64518300074269,1.2021349975839257
1831,20.54557500014198,1.0950229989248328,17.504356997960713,1.051319999533007
1832,20.309593001002213,2.305825000803452,15.612367998983245,1.4619879984820727
1833,20.731389999127714,2.9794389993185177,15.933886999846436,0.8586709991504904
1834,46.895250998204574,1.3426360019366257,42.9884180011868,1.6490449997945689
1835,20.574630001647165,1.4640260014857631,16.40622299964889,1.2518950024968944
1836,19.103753998933826,1.300875999731943,15.767794000566937,0.9034299982886296
1837,21.164800000406103,1.0922830006165896,18.230137997306883,0.95457900170004
1838,21.334820001357002,1.1904310013051145,17.95663700249861,1.2412089999997988
1839,20.059294998645782,1.8517130010877736,15.919202000077348,0.8879859997250605
1840,18.467657999281073,1.17867199878674,15.48812599867233,0.8854489969962742
1841,34.982215001946315,1.1422450006648432,30.958104001911124,1.5585809996991884
1842,19.969516000855947,1.9350830007169861,15.504143997532083,1.6559709983994253
1843,39.058622998709325,2.1885649985051714,34.4556569980341,1.4118399994913489
1844,20.70402000026661,2.6929750019917265,15.351144000305794,0.8938749997469131
1845,20.348573998489883,3.6090159992454574,14.879604997986462,0.9252630006812979
1846,22.814121999545023,2.2919740003999323,18.67901100195013,0.927207998756785
1847,19.850480002787663,1.3847100017301273,16.528149997611763,0.9597079988452606
1848,19.846811999741476,1.0388379996584263,16.467407996969996,0.8926890004659072
1849,20.742001997859916,2.289307001774432,16.648280001390958,0.9392819993081503
1850,21.252836999337887,2.0126939998590387,17.15163299741107,1.1710610015143175
1851,20.114462000492495,1.8369159988651518,15.543607998552034,1.4624879986513406
1852,20.88931800244609,1.908324000396533,16.68179799889913,1.2135430006310344
1853,29.96511799938162,1.0684119988582097,26.797048001753865,1.2075430022377986
1854,20.12218399977428,1.9736390022444539,15.718979000666877,1.270561999263009
1855,19.31825399879017,1.804192997951759,15.009493999968981,0.8745230006752536
1856,19.09977300238097,1.2712650022876915,15.884295000432758,1.048987000103807
1857,19.68021899665473,1.1038939992431551,16.761817001679447,0.9106699981202837
1858,19.960017001722008,1.1473019985714927,16.94142899941653,0.9589669971319381
1859,28.728592998959357,1.1476529980427586,25.568801000190433,1.0788569998112507
1860,70.51078400036204,1.1685789977491368,67.38828800007468,0.8968190013547428
1861,21.920822000538465,1.1111530002381187,18.929845999082318,0.9241709994967096
1862,18.73671499924967,1.1668010010907892,15.601107999827946,1.0652090022631455
1863,18.764751999697182,1.182746000267798,15.638996999769006,0.9342640005343128
1864,18.275083999469643,1.2522839970188215,15.162125000642845,0.9390599989274051
1865,19.335458000568906,1.610526000149548,15.827867999178125,1.0102640007971786
1866,19.715034002729226,1.1281900005997159,16.632853999908548,1.0664670007827226
1867,18.99312399837072,1.189616999909049,16.007554997486295,0.8830039987515192
1868,18.43387999906554,1.5693589994043577,14.88399399750051,1.0007089986174833
1869,20.2835550007876,1.0990049995598383,17.242281999642728,0.9853739975369535
1870,24.95237300172448,1.5066359992488287,21.67387599911308,0.8956149977166206
1871,23.279346998606343,1.907935002236627,19.198531997972168,1.2262279997230507
1872,19.510163001541514,1.155800997366896,16.521705001650844,0.8953010001278017
1873,20.74237199849449,1.1493759993754793,17.775561998860212,0.8728559987503104
1874,19.270606000645785,1.1808199997176416,16.266648002783768,0.924226002098294
1875,220.3828550009348,1.0750789988378529,217.44011900227633,0.8840970003802795
1876,21.29402299760841,1.242154001374729,18.118267002137145,0.8966150016931351
1877,20.223018000251614,1.0916899991570972,17.214244999195216,0.9685780023573898
1878,28.777094001270598,1.1704130010912195,25.70233900041785,0.997744999040151
1879,71.29241700022249,2.351733000978129,66.77148900052998,0.8528370017302223
1880,19.84757199898013,1.1997649999102578,16.248628999164794,0.8978559999377467
1881,19.922201998269884,1.1926719998882618,15.617312001268147,1.2879320020147134
1882,19.78138600316015,1.775860000634566,15.836350001336541,1.2169119981990661
1883,20.031053998536663,3.151236000121571,15.047661003336543,0.9301339996454772
1884,26.36723199975677,2.0476580029935576,21.831989000929752,1.4103209978202358
1885,20.005590999062406,1.7983600009756628,16.077240001322934,1.178783000796102
1886,18.905067001469433,1.1720420006895438,15.837386999919545,0.9957639995263889
1887,20.487296998908278,3.143199999612989,15.567903999908594,0.8866520001902245
1888,32.474092000484234,1.2230610009282827,27.0488079986535,0.8936150006775279
1889,20.94311399923754,1.1783759982790798,17.934211002284428,0.8780589996604249
1890,18.635881002410315,1.2535790010588244,15.618219000316458,0.8696709992364049
1891,20.2516299978015,3.098013999988325,15.266272999724606,0.999115000013262
1892,22.372546001861338,1.3155240012565628,18.332712999836076,1.0201709992543329
1893,19.989831998827867,1.1030420027964283,15.254940000886563,1.1868569999933243
1894,18.72999199986225,1.2433570009307005,15.79099800073891,0.6847990007372573
1895,21.178652001253795,2.2929919978196267,16.32866700310842,0.5653730004269164
1896,19.094901999778813,1.3198759988881648,15.802072000951739,1.0379859995737206
1897,19.036419998883503,1.209894002386136,16.03909100231249,0.8799669994914439
1898,30.308064000564627,1.1738389985112008,27.318068998283707,0.9218739978678059
1899,21.166652000829345,2.552419999119593,15.683904999605147,1.9294349986012094
1900,21.69348700044793,1.123652997193858,16.553500998270465,0.9010969988594297
1901,17.917803997988813,1.1508390016388148,14.850955998554127,0.9424490017408971
1902,20.36185199904139,2.142287001333898,15.746404998935759,1.1647459978121333
1903,19.5182190000196,1.5668410014768597,16.013869000744307,1.0755420007626526
1904,22.470546002296032,2.0644350006477907,16.071961999841733,1.177561000076821
1905,20.868355000857264,2.1316950005711988,16.276537000521785,1.1868760011566337
1906,21.375800999521744,2.0381009999255184,15.67888700083131,1.1540980012796354
1907,45.1046119997045,1.880563999293372,41.21361400029855,1.149116000306094
1908,22.387139000784373,2.9872180020902306,16.993170000205282,1.1751720012398437
1909,18.102563997672405,1.2597829991136678,14.680159998533782,1.1314119983580895
1910,40.1443869996001,2.3708260014245752,35.52982800101745,0.9252819982066285
1911,23.7121259997366,1.0673569995560683,20.782871997653274,0.8941710002545733
1912,37.78878299999633,2.1082130006107036,32.25970200219308,1.8600270013848785
1913,44.985335000092164,1.8030640021606814,40.64216599726933,0.8843379982863553
1914,31.376809001812944,1.1654490008368157,27.747403997636866,1.5953219990478829
1915,22.376823999366025,1.8649899975571316,18.17606400072691,1.397913001710549
1916,20.462519001739565,2.21152900121524,15.914776002318831,1.2965049972990528
1917,20.590297997841844,2.0598240007529967,15.871517000050517,1.0343190006096847
1918,20.998651001718827,1.2407280009938404,17.48861600208329,1.3465060001180973
1919,39.08171500006574,1.9202310031687375,33.18337300152052,1.3347650019568391
1920,64.67486799738253,2.002343000640394,59.42632599908393,2.257140000438085
1921,32.570019000559114,2.139546999387676,27.609181001025718,1.6861930016602855
1922,31.890533999103354,2.6627719998941757,27.30443900145474,1.0072269978991244
1923,20.355593002022943,1.8980819986609276,14.519603002554504,1.227172000653809
1924,19.37316199837369,1.0707830006140284,15.043826999317389,0.9531530013191514
1925,29.711580002185656,2.68871600201237,24.54711199970916,1.64480400053435
1926,31.503291000262834,2.718124000239186,26.17334100068547,1.162764001492178
1927,20.656186999985948,1.991823999560438,16.060388003097614,1.402414000040153
1928,19.519514997227816,2.1653430012520403,15.37368099889136,0.9135590007645078
1929,21.9060810013616,1.492709998274222,15.357681000750745,4.1187230017385446
1930,23.903200999484397,1.4021360002516303,20.043035001435783,1.3607100008812267
1931,27.91703500042786,1.4566179997927975,24.126517000695458,0.988559997495031
1932,22.371860999555793,1.150375999714015,19.459347997326404,0.8874119994288776
1933,18.503639999835286,1.2332830010564066,15.283811000699643,1.0417640005471185
1934,18.78756700170925,1.1865800006489735,15.761590999318287,0.9743369992065709
1935,20.35933300066972,3.3293669985141605,15.172735002124682,0.9780600012163632
1936,19.640218997665215,1.1166910007887054,16.62483499967493,1.0150779999094084
1937,18.558177001978038,1.1504489993967582,15.578089998598443,0.8999670026241802
1938,18.413953999697696,1.0952279990306124,14.703732998896157,1.045523000357207
1939,29.102354998030933,1.0726720029197168,25.969636997615453,0.8826890007185284
1940,27.37366200017277,1.3618589982797857,24.226647001341917,0.8845590018609073
1941,29.560727001808118,1.2133950003772043,26.232304000586737,1.0495040005480405
1942,42.17856199829839,1.0738199998741038,38.665601998218335,1.2378940009512007
1943,20.23244399970281,1.0496530012460425,17.412672001228202,0.8947999995143618
1944,19.967887001257623,1.0402820007584523,14.922901002137223,0.9449120007047895
1945,18.285990998265333,1.9364159998076502,14.488306002022,0.9681529991212301
1946,26.309712000511354,1.2208200023451354,23.12529000118957,1.0239119983452838
1947,92.74770000047283,1.0903559996222612,89.84789000169258,0.9045410006365273
1948,19.32169900101144,1.6029510006774217,15.88079399880371,0.9133559979090933
1949,19.92086899917922,1.1733009996532928,16.893873002118198,0.9058739997271914
1950,21.143541001947597,1.105227001971798,18.259600998135284,0.887170997884823
1951,21.055798999441322,1.552728997921804,17.57163600268541,0.9335599970654584
1952,19.665756000904366,1.788212000974454,16.04670200322289,0.9159299988823477
1953,19.750015999306925,1.5299519982363563,15.088884003489511,2.1379169993451796
1954,23.090975999366492,1.1890979985764716,20.023831999424146,0.8912810008041561
1955,32.23527600130183,1.6373039979953319,28.78344599957927,0.8750410015636589
1956,18.34389799842029,1.2126719993830193,15.262051001627697,0.8824859978631139
1957,18.962105001264717,1.2935060003655963,15.458755002327962,0.9276890014007222
1958,28.48324099977617,1.120746001106454,25.60928399907425,0.8851330021570902
1959,19.85740499731037,1.9353420029801782,15.895553999143885,1.0826709985849448
1960,27.77147800225066,1.189042999612866,24.74359400002868,0.9227820009982679
1961,23.029752999718767,1.220838999870466,19.696775001648348,1.1547829999472015
1962,20.265389000996947,1.1008020010194741,17.38431999910972,0.8990789974632207
1963,22.963326999160927,1.2009319980279543,19.378217999474145,1.2569499995152
1964,35.55880999920191,1.8694529971980955,31.224809001287213,1.527748001535656
1965,24.320350999914808,2.38727000032668,19.730496998818126,0.9804859982978087
1966,20.35344500109204,1.1861169987241738,17.28393099983805,1.0047819996543694
1967,20.028997998451814,1.163300999905914,17.044891999830725,0.9033560017996933
1968,19.741127001907444,1.9598800026869867,15.987739996489836,0.9011700021801516
1969,19.77286799956346,2.2849550005048513,15.117253999051172,1.428728999599116
1970,29.89243199772318,1.1800610009231605,26.674658998672385,1.1684129967761692
1971,20.126277002418647,1.0570230006123893,14.849900999251986,1.0607269978208933
1972,43.468993997521466,2.1586209986708127,39.401957001246046,0.9271529997931793
1973,45.98161700050696,2.0704350026790053,41.867579999234295,0.9225040012097452
1974,20.437389001017436,1.191634997667279,17.426709000574192,0.950615998590365
1975,20.960799000022234,1.1138189984194469,16.77022500007297,0.8616890008852351
1976,19.04925399867352,1.5065809966472443,15.555848000076367,1.0485229977348354
1977,19.92381300078705,2.4420480003755074,15.49764500305173,0.8928749994083773
1978,19.761960000323597,2.3887330025900155,15.611700000590645,0.8886160030669998
1979,27.333975998772075,1.17881999904057,22.665770000457997,1.1909130007552449
1980,29.93641400098568,1.1917279989575036,26.704900003096554,1.1717460001818836
1981,21.303468001860892,1.17446900185314,18.038768001133576,1.153467997937696
1982,22.446304999903077,1.341598999715643,19.14034700166667,1.076485998055432
1983,20.3536119988712,1.0232819986413233,15.022124000097392,1.165172001492465
1984,21.80343199870549,1.444358000298962,18.506806998630054,0.9461519985052291
1985,29.735469001025194,1.2492100031522568,26.476194001588738,0.8915040016290732
1986,24.46846300153993,1.267395000468241,21.27805899726809,1.0068200026580598
1987,19.61442299943883,1.0576719978416804,14.633455997682177,1.0187820007558912
1988,18.179563998273807,1.194764998217579,14.889770998706808,1.107709002099
1989,23.322512999584433,1.1391910011298023,20.383166000101482,0.9264680011256132
1990,20.69122400280321,2.9362909990595654,15.506682000705041,1.2923579997732304
1991,19.727422997675603,1.272430999961216,14.630159999796888,0.9514299999864306
1992,20.1289069991617,1.3805809976474848,16.87311400019098,0.9082450014830101
1993,39.21788200023002,1.0731350012065377,35.63047699935851,1.6120809996209573
1994,19.537126001523575,2.037231999565847,14.946346000215271,1.6960079992713872
1995,30.199082000763156,1.8766560024232604,26.58410200092476,0.8847080025589094
1996,36.3984249997884,1.360283997200895,33.2407809983124,0.872485001309542
1997,23.104641997633735,1.1821529988083057,19.154456997057423,1.83206300062011
1998,31.109197003388545,1.6104700007417705,27.51029199862387,1.1102460011898074
1999,44.897963998664636,2.1015829988755286,40.60329499770887,1.2983569977222942
2000,19.528255001205252,1.2048389980918728,16.505778999999166,0.922744999115821
2001,26.558657998975832,1.053874999342952,23.707718999503413,0.8955220000643749
2002,19.41181100119138,2.114528000674909,14.955659997212933,1.079338002455188
2003,20.135517999733565,3.6628870002459735,14.419806000660174,1.1318010001559742
2004,18.963270998938242,1.53156200030935,15.645108000171604,0.889651997567853
2005,24.11231299993233,3.0438099965977017,19.040104998566676,1.1067640007240698
2006,28.680889998213388,1.1934319991269149,25.49852300217026,0.9135219988820609
2007,21.765303001302527,2.5834369989752304,17.387709001923213,0.9193190016958397
2008,19.962128000770463,2.1723060017393436,15.826146001927555,1.050171002134448
2009,17.96743399972911,1.135245998739265,14.63882600000943,1.003689001663588
2010,19.35019899974577,1.685043996985769,15.679256001021713,0.923466999665834
2011,31.44349500144017,1.4725809996889438,28.177665000839625,0.8900409993657377
2012,19.166067999321967,2.225066000391962,14.98534600250423,1.0738379969552625
2013,19.34510700084502,1.631989001907641,15.756756998598576,1.0323749993403908
2014,18.37319499827572,1.1189680008101277,15.137161000893684,1.0059859996545129
2015,39.75182900103391,1.1476899999252055,35.651422000228195,0.8772080000198912
2016,20.37855600065086,2.812716000335058,15.605664000759134,1.042892999976175
2017,19.174697998096235,1.662266000494128,15.599589001794811,0.8883560003596358
2018,18.80051099942648,1.53908099673572,15.4535149995354,0.9233010023308452
2019,19.340070000907872,1.1064680002164096,15.533089001110056,1.4968399991630577
2020,32.3942770010035,2.2831579990452155,28.271036000660388,0.9180410015687812
2021,36.75448200010578,1.1579860001802444,33.759894999093376,0.9022820013342425
2022,20.72881699859863,1.1540600025909953,17.74008099891944,0.8976329991128296
2023,62.95360100193648,1.1839870021503884,59.826234999491135,0.9741160029079765
2024,43.374993998440914,1.8220820020360406,39.77951500201016,0.8883190021151677
2025,19.734126999537693,1.6875820001587272,16.14468499974464,0.9443560011277441
2026,19.410329001402715,1.2321350004640408,16.41650099918479,0.8702439990884159
2027,23.23540199722629,1.7968600004678592,19.514662999426946,1.0289679994457401
2028,39.500846000009915,1.3023389983572997,35.79371900195838,1.1669870000332594
2029,24.189388001104817,1.2045049988955725,20.34970400200109,0.8757440009503625
2030,23.00317900153459,2.630122999107698,18.03023000320536,1.3794689984933939
2031,24.394370000663912,1.0936159997072536,19.2455689975759,0.8583919989177957
2032,19.40184799968847,1.1597829980019014,16.25927700297325,1.0689860027923714
2033,20.735112997499527,1.2892090016975999,17.67159899827675,0.8831710001686588
2034,27.986960001726402,1.108707998355385,25.112669998634374,0.8994109994091559
2035,19.258624997746665,1.1156159998790827,14.501140001812018,1.0182639998674858
2036,18.132619999960298,1.1843570027849637,14.722807998623466,1.0073570010717958
2037,18.36315700347768,1.1678200025926344,15.20479199825786,1.011856998957228
2038,38.12656299851369,1.0797270006150939,35.27903000212973,0.8940039988374338
2039,20.981205998396035,2.6727709991973825,16.197815002669813,1.1010230009560473
2040,21.27230100086308,2.3442509991582483,17.114595997554716,0.9175970008072909
2041,19.550421999156242,2.054249998764135,15.322477000154322,1.2196349998703226
2042,19.756683002924547,1.0870789992623031,16.907946999708656,0.897540998266777
2043,19.6374779989128,1.8210269990959205,15.965128000971163,0.9200589993270114
2044,19.128290998196462,1.2983759988856036,16.021739997086115,0.8780229982221499
2045,18.128897001588484,1.1407269994379021,15.101273002073867,0.8915409998735413
2046,19.422811001277296,1.3355980008782353,16.22190699708881,0.9792079981707502
2047,18.614269996760413,1.8362490009167232,14.545029000146315,1.2807650018658023
2048,36.923001000104705,2.5717900025483686,32.257794999168254,1.2435419994289987
2049,74.78571100000408,1.9637489967863075,71.02626799678546,0.889114999154117
2050,19.180901999789057,1.2790800028597005,16.073498998594005,0.8854299994709436
2051,20.337444002507254,1.6464709988213144,16.278054998110747,0.8865220006555319
2052,36.443461998715065,1.097301999834599,33.182096001837635,1.2639130000025034
2053,18.58810400153743,1.1566169996513054,15.57064499866101,0.9262819985451642
2054,21.73902399954386,1.2685609981417656,15.025679000245873,4.492279997066362
2055,21.285912000166718,1.4205429979483597,17.676617000688566,0.9698190006020013
2056,20.200850998662645,2.1091940034239087,15.2954029981629,1.3626540021505207
2057,121.9389809994027,1.85284200051683,117.80886999986251,0.8666889989399351
2058,20.805299001949606,1.0220969998044893,15.531015997112263,1.068781999492785
2059,57.52196499815909,3.0014020012458786,51.993052002217155,1.6315820030285977
2060,22.926956000446808,2.0263990008970723,17.08659599898965,1.511432998086093
2061,20.259204000467435,1.9414529997447971,15.819127002032474,1.3092469998809975
2062,37.0377239996742,2.034102002653526,30.15393399982713,1.919952999742236
2063,20.662834998802282,1.9479160000628326,15.723368000180926,1.288561998080695
2064,20.12996200210182,2.472233998560114,15.00886400026502,1.4840620024187956
2065,20.85055700081284,2.013749999605352,16.6628720035078,1.2770799985446502
2066,26.339249998272862,1.8931750018964522,20.017776001623133,1.9613789991126396
2067,63.05776800218155,2.162825003324542,57.119260000035865,1.2620250017789658
2068,20.059869999386137,1.8549530032032635,15.698553001129767,1.6314519998559263
2069,23.54149600068922,2.0871400010946672,19.10338400193723,1.4117649989202619
2070,25.83646899802261,2.351510996959405,21.43213500312413,1.1579860001802444
2071,20.057221001479775,1.8289899999217596,15.844830999412807,1.472765998187242
2072,19.886756999767385,2.172602999053197,15.613218998623779,1.1967650025326293
2073,19.92538699778379,1.8287300008523744,15.988294999260688,1.2238210001669358
2074,19.598219001636608,1.839841999753844,15.246476999891456,1.6139889994519763
2075,18.418138999550138,1.1616539995884523,15.365662999101914,0.9240600011253264
2076,43.508439001016086,1.4001919989823364,40.21531299804337,0.9109300008276477
2077,22.336898000503425,2.6253819996782113,17.63604399820906,1.0895049999817275
2078,19.696940998983337,1.0357089995522983,15.27216300019063,0.8762260004004929
2079,18.679307999263983,2.1457690017996356,14.654788999905577,0.9343750025436748
2080,19.63468200119678,1.7940640027518384,15.921887999866158,0.9290409980167169
2081,20.170887997664977,1.818490000005113,16.26213000054122,1.1797459992521908
2082,19.962202000897378,1.3970620020700153,15.055939002195373,0.9306149986514356
2083,36.99794600106543,1.9375820011191536,33.002927997586085,1.1006899985659402
2084,57.154816000547726,1.8068040008074604,53.34696499994607,1.1499129977892153
2085,72.93160900007933,1.8619340007717256,68.90818399915588,1.2980430001334753
2086,18.965420000313316,1.2046160009049345,15.223975999106187,0.8778560004429892
2087,19.585588997870218,1.9170460000168532,15.833109002414858,0.8873560000211
2088,19.02288299970678,1.4632840029662475,15.625664000253892,1.0451900016050786
2089,19.44736600125907,1.1117270005343016,16.31527800054755,1.1495229991851375
2090,35.84664499794599,1.3584689986601006,31.31123500133981,0.954392999119591
2091,52.817833002336556,1.1611170011747163,49.85141200086218,0.8728009997867048
2092,19.466180998279015,1.547989002574468,15.152550000493648,1.1144119998789392
2093,38.05796999949962,1.0769860018626787,35.20293800102081,0.908022000658093
2094,20.890280000458006,1.059967002220219,15.680609001719858,0.9432629994989838
2095,19.260125001892447,2.217899000243051,15.21069900263683,0.9047269995789975
2096,34.92758399806917,1.1944689977099188,30.657342998893,1.5405440026370343
2097,32.92340900225099,2.234491999843158,28.495221999037312,1.262672998564085
2098,22.377638997568283,1.2265799996384885,17.93284099767334,1.5169699981925078
2099,18.82434500294039,2.1063430031063035,14.755419000721304,1.005633999739075
2100,22.749566996935755,1.7442680000385735,19.161752999934833,0.9051900015037972
2101,21.853247002582066,3.121681002085097,16.314352997142123,1.3258760009193793
2102,39.811866998206824,1.1778379994211718,36.306350000813836,1.430635998985963
2103,30.574954002076993,1.1832830023195129,27.582162998442072,0.9038740026880987
2104,30.229007999878377,1.2371539996820502,27.129160000185948,0.9448740020161495
2105,28.310739999142243,1.8777679979393724,23.553588998765917,1.5442479998455383
2106,38.12013599963393,3.0127729987725616,33.13029899800313,1.0412829979031812
2107,19.523052000295138,2.2503619984490797,15.282829001080245,1.0428380010125693
2108,30.044950999581488,1.9003050001629163,26.153934002650203,1.1023570004908834
2109,20.584465000865748,2.3694189985690173,16.380203996959608,0.9521520005364437
2110,26.90086299844552,2.592344997538021,22.481584001070587,0.9454300015931949
2111,22.112655999080744,1.9835650018649176,18.12184200025513,1.082319999113679
2112,18.544214002758963,1.742988999467343,15.011458002845757,0.891818999662064
2113,29.521393997129053,1.1246909998590127,26.168062999204267,1.307783997617662
2114,19.800238002062542,1.8484720021660905,15.660645000025397,0.8896340004866943
2115,18.413323999993736,1.8966750030813273,14.501973000733415,1.0763380014395807
2116,18.580695999844465,1.1387649974494707,15.174308999121422,0.868484999955399
2117,27.736052001273492,1.025616002152674,24.963077001302736,0.8755779999773949
2118,19.98527599789668,1.8814899995049927,16.09805399857578,1.0713569972722325
2119,18.850807999115204,1.7189149984915275,15.188568999292329,0.8672270014358219
2120,20.289259002311155,3.322866999951657,15.142642998398514,0.898985999810975
2121,19.54192300036084,1.2849319973611273,16.427296999609098,0.8877639993443154
2122,23.713255999609828,1.209783000376774,20.68889099973603,0.8932819982874207
2123,36.983964000683045,2.2024729987606406,32.824075999087654,1.0277820001647342
2124,24.434555998595897,2.633697000419488,20.036016998346895,0.9095409986912273
2125,24.710019999474753,1.199949998408556,21.567154002696043,0.8985779968497809
2126,18.761473998893052,1.459728999179788,15.196699001535308,0.8974670017778408
2127,19.113402002403745,1.242690999788465,16.015480003261473,0.8838370013108943
2128,19.484273998386925,1.7947119995369576,15.945425002428237,0.8766149985603988
2129,19.028883001737995,1.5597109995724168,15.272458000254119,1.274987000215333
2130,18.61678799832589,1.190487000712892,15.648404001694871,0.9007629996631294
2131,26.85810399998445,1.4696170001116116,23.570108001877088,0.8678379999764729
2132,24.81565000198316,1.073244999133749,21.945248001429718,0.9116340006585233
2133,54.49171099826344,1.190524002595339,51.45540000012261,0.9325600003649015
2134,19.415218001086032,1.3141730014467612,16.147868998814374,1.041096998960711
2135,19.16291999805253,1.2416530007612891,15.917554002953693,1.000874999590451
2136,28.34103700297419,1.1228939983993769,25.169706997985486,1.1002270002791192
2137,19.113067999569466,1.1220419983146712,16.16279599693371,0.8985960012068972
2138,19.02040099957958,1.4066920011828188,15.831794000405353,0.886022000486264
2139,19.567385999835096,1.2076540006091818,16.283723001834005,1.1220970009162556
2140,56.36514499929035,1.0745969993877225,53.18563100081519,1.264616999833379
2141,18.297306000022218,1.185912999062566,15.303439999115653,0.9027640007843729
2142,17.97367399922223,1.2226899998495355,14.860568000585772,1.0239670009468682
2143,17.52609799950733,1.1920420001843013,14.507953997963341,0.8962450010585599
2144,33.73289500086685,1.1086349986726418,30.8366949975607,0.879540999449091
2145,17.760692000592826,1.2383940011204686,14.474046998657286,0.9969860002456699
2146,18.6058809995302,1.2513209985627327,15.5333669972606,0.9145959993475117
2147,17.817580999690108,1.2479319993872195,14.53560299705714,1.059207999787759
2148,21.565431001363322,1.1226159986108541,18.230916000902653,1.3322289996722247
2149,24.838779998390237,1.2644130001717713,21.754135999799473,0.89311500050826
2150,28.215738999278983,1.1430049999034964,25.086596000619465,1.0983939973812085
2151,18.636789001902798,1.1788939991674852,15.655367998988368,0.8871699974406511
2152,20.921316998283146,1.230986999871675,17.872487998829456,0.8833370011416264
2153,29.46948600219912,1.2409869996190537,26.383323998743435,0.8955420016718563
2154,29.981118001160212,1.0968570022669155,26.92267800011905,1.050060000125086
2155,20.952854996721726,1.001060001726728,16.142074000526918,0.8862270005920436
2156,18.933179002488032,1.0320600013074,15.265976999216946,0.8915219987102319
2157,45.43105799893965,0.9789309988263994,42.101765000552405,0.9451890000491403
2158,21.659136000380386,3.156237002258422,16.68944699849817,0.9489490003034007
2159,22.95138200133806,1.8409900003462099,17.028522001055535,1.046893998136511
2160,19.439847998000914,2.1867319992452394,15.414791996590793,0.9120040012930986
2161,19.77936700131977,1.9550649994926061,15.851368003495736,1.0363930014136713
2162,22.44832499854965,3.7971840029058512,16.80042799853254,0.9578380013408605
2163,32.51303700017161,1.1682460026349872,29.4333199999528,1.0018559987656772
2164,34.687286999542266,1.1157640001329128,31.732348001241917,0.9385779994772747
2165,18.453010001394432,1.0888569995586295,15.49919999888516,0.8946890011429787
2166,92.81245899910573,2.460141000483418,88.00032599901897,1.063134001014987
2167,25.45724599985988,1.200709000841016,22.06011799717089,1.2037090018566232
2168,19.308050999825355,1.9031570009246934,15.603144998749485,0.9255219993065111
2169,18.25545300016529,1.1312269998597912,15.215309998893645,0.934911997319432
2170,20.735465001052944,3.4311640010855626,15.53305199922761,0.8855409978423268
2171,19.007382998097455,1.2385059999360237,15.944554001180222,0.8514669971191324
2172,93.63629600193235,1.3781909983663354,90.48839299794054,0.8902629997464828
2173,19.45455199893331,1.5575619981973432,16.061035999882733,0.8584489987697452
2174,19.369940000615316,1.079837998986477,16.12114800082054,1.2829879997298121
2175,26.070618001540424,1.2343579983280506,22.67008499984513,1.2481539997679647
2176,20.050887997058453,1.1064869977417402,16.903725001611747,1.1972280008194502
2177,19.458533002762124,1.167801001429325,16.471481998451054,0.899634000234073
2178,19.068067998887273,1.1615059993346222,15.920960999210365,1.0459490003995597
2179,21.9789340007992,1.2114870005461853,18.216582997411024,1.5578220009047072
2180,29.11403899997822,1.0705790009524208,26.239988997986075,0.9364489997096825
2181,26.353434997872682,1.163726999948267,23.174180001660716,1.0866160009754822
2182,21.40581999992719,1.1661350035865325,18.401934998109937,0.9230780015059281
2183,49.78170799950021,1.2009689999104012,46.76882400235627,0.8854480001900811
2184,24.94224300244241,1.1075789989263285,21.924117998423753,0.9298559998569544
2185,18.818714997905772,1.1599680001381785,15.691868000430986,1.0379860032116994
2186,18.564288002380636,1.1466169999039266,15.625164000084624,0.9035230032168329
2187,23.107160999643384,1.6266559978248551,19.60442299969145,0.9093749977182597
2188,24.421963000349933,1.1480980028863996,20.938372999808053,1.0319870016246568
2189,26.013544000306865,1.1570059978112113,23.034623001876753,0.9178559994325042
2190,19.53099699676386,1.0263570002280176,15.92183200045838,0.9008740016724914
2191,19.202606003091205,1.5733040017948952,15.569552000670228,1.0210600012214854
2192,26.64584299782291,1.801786002033623,22.64169600312016,1.3413209999271203
2193,23.938646001624875,1.1954680012422614,20.450333999178838,1.3280800012580585
2194,18.96927199777565,1.2453390008886345,15.769904999615392,1.0355049998906907
2195,18.733992001216393,1.7705450009088963,14.92999399852124,1.0690600029192865
2196,47.03904800044256,1.8879529998230282,42.35432199857314,1.863674999185605
2197,19.66853399790125,1.5127110018511303,15.616218999639386,1.0251519997837022
2198,19.973627000581473,1.404284001182532,16.395834001741605,1.2174130024504848
2199,21.31067200025427,1.3955989998066798,17.891710998810595,1.0194490023422986
2200,21.021632001065882,1.3410059982561506,17.86261900269892,0.8929670002544299
2201,18.933716000901768,1.132078999944497,15.924479001114378,0.9211159995174967
2202,21.732765999331605,1.6061360001913272,18.297508999239653,0.9168559990939684
2203,18.93662300062715,1.2022829978377558,15.929646000586217,0.8728930006327573
2204,35.58832799899392,2.7201230004720856,30.81551099967328,1.110041997890221
2205,21.67746900158818,1.7587299989827443,17.5394870020682,1.2664870009757578
2206,20.092498998565134,1.268579999305075,16.896262000955176,0.927207998756785
2207,18.630621998454444,1.212339000630891,15.505458999541588,0.9428560006199405
2208,79.18513800177607,3.055236000363948,74.10596699992311,1.1549680020834785
2209,21.61917299963534,2.397528998699272,16.913761999603594,1.1875060008605942
2210,28.725371001200983,2.1935100012342446,24.24222199988435,1.220838999870466
2211,28.280906997679267,1.1432649989728816,25.043761997949332,1.1772649995691609
2212,21.091596001497237,2.2373249994416256,16.340166999725625,1.5361189980467316
2213,21.974266001052456,1.3362470017455053,18.19669399992563,0.989467000181321
2214,31.17684599783388,1.1675610003294423,28.15199800170376,0.9653190027165692
2215,18.63299199976609,1.2284500007808674,15.471292001166148,0.9045229999173898
2216,24.669538001035107,2.2012509980413597,20.45166700190748,1.0964499997498933
2217,23.0145489986171,1.1829690010927152,19.417402996623423,1.4808949999860488
2218,30.582454000978032,1.1455610001576133,26.97084499959601,1.5872850017331075
2219,19.65759000086109,1.0223940007563215,15.218051001284039,0.9388370017404668
2220,45.32779899818706,2.0132869976805523,38.95899200142594,0.8373550008400343
2221,30.752677001146367,1.1463940027169883,27.46366200153716,1.2382100030663423
2222,19.666348001919687,1.1889500019606203,16.55203799964511,0.9952639993571211
2223,18.913382999016903,1.3766550000582356,15.567903999908594,0.9005220017570537
2224,38.10234000047785,1.125709000916686,35.14943700065487,0.9392639985890128
2225,22.069636997912312,1.5146740006457549,18.54865799759864,1.077245000487892
2226,20.091739999770653,1.9849910022458062,15.856460999202682,1.3793210018775426
2227,32.09123800115776,1.2169499968877062,28.56916700329748,1.4103210014582146
2228,22.652085001027444,2.1587509982055053,18.07063699743594,1.2727649991575163
2229,20.57570499891881,1.976879000721965,16.92392800032394,0.5664099990099203
2230,20.292555000196444,1.823175000026822,16.149795999808703,1.461822001147084
2231,18.892475000029663,1.8735079975158442,14.872327003104147,1.256413001101464
2232,19.85316399805015,2.1954169969831128,15.529701002378715,0.969374999840511
2233,18.99686500109965,1.2340979992586654,15.812702000403078,1.0017260028689634
2234,21.617302001686767,1.1086160011473112,18.71378899886622,0.8817809975880664
2235,23.07786399978795,1.1557650032045785,19.847441999445437,1.0744859973783605
2236,109.49964599785744,1.3490609999280423,105.96835300020757,1.1287460001767613
2237,17.913359999511158,1.227597997058183,14.891752998664742,0.7937070004118141
2238,25.53187500234344,1.11285700040753,22.970641999563668,0.6017619998601731
2239,19.244013998104492,1.2016720029350836,16.16712900067796,0.9837639991019387
2240,33.847839000372915,1.338968999334611,30.492917001538444,0.9554669995850418
2241,18.319804999919143,1.3599140002042986,15.103828001883812,0.9221339969371911
2242,89.18268400157103,1.2354319987935014,86.03105800284538,1.0341529996367171
2243,24.943298998550745,1.175356999738142,21.97171100124251,0.8920969994505867
2244,32.17692399994121,1.207190998684382,29.14557700205478,0.8884670023689978
2245,36.58483300023363,1.13611699998728,33.51870799815515,0.9726339994813316
2246,34.74712100069155,1.005523001367692,31.301363997044973,0.972579000517726
2247,70.78274800005602,1.1129500016977545,67.76317899857531,0.9930039996106643
2248,23.746589999063872,2.666197000507964,17.854415000329027,2.2906769991095643
2249,21.929729002295062,1.98336100220331,17.050708000169834,1.6548780004086439
2250,20.579852996888803,2.0897690010315273,16.156388002855238,1.4287100020737853
2251,21.370393002143828,1.8947680000565015,17.10083799844142,1.4562100004695822
2252,19.06434600095963,1.8742120009846985,15.05177199942409,1.2403759974404238
2253,18.532658999902196,1.5486930024053436,15.145236000535078,0.9081890020752326
2254,21.23952199690393,3.7488689995370805,15.047716999106342,1.5518779982812703
2255,51.042214003246045,1.8197310018877033,47.22665900044376,1.1180980000062846
2256,26.319082997360965,1.7454890003136825,22.544010000274284,1.1479679997137282
2257,20.370630001707468,1.9660830002976581,15.753904997836798,1.5526179995504208
2258,22.145951999846147,3.0583839979954064,15.087976000359049,1.5902669983915985
2259,19.65155300058541,2.603419001388829,15.144680000958033,0.8824110009300057
2260,21.49500499945134,2.7555490014492534,16.91990999825066,0.9181899986288045
2261,27.2764939982153,2.127490999555448,23.02255000176956,0.9523010012344457
2262,18.796827000187477,1.206320997880539,15.429162001964869,1.2178580000181682
2263,27.90249700046843,0.997744999040151,24.9137430000701,0.8886709983926266
2264,41.404835999856004,4.410871999425581,35.18703000008827,0.9008369997900445
2265,19.623905001935782,2.0832680020248517,15.718885999376653,0.9242820015060715
2266,18.76386299773003,1.0519870011194143,14.885308999510016,1.1423200012359302
2267,18.691528999625007,1.9062310020672157,14.88538199919276,0.9936899987224024
2268,19.681664001836907,2.5316040009784047,15.417496000736719,0.8708739987923764
2269,19.282346998807043,1.1837279998871963,16.25490700098453,0.9106529978453182
2270,25.395560001925332,1.7571190001035575,21.820728998136474,0.9130050020758063
2271,55.231824997463264,2.8669210005318746,50.36739599745488,1.044911998178577
2272,37.33539200038649,1.907026999106165,33.658708998700604,0.8989669986476656
2273,62.267321001854725,1.8016560024989303,57.29857599726529,1.3928400003351271
2274,20.106072999624303,2.171268999518361,15.325458996812813,1.451487998565426
2275,21.050669998658122,3.2431629988423083,15.481200000067474,1.4424690016312525
2276,21.71130200076732,1.0693200019886717,16.765686999860918,1.4590250029868912
2277,40.66551800133311,1.6872289997991174,37.0982059976086,0.8986339998955373
2278,20.625204997486435,2.238028999272501,15.991258002031827,1.4949690012144856
2279,20.028499002364697,1.8820639998011757,15.914886997052236,0.8633930010546464
2280,36.39190600006259,1.1910430002899375,32.63901899845223,0.8799120005278382
2281,29.11468799720751,1.9452129999990575,25.129114001174457,1.129337997554103
2282,26.468343003216432,1.0723380000854377,21.654912998201326,1.6888780010049231
2283,21.828672997799003,1.9535649989848025,16.251167002337752,1.2429679991328157
2284,20.145665999734774,1.9203979973099194,16.169555001397384,1.153080000221962
2285,32.84533500118414,2.3079369966581,27.30517899908591,1.8292870008735918
2286,37.84387599807815,1.8041010007436853,33.69480100082001,0.9536519974062685
2287,96.12049200222827,1.2107279981137253,92.9468860013003,1.0977830024785362
2288,20.267593001335626,1.074190000508679,15.421643998706713,1.241431000380544
2289,33.22907699839561,1.1766349998652004,30.224619000364328,0.8631339987914544
2290,37.95219099993119,1.1957829992752522,33.73941300014849,1.1726900011126418
2291,32.893278999836184,2.143195000826381,28.820095001719892,0.9707819990580902
2292,19.78470099857077,2.3966410008142702,15.148253998631844,1.3254869991214946
2293,18.87566000004881,1.1813199998869095,15.659848999348469,1.0558379981375765
2294,20.06431400150177,1.5633959992555901,16.20018500034348,1.3576170022133738
2295,20.296425998822087,1.1465239986137021,17.278837996855145,0.8810229992377572
2296,18.34134200180415,1.5049320027173962,15.01795699732611,0.903836997167673
2297,18.80734500082326,2.003490997594781,14.8110310001357,0.9908560023177415
2298,18.809659999533324,1.169931001641089,15.832016000786098,0.8872450016497169
2299,24.0313869981037,1.123189998907037,19.97094299804303,1.5986190010153223
2300,20.897465001326054,2.321732998098014,16.643520000798162,0.8773740009928588
2301,20.39588899788214,1.335617998847738,17.219263998413226,0.8757449977565557
2302,20.941206999850692,1.2496730014390778,17.840284999692813,0.9385599987581372
2303,21.219800000835676,1.8459530001564417,16.963170000963146,1.3125240002409555
2304,19.72359000137658,1.6863220007508062,16.233499001828022,0.9151519989245571
2305,20.377110999106662,1.0165239982597996,15.461866001714952,0.918929999897955
2306,18.990494001627667,1.1563199986994732,15.72203400064609,1.2538199989649002
2307,19.13329099988914,1.0208940002485178,15.862257001572289,0.881560001289472
2308,18.779214999085525,1.4228220024961047,15.533551999396877,0.87317100042128
2309,56.95640699923388,1.3751359983871225,51.93414400127949,0.8880779969331343
2310,19.21201300137909,1.2299689988140017,15.769256999192294,0.8875970015651546
2311,38.21187799985637,1.3050800007476937,32.94479799660621,1.165171997854486
2312,19.154939000145532,1.9526379983290099,15.432069998496445,0.8966150016931351
2313,53.06716699851677,1.1052830013795756,49.63653999948292,1.0511520013096742
2314,19.111716999759665,1.0161530008190311,14.685696001834003,1.0576160020718817
2315,24.483204000716796,1.1583199993765447,20.988522002880927,1.0947640002996195
2316,21.595838999928674,2.352120998693863,17.01550299912924,0.8496890004607849
2317,18.568381001387024,1.2799680007447023,15.312847997847712,0.9511519965599291
2318,19.429791998845758,1.0878199973376468,15.238736003084341,1.1790429998654872
2319,26.48567600044771,1.1108020007668529,23.428364998835605,1.002356999379117
2320,19.561015000363113,1.5093029978743289,15.849163999519078,1.2846169993281364
2321,19.006548998731887,1.2962840010004584,15.836645998206222,0.9329669992439449
2322,19.198420999600785,1.472803000069689,15.884035998169566,0.9864860003290232
2323,20.723409001220716,1.1048199994547758,17.599265000171727,1.0403939995740075
2324,24.02199800053495,1.2583579991769511,20.92611400075839,0.9416889988642652
2325,36.34251699986635,1.8762670006253757,32.55329699823051,0.9478749998379499
2326,21.70428399767843,1.0544489996391349,17.051003000233322,1.030227002047468
2327,21.369098001741804,3.3399599997210316,16.09916600136785,1.0420789985801093
2328,20.89520599838579,1.0282449984515551,15.689256997575285,0.9402450014022179
2329,19.314902001497103,0.9890050023386721,15.486921998672187,1.1738749999494758
2330,19.766868001170224,1.014411998767173,15.352070000517415,0.9039860015036538
2331,19.642552997538587,2.5785850011743605,15.01108699812903,0.9019850003824104
2332,39.390734000335215,1.5783220005687326,35.91736799717182,0.9198000007017981
2333,18.967326999700163,1.5460989998246077,15.460589002032066,1.0081709988298826
2334,30.849233000481036,1.9765830002143048,23.833256000216352,2.513863000785932
2335,30.100971001957078,1.833546000852948,25.710580001032213,1.3127279999025632
2336,76.34608799708076,1.8976380015374161,71.39799099968513,1.6985999973258004
2337,20.201425002596807,1.778229998308234,16.01227699939045,1.4987659997132141
2338,19.183958000212442,1.9480459995975252,14.847604998067254,1.223893999849679
2339,60.60671999875922,2.055582997854799,55.339734000881435,1.405580002028728
2340,18.41402799982461,1.1889499983226415,15.382440000394126,0.9521160027361475
2341,28.370444000756834,0.986115999694448,23.399958001391497,0.9680050025053788
2342,19.869645999278873,2.7062529989052564,15.362440000899369,0.9049850013980176
2343,27.76319999975385,2.2529179987031966,23.06606799902511,1.4994699995440897
2344,19.77255300153047,1.9625090026238468,15.31049500044901,1.6096369981823955
2345,22.046525999030564,1.7388229971402325,16.02679500138038,1.2546359976113308
2346,19.110958000965184,2.6061600001412444,14.784956001676619,0.8030780008994043
2347,17.74843199746101,1.317618000030052,14.560492996679386,0.7692260005569551
2348,83.22028600014164,1.203116997203324,80.47290299873566,0.6584659968211781
2349,20.601224001438823,0.9902450001391117,15.654737999284407,0.6079099985072389
2350,19.31856900046114,1.862564000475686,16.034147000027588,0.5626870006381068
2351,18.853289999242406,1.9482679999782704,15.136846999666886,0.75996699888492
2352,18.530788001953624,1.9563050009310246,15.151791001699166,0.5618540017167106
2353,19.332328000018606,1.170468000054825,14.911567999661202,0.6112060000305064
2354,19.967849999375176,1.7910079986904748,16.048887999204453,1.2548019985842984
2355,30.77199199833558,1.8352120023337193,26.842789000511402,1.1497090017655864
2356,20.75578000221867,1.9926950008084532,16.44905600187485,1.3671349988726433
2357,21.941710998362396,1.7091740010073408,16.49366700075916,1.3489139964804053
2358,21.75196900134324,1.7140629970526788,15.990388001227984,1.181375999294687
2359,21.063576998130884,1.8436010032019112,16.934687999309972,1.3175060012144968
2360,21.154781999939587,1.7310270013695117,15.08875400031684,1.160783001978416
2361,21.141337001608917,1.7925270003615879,15.70303500193404,1.3548950009862892
2362,19.013753000763245,1.828748998377705,14.997641999798361,1.332597999862628
2363,19.666848998895148,1.8820459990820382,15.732793999632122,1.1513199970067944
2364,22.22606400027871,2.801586997520644,16.98755799952778,1.3437089983199257
2365,28.80857499985723,1.003541998215951,24.38053699734155,0.9563929997966625
2366,20.543056998576503,1.4246169994294178,17.153577999124536,1.0336340019421186
2367,18.52712099935161,1.1908580017916393,15.42873699872871,0.9764859969436657
2368,20.08616600141977,2.0056940011272673,16.093090998765547,0.9852449984464329
2369,20.372425999084953,1.0160239980905317,15.569404000416398,0.9761900000739843
2370,18.34587900157203,1.1748390024877153,15.368403001048137,0.8903009984351229
2371,18.30536099805613,1.256079998711357,14.980087002186337,1.0716159995354246
2372,19.687108000653097,2.468455000780523,15.351162001024932,1.0167639993596822
2373,19.862127999658696,1.0274680025759153,15.183662002527853,0.9506150017841719
2374,19.039994000195293,1.2031910009682178,15.858423997997306,1.0773389985843096
2375,24.03835000222898,3.9725739989080466,18.148896997445263,0.8772629989834968
2376,48.29325699756737,2.78573499963386,43.69734700230765,0.9101340001507197
2377,19.530366000253707,1.2017100016237237,15.554273999441648,0.9149119978246745
2378,19.830794000881724,1.4343030015879776,16.62544600185356,0.8992999973997939
2379,18.769270998745924,1.2552650005090982,15.753108000353677,0.8931709999160375
2380,20.27596300104051,1.1003940016962588,15.439441001944942,0.9326519975729752
2381,41.033815999981016,1.141561002441449,37.78393100219546,1.168875998700969
2382,20.76202000171179,1.862416000221856,15.881182996963616,1.7549149997648783
2383,25.307559997600038,2.131583998561837,20.559166998282308,1.6463590000057593
2384,21.878376999666216,1.7948229979083408,18.332435000047553,0.9063750003406312
2385,47.48462399948039,1.9410639979469124,43.17523400095524,0.889188999281032
2386,19.487310000840807,1.2203200021758676,16.246295999735594,0.9152269994956441
2387,25.016096002218546,1.1626350024016574,21.907877999183256,0.9557819976180326
2388,18.871492997277528,1.2136540026403964,15.882071998930769,0.8915409998735413
2389,61.4676130026055,1.580062002176419,57.69459599832771,1.2278209978831
2390,46.07861699696514,1.1106349993497133,42.38032200009911,1.5501919988309965
2391,21.031096002843697,1.1922279991267715,16.48405699961586,0.9092450018215459
2392,18.38082399990526,1.640692000364652,14.727975001733284,0.993819998257095
2393,20.300648000556976,1.0226530030195136,15.776682997966418,0.9943570003088098
2394,21.66515399949276,1.081671998690581,18.7611969995487,0.9411159990122542
2395,20.080498998140683,1.3018389981880318,16.831539000122575,0.9531520008749794
2396,20.21151799999643,1.1234129997319542,17.32072699815035,0.8963190011854749
2397,20.47351900182548,1.236172000062652,16.675650000252062,0.9569120011292398
2398,18.59743599925423,1.2064859984093346,15.460255999641959,0.9863560007943306
2399,22.80658599920571,1.2820619995181914,18.99619699906907,1.526488002127735
2400,42.554452000331366,1.989768999919761,38.72337999928277,1.0099870014528278
2401,18.50793600169709,1.1775599996326491,15.487163000216242,0.8998930024972651
2402,18.913345997134456,1.1411720006435644,15.931350000755629,0.9255219993065111
2403,22.802715000580065,1.45080299989786,19.489996000629617,0.9015050018206239
2404,28.34690600138856,2.3644920001970604,24.082906002149684,1.0086350011988543
2405,74.69821099948604,1.8912870000349358,70.84765599938692,1.0249120023217984
2406,23.201642001367873,1.1223200017411727,20.26546200067969,0.9471339981246274
2407,21.308616000169422,2.385973999480484,16.991929998766864,0.9710599988466129
2408,18.77725199665292,1.1692459993355442,15.771572001540335,0.8857639986672439
2409,19.726775000890484,1.933602001372492,15.688941999542294,1.1537649988895282
2410,28.146794000349473,1.0356530001445208,25.302318998001283,0.8988560002762824
2411,20.155813999735983,2.42125099975965,15.86086899988004,0.8999300007417332
2412,18.817326999851502,1.3468959987221751,15.542273999017198,0.9846520006249193
2413,21.597487000690307,1.7169710008602124,18.043805001070723,0.8787260012468323
2414,34.54550899914466,2.2938809997867793,30.42217600159347,0.9594309995009098
2415,24.50949999911245,1.9653420022223145,19.941034999646945,1.655674001085572
2416,19.834164002531907,1.2777840020135045,16.70809400093276,0.9334669994132128
2417,18.706214999838267,1.5941190031298902,14.93230800042511,0.9573559982527513
2418,19.493495998176513,2.0835830000578426,15.47551499970723,1.0478389995114412
2419,19.343236002896447,1.5327660003094934,15.959814001689665,0.8978750011010561
2420,19.39112599939108,1.3224879985500593,16.26196299912408,0.8963369982666336
2421,19.007844999578083,1.339228001597803,15.879923997999867,0.8993560004455503
2422,18.867807997594355,1.6283599979942665,14.925160001439508,0.9636710019549355
2423,18.3061390016519,1.3320059988473076,15.058215998578817,0.980207998509286
2424,27.671366999129532,1.0906160023296252,24.377740002819337,1.196708999486873
2425,20.01657200162299,1.1835229997814167,17.031040999427205,0.864022000314435
2426,37.819728000613395,2.317917998880148,33.68413499993039,0.9202080000250135
2427,19.702292996953474,1.8139339990739245,16.015295001125196,0.9076149981410708
2428,20.63057600025786,1.137413000833476,15.285754998330958,1.0017640015576035
2429,49.15687200264074,1.138283001637319,46.20832100044936,0.880226001754636
2430,18.357026998273795,1.4842840027995408,14.905048999935389,0.9491160017205402
2431,19.97014700100408,3.245384999900125,14.622233000409324,1.1770429991884157
2432,86.23278099912568,3.4654049995879177,80.88905299882754,0.9634489979362115
2433,20.54061200033175,0.9814309996727388,16.148665999935474,0.899745002243435
2434,19.523570001183543,1.1306720007269178,16.565019999688957,0.9020229990710504
2435,32.42375899935723,2.168861999962246,28.455851999751758,0.8817260022624396
2436,22.427194999181665,1.1551530005817767,18.80282599813654,1.5532110010099132
2437,20.271351000701543,1.3681919990631286,16.58759400015697,0.8922079978219699
2438,23.59829299894045,4.953689000103623,16.788501998235006,0.9509480005363002
2439,32.67300000152318,2.747865000856109,28.107572998123942,0.8827630008454435
2440,33.16859500046121,1.0439489997224882,28.211980003106873,0.897838002856588
2441,20.39887099817861,1.9939349986088928,16.580482999415835,0.8846529999573249
2442,44.226608999451855,1.1781909997807816,40.83881599945016,0.961374997132225
2443,19.51445899976534,2.2968989978835452,15.16095799888717,1.0698939986468758
2444,36.40659099983168,1.2022650007565971,33.23079999972833,1.0738380005932413
2445,40.1183680005488,1.402914000209421,36.13692399812862,1.406265000696294
2446,20.569538002746413,1.0851529987121467,16.70531700074207,0.967281997873215
2447,19.804700998065528,2.059694001218304,15.856682999583427,0.9617079995223321
2448,20.729798001411837,1.0938570012513082,17.64943200032576,1.0804310004459694
2449,20.17470300052082,2.2077879984863102,16.016980000131298,1.0185410028498154
2450,78.51819099960267,1.1145610005769413,75.58576999872457,0.9443189992452972
2451,29.712208997807465,2.2039729992684443,25.602006000553956,0.9420219976163935
2452,21.768803002487402,1.1053570015064906,18.64628900148091,1.085670999600552
2453,26.949251998303225,1.5048770001158118,22.21406399985426,1.0364500012656208
2454,18.724362998909783,1.2102830005460419,15.670200999011286,0.9508750008535571
2455,25.95576600288041,1.092578997486271,23.064845998305827,0.897652000276139
2456,19.542329999239882,1.4791180001338944,16.076757998234825,1.0241889976896346
2457,27.425809999840567,1.035375000355998,23.85092300028191,0.891633997525787
2458,31.707254998764256,1.0060040003736503,27.797923001344316,1.1511910015542526
2459,20.442536999325966,1.4842840027995408,14.310842998384032,1.1169869976583868
2460,45.903542999440106,2.1612870004901197,41.649540999060264,1.1857469980895985
2461,22.121378002339043,4.275742001482286,15.139625000301749,1.2705979970633052
2462,19.360440001037205,1.1219499974686187,15.513237001869129,1.008912000543205
2463,18.66030699966359,1.142209002864547,15.592570998705924,0.9708940015116241
2464,19.048697999096476,1.154338002379518,15.997647002222948,0.9684490032668691
2465,27.635274000203935,1.8083970026054885,23.49614400009159,1.41663600152242
2466,38.79130600034841,1.099282999348361,35.746662000747165,1.0652269993443042
2467,25.679338999907486,1.8388409989711363,21.75013599844533,1.1769679986173287
2468,26.86125199761591,2.54601100095897,22.142525998788187,1.1740789996110834
2469,22.069896000175504,2.4299930009874515,17.32413499848917,1.405579998390749
2470,21.282634003000567,3.260126002714969,15.660608001780929,1.442062002752209
2471,20.033979999425355,1.879231000202708,16.03587000136031,1.1932279994653072
2472,37.745189998531714,1.3908219989389181,32.822315999510465,0.9082069991563912
2473,22.038877999875695,3.420015997107839,16.142424999998184,1.1056349976570345
2474,20.016036000015447,1.032708001730498,14.752974999282742,1.0099309984070715
2475,19.298995001008734,1.0234130022581667,14.495417999569327,1.0436720003781375
2476,36.22942400033935,1.4085250004427508,31.14045599795645,1.138135001383489
2477,22.623658998782048,2.544937000493519,17.856877002486726,1.313228000071831
2478,20.9483540020301,2.3198439994303044,16.860446998180123,0.9120419999817386
2479,20.84485399973346,1.1552460018720012,17.69515499836416,1.0823009979503695
2480,20.174999997834675,1.8646749995241407,15.03617900016252,2.401030000328319
2481,38.296876999083906,1.992137997149257,34.28326700304751,1.1276719997113105
2482,20.846447001531487,1.195338998513762,17.870211002446013,0.9180409979308024
2483,20.060610000655288,1.1972460015385877,16.851817999850027,1.0612819969537668
2484,19.28910599963274,1.7783600014809053,15.679590000218013,0.9340780015918426
2485,37.865412999963155,1.7639159996178932,30.933104000723688,1.8467869995220099
2486,19.949886998801958,2.582197001174791,14.809418997174362,1.2338579981587827
2487,25.806747002206976,2.3124369981815107,21.17029999863007,1.1507460003485903
2488,25.85100699798204,1.720378000754863,21.993823000229895,0.9408010009792633
2489,31.79775500029791,1.0909869997703936,27.745182000217028,0.8660409985168371
2490,19.045790999371093,1.4370069984579459,15.593164000165416,1.1265419998380821
2491,21.691080000891816,1.0757640011433978,18.827085998054827,0.8740970006329007
2492,20.14246199905756,2.0446579983399715,16.330778002156876,0.8861709975462873
2493,19.106809002551017,1.918581998324953,15.224179998767795,0.9326340004918166
2494,28.390739997121273,1.184504999400815,25.225410998245934,0.9599490003893152
2495,21.385931002441794,0.9999679969041608,17.224893999809865,0.995837999653304
2496,39.753828998073004,5.236578999756603,32.529000000067754,0.9648189989093225
2497,20.633723001083126,1.0289120000379626,16.15029599997797,0.918207999347942
2498,24.091516999760643,0.9522630025458056,20.400944998982595,0.9030969995365012
2499,19.055458000366343,1.2422830004652496,15.98109099722933,0.8850039994285908
2500,59.8095489986008,2.479159000358777,55.52821599849267,0.9018189994094428
2501,22.60845500131836,1.858526997239096,18.42734299862059,1.2274130021978635
2502,31.11147500021616,2.1491580009751488,26.124322997929994,1.4800259996263776
2503,19.367420998605667,1.0285050011589192,14.903974999469938,0.9583559985912871
2504,18.6166220009909,1.4099129984970205,15.365292001661146,0.928727000427898
2505,19.840608998492826,1.7739529976097401,15.838183000596473,1.316432000749046
2506,20.130999000684824,2.6524009990680497,15.73359000030905,0.8807070007605944
2507,20.724353002151474,1.938100998813752,15.550738000456477,1.4349699995364062
2508,19.616552999650594,1.1576350007089786,16.297092999593588,1.2923569993290585
2509,20.916834997478873,1.1700980030582286,15.493255999899702,1.3223209971329197
2510,35.3296980028972,1.1778010011767037,32.28151700022863,0.9743939990585204
2511,19.949442998040468,1.1608009990595747,16.956355000729673,0.8707070010132156
2512,21.177541002543876,1.1227830000279937,18.22473100037314,0.9500779997324571
2513,21.734412999649066,1.0973379976348951,18.775955999444705,0.9638199990149587
2514,19.78099799816846,1.1210980010218918,16.23172199833789,1.4653029975306708
2515,18.211378999694716,1.1180239998793695,15.276199999789242,0.9010229987325147
2516,19.346680001035566,1.5209330013021827,16.024461001507007,0.9116529981838539
2517,28.284332998737227,1.0499859999981709,25.41542999824742,0.8907819974410813
2518,19.34195799913141,1.1369870007911231,16.33711099930224,0.9564310021232814
2519,55.67490200337488,1.1263749984209426,52.503942999464925,1.0770419976324774
2520,63.40923199968529,1.8736189995252062,59.03784299880499,1.1202649984625168
2521,22.62267699916265,1.7612109986657742,18.77836399944499,1.2040609981340822
2522,30.05867400133866,1.8328969999856781,26.30915700137848,0.9922999997797888
2523,18.849066997063346,1.2934320002386812,14.541103002557065,2.015156998822931
2524,22.454305999417556,2.2862879995955154,17.46009799899184,1.6366180025215726
2525,21.773303000372835,4.260203997546341,14.996289999544388,1.6024329997890163
2526,23.315254002227448,2.4651589992572553,16.467592999106273,1.3304129970492795
2527,21.715302998927655,1.387895998050226,17.998859999352135,0.9018370001285803
2528,40.04514500047662,1.2515240014181472,36.97998300049221,0.9339489988633431
2529,21.687857999495463,1.7418409988749772,14.930771001672838,1.7490819991508033
2530,20.687649001047248,2.832662001310382,15.382329998828936,1.1123199983558152
2531,18.61682600065251,2.0591209977283143,14.666251998278312,0.9438930028409231
2532,18.712825996772153,1.7168960002891254,15.187216999038355,0.9088740007427987
2533,37.26150200236589,1.7746930025168695,33.398725998267764,1.1598010023590177
2534,32.80587200060836,1.7748969985404983,28.842982999776723,1.2991909970878623
2535,21.654783999110805,3.028495000762632,15.8830170003057,1.7815639985201415
2536,19.30497599823866,2.1723429999838118,14.447306999500142,1.2975240024388768
2537,20.669613000791287,1.8339529997319914,16.536371000256622,1.1871719980263151
2538,20.294407000619685,1.8912119994638488,15.849090999836335,1.2120239989599213
2539,19.960256999183912,2.5788450002437457,15.188421002676478,1.2115429999539629
2540,19.32716200099094,1.88700899889227,15.470089001610177,1.097152999136597
2541,21.164929999940796,3.4379600001557264,15.63971899668104,1.1552649993973318
2542,20.29866600059904,1.8591189982544165,16.378575000999263,1.1695419998432044
2543,32.57985199888935,2.856606002751505,27.40393899875926,1.3942289988335688
2544,21.27324500179384,2.115139999659732,17.10972599903471,1.1674499983200803
2545,36.46503599884454,2.09158299912815,31.795552000403404,1.61311800184194
2546,38.641268998617306,1.278227999137016,35.547235998819815,0.9118560010392684
2547,20.363537001685472,2.338009999220958,16.163000000233296,0.8906900002330076
2548,18.83699300014996,1.1900610006705392,15.75525700172875,0.9010230023704935
2549,20.49722299852874,1.1241899992455728,17.3245969999698,1.166930996987503
2550,19.6859410025354,1.235821000591386,16.06607299981988,0.9816160018090159
2551,19.952423997892765,1.1286900007689837,16.50402000086615,0.9023370002978481
2552,91.86380699975416,1.0965420005959459,88.9803669997491,0.899097001820337
2553,20.216554999933578,1.2011350008833688,17.095430001063505,0.9796890008146875
2554,81.61218600071152,1.0243380020256154,77.27625899860868,1.2151539995102212
2555,19.34523599993554,2.260639997984981,14.604621999751544,1.0016159976657946
2556,75.92660500085913,2.1860099986952264,71.82353100142791,0.9520780004095286
2557,19.614033000834752,1.1718759997165762,16.6006869985722,0.890447998244781
2558,43.2317159975355,1.1198380016139708,40.30249800052843,0.9268000030715484
2559,20.349739999801386,1.0279310008627363,15.330662001360906,0.9193559999403078
2560,19.18225400004303,1.2111350006307475,16.123703000630485,0.9091150022868533
2561,23.904387002403382,1.1371539985702839,20.134611000685254,0.9005790016090032
2562,19.84771999923396,1.049634000082733,16.952373000094667,0.9639309973863419
2563,38.49195300063002,1.3800989981973544,33.04615000160993,0.9103009979298804
2564,22.230007998587098,2.1711389999836683,17.746339999575866,1.0671160016499925
2565,17.646135998802492,1.172876000055112,14.513713998894673,0.9973380001611076
2566,19.9139610012935,1.3189510027586948,16.771021000749897,0.8999489982670639
2567,31.192512000416173,1.028282000334002,28.231350999703864,1.023671000439208
2568,18.211250000604196,1.128339001297718,15.220792000036454,0.9030040018842556
2569,19.630348000646336,1.248061002115719,16.477853001561016,0.9411709979758598
2570,29.25583699834533,1.0415600008855108,26.23104600206716,1.063061001332244
2571,21.565079001447884,1.4536179987771902,17.908821999299107,1.1230609998165164
2572,73.24522299677483,2.4092699968605302,68.81022000015946,0.9396900022693444
2573,19.371162001334596,2.626605000841664,14.786177998757921,1.0168379994865973
2574,20.935076001478592,2.5567340017005336,16.5582789995824,0.9501710010226816
2575,19.866497998009436,2.760252998996293,15.10903199960012,1.0444309991726186
2576,19.7268490010174,1.8849340012820903,15.66090399865061,1.1998200025118422
2577,21.328818998881616,1.0310790021321736,17.77072900222265,0.910466998902848
2578,20.979411001462722,2.00910200146609,16.89929900021525,1.1822839987871703
2579,21.9210249997559,1.0829489983734675,17.07426300345105,2.8187910029373597
2580,26.332490000640973,2.9872729974158574,20.63972300311434,1.7345999985991511
2581,20.37157499944442,2.392047998000635,15.363698999863118,1.1854869990202133
2582,26.096525998582365,2.109305998601485,22.05921099812258,0.994467998680193
2583,20.038980001118034,2.0649719990615267,15.62584899875219,1.4157660007185768
2584,19.609219001722522,2.3049180017551407,15.032549999887124,1.3728960002481472
2585,18.924529998912476,1.2992470001336187,15.361106001364533,0.9556149998388719
2586,23.283143000298878,1.8998419982381165,16.913725001359126,1.166431000456214
2587,20.412351997947553,1.8938419998448808,16.25212900034967,1.274338999792235
2588,31.990331000997685,1.9153980028931983,27.94566400189069,1.196394001453882
2589,36.74105599930044,2.0004910002171528,30.655454997031484,2.758661001280416
2590,25.991711001552176,2.6822719992196653,21.429394000733737,0.9194480007863604
2591,20.345128999906592,1.8686570001591463,16.333260002284078,1.2036900006933138
2592,20.43890799905057,1.950639001734089,16.15886999934446,1.350672999251401
2593,20.605890000297222,2.299232997756917,16.01134999873466,0.9089670020330232
2594,52.93787000118755,1.8656380016182084,48.89657400053693,1.2103389999538194
2595,18.68497399846092,1.1555059973034076,15.701701002399204,0.8581330002925824
2596,18.285287002072437,1.1329859989928082,15.335773998231161,0.880911000422202
2597,32.98687200003769,1.6235820003203116,29.54233799755457,0.9139109970419668
2598,21.822321999934502,2.3757700000714976,16.773539999121567,1.577081002324121
2599,21.82061799976509,1.3628579981741495,17.10670700049377,1.095468000130495
2600,21.70507999835536,1.1736159976862837,18.58719599840697,1.0652639975887723
2601,21.632301999488845,3.695479997986695,15.991239000868518,1.0658559986040927
2602,19.11892000134685,1.1211160017410293,16.16603699949337,0.9386339988850523
2603,18.465398999978788,1.3170989986974746,15.23925500077894,0.8868189979693852
2604,38.40247100015404,1.0903010006586555,35.37340199909522,0.9772999983397312
2605,24.70926100068027,1.0852269988390617,21.360208000260172,1.3548400020226836
2606,30.263655997259775,1.1918390009668656,26.88567800214514,1.3081539982522372
2607,32.73798200098099,3.113031998509541,27.72114500112366,0.98385600358597
2608,29.333578000660054,1.1763389993575402,26.158618999033934,1.0842640003829729
2609,20.671260997914942,2.9567170022346545,15.714144999947166,1.0862640010600444
2610,18.93830800327123,2.0457130012800917,15.062864000356058,0.8956149977166206
2611,18.421101998683298,1.342097999440739,14.598529000068083,1.027023001370253
2612,31.068159998540068,1.1189680008101277,28.041775000019697,0.9281339989684056
2613,21.009817999583902,1.5802470006747171,17.251023000426358,1.2764319981215522
2614,19.279810003354214,1.5515440027229488,15.923184000712354,0.931818998651579
2615,48.15127399706398,1.8918599998869468,37.12935400108108,5.046022997703403
2616,22.26523100034683,2.681939000467537,17.333226998744067,1.4526730010402389
2617,19.41416300178389,1.927194000018062,14.97849400038831,1.1649120024230797
2618,18.89028900041012,1.7015260018524714,15.356514999439241,0.8856329986883793
2619,18.84404899828951,1.199987000291003,15.518755000812234,0.9456149964535143
2620,19.472199001029367,1.1740240006474778,16.431186002591858,0.9025229992403183
2621,27.688014997693244,2.098249999107793,23.753071000101045,0.8900600005290471
2622,30.105359001026955,2.3964369975146838,25.592042002244852,1.2263390017324127
2623,66.73176700132899,1.070837999577634,61.43076099760947,0.9108560007007327
2624,19.07827199829626,1.2451910006348044,15.992165001080139,0.8971889983513393
2625,28.421981001883978,1.1850240007333923,25.32122699994943,0.9303380029450636
2626,20.09112800078583,1.1289690010016784,17.12874499935424,0.8921150001697242
2627,20.60985299976892,1.0958380007650703,17.487430999608478,1.123764999647392
2628,20.0931839972327,1.1368199993739836,17.166188998089638,0.9160600020550191
2629,18.393714002741035,1.1589120003918651,15.08484599980875,0.8925229994929396
2630,19.32603199747973,1.1886720021720976,15.66390500011039,1.5177290006249677
2631,41.56774500006577,1.2521169992396608,36.84339000028558,0.8913370002119336
2632,20.853797999734525,2.4308809988724533,16.486149001138983,1.0032640020654071
2633,18.126749000657583,1.1075239999627229,14.844770998024615,1.200709000841016
2634,80.03316100075608,1.1375969988876022,76.98820199948386,0.9753939993970562
2635,49.41266899913899,1.1407269994379021,46.446988999377936,0.9225590001733508
2636,45.266316999914125,1.0293750019627623,41.52668900132994,0.9552820010867435
2637,21.128317999682622,1.3691180029127281,17.845266000222182,0.8933370008890051
2638,34.7693990006519,1.1535980011103675,31.398050999996485,0.8877820000634529
2639,92.52143900084775,1.0836170004040468,89.67396399748395,0.8796890033408999
2640,20.604889999958687,2.658215998962987,16.138813996803947,0.9013740018417593
2641,23.2436799997231,1.1777099971368443,19.213327999750618,1.2519500014605
2642,47.76514300101553,1.1855609991471283,44.33642300136853,0.9534860000712797
2643,19.54003399805515,1.1495599974296056,16.201073998672655,1.097339001717046
2644,19.024364002689254,2.6710120000643656,14.449251000769436,0.9998379973694682
2645,18.739325998467393,1.1400969997339416,15.559903997200308,0.9539860002405476
2646,21.140002998436103,1.165171997854486,18.16406400030246,0.8906699986255262
2647,20.658076002291637,1.0955610014207195,17.46091300083208,1.1702640003932174
2648,19.272939000074985,1.8635829983395524,15.0454019967583,1.4929880017007235
2649,49.76980100036599,1.1273749987594783,46.78004699962912,0.8818370006338228
2650,19.735627000045497,1.1977100002695806,16.683297999406932,0.908671001525363
2651,22.41400899947621,1.1189500000909902,19.16291999805253,1.1934499998460524
2652,21.940210997854592,2.1596950027742423,17.150133000541246,1.537931999337161
2653,39.5997730011004,2.309213999978965,35.166992998711066,0.5698360000678804
2654,18.878511000366416,2.5597530002414715,14.893864001351176,0.6155029986985028
2655,21.213448999333195,3.5315710010763723,15.776775999256643,0.8262259980256204
2656,18.37208299912163,2.5434000017412473,14.38588000019081,0.5652810032188427
2657,19.3489960001898,2.195361998019507,15.521219000220299,0.5633729997498449
2658,35.23603000212461,2.9239200011943467,30.585843000153545,0.8345030000782572
2659,25.110188998951344,1.9411940011195838,21.545004998188233,0.6387440007529221
2660,24.172980000003008,3.3250529995711986,17.601061997993384,1.987898001971189
2661,20.68403800149099,3.0290880022221245,15.027809000457637,1.5456559995072894
2662,34.97312199760927,2.611160001833923,30.837084999802755,0.564854999538511
2663,21.24750400253106,2.50393800160964,16.602001000137534,1.2121910003770608
2664,30.054562997975154,2.1375830001488794,25.222745000064606,0.9063750003406312
2665,19.901628002116922,3.1689220013504382,14.9094199987303,0.9146709999185987
2666,24.217590998887317,1.2029690005874727,21.14270700258203,0.9610790002625436
2667,23.97446100076195,1.3995240005897358,20.492333998845425,1.0961350017169025
2668,22.46780600034981,1.3186169999244157,17.961712001124397,1.149578998592915
2669,20.15351799855125,1.909082999191014,15.727312998933485,1.0946910006168764
2670,25.32117000009748,1.1911900000995956,22.305249000055483,0.8949120019678958
2671,18.72828900013701,1.2667279988818336,15.582144998916192,0.912560000870144
2672,19.50395899984869,1.8127300027117599,15.604662999976426,1.1703569980454631
2673,18.609955001011258,1.1624500002653804,15.460552000149619,1.0429499998281244
2674,18.371453999861842,1.1969869992753956,15.125142999750096,1.1453389997768681
2675,26.245193999784533,1.1152080005558673,23.317088001931552,0.9323930025857408
2676,20.42205500038108,1.1252270014665555,15.102716999535915,1.3007470006414223
2677,25.77133999875514,1.4460810016316827,22.383694999007275,0.9942830001818947
2678,20.12807299979613,1.2926169983984437,17.059355002857046,0.9219109997502528
2679,29.541318999690702,1.1125609998998698,26.50101000108407,0.8865039999363944
2680,19.37955199900898,2.6748640011646785,14.661214998341165,0.9746340001584031
2681,19.193179003195837,1.835118997405516,15.07721700181719,0.8911520017136354
2682,19.235550997109385,1.1749869991035666,15.387977997306734,1.0082820008392446
2683,28.492833000200335,1.0880789996008389,25.504560002445942,1.0370599993621
2684,43.45051299969782,1.9836570027109701,39.26808599862852,1.258134998352034
2685,28.440739999496145,2.1296579980116803,24.044109999522334,1.3518390005629044
2686,19.357773002411705,1.9078049990639556,14.574232998711523,1.5104509984666947
2687,20.406740997714223,1.6790260015113745,16.193537001527147,1.2196909992781002
2688,45.04133500086027,2.388214001257438,40.605276997666806,1.1804869973275345
2689,18.595380999613553,1.1982830001215916,15.552625998680014,0.8767819999775384
2690,18.654307001270354,1.220079000631813,15.58810799906496,0.9068190011021215
2691,19.805996998911723,1.1197650019312277,16.57555699785007,1.1690050014294684
2692,19.077494001976447,1.729452000290621,15.541737000603462,0.89391200162936
2693,20.075313997949706,1.3605620006273966,16.920448000746546,0.8813740023470018
2694,29.525504000048386,1.254580001841532,26.229729999613483,1.0936340004263911
2695,20.629742000892293,1.0535789988352917,16.782280003099004,1.0706160028348677
2696,19.790441998338792,2.1336209974833764,15.801071996975224,0.9417820001544897
2697,20.978244003345026,2.6617520015861373,16.499982000823366,0.9259489997930359
2698,27.993978997983504,2.2046209996915422,23.90270099931513,1.0038379987236112
2699,18.65313999951468,1.5288590002455749,15.157421003095806,1.0232269996777177
2700,18.270028002007166,1.1664129997370765,15.30644000013126,0.9062270000868011
2701,45.16840900032548,1.1699679998855572,41.98946900214651,1.0663200009730645
2702,27.192049998120638,1.9559540014597587,22.80482599962852,1.4238769981602672
2703,19.79121900149039,1.1096710004494525,16.345001000445336,0.9114300009969156
2704,26.1816189995443,2.534863000619225,21.142484998563305,1.3949509993835818
2705,35.60742199988454,1.0961529987980612,32.42770299766562,0.950689001911087
2706,21.106150998093653,1.2174870025773998,16.310723000060534,0.9010039975692052
2707,18.3622690019547,1.215652999235317,15.138440001464915,1.0465790001035202
2708,20.87744700111216,1.0313200000382494,16.09975799874519,1.022948999889195
2709,95.77024999816786,1.0795609996421263,92.8644589985197,0.9435229985683691
2710,19.425328999204794,1.9227869997848757,15.168328001891496,1.4199509969330393
2711,44.06369999924209,1.2042089983879123,40.54459200051497,1.3247280003270134
2712,21.94602600138751,2.083805997244781,14.960808999603614,1.2563939999381546
2713,22.09322999988217,2.1794720014440827,17.568728002515854,1.2417840007401537
2714,21.124800001416588,1.8130819989892188,15.910590998828411,0.9501339991402347
2715,20.06029499898432,1.0797450013342313,15.557904000161216,0.9033009991981089
2716,31.65743999852566,1.7991009990510065,28.05560900014825,0.897041001735488
2717,27.91977500237408,2.011545999266673,24.041423999733524,0.9222819971910212
2718,38.28967399749672,1.9465459990897216,34.040766000543954,1.175117002276238
2719,26.379435003036633,1.0062639994430356,23.389717000100063,0.9333189991593827
2720,28.571259997988818,1.1933200003113598,25.37722700071754,1.0283750016242266
2721,19.413644000451313,1.3771170015388634,15.758589997858508,1.1098199975094758
2722,21.17650299987872,1.8100090019288473,17.395097002008697,1.0630420001689345
2723,19.080475998634938,1.2505619997682516,15.884238000580808,0.99046799732605
2724,24.00683100131573,1.9266390008851886,19.66740399802802,1.5100630007509608
2725,20.69392799967318,1.2182469981780741,17.373005000990815,1.1280239996267483
2726,22.242101000301773,1.8220640013169032,18.306416997802444,1.244635001057759
2727,21.74339500197675,1.066152999555925,16.99072499832255,0.885299999936251
2728,19.182846997864544,1.2612099999387283,15.850795000005746,1.1524129986355547
2729,19.696645002113655,2.214121002907632,15.66295999873546,0.8973179974418599
2730,19.597662998421583,2.117880001605954,15.435367000463884,1.146597001934424
2731,18.078230001265183,1.2295619999349583,14.707214999361895,0.9364300021843519
2732,19.147253999108216,1.8050819999189116,15.530237997154472,0.8850589983921964
2733,18.839085998479277,1.169023998954799,15.808664000360295,0.8796709989837836
2734,24.565982002968667,2.259696000692202,20.248888002242893,1.1592459995881654
2735,29.168520999519387,1.2474679970182478,26.03795200047898,0.9605970008124132
2736,28.76646499862545,2.547993000916904,23.74397899984615,1.1024860032193828
2737,26.618806001351913,1.909046000946546,22.58536200315575,1.1532280004757922
2738,29.365225997025846,2.089861998683773,25.251707000279566,1.1089130020991433
2739,18.505251002352452,1.4159320016915444,15.126032001717249,1.0580419984762557
2740,19.311346997710643,1.8316940004297066,15.408496001327876,1.2018390007142443
2741,18.690307002543705,1.3865069995517842,15.289143997506471,1.0983189968101215
2742,19.203920997824753,1.0957270023936871,16.323463001754135,0.9347269988211337
2743,21.465449000970693,1.272580000659218,14.579917999071768,4.6742429985897616
2744,27.794941001047846,2.0203980020596646,23.34406900263275,1.3323769999260549
2745,25.526986999466317,2.1765839992440306,20.18142499946407,1.9895090008503757
2746,26.205971000308637,1.7823970010795165,21.67854300205363,1.4498220007226337
2747,19.598884999140864,2.2206759967957623,15.242772999044973,1.1745230003725737
2748,18.831827001122292,1.2280789997021202,15.766368000186048,0.8986890024971217
2749,19.02879000044777,1.485340002545854,15.458699999726377,0.9795600017241668
2750,18.913511998107424,1.7323590000160038,15.192643000773387,1.146413000242319
2751,19.931016002374236,1.2417649995768443,16.74946499770158,0.9863380000751931
2752,19.246180996560724,1.1724869982572272,15.499625998927513,0.8908370000426657
2753,33.671616001811344,1.2481170015234966,30.22815599979367,1.186986999528017
2754,24.305610000737943,2.4147519980033394,19.318143000418786,1.6438780003227293
2755,18.88832699842169,1.8125450005754828,14.660493001429131,1.052912000886863
2756,18.13880500048981,1.3375429989537224,15.036567998322425,0.8915229991544038
2757,20.168258000921924,1.4345060008054134,16.901633000088623,0.8672069998283405
2758,19.89620099993772,2.156935999664711,15.963887999532744,0.9275589982280508
2759,30.155618998833233,1.6004700009943917,26.574028001050465,1.0228199971606955
2760,22.441675999289146,1.1230230011278763,19.116012001177296,1.3799139996990561
2761,21.10654100033571,1.1991350002062973,17.820525001297938,0.986688999546459
2762,74.69446899995091,1.161246000265237,71.63501099785208,1.0200600008829497
2763,20.284111000364646,1.5138220005610492,16.776038999523735,1.0246339988952968
2764,18.78254799885326,1.2080980013706721,15.342348000558559,0.8966519999376033
2765,18.984809001267422,1.516766002168879,15.14940199922421,0.8599850007158238
2766,18.939697001769673,2.471769999829121,14.563418000761885,1.04391200147802
2767,19.00138299970422,1.2817649985663593,15.89720199990552,0.8948559989221394
2768,18.879973998991773,1.1709860009432305,15.080976001627278,1.5114509988052305
2769,18.083120001392672,1.2324509989412036,14.941883000574308,0.9865970023383852
2770,23.0082889975165,1.1309130022709724,19.82427500115591,1.1308200009807479
2771,19.495644999551587,1.2275980006961618,15.326958997320617,1.4328950019262265
2772,21.358597001380986,2.0636579974961933,16.71328000156791,1.2234679998073261
2773,18.99540100203012,1.2036539992550388,15.782182999828365,0.8778010014793836
2774,20.411092998983804,1.1413570027798414,17.445524001232116,0.9011900001496542
2775,18.62347299902467,1.255765000678366,15.523384998232359,0.8906520015443675
2776,28.482408000854775,1.8317860012757592,23.157198000262724,1.4060060020710807
2777,145.49949499996728,2.1595469988824334,141.13130800251383,1.2214310008857865
2778,40.27131199836731,1.8785270003718324,36.22022100171307,1.0461530000611674
2779,19.59644100134028,1.5531179997196887,15.636848998838104,1.4556550013367087
2780,19.03475400104071,1.7435080007999204,14.714197001012508,1.6892849998839665
2781,19.342605999554507,1.5198030014289543,15.811979999853065,1.0005410003941506
2782,28.429351998056518,1.2293210020288825,24.744946000282653,1.5334510026150383
2783,21.882747001654934,2.0608609993360005,16.975170001387596,1.8670460012799595
2784,30.99371499774861,2.191676998336334,25.733154001500225,1.8953789985971525
2785,26.201619002677035,2.4586220024502836,21.377783003117656,0.8940779989643488
2786,19.116401999781374,2.338806996704079,14.823531000729417,1.0618189990054816
2787,18.72941900001024,1.4398029998119455,15.463145002286183,0.8930229996622074
2788,19.500958998833084,2.3945670000102837,15.229734999593347,0.9834670017880853
2789,21.530024001549464,1.3752470003964845,18.06269300141139,1.1250419993302785
2790,18.682529000216164,2.0918990012432914,14.781456000491744,0.9534860000712797
2791,18.79517799898167,1.6190069982258137,15.2630880002107,0.8987450019048993
2792,33.722598000167636,1.0238750001008157,29.705173001275398,0.9480599983362481
2793,24.024682999879587,1.4229879998310935,20.49938900017878,1.1447090000729077
2794,20.37312999891583,1.671119000093313,16.24614699903759,1.3004879983782303
2795,82.4688380016596,2.1616769990941975,78.34757800083025,0.8976889985206071
2796,25.00742799747968,1.1603569982980844,20.96785400135559,1.1612270027399063
2797,42.13661800167756,1.131506000092486,37.70859799988102,2.1122689977346454
2798,22.5947510007245,2.128102001734078,15.153716998611344,4.25772300150129
2799,20.53992599758203,2.4380850009038113,15.469866997591453,1.5799520006112289
2800,23.140958001022227,2.8792360026272945,17.59330200002296,1.7821379988163244
2801,19.577032999222865,2.0966769989172462,14.777401000173995,1.7655819974606857
2802,66.9651749994955,1.9322859989188146,63.24191699968651,0.8788000013737474
2803,19.722590001038043,1.1695419998432044,16.780075999122346,0.897003999853041
2804,18.70647400210146,1.1733569990610704,15.1724950010248,0.9110219980357215
2805,18.94875200014212,1.1758760010707192,15.65483000013046,1.0175229981541634
2806,31.93799699874944,1.3429509999696165,27.998923000268405,0.950727000599727
2807,22.6994000004197,1.1279310019745026,19.425513997703092,1.2262279997230507
2808,19.521532998624025,2.4156959989340976,15.025327997136628,1.1621529993135482
2809,24.77885400003288,1.9599349980126135,20.485630000621313,1.2999870014027692
2810,20.87848299925099,1.9330269969941583,16.76441000017803,1.1894130002474412
2811,19.150273001287133,1.845563998358557,14.986086000135401,1.1887830005434807
2812,19.79920099984156,2.3036040001898073,15.080790999491,1.48169199746917
2813,20.218313999066595,2.237509997939924,15.885498996794922,1.1568390000320505
2814,19.456459001958137,2.1083610008645337,15.033809999295045,1.2359309985185973
2815,20.054221000464167,1.8524529987189453,14.990752999437973,1.444784997147508
2816,42.0270430004166,2.0954539977537934,37.57335599948419,1.5061369995237328
2817,25.91148799911025,1.2780059987562709,22.70047400088515,0.9803009997995105
2818,48.27170099815703,2.5253630010411143,43.653365999489324,1.2158579993410967
2819,19.36582900088979,1.2407280009938404,16.299276998324785,0.9275219999835826
2820,25.2215590007836,1.200395003252197,21.748969000327634,1.1843570027849637
2821,21.309522999217734,1.122468998801196,18.00423000167939,1.2672650009335484
2822,26.339989999542013,1.0975790028169286,22.240064001380233,0.9273369978473056
2823,22.645046999969054,2.3712879992672242,18.008508002822055,0.9000230020319577
2824,20.471259998885216,2.6506969988986384,15.873906002525473,1.0159859994018916
2825,20.7963170032599,1.2939879998157267,17.678377000265755,0.9000789978017565
2826,18.555064998508897,1.1418950016377494,15.226217001327313,0.8878930020728149
2827,18.773900999804027,1.2626169991563074,15.669534001062857,0.9195410020765848
2828,28.425296000932576,1.093746002879925,25.513098000374157,0.9349299980385695
2829,21.33767099803663,1.262210000277264,18.216250002296874,0.8900780012481846
2830,21.819710000272607,1.1405980003473815,18.670214998564916,1.0955789985018782
2831,18.477417001122376,1.4370249991770834,14.776604002690874,1.3353950016607996
2832,22.70689999932074,1.1775790007959586,19.486810997477733,1.1230800009798259
2833,32.14086799926008,1.3495060011337046,28.24388799854205,1.444821999029955
2834,20.450241001526592,1.811322999856202,16.317554996930994,0.9848749978118576
2835,19.407514999329578,1.205134998599533,14.754899999388726,0.9689120015536901
2836,18.72608499979833,1.2352640005701687,15.62738600114244,0.9786340015125461
2837,19.11943899904145,1.135505001002457,15.983961999154417,1.0743200000433717
2838,19.3642539998109,1.231745998666156,16.19131400002516,0.9457820015086327
2839,18.9976050023688,1.1997279980278108,15.338069999415893,1.0185050014115404
2840,18.770177997794235,1.2477090022002812,15.699737999966601,0.9470600016356912
2841,19.97498000127962,1.05704199813772,14.81193799918401,1.0741340011009015
2842,33.64298599990434,1.948545999766793,29.885321000620024,0.9437270018679556
2843,19.89586800118559,1.1187829986738507,16.941076999501092,0.8979300000646617
2844,24.586501000158023,1.292376000492368,21.47596800205065,0.8951900017564185
2845,19.664218998514116,1.064207997842459,15.316051001718733,0.9429670026293024
2846,18.649770001502475,1.4485809988400433,15.349329001765,0.9495230005995836
2847,19.52599599826499,2.1474360000866,15.41297800213215,1.050671999109909
2848,19.172828000591835,1.0304489987902343,15.198790999420453,0.9009859968500677
2849,18.641807000676636,1.5397479983221274,14.789381999435136,1.0559120019024704
2850,30.89471500061336,2.302844000951154,26.75797299889382,0.9696519991848618
2851,33.510188997752266,2.198640002461616,29.493059999367688,0.8995959979074541
2852,22.914067001693184,2.3488440019718837,18.569028998172143,1.0767639978439547
2853,18.93949399891426,1.2446910004655365,14.927938998880563,0.9576520023983903
2854,24.812872001348296,1.1639310032478534,21.768414000689518,0.8836519991746172
2855,20.431999997526873,1.0767269995994866,15.621144997567171,0.8802820011624135
2856,19.11440200274228,1.356543001747923,15.716071000497323,1.1124310003651772
2857,19.121493998682126,1.0933570010820404,15.407884999149246,0.9241339976142626
2858,18.936364002001937,1.4068770033190958,15.660570999898482,0.8753559995966498
2859,43.490549996931804,1.0816340000019409,39.328974999079946,1.2549870007205755
2860,66.27787500110571,1.4215250012057368,62.399987000389956,1.50571099948138
2861,37.84348699991824,1.1362830009602476,34.52013899732265,1.3072289984847885
2862,20.52672300123959,1.0542270028963685,16.47887100261869,0.8981339997262694
2863,23.58536699830438,1.882545999251306,18.735584999376442,1.0834310014615767
2864,18.33639799951925,1.3065059974906035,14.972957000281895,1.1861899984069169
2865,19.78560800125706,1.9167490027029999,16.010814000765095,0.9683560019766446
2866,19.29830999870319,1.2833580003643874,15.849738996621454,1.1208750001969747
2867,22.911586002010154,2.5047700000868645,18.409601998428116,0.9176889980153646
2868,26.33004599920241,1.1493759993754793,23.157808998803375,1.086893997126026
2869,18.160378000175115,1.506894997874042,14.810568001848878,0.9275779993913602
2870,19.483514999592444,2.308307000930654,15.36979299999075,0.9040040022227913
2871,18.96343800035538,1.4995439996710047,15.625238000211539,0.8966519999376033
2872,18.494750998797826,1.2130430004617665,15.422625001519918,0.9208010014845058
2873,17.931970000063302,1.3942100013082381,14.353806000144687,1.16196800081525
2874,19.520903999364236,1.3476539970724843,16.288241000438575,0.8737259995541535
2875,18.878956001572078,1.2230050015205052,15.79286799824331,0.9219300009135623
2876,18.878864000726026,1.2895609979750589,15.715829998953268,0.9250789989891928
2877,24.476963000779506,1.235062001796905,21.0846699992544,1.202191000629682
2878,20.062090999999782,1.1473010017652996,15.990961001079995,1.5964699996402487
2879,21.01790999950026,1.5954150003381073,17.069262998120394,0.9623740006645676
2880,18.1162310000218,1.1844869986816775,15.085605999047402,0.895023000339279
2881,18.58545499999309,1.1960240008193068,15.539791998889996,0.9097820002352819
2882,19.298235998576274,1.1334310001984704,15.142994001507759,1.0225789992546197
2883,19.891757001460064,1.1460239984444343,15.50901500013424,0.9348739986307919
2884,18.629009999131085,1.1722089984687045,15.002864998677978,0.9979489987017587
2885,18.502585000533145,1.2410620001901407,15.261902997735888,1.0951530020975042
2886,19.370531997992657,1.0299310015398078,14.920863999577705,0.9216520011250395
2887,19.250606001151027,1.1002270002791192,14.82019700051751,1.1904310013051145
2888,35.318901002028724,1.2164309991931077,32.22381300292909,0.9592259993951302
2889,21.204596996540204,1.0382639993622433,16.528037998796208,0.9018740020110272
2890,21.14189200074179,1.2003569972875994,17.799655000999337,0.9541519975755364
2891,21.111763002409134,1.2126910005463287,17.630284000915708,1.1178009990544524
2892,19.611644998803968,2.6204569985566195,15.0941790016077,0.9479489999648649
2893,19.612162999692373,2.333770000404911,15.409422001539497,0.9131710030487739
2894,18.64113999909023,1.2645610004256014,15.542310997261666,0.8824670003377832
2895,18.201101000158815,1.444820998585783,14.63226999840117,1.1519120016600937
2896,19.37906999955885,2.405844999884721,14.974513000197476,1.001283002551645
2897,19.31712500299909,2.0426020018931013,15.425773999595549,0.8998369994515087
2898,45.14740899685421,1.232968999829609,41.87298699980602,1.0979120015690569
2899,20.031813000969123,1.9317860023875255,15.459662998182466,0.9011900001496542
2900,60.66362799901981,2.2920480005268473,56.53922100100317,0.90481900042505
2901,34.33421200315934,1.8000449999817647,30.638898999313824,0.905467000848148
2902,20.165498997812392,2.1147869993001223,15.620386002410669,1.465211000322597
2903,19.019770999875618,1.2226159997226205,16.005053999833763,0.8764300000621006
2904,19.916239001759095,2.102490998368012,15.904628002317622,1.0156710013689008
2905,68.31664399942383,1.7927680019056424,64.59399699815549,0.8607999989180826
2906,60.98668499907944,2.3209920000226703,56.88505500074825,0.9239680002792738
2907,55.29475100047421,1.9797679997282103,51.35712199989939,1.0252460015180986
2908,18.428510000376264,1.2102460023015738,15.245476002746727,1.0289860001648776
2909,18.4199350005656,1.2864130003436003,15.000586998212384,1.1131710016343277
2910,31.695069999841508,1.4534889996866696,28.397091999067925,0.9107629994105082
2911,21.572653997282032,2.3311589975492097,17.14024399916525,0.9455779982090462
2912,18.816475003404776,1.1831900010292884,15.297365996957524,0.8704120009497274
2913,19.001770997419953,2.1529539990297053,15.01655000174651,0.9040779987117276
2914,21.42061600170564,1.9709350017365068,17.53422799811233,0.9105969984375406
2915,19.16634599911049,1.263893998839194,16.027312998630805,0.9018740020110272
2916,66.41300599949318,1.125208000303246,63.30462099867873,1.102301997889299
2917,30.233082001359435,1.1293940005998593,24.623426998005016,1.3726910001423676
2918,67.17302800097968,1.2843939985032193,64.0463660020032,0.9068559993465897
2919,19.558458996471018,1.7478410009061918,15.973369001585525,0.8984859996417072
2920,20.48924100017757,1.838434000092093,16.392056000768207,1.3655990005645435
2921,20.22979600224062,1.4474140007223468,16.95120600197697,0.9111520012083929
2922,18.61212199946749,1.1677280017465819,15.116457001568051,1.3976360023661982
2923,18.675159000849817,2.022176002355991,14.794641003391007,0.9441530019103084
2924,28.752055997756543,1.1699129972839728,25.615374997869367,1.0796719980135094
2925,25.91052500065416,1.9008240014954936,22.120285000710282,0.9649859966884833
2926,22.874308000609744,1.3660979966516607,19.256420997407986,1.1949690015171655
2927,20.13603600062197,1.7534899998281617,16.066924999904586,0.8970599992608186
2928,18.176174999098293,1.3094869973429013,14.907179000147153,0.9015220020955894
2929,19.925795000744984,1.3026169981458224,16.780371999630006,0.9038190000865143
2930,19.345050997799262,1.267321000341326,16.236406998359598,0.9107820005738176
2931,19.719682000868488,2.0769539987668395,15.821589997358387,0.879652001458453
2932,18.10150800156407,1.3013579991820734,14.94619699951727,0.953319002292119
2933,21.105189000081737,2.100565001455834,17.149430001154542,0.9106710022024345
2934,27.646810998703586,1.1866899985761847,24.14316500289715,1.4165440006763674
2935,34.54876799878548,1.9795640000666026,30.376101000001654,0.9546159999445081
2936,22.470861000329023,2.2213060001377016,17.064540003048023,1.067633998900419
2937,26.184027003182564,2.283787998749176,22.02941500218003,0.9446530020795763
2938,18.08689699828392,1.2945980015501846,15.016753000963945,0.9099109993258025
2939,24.66061200175318,1.9443970013526268,20.236444001056952,0.9231149997503962
2940,18.497694996767677,1.269876000151271,15.335514002799755,0.9947830003511626
2941,19.047772002522834,1.168764996691607,16.06592499956605,0.9052260029420722
2942,18.973992999235634,1.2374499965517316,15.971166001691017,0.8977079996839166
2943,19.36349600146059,1.1893019982380792,16.29325900285039,0.9116889996221289
2944,21.698079999623587,1.7589149974810425,18.042638002953026,0.8984300002339296
2945,24.22846199988271,5.532914001378231,16.684297999745468,1.0644489993865136
2946,21.15394799693604,1.6813220026961062,17.68874700064771,0.9154670005955268
2947,20.39007400162518,2.1551579993683845,15.512514997681137,0.8951519994297996
2948,55.17275099919061,1.9723610021173954,50.96884299928206,0.9643379999033641
2949,30.148395999276545,1.180041999759851,27.09543799937819,1.0085239991894923
2950,19.688553002197295,1.82615599987912,16.017794998333557,0.9489669973845594
2951,31.926496998494258,1.4340059969981667,28.416313998604892,1.1118190013803542
2952,42.05356199963717,1.031338000757387,37.94052500234102,1.0084300010930747
2953,22.51893500215374,1.962194000952877,18.277990002388833,1.2779130011040252
2954,32.70696400068118,1.3357099996937905,29.595745996630285,0.9080039999389555
2955,21.388503999332897,1.159875999292126,17.51952399717993,0.8850779995555058
2956,18.994439000380225,1.4050620011403225,15.777570999489399,0.883818996953778
2957,20.862686997134006,1.149839001300279,17.765433000022313,0.9968189988285303
2958,33.52665200145566,1.2946539973199833,30.221396998967975,1.0275979984726291
2959,19.05643899954157,1.081320002413122,15.231403001962462,1.0814119996211957
2960,19.236791002185782,1.1502080014906824,16.196110998862423,1.0847269986697938
2961,26.948048998747254,1.157357000920456,23.94681300211232,0.9248379974451382
2962,32.50262900110101,1.1762829999497626,29.595709002023796,0.8938739993027411
2963,47.514770998532185,1.1863939980685245,43.91129199939314,1.171690000774106
2964,18.38502800092101,1.2342090012680274,15.348995999374893,0.8988750014395919
2965,20.04892499826383,3.463516000920208,14.748844998393906,0.8978930018201936
2966,19.679330001963535,2.2314909983833786,15.358255001046928,0.998282997898059
2967,20.03190599862137,1.0713189985835925,15.760589998535579,0.9003560007840861
2968,18.552751000243006,1.4314510008262005,14.935326998966048,1.2029319987050258
2969,21.561708999797702,2.4690860009286553,15.003660999354906,3.2091079992824234
2970,20.92779899976449,1.1053390007873531,15.854350000154227,1.1442270006227773
2971,21.36539300045115,1.7814530001487583,14.680696000141324,1.8384519971732516
2972,30.51541700187954,2.469363000273006,25.466262999543687,1.1913199996342883
2973,20.320128998719156,3.21866299782414,15.033254003355978,1.018374998238869
2974,20.51440799914417,1.483858999563381,17.235170998901594,0.8921150001697242
2975,63.50280799961183,1.271283999813022,58.55645200063009,1.064244999724906
2976,19.45892200092203,1.2920799999847077,15.023956999357324,1.1498200001369696
2977,24.433017999399453,2.1411210000223946,19.981239001936046,1.3625439969473518
2978,21.197262998612132,1.997195002331864,17.13591099905898,1.1543009968590923
2979,46.84721300145611,1.2987280024390202,42.70923100193613,0.9453009988646954
2980,18.39284300149302,1.2624689989024773,15.337236000050325,0.9088930019061081
2981,27.646643997286446,2.0842320009251125,23.42829199915286,0.8713179995538667
2982,30.00171100211446,1.6657300002407283,26.217637001536787,1.2148390014772303
2983,19.18912399924011,1.147670998761896,16.136833000928164,1.0066159993584733
2984,18.580640000436688,1.2375800033623818,15.541144999588141,0.8918179992178921
2985,48.088496001582826,2.1633060023305006,43.583939001109684,1.1831169977085665
2986,20.39166699978523,1.178783000796102,17.025855002430035,1.2267460006114561
2987,19.832627000141656,1.1810610012616962,16.876539997610962,0.8802259981166571
2988,20.18007399965427,1.2394130026223138,16.9096140016336,1.1290419970464427
2989,19.14777199999662,1.6953409976849798,15.65014500010875,0.8880229979695287
2990,35.83673699904466,2.047380003205035,31.85799699713243,0.9940419986378402
2991,19.521254998835502,1.1381709991837852,16.45550100147375,1.0417819976282772
2992,18.377806001808494,1.4253770023060497,14.85214100102894,1.230226996995043
2993,35.763681000389624,1.2836349997087382,31.92536699862103,1.5726370002084877
2994,31.627180997020332,3.090383997914614,25.291393001680262,1.1370610009180382
2995,18.33760200315737,1.1894870003743563,15.337365999585018,0.9136890002992004
2996,65.03301799966721,1.2540799980342854,61.92446699787979,0.9849490015767515
2997,21.0343170001579,3.686479998577852,15.352570000686683,0.9055789996637031
2998,20.03159199739457,3.2897919991228264,14.81456699912087,0.9466890005569439
2999,24.361258001590613,1.2202649995742831,21.013540001149522,1.1513200006447732
3000,37.110631998075405,2.0335640001576394,31.516180002654437,2.564622998761479
3001,34.58932400099002,2.377844000875484,29.78420999716036,0.9020420002343599
3002,22.28897199893254,1.337561996479053,17.782710998289986,0.952484999288572
3003,18.72484400155372,1.491376999183558,15.307977002521511,0.9663010023359675
3004,18.77786299883155,1.1894320014107507,15.734590000647586,0.907449000806082
3005,29.907470001489855,1.5259329993568826,26.54726800028584,0.8730600020498969
3006,28.04860900141648,2.751456999249058,23.095068001566688,1.320172999839997
3007,20.302869997976813,1.2008750018139835,16.776464999566087,1.4197100026649423
3008,37.57026300081634,2.016120000916999,33.71909799898276,0.9155600018857513
3009,57.18107500069891,1.1154679996252526,54.07580199971562,1.0239860021101777
3010,19.857793999108253,2.4776589998509735,15.476681001018733,0.9892449998005759
3011,19.937165001465473,1.887322996481089,15.91822000045795,1.1982460018771235
3012,18.6098989979655,1.1919309981749393,15.454347998456797,1.0483199985173997
3013,19.557756000722293,1.1180980000062846,16.618835001281695,0.89563399887993
3014,19.409365999308648,2.497808000043733,15.027531997475307,0.8645220004837029
3015,19.44623600138584,1.7676009993010666,15.461200000572717,1.2613579965545796
3016,18.36573199761915,1.50585899973521,14.915122999809682,1.025079000100959
3017,22.860289001982892,4.045797002618201,16.941818001214415,0.9416710017831065
3018,21.918154998274986,1.1789309974119533,18.478213998605497,1.3336350020836107
3019,29.910395001934376,1.8748229995253496,25.70787699733046,0.9071519998542499
3020,28.981409999687457,1.1905789979209658,25.844951000181027,0.9734109989949502
3021,27.14925300097093,1.8285639998794068,23.435587998392293,0.9121530019911006
3022,20.714963997306768,1.2719130027107894,16.332536997651914,1.0263940021104645
3023,19.65340500100865,1.582766999490559,16.23281499996665,0.893077998625813
3024,18.37225000053877,1.234949999343371,15.022827999928268,1.1743760005629156
3025,47.72506899826112,1.1570050010050181,44.62729599981685,1.0533940003369935
3026,59.80597500092699,1.1014490009984002,54.114894999656826,1.3792659992759582
3027,20.64461299960385,1.1138749978272244,15.402737000840716,1.3659690011991188
3028,19.616699999460252,1.2358390013105236,16.374907998397248,1.0388570008217357
3029,51.55219700100133,1.1577269979170524,48.459368001203984,0.973375001194654
3030,20.234999999956926,1.1032639995391946,15.009790000476642,0.9406520002812613
3031,60.42795900066267,1.3393769986578263,56.869444000767544,1.3234690013632644
3032,19.021864998649107,1.9150459993397817,15.119513998797629,1.0848570018424653
3033,19.594847999542253,1.1080240001319908,16.649222998239566,0.9504670015303418
3034,33.80300600110786,1.7401559998688754,30.06380399892805,0.9521709980617743
3035,18.082433998642955,1.155486999778077,14.316269000119064,0.8742630016058683
3036,18.9410120001412,1.6809709995868616,15.09421700029634,1.009985997370677
3037,19.86138600113918,1.1456169995653909,16.930022000451572,0.9035779985424597
3038,22.87421499931952,2.211565999459708,16.68535399949178,0.8742259997234214
3039,35.232827001891565,1.1772090001613833,32.18231300343177,0.9288369983551092
3040,20.326851998106577,1.3286719986354,16.687778999767033,1.3291920004121494
3041,39.10575200279709,1.1578750018088613,36.10088600180461,0.8998379998956807
3042,23.955163997015916,1.7290819996560458,19.99618400077452,0.8850220001477282
3043,19.56277399949613,1.1449310004536528,16.498888999194605,0.8951150011853315
3044,20.714039001177298,1.1312640017422382,17.25550399714848,0.927207998756785
3045,20.960280002327636,1.0837459994945675,18.03695200214861,0.9202449982694816
3046,46.28039599992917,2.443474000756396,42.06039500058978,0.9085040001082234
3047,42.16959899713402,1.1986350000370294,39.12791900074808,0.8856149979692418
3048,51.104899001074955,2.464678000251297,44.74238900002092,1.2260980001883581
3049,28.99431699916022,2.860124001017539,24.382851999689592,0.8896700019249693
3050,19.523996001225896,1.1812090015155263,16.13392500075861,1.3103400015097577
3051,19.13734600020689,1.8212859977211338,15.457959001651034,0.9561890001350548
3052,22.066638000978855,2.9041060006420594,17.268505001993617,0.975893999566324
3053,18.35249099895009,1.4654329970653635,14.670955999463331,1.1508939969644416
3054,26.92749199923128,1.1433760009822436,23.562218000733992,1.036633999319747
3055,22.347508998791454,3.6092390000703745,16.917391996685183,0.8840219998091925
3056,19.255181003245525,2.282268997078063,14.940123997803312,1.1412650019337889
3057,19.48014399749809,3.0057549993216526,14.585548000468407,1.0093560013046954
3058,21.111280999321025,1.7466749995946884,16.610370999842416,0.8948560025601182
3059,18.94475300287013,1.6396370010625105,15.292847001546761,1.0152639988518786
3060,18.20148999831872,1.1998760019196197,15.093049998540664,0.9949489976861514
3061,20.483723001234466,2.954679999675136,15.716515998065006,0.8908929994504433
3062,19.299698000395438,1.3734690001001582,16.010536000976572,0.9698009998828638
3063,19.973036000010325,1.1425049997342285,16.96200299920747,0.9428929988644086
3064,28.882167996926,2.17817699740408,24.057628001173725,0.9933189976436552
3065,25.592764002794866,1.1961719974351581,22.35710199965979,1.0828760023287032
3066,21.219670998107176,1.617804002307821,17.717190999974264,1.0485240018169861
3067,43.0758809998224,3.149977001157822,37.9835429994273,1.0474859991518315
3068,19.440607000433374,1.1336910029058345,16.446186000393936,0.9820230006880593
3069,18.15473100214149,1.4790440000069793,14.314657000795705,1.1707279991242103
3070,22.83678899766528,1.2168200009909924,19.114309001452057,1.0003570023400243
3071,21.733321002102457,1.5068029970279895,16.68509499722859,0.922282000829
3072,19.92660899850307,1.2029690005874727,15.353217997471802,0.9142079979937989
3073,22.92099300029804,1.8816199990396854,18.710121999902185,1.3071169996692333
3074,32.28744299849495,1.4317659988591913,28.850816997874063,1.1259679995418992
3075,19.482014002278447,1.6261000018857885,15.991239000868518,0.9523560001980513
3076,26.872270998865133,1.1695610010065138,23.693830000411253,1.118301002861699
3077,30.426305002038134,1.1738199973478913,27.125772001454607,1.1706530021911021
3078,19.006918999366462,1.1347639992891345,14.594973999919603,0.926282002183143
3079,19.918923997465754,1.3580430022557266,16.69163199767354,0.9285420019295998
3080,19.0135310003825,1.2061529996572062,16.036387998610735,0.8753549991524778
3081,19.867609000357334,1.1157459994137753,15.48438499958138,1.0193939997407142
3082,86.94180300153675,1.1925609978788998,82.97276599842007,0.9413560001121368
3083,20.12216499861097,1.0987820023729,17.13448499867809,0.9955419991456438
3084,19.675645002280362,1.2848569967900403,16.494686002261005,0.9873559974948876
3085,20.625074997951742,1.0083380002470221,16.36846299879835,1.0208749990852084
3086,20.579408999765292,1.2164129984739702,15.706979000242427,1.1548570000741165
3087,27.94331200129818,1.144393998401938,25.00509499805048,0.8920960026443936
3088,18.600343999423785,1.2201720019220375,15.608016001351643,0.8892820005712565
3089,23.287754000193672,1.3585429987870157,17.784266998205567,0.8827630008454435
3090,37.96830200008117,1.2254310022399295,34.3123780003225,1.1976530004176311
3091,18.357249999098713,1.2099129999114666,15.184865002083825,1.0097449994646013
3092,18.758456000796286,1.3384509984462056,15.465699998458149,0.9058379982889164
3093,20.145350998063805,1.3906730018788949,15.639385997928912,0.9308190019510221
3094,19.492625000566477,1.013412002066616,15.651034002075903,0.8951149975473527
3095,69.6481129998574,1.1424500007706229,66.68319200252881,0.8947640017140657
3096,68.1252360009239,1.2719870028377045,64.77722099953098,1.0086530019179918
3097,20.169184001133544,1.058337998983916,15.587737001624191,0.8647260001453105
3098,18.541509998613037,1.2327280019235332,15.55318199825706,0.895133001904469
3099,19.10647600016091,1.5815990009286907,15.701368000009097,0.8921150001697242
3100,18.101638001098763,1.2826359998143744,14.821253000263823,1.0150050002266653
3101,44.23860799943213,1.1449859994172584,41.256688000430586,0.9356529990327545
3102,19.62579300015932,1.2514869995357003,16.467390003526816,0.9896890005620662
3103,34.73078800016083,1.2160240003140643,31.655958999181166,0.9340779979538638
3104,39.834884999436326,1.2243199998920318,36.83477800223045,0.8865419986250345
3105,69.80729800125118,1.2818389986932743,66.64267300220672,0.9573370007274207
3106,19.116049999865936,2.1889359995839186,14.953289999539265,1.0550420010986272
3107,32.0803499998874,1.14793100146926,28.262906002055388,1.2904499999422114
3108,19.781663999310695,2.4586590006947517,15.041530998132657,1.1957829992752522
3109,74.35511500079883,2.3100290018192027,69.4954080026946,0.8923560017137788
3110,19.898201997420983,1.0142450009880122,16.031202001613565,1.0814679990289733
3111,21.21226300005219,1.282802000787342,17.68002500102739,1.3515059981727973
3112,19.436811002378818,1.0304120005457662,15.559423001832329,0.8880230016075075
3113,20.216925000568153,2.1910280011070427,15.831942000659183,1.275597998755984
3114,18.984270998771535,1.090282999939518,15.088512998772785,0.9375599984196015
3115,33.920062000106554,1.2663210000027902,30.52039799877093,1.2856909997935873
3116,34.51136099829455,2.084212999761803,29.85906200046884,0.9725410018290859
3117,21.856562001630664,1.1402830023143906,18.465176999598043,1.341136001428822
3118,19.967517000623047,1.8217860015283804,15.869684000790585,0.9469670003454667
3119,18.512176000513136,1.2133939999330323,15.000735002104193,0.9709490004752297
3120,18.583991997729754,1.2814690016966779,15.324903000873746,0.9722450013214257
3121,20.901558000332443,1.1471719990368001,17.94696999786538,0.9127999983320478
3122,24.29368500088458,1.2353019992588088,21.275356000842294,0.871115000336431
3123,27.764755999669433,1.39917300111847,24.38287000040873,0.8821150004223455
3124,22.680639998725383,1.5725069970358163,18.906975001300452,1.2830609994125552
3125,19.80451599956723,1.179357001092285,16.344851999747334,1.3850800023647025
3126,21.78832100253203,2.1201020026637707,15.697294002166018,1.1719680005626287
3127,24.588314998254646,1.9919350015698,20.192444000713294,1.475507000577636
3128,19.852350000292063,1.8360639987804461,14.791604000492953,1.196208999317605
3129,20.53107499887119,2.474714998243144,16.04083200072637,1.135282996983733
3130,32.05336800238001,2.5636780010245275,27.478735999466153,1.1450239981058985
3131,31.07604799879482,1.9370650006749202,26.900585002294974,1.2404680019244552
3132,19.661811998958,1.9131010012642946,15.711183001258178,1.1625599981925916
3133,19.6106260009401,1.9399910015636124,15.415718000440393,1.3578209982370026
3134,139.77848700233153,1.955563999217702,135.494985999685,1.403136000590166
3135,27.83294199980446,1.4705440007674042,24.420740999630652,0.9919309995893855
3136,62.82717399881221,1.6733219999878202,59.23778699798277,0.9856519973254763
3137,45.29253899818286,1.6470070004288573,41.07379799825139,1.4127469985396601
3138,24.450463002722245,2.3709359993517864,19.470662002277095,1.4702099979331251
3139,19.58412599924486,1.9463979988358915,15.098956999281654,1.5653779992135242
3140,38.157506998686586,2.0601389987859875,32.02149799835752,1.1619869983405806
3141,34.2009699998016,2.13606599936611,29.858154000976356,1.315060999331763
3142,20.34546300274087,2.0167129987385124,16.219814999203663,1.2119689999963157
3143,19.602033997216495,2.113694998115534,15.380737000668887,1.2110979987483006
3144,97.5174800005334,1.1334870032442268,92.86993999921833,0.8946150010160636
3145,18.442214000970125,1.437950999388704,14.753215997188818,1.116745999752311
3146,20.2270910012885,1.2226159997226205,17.21524500317173,0.9071710010175593
3147,28.921705998072866,1.2448390007193666,25.830766000581207,0.92556000163313
3148,27.912738001759863,2.148583000234794,21.952155999315437,1.528931999928318
3149,34.61493499708013,2.6367339996795636,29.16194800127414,1.8640449998201802
3150,58.78095200023381,2.9112720003467984,54.045616001531016,0.8927260023483541
3151,20.22388900149963,2.6039379990834277,15.783072001795517,0.8890960016287863
3152,20.062090999999782,1.1940980002691504,17.014650999044534,0.8935039986681659
3153,19.466162000753684,1.2878950001322664,16.25446300022304,0.8643750006740447
3154,18.182861000241246,1.5134890018089209,14.847918999294052,0.9053750000020955
3155,18.87208599873702,1.2137650010117795,15.30642100260593,0.952485999732744
3156,18.938566998258466,1.2157460005255416,15.937999000016134,0.887892998434836
3157,18.738808001216967,1.6919150002649985,15.126753998629283,0.8890780009096488
3158,19.473477001156425,1.505322001321474,15.500385001359973,1.398673000949202
3159,29.19796599962865,1.1555239980225451,26.15009999863105,0.9124119969783351
3160,20.68124200013699,2.569031003076816,15.819164000276942,1.3538580024032854
3161,25.925728998117847,1.921472001413349,21.719043001212412,0.8514849978382699
3162,19.227125001634704,1.0022269998444244,15.519681001023855,0.9503190012765117
3163,24.49561100002029,1.6582850003032945,20.631611998396693,0.9252449999621604
3164,19.397957999899518,2.141362001566449,14.965938000386814,1.3986359990667552
3165,18.532807000156026,1.9020079998881556,14.800327000557445,0.9317629992438015
3166,18.915233998995973,1.8532860012783203,15.257643997756531,0.8723190003365744
3167,19.360440001037205,1.0993760006385855,16.39437099947827,0.9549669994157739
3168,20.2946659992449,1.479896000091685,17.077780998079106,0.8639670013508294
3169,113.71822100045392,2.8986799989070278,108.57434500212548,1.3319320023583714
3170,20.96774299934623,3.061439998418791,15.44619999913266,1.0333390018786304
3171,28.28398099882179,1.4324320000014268,24.818372003210243,0.9535970020806417
3172,19.216050000977702,1.6081180001492612,15.302347997931065,1.399746997776674
3173,21.276614999806043,1.1767089999921154,18.234156999824336,0.9473379977862351
3174,72.66392300152802,1.6548590028833132,68.26386600005208,0.8622259992989711
3175,41.080186998442514,1.1171350015501957,38.00832100023399,1.0445420011819806
3176,18.888660000811797,1.9001009968633298,15.23734700094792,0.8778189985605422
3177,20.094146999326767,2.0757679994858336,16.26446299997042,0.8718739991309121
3178,20.299759002227802,1.1895980023837183,15.39223700092407,0.8878740009095054
3179,18.86945599835599,1.1882280014106072,15.673293997679139,1.0653009994712193
3180,41.09538999910001,1.7594519995327573,37.56619000341743,0.876985999639146
3181,28.52444500240381,1.3890439986425918,25.34007800204563,0.9405040000274312
3182,20.1658320002025,1.185265002277447,17.22852199964109,0.8694299976923503
3183,18.63580699864542,1.291616998059908,15.55144099984318,0.8754479968047235
3184,19.57866299926536,1.3450240003294311,16.063683997344924,1.2757279982906766
3185,20.481907999055693,1.050670998665737,17.686598999716807,0.8863370021572337
3186,18.872734002798097,1.22278300113976,15.379903001303319,1.3664319994859397
3187,17.828358999395277,1.2099500017939135,14.845179000985809,0.8867260003171396
3188,26.61089799948968,1.2519689989858307,23.516903998825,0.9547080007905606
3189,31.03364100024919,1.033245996950427,27.98657200037269,1.1374869973224122
3190,25.672653999208705,1.2358390013105236,22.630565999861574,0.9030039982462768
3191,21.798673002194846,1.240858000528533,18.692918001761427,0.8739120021346025
3192,18.846400998882018,1.2790799992217217,15.579053000692511,1.0409300011815503
3193,20.618464001017855,1.0886909985856619,16.044295000028796,0.964912000199547
3194,18.973344998812536,1.2002650000795256,15.586329998768633,1.3030619993514847
3195,57.12938999931794,1.2534320012491662,53.96943099913187,0.9992640007112641
3196,32.22992399969371,1.8544150007073767,28.262313000595896,1.214246000017738
3197,29.51546700205654,1.1950790030823555,25.96232200085069,1.2022470000374597
3198,21.158596999157453,2.021379998041084,17.29868999973405,0.949207998928614
3199,60.983850999036804,2.0466750029299874,57.15696299739648,0.8901889996195678
3200,19.596051999542397,2.135768001608085,15.295568999135867,1.19598699893686
3201,19.032586002140306,1.161172000138322,15.99949900264619,0.8927449998736847
3202,23.233328000060283,1.67382300060126,19.718977997399634,0.9568929999659304
3203,19.87951699993573,2.657233999343589,15.370643999631284,0.9396160021424294
3204,19.904996999684954,2.3593810001329985,15.707979000580963,0.9214860001520719
3205,59.81332800001837,1.6755260003264993,56.0911809989193,1.0987269997713156
3206,19.23436499782838,1.8825270017259754,15.506460000324296,0.949281999055529
3207,20.085795000341022,3.210107002814766,14.98318000085419,0.9545779976178892
3208,20.89505800176994,2.119250002579065,16.526816001714906,1.3154690022929572
3209,19.57527400008985,1.8974899976456072,15.47333000053186,1.2684869980148505
3210,20.071720999112586,2.008528001169907,15.890202001173748,1.1948380015383009
3211,20.100906000152463,1.7964530015888158,16.2307589998818,1.1666159989545122
3212,19.985923998319777,1.8821390003722627,15.911165002762573,1.260116998309968
3213,59.07710199971916,2.0351200000732206,54.91049000193016,1.2073940015397966
3214,19.768590002058772,1.963954000530066,15.687793998949928,1.2230979991727509
3215,34.51212000072701,1.8490449983801227,30.04363600120996,1.7130640007962938
3216,25.767727998754708,2.562214998761192,20.755409001139924,1.368895002087811
3217,20.543038001051173,2.7653830002236646,15.207532000204083,1.640341000893386
3218,19.449680999969132,2.2038800016161986,15.19508800265612,1.1633569993136916
3219,19.846535000397125,1.1409129983803723,16.723613000067417,0.9042069978022482
3220,46.963656997832004,1.2678949969995301,43.89727300076629,0.8987450019048993
3221,38.54871300063678,1.1164679999637883,35.53751399886096,0.9249300019291695
3222,20.421204000740545,2.880402000300819,15.525366998190293,0.9973749984055758
3223,19.423754998570075,1.125135000620503,16.285481997329043,1.1117450012534391
3224,20.086961001652526,1.1778010011767037,17.007929000101285,0.9561339975334704
3225,35.4168829981063,1.8784530002449173,31.69192199857207,0.9022820013342425
3226,21.871859000384575,1.4335989981191233,18.572787997982232,0.9328189989901148
3227,36.82500099967001,1.3225619986769743,33.451430001150584,1.1180969995621126
3228,27.752977999625728,1.2042650014336687,24.80563100107247,0.8883190021151677
3229,55.76899399966351,1.8531200003053527,51.47156699968036,0.8603370006312616
3230,49.41078000047128,1.1769320008170325,46.420007001870545,0.947911998082418
3231,50.05359800270526,1.1025419989891816,46.60348999823327,1.418283998646075
3232,33.08800199738471,1.1757840002246667,29.096983998897485,1.9312869990244508
3233,29.395151999779046,2.182935997552704,24.84026100137271,0.9924120022333227
3234,65.72598400089191,1.3580800005001947,61.696798002230935,1.7280259999097325
3235,20.082666000234894,2.475956000125734,15.411513999424642,1.3088019986753352
3236,20.508500001596985,2.2207879992492963,15.592052001011325,1.5791920013725758
3237,19.736089998332318,2.329696002561832,14.936603998648934,1.4756550008314662
3238,21.105837000504835,1.9085649983026087,15.088234998984262,3.2370520020776894
3239,24.51511099934578,3.6634979987866245,18.239304998132866,1.1917650008399505
3240,21.753469001851045,1.1907640000572428,18.6062149987265,0.977116000285605
3241,19.072382998274406,1.1372090011718683,16.075832001661183,0.9238000020559411
3242,20.908057998894947,1.1289309986750595,18.043767002382083,0.8800409996183589
3243,17.979526000999613,1.2848389997088816,14.683826000691624,1.0811899992404506
3244,20.47651899920311,1.2824689983972348,17.410283002391225,0.8991520007839426
3245,20.113221002247883,1.6816749994177371,16.320389000611613,1.1267640002188273
3246,60.857535998366075,1.0310969992133323,57.92592999932822,1.035375000355998
3247,30.345785999088548,1.1506709997775033,27.427347002230817,0.8840410009725019
3248,45.1207610021811,1.8048609999823384,41.52591099773417,0.8889300006558187
3249,84.101363998343,1.151560998550849,80.91879399944446,1.0818020018632524
3250,19.252772002801066,1.2011539984086994,16.290851999656297,0.8867070027918089
3251,19.418199997744523,1.1925239996344317,16.37892600047053,0.9344680001959205
3252,22.462119999545394,2.5415300005988684,17.585394998604897,1.057115998264635
3253,45.85213500104146,1.3459510009852238,42.077747002622345,1.3125429977662861
3254,19.533848000719445,1.7177120025735348,15.498941000259947,0.8945220033638179
3255,20.571408000250813,1.1266159999649972,17.692229001113446,0.8546889985154849
3256,42.967621000570944,4.081276998476824,37.11783500330057,0.8778560004429892
3257,18.651454996870598,1.301598000281956,15.41919899682398,0.9048930005519651
3258,20.28922200042871,2.131879999069497,16.03394300036598,1.0486530009075068
3259,24.629649000416975,2.72834600036731,20.10453600087203,0.8767450017330702
3260,43.61664300085977,1.059857000655029,37.181594998401124,0.8333000005222857
3261,39.288567000767216,1.187745998322498,36.26796200114768,0.9356340015074238
3262,18.48532499934663,1.4105619993642904,14.934383001673268,0.9166899981210008
3263,23.683644998527598,1.864396999735618,19.28906900138827,1.5123220000532456
3264,23.359087001153966,2.1190839979681186,18.306415997358272,1.1996159992122557
3265,22.08356399933109,1.809564000723185,16.856076999829384,1.6989709984045476
3266,19.213698000385193,1.898749000247335,15.203735001705354,1.2119310013076756
3267,21.019151001382852,2.1225100026640575,14.736066998011665,2.919827998994151
3268,28.49929600051837,2.3396029973810073,23.673108000366483,1.5576559999317396
3269,24.769390998699237,2.072195002256194,20.21638899896061,1.5019329985079821
3270,20.610981999197975,1.8384899994998705,15.556997001112904,1.2115429999539629
3271,20.495889999438077,1.1938570023630746,15.77694200022961,1.172265001514461
3272,24.863242000719765,2.253509999718517,19.90462699905038,1.1293569987174124
3273,19.411940000281902,2.159640000172658,15.080123997904593,1.159672003268497
3274,19.700922999618342,2.6989569996658247,14.5708249983727,1.28593100089347
3275,25.683783998829313,2.5741970021044835,20.73503800056642,1.2772830014000647
3276,28.695204000541708,2.541586000006646,23.9614790007181,1.2801909979316406
3277,55.70001299929572,2.106788000673987,51.2820109979657,1.34506200265605
3278,34.654546001547715,1.8660269997781143,30.43839699967066,1.4524879989039619
3279,23.28449500055285,1.5864520028117113,17.26154100106214,1.2546910002129152
3280,37.135724000108894,1.8930080004793126,32.67275899997912,1.2050240002281498
3281,21.241800001007505,1.9545460017980076,16.425000998424366,1.6151370000443421
3282,20.176350997644477,1.9682870006363373,16.0325360011484,1.1667280014080461
3283,40.160219999961555,1.9669720022648107,35.23051099909935,2.004101999773411
3284,21.091744001751067,2.4210669980675448,16.155684999830555,1.1882830003742129
3285,19.75427499928628,2.1894359997531865,15.424311000970192,1.1767280011554249
3286,29.30091099915444,1.9281390013929922,25.614633999794023,0.8675230019434821
3287,18.640269001480192,1.1213010002393275,15.720108000095934,0.8998189987323713
3288,22.73823299765354,1.4160249993437901,19.20631000029971,1.2154500000178814
3289,18.626826000399888,1.6821560020616744,15.009197999461321,0.9564309984853026
3290,20.456889000342926,1.1093020002590492,17.512135000288254,0.9723750008561183
3291,34.271674001502106,1.2282280004001223,31.24434600249515,0.8892629994079471
3292,46.96636199878412,4.403872000693809,39.91094099910697,1.6157290010596626
3293,28.872426999441814,1.6253039975708816,24.975539003207814,0.9501710010226816
3294,18.973883001308423,1.2321540016273502,15.375495997432154,1.1593379967962392
3295,30.022876999282744,1.1582269980863202,26.93717799775186,1.0289489982824307
3296,19.708071002241923,2.0393980012158863,15.09142099894234,1.5976549984770827
3297,21.413393998955144,1.182486998004606,18.402564997813897,1.019782001094427
3298,141.4697910004179,1.1126900026283693,138.7263519973203,0.8512630010955036
3299,23.303123998630326,0.9616340030333959,20.661964001192246,0.9088009974220768
3300,17.632840001169825,1.0152639988518786,14.727826997841476,1.0528009988775011
3301,28.06027499900665,1.329820999671938,24.631204996694578,0.9192819998133928
