frame,time_sec,person_count,helmet_count,helmet_conf,helmet_present,vest_count,vest_conf,vest_present,gloves_count,gloves_conf,gloves_present,boots_count,boots_conf,boots_present,no_helmet_count,no_helmet_conf,no_gloves_count,no_gloves_conf,no_goggle_count,no_goggle_conf,none_count,none_conf
0,0.000000,1,0,0.000000,0,0,0.000000,0,0,0.000000,0,0,0.000000,0,0,0.000000,0,0.000000,0,0.000000,0,0.000000
1,0.090909,1,1,0.708008,1,1,0.807617,1,0,0.000000,0,0,0.000000,0,0,0.000000,0,0.000000,0,0.000000,0,0.000000
2,0.181818,1,1,0.693359,1,1,0.797363,1,0,0.000000,0,0,0.000000,0,0,0.000000,0,0.000000,0,0.000000,0,0.000000
3,0.272727,1,1,0.690430,1,1,0.803223,1,0,0.000000,0,0,0.000000,0,0,0.000000,0,0.000000,0,0.000000,0,0.000000
4,0.363636,1,1,0.661621,1,1,0.795410,1,0,0.000000,0,0,0.000000,0,0,0.000000,0,0.000000,0,0.000000,0,0.000000
5,0.454545,1,1,0.673828,1,1,0.805664,1,0,0.000000,0,0,0.000000,0,0,0.000000,0,0.000000,0,0.000000,0,0.000000
6,0.545455,1,1,0.680664,1,1,0.814453,1,0,0.000000,0,0,0.000000,0,0,0.000000,0,0.000000,0,0.000000,0,0.000000
7,0.636364,1,1,0.694336,1,1,0.803711,1,0,0.000000,0,0,0.000000,0,0,0.000000,0,0.000000,0,0.000000,0,0.000000
8,0.727273,1,1,0.703125,1,1,0.811523,1,0,0.000000,0,0,0.000000,0,0,0.000000,0,0.000000,0,0.000000,0,0.000000
9,0.818182,1,1,0.709961,1,1,0.811523,1,0,0.000000,0,0,0.000000,0,0,0.000000,0,0.000000,0,0.000000,0,0.000000
10,0.909091,1,1,0.705078,1,1,0.789062,1,0,0.000000,0,0,0.000000,0,0,0.000000,0,0.000000,0,0.000000,0,0.000000
11,1.000000,1,1,0.720703,1,1,0.784180,1,0,0.000000,0,0,0.000000,0,0,0.000000,0,0.000000,0,0.000000,0,0.000000
12,1.090909,1,1,0.714355,1,1,0.798828,1,0,0.000000,0,0,0.000000,0,0,0.000000,0,0.000000,0,0.000000,0,0.000000
13,1.181818,1,1,0.719238,1,1,0.789062,1,0,0.000000,0,0,0.000000,0,0,0.000000,0,0.000000,0,0.000000,0,0.000000
14,1.272727,1,1,0.719238,1,1,0.790527,1,0,0.000000,0,0,0.000000,0,0,0.000000,0,0.000000,0,0.000000,0,0.000000
15,1.363636,1,1,0.703613,1,1,0.803711,1,0,0.000000,0,0,0.000000,0,0,0.000000,0,0.000000,0,0.000000,0,0.000000
16,1.454545,1,1,0.723633,1,1,0.792480,1,0,0.000000,0,0,0.000000,0,0,0.000000,0,0.000000,0,0.000000,0,0.000000
17,1.545455,1,1,0.723145,1,1,0.794434,1,0,0.000000,0,0,0.000000,0,0,0.000000,0,0.000000,0,0.000000,0,0.000000
18,1.636364,1,1,0.712891,1,1,0.786621,1,0,0.000000,0,0,0.000000,0,0,0.000000,0,0.000000,0,0.000000,0,0.000000
19,1.727273,1,1,0.704102,1,1,0.797363,1,0,0.000000,0,0,0.000000,0,0,0.000000,0,0.000000,0,0.000000,0,0.000000
20,1.818182,1,1,0.700195,1,1,0.792480,1,0,0.000000,0,0,0.000000,0,0,0.000000,0,0.000000,0,0.000000,0,0.000000
21,1.909091,1,1,0.711426,1,1,0.817871,1,0,0.000000,0,0,0.000000,0,0,0.000000,0,0.000000,0,0.000000,0,0.000000
22,2.000000,1,1,0.668457,1,1,0.805176,1,0,0.000000,0,0,0.000000,0,0,0.000000,0,0.000000,0,0.000000,0,0.000000
23,2.090909,1,1,0.736816,1,1,0.792480,1,0,0.000000,0,1,0.276855,1,0,0.000000,0,0.000000,0,0.000000,0,0.000000
24,2.181818,1,1,0.749512,1,1,0.829102,1,0,0.000000,0,2,0.378418,1,0,0.000000,0,0.000000,0,0.000000,0,0.000000
25,2.272727,1,1,0.774414,1,1,0.859863,1,0,0.000000,0,0,0.000000,0,0,0.000000,0,0.000000,0,0.000000,0,0.000000
26,2.363636,1,1,0.790527,1,1,0.937012,1,0,0.000000,0,0,0.000000,0,0,0.000000,0,0.000000,0,0.000000,0,0.000000
27,2.454545,1,1,0.832031,1,1,0.941895,1,0,0.000000,0,0,0.000000,0,0,0.000000,0,0.000000,0,0.000000,0,0.000000
28,2.545455,1,1,0.817383,1,1,0.917480,1,0,0.000000,0,0,0.000000,0,0,0.000000,0,0.000000,0,0.000000,0,0.000000
29,2.636364,1,1,0.790039,1,1,0.902832,1,0,0.000000,0,0,0.000000,0,0,0.000000,0,0.000000,0,0.000000,0,0.000000
30,2.727273,1,1,0.774414,1,1,0.899902,1,0,0.000000,0,0,0.000000,0,0,0.000000,0,0.000000,0,0.000000,0,0.000000
31,2.818182,1,1,0.721191,1,1,0.904785,1,0,0.000000,0,0,0.000000,0,0,0.000000,0,0.000000,0,0.000000,0,0.000000
32,2.909091,1,1,0.711914,1,1,0.882812,1,1,0.310547,1,0,0.000000,0,0,0.000000,0,0.000000,0,0.000000,0,0.000000
33,3.000000,1,1,0.824707,1,1,0.875000,1,0,0.000000,0,0,0.000000,0,0,0.000000,0,0.000000,0,0.000000,0,0.000000
34,3.090909,1,1,0.787109,1,1,0.874512,1,0,0.000000,0,0,0.000000,0,0,0.000000,0,0.000000,0,0.000000,0,0.000000
35,3.181818,1,1,0.712891,1,1,0.907227,1,0,0.000000,0,0,0.000000,0,0,0.000000,0,0.000000,0,0.000000,0,0.000000
36,3.272727,1,1,0.713379,1,1,0.907227,1,0,0.000000,0,0,0.000000,0,0,0.000000,0,0.000000,0,0.000000,0,0.000000
37,3.363636,1,1,0.476807,1,1,0.888672,1,0,0.000000,0,0,0.000000,0,0,0.000000,0,0.000000,0,0.000000,0,0.000000
38,3.454545,1,1,0.485352,1,1,0.891113,1,0,0.000000,0,0,0.000000,0,0,0.000000,0,0.000000,0,0.000000,0,0.000000
39,3.545455,1,1,0.387939,1,1,0.929199,1,0,0.000000,0,0,0.000000,0,0,0.000000,0,0.000000,0,0.000000,0,0.000000
40,3.636364,1,1,0.706055,1,1,0.796387,1,0,0.000000,0,0,0.000000,0,0,0.000000,0,0.000000,0,0.000000,0,0.000000
41,3.727273,1,1,0.847656,1,1,0.854980,1,0,0.000000,0,0,0.000000,0,0,0.000000,0,0.000000,0,0.000000,0,0.000000
42,3.818182,1,1,0.843262,1,1,0.853516,1,0,0.000000,0,0,0.000000,0,0,0.000000,0,0.000000,0,0.000000,0,0.000000
43,3.909091,1,1,0.573730,1,1,0.867188,1,0,0.000000,0,0,0.000000,0,0,0.000000,0,0.000000,0,0.000000,0,0.000000
44,4.000000,1,1,0.503418,1,1,0.794922,1,0,0.000000,0,0,0.000000,0,0,0.000000,0,0.000000,0,0.000000,0,0.000000
45,4.090909,1,1,0.336670,1,1,0.896484,1,0,0.000000,0,0,0.000000,0,0,0.000000,0,0.000000,0,0.000000,0,0.000000
46,4.181818,1,1,0.334229,1,1,0.899902,1,0,0.000000,0,0,0.000000,0,0,0.000000,0,0.000000,0,0.000000,0,0.000000
47,4.272727,1,1,0.560547,1,1,0.841309,1,0,0.000000,0,0,0.000000,0,0,0.000000,0,0.000000,0,0.000000,0,0.000000
48,4.363636,1,1,0.318848,1,1,0.825195,1,0,0.000000,0,0,0.000000,0,0,0.000000,0,0.000000,0,0.000000,0,0.000000
49,4.454545,1,1,0.604492,1,1,0.796387,1,0,0.000000,0,0,0.000000,0,0,0.000000,0,0.000000,0,0.000000,0,0.000000
50,4.545455,1,1,0.604004,1,1,0.791504,1,0,0.000000,0,0,0.000000,0,0,0.000000,0,0.000000,0,0.000000,0,0.000000
51,4.636364,1,1,0.675293,1,1,0.844727,1,0,0.000000,0,0,0.000000,0,0,0.000000,0,0.000000,0,0.000000,0,0.000000
52,4.727273,1,1,0.585938,1,1,0.827148,1,0,0.000000,0,0,0.000000,0,0,0.000000,0,0.000000,0,0.000000,0,0.000000
53,4.818182,1,1,0.726562,1,1,0.810059,1,0,0.000000,0,0,0.000000,0,0,0.000000,0,0.000000,0,0.000000,0,0.000000
54,4.909091,1,1,0.714355,1,1,0.858887,1,0,0.000000,0,0,0.000000,0,0,0.000000,0,0.000000,0,0.000000,0,0.000000
55,5.000000,1,1,0.770020,1,1,0.858887,1,0,0.000000,0,0,0.000000,0,0,0.000000,0,0.000000,0,0.000000,0,0.000000
56,5.090909,1,1,0.844727,1,1,0.854980,1,0,0.000000,0,0,0.000000,0,0,0.000000,0,0.000000,0,0.000000,0,0.000000
57,5.181818,1,1,0.837891,1,1,0.856934,1,0,0.000000,0,0,0.000000,0,0,0.000000,0,0.000000,0,0.000000,0,0.000000
58,5.272727,1,1,0.751953,1,1,0.830566,1,0,0.000000,0,0,0.000000,0,0,0.000000,0,0.000000,0,0.000000,0,0.000000
59,5.363636,1,1,0.781738,1,1,0.869141,1,0,0.000000,0,1,0.259277,1,0,0.000000,0,0.000000,0,0.000000,0,0.000000
60,5.454545,1,1,0.829102,1,1,0.866211,1,0,0.000000,0,2,0.368652,1,0,0.000000,0,0.000000,0,0.000000,0,0.000000
61,5.545455,1,1,0.731445,1,1,0.860352,1,0,0.000000,0,0,0.000000,0,0,0.000000,0,0.000000,0,0.000000,0,0.000000
62,5.636364,1,1,0.839844,1,1,0.815430,1,0,0.000000,0,1,0.317627,1,0,0.000000,0,0.000000,0,0.000000,0,0.000000
63,5.727273,1,1,0.858398,1,1,0.825195,1,0,0.000000,0,1,0.294189,1,0,0.000000,0,0.000000,0,0.000000,0,0.000000
64,5.818182,1,1,0.849121,1,1,0.805176,1,0,0.000000,0,0,0.000000,0,0,0.000000,0,0.000000,0,0.000000,0,0.000000
65,5.909091,1,1,0.852051,1,1,0.809570,1,0,0.000000,0,0,0.000000,0,0,0.000000,0,0.000000,0,0.000000,0,0.000000
66,6.000000,1,1,0.829590,1,1,0.807617,1,0,0.000000,0,0,0.000000,0,0,0.000000,0,0.000000,0,0.000000,0,0.000000
67,6.090909,1,1,0.833008,1,1,0.809570,1,0,0.000000,0,0,0.000000,0,0,0.000000,0,0.000000,0,0.000000,0,0.000000
68,6.181818,1,1,0.828613,1,1,0.812012,1,0,0.000000,0,0,0.000000,0,0,0.000000,0,0.000000,0,0.000000,0,0.000000
69,6.272727,1,1,0.829102,1,1,0.813965,1,0,0.000000,0,0,0.000000,0,0,0.000000,0,0.000000,0,0.000000,0,0.000000
70,6.363636,1,1,0.825195,1,1,0.810059,1,0,0.000000,0,0,0.000000,0,0,0.000000,0,0.000000,0,0.000000,0,0.000000
71,6.454545,1,1,0.849121,1,1,0.829102,1,0,0.000000,0,0,0.000000,0,0,0.000000,0,0.000000,0,0.000000,0,0.000000
72,6.545455,1,1,0.870605,1,1,0.840820,1,0,0.000000,0,0,0.000000,0,0,0.000000,0,0.000000,0,0.000000,0,0.000000
73,6.636364,1,1,0.857422,1,1,0.845703,1,0,0.000000,0,1,0.263184,1,0,0.000000,0,0.000000,0,0.000000,0,0.000000
74,6.727273,1,1,0.847168,1,1,0.835449,1,0,0.000000,0,1,0.301514,1,0,0.000000,0,0.000000,0,0.000000,0,0.000000
75,6.818182,1,1,0.858887,1,1,0.839355,1,0,0.000000,0,1,0.371582,1,0,0.000000,0,0.000000,0,0.000000,0,0.000000
76,6.909091,1,1,0.846191,1,1,0.852051,1,0,0.000000,0,1,0.390137,1,0,0.000000,0,0.000000,0,0.000000,0,0.000000
77,7.000000,1,1,0.796387,1,1,0.855957,1,0,0.000000,0,1,0.325195,1,0,0.000000,0,0.000000,0,0.000000,0,0.000000
78,7.090909,1,1,0.854980,1,1,0.852051,1,0,0.000000,0,1,0.497559,1,0,0.000000,0,0.000000,0,0.000000,0,0.000000
79,7.181818,1,1,0.864258,1,1,0.843262,1,0,0.000000,0,2,0.616699,1,0,0.000000,0,0.000000,0,0.000000,0,0.000000
80,7.272727,1,1,0.864746,1,1,0.817383,1,0,0.000000,0,2,0.587891,1,0,0.000000,0,0.000000,0,0.000000,0,0.000000
81,7.363636,1,1,0.808105,1,1,0.793945,1,0,0.000000,0,1,0.432373,1,0,0.000000,0,0.000000,0,0.000000,0,0.000000
82,7.454545,1,1,0.800781,1,1,0.803223,1,0,0.000000,0,1,0.345215,1,0,0.000000,0,0.000000,0,0.000000,0,0.000000
83,7.545455,1,1,0.826660,1,1,0.782715,1,0,0.000000,0,1,0.289551,1,0,0.000000,0,0.000000,0,0.000000,0,0.000000
84,7.636364,1,1,0.842285,1,1,0.786621,1,0,0.000000,0,2,0.375732,1,0,0.000000,0,0.000000,0,0.000000,0,0.000000
85,7.727273,1,1,0.839355,1,1,0.785156,1,0,0.000000,0,2,0.377930,1,0,0.000000,0,0.000000,0,0.000000,0,0.000000
86,7.818182,1,1,0.842285,1,1,0.792969,1,0,0.000000,0,2,0.366211,1,0,0.000000,0,0.000000,0,0.000000,0,0.000000
87,7.909091,1,1,0.827637,1,1,0.794434,1,0,0.000000,0,2,0.400635,1,0,0.000000,0,0.000000,0,0.000000,0,0.000000
88,8.000000,1,1,0.836426,1,1,0.803223,1,0,0.000000,0,2,0.391113,1,0,0.000000,0,0.000000,0,0.000000,0,0.000000
89,8.090909,1,1,0.833984,1,1,0.805176,1,0,0.000000,0,2,0.387939,1,0,0.000000,0,0.000000,0,0.000000,0,0.000000
90,8.181818,1,1,0.882812,1,1,0.813965,1,0,0.000000,0,2,0.395996,1,0,0.000000,0,0.000000,0,0.000000,0,0.000000
91,8.272727,1,1,0.887207,1,1,0.820312,1,0,0.000000,0,2,0.413574,1,0,0.000000,0,0.000000,0,0.000000,0,0.000000
92,8.363636,1,1,0.839844,1,1,0.829590,1,0,0.000000,0,1,0.389648,1,0,0.000000,0,0.000000,0,0.000000,0,0.000000
93,8.454545,1,1,0.839844,1,1,0.832031,1,0,0.000000,0,1,0.383789,1,0,0.000000,0,0.000000,0,0.000000,0,0.000000
94,8.545455,1,1,0.815918,1,1,0.848145,1,0,0.000000,0,1,0.423096,1,0,0.000000,0,0.000000,0,0.000000,0,0.000000
95,8.636364,1,1,0.806152,1,1,0.854004,1,0,0.000000,0,2,0.451416,1,0,0.000000,0,0.000000,0,0.000000,0,0.000000
96,8.727273,1,1,0.825195,1,1,0.861816,1,0,0.000000,0,2,0.427490,1,0,0.000000,0,0.000000,0,0.000000,0,0.000000
97,8.818182,1,1,0.822266,1,1,0.864746,1,0,0.000000,0,2,0.389404,1,0,0.000000,0,0.000000,0,0.000000,0,0.000000
98,8.909091,1,1,0.822266,1,1,0.859863,1,0,0.000000,0,2,0.415283,1,0,0.000000,0,0.000000,0,0.000000,0,0.000000
99,9.000000,1,1,0.802734,1,1,0.885254,1,0,0.000000,0,2,0.410889,1,0,0.000000,0,0.000000,0,0.000000,0,0.000000
100,9.090909,1,1,0.789062,1,1,0.895020,1,0,0.000000,0,1,0.435303,1,0,0.000000,0,0.000000,0,0.000000,0,0.000000
101,9.181818,1,1,0.786621,1,1,0.895020,1,0,0.000000,0,1,0.440674,1,0,0.000000,0,0.000000,0,0.000000,0,0.000000
102,9.272727,1,1,0.800781,1,1,0.900391,1,0,0.000000,0,1,0.453857,1,0,0.000000,0,0.000000,0,0.000000,0,0.000000
103,9.363636,1,1,0.816406,1,1,0.899902,1,0,0.000000,0,1,0.385010,1,0,0.000000,0,0.000000,0,0.000000,0,0.000000
104,9.454545,1,1,0.832520,1,1,0.891113,1,0,0.000000,0,2,0.373291,1,0,0.000000,0,0.000000,0,0.000000,0,0.000000
105,9.545455,1,1,0.833984,1,1,0.892090,1,0,0.000000,0,2,0.359863,1,0,0.000000,0,0.000000,0,0.000000,0,0.000000
106,9.636364,1,1,0.831055,1,1,0.891113,1,0,0.000000,0,2,0.299316,1,0,0.000000,0,0.000000,0,0.000000,0,0.000000
107,9.727273,1,1,0.824707,1,1,0.892578,1,0,0.000000,0,2,0.292480,1,0,0.000000,0,0.000000,0,0.000000,0,0.000000
108,9.818182,1,1,0.821777,1,1,0.895996,1,0,0.000000,0,2,0.261963,1,0,0.000000,0,0.000000,0,0.000000,0,0.000000
109,9.909091,1,1,0.822266,1,1,0.895996,1,0,0.000000,0,1,0.251221,1,0,0.000000,0,0.000000,0,0.000000,0,0.000000
110,10.000000,1,1,0.813477,1,1,0.892578,1,0,0.000000,0,2,0.294678,1,0,0.000000,0,0.000000,0,0.000000,0,0.000000
111,10.090909,1,1,0.819336,1,1,0.893555,1,0,0.000000,0,2,0.315918,1,0,0.000000,0,0.000000,0,0.000000,0,0.000000
112,10.181818,1,1,0.831055,1,1,0.897461,1,0,0.000000,0,2,0.311279,1,0,0.000000,0,0.000000,0,0.000000,0,0.000000
113,10.272727,1,1,0.831055,1,1,0.894531,1,0,0.000000,0,2,0.289307,1,0,0.000000,0,0.000000,0,0.000000,0,0.000000
114,10.363636,1,1,0.837891,1,1,0.892578,1,0,0.000000,0,1,0.352295,1,0,0.000000,0,0.000000,0,0.000000,0,0.000000
115,10.454545,1,1,0.842773,1,1,0.890625,1,0,0.000000,0,1,0.359131,1,0,0.000000,0,0.000000,0,0.000000,0,0.000000
116,10.545455,1,1,0.843262,1,1,0.889648,1,0,0.000000,0,1,0.366211,1,0,0.000000,0,0.000000,0,0.000000,0,0.000000
117,10.636364,1,1,0.844238,1,1,0.890625,1,0,0.000000,0,1,0.365479,1,0,0.000000,0,0.000000,0,0.000000,0,0.000000
118,10.727273,1,1,0.844727,1,1,0.891113,1,0,0.000000,0,1,0.335938,1,0,0.000000,0,0.000000,0,0.000000,0,0.000000
119,10.818182,1,1,0.839355,1,1,0.891113,1,0,0.000000,0,1,0.314453,1,0,0.000000,0,0.000000,0,0.000000,0,0.000000
120,10.909091,1,1,0.844727,1,1,0.894531,1,0,0.000000,0,1,0.320068,1,0,0.000000,0,0.000000,0,0.000000,0,0.000000
121,11.000000,1,1,0.835449,1,1,0.888184,1,0,0.000000,0,1,0.325684,1,0,0.000000,0,0.000000,0,0.000000,0,0.000000
122,11.090909,1,1,0.832031,1,1,0.888184,1,0,0.000000,0,1,0.327881,1,0,0.000000,0,0.000000,0,0.000000,0,0.000000
123,11.181818,1,1,0.835938,1,1,0.891113,1,0,0.000000,0,1,0.351562,1,0,0.000000,0,0.000000,0,0.000000,0,0.000000
124,11.272727,1,1,0.823242,1,1,0.892090,1,0,0.000000,0,2,0.344238,1,0,0.000000,0,0.000000,0,0.000000,0,0.000000
125,11.363636,1,1,0.823242,1,1,0.888184,1,0,0.000000,0,1,0.340088,1,0,0.000000,0,0.000000,0,0.000000,0,0.000000
126,11.454545,1,1,0.822266,1,1,0.872070,1,0,0.000000,0,2,0.310791,1,0,0.000000,0,0.000000,0,0.000000,0,0.000000
127,11.545455,1,1,0.838867,1,1,0.885742,1,0,0.000000,0,1,0.357178,1,0,0.000000,0,0.000000,0,0.000000,0,0.000000
128,11.636364,1,1,0.820312,1,1,0.880371,1,0,0.000000,0,2,0.436035,1,0,0.000000,0,0.000000,0,0.000000,0,0.000000
129,11.727273,1,1,0.842773,1,1,0.854980,1,0,0.000000,0,1,0.376221,1,0,0.000000,0,0.000000,0,0.000000,0,0.000000
130,11.818182,1,1,0.780273,1,1,0.855469,1,0,0.000000,0,3,0.314941,1,0,0.000000,0,0.000000,0,0.000000,0,0.000000
131,11.909091,1,1,0.796875,1,1,0.827148,1,0,0.000000,0,2,0.318848,1,0,0.000000,0,0.000000,0,0.000000,0,0.000000
132,12.000000,1,1,0.796875,1,1,0.827148,1,0,0.000000,0,2,0.336914,1,0,0.000000,0,0.000000,0,0.000000,0,0.000000
133,12.090909,1,1,0.782715,1,1,0.839844,1,0,0.000000,0,2,0.343750,1,0,0.000000,0,0.000000,0,0.000000,0,0.000000
134,12.181818,1,1,0.790527,1,1,0.842285,1,0,0.000000,0,2,0.347900,1,0,0.000000,0,0.000000,0,0.000000,0,0.000000
135,12.272727,1,1,0.789062,1,1,0.854004,1,0,0.000000,0,2,0.401367,1,0,0.000000,0,0.000000,0,0.000000,0,0.000000
136,12.363636,1,1,0.809082,1,1,0.851074,1,0,0.000000,0,2,0.414307,1,0,0.000000,0,0.000000,0,0.000000,0,0.000000
137,12.454545,1,1,0.799805,1,1,0.845703,1,0,0.000000,0,2,0.409668,1,0,0.000000,0,0.000000,0,0.000000,0,0.000000
138,12.545455,1,1,0.783691,1,1,0.849121,1,0,0.000000,0,2,0.381592,1,0,0.000000,0,0.000000,0,0.000000,0,0.000000
139,12.636364,1,1,0.818359,1,1,0.853516,1,0,0.000000,0,2,0.394043,1,0,0.000000,0,0.000000,0,0.000000,0,0.000000
140,12.727273,1,1,0.809570,1,1,0.853516,1,0,0.000000,0,2,0.386719,1,0,0.000000,0,0.000000,0,0.000000,0,0.000000
141,12.818182,1,1,0.815918,1,1,0.856934,1,0,0.000000,0,2,0.383301,1,0,0.000000,0,0.000000,0,0.000000,0,0.000000
142,12.909091,1,1,0.804199,1,1,0.845703,1,0,0.000000,0,2,0.409668,1,0,0.000000,0,0.000000,0,0.000000,0,0.000000
143,13.000000,1,1,0.834473,1,1,0.836426,1,0,0.000000,0,2,0.370361,1,0,0.000000,0,0.000000,0,0.000000,0,0.000000
144,13.090909,1,1,0.844238,1,1,0.837891,1,0,0.000000,0,2,0.375488,1,0,0.000000,0,0.000000,0,0.000000,0,0.000000
145,13.181818,1,1,0.810059,1,1,0.851074,1,0,0.000000,0,2,0.405273,1,0,0.000000,0,0.000000,0,0.000000,0,0.000000
146,13.272727,1,1,0.854980,1,1,0.850586,1,0,0.000000,0,2,0.386719,1,0,0.000000,0,0.000000,0,0.000000,0,0.000000
147,13.363636,1,1,0.875977,1,1,0.854980,1,0,0.000000,0,2,0.286133,1,0,0.000000,0,0.000000,0,0.000000,0,0.000000
148,13.454545,1,1,0.898926,1,1,0.854004,1,0,0.000000,0,2,0.305176,1,0,0.000000,0,0.000000,0,0.000000,0,0.000000
149,13.545455,1,1,0.894531,1,1,0.858398,1,0,0.000000,0,2,0.318115,1,0,0.000000,0,0.000000,0,0.000000,0,0.000000
150,13.636364,1,1,0.895996,1,1,0.855957,1,0,0.000000,0,1,0.266357,1,0,0.000000,0,0.000000,0,0.000000,0,0.000000
151,13.727273,1,1,0.904785,1,1,0.858887,1,0,0.000000,0,0,0.000000,0,0,0.000000,0,0.000000,0,0.000000,0,0.000000
152,13.818182,1,1,0.901367,1,1,0.858887,1,0,0.000000,0,0,0.000000,0,0,0.000000,0,0.000000,0,0.000000,0,0.000000
153,13.909091,1,1,0.884277,1,1,0.855957,1,0,0.000000,0,0,0.000000,0,0,0.000000,0,0.000000,0,0.000000,0,0.000000
154,14.000000,1,1,0.867676,1,1,0.860352,1,0,0.000000,0,1,0.274170,1,0,0.000000,0,0.000000,0,0.000000,0,0.000000
155,14.090909,1,1,0.869141,1,1,0.857422,1,0,0.000000,0,0,0.000000,0,0,0.000000,0,0.000000,0,0.000000,0,0.000000
156,14.181818,1,1,0.863281,1,1,0.863281,1,0,0.000000,0,0,0.000000,0,0,0.000000,0,0.000000,0,0.000000,0,0.000000
157,14.272727,1,1,0.869141,1,1,0.863281,1,0,0.000000,0,0,0.000000,0,0,0.000000,0,0.000000,0,0.000000,0,0.000000
158,14.363636,1,1,0.880371,1,1,0.860352,1,0,0.000000,0,0,0.000000,0,0,0.000000,0,0.000000,0,0.000000,0,0.000000
159,14.454545,1,1,0.874512,1,1,0.873047,1,0,0.000000,0,1,0.311279,1,0,0.000000,0,0.000000,0,0.000000,0,0.000000
160,14.545455,1,1,0.888672,1,1,0.875977,1,0,0.000000,0,1,0.317139,1,0,0.000000,0,0.000000,0,0.000000,0,0.000000
161,14.636364,1,1,0.890625,1,1,0.876953,1,0,0.000000,0,1,0.321045,1,0,0.000000,0,0.000000,0,0.000000,0,0.000000
162,14.727273,1,1,0.885742,1,1,0.876953,1,0,0.000000,0,1,0.287109,1,0,0.000000,0,0.000000,0,0.000000,0,0.000000
163,14.818182,1,1,0.885742,1,1,0.879883,1,0,0.000000,0,1,0.255127,1,0,0.000000,0,0.000000,0,0.000000,0,0.000000
164,14.909091,1,1,0.875977,1,1,0.878906,1,0,0.000000,0,2,0.306396,1,0,0.000000,0,0.000000,0,0.000000,0,0.000000
165,15.000000,1,1,0.852539,1,1,0.878418,1,0,0.000000,0,2,0.326660,1,0,0.000000,0,0.000000,0,0.000000,0,0.000000
166,15.090909,1,1,0.837891,1,1,0.877441,1,0,0.000000,0,2,0.364746,1,0,0.000000,0,0.000000,0,0.000000,0,0.000000
167,15.181818,1,1,0.839844,1,1,0.875977,1,0,0.000000,0,2,0.295898,1,0,0.000000,0,0.000000,0,0.000000,0,0.000000
168,15.272727,1,1,0.840820,1,1,0.874512,1,0,0.000000,0,2,0.331299,1,0,0.000000,0,0.000000,0,0.000000,0,0.000000
169,15.363636,1,1,0.825684,1,1,0.867676,1,0,0.000000,0,2,0.368408,1,0,0.000000,0,0.000000,0,0.000000,0,0.000000
170,15.454545,1,1,0.833984,1,1,0.867188,1,0,0.000000,0,2,0.396240,1,0,0.000000,0,0.000000,0,0.000000,0,0.000000
171,15.545455,1,1,0.843262,1,1,0.871582,1,0,0.000000,0,2,0.423828,1,0,0.000000,0,0.000000,0,0.000000,0,0.000000
172,15.636364,1,1,0.808105,1,1,0.868652,1,0,0.000000,0,2,0.376953,1,0,0.000000,0,0.000000,0,0.000000,0,0.000000
173,15.727273,1,1,0.807617,1,1,0.867188,1,0,0.000000,0,2,0.376953,1,0,0.000000,0,0.000000,0,0.000000,0,0.000000
174,15.818182,1,1,0.808105,1,1,0.867188,1,0,0.000000,0,2,0.408691,1,0,0.000000,0,0.000000,0,0.000000,0,0.000000
175,15.909091,1,1,0.805176,1,1,0.863281,1,0,0.000000,0,2,0.346436,1,0,0.000000,0,0.000000,0,0.000000,0,0.000000
176,16.000000,1,1,0.795410,1,1,0.862793,1,0,0.000000,0,2,0.325928,1,0,0.000000,0,0.000000,0,0.000000,0,0.000000
177,16.090909,1,1,0.794434,1,1,0.858887,1,0,0.000000,0,2,0.345459,1,0,0.000000,0,0.000000,0,0.000000,0,0.000000
178,16.181818,1,1,0.815430,1,1,0.855957,1,0,0.000000,0,2,0.341553,1,0,0.000000,0,0.000000,0,0.000000,0,0.000000
179,16.272727,1,1,0.815430,1,1,0.854004,1,0,0.000000,0,2,0.324951,1,0,0.000000,0,0.000000,0,0.000000,0,0.000000
180,16.363636,1,1,0.817871,1,1,0.854980,1,0,0.000000,0,2,0.343262,1,0,0.000000,0,0.000000,0,0.000000,0,0.000000
181,16.454545,1,1,0.812500,1,1,0.858887,1,0,0.000000,0,1,0.312988,1,0,0.000000,0,0.000000,0,0.000000,0,0.000000
182,16.545455,1,1,0.761719,1,1,0.855469,1,0,0.000000,0,2,0.322021,1,0,0.000000,0,0.000000,0,0.000000,0,0.000000
183,16.636364,1,1,0.663086,1,1,0.833984,1,0,0.000000,0,2,0.288818,1,0,0.000000,0,0.000000,0,0.000000,0,0.000000
184,16.727273,1,1,0.711914,1,1,0.856934,1,0,0.000000,0,2,0.325195,1,0,0.000000,0,0.000000,0,0.000000,0,0.000000
185,16.818182,1,1,0.851074,1,1,0.875000,1,0,0.000000,0,3,0.340820,1,0,0.000000,0,0.000000,0,0.000000,0,0.000000
186,16.909091,1,1,0.850586,1,1,0.870605,1,0,0.000000,0,3,0.325195,1,0,0.000000,0,0.000000,0,0.000000,0,0.000000
187,17.000000,1,1,0.874512,1,1,0.864258,1,0,0.000000,0,1,0.338623,1,0,0.000000,0,0.000000,0,0.000000,0,0.000000
188,17.090909,1,1,0.888184,1,1,0.829590,1,0,0.000000,0,1,0.371582,1,0,0.000000,0,0.000000,0,0.000000,0,0.000000
189,17.181818,1,1,0.885254,1,1,0.869141,1,0,0.000000,0,1,0.347900,1,0,0.000000,0,0.000000,0,0.000000,0,0.000000
190,17.272727,1,1,0.898926,1,1,0.878418,1,0,0.000000,0,1,0.337646,1,0,0.000000,0,0.000000,0,0.000000,0,0.000000
191,17.363636,1,1,0.907715,1,1,0.884277,1,0,0.000000,0,1,0.289551,1,0,0.000000,0,0.000000,0,0.000000,0,0.000000
192,17.454545,1,1,0.899902,1,1,0.888184,1,0,0.000000,0,1,0.302979,1,0,0.000000,0,0.000000,0,0.000000,0,0.000000
193,17.545455,1,1,0.903809,1,1,0.896484,1,0,0.000000,0,1,0.357910,1,0,0.000000,0,0.000000,0,0.000000,0,0.000000
194,17.636364,1,1,0.901367,1,1,0.896484,1,0,0.000000,0,1,0.350830,1,0,0.000000,0,0.000000,0,0.000000,0,0.000000
195,17.727273,1,1,0.896484,1,1,0.898438,1,0,0.000000,0,1,0.323730,1,0,0.000000,0,0.000000,0,0.000000,0,0.000000
196,17.818182,1,1,0.895020,1,1,0.897461,1,0,0.000000,0,1,0.311035,1,0,0.000000,0,0.000000,0,0.000000,0,0.000000
197,17.909091,1,1,0.892578,1,1,0.894531,1,0,0.000000,0,1,0.323486,1,0,0.000000,0,0.000000,0,0.000000,0,0.000000
198,18.000000,1,1,0.895020,1,1,0.892578,1,0,0.000000,0,1,0.330811,1,0,0.000000,0,0.000000,0,0.000000,0,0.000000
199,18.090909,1,1,0.893555,1,1,0.892578,1,0,0.000000,0,1,0.340088,1,0,0.000000,0,0.000000,0,0.000000,0,0.000000
200,18.181818,1,1,0.893555,1,1,0.893555,1,0,0.000000,0,1,0.361572,1,0,0.000000,0,0.000000,0,0.000000,0,0.000000
201,18.272727,1,1,0.891113,1,1,0.889648,1,0,0.000000,0,1,0.377686,1,0,0.000000,0,0.000000,0,0.000000,0,0.000000
202,18.363636,1,1,0.892090,1,1,0.891113,1,0,0.000000,0,1,0.383545,1,0,0.000000,0,0.000000,0,0.000000,0,0.000000
203,18.454545,1,1,0.886719,1,1,0.891113,1,0,0.000000,0,1,0.389160,1,0,0.000000,0,0.000000,0,0.000000,0,0.000000
204,18.545455,1,1,0.884277,1,1,0.892578,1,0,0.000000,0,1,0.410156,1,0,0.000000,0,0.000000,0,0.000000,0,0.000000
205,18.636364,1,1,0.888672,1,1,0.890625,1,0,0.000000,0,1,0.406982,1,0,0.000000,0,0.000000,0,0.000000,0,0.000000
206,18.727273,1,1,0.890625,1,1,0.892578,1,0,0.000000,0,1,0.419922,1,0,0.000000,0,0.000000,0,0.000000,0,0.000000
207,18.818182,1,1,0.887207,1,1,0.895020,1,0,0.000000,0,1,0.422363,1,0,0.000000,0,0.000000,0,0.000000,0,0.000000
208,18.909091,1,1,0.889648,1,1,0.895020,1,0,0.000000,0,1,0.398193,1,0,0.000000,0,0.000000,0,0.000000,0,0.000000
209,19.000000,1,1,0.894531,1,1,0.895020,1,0,0.000000,0,1,0.402100,1,0,0.000000,0,0.000000,0,0.000000,0,0.000000
210,19.090909,1,1,0.899902,1,1,0.893555,1,0,0.000000,0,1,0.392334,1,0,0.000000,0,0.000000,0,0.000000,0,0.000000
211,19.181818,1,1,0.895996,1,1,0.892090,1,0,0.000000,0,1,0.405762,1,0,0.000000,0,0.000000,0,0.000000,0,0.000000
212,19.272727,1,1,0.898438,1,1,0.891113,1,0,0.000000,0,1,0.396973,1,0,0.000000,0,0.000000,0,0.000000,0,0.000000
213,19.363636,1,1,0.898438,1,1,0.889648,1,0,0.000000,0,1,0.395020,1,0,0.000000,0,0.000000,0,0.000000,0,0.000000
214,19.454545,1,1,0.900391,1,1,0.889648,1,0,0.000000,0,1,0.397461,1,0,0.000000,0,0.000000,0,0.000000,0,0.000000
215,19.545455,1,1,0.888184,1,1,0.892578,1,0,0.000000,0,1,0.356201,1,0,0.000000,0,0.000000,0,0.000000,0,0.000000
216,19.636364,1,1,0.890625,1,1,0.888672,1,0,0.000000,0,1,0.374023,1,0,0.000000,0,0.000000,0,0.000000,0,0.000000
217,19.727273,1,1,0.894531,1,1,0.889648,1,0,0.000000,0,1,0.392822,1,0,0.000000,0,0.000000,0,0.000000,0,0.000000
218,19.818182,1,1,0.895020,1,1,0.889648,1,0,0.000000,0,1,0.387207,1,0,0.000000,0,0.000000,0,0.000000,0,0.000000
219,19.909091,1,1,0.895020,1,1,0.888672,1,0,0.000000,0,1,0.399902,1,0,0.000000,0,0.000000,0,0.000000,0,0.000000
220,20.000000,1,1,0.894531,1,1,0.889648,1,0,0.000000,0,1,0.376709,1,0,0.000000,0,0.000000,0,0.000000,0,0.000000
221,20.090909,1,1,0.895020,1,1,0.887207,1,0,0.000000,0,1,0.409180,1,0,0.000000,0,0.000000,0,0.000000,0,0.000000
222,20.181818,1,1,0.895020,1,1,0.884277,1,0,0.000000,0,1,0.409912,1,0,0.000000,0,0.000000,0,0.000000,0,0.000000
223,20.272727,1,1,0.898926,1,1,0.888184,1,0,0.000000,0,1,0.400635,1,0,0.000000,0,0.000000,0,0.000000,0,0.000000
224,20.363636,1,1,0.833984,1,1,0.888184,1,0,0.000000,0,2,0.373291,1,0,0.000000,0,0.000000,0,0.000000,0,0.000000
225,20.454545,1,1,0.820312,1,1,0.883301,1,0,0.000000,0,2,0.385010,1,0,0.000000,0,0.000000,0,0.000000,0,0.000000
226,20.545455,1,1,0.816406,1,1,0.882812,1,0,0.000000,0,2,0.376953,1,0,0.000000,0,0.000000,0,0.000000,0,0.000000
227,20.636364,1,1,0.857422,1,1,0.873535,1,0,0.000000,0,2,0.346924,1,0,0.000000,0,0.000000,0,0.000000,0,0.000000
228,20.727273,1,1,0.868652,1,1,0.872070,1,0,0.000000,0,3,0.335938,1,0,0.000000,0,0.000000,0,0.000000,0,0.000000
229,20.818182,1,1,0.861328,1,1,0.875000,1,0,0.000000,0,3,0.355957,1,0,0.000000,0,0.000000,0,0.000000,0,0.000000
230,20.909091,1,1,0.867676,1,1,0.872070,1,0,0.000000,0,2,0.251953,1,0,0.000000,0,0.000000,0,0.000000,0,0.000000
231,21.000000,1,1,0.870605,1,1,0.870605,1,0,0.000000,0,1,0.256348,1,0,0.000000,0,0.000000,0,0.000000,0,0.000000
232,21.090909,1,1,0.875000,1,1,0.868652,1,0,0.000000,0,1,0.285645,1,0,0.000000,0,0.000000,0,0.000000,0,0.000000
233,21.181818,1,1,0.879883,1,1,0.861816,1,0,0.000000,0,2,0.273682,1,0,0.000000,0,0.000000,0,0.000000,0,0.000000
234,21.272727,1,1,0.873535,1,1,0.864258,1,0,0.000000,0,2,0.283936,1,0,0.000000,0,0.000000,0,0.000000,0,0.000000
235,21.363636,1,1,0.901367,1,1,0.850586,1,0,0.000000,0,2,0.333740,1,0,0.000000,0,0.000000,0,0.000000,0,0.000000
236,21.454545,1,1,0.858887,1,1,0.840820,1,0,0.000000,0,1,0.458008,1,0,0.000000,0,0.000000,0,0.000000,0,0.000000
237,21.545455,1,1,0.872070,1,1,0.825684,1,0,0.000000,0,1,0.319336,1,0,0.000000,0,0.000000,0,0.000000,0,0.000000
238,21.636364,1,1,0.881348,1,1,0.854004,1,0,0.000000,0,3,0.308838,1,0,0.000000,0,0.000000,0,0.000000,0,0.000000
239,21.727273,1,1,0.805176,1,1,0.855957,1,0,0.000000,0,2,0.300781,1,0,0.000000,0,0.000000,0,0.000000,0,0.000000
240,21.818182,1,1,0.694824,1,1,0.839355,1,0,0.000000,0,0,0.000000,0,0,0.000000,0,0.000000,0,0.000000,0,0.000000
241,21.909091,1,1,0.700195,1,1,0.833984,1,0,0.000000,0,0,0.000000,0,0,0.000000,0,0.000000,0,0.000000,0,0.000000
242,22.000000,1,1,0.677734,1,1,0.866211,1,0,0.000000,0,0,0.000000,0,0,0.000000,0,0.000000,0,0.000000,0,0.000000
243,22.090909,1,1,0.663574,1,1,0.869141,1,0,0.000000,0,0,0.000000,0,0,0.000000,0,0.000000,0,0.000000,0,0.000000
244,22.181818,1,1,0.532227,1,1,0.748047,1,0,0.000000,0,0,0.000000,0,0,0.000000,0,0.000000,0,0.000000,0,0.000000
245,22.272727,1,1,0.530762,1,1,0.745117,1,0,0.000000,0,0,0.000000,0,0,0.000000,0,0.000000,0,0.000000,0,0.000000
246,22.363636,1,1,0.547852,1,1,0.843262,1,0,0.000000,0,0,0.000000,0,0,0.000000,0,0.000000,0,0.000000,0,0.000000
247,22.454545,1,1,0.457520,1,1,0.839355,1,0,0.000000,0,0,0.000000,0,0,0.000000,0,0.000000,0,0.000000,0,0.000000
248,22.545455,1,1,0.442139,1,1,0.841309,1,0,0.000000,0,0,0.000000,0,0,0.000000,0,0.000000,0,0.000000,0,0.000000
249,22.636364,1,1,0.572266,1,1,0.898438,1,0,0.000000,0,0,0.000000,0,0,0.000000,0,0.000000,0,0.000000,0,0.000000
250,22.727273,1,1,0.583008,1,1,0.875000,1,0,0.000000,0,0,0.000000,0,0,0.000000,0,0.000000,0,0.000000,0,0.000000
251,22.818182,1,1,0.739258,1,1,0.905273,1,0,0.000000,0,0,0.000000,0,0,0.000000,0,0.000000,0,0.000000,0,0.000000
252,22.909091,1,1,0.847168,1,1,0.882812,1,0,0.000000,0,0,0.000000,0,0,0.000000,0,0.000000,0,0.000000,0,0.000000
253,23.000000,1,1,0.805664,1,1,0.850586,1,0,0.000000,0,0,0.000000,0,0,0.000000,0,0.000000,0,0.000000,0,0.000000
254,23.090909,1,1,0.722168,1,1,0.844238,1,1,0.335449,1,0,0.000000,0,0,0.000000,0,0.000000,0,0.000000,0,0.000000
255,23.181818,1,1,0.687012,1,1,0.873047,1,1,0.488525,1,0,0.000000,0,0,0.000000,0,0.000000,0,0.000000,0,0.000000
256,23.272727,1,1,0.688477,1,1,0.869141,1,1,0.482178,1,0,0.000000,0,0,0.000000,0,0.000000,0,0.000000,0,0.000000
257,23.363636,1,1,0.626465,1,1,0.884277,1,0,0.000000,0,0,0.000000,0,0,0.000000,0,0.000000,0,0.000000,0,0.000000
258,23.454545,1,1,0.650391,1,1,0.882812,1,0,0.000000,0,0,0.000000,0,0,0.000000,0,0.000000,0,0.000000,0,0.000000
259,23.545455,1,1,0.652832,1,1,0.896484,1,0,0.000000,0,0,0.000000,0,0,0.000000,0,0.000000,0,0.000000,0,0.000000
260,23.636364,1,1,0.692871,1,1,0.929199,1,0,0.000000,0,0,0.000000,0,0,0.000000,0,0.000000,0,0.000000,0,0.000000
261,23.727273,1,1,0.801270,1,1,0.877441,1,0,0.000000,0,0,0.000000,0,0,0.000000,0,0.000000,0,0.000000,0,0.000000
262,23.818182,1,1,0.800781,1,1,0.874512,1,0,0.000000,0,0,0.000000,0,0,0.000000,0,0.000000,0,0.000000,0,0.000000
263,23.909091,1,1,0.821289,1,1,0.832031,1,0,0.000000,0,0,0.000000,0,0,0.000000,0,0.000000,0,0.000000,0,0.000000
264,24.000000,1,1,0.841309,1,1,0.823242,1,0,0.000000,0,0,0.000000,0,0,0.000000,0,0.000000,0,0.000000,0,0.000000
265,24.090909,1,1,0.842773,1,1,0.818359,1,0,0.000000,0,0,0.000000,0,0,0.000000,0,0.000000,0,0.000000,0,0.000000
266,24.181818,1,1,0.839844,1,1,0.822266,1,0,0.000000,0,0,0.000000,0,0,0.000000,0,0.000000,0,0.000000,0,0.000000
267,24.272727,1,1,0.825195,1,1,0.886719,1,0,0.000000,0,0,0.000000,0,0,0.000000,0,0.000000,0,0.000000,0,0.000000
268,24.363636,1,1,0.770020,1,1,0.861816,1,0,0.000000,0,0,0.000000,0,0,0.000000,0,0.000000,0,0.000000,0,0.000000
269,24.454545,1,1,0.697754,1,1,0.846191,1,0,0.000000,0,0,0.000000,0,0,0.000000,0,0.000000,0,0.000000,0,0.000000
270,24.545455,1,1,0.700195,1,1,0.845703,1,0,0.000000,0,0,0.000000,0,0,0.000000,0,0.000000,0,0.000000,0,0.000000
271,24.636364,1,1,0.742188,1,1,0.855957,1,0,0.000000,0,0,0.000000,0,0,0.000000,0,0.000000,0,0.000000,0,0.000000
272,24.727273,1,1,0.743164,1,1,0.847656,1,0,0.000000,0,0,0.000000,0,0,0.000000,0,0.000000,0,0.000000,0,0.000000
273,24.818182,1,1,0.738770,1,1,0.843262,1,0,0.000000,0,0,0.000000,0,0,0.000000,0,0.000000,0,0.000000,0,0.000000
274,24.909091,1,1,0.706055,1,1,0.892090,1,0,0.000000,0,0,0.000000,0,0,0.000000,0,0.000000,0,0.000000,0,0.000000
275,25.000000,1,1,0.811523,1,1,0.838867,1,0,0.000000,0,0,0.000000,0,0,0.000000,0,0.000000,0,0.000000,0,0.000000
276,25.090909,1,1,0.805664,1,1,0.836426,1,0,0.000000,0,0,0.000000,0,0,0.000000,0,0.000000,0,0.000000,0,0.000000
277,25.181818,1,1,0.751953,1,1,0.848145,1,0,0.000000,0,0,0.000000,0,0,0.000000,0,0.000000,0,0.000000,0,0.000000
278,25.272727,1,1,0.705078,1,1,0.839355,1,0,0.000000,0,0,0.000000,0,0,0.000000,0,0.000000,0,0.000000,0,0.000000
279,25.363636,1,1,0.567383,1,1,0.833984,1,0,0.000000,0,0,0.000000,0,0,0.000000,0,0.000000,0,0.000000,0,0.000000
280,25.454545,1,1,0.563965,1,1,0.833008,1,0,0.000000,0,0,0.000000,0,0,0.000000,0,0.000000,0,0.000000,0,0.000000
281,25.545455,1,1,0.700195,1,1,0.812500,1,0,0.000000,0,0,0.000000,0,0,0.000000,0,0.000000,0,0.000000,0,0.000000
282,25.636364,1,1,0.494141,1,1,0.847656,1,0,0.000000,0,0,0.000000,0,0,0.000000,0,0.000000,0,0.000000,0,0.000000
283,25.727273,1,1,0.493164,1,1,0.849121,1,0,0.000000,0,0,0.000000,0,0,0.000000,0,0.000000,0,0.000000,0,0.000000
284,25.818182,1,1,0.700684,1,1,0.846191,1,0,0.000000,0,0,0.000000,0,0,0.000000,0,0.000000,0,0.000000,0,0.000000
285,25.909091,1,1,0.696777,1,1,0.839844,1,0,0.000000,0,0,0.000000,0,0,0.000000,0,0.000000,0,0.000000,0,0.000000
286,26.000000,1,1,0.673828,1,1,0.812500,1,0,0.000000,0,1,0.261230,1,0,0.000000,0,0.000000,0,0.000000,0,0.000000
287,26.090909,1,1,0.581055,1,1,0.883301,1,0,0.000000,0,0,0.000000,0,0,0.000000,0,0.000000,0,0.000000,0,0.000000
288,26.181818,1,1,0.593750,1,1,0.884277,1,0,0.000000,0,0,0.000000,0,0,0.000000,0,0.000000,0,0.000000,0,0.000000
289,26.272727,1,1,0.714844,1,1,0.806152,1,0,0.000000,0,0,0.000000,0,0,0.000000,0,0.000000,0,0.000000,0,0.000000
290,26.363636,1,1,0.782715,1,1,0.827148,1,0,0.000000,0,0,0.000000,0,0,0.000000,0,0.000000,0,0.000000,0,0.000000
291,26.454545,1,1,0.780273,1,1,0.825684,1,0,0.000000,0,0,0.000000,0,0,0.000000,0,0.000000,0,0.000000,0,0.000000
292,26.545455,1,1,0.791504,1,1,0.866211,1,0,0.000000,0,0,0.000000,0,0,0.000000,0,0.000000,0,0.000000,0,0.000000
293,26.636364,1,1,0.883301,1,1,0.837402,1,0,0.000000,0,0,0.000000,0,0,0.000000,0,0.000000,0,0.000000,0,0.000000
294,26.727273,1,1,0.832031,1,1,0.775391,1,0,0.000000,0,1,0.322754,1,0,0.000000,0,0.000000,0,0.000000,0,0.000000
295,26.818182,1,1,0.835938,1,1,0.854980,1,0,0.000000,0,1,0.327881,1,0,0.000000,0,0.000000,0,0.000000,0,0.000000
296,26.909091,1,1,0.835938,1,1,0.857422,1,0,0.000000,0,1,0.318359,1,0,0.000000,0,0.000000,0,0.000000,0,0.000000
297,27.000000,1,1,0.807129,1,1,0.824707,1,0,0.000000,0,0,0.000000,0,0,0.000000,0,0.000000,0,0.000000,0,0.000000
298,27.090909,1,1,0.799805,1,1,0.829590,1,0,0.000000,0,0,0.000000,0,0,0.000000,0,0.000000,0,0.000000,0,0.000000
299,27.181818,1,1,0.798828,1,1,0.803711,1,0,0.000000,0,1,0.303223,1,0,0.000000,0,0.000000,0,0.000000,0,0.000000
300,27.272727,1,1,0.810547,1,1,0.852539,1,1,0.390137,1,1,0.349365,1,0,0.000000,0,0.000000,0,0.000000,0,0.000000
301,27.363636,1,1,0.872070,1,1,0.830566,1,1,0.427002,1,0,0.000000,0,0,0.000000,0,0.000000,0,0.000000,0,0.000000
302,27.454545,1,1,0.789062,1,1,0.819336,1,0,0.000000,0,0,0.000000,0,0,0.000000,0,0.000000,0,0.000000,0,0.000000
303,27.545455,1,1,0.840820,1,1,0.833984,1,0,0.000000,0,0,0.000000,0,0,0.000000,0,0.000000,0,0.000000,0,0.000000
304,27.636364,1,1,0.870117,1,1,0.855957,1,0,0.000000,0,0,0.000000,0,0,0.000000,0,0.000000,0,0.000000,0,0.000000
305,27.727273,1,1,0.853516,1,1,0.868652,1,0,0.000000,0,0,0.000000,0,0,0.000000,0,0.000000,0,0.000000,0,0.000000
306,27.818182,1,1,0.844727,1,1,0.849121,1,0,0.000000,0,0,0.000000,0,0,0.000000,0,0.000000,0,0.000000,0,0.000000
307,27.909091,1,1,0.844727,1,1,0.847656,1,0,0.000000,0,0,0.000000,0,0,0.000000,0,0.000000,0,0.000000,0,0.000000
308,28.000000,1,1,0.866211,1,1,0.830566,1,0,0.000000,0,0,0.000000,0,0,0.000000,0,0.000000,0,0.000000,0,0.000000
309,28.090909,1,1,0.867188,1,1,0.831055,1,0,0.000000,0,0,0.000000,0,0,0.000000,0,0.000000,0,0.000000,0,0.000000
310,28.181818,1,1,0.863281,1,1,0.861328,1,0,0.000000,0,1,0.365967,1,0,0.000000,0,0.000000,0,0.000000,0,0.000000
311,28.272727,1,1,0.867188,1,1,0.847168,1,0,0.000000,0,1,0.380371,1,0,0.000000,0,0.000000,0,0.000000,0,0.000000
312,28.363636,1,1,0.776855,1,1,0.855957,1,0,0.000000,0,1,0.486572,1,0,0.000000,0,0.000000,0,0.000000,0,0.000000
313,28.454545,1,1,0.813477,1,1,0.868652,1,0,0.000000,0,1,0.473633,1,0,0.000000,0,0.000000,0,0.000000,0,0.000000
314,28.545455,1,1,0.814453,1,1,0.870117,1,0,0.000000,0,1,0.449951,1,0,0.000000,0,0.000000,0,0.000000,0,0.000000
315,28.636364,1,1,0.870117,1,1,0.846191,1,0,0.000000,0,0,0.000000,0,0,0.000000,0,0.000000,0,0.000000,0,0.000000
316,28.727273,1,1,0.863281,1,1,0.843262,1,0,0.000000,0,0,0.000000,0,0,0.000000,0,0.000000,0,0.000000,0,0.000000
317,28.818182,1,1,0.867676,1,1,0.796387,1,0,0.000000,0,0,0.000000,0,0,0.000000,0,0.000000,0,0.000000,0,0.000000
318,28.909091,1,1,0.867676,1,1,0.800781,1,0,0.000000,0,0,0.000000,0,0,0.000000,0,0.000000,0,0.000000,0,0.000000
319,29.000000,1,1,0.805176,1,1,0.854980,1,0,0.000000,0,0,0.000000,0,0,0.000000,0,0.000000,0,0.000000,0,0.000000
320,29.090909,1,1,0.853516,1,1,0.854004,1,0,0.000000,0,0,0.000000,0,0,0.000000,0,0.000000,0,0.000000,0,0.000000
321,29.181818,1,1,0.887207,1,1,0.867676,1,0,0.000000,0,0,0.000000,0,0,0.000000,0,0.000000,0,0.000000,0,0.000000
322,29.272727,1,1,0.870117,1,1,0.873535,1,0,0.000000,0,0,0.000000,0,0,0.000000,0,0.000000,0,0.000000,0,0.000000
323,29.363636,1,1,0.894531,1,1,0.837402,1,0,0.000000,0,0,0.000000,0,0,0.000000,0,0.000000,0,0.000000,0,0.000000
324,29.454545,1,1,0.773438,1,1,0.884277,1,0,0.000000,0,0,0.000000,0,0,0.000000,0,0.000000,0,0.000000,0,0.000000
325,29.545455,1,1,0.745117,1,1,0.850586,1,1,0.403564,1,1,0.273682,1,0,0.000000,0,0.000000,0,0.000000,0,0.000000
326,29.636364,1,1,0.837891,1,1,0.873047,1,2,0.487549,1,1,0.278809,1,0,0.000000,0,0.000000,0,0.000000,0,0.000000
327,29.727273,1,1,0.780273,1,1,0.864746,1,1,0.268066,1,0,0.000000,0,0,0.000000,0,0.000000,0,0.000000,0,0.000000
328,29.818182,1,1,0.659180,1,1,0.838867,1,0,0.000000,0,0,0.000000,0,0,0.000000,0,0.000000,0,0.000000,0,0.000000
329,29.909091,1,1,0.651855,1,1,0.835449,1,0,0.000000,0,0,0.000000,0,0,0.000000,0,0.000000,0,0.000000,0,0.000000
330,30.000000,1,1,0.541016,1,1,0.857422,1,0,0.000000,0,0,0.000000,0,0,0.000000,0,0.000000,0,0.000000,0,0.000000
331,30.090909,1,1,0.663086,1,1,0.881348,1,0,0.000000,0,0,0.000000,0,0,0.000000,0,0.000000,0,0.000000,0,0.000000
332,30.181818,1,1,0.481201,1,1,0.894531,1,0,0.000000,0,0,0.000000,0,0,0.000000,0,0.000000,0,0.000000,0,0.000000
333,30.272727,1,1,0.517578,1,1,0.895020,1,0,0.000000,0,0,0.000000,0,0,0.000000,0,0.000000,0,0.000000,0,0.000000
334,30.363636,1,1,0.726562,1,1,0.902832,1,0,0.000000,0,1,0.333008,1,0,0.000000,0,0.000000,0,0.000000,0,0.000000
335,30.454545,1,1,0.586914,1,1,0.921875,1,0,0.000000,0,0,0.000000,0,0,0.000000,0,0.000000,0,0.000000,0,0.000000
336,30.545455,1,1,0.775391,1,1,0.924805,1,0,0.000000,0,0,0.000000,0,0,0.000000,0,0.000000,0,0.000000,0,0.000000
337,30.636364,1,1,0.593750,1,1,0.905273,1,0,0.000000,0,0,0.000000,0,0,0.000000,0,0.000000,0,0.000000,0,0.000000
338,30.727273,1,1,0.768066,1,1,0.873047,1,0,0.000000,0,0,0.000000,0,0,0.000000,0,0.000000,0,0.000000,0,0.000000
339,30.818182,1,1,0.716797,1,1,0.829102,1,0,0.000000,0,0,0.000000,0,0,0.000000,0,0.000000,0,0.000000,0,0.000000
340,30.909091,1,1,0.730957,1,1,0.837402,1,0,0.000000,0,0,0.000000,0,0,0.000000,0,0.000000,0,0.000000,0,0.000000
341,31.000000,1,1,0.676758,1,1,0.872070,1,0,0.000000,0,0,0.000000,0,0,0.000000,0,0.000000,0,0.000000,0,0.000000
342,31.090909,1,1,0.805176,1,1,0.884277,1,0,0.000000,0,0,0.000000,0,0,0.000000,0,0.000000,0,0.000000,0,0.000000
343,31.181818,1,1,0.757812,1,1,0.896484,1,0,0.000000,0,0,0.000000,0,0,0.000000,0,0.000000,0,0.000000,0,0.000000
344,31.272727,1,1,0.791992,1,1,0.931641,1,0,0.000000,0,0,0.000000,0,0,0.000000,0,0.000000,0,0.000000,0,0.000000
345,31.363636,1,1,0.782227,1,1,0.931641,1,0,0.000000,0,0,0.000000,0,0,0.000000,0,0.000000,0,0.000000,0,0.000000
346,31.454545,1,1,0.767578,1,1,0.916016,1,0,0.000000,0,0,0.000000,0,0,0.000000,0,0.000000,0,0.000000,0,0.000000
347,31.545455,1,1,0.818359,1,1,0.928223,1,0,0.000000,0,0,0.000000,0,0,0.000000,0,0.000000,0,0.000000,0,0.000000
348,31.636364,1,1,0.864746,1,2,0.880371,1,0,0.000000,0,0,0.000000,0,0,0.000000,0,0.000000,0,0.000000,0,0.000000
349,31.727273,1,1,0.862793,1,2,0.818359,1,0,0.000000,0,0,0.000000,0,0,0.000000,0,0.000000,0,0.000000,0,0.000000
350,31.818182,1,1,0.870605,1,1,0.780273,1,0,0.000000,0,0,0.000000,0,0,0.000000,0,0.000000,0,0.000000,0,0.000000
351,31.909091,1,1,0.879883,1,1,0.780273,1,0,0.000000,0,0,0.000000,0,0,0.000000,0,0.000000,0,0.000000,0,0.000000
352,32.000000,1,1,0.892578,1,1,0.813965,1,0,0.000000,0,0,0.000000,0,0,0.000000,0,0.000000,0,0.000000,0,0.000000
353,32.090909,1,1,0.908691,1,1,0.853516,1,0,0.000000,0,0,0.000000,0,0,0.000000,0,0.000000,0,0.000000,0,0.000000
354,32.181818,1,1,0.872070,1,1,0.847168,1,0,0.000000,0,0,0.000000,0,0,0.000000,0,0.000000,0,0.000000,0,0.000000
355,32.272727,1,1,0.874512,1,1,0.846191,1,0,0.000000,0,0,0.000000,0,0,0.000000,0,0.000000,0,0.000000,0,0.000000
356,32.363636,1,1,0.862793,1,1,0.876953,1,0,0.000000,0,0,0.000000,0,0,0.000000,0,0.000000,0,0.000000,0,0.000000
357,32.454545,1,1,0.866211,1,1,0.809570,1,0,0.000000,0,0,0.000000,0,0,0.000000,0,0.000000,0,0.000000,0,0.000000
358,32.545455,1,1,0.867676,1,1,0.795410,1,0,0.000000,0,0,0.000000,0,0,0.000000,0,0.000000,0,0.000000,0,0.000000
359,32.636364,1,1,0.788086,1,1,0.829590,1,0,0.000000,0,0,0.000000,0,0,0.000000,0,0.000000,0,0.000000,0,0.000000
360,32.727273,1,1,0.776855,1,1,0.837891,1,0,0.000000,0,0,0.000000,0,0,0.000000,0,0.000000,0,0.000000,0,0.000000
361,32.818182,1,1,0.754395,1,1,0.845703,1,0,0.000000,0,0,0.000000,0,0,0.000000,0,0.000000,0,0.000000,0,0.000000
362,32.909091,1,1,0.842773,1,1,0.833008,1,1,0.252441,1,0,0.000000,0,0,0.000000,0,0.000000,0,0.000000,0,0.000000
363,33.000000,1,1,0.816406,1,1,0.837891,1,0,0.000000,0,0,0.000000,0,0,0.000000,0,0.000000,0,0.000000,0,0.000000
364,33.090909,1,1,0.860352,1,1,0.844727,1,0,0.000000,0,0,0.000000,0,0,0.000000,0,0.000000,0,0.000000,0,0.000000
365,33.181818,1,1,0.798340,1,1,0.869141,1,0,0.000000,0,0,0.000000,0,0,0.000000,0,0.000000,0,0.000000,0,0.000000
366,33.272727,1,1,0.765137,1,1,0.879883,1,0,0.000000,0,0,0.000000,0,0,0.000000,0,0.000000,0,0.000000,0,0.000000
367,33.363636,1,1,0.798340,1,1,0.855469,1,0,0.000000,0,0,0.000000,0,0,0.000000,0,0.000000,0,0.000000,0,0.000000
368,33.454545,1,1,0.800781,1,1,0.854004,1,0,0.000000,0,0,0.000000,0,0,0.000000,0,0.000000,0,0.000000,0,0.000000
369,33.545455,1,1,0.692871,1,1,0.850586,1,0,0.000000,0,0,0.000000,0,0,0.000000,0,0.000000,0,0.000000,0,0.000000
370,33.636364,1,1,0.697754,1,1,0.898926,1,0,0.000000,0,0,0.000000,0,0,0.000000,0,0.000000,0,0.000000,0,0.000000
371,33.727273,1,1,0.634277,1,1,0.916504,1,0,0.000000,0,0,0.000000,0,0,0.000000,0,0.000000,0,0.000000,0,0.000000
372,33.818182,1,0,0.000000,0,1,0.831055,1,0,0.000000,0,0,0.000000,0,0,0.000000,0,0.000000,0,0.000000,0,0.000000
373,33.909091,1,1,0.618164,1,1,0.860352,1,0,0.000000,0,0,0.000000,0,0,0.000000,0,0.000000,0,0.000000,0,0.000000
374,34.000000,1,1,0.499023,1,1,0.809082,1,0,0.000000,0,0,0.000000,0,0,0.000000,0,0.000000,0,0.000000,0,0.000000
375,34.090909,1,1,0.549316,1,1,0.855469,1,0,0.000000,0,0,0.000000,0,0,0.000000,0,0.000000,0,0.000000,0,0.000000
376,34.181818,1,1,0.750977,1,1,0.831055,1,0,0.000000,0,0,0.000000,0,0,0.000000,0,0.000000,0,0.000000,0,0.000000
377,34.272727,1,1,0.749512,1,1,0.831055,1,0,0.000000,0,0,0.000000,0,0,0.000000,0,0.000000,0,0.000000,0,0.000000
378,34.363636,1,1,0.780273,1,1,0.835449,1,0,0.000000,0,1,0.373291,1,0,0.000000,0,0.000000,0,0.000000,0,0.000000
379,34.454545,1,1,0.819336,1,1,0.839844,1,0,0.000000,0,1,0.281250,1,0,0.000000,0,0.000000,0,0.000000,0,0.000000
380,34.545455,1,1,0.812012,1,1,0.839355,1,0,0.000000,0,1,0.273926,1,0,0.000000,0,0.000000,0,0.000000,0,0.000000
381,34.636364,1,1,0.819824,1,1,0.817383,1,0,0.000000,0,0,0.000000,0,0,0.000000,0,0.000000,0,0.000000,0,0.000000
382,34.727273,1,1,0.858887,1,1,0.870605,1,0,0.000000,0,0,0.000000,0,0,0.000000,0,0.000000,0,0.000000,0,0.000000
383,34.818182,1,1,0.854980,1,1,0.868652,1,0,0.000000,0,0,0.000000,0,0,0.000000,0,0.000000,0,0.000000,0,0.000000
384,34.909091,1,1,0.869141,1,1,0.821777,1,0,0.000000,0,0,0.000000,0,0,0.000000,0,0.000000,0,0.000000,0,0.000000
385,35.000000,1,1,0.840820,1,1,0.843262,1,0,0.000000,0,0,0.000000,0,0,0.000000,0,0.000000,0,0.000000,0,0.000000
386,35.090909,1,1,0.850586,1,1,0.848145,1,0,0.000000,0,0,0.000000,0,0,0.000000,0,0.000000,0,0.000000,0,0.000000
387,35.181818,1,1,0.821777,1,1,0.837891,1,0,0.000000,0,0,0.000000,0,0,0.000000,0,0.000000,0,0.000000,0,0.000000
388,35.272727,1,1,0.824707,1,1,0.836426,1,0,0.000000,0,0,0.000000,0,0,0.000000,0,0.000000,0,0.000000,0,0.000000
389,35.363636,1,1,0.796387,1,1,0.857422,1,0,0.000000,0,0,0.000000,0,0,0.000000,0,0.000000,0,0.000000,0,0.000000
390,35.454545,1,1,0.763672,1,1,0.849121,1,0,0.000000,0,0,0.000000,0,0,0.000000,0,0.000000,0,0.000000,0,0.000000
391,35.545455,1,1,0.768066,1,1,0.849609,1,0,0.000000,0,0,0.000000,0,0,0.000000,0,0.000000,0,0.000000,0,0.000000
392,35.636364,1,1,0.851074,1,1,0.852051,1,0,0.000000,0,0,0.000000,0,0,0.000000,0,0.000000,0,0.000000,0,0.000000
393,35.727273,1,1,0.865723,1,1,0.844238,1,0,0.000000,0,0,0.000000,0,0,0.000000,0,0.000000,0,0.000000,0,0.000000
394,35.818182,1,1,0.812012,1,1,0.854004,1,0,0.000000,0,0,0.000000,0,0,0.000000,0,0.000000,0,0.000000,0,0.000000
395,35.909091,1,1,0.807129,1,1,0.846191,1,0,0.000000,0,0,0.000000,0,0,0.000000,0,0.000000,0,0.000000,0,0.000000
396,36.000000,1,1,0.778320,1,1,0.844238,1,0,0.000000,0,0,0.000000,0,0,0.000000,0,0.000000,0,0.000000,0,0.000000
397,36.090909,1,1,0.771484,1,1,0.840820,1,0,0.000000,0,0,0.000000,0,0,0.000000,0,0.000000,0,0.000000,0,0.000000
398,36.181818,1,1,0.784668,1,1,0.809082,1,0,0.000000,0,0,0.000000,0,0,0.000000,0,0.000000,0,0.000000,0,0.000000
399,36.272727,1,1,0.878418,1,1,0.839355,1,0,0.000000,0,0,0.000000,0,0,0.000000,0,0.000000,0,0.000000,0,0.000000
400,36.363636,1,1,0.899902,1,1,0.855957,1,0,0.000000,0,0,0.000000,0,0,0.000000,0,0.000000,0,0.000000,0,0.000000
401,36.454545,1,1,0.823730,1,1,0.858398,1,0,0.000000,0,0,0.000000,0,0,0.000000,0,0.000000,0,0.000000,0,0.000000
402,36.545455,1,1,0.839844,1,1,0.837891,1,0,0.000000,0,0,0.000000,0,0,0.000000,0,0.000000,0,0.000000,0,0.000000
403,36.636364,1,1,0.844238,1,1,0.838867,1,0,0.000000,0,0,0.000000,0,0,0.000000,0,0.000000,0,0.000000,0,0.000000
404,36.727273,1,1,0.790527,1,1,0.873535,1,0,0.000000,0,0,0.000000,0,0,0.000000,0,0.000000,0,0.000000,0,0.000000
405,36.818182,1,1,0.900391,1,1,0.864258,1,0,0.000000,0,0,0.000000,0,0,0.000000,0,0.000000,0,0.000000,0,0.000000
406,36.909091,1,1,0.898926,1,1,0.866211,1,0,0.000000,0,0,0.000000,0,0,0.000000,0,0.000000,0,0.000000,0,0.000000
407,37.000000,1,1,0.869141,1,1,0.851074,1,0,0.000000,0,0,0.000000,0,0,0.000000,0,0.000000,0,0.000000,0,0.000000
408,37.090909,1,1,0.875977,1,1,0.873535,1,0,0.000000,0,0,0.000000,0,0,0.000000,0,0.000000,0,0.000000,0,0.000000
409,37.181818,1,1,0.875000,1,1,0.873535,1,0,0.000000,0,0,0.000000,0,0,0.000000,0,0.000000,0,0.000000,0,0.000000
410,37.272727,1,1,0.803223,1,1,0.850586,1,1,0.386719,1,0,0.000000,0,0,0.000000,0,0.000000,0,0.000000,0,0.000000
411,37.363636,1,1,0.817383,1,1,0.863281,1,1,0.331055,1,0,0.000000,0,0,0.000000,0,0.000000,0,0.000000,0,0.000000
412,37.454545,1,1,0.756348,1,1,0.853516,1,0,0.000000,0,0,0.000000,0,0,0.000000,0,0.000000,0,0.000000,0,0.000000
413,37.545455,1,1,0.750000,1,1,0.852051,1,0,0.000000,0,0,0.000000,0,0,0.000000,0,0.000000,0,0.000000,0,0.000000
414,37.636364,1,1,0.682129,1,1,0.825684,1,0,0.000000,0,0,0.000000,0,0,0.000000,0,0.000000,0,0.000000,0,0.000000
415,37.727273,1,1,0.680664,1,1,0.824707,1,0,0.000000,0,0,0.000000,0,0,0.000000,0,0.000000,0,0.000000,0,0.000000
416,37.818182,1,1,0.409180,1,1,0.833984,1,0,0.000000,0,0,0.000000,0,0,0.000000,0,0.000000,0,0.000000,0,0.000000
417,37.909091,1,1,0.404053,1,1,0.837891,1,0,0.000000,0,0,0.000000,0,0,0.000000,0,0.000000,0,0.000000,0,0.000000
418,38.000000,1,1,0.708008,1,1,0.861816,1,0,0.000000,0,0,0.000000,0,0,0.000000,0,0.000000,0,0.000000,0,0.000000
419,38.090909,1,1,0.709473,1,1,0.884277,1,0,0.000000,0,0,0.000000,0,0,0.000000,0,0.000000,0,0.000000,0,0.000000
420,38.181818,1,1,0.683594,1,1,0.892090,1,0,0.000000,0,0,0.000000,0,0,0.000000,0,0.000000,0,0.000000,0,0.000000
421,38.272727,1,1,0.687500,1,1,0.892578,1,0,0.000000,0,0,0.000000,0,0,0.000000,0,0.000000,0,0.000000,0,0.000000
422,38.363636,1,1,0.790039,1,1,0.852051,1,0,0.000000,0,0,0.000000,0,0,0.000000,0,0.000000,0,0.000000,0,0.000000
423,38.454545,1,1,0.689941,1,1,0.898438,1,0,0.000000,0,0,0.000000,0,0,0.000000,0,0.000000,0,0.000000,0,0.000000
424,38.545455,1,1,0.688965,1,1,0.899902,1,0,0.000000,0,0,0.000000,0,0,0.000000,0,0.000000,0,0.000000,0,0.000000
425,38.636364,1,1,0.803223,1,1,0.854980,1,0,0.000000,0,0,0.000000,0,0,0.000000,0,0.000000,0,0.000000,0,0.000000
426,38.727273,1,1,0.728516,1,1,0.882812,1,0,0.000000,0,0,0.000000,0,0,0.000000,0,0.000000,0,0.000000,0,0.000000
427,38.818182,1,1,0.739258,1,1,0.884277,1,0,0.000000,0,0,0.000000,0,0,0.000000,0,0.000000,0,0.000000,0,0.000000
428,38.909091,1,1,0.635742,1,1,0.872070,1,0,0.000000,0,0,0.000000,0,0,0.000000,0,0.000000,0,0.000000,0,0.000000
429,39.000000,1,1,0.669922,1,1,0.911621,1,0,0.000000,0,0,0.000000,0,0,0.000000,0,0.000000,0,0.000000,0,0.000000
430,39.090909,1,1,0.658203,1,1,0.925781,1,1,0.270020,1,0,0.000000,0,0,0.000000,0,0.000000,0,0.000000,0,0.000000
431,39.181818,1,1,0.674805,1,1,0.924805,1,1,0.299316,1,0,0.000000,0,0,0.000000,0,0.000000,0,0.000000,0,0.000000
432,39.272727,1,1,0.607422,1,1,0.913574,1,0,0.000000,0,0,0.000000,0,0,0.000000,0,0.000000,0,0.000000,0,0.000000
433,39.363636,1,1,0.441406,1,1,0.824707,1,0,0.000000,0,0,0.000000,0,0,0.000000,0,0.000000,0,0.000000,0,0.000000
434,39.454545,1,1,0.736816,1,1,0.811523,1,0,0.000000,0,0,0.000000,0,0,0.000000,0,0.000000,0,0.000000,0,0.000000
435,39.545455,1,1,0.716309,1,1,0.822266,1,0,0.000000,0,0,0.000000,0,0,0.000000,0,0.000000,0,0.000000,0,0.000000
436,39.636364,1,1,0.779297,1,1,0.845703,1,0,0.000000,0,0,0.000000,0,0,0.000000,0,0.000000,0,0.000000,0,0.000000
437,39.727273,1,1,0.692871,1,1,0.823242,1,0,0.000000,0,0,0.000000,0,0,0.000000,0,0.000000,0,0.000000,0,0.000000
438,39.818182,1,1,0.738770,1,1,0.842773,1,0,0.000000,0,0,0.000000,0,0,0.000000,0,0.000000,0,0.000000,0,0.000000
439,39.909091,1,1,0.558594,1,1,0.768066,1,0,0.000000,0,0,0.000000,0,0,0.000000,0,0.000000,0,0.000000,0,0.000000
440,40.000000,1,1,0.784668,1,1,0.811523,1,0,0.000000,0,0,0.000000,0,0,0.000000,0,0.000000,0,0.000000,0,0.000000
441,40.090909,1,1,0.712891,1,1,0.827148,1,0,0.000000,0,0,0.000000,0,0,0.000000,0,0.000000,0,0.000000,0,0.000000
442,40.181818,1,1,0.716309,1,1,0.829102,1,0,0.000000,0,0,0.000000,0,0,0.000000,0,0.000000,0,0.000000,0,0.000000
443,40.272727,1,1,0.678223,1,1,0.844727,1,0,0.000000,0,0,0.000000,0,0,0.000000,0,0.000000,0,0.000000,0,0.000000
444,40.363636,1,1,0.632812,1,1,0.860352,1,0,0.000000,0,0,0.000000,0,0,0.000000,0,0.000000,0,0.000000,0,0.000000
445,40.454545,1,1,0.523438,1,1,0.860352,1,0,0.000000,0,0,0.000000,0,0,0.000000,0,0.000000,0,0.000000,0,0.000000
446,40.545455,1,1,0.284180,1,1,0.852051,1,0,0.000000,0,0,0.000000,0,0,0.000000,0,0.000000,0,0.000000,0,0.000000
447,40.636364,1,1,0.278320,1,1,0.851074,1,0,0.000000,0,0,0.000000,0,0,0.000000,0,0.000000,0,0.000000,0,0.000000
448,40.727273,1,1,0.263428,1,1,0.832520,1,0,0.000000,0,0,0.000000,0,0,0.000000,0,0.000000,0,0.000000,0,0.000000
449,40.818182,1,0,0.000000,0,1,0.840820,1,0,0.000000,0,1,0.295898,1,0,0.000000,0,0.000000,0,0.000000,0,0.000000
450,40.909091,1,0,0.000000,0,1,0.854980,1,0,0.000000,0,0,0.000000,0,0,0.000000,0,0.000000,0,0.000000,0,0.000000
451,41.000000,1,0,0.000000,0,1,0.850586,1,0,0.000000,0,0,0.000000,0,0,0.000000,0,0.000000,0,0.000000,0,0.000000
452,41.090909,1,1,0.386475,1,1,0.892090,1,0,0.000000,0,0,0.000000,0,0,0.000000,0,0.000000,0,0.000000,0,0.000000
453,41.181818,1,1,0.738770,1,1,0.931641,1,0,0.000000,0,0,0.000000,0,0,0.000000,0,0.000000,0,0.000000,0,0.000000
454,41.272727,1,1,0.748047,1,1,0.931152,1,0,0.000000,0,0,0.000000,0,0,0.000000,0,0.000000,0,0.000000,0,0.000000
455,41.363636,1,1,0.432373,1,1,0.895996,1,0,0.000000,0,0,0.000000,0,0,0.000000,0,0.000000,0,0.000000,0,0.000000
456,41.454545,1,1,0.429443,1,1,0.895020,1,0,0.000000,0,0,0.000000,0,0,0.000000,0,0.000000,0,0.000000,0,0.000000
457,41.545455,1,0,0.000000,0,1,0.750977,1,0,0.000000,0,0,0.000000,0,0,0.000000,0,0.000000,0,0.000000,0,0.000000
458,41.636364,1,0,0.000000,0,1,0.759766,1,0,0.000000,0,0,0.000000,0,0,0.000000,0,0.000000,0,0.000000,0,0.000000
459,41.727273,1,0,0.000000,0,1,0.738770,1,0,0.000000,0,0,0.000000,0,0,0.000000,0,0.000000,0,0.000000,0,0.000000
460,41.818182,1,0,0.000000,0,1,0.807129,1,0,0.000000,0,0,0.000000,0,0,0.000000,0,0.000000,0,0.000000,0,0.000000
461,41.909091,1,0,0.000000,0,1,0.806152,1,0,0.000000,0,0,0.000000,0,0,0.000000,0,0.000000,0,0.000000,0,0.000000
462,42.000000,1,0,0.000000,0,1,0.803711,1,0,0.000000,0,0,0.000000,0,0,0.000000,0,0.000000,0,0.000000,0,0.000000
463,42.090909,1,0,0.000000,0,1,0.806152,1,0,0.000000,0,0,0.000000,0,0,0.000000,0,0.000000,0,0.000000,0,0.000000
464,42.181818,1,0,0.000000,0,1,0.771484,1,0,0.000000,0,0,0.000000,0,0,0.000000,0,0.000000,0,0.000000,0,0.000000
465,42.272727,1,0,0.000000,0,1,0.580078,1,0,0.000000,0,0,0.000000,0,0,0.000000,0,0.000000,0,0.000000,0,0.000000
466,42.363636,1,0,0.000000,0,1,0.601074,1,0,0.000000,0,0,0.000000,0,0,0.000000,0,0.000000,0,0.000000,0,0.000000
467,42.454545,1,0,0.000000,0,1,0.778320,1,0,0.000000,0,0,0.000000,0,0,0.000000,0,0.000000,0,0.000000,0,0.000000
468,42.545455,1,0,0.000000,0,1,0.746582,1,0,0.000000,0,0,0.000000,0,0,0.000000,0,0.000000,0,0.000000,0,0.000000
469,42.636364,1,0,0.000000,0,1,0.742188,1,0,0.000000,0,0,0.000000,0,0,0.000000,0,0.000000,0,0.000000,0,0.000000
470,42.727273,1,0,0.000000,0,1,0.754395,1,0,0.000000,0,0,0.000000,0,0,0.000000,0,0.000000,0,0.000000,0,0.000000
471,42.818182,1,0,0.000000,0,1,0.724121,1,0,0.000000,0,0,0.000000,0,0,0.000000,0,0.000000,0,0.000000,0,0.000000
472,42.909091,1,0,0.000000,0,1,0.792969,1,0,0.000000,0,0,0.000000,0,0,0.000000,0,0.000000,0,0.000000,0,0.000000
473,43.000000,1,0,0.000000,0,1,0.778320,1,0,0.000000,0,0,0.000000,0,0,0.000000,0,0.000000,0,0.000000,0,0.000000
474,43.090909,1,0,0.000000,0,1,0.773438,1,0,0.000000,0,0,0.000000,0,0,0.000000,0,0.000000,0,0.000000,0,0.000000
475,43.181818,1,0,0.000000,0,1,0.815430,1,0,0.000000,0,0,0.000000,0,0,0.000000,0,0.000000,0,0.000000,0,0.000000
476,43.272727,1,1,0.674316,1,1,0.839355,1,0,0.000000,0,0,0.000000,0,0,0.000000,0,0.000000,0,0.000000,0,0.000000
477,43.363636,1,1,0.709961,1,1,0.836426,1,0,0.000000,0,0,0.000000,0,0,0.000000,0,0.000000,0,0.000000,0,0.000000
478,43.454545,1,1,0.679688,1,1,0.811523,1,0,0.000000,0,0,0.000000,0,0,0.000000,0,0.000000,0,0.000000,0,0.000000
479,43.545455,1,1,0.688965,1,1,0.817871,1,0,0.000000,0,0,0.000000,0,0,0.000000,0,0.000000,0,0.000000,0,0.000000
480,43.636364,1,1,0.627441,1,1,0.860352,1,0,0.000000,0,0,0.000000,0,0,0.000000,0,0.000000,0,0.000000,0,0.000000
481,43.727273,1,1,0.795410,1,1,0.861816,1,0,0.000000,0,0,0.000000,0,0,0.000000,0,0.000000,0,0.000000,0,0.000000
482,43.818182,1,1,0.549805,1,1,0.810547,1,0,0.000000,0,0,0.000000,0,0,0.000000,0,0.000000,0,0.000000,0,0.000000
483,43.909091,1,1,0.636230,1,1,0.842773,1,0,0.000000,0,0,0.000000,0,0,0.000000,0,0.000000,0,0.000000,0,0.000000
484,44.000000,1,1,0.697266,1,1,0.842773,1,0,0.000000,0,0,0.000000,0,0,0.000000,0,0.000000,0,0.000000,0,0.000000
485,44.090909,1,1,0.728516,1,1,0.841309,1,0,0.000000,0,0,0.000000,0,0,0.000000,0,0.000000,0,0.000000,0,0.000000
486,44.181818,1,1,0.718262,1,1,0.840820,1,0,0.000000,0,0,0.000000,0,0,0.000000,0,0.000000,0,0.000000,0,0.000000
487,44.272727,1,1,0.688477,1,1,0.838867,1,0,0.000000,0,0,0.000000,0,0,0.000000,0,0.000000,0,0.000000,0,0.000000
488,44.363636,1,1,0.661621,1,1,0.835449,1,0,0.000000,0,0,0.000000,0,0,0.000000,0,0.000000,0,0.000000,0,0.000000
489,44.454545,1,1,0.639160,1,1,0.845703,1,0,0.000000,0,0,0.000000,0,0,0.000000,0,0.000000,0,0.000000,0,0.000000
490,44.545455,1,1,0.644043,1,1,0.845703,1,0,0.000000,0,0,0.000000,0,0,0.000000,0,0.000000,0,0.000000,0,0.000000
491,44.636364,1,1,0.564453,1,1,0.837891,1,0,0.000000,0,0,0.000000,0,0,0.000000,0,0.000000,0,0.000000,0,0.000000
492,44.727273,1,1,0.498047,1,1,0.835449,1,0,0.000000,0,0,0.000000,0,0,0.000000,0,0.000000,0,0.000000,0,0.000000
493,44.818182,1,1,0.594727,1,1,0.861816,1,0,0.000000,0,1,0.320312,1,0,0.000000,0,0.000000,0,0.000000,0,0.000000
494,44.909091,1,1,0.601562,1,1,0.865723,1,0,0.000000,0,1,0.310059,1,0,0.000000,0,0.000000,0,0.000000,0,0.000000
495,45.000000,1,1,0.607422,1,1,0.879883,1,0,0.000000,0,0,0.000000,0,0,0.000000,0,0.000000,0,0.000000,0,0.000000
496,45.090909,1,1,0.723145,1,1,0.875000,1,0,0.000000,0,0,0.000000,0,0,0.000000,0,0.000000,0,0.000000,0,0.000000
497,45.181818,1,1,0.450684,1,1,0.854980,1,0,0.000000,0,0,0.000000,0,0,0.000000,0,0.000000,0,0.000000,0,0.000000
498,45.272727,1,1,0.441650,1,1,0.856934,1,0,0.000000,0,0,0.000000,0,0,0.000000,0,0.000000,0,0.000000,0,0.000000
499,45.363636,1,0,0.000000,0,1,0.731934,1,0,0.000000,0,0,0.000000,0,0,0.000000,0,0.000000,0,0.000000,0,0.000000
500,45.454545,1,0,0.000000,0,1,0.828613,1,0,0.000000,0,0,0.000000,0,0,0.000000,0,0.000000,0,0.000000,0,0.000000
501,45.545455,1,0,0.000000,0,1,0.871582,1,0,0.000000,0,0,0.000000,0,0,0.000000,0,0.000000,0,0.000000,0,0.000000
502,45.636364,1,0,0.000000,0,1,0.861816,1,0,0.000000,0,0,0.000000,0,0,0.000000,0,0.000000,0,0.000000,0,0.000000
503,45.727273,1,0,0.000000,0,1,0.650879,1,0,0.000000,0,0,0.000000,0,0,0.000000,0,0.000000,0,0.000000,0,0.000000
504,45.818182,1,0,0.000000,0,1,0.609375,1,0,0.000000,0,0,0.000000,0,0,0.000000,0,0.000000,0,0.000000,0,0.000000
505,45.909091,1,0,0.000000,0,1,0.688477,1,0,0.000000,0,0,0.000000,0,0,0.000000,0,0.000000,0,0.000000,0,0.000000
506,46.000000,1,0,0.000000,0,1,0.767578,1,0,0.000000,0,0,0.000000,0,0,0.000000,0,0.000000,0,0.000000,0,0.000000
507,46.090909,1,0,0.000000,0,1,0.781738,1,0,0.000000,0,0,0.000000,0,0,0.000000,0,0.000000,0,0.000000,0,0.000000
508,46.181818,1,0,0.000000,0,1,0.789062,1,0,0.000000,0,0,0.000000,0,0,0.000000,0,0.000000,0,0.000000,0,0.000000
509,46.272727,1,0,0.000000,0,1,0.778320,1,0,0.000000,0,0,0.000000,0,0,0.000000,0,0.000000,0,0.000000,0,0.000000
510,46.363636,1,0,0.000000,0,1,0.771484,1,0,0.000000,0,0,0.000000,0,0,0.000000,0,0.000000,0,0.000000,0,0.000000
511,46.454545,1,0,0.000000,0,1,0.656250,1,0,0.000000,0,0,0.000000,0,0,0.000000,0,0.000000,0,0.000000,0,0.000000
512,46.545455,1,0,0.000000,0,1,0.744141,1,0,0.000000,0,0,0.000000,0,0,0.000000,0,0.000000,0,0.000000,0,0.000000
513,46.636364,1,0,0.000000,0,1,0.835449,1,0,0.000000,0,0,0.000000,0,0,0.000000,0,0.000000,0,0.000000,0,0.000000
514,46.727273,1,0,0.000000,0,1,0.802734,1,0,0.000000,0,0,0.000000,0,0,0.000000,0,0.000000,0,0.000000,0,0.000000
515,46.818182,1,0,0.000000,0,1,0.815430,1,0,0.000000,0,0,0.000000,0,0,0.000000,0,0.000000,0,0.000000,0,0.000000
516,46.909091,1,1,0.475342,1,1,0.799805,1,0,0.000000,0,0,0.000000,0,0,0.000000,0,0.000000,0,0.000000,0,0.000000
517,47.000000,1,1,0.493652,1,1,0.873047,1,0,0.000000,0,0,0.000000,0,0,0.000000,0,0.000000,0,0.000000,0,0.000000
518,47.090909,1,1,0.372314,1,1,0.865723,1,0,0.000000,0,0,0.000000,0,0,0.000000,0,0.000000,0,0.000000,0,0.000000
519,47.181818,1,1,0.623047,1,1,0.854980,1,0,0.000000,0,0,0.000000,0,0,0.000000,0,0.000000,0,0.000000,0,0.000000
520,47.272727,1,1,0.766602,1,1,0.846191,1,0,0.000000,0,0,0.000000,0,0,0.000000,0,0.000000,0,0.000000,0,0.000000
521,47.363636,1,1,0.683594,1,1,0.807617,1,0,0.000000,0,0,0.000000,0,0,0.000000,0,0.000000,0,0.000000,0,0.000000
522,47.454545,1,1,0.535156,1,1,0.797363,1,0,0.000000,0,0,0.000000,0,0,0.000000,0,0.000000,0,0.000000,0,0.000000
523,47.545455,1,1,0.673828,1,1,0.815430,1,0,0.000000,0,0,0.000000,0,0,0.000000,0,0.000000,0,0.000000,0,0.000000
524,47.636364,1,1,0.622070,1,1,0.845703,1,0,0.000000,0,0,0.000000,0,0,0.000000,0,0.000000,0,0.000000,0,0.000000
525,47.727273,1,1,0.632324,1,1,0.821777,1,0,0.000000,0,0,0.000000,0,0,0.000000,0,0.000000,0,0.000000,0,0.000000
526,47.818182,1,1,0.588379,1,1,0.801758,1,0,0.000000,0,0,0.000000,0,0,0.000000,0,0.000000,0,0.000000,0,0.000000
527,47.909091,1,1,0.571289,1,1,0.838867,1,0,0.000000,0,0,0.000000,0,0,0.000000,0,0.000000,0,0.000000,0,0.000000
528,48.000000,1,1,0.659668,1,1,0.847656,1,0,0.000000,0,0,0.000000,0,0,0.000000,0,0.000000,0,0.000000,0,0.000000
529,48.090909,1,1,0.666016,1,1,0.844727,1,0,0.000000,0,0,0.000000,0,0,0.000000,0,0.000000,0,0.000000,0,0.000000
530,48.181818,1,1,0.869141,1,1,0.859863,1,0,0.000000,0,0,0.000000,0,0,0.000000,0,0.000000,0,0.000000,0,0.000000
531,48.272727,1,1,0.733398,1,1,0.853516,1,0,0.000000,0,1,0.334961,1,0,0.000000,0,0.000000,0,0.000000,0,0.000000
532,48.363636,1,1,0.582520,1,1,0.806152,1,0,0.000000,0,0,0.000000,0,0,0.000000,0,0.000000,0,0.000000,0,0.000000
533,48.454545,1,1,0.556641,1,1,0.803711,1,0,0.000000,0,0,0.000000,0,0,0.000000,0,0.000000,0,0.000000,0,0.000000
534,48.545455,1,1,0.731445,1,1,0.827637,1,0,0.000000,0,0,0.000000,0,0,0.000000,0,0.000000,0,0.000000,0,0.000000
535,48.636364,1,1,0.766602,1,1,0.848145,1,0,0.000000,0,0,0.000000,0,0,0.000000,0,0.000000,0,0.000000,0,0.000000
536,48.727273,1,1,0.649902,1,1,0.827148,1,2,0.356445,1,0,0.000000,0,0,0.000000,0,0.000000,0,0.000000,0,0.000000
537,48.818182,1,1,0.486328,1,1,0.842773,1,1,0.420654,1,0,0.000000,0,0,0.000000,0,0.000000,0,0.000000,0,0.000000
538,48.909091,1,1,0.393555,1,1,0.870117,1,0,0.000000,0,0,0.000000,0,0,0.000000,0,0.000000,0,0.000000,0,0.000000
539,49.000000,1,0,0.000000,0,1,0.792480,1,0,0.000000,0,0,0.000000,0,0,0.000000,0,0.000000,0,0.000000,0,0.000000
540,49.090909,1,0,0.000000,0,1,0.761230,1,0,0.000000,0,0,0.000000,0,0,0.000000,0,0.000000,0,0.000000,0,0.000000
541,49.181818,1,0,0.000000,0,1,0.753906,1,0,0.000000,0,0,0.000000,0,0,0.000000,0,0.000000,0,0.000000,0,0.000000
542,49.272727,0,0,0.000000,0,0,0.000000,0,0,0.000000,0,0,0.000000,0,0,0.000000,0,0.000000,0,0.000000,0,0.000000
543,49.363636,1,0,0.000000,0,0,0.000000,0,0,0.000000,0,0,0.000000,0,0,0.000000,0,0.000000,0,0.000000,0,0.000000
544,49.454545,1,0,0.000000,0,0,0.000000,0,0,0.000000,0,0,0.000000,0,0,0.000000,0,0.000000,0,0.000000,0,0.000000
545,49.545455,0,0,0.000000,0,0,0.000000,0,0,0.000000,0,0,0.000000,0,0,0.000000,0,0.000000,0,0.000000,0,0.000000
546,49.636364,0,0,0.000000,0,0,0.000000,0,0,0.000000,0,0,0.000000,0,0,0.000000,0,0.000000,0,0.000000,0,0.000000
547,49.727273,0,0,0.000000,0,0,0.000000,0,0,0.000000,0,0,0.000000,0,0,0.000000,0,0.000000,0,0.000000,0,0.000000
548,49.818182,1,0,0.000000,0,0,0.000000,0,0,0.000000,0,0,0.000000,0,0,0.000000,0,0.000000,0,0.000000,0,0.000000
549,49.909091,1,0,0.000000,0,0,0.000000,0,0,0.000000,0,0,0.000000,0,0,0.000000,0,0.000000,0,0.000000,0,0.000000
550,50.000000,1,0,0.000000,0,0,0.000000,0,0,0.000000,0,0,0.000000,0,0,0.000000,0,0.000000,0,0.000000,0,0.000000
551,50.090909,1,0,0.000000,0,0,0.000000,0,0,0.000000,0,0,0.000000,0,0,0.000000,0,0.000000,0,0.000000,0,0.000000
552,50.181818,0,0,0.000000,0,0,0.000000,0,0,0.000000,0,0,0.000000,0,0,0.000000,0,0.000000,0,0.000000,0,0.000000
553,50.272727,0,0,0.000000,0,0,0.000000,0,0,0.000000,0,0,0.000000,0,0,0.000000,0,0.000000,0,0.000000,0,0.000000
554,50.363636,0,0,0.000000,0,0,0.000000,0,0,0.000000,0,0,0.000000,0,0,0.000000,0,0.000000,0,0.000000,0,0.000000
555,50.454545,0,0,0.000000,0,0,0.000000,0,0,0.000000,0,0,0.000000,0,0,0.000000,0,0.000000,0,0.000000,0,0.000000
556,50.545455,1,0,0.000000,0,0,0.000000,0,0,0.000000,0,0,0.000000,0,0,0.000000,0,0.000000,0,0.000000,0,0.000000
557,50.636364,1,1,0.433105,1,1,0.768066,1,0,0.000000,0,0,0.000000,0,0,0.000000,0,0.000000,0,0.000000,0,0.000000
558,50.727273,1,1,0.547363,1,1,0.856934,1,0,0.000000,0,0,0.000000,0,0,0.000000,0,0.000000,0,0.000000,0,0.000000
559,50.818182,1,1,0.422852,1,1,0.821289,1,0,0.000000,0,0,0.000000,0,0,0.000000,0,0.000000,0,0.000000,0,0.000000
560,50.909091,1,1,0.806152,1,1,0.850586,1,2,0.329590,1,2,0.328857,1,0,0.000000,0,0.000000,0,0.000000,0,0.000000
561,51.000000,1,1,0.867188,1,1,0.878418,1,1,0.364990,1,0,0.000000,0,0,0.000000,0,0.000000,0,0.000000,0,0.000000
562,51.090909,1,1,0.910156,1,1,0.831055,1,1,0.590332,1,1,0.258789,1,0,0.000000,0,0.000000,0,0.000000,0,0.000000
563,51.181818,1,1,0.911133,1,1,0.838867,1,1,0.609375,1,1,0.268311,1,0,0.000000,0,0.000000,0,0.000000,0,0.000000
564,51.272727,1,1,0.811523,1,1,0.816406,1,1,0.252930,1,0,0.000000,0,0,0.000000,0,0.000000,0,0.000000,0,0.000000
565,51.363636,1,1,0.843262,1,1,0.815430,1,0,0.000000,0,0,0.000000,0,0,0.000000,0,0.000000,0,0.000000,0,0.000000
566,51.454545,1,1,0.839355,1,1,0.817871,1,0,0.000000,0,0,0.000000,0,0,0.000000,0,0.000000,0,0.000000,0,0.000000
567,51.545455,1,1,0.887207,1,1,0.818359,1,0,0.000000,0,0,0.000000,0,0,0.000000,0,0.000000,0,0.000000,0,0.000000
568,51.636364,1,1,0.910156,1,1,0.809082,1,0,0.000000,0,0,0.000000,0,0,0.000000,0,0.000000,0,0.000000,0,0.000000
569,51.727273,1,1,0.919434,1,1,0.827637,1,0,0.000000,0,0,0.000000,0,0,0.000000,0,0.000000,0,0.000000,0,0.000000
570,51.818182,1,1,0.889648,1,1,0.839355,1,0,0.000000,0,0,0.000000,0,0,0.000000,0,0.000000,0,0.000000,0,0.000000
571,51.909091,1,1,0.852539,1,1,0.866211,1,0,0.000000,0,0,0.000000,0,0,0.000000,0,0.000000,0,0.000000,0,0.000000
572,52.000000,1,1,0.858887,1,1,0.873535,1,0,0.000000,0,0,0.000000,0,0,0.000000,0,0.000000,0,0.000000,0,0.000000
573,52.090909,1,1,0.856934,1,1,0.871582,1,0,0.000000,0,0,0.000000,0,0,0.000000,0,0.000000,0,0.000000,0,0.000000
574,52.181818,1,1,0.669922,1,1,0.837402,1,0,0.000000,0,0,0.000000,0,0,0.000000,0,0.000000,0,0.000000,0,0.000000
575,52.272727,1,1,0.775879,1,1,0.832520,1,0,0.000000,0,0,0.000000,0,0,0.000000,0,0.000000,0,0.000000,0,0.000000
576,52.363636,1,1,0.718750,1,1,0.857422,1,0,0.000000,0,0,0.000000,0,0,0.000000,0,0.000000,0,0.000000,0,0.000000
577,52.454545,1,1,0.654785,1,1,0.848145,1,0,0.000000,0,0,0.000000,0,0,0.000000,0,0.000000,0,0.000000,0,0.000000
578,52.545455,1,1,0.763184,1,1,0.868652,1,0,0.000000,0,0,0.000000,0,0,0.000000,0,0.000000,0,0.000000,0,0.000000
579,52.636364,1,1,0.759766,1,1,0.867676,1,0,0.000000,0,0,0.000000,0,0,0.000000,0,0.000000,0,0.000000,0,0.000000
580,52.727273,1,1,0.430908,1,1,0.870117,1,0,0.000000,0,0,0.000000,0,0,0.000000,0,0.000000,0,0.000000,0,0.000000
581,52.818182,1,1,0.424805,1,1,0.870117,1,0,0.000000,0,0,0.000000,0,0,0.000000,0,0.000000,0,0.000000,0,0.000000
582,52.909091,1,1,0.547363,1,1,0.836426,1,0,0.000000,0,0,0.000000,0,0,0.000000,0,0.000000,0,0.000000,0,0.000000
583,53.000000,1,1,0.596680,1,1,0.835449,1,1,0.275391,1,1,0.269287,1,0,0.000000,0,0.000000,0,0.000000,0,0.000000
584,53.090909,1,1,0.610840,1,1,0.835938,1,1,0.267578,1,1,0.266113,1,0,0.000000,0,0.000000,0,0.000000,0,0.000000
585,53.181818,1,1,0.732422,1,1,0.846191,1,1,0.283447,1,1,0.255127,1,0,0.000000,0,0.000000,0,0.000000,0,0.000000
586,53.272727,1,1,0.704102,1,1,0.866211,1,1,0.252930,1,1,0.254395,1,0,0.000000,0,0.000000,0,0.000000,0,0.000000
587,53.363636,1,1,0.593262,1,1,0.860352,1,0,0.000000,0,0,0.000000,0,0,0.000000,0,0.000000,0,0.000000,0,0.000000
588,53.454545,1,1,0.580078,1,1,0.881348,1,1,0.313965,1,0,0.000000,0,0,0.000000,0,0.000000,0,0.000000,0,0.000000
589,53.545455,1,1,0.625000,1,1,0.895996,1,0,0.000000,0,0,0.000000,0,0,0.000000,0,0.000000,0,0.000000,0,0.000000
590,53.636364,1,1,0.512695,1,1,0.815430,1,0,0.000000,0,0,0.000000,0,0,0.000000,0,0.000000,0,0.000000,0,0.000000
591,53.727273,1,1,0.516602,1,1,0.813965,1,0,0.000000,0,0,0.000000,0,0,0.000000,0,0.000000,0,0.000000,0,0.000000
592,53.818182,1,0,0.000000,0,1,0.798828,1,0,0.000000,0,0,0.000000,0,0,0.000000,0,0.000000,0,0.000000,0,0.000000
593,53.909091,1,0,0.000000,0,1,0.841309,1,0,0.000000,0,0,0.000000,0,0,0.000000,0,0.000000,0,0.000000,0,0.000000
594,54.000000,1,0,0.000000,0,1,0.737793,1,0,0.000000,0,0,0.000000,0,0,0.000000,0,0.000000,0,0.000000,0,0.000000
595,54.090909,1,0,0.000000,0,1,0.521484,1,0,0.000000,0,0,0.000000,0,0,0.000000,0,0.000000,0,0.000000,0,0.000000
596,54.181818,1,0,0.000000,0,1,0.513672,1,0,0.000000,0,0,0.000000,0,0,0.000000,0,0.000000,0,0.000000,0,0.000000
597,54.272727,1,0,0.000000,0,1,0.313965,1,0,0.000000,0,0,0.000000,0,0,0.000000,0,0.000000,0,0.000000,0,0.000000
598,54.363636,1,0,0.000000,0,1,0.465576,1,0,0.000000,0,0,0.000000,0,0,0.000000,0,0.000000,0,0.000000,0,0.000000
599,54.454545,1,0,0.000000,0,1,0.438477,1,0,0.000000,0,0,0.000000,0,0,0.000000,0,0.000000,0,0.000000,0,0.000000
600,54.545455,1,0,0.000000,0,1,0.479492,1,0,0.000000,0,0,0.000000,0,0,0.000000,0,0.000000,0,0.000000,0,0.000000
601,54.636364,1,0,0.000000,0,1,0.622559,1,0,0.000000,0,0,0.000000,0,0,0.000000,0,0.000000,0,0.000000,0,0.000000
602,54.727273,1,0,0.000000,0,1,0.686523,1,0,0.000000,0,0,0.000000,0,0,0.000000,0,0.000000,0,0.000000,0,0.000000
603,54.818182,1,0,0.000000,0,1,0.829102,1,0,0.000000,0,0,0.000000,0,0,0.000000,0,0.000000,0,0.000000,0,0.000000
604,54.909091,1,0,0.000000,0,1,0.829590,1,0,0.000000,0,0,0.000000,0,0,0.000000,0,0.000000,0,0.000000,0,0.000000
605,55.000000,1,0,0.000000,0,1,0.759277,1,0,0.000000,0,0,0.000000,0,0,0.000000,0,0.000000,0,0.000000,0,0.000000
606,55.090909,1,0,0.000000,0,1,0.760742,1,0,0.000000,0,0,0.000000,0,0,0.000000,0,0.000000,0,0.000000,0,0.000000
607,55.181818,1,1,0.564453,1,1,0.901367,1,0,0.000000,0,1,0.265625,1,0,0.000000,0,0.000000,0,0.000000,0,0.000000
608,55.272727,1,1,0.632324,1,1,0.868652,1,0,0.000000,0,2,0.343262,1,0,0.000000,0,0.000000,0,0.000000,0,0.000000
609,55.363636,1,1,0.522461,1,1,0.783691,1,1,0.362061,1,2,0.342285,1,0,0.000000,0,0.000000,0,0.000000,0,0.000000
610,55.454545,1,1,0.531738,1,1,0.788086,1,1,0.371094,1,2,0.334229,1,0,0.000000,0,0.000000,0,0.000000,0,0.000000
611,55.545455,1,1,0.825195,1,1,0.796387,1,1,0.271729,1,1,0.366455,1,0,0.000000,0,0.000000,0,0.000000,0,0.000000
612,55.636364,1,1,0.837402,1,1,0.805664,1,0,0.000000,0,2,0.354004,1,0,0.000000,0,0.000000,0,0.000000,0,0.000000
613,55.727273,1,1,0.841309,1,1,0.801758,1,0,0.000000,0,2,0.365967,1,0,0.000000,0,0.000000,0,0.000000,0,0.000000
614,55.818182,1,1,0.873047,1,1,0.799805,1,0,0.000000,0,2,0.352051,1,0,0.000000,0,0.000000,0,0.000000,0,0.000000
615,55.909091,1,1,0.849121,1,1,0.809570,1,0,0.000000,0,1,0.302002,1,0,0.000000,0,0.000000,0,0.000000,0,0.000000
616,56.000000,1,1,0.823242,1,1,0.831055,1,0,0.000000,0,2,0.336426,1,0,0.000000,0,0.000000,0,0.000000,0,0.000000
617,56.090909,1,1,0.753906,1,1,0.854980,1,0,0.000000,0,2,0.291016,1,0,0.000000,0,0.000000,0,0.000000,0,0.000000
618,56.181818,1,1,0.780273,1,1,0.851074,1,0,0.000000,0,2,0.311768,1,0,0.000000,0,0.000000,0,0.000000,0,0.000000
619,56.272727,1,1,0.739258,1,1,0.849609,1,0,0.000000,0,2,0.288086,1,0,0.000000,0,0.000000,0,0.000000,0,0.000000
620,56.363636,1,1,0.753418,1,1,0.848145,1,0,0.000000,0,2,0.280029,1,0,0.000000,0,0.000000,0,0.000000,0,0.000000
621,56.454545,1,1,0.766602,1,1,0.878906,1,0,0.000000,0,1,0.322998,1,0,0.000000,0,0.000000,0,0.000000,0,0.000000
622,56.545455,1,1,0.774414,1,1,0.879883,1,0,0.000000,0,1,0.309814,1,0,0.000000,0,0.000000,0,0.000000,0,0.000000
623,56.636364,1,1,0.683594,1,1,0.855469,1,0,0.000000,0,0,0.000000,0,0,0.000000,0,0.000000,0,0.000000,0,0.000000
624,56.727273,1,1,0.609375,1,2,0.839844,1,0,0.000000,0,0,0.000000,0,0,0.000000,0,0.000000,0,0.000000,0,0.000000
625,56.818182,1,1,0.599609,1,2,0.838867,1,0,0.000000,0,0,0.000000,0,0,0.000000,0,0.000000,0,0.000000,0,0.000000
626,56.909091,1,1,0.583984,1,2,0.828613,1,0,0.000000,0,0,0.000000,0,0,0.000000,0,0.000000,0,0.000000,0,0.000000
627,57.000000,1,1,0.473145,1,1,0.815430,1,0,0.000000,0,0,0.000000,0,0,0.000000,0,0.000000,0,0.000000,0,0.000000
628,57.090909,1,1,0.415527,1,1,0.805176,1,0,0.000000,0,0,0.000000,0,0,0.000000,0,0.000000,0,0.000000,0,0.000000
629,57.181818,1,1,0.434570,1,1,0.794922,1,0,0.000000,0,0,0.000000,0,0,0.000000,0,0.000000,0,0.000000,0,0.000000
630,57.272727,1,1,0.479492,1,1,0.824707,1,0,0.000000,0,0,0.000000,0,0,0.000000,0,0.000000,0,0.000000,0,0.000000
631,57.363636,1,1,0.466309,1,1,0.822266,1,0,0.000000,0,0,0.000000,0,0,0.000000,0,0.000000,0,0.000000,0,0.000000
632,57.454545,1,1,0.524414,1,1,0.819824,1,0,0.000000,0,0,0.000000,0,0,0.000000,0,0.000000,0,0.000000,0,0.000000
633,57.545455,1,1,0.519043,1,1,0.817383,1,0,0.000000,0,0,0.000000,0,0,0.000000,0,0.000000,0,0.000000,0,0.000000
634,57.636364,1,1,0.547363,1,1,0.852051,1,0,0.000000,0,0,0.000000,0,0,0.000000,0,0.000000,0,0.000000,0,0.000000
635,57.727273,1,1,0.530762,1,1,0.849121,1,0,0.000000,0,0,0.000000,0,0,0.000000,0,0.000000,0,0.000000,0,0.000000
636,57.818182,1,1,0.686035,1,1,0.791504,1,0,0.000000,0,0,0.000000,0,0,0.000000,0,0.000000,0,0.000000,0,0.000000
637,57.909091,1,1,0.792480,1,1,0.774414,1,0,0.000000,0,0,0.000000,0,0,0.000000,0,0.000000,0,0.000000,0,0.000000
638,58.000000,1,1,0.850586,1,1,0.842773,1,0,0.000000,0,0,0.000000,0,0,0.000000,0,0.000000,0,0.000000,0,0.000000
639,58.090909,1,1,0.831055,1,1,0.844238,1,0,0.000000,0,0,0.000000,0,0,0.000000,0,0.000000,0,0.000000,0,0.000000
640,58.181818,1,1,0.359619,1,1,0.810547,1,0,0.000000,0,0,0.000000,0,0,0.000000,0,0.000000,0,0.000000,0,0.000000
641,58.272727,1,1,0.504395,1,1,0.845703,1,0,0.000000,0,0,0.000000,0,0,0.000000,0,0.000000,0,0.000000,0,0.000000
642,58.363636,1,1,0.537109,1,1,0.852051,1,0,0.000000,0,0,0.000000,0,0,0.000000,0,0.000000,0,0.000000,0,0.000000
643,58.454545,1,1,0.266602,1,1,0.797363,1,0,0.000000,0,0,0.000000,0,0,0.000000,0,0.000000,0,0.000000,0,0.000000
644,58.545455,1,0,0.000000,0,1,0.858398,1,0,0.000000,0,0,0.000000,0,0,0.000000,0,0.000000,0,0.000000,0,0.000000
645,58.636364,1,0,0.000000,0,1,0.849609,1,0,0.000000,0,0,0.000000,0,0,0.000000,0,0.000000,0,0.000000,0,0.000000
646,58.727273,1,0,0.000000,0,1,0.881348,1,0,0.000000,0,0,0.000000,0,0,0.000000,0,0.000000,0,0.000000,0,0.000000
647,58.818182,1,0,0.000000,0,1,0.872070,1,0,0.000000,0,0,0.000000,0,0,0.000000,0,0.000000,0,0.000000,0,0.000000
648,58.909091,1,0,0.000000,0,1,0.803223,1,0,0.000000,0,0,0.000000,0,0,0.000000,0,0.000000,0,0.000000,0,0.000000
649,59.000000,1,0,0.000000,0,1,0.722168,1,0,0.000000,0,0,0.000000,0,0,0.000000,0,0.000000,0,0.000000,0,0.000000
650,59.090909,1,0,0.000000,0,1,0.719238,1,0,0.000000,0,0,0.000000,0,0,0.000000,0,0.000000,0,0.000000,0,0.000000
651,59.181818,1,0,0.000000,0,1,0.729492,1,0,0.000000,0,0,0.000000,0,0,0.000000,0,0.000000,0,0.000000,0,0.000000
652,59.272727,1,0,0.000000,0,1,0.877441,1,0,0.000000,0,0,0.000000,0,0,0.000000,0,0.000000,0,0.000000,0,0.000000
653,59.363636,1,0,0.000000,0,1,0.848145,1,0,0.000000,0,0,0.000000,0,0,0.000000,0,0.000000,0,0.000000,0,0.000000
654,59.454545,1,0,0.000000,0,1,0.846191,1,0,0.000000,0,0,0.000000,0,0,0.000000,0,0.000000,0,0.000000,0,0.000000
655,59.545455,1,1,0.581055,1,1,0.866211,1,0,0.000000,0,0,0.000000,0,0,0.000000,0,0.000000,0,0.000000,0,0.000000
656,59.636364,1,1,0.775879,1,1,0.831055,1,0,0.000000,0,0,0.000000,0,0,0.000000,0,0.000000,0,0.000000,0,0.000000
657,59.727273,1,1,0.774414,1,1,0.832520,1,0,0.000000,0,0,0.000000,0,0,0.000000,0,0.000000,0,0.000000,0,0.000000
658,59.818182,1,1,0.748047,1,1,0.859863,1,0,0.000000,0,0,0.000000,0,0,0.000000,0,0.000000,0,0.000000,0,0.000000
659,59.909091,1,1,0.629883,1,1,0.829102,1,0,0.000000,0,0,0.000000,0,0,0.000000,0,0.000000,0,0.000000,0,0.000000
660,60.000000,1,1,0.811523,1,1,0.862793,1,0,0.000000,0,0,0.000000,0,0,0.000000,0,0.000000,0,0.000000,0,0.000000
661,60.090909,1,1,0.875000,1,1,0.879883,1,0,0.000000,0,0,0.000000,0,0,0.000000,0,0.000000,0,0.000000,0,0.000000
662,60.181818,1,1,0.870605,1,1,0.877441,1,0,0.000000,0,0,0.000000,0,0,0.000000,0,0.000000,0,0.000000,0,0.000000
663,60.272727,1,1,0.860352,1,1,0.885742,1,0,0.000000,0,0,0.000000,0,0,0.000000,0,0.000000,0,0.000000,0,0.000000
664,60.363636,1,1,0.792480,1,1,0.839355,1,0,0.000000,0,0,0.000000,0,0,0.000000,0,0.000000,0,0.000000,0,0.000000
665,60.454545,1,1,0.841309,1,1,0.864258,1,0,0.000000,0,0,0.000000,0,0,0.000000,0,0.000000,0,0.000000,0,0.000000
666,60.545455,1,1,0.843262,1,1,0.865723,1,0,0.000000,0,0,0.000000,0,0,0.000000,0,0.000000,0,0.000000,0,0.000000
667,60.636364,1,1,0.825684,1,1,0.850586,1,0,0.000000,0,0,0.000000,0,0,0.000000,0,0.000000,0,0.000000,0,0.000000
668,60.727273,1,1,0.862793,1,1,0.867676,1,0,0.000000,0,0,0.000000,0,0,0.000000,0,0.000000,0,0.000000,0,0.000000
669,60.818182,1,1,0.857422,1,1,0.867188,1,0,0.000000,0,0,0.000000,0,0,0.000000,0,0.000000,0,0.000000,0,0.000000
670,60.909091,1,1,0.859863,1,1,0.867188,1,0,0.000000,0,0,0.000000,0,0,0.000000,0,0.000000,0,0.000000,0,0.000000
671,61.000000,1,1,0.847168,1,1,0.849121,1,0,0.000000,0,0,0.000000,0,0,0.000000,0,0.000000,0,0.000000,0,0.000000
672,61.090909,1,1,0.849609,1,1,0.823242,1,0,0.000000,0,0,0.000000,0,0,0.000000,0,0.000000,0,0.000000,0,0.000000
673,61.181818,1,1,0.851074,1,1,0.823242,1,0,0.000000,0,0,0.000000,0,0,0.000000,0,0.000000,0,0.000000,0,0.000000
674,61.272727,1,1,0.759766,1,1,0.842285,1,0,0.000000,0,0,0.000000,0,0,0.000000,0,0.000000,0,0.000000,0,0.000000
675,61.363636,1,1,0.775879,1,1,0.835449,1,1,0.273682,1,1,0.251465,1,0,0.000000,0,0.000000,0,0.000000,0,0.000000
676,61.454545,1,1,0.781738,1,1,0.833008,1,1,0.290039,1,1,0.259033,1,0,0.000000,0,0.000000,0,0.000000,0,0.000000
677,61.545455,1,1,0.760742,1,1,0.863281,1,0,0.000000,0,0,0.000000,0,0,0.000000,0,0.000000,0,0.000000,0,0.000000
678,61.636364,1,1,0.724121,1,1,0.886719,1,0,0.000000,0,0,0.000000,0,0,0.000000,0,0.000000,0,0.000000,0,0.000000
679,61.727273,1,1,0.732422,1,1,0.894531,1,0,0.000000,0,0,0.000000,0,0,0.000000,0,0.000000,0,0.000000,0,0.000000
680,61.818182,1,1,0.539551,1,1,0.889648,1,0,0.000000,0,1,0.268555,1,0,0.000000,0,0.000000,0,0.000000,0,0.000000
681,61.909091,1,1,0.634277,1,1,0.835449,1,0,0.000000,0,1,0.251221,1,0,0.000000,0,0.000000,0,0.000000,0,0.000000
682,62.000000,1,1,0.382080,1,1,0.830566,1,0,0.000000,0,0,0.000000,0,0,0.000000,0,0.000000,0,0.000000,0,0.000000
683,62.090909,1,1,0.367432,1,1,0.829590,1,0,0.000000,0,0,0.000000,0,0,0.000000,0,0.000000,0,0.000000,0,0.000000
684,62.181818,1,1,0.650391,1,1,0.852051,1,0,0.000000,0,0,0.000000,0,0,0.000000,0,0.000000,0,0.000000,0,0.000000
685,62.272727,1,1,0.656250,1,1,0.807617,1,0,0.000000,0,0,0.000000,0,0,0.000000,0,0.000000,0,0.000000,0,0.000000
686,62.363636,1,1,0.724121,1,1,0.841309,1,0,0.000000,0,0,0.000000,0,0,0.000000,0,0.000000,0,0.000000,0,0.000000
687,62.454545,1,1,0.702148,1,1,0.823730,1,0,0.000000,0,0,0.000000,0,0,0.000000,0,0.000000,0,0.000000,0,0.000000
688,62.545455,1,1,0.713867,1,1,0.854004,1,0,0.000000,0,0,0.000000,0,0,0.000000,0,0.000000,0,0.000000,0,0.000000
689,62.636364,1,1,0.746582,1,1,0.796387,1,0,0.000000,0,0,0.000000,0,0,0.000000,0,0.000000,0,0.000000,0,0.000000
690,62.727273,1,1,0.748535,1,1,0.792969,1,0,0.000000,0,0,0.000000,0,0,0.000000,0,0.000000,0,0.000000,0,0.000000
691,62.818182,1,1,0.674805,1,1,0.853516,1,0,0.000000,0,0,0.000000,0,0,0.000000,0,0.000000,0,0.000000,0,0.000000
692,62.909091,1,1,0.748535,1,1,0.869141,1,0,0.000000,0,0,0.000000,0,0,0.000000,0,0.000000,0,0.000000,0,0.000000
693,63.000000,1,1,0.725586,1,1,0.839844,1,0,0.000000,0,0,0.000000,0,0,0.000000,0,0.000000,0,0.000000,0,0.000000
694,63.090909,1,1,0.737793,1,1,0.864746,1,0,0.000000,0,0,0.000000,0,0,0.000000,0,0.000000,0,0.000000,0,0.000000
695,63.181818,1,1,0.728516,1,1,0.849121,1,0,0.000000,0,1,0.255371,1,0,0.000000,0,0.000000,0,0.000000,0,0.000000
696,63.272727,1,1,0.809570,1,1,0.853516,1,0,0.000000,0,2,0.301514,1,0,0.000000,0,0.000000,0,0.000000,0,0.000000
697,63.363636,1,1,0.840820,1,1,0.892090,1,0,0.000000,0,1,0.253418,1,0,0.000000,0,0.000000,0,0.000000,0,0.000000
698,63.454545,1,1,0.803711,1,1,0.904785,1,0,0.000000,0,1,0.271484,1,0,0.000000,0,0.000000,0,0.000000,0,0.000000
699,63.545455,1,1,0.780273,1,1,0.890625,1,0,0.000000,0,2,0.318115,1,0,0.000000,0,0.000000,0,0.000000,0,0.000000
700,63.636364,1,1,0.870605,1,1,0.861328,1,0,0.000000,0,1,0.325439,1,0,0.000000,0,0.000000,0,0.000000,0,0.000000
701,63.727273,1,1,0.865723,1,1,0.861816,1,0,0.000000,0,1,0.322998,1,0,0.000000,0,0.000000,0,0.000000,0,0.000000
702,63.818182,1,1,0.884277,1,1,0.857422,1,0,0.000000,0,0,0.000000,0,0,0.000000,0,0.000000,0,0.000000,0,0.000000
703,63.909091,1,1,0.879883,1,1,0.882812,1,0,0.000000,0,0,0.000000,0,0,0.000000,0,0.000000,0,0.000000,0,0.000000
704,64.000000,1,1,0.890625,1,1,0.854004,1,0,0.000000,0,0,0.000000,0,0,0.000000,0,0.000000,0,0.000000,0,0.000000
705,64.090909,1,1,0.892090,1,1,0.840820,1,0,0.000000,0,0,0.000000,0,0,0.000000,0,0.000000,0,0.000000,0,0.000000
706,64.181818,1,1,0.889648,1,1,0.840820,1,0,0.000000,0,0,0.000000,0,0,0.000000,0,0.000000,0,0.000000,0,0.000000
707,64.272727,1,1,0.896484,1,1,0.837402,1,0,0.000000,0,0,0.000000,0,0,0.000000,0,0.000000,0,0.000000,0,0.000000
708,64.363636,1,1,0.902832,1,1,0.832031,1,0,0.000000,0,0,0.000000,0,0,0.000000,0,0.000000,0,0.000000,0,0.000000
709,64.454545,1,1,0.907715,1,1,0.836426,1,0,0.000000,0,0,0.000000,0,0,0.000000,0,0.000000,0,0.000000,0,0.000000
710,64.545455,1,1,0.905273,1,1,0.847656,1,0,0.000000,0,0,0.000000,0,0,0.000000,0,0.000000,0,0.000000,0,0.000000
711,64.636364,1,1,0.902832,1,1,0.848145,1,0,0.000000,0,0,0.000000,0,0,0.000000,0,0.000000,0,0.000000,0,0.000000
712,64.727273,1,1,0.896484,1,1,0.852051,1,0,0.000000,0,0,0.000000,0,0,0.000000,0,0.000000,0,0.000000,0,0.000000
713,64.818182,1,1,0.891113,1,1,0.855957,1,0,0.000000,0,0,0.000000,0,0,0.000000,0,0.000000,0,0.000000,0,0.000000
714,64.909091,1,1,0.887207,1,1,0.858887,1,0,0.000000,0,0,0.000000,0,0,0.000000,0,0.000000,0,0.000000,0,0.000000
715,65.000000,1,1,0.885742,1,1,0.856934,1,0,0.000000,0,0,0.000000,0,0,0.000000,0,0.000000,0,0.000000,0,0.000000
716,65.090909,1,1,0.887207,1,1,0.855957,1,0,0.000000,0,0,0.000000,0,0,0.000000,0,0.000000,0,0.000000,0,0.000000
717,65.181818,1,1,0.882812,1,1,0.851074,1,0,0.000000,0,0,0.000000,0,0,0.000000,0,0.000000,0,0.000000,0,0.000000
718,65.272727,1,1,0.882812,1,1,0.851074,1,0,0.000000,0,0,0.000000,0,0,0.000000,0,0.000000,0,0.000000,0,0.000000
719,65.363636,1,1,0.874512,1,1,0.858887,1,0,0.000000,0,0,0.000000,0,0,0.000000,0,0.000000,0,0.000000,0,0.000000
720,65.454545,1,1,0.875000,1,1,0.861816,1,0,0.000000,0,0,0.000000,0,0,0.000000,0,0.000000,0,0.000000,0,0.000000
721,65.545455,1,1,0.860352,1,1,0.857422,1,0,0.000000,0,0,0.000000,0,0,0.000000,0,0.000000,0,0.000000,0,0.000000
722,65.636364,1,1,0.862793,1,1,0.863281,1,0,0.000000,0,0,0.000000,0,0,0.000000,0,0.000000,0,0.000000,0,0.000000
723,65.727273,1,1,0.863281,1,1,0.861816,1,0,0.000000,0,0,0.000000,0,0,0.000000,0,0.000000,0,0.000000,0,0.000000
724,65.818182,1,1,0.878418,1,1,0.858887,1,0,0.000000,0,0,0.000000,0,0,0.000000,0,0.000000,0,0.000000,0,0.000000
725,65.909091,1,1,0.854004,1,1,0.836426,1,0,0.000000,0,0,0.000000,0,0,0.000000,0,0.000000,0,0.000000,0,0.000000
726,66.000000,1,1,0.792480,1,1,0.837891,1,0,0.000000,0,0,0.000000,0,0,0.000000,0,0.000000,0,0.000000,0,0.000000
727,66.090909,1,1,0.870605,1,1,0.860352,1,0,0.000000,0,0,0.000000,0,0,0.000000,0,0.000000,0,0.000000,0,0.000000
728,66.181818,1,1,0.805176,1,1,0.882812,1,0,0.000000,0,0,0.000000,0,0,0.000000,0,0.000000,0,0.000000,0,0.000000
729,66.272727,1,1,0.803711,1,1,0.881836,1,0,0.000000,0,0,0.000000,0,0,0.000000,0,0.000000,0,0.000000,0,0.000000
730,66.363636,1,1,0.738770,1,1,0.855957,1,0,0.000000,0,0,0.000000,0,0,0.000000,0,0.000000,0,0.000000,0,0.000000
731,66.454545,1,1,0.690430,1,1,0.854980,1,0,0.000000,0,0,0.000000,0,0,0.000000,0,0.000000,0,0.000000,0,0.000000
732,66.545455,1,1,0.792480,1,1,0.860352,1,0,0.000000,0,0,0.000000,0,0,0.000000,0,0.000000,0,0.000000,0,0.000000
733,66.636364,1,1,0.735840,1,1,0.809082,1,0,0.000000,0,0,0.000000,0,0,0.000000,0,0.000000,0,0.000000,0,0.000000
734,66.727273,1,1,0.817383,1,1,0.809082,1,0,0.000000,0,0,0.000000,0,0,0.000000,0,0.000000,0,0.000000,0,0.000000
735,66.818182,1,1,0.617676,1,1,0.721191,1,0,0.000000,0,0,0.000000,0,0,0.000000,0,0.000000,0,0.000000,0,0.000000
736,66.909091,1,1,0.643066,1,1,0.485840,1,0,0.000000,0,0,0.000000,0,0,0.000000,0,0.000000,0,0.000000,0,0.000000
737,67.000000,1,1,0.708008,1,1,0.731445,1,0,0.000000,0,0,0.000000,0,0,0.000000,0,0.000000,0,0.000000,0,0.000000
738,67.090909,1,1,0.742188,1,1,0.713867,1,0,0.000000,0,0,0.000000,0,0,0.000000,0,0.000000,0,0.000000,0,0.000000
739,67.181818,1,1,0.591797,1,1,0.613770,1,0,0.000000,0,0,0.000000,0,0,0.000000,0,0.000000,0,0.000000,0,0.000000
740,67.272727,1,1,0.563477,1,1,0.732910,1,0,0.000000,0,0,0.000000,0,0,0.000000,0,0.000000,0,0.000000,0,0.000000
741,67.363636,1,1,0.826660,1,1,0.808105,1,0,0.000000,0,0,0.000000,0,0,0.000000,0,0.000000,0,0.000000,0,0.000000
742,67.454545,1,1,0.801270,1,1,0.800781,1,0,0.000000,0,0,0.000000,0,0,0.000000,0,0.000000,0,0.000000,0,0.000000
743,67.545455,1,1,0.760742,1,1,0.854004,1,0,0.000000,0,0,0.000000,0,0,0.000000,0,0.000000,0,0.000000,0,0.000000
744,67.636364,1,1,0.642090,1,1,0.855957,1,0,0.000000,0,0,0.000000,0,0,0.000000,0,0.000000,0,0.000000,0,0.000000
745,67.727273,1,1,0.738770,1,1,0.863281,1,0,0.000000,0,0,0.000000,0,0,0.000000,0,0.000000,0,0.000000,0,0.000000
746,67.818182,1,1,0.831055,1,1,0.888672,1,0,0.000000,0,0,0.000000,0,0,0.000000,0,0.000000,0,0.000000,0,0.000000
747,67.909091,1,1,0.853516,1,1,0.881348,1,0,0.000000,0,0,0.000000,0,0,0.000000,0,0.000000,0,0.000000,0,0.000000
748,68.000000,1,1,0.829102,1,1,0.852539,1,0,0.000000,0,0,0.000000,0,0,0.000000,0,0.000000,0,0.000000,0,0.000000
749,68.090909,1,1,0.828613,1,1,0.852539,1,0,0.000000,0,0,0.000000,0,0,0.000000,0,0.000000,0,0.000000,0,0.000000
750,68.181818,1,1,0.846191,1,1,0.830566,1,0,0.000000,0,0,0.000000,0,0,0.000000,0,0.000000,0,0.000000,0,0.000000
751,68.272727,1,1,0.881836,1,1,0.825684,1,0,0.000000,0,0,0.000000,0,0,0.000000,0,0.000000,0,0.000000,0,0.000000
752,68.363636,1,1,0.869141,1,1,0.826660,1,0,0.000000,0,0,0.000000,0,0,0.000000,0,0.000000,0,0.000000,0,0.000000
753,68.454545,1,1,0.867676,1,1,0.827637,1,0,0.000000,0,0,0.000000,0,0,0.000000,0,0.000000,0,0.000000,0,0.000000
754,68.545455,1,1,0.855957,1,1,0.835449,1,0,0.000000,0,0,0.000000,0,0,0.000000,0,0.000000,0,0.000000,0,0.000000
755,68.636364,1,1,0.874512,1,1,0.842285,1,0,0.000000,0,0,0.000000,0,0,0.000000,0,0.000000,0,0.000000,0,0.000000
756,68.727273,1,1,0.864258,1,1,0.841309,1,0,0.000000,0,0,0.000000,0,0,0.000000,0,0.000000,0,0.000000,0,0.000000
757,68.818182,1,1,0.858887,1,1,0.848145,1,0,0.000000,0,0,0.000000,0,0,0.000000,0,0.000000,0,0.000000,0,0.000000
758,68.909091,1,1,0.825684,1,1,0.854004,1,0,0.000000,0,0,0.000000,0,0,0.000000,0,0.000000,0,0.000000,0,0.000000
759,69.000000,1,1,0.808105,1,1,0.865723,1,0,0.000000,0,0,0.000000,0,0,0.000000,0,0.000000,0,0.000000,0,0.000000
760,69.090909,1,1,0.805176,1,1,0.869141,1,0,0.000000,0,0,0.000000,0,0,0.000000,0,0.000000,0,0.000000,0,0.000000
761,69.181818,1,1,0.790039,1,1,0.857422,1,0,0.000000,0,0,0.000000,0,0,0.000000,0,0.000000,0,0.000000,0,0.000000
762,69.272727,1,1,0.772461,1,1,0.875977,1,0,0.000000,0,0,0.000000,0,0,0.000000,0,0.000000,0,0.000000,0,0.000000
763,69.363636,1,1,0.854004,1,1,0.840820,1,0,0.000000,0,0,0.000000,0,0,0.000000,0,0.000000,0,0.000000,0,0.000000
764,69.454545,1,1,0.858398,1,1,0.841309,1,0,0.000000,0,0,0.000000,0,0,0.000000,0,0.000000,0,0.000000,0,0.000000
765,69.545455,1,1,0.802734,1,1,0.865723,1,0,0.000000,0,0,0.000000,0,0,0.000000,0,0.000000,0,0.000000,0,0.000000
766,69.636364,1,1,0.732422,1,1,0.870117,1,0,0.000000,0,1,0.272949,1,0,0.000000,0,0.000000,0,0.000000,0,0.000000
767,69.727273,1,1,0.736816,1,1,0.868652,1,0,0.000000,0,1,0.251953,1,0,0.000000,0,0.000000,0,0.000000,0,0.000000
768,69.818182,1,1,0.775879,1,1,0.847168,1,0,0.000000,0,0,0.000000,0,0,0.000000,0,0.000000,0,0.000000,0,0.000000
769,69.909091,1,1,0.628418,1,1,0.850586,1,0,0.000000,0,0,0.000000,0,0,0.000000,0,0.000000,0,0.000000,0,0.000000
770,70.000000,1,1,0.674805,1,1,0.855469,1,0,0.000000,0,0,0.000000,0,0,0.000000,0,0.000000,0,0.000000,0,0.000000
771,70.090909,1,1,0.665039,1,1,0.856934,1,0,0.000000,0,0,0.000000,0,0,0.000000,0,0.000000,0,0.000000,0,0.000000
772,70.181818,1,1,0.497070,1,1,0.885742,1,0,0.000000,0,0,0.000000,0,0,0.000000,0,0.000000,0,0.000000,0,0.000000
773,70.272727,1,1,0.425537,1,1,0.847656,1,0,0.000000,0,0,0.000000,0,0,0.000000,0,0.000000,0,0.000000,0,0.000000
774,70.363636,1,1,0.266357,1,1,0.852051,1,0,0.000000,0,0,0.000000,0,0,0.000000,0,0.000000,0,0.000000,0,0.000000
775,70.454545,1,1,0.267334,1,1,0.853516,1,0,0.000000,0,0,0.000000,0,0,0.000000,0,0.000000,0,0.000000,0,0.000000
776,70.545455,1,1,0.312500,1,1,0.834473,1,0,0.000000,0,0,0.000000,0,0,0.000000,0,0.000000,0,0.000000,0,0.000000
777,70.636364,1,1,0.278564,1,1,0.833984,1,0,0.000000,0,1,0.302979,1,0,0.000000,0,0.000000,0,0.000000,0,0.000000
778,70.727273,1,1,0.266846,1,1,0.829590,1,0,0.000000,0,1,0.322754,1,0,0.000000,0,0.000000,0,0.000000,0,0.000000
779,70.818182,1,1,0.498535,1,1,0.870117,1,0,0.000000,0,0,0.000000,0,0,0.000000,0,0.000000,0,0.000000,0,0.000000
780,70.909091,1,0,0.000000,0,1,0.832520,1,0,0.000000,0,0,0.000000,0,0,0.000000,0,0.000000,0,0.000000,0,0.000000
781,71.000000,1,0,0.000000,0,1,0.580078,1,0,0.000000,0,0,0.000000,0,0,0.000000,0,0.000000,0,0.000000,0,0.000000
782,71.090909,1,0,0.000000,0,0,0.000000,0,0,0.000000,0,0,0.000000,0,0,0.000000,0,0.000000,0,0.000000,0,0.000000
783,71.181818,1,0,0.000000,0,0,0.000000,0,0,0.000000,0,0,0.000000,0,0,0.000000,0,0.000000,0,0.000000,0,0.000000
784,71.272727,1,0,0.000000,0,0,0.000000,0,0,0.000000,0,0,0.000000,0,0,0.000000,0,0.000000,0,0.000000,0,0.000000
785,71.363636,1,1,0.261719,1,1,0.674805,1,0,0.000000,0,1,0.350586,1,0,0.000000,0,0.000000,0,0.000000,0,0.000000
786,71.454545,1,1,0.274414,1,1,0.678223,1,0,0.000000,0,1,0.376953,1,0,0.000000,0,0.000000,0,0.000000,0,0.000000
787,71.545455,1,1,0.252197,1,1,0.748047,1,0,0.000000,0,1,0.311768,1,0,0.000000,0,0.000000,0,0.000000,0,0.000000
788,71.636364,1,1,0.342285,1,1,0.831055,1,0,0.000000,0,0,0.000000,0,0,0.000000,0,0.000000,0,0.000000,0,0.000000
789,71.727273,1,1,0.594238,1,1,0.817383,1,0,0.000000,0,0,0.000000,0,0,0.000000,0,0.000000,0,0.000000,0,0.000000
790,71.818182,1,1,0.613281,1,1,0.898926,1,0,0.000000,0,0,0.000000,0,0,0.000000,0,0.000000,0,0.000000,0,0.000000
791,71.909091,1,1,0.599609,1,1,0.778320,1,0,0.000000,0,0,0.000000,0,0,0.000000,0,0.000000,0,0.000000,0,0.000000
792,72.000000,1,1,0.815430,1,1,0.861328,1,0,0.000000,0,0,0.000000,0,0,0.000000,0,0.000000,0,0.000000,0,0.000000
793,72.090909,1,1,0.604980,1,1,0.786621,1,0,0.000000,0,0,0.000000,0,0,0.000000,0,0.000000,0,0.000000,0,0.000000
794,72.181818,1,1,0.707031,1,1,0.847656,1,0,0.000000,0,0,0.000000,0,0,0.000000,0,0.000000,0,0.000000,0,0.000000
795,72.272727,1,1,0.680664,1,1,0.846191,1,0,0.000000,0,0,0.000000,0,0,0.000000,0,0.000000,0,0.000000,0,0.000000
796,72.363636,1,1,0.687988,1,1,0.861328,1,0,0.000000,0,0,0.000000,0,0,0.000000,0,0.000000,0,0.000000,0,0.000000
797,72.454545,1,1,0.690918,1,1,0.858887,1,0,0.000000,0,0,0.000000,0,0,0.000000,0,0.000000,0,0.000000,0,0.000000
798,72.545455,1,1,0.677734,1,1,0.869141,1,0,0.000000,0,0,0.000000,0,0,0.000000,0,0.000000,0,0.000000,0,0.000000
799,72.636364,1,1,0.745117,1,1,0.874512,1,0,0.000000,0,0,0.000000,0,0,0.000000,0,0.000000,0,0.000000,0,0.000000
800,72.727273,1,1,0.712891,1,1,0.887207,1,0,0.000000,0,0,0.000000,0,0,0.000000,0,0.000000,0,0.000000,0,0.000000
801,72.818182,1,1,0.702148,1,1,0.886719,1,0,0.000000,0,0,0.000000,0,0,0.000000,0,0.000000,0,0.000000,0,0.000000
802,72.909091,1,1,0.716309,1,1,0.902832,1,0,0.000000,0,0,0.000000,0,0,0.000000,0,0.000000,0,0.000000,0,0.000000
803,73.000000,1,1,0.739746,1,1,0.898926,1,0,0.000000,0,0,0.000000,0,0,0.000000,0,0.000000,0,0.000000,0,0.000000
804,73.090909,1,1,0.739258,1,1,0.896484,1,0,0.000000,0,0,0.000000,0,0,0.000000,0,0.000000,0,0.000000,0,0.000000
805,73.181818,1,1,0.694824,1,1,0.894531,1,0,0.000000,0,0,0.000000,0,0,0.000000,0,0.000000,0,0.000000,0,0.000000
806,73.272727,1,1,0.711914,1,1,0.888672,1,0,0.000000,0,0,0.000000,0,0,0.000000,0,0.000000,0,0.000000,0,0.000000
807,73.363636,1,1,0.722168,1,1,0.883301,1,0,0.000000,0,0,0.000000,0,0,0.000000,0,0.000000,0,0.000000,0,0.000000
808,73.454545,1,1,0.716309,1,1,0.887207,1,0,0.000000,0,0,0.000000,0,0,0.000000,0,0.000000,0,0.000000,0,0.000000
809,73.545455,1,1,0.724121,1,1,0.868652,1,0,0.000000,0,0,0.000000,0,0,0.000000,0,0.000000,0,0.000000,0,0.000000
810,73.636364,1,1,0.729492,1,1,0.873047,1,0,0.000000,0,0,0.000000,0,0,0.000000,0,0.000000,0,0.000000,0,0.000000
811,73.727273,1,1,0.776367,1,1,0.865723,1,0,0.000000,0,0,0.000000,0,0,0.000000,0,0.000000,0,0.000000,0,0.000000
812,73.818182,1,1,0.778320,1,1,0.867676,1,0,0.000000,0,0,0.000000,0,0,0.000000,0,0.000000,0,0.000000,0,0.000000
813,73.909091,1,1,0.815918,1,1,0.847168,1,0,0.000000,0,0,0.000000,0,0,0.000000,0,0.000000,0,0.000000,0,0.000000
814,74.000000,1,1,0.734863,1,1,0.851074,1,0,0.000000,0,0,0.000000,0,0,0.000000,0,0.000000,0,0.000000,0,0.000000
815,74.090909,1,1,0.789551,1,1,0.846191,1,0,0.000000,0,0,0.000000,0,0,0.000000,0,0.000000,0,0.000000,0,0.000000
816,74.181818,1,1,0.790039,1,1,0.847656,1,0,0.000000,0,0,0.000000,0,0,0.000000,0,0.000000,0,0.000000,0,0.000000
817,74.272727,1,1,0.785156,1,1,0.847656,1,0,0.000000,0,0,0.000000,0,0,0.000000,0,0.000000,0,0.000000,0,0.000000
818,74.363636,1,1,0.794434,1,1,0.849121,1,0,0.000000,0,0,0.000000,0,0,0.000000,0,0.000000,0,0.000000,0,0.000000
819,74.454545,1,1,0.604492,1,1,0.781738,1,0,0.000000,0,0,0.000000,0,0,0.000000,0,0.000000,0,0.000000,0,0.000000
820,74.545455,1,1,0.576660,1,1,0.775879,1,0,0.000000,0,0,0.000000,0,0,0.000000,0,0.000000,0,0.000000,0,0.000000
821,74.636364,1,1,0.268311,1,1,0.745117,1,0,0.000000,0,0,0.000000,0,0,0.000000,0,0.000000,0,0.000000,0,0.000000
822,74.727273,1,0,0.000000,0,1,0.862793,1,0,0.000000,0,0,0.000000,0,0,0.000000,0,0.000000,0,0.000000,0,0.000000
823,74.818182,1,0,0.000000,0,1,0.785156,1,0,0.000000,0,0,0.000000,0,0,0.000000,0,0.000000,0,0.000000,0,0.000000
824,74.909091,1,0,0.000000,0,1,0.780273,1,0,0.000000,0,0,0.000000,0,0,0.000000,0,0.000000,0,0.000000,0,0.000000
825,75.000000,1,0,0.000000,0,1,0.739746,1,0,0.000000,0,0,0.000000,0,0,0.000000,0,0.000000,0,0.000000,0,0.000000
826,75.090909,1,0,0.000000,0,1,0.453857,1,0,0.000000,0,0,0.000000,0,0,0.000000,0,0.000000,0,0.000000,0,0.000000
827,75.181818,1,0,0.000000,0,0,0.000000,0,0,0.000000,0,0,0.000000,0,0,0.000000,0,0.000000,0,0.000000,0,0.000000
828,75.272727,1,0,0.000000,0,0,0.000000,0,0,0.000000,0,0,0.000000,0,0,0.000000,0,0.000000,0,0.000000,0,0.000000
829,75.363636,1,0,0.000000,0,1,0.253174,1,0,0.000000,0,0,0.000000,0,0,0.000000,0,0.000000,0,0.000000,0,0.000000
830,75.454545,1,0,0.000000,0,1,0.521973,1,0,0.000000,0,0,0.000000,0,0,0.000000,0,0.000000,0,0.000000,0,0.000000
831,75.545455,1,0,0.000000,0,1,0.556152,1,0,0.000000,0,0,0.000000,0,0,0.000000,0,0.000000,0,0.000000,0,0.000000
832,75.636364,1,0,0.000000,0,1,0.784180,1,0,0.000000,0,0,0.000000,0,0,0.000000,0,0.000000,0,0.000000,0,0.000000
833,75.727273,1,0,0.000000,0,2,0.900391,1,0,0.000000,0,0,0.000000,0,0,0.000000,0,0.000000,0,0.000000,0,0.000000
834,75.818182,1,0,0.000000,0,1,0.856934,1,0,0.000000,0,0,0.000000,0,0,0.000000,0,0.000000,0,0.000000,0,0.000000
835,75.909091,1,0,0.000000,0,1,0.752930,1,0,0.000000,0,0,0.000000,0,0,0.000000,0,0.000000,0,0.000000,0,0.000000
836,76.000000,1,1,0.763672,1,1,0.849121,1,1,0.338135,1,0,0.000000,0,0,0.000000,0,0.000000,0,0.000000,0,0.000000
837,76.090909,1,1,0.812500,1,1,0.851074,1,0,0.000000,0,0,0.000000,0,0,0.000000,0,0.000000,0,0.000000,0,0.000000
838,76.181818,1,1,0.758301,1,1,0.858398,1,0,0.000000,0,0,0.000000,0,0,0.000000,0,0.000000,0,0.000000,0,0.000000
839,76.272727,1,1,0.672363,1,1,0.842285,1,0,0.000000,0,1,0.266846,1,0,0.000000,0,0.000000,0,0.000000,0,0.000000
840,76.363636,1,1,0.675293,1,1,0.832520,1,0,0.000000,0,1,0.251221,1,0,0.000000,0,0.000000,0,0.000000,0,0.000000
841,76.454545,1,1,0.736816,1,1,0.852051,1,0,0.000000,0,1,0.282471,1,0,0.000000,0,0.000000,0,0.000000,0,0.000000
842,76.545455,1,1,0.729980,1,1,0.859863,1,0,0.000000,0,1,0.260498,1,0,0.000000,0,0.000000,0,0.000000,0,0.000000
843,76.636364,1,1,0.825684,1,1,0.875977,1,0,0.000000,0,0,0.000000,0,0,0.000000,0,0.000000,0,0.000000,0,0.000000
844,76.727273,1,1,0.818359,1,1,0.882812,1,0,0.000000,0,0,0.000000,0,0,0.000000,0,0.000000,0,0.000000,0,0.000000
845,76.818182,1,1,0.816406,1,1,0.888184,1,0,0.000000,0,0,0.000000,0,0,0.000000,0,0.000000,0,0.000000,0,0.000000
846,76.909091,1,1,0.839355,1,1,0.887207,1,0,0.000000,0,0,0.000000,0,0,0.000000,0,0.000000,0,0.000000,0,0.000000
847,77.000000,1,1,0.858887,1,1,0.876953,1,0,0.000000,0,0,0.000000,0,0,0.000000,0,0.000000,0,0.000000,0,0.000000
848,77.090909,1,1,0.855957,1,1,0.879883,1,0,0.000000,0,0,0.000000,0,0,0.000000,0,0.000000,0,0.000000,0,0.000000
849,77.181818,1,1,0.831055,1,1,0.872070,1,0,0.000000,0,0,0.000000,0,0,0.000000,0,0.000000,0,0.000000,0,0.000000
850,77.272727,1,1,0.799805,1,1,0.858887,1,0,0.000000,0,1,0.267334,1,0,0.000000,0,0.000000,0,0.000000,0,0.000000
851,77.363636,1,1,0.751465,1,1,0.873047,1,0,0.000000,0,0,0.000000,0,0,0.000000,0,0.000000,0,0.000000,0,0.000000
852,77.454545,1,1,0.764648,1,1,0.870605,1,0,0.000000,0,0,0.000000,0,0,0.000000,0,0.000000,0,0.000000,0,0.000000
853,77.545455,1,1,0.819824,1,1,0.860352,1,0,0.000000,0,0,0.000000,0,0,0.000000,0,0.000000,0,0.000000,0,0.000000
854,77.636364,1,1,0.494629,1,1,0.839355,1,0,0.000000,0,0,0.000000,0,0,0.000000,0,0.000000,0,0.000000,0,0.000000
855,77.727273,1,1,0.483887,1,1,0.839355,1,0,0.000000,0,0,0.000000,0,0,0.000000,0,0.000000,0,0.000000,0,0.000000
856,77.818182,1,1,0.621582,1,1,0.840820,1,0,0.000000,0,0,0.000000,0,0,0.000000,0,0.000000,0,0.000000,0,0.000000
857,77.909091,1,1,0.277100,1,1,0.862793,1,0,0.000000,0,0,0.000000,0,0,0.000000,0,0.000000,0,0.000000,0,0.000000
858,78.000000,1,1,0.344482,1,1,0.869141,1,1,0.298828,1,0,0.000000,0,0,0.000000,0,0.000000,0,0.000000,0,0.000000
859,78.090909,1,1,0.650391,1,1,0.821777,1,0,0.000000,0,0,0.000000,0,0,0.000000,0,0.000000,0,0.000000,0,0.000000
860,78.181818,1,1,0.254395,1,1,0.821777,1,0,0.000000,0,0,0.000000,0,0,0.000000,0,0.000000,0,0.000000,0,0.000000
861,78.272727,1,0,0.000000,0,1,0.596191,1,0,0.000000,0,0,0.000000,0,0,0.000000,0,0.000000,0,0.000000,0,0.000000
862,78.363636,0,0,0.000000,0,0,0.000000,0,0,0.000000,0,0,0.000000,0,0,0.000000,0,0.000000,0,0.000000,0,0.000000
863,78.454545,0,0,0.000000,0,0,0.000000,0,0,0.000000,0,0,0.000000,0,0,0.000000,0,0.000000,0,0.000000,0,0.000000
864,78.545455,0,0,0.000000,0,0,0.000000,0,0,0.000000,0,0,0.000000,0,0,0.000000,0,0.000000,0,0.000000,0,0.000000
865,78.636364,0,0,0.000000,0,0,0.000000,0,0,0.000000,0,0,0.000000,0,0,0.000000,0,0.000000,0,0.000000,0,0.000000
866,78.727273,0,0,0.000000,0,0,0.000000,0,0,0.000000,0,0,0.000000,0,0,0.000000,0,0.000000,0,0.000000,0,0.000000
867,78.818182,1,0,0.000000,0,0,0.000000,0,0,0.000000,0,0,0.000000,0,0,0.000000,0,0.000000,0,0.000000,0,0.000000
868,78.909091,1,0,0.000000,0,0,0.000000,0,0,0.000000,0,0,0.000000,0,0,0.000000,0,0.000000,0,0.000000,0,0.000000
869,79.000000,1,0,0.000000,0,0,0.000000,0,0,0.000000,0,0,0.000000,0,0,0.000000,0,0.000000,0,0.000000,0,0.000000
870,79.090909,0,0,0.000000,0,0,0.000000,0,0,0.000000,0,0,0.000000,0,0,0.000000,0,0.000000,0,0.000000,0,0.000000
871,79.181818,0,0,0.000000,0,0,0.000000,0,0,0.000000,0,0,0.000000,0,0,0.000000,0,0.000000,0,0.000000,0,0.000000
872,79.272727,0,0,0.000000,0,0,0.000000,0,0,0.000000,0,0,0.000000,0,0,0.000000,0,0.000000,0,0.000000,0,0.000000
873,79.363636,0,0,0.000000,0,0,0.000000,0,0,0.000000,0,0,0.000000,0,0,0.000000,0,0.000000,0,0.000000,0,0.000000
874,79.454545,0,0,0.000000,0,0,0.000000,0,0,0.000000,0,0,0.000000,0,0,0.000000,0,0.000000,0,0.000000,0,0.000000
875,79.545455,1,0,0.000000,0,1,0.576172,1,0,0.000000,0,0,0.000000,0,0,0.000000,0,0.000000,0,0.000000,0,0.000000
876,79.636364,1,1,0.726074,1,1,0.606445,1,0,0.000000,0,0,0.000000,0,0,0.000000,0,0.000000,0,0.000000,0,0.000000
877,79.727273,1,1,0.740723,1,1,0.633789,1,0,0.000000,0,0,0.000000,0,0,0.000000,0,0.000000,0,0.000000,0,0.000000
878,79.818182,1,1,0.682617,1,1,0.787598,1,0,0.000000,0,0,0.000000,0,0,0.000000,0,0.000000,0,0.000000,0,0.000000
879,79.909091,1,1,0.824707,1,1,0.809570,1,0,0.000000,0,0,0.000000,0,0,0.000000,0,0.000000,0,0.000000,0,0.000000
880,80.000000,1,1,0.723145,1,1,0.844238,1,0,0.000000,0,0,0.000000,0,0,0.000000,0,0.000000,0,0.000000,0,0.000000
881,80.090909,1,1,0.729492,1,1,0.847656,1,0,0.000000,0,0,0.000000,0,0,0.000000,0,0.000000,0,0.000000,0,0.000000
882,80.181818,1,1,0.733398,1,1,0.850586,1,0,0.000000,0,0,0.000000,0,0,0.000000,0,0.000000,0,0.000000,0,0.000000
883,80.272727,1,1,0.745605,1,1,0.864258,1,0,0.000000,0,0,0.000000,0,0,0.000000,0,0.000000,0,0.000000,0,0.000000
884,80.363636,1,1,0.791992,1,1,0.864746,1,0,0.000000,0,0,0.000000,0,0,0.000000,0,0.000000,0,0.000000,0,0.000000
885,80.454545,1,1,0.818359,1,1,0.863281,1,0,0.000000,0,0,0.000000,0,0,0.000000,0,0.000000,0,0.000000,0,0.000000
886,80.545455,1,1,0.809082,1,1,0.864258,1,0,0.000000,0,0,0.000000,0,0,0.000000,0,0.000000,0,0.000000,0,0.000000
887,80.636364,1,1,0.819336,1,1,0.860352,1,0,0.000000,0,1,0.252197,1,0,0.000000,0,0.000000,0,0.000000,0,0.000000
888,80.727273,1,1,0.800781,1,1,0.862793,1,0,0.000000,0,0,0.000000,0,0,0.000000,0,0.000000,0,0.000000,0,0.000000
889,80.818182,1,1,0.784180,1,1,0.859863,1,0,0.000000,0,0,0.000000,0,0,0.000000,0,0.000000,0,0.000000,0,0.000000
890,80.909091,1,1,0.784668,1,1,0.858398,1,0,0.000000,0,0,0.000000,0,0,0.000000,0,0.000000,0,0.000000,0,0.000000
891,81.000000,1,1,0.763184,1,1,0.857422,1,0,0.000000,0,0,0.000000,0,0,0.000000,0,0.000000,0,0.000000,0,0.000000
892,81.090909,1,1,0.768066,1,1,0.859863,1,0,0.000000,0,0,0.000000,0,0,0.000000,0,0.000000,0,0.000000,0,0.000000
893,81.181818,1,1,0.751465,1,1,0.852539,1,0,0.000000,0,1,0.250732,1,0,0.000000,0,0.000000,0,0.000000,0,0.000000
894,81.272727,1,1,0.749512,1,1,0.858398,1,0,0.000000,0,1,0.266846,1,0,0.000000,0,0.000000,0,0.000000,0,0.000000
895,81.363636,1,1,0.732422,1,1,0.852051,1,0,0.000000,0,1,0.270996,1,0,0.000000,0,0.000000,0,0.000000,0,0.000000
896,81.454545,1,1,0.721191,1,1,0.848145,1,0,0.000000,0,1,0.252441,1,0,0.000000,0,0.000000,0,0.000000,0,0.000000
897,81.545455,1,1,0.713867,1,1,0.821777,1,0,0.000000,0,0,0.000000,0,0,0.000000,0,0.000000,0,0.000000,0,0.000000
898,81.636364,1,1,0.730469,1,1,0.847656,1,0,0.000000,0,1,0.291016,1,0,0.000000,0,0.000000,0,0.000000,0,0.000000
899,81.727273,1,1,0.738770,1,1,0.847168,1,0,0.000000,0,1,0.307617,1,0,0.000000,0,0.000000,0,0.000000,0,0.000000
900,81.818182,1,1,0.634277,1,1,0.874512,1,0,0.000000,0,1,0.288574,1,0,0.000000,0,0.000000,0,0.000000,0,0.000000
901,81.909091,1,1,0.691895,1,1,0.866211,1,0,0.000000,0,0,0.000000,0,0,0.000000,0,0.000000,0,0.000000,0,0.000000
902,82.000000,1,1,0.696777,1,1,0.869141,1,0,0.000000,0,1,0.260010,1,0,0.000000,0,0.000000,0,0.000000,0,0.000000
903,82.090909,1,1,0.710449,1,1,0.887207,1,0,0.000000,0,1,0.333496,1,0,0.000000,0,0.000000,0,0.000000,0,0.000000
904,82.181818,1,1,0.708984,1,1,0.845703,1,0,0.000000,0,1,0.257812,1,0,0.000000,0,0.000000,0,0.000000,0,0.000000
905,82.272727,1,1,0.760742,1,1,0.842285,1,0,0.000000,0,1,0.345703,1,0,0.000000,0,0.000000,0,0.000000,0,0.000000
906,82.363636,1,1,0.787109,1,1,0.844238,1,0,0.000000,0,1,0.323486,1,0,0.000000,0,0.000000,0,0.000000,0,0.000000
907,82.454545,1,1,0.790527,1,1,0.842773,1,0,0.000000,0,1,0.352539,1,0,0.000000,0,0.000000,0,0.000000,0,0.000000
908,82.545455,1,1,0.743164,1,1,0.833984,1,0,0.000000,0,1,0.300293,1,0,0.000000,0,0.000000,0,0.000000,0,0.000000
909,82.636364,1,1,0.752930,1,1,0.833008,1,0,0.000000,0,1,0.302979,1,0,0.000000,0,0.000000,0,0.000000,0,0.000000
910,82.727273,1,1,0.460938,1,1,0.763184,1,0,0.000000,0,0,0.000000,0,0,0.000000,0,0.000000,0,0.000000,0,0.000000
911,82.818182,1,1,0.825684,1,1,0.855469,1,0,0.000000,0,0,0.000000,0,0,0.000000,0,0.000000,0,0.000000,0,0.000000
912,82.909091,1,1,0.461182,1,1,0.763184,1,0,0.000000,0,0,0.000000,0,0,0.000000,0,0.000000,0,0.000000,0,0.000000
913,83.000000,1,1,0.356445,1,1,0.721191,1,0,0.000000,0,0,0.000000,0,0,0.000000,0,0.000000,0,0.000000,0,0.000000
914,83.090909,1,1,0.337402,1,1,0.736816,1,0,0.000000,0,0,0.000000,0,0,0.000000,0,0.000000,0,0.000000,0,0.000000
915,83.181818,1,1,0.283936,1,1,0.592773,1,0,0.000000,0,0,0.000000,0,0,0.000000,0,0.000000,0,0.000000,0,0.000000
916,83.272727,1,0,0.000000,0,1,0.599609,1,0,0.000000,0,1,0.310059,1,0,0.000000,0,0.000000,0,0.000000,0,0.000000
917,83.363636,1,0,0.000000,0,1,0.508789,1,0,0.000000,0,0,0.000000,0,0,0.000000,0,0.000000,0,0.000000,0,0.000000
918,83.454545,1,0,0.000000,0,1,0.782715,1,0,0.000000,0,0,0.000000,0,0,0.000000,0,0.000000,0,0.000000,0,0.000000
919,83.545455,1,0,0.000000,0,1,0.659668,1,0,0.000000,0,1,0.255127,1,0,0.000000,0,0.000000,0,0.000000,0,0.000000
920,83.636364,1,0,0.000000,0,1,0.635742,1,0,0.000000,0,1,0.321289,1,0,0.000000,0,0.000000,0,0.000000,0,0.000000
921,83.727273,1,0,0.000000,0,1,0.586426,1,0,0.000000,0,0,0.000000,0,0,0.000000,0,0.000000,0,0.000000,0,0.000000
922,83.818182,1,0,0.000000,0,1,0.833008,1,0,0.000000,0,0,0.000000,0,0,0.000000,0,0.000000,0,0.000000,0,0.000000
923,83.909091,1,0,0.000000,0,1,0.823242,1,0,0.000000,0,0,0.000000,0,0,0.000000,0,0.000000,0,0.000000,0,0.000000
924,84.000000,1,0,0.000000,0,2,0.720215,1,0,0.000000,0,0,0.000000,0,0,0.000000,0,0.000000,0,0.000000,0,0.000000
925,84.090909,1,1,0.268555,1,3,0.888184,1,0,0.000000,0,0,0.000000,0,0,0.000000,0,0.000000,0,0.000000,0,0.000000
926,84.181818,1,1,0.344971,1,1,0.858398,1,0,0.000000,0,0,0.000000,0,0,0.000000,0,0.000000,0,0.000000,0,0.000000
927,84.272727,1,1,0.777344,1,1,0.816406,1,0,0.000000,0,0,0.000000,0,0,0.000000,0,0.000000,0,0.000000,0,0.000000
928,84.363636,1,1,0.712402,1,1,0.842285,1,0,0.000000,0,2,0.408936,1,0,0.000000,0,0.000000,0,0.000000,0,0.000000
929,84.454545,1,1,0.676758,1,1,0.855469,1,0,0.000000,0,1,0.564941,1,0,0.000000,0,0.000000,0,0.000000,0,0.000000
930,84.545455,1,1,0.779297,1,1,0.852051,1,0,0.000000,0,1,0.343262,1,0,0.000000,0,0.000000,0,0.000000,0,0.000000
931,84.636364,1,1,0.719238,1,1,0.826660,1,0,0.000000,0,1,0.372070,1,0,0.000000,0,0.000000,0,0.000000,0,0.000000
932,84.727273,1,1,0.723145,1,1,0.824707,1,0,0.000000,0,2,0.270264,1,0,0.000000,0,0.000000,0,0.000000,0,0.000000
933,84.818182,1,1,0.689941,1,1,0.813477,1,0,0.000000,0,1,0.291748,1,0,0.000000,0,0.000000,0,0.000000,0,0.000000
934,84.909091,1,1,0.789551,1,1,0.870605,1,0,0.000000,0,1,0.328613,1,0,0.000000,0,0.000000,0,0.000000,0,0.000000
935,85.000000,1,1,0.817383,1,1,0.868652,1,0,0.000000,0,1,0.380127,1,0,0.000000,0,0.000000,0,0.000000,0,0.000000
936,85.090909,1,1,0.827148,1,1,0.840820,1,0,0.000000,0,1,0.406250,1,0,0.000000,0,0.000000,0,0.000000,0,0.000000
937,85.181818,1,1,0.847168,1,1,0.837402,1,0,0.000000,0,1,0.317383,1,0,0.000000,0,0.000000,0,0.000000,0,0.000000
938,85.272727,1,1,0.853516,1,1,0.863281,1,0,0.000000,0,1,0.331055,1,0,0.000000,0,0.000000,0,0.000000,0,0.000000
939,85.363636,1,1,0.866211,1,1,0.870605,1,0,0.000000,0,1,0.318115,1,0,0.000000,0,0.000000,0,0.000000,0,0.000000
940,85.454545,1,1,0.890625,1,1,0.871582,1,0,0.000000,0,1,0.307373,1,0,0.000000,0,0.000000,0,0.000000,0,0.000000
941,85.545455,1,1,0.883301,1,1,0.871582,1,0,0.000000,0,1,0.362305,1,0,0.000000,0,0.000000,0,0.000000,0,0.000000
942,85.636364,1,1,0.884277,1,1,0.867188,1,0,0.000000,0,1,0.408691,1,0,0.000000,0,0.000000,0,0.000000,0,0.000000
943,85.727273,1,1,0.848145,1,1,0.858887,1,0,0.000000,0,0,0.000000,0,0,0.000000,0,0.000000,0,0.000000,0,0.000000
944,85.818182,1,1,0.751953,1,1,0.866211,1,0,0.000000,0,0,0.000000,0,0,0.000000,0,0.000000,0,0.000000,0,0.000000
945,85.909091,1,1,0.784180,1,1,0.877441,1,0,0.000000,0,0,0.000000,0,0,0.000000,0,0.000000,0,0.000000,0,0.000000
946,86.000000,1,1,0.659180,1,1,0.876953,1,0,0.000000,0,0,0.000000,0,0,0.000000,0,0.000000,0,0.000000,0,0.000000
947,86.090909,1,1,0.592773,1,1,0.861816,1,0,0.000000,0,0,0.000000,0,0,0.000000,0,0.000000,0,0.000000,0,0.000000
948,86.181818,1,1,0.678223,1,1,0.876953,1,0,0.000000,0,0,0.000000,0,0,0.000000,0,0.000000,0,0.000000,0,0.000000
949,86.272727,1,1,0.604980,1,1,0.833008,1,0,0.000000,0,0,0.000000,0,0,0.000000,0,0.000000,0,0.000000,0,0.000000
950,86.363636,1,1,0.562500,1,1,0.837402,1,0,0.000000,0,0,0.000000,0,0,0.000000,0,0.000000,0,0.000000,0,0.000000
951,86.454545,1,0,0.000000,0,1,0.826660,1,0,0.000000,0,0,0.000000,0,0,0.000000,0,0.000000,0,0.000000,0,0.000000
952,86.545455,1,1,0.644043,1,1,0.729004,1,0,0.000000,0,0,0.000000,0,0,0.000000,0,0.000000,0,0.000000,0,0.000000
953,86.636364,1,1,0.340332,1,1,0.712891,1,0,0.000000,0,0,0.000000,0,0,0.000000,0,0.000000,0,0.000000,0,0.000000
954,86.727273,1,1,0.698730,1,1,0.817383,1,0,0.000000,0,0,0.000000,0,0,0.000000,0,0.000000,0,0.000000,0,0.000000
955,86.818182,1,0,0.000000,0,1,0.853516,1,0,0.000000,0,0,0.000000,0,0,0.000000,0,0.000000,0,0.000000,0,0.000000
956,86.909091,1,0,0.000000,0,1,0.703125,1,0,0.000000,0,0,0.000000,0,0,0.000000,0,0.000000,0,0.000000,0,0.000000
957,87.000000,1,1,0.345703,1,1,0.537109,1,0,0.000000,0,0,0.000000,0,0,0.000000,0,0.000000,0,0.000000,0,0.000000
958,87.090909,1,1,0.803223,1,1,0.502930,1,0,0.000000,0,0,0.000000,0,0,0.000000,0,0.000000,0,0.000000,0,0.000000
959,87.181818,1,1,0.557617,1,1,0.260742,1,0,0.000000,0,0,0.000000,0,0,0.000000,0,0.000000,0,0.000000,0,0.000000
960,87.272727,1,2,0.606445,1,0,0.000000,0,0,0.000000,0,0,0.000000,0,0,0.000000,0,0.000000,0,0.000000,0,0.000000
961,87.363636,1,1,0.333740,1,0,0.000000,0,0,0.000000,0,0,0.000000,0,0,0.000000,0,0.000000,0,0.000000,0,0.000000
962,87.454545,1,1,0.271729,1,1,0.579590,1,0,0.000000,0,0,0.000000,0,0,0.000000,0,0.000000,0,0.000000,0,0.000000
963,87.545455,1,0,0.000000,0,1,0.626465,1,0,0.000000,0,1,0.423584,1,0,0.000000,0,0.000000,0,0.000000,0,0.000000
964,87.636364,1,1,0.250244,1,1,0.760254,1,0,0.000000,0,0,0.000000,0,0,0.000000,0,0.000000,0,0.000000,0,0.000000
965,87.727273,1,1,0.745117,1,1,0.855957,1,0,0.000000,0,0,0.000000,0,0,0.000000,0,0.000000,0,0.000000,0,0.000000
966,87.818182,1,1,0.730469,1,1,0.860352,1,0,0.000000,0,0,0.000000,0,0,0.000000,0,0.000000,0,0.000000,0,0.000000
967,87.909091,1,1,0.401611,1,1,0.812012,1,0,0.000000,0,0,0.000000,0,0,0.000000,0,0.000000,0,0.000000,0,0.000000
968,88.000000,1,1,0.791504,1,1,0.649414,1,0,0.000000,0,0,0.000000,0,0,0.000000,0,0.000000,0,0.000000,0,0.000000
969,88.090909,1,1,0.763672,1,3,0.732422,1,0,0.000000,0,0,0.000000,0,0,0.000000,0,0.000000,0,0.000000,0,0.000000
970,88.181818,1,1,0.755371,1,3,0.729980,1,0,0.000000,0,0,0.000000,0,0,0.000000,0,0.000000,0,0.000000,0,0.000000
971,88.272727,1,1,0.790527,1,1,0.819336,1,0,0.000000,0,0,0.000000,0,0,0.000000,0,0.000000,0,0.000000,0,0.000000
972,88.363636,1,1,0.772461,1,1,0.836426,1,0,0.000000,0,1,0.312744,1,0,0.000000,0,0.000000,0,0.000000,0,0.000000
973,88.454545,1,1,0.782715,1,1,0.837891,1,0,0.000000,0,1,0.365723,1,0,0.000000,0,0.000000,0,0.000000,0,0.000000
974,88.545455,1,1,0.625488,1,1,0.883301,1,0,0.000000,0,0,0.000000,0,0,0.000000,0,0.000000,0,0.000000,0,0.000000
975,88.636364,1,1,0.746582,1,1,0.872070,1,0,0.000000,0,0,0.000000,0,0,0.000000,0,0.000000,0,0.000000,0,0.000000
976,88.727273,1,1,0.472412,1,1,0.866211,1,0,0.000000,0,0,0.000000,0,0,0.000000,0,0.000000,0,0.000000,0,0.000000
977,88.818182,1,1,0.508301,1,1,0.869141,1,0,0.000000,0,0,0.000000,0,0,0.000000,0,0.000000,0,0.000000,0,0.000000
978,88.909091,1,1,0.782715,1,1,0.867676,1,0,0.000000,0,0,0.000000,0,0,0.000000,0,0.000000,0,0.000000,0,0.000000
979,89.000000,1,1,0.854980,1,1,0.905273,1,0,0.000000,0,0,0.000000,0,0,0.000000,0,0.000000,0,0.000000,0,0.000000
980,89.090909,1,1,0.711426,1,1,0.885742,1,0,0.000000,0,1,0.270508,1,0,0.000000,0,0.000000,0,0.000000,0,0.000000
981,89.181818,1,1,0.716309,1,1,0.881836,1,0,0.000000,0,1,0.261230,1,0,0.000000,0,0.000000,0,0.000000,0,0.000000
982,89.272727,1,1,0.809570,1,1,0.922363,1,0,0.000000,0,1,0.346924,1,0,0.000000,0,0.000000,0,0.000000,0,0.000000
983,89.363636,1,1,0.668945,1,1,0.906250,1,0,0.000000,0,0,0.000000,0,0,0.000000,0,0.000000,0,0.000000,0,0.000000
984,89.454545,1,1,0.809082,1,1,0.918457,1,0,0.000000,0,1,0.493652,1,0,0.000000,0,0.000000,0,0.000000,0,0.000000
985,89.545455,1,1,0.811523,1,1,0.919922,1,0,0.000000,0,1,0.495605,1,0,0.000000,0,0.000000,0,0.000000,0,0.000000
986,89.636364,1,1,0.782715,1,1,0.919922,1,0,0.000000,0,0,0.000000,0,0,0.000000,0,0.000000,0,0.000000,0,0.000000
987,89.727273,1,1,0.807129,1,1,0.927734,1,0,0.000000,0,0,0.000000,0,0,0.000000,0,0.000000,0,0.000000,0,0.000000
988,89.818182,1,1,0.813477,1,1,0.887207,1,0,0.000000,0,0,0.000000,0,0,0.000000,0,0.000000,0,0.000000,0,0.000000
989,89.909091,1,1,0.815918,1,1,0.889648,1,0,0.000000,0,0,0.000000,0,0,0.000000,0,0.000000,0,0.000000,0,0.000000
990,90.000000,1,1,0.779297,1,2,0.797363,1,0,0.000000,0,0,0.000000,0,0,0.000000,0,0.000000,0,0.000000,0,0.000000
991,90.090909,1,1,0.812500,1,2,0.821777,1,0,0.000000,0,0,0.000000,0,0,0.000000,0,0.000000,0,0.000000,0,0.000000
992,90.181818,1,1,0.815430,1,2,0.821777,1,0,0.000000,0,0,0.000000,0,0,0.000000,0,0.000000,0,0.000000,0,0.000000
993,90.272727,1,1,0.777344,1,2,0.855957,1,0,0.000000,0,0,0.000000,0,0,0.000000,0,0.000000,0,0.000000,0,0.000000
994,90.363636,1,1,0.799316,1,1,0.895020,1,0,0.000000,0,0,0.000000,0,0,0.000000,0,0.000000,0,0.000000,0,0.000000
995,90.454545,1,1,0.807129,1,1,0.907227,1,0,0.000000,0,0,0.000000,0,0,0.000000,0,0.000000,0,0.000000,0,0.000000
996,90.545455,1,1,0.729004,1,1,0.898438,1,0,0.000000,0,0,0.000000,0,0,0.000000,0,0.000000,0,0.000000,0,0.000000
997,90.636364,1,1,0.762695,1,1,0.892090,1,0,0.000000,0,0,0.000000,0,0,0.000000,0,0.000000,0,0.000000,0,0.000000
998,90.727273,1,1,0.761230,1,1,0.891113,1,0,0.000000,0,0,0.000000,0,0,0.000000,0,0.000000,0,0.000000,0,0.000000
999,90.818182,1,1,0.722656,1,1,0.854980,1,0,0.000000,0,0,0.000000,0,0,0.000000,0,0.000000,0,0.000000,0,0.000000
1000,90.909091,1,1,0.779785,1,1,0.844727,1,0,0.000000,0,0,0.000000,0,0,0.000000,0,0.000000,0,0.000000,0,0.000000
1001,91.000000,1,1,0.742188,1,1,0.835938,1,0,0.000000,0,0,0.000000,0,0,0.000000,0,0.000000,0,0.000000,0,0.000000
1002,91.090909,1,1,0.770996,1,1,0.838867,1,0,0.000000,0,0,0.000000,0,0,0.000000,0,0.000000,0,0.000000,0,0.000000
1003,91.181818,1,1,0.673828,1,1,0.817871,1,0,0.000000,0,0,0.000000,0,0,0.000000,0,0.000000,0,0.000000,0,0.000000
1004,91.272727,1,1,0.686523,1,1,0.793945,1,0,0.000000,0,0,0.000000,0,0,0.000000,0,0.000000,0,0.000000,0,0.000000
1005,91.363636,1,1,0.637207,1,1,0.781738,1,0,0.000000,0,0,0.000000,0,0,0.000000,0,0.000000,0,0.000000,0,0.000000
1006,91.454545,1,1,0.772949,1,1,0.835449,1,0,0.000000,0,1,0.337646,1,0,0.000000,0,0.000000,0,0.000000,0,0.000000
1007,91.545455,1,1,0.760254,1,1,0.905273,1,0,0.000000,0,0,0.000000,0,0,0.000000,0,0.000000,0,0.000000,0,0.000000
1008,91.636364,1,1,0.755371,1,1,0.873535,1,0,0.000000,0,1,0.500488,1,0,0.000000,0,0.000000,0,0.000000,0,0.000000
1009,91.727273,1,1,0.753906,1,1,0.860352,1,0,0.000000,0,2,0.461182,1,0,0.000000,0,0.000000,0,0.000000,0,0.000000
1010,91.818182,1,1,0.765137,1,1,0.867676,1,0,0.000000,0,1,0.360596,1,0,0.000000,0,0.000000,0,0.000000,0,0.000000
1011,91.909091,1,1,0.721191,1,1,0.876953,1,0,0.000000,0,1,0.496094,1,0,0.000000,0,0.000000,0,0.000000,0,0.000000
1012,92.000000,1,1,0.562500,1,1,0.841309,1,0,0.000000,0,2,0.544922,1,0,0.000000,0,0.000000,0,0.000000,0,0.000000
1013,92.090909,1,1,0.680176,1,1,0.910156,1,0,0.000000,0,1,0.304688,1,0,0.000000,0,0.000000,0,0.000000,0,0.000000
1014,92.181818,1,1,0.516602,1,1,0.812012,1,0,0.000000,0,0,0.000000,0,0,0.000000,0,0.000000,0,0.000000,0,0.000000
1015,92.272727,1,1,0.702148,1,1,0.852539,1,0,0.000000,0,0,0.000000,0,0,0.000000,0,0.000000,0,0.000000,0,0.000000
1016,92.363636,1,1,0.612305,1,1,0.856934,1,0,0.000000,0,0,0.000000,0,0,0.000000,0,0.000000,0,0.000000,0,0.000000
1017,92.454545,1,1,0.610840,1,1,0.856934,1,0,0.000000,0,0,0.000000,0,0,0.000000,0,0.000000,0,0.000000,0,0.000000
1018,92.545455,1,1,0.808105,1,1,0.890625,1,0,0.000000,0,1,0.301758,1,0,0.000000,0,0.000000,0,0.000000,0,0.000000
1019,92.636364,1,1,0.838867,1,1,0.851074,1,0,0.000000,0,1,0.381592,1,0,0.000000,0,0.000000,0,0.000000,0,0.000000
1020,92.727273,1,1,0.837402,1,1,0.848145,1,0,0.000000,0,1,0.387939,1,0,0.000000,0,0.000000,0,0.000000,0,0.000000
1021,92.818182,1,1,0.873535,1,1,0.860352,1,0,0.000000,0,0,0.000000,0,0,0.000000,0,0.000000,0,0.000000,0,0.000000
1022,92.909091,1,1,0.867188,1,1,0.813477,1,0,0.000000,0,0,0.000000,0,0,0.000000,0,0.000000,0,0.000000,0,0.000000
1023,93.000000,1,1,0.889648,1,1,0.881836,1,0,0.000000,0,0,0.000000,0,0,0.000000,0,0.000000,0,0.000000,0,0.000000
1024,93.090909,1,1,0.892090,1,1,0.881836,1,0,0.000000,0,0,0.000000,0,0,0.000000,0,0.000000,0,0.000000,0,0.000000
1025,93.181818,1,1,0.875977,1,1,0.858398,1,0,0.000000,0,1,0.267334,1,0,0.000000,0,0.000000,0,0.000000,0,0.000000
1026,93.272727,1,1,0.915039,1,1,0.879883,1,0,0.000000,0,0,0.000000,0,0,0.000000,0,0.000000,0,0.000000,0,0.000000
1027,93.363636,1,1,0.884277,1,1,0.881836,1,0,0.000000,0,1,0.376953,1,0,0.000000,0,0.000000,0,0.000000,0,0.000000
1028,93.454545,1,1,0.852539,1,1,0.772949,1,0,0.000000,0,0,0.000000,0,0,0.000000,0,0.000000,0,0.000000,0,0.000000
1029,93.545455,1,1,0.903809,1,1,0.761230,1,0,0.000000,0,0,0.000000,0,0,0.000000,0,0.000000,0,0.000000,0,0.000000
1030,93.636364,1,1,0.910156,1,1,0.693848,1,0,0.000000,0,0,0.000000,0,0,0.000000,0,0.000000,0,0.000000,0,0.000000
1031,93.727273,1,1,0.907715,1,1,0.669434,1,1,0.265869,1,0,0.000000,0,0,0.000000,0,0.000000,0,0.000000,0,0.000000
1032,93.818182,1,1,0.903809,1,2,0.681641,1,1,0.270996,1,0,0.000000,0,0,0.000000,0,0.000000,0,0.000000,0,0.000000
1033,93.909091,1,1,0.919922,1,1,0.816406,1,1,0.436768,1,0,0.000000,0,0,0.000000,0,0.000000,0,0.000000,0,0.000000
1034,94.000000,1,1,0.809082,1,1,0.876953,1,0,0.000000,0,0,0.000000,0,0,0.000000,0,0.000000,0,0.000000,0,0.000000
1035,94.090909,1,1,0.796875,1,1,0.877441,1,0,0.000000,0,0,0.000000,0,0,0.000000,0,0.000000,0,0.000000,0,0.000000
1036,94.181818,1,1,0.730469,1,1,0.881348,1,0,0.000000,0,0,0.000000,0,0,0.000000,0,0.000000,0,0.000000,0,0.000000
1037,94.272727,1,1,0.689941,1,1,0.853516,1,0,0.000000,0,0,0.000000,0,0,0.000000,0,0.000000,0,0.000000,0,0.000000
1038,94.363636,1,1,0.774414,1,1,0.887207,1,0,0.000000,0,0,0.000000,0,0,0.000000,0,0.000000,0,0.000000,0,0.000000
1039,94.454545,1,1,0.798828,1,1,0.892578,1,0,0.000000,0,0,0.000000,0,0,0.000000,0,0.000000,0,0.000000,0,0.000000
1040,94.545455,1,1,0.758301,1,1,0.875000,1,0,0.000000,0,0,0.000000,0,0,0.000000,0,0.000000,0,0.000000,0,0.000000
1041,94.636364,1,1,0.770996,1,1,0.883301,1,0,0.000000,0,0,0.000000,0,0,0.000000,0,0.000000,0,0.000000,0,0.000000
1042,94.727273,1,1,0.782715,1,1,0.885254,1,0,0.000000,0,0,0.000000,0,0,0.000000,0,0.000000,0,0.000000,0,0.000000
1043,94.818182,1,1,0.807129,1,1,0.869141,1,0,0.000000,0,0,0.000000,0,0,0.000000,0,0.000000,0,0.000000,0,0.000000
1044,94.909091,1,1,0.808105,1,1,0.870605,1,0,0.000000,0,0,0.000000,0,0,0.000000,0,0.000000,0,0.000000,0,0.000000
1045,95.000000,1,1,0.794434,1,1,0.873047,1,0,0.000000,0,0,0.000000,0,0,0.000000,0,0.000000,0,0.000000,0,0.000000
1046,95.090909,1,1,0.755371,1,1,0.892090,1,0,0.000000,0,0,0.000000,0,0,0.000000,0,0.000000,0,0.000000,0,0.000000
1047,95.181818,1,1,0.805664,1,1,0.895996,1,0,0.000000,0,0,0.000000,0,0,0.000000,0,0.000000,0,0.000000,0,0.000000
1048,95.272727,1,1,0.802734,1,1,0.895020,1,0,0.000000,0,0,0.000000,0,0,0.000000,0,0.000000,0,0.000000,0,0.000000
1049,95.363636,1,1,0.803711,1,1,0.875000,1,0,0.000000,0,0,0.000000,0,0,0.000000,0,0.000000,0,0.000000,0,0.000000
1050,95.454545,1,1,0.803223,1,1,0.875000,1,0,0.000000,0,0,0.000000,0,0,0.000000,0,0.000000,0,0.000000,0,0.000000
1051,95.545455,1,1,0.740723,1,1,0.877441,1,0,0.000000,0,0,0.000000,0,0,0.000000,0,0.000000,0,0.000000,0,0.000000
1052,95.636364,1,1,0.746582,1,1,0.873535,1,0,0.000000,0,0,0.000000,0,0,0.000000,0,0.000000,0,0.000000,0,0.000000
1053,95.727273,1,1,0.715820,1,1,0.854004,1,0,0.000000,0,0,0.000000,0,0,0.000000,0,0.000000,0,0.000000,0,0.000000
1054,95.818182,1,1,0.729492,1,1,0.864746,1,0,0.000000,0,0,0.000000,0,0,0.000000,0,0.000000,0,0.000000,0,0.000000
1055,95.909091,1,1,0.726074,1,1,0.865723,1,0,0.000000,0,0,0.000000,0,0,0.000000,0,0.000000,0,0.000000,0,0.000000
1056,96.000000,1,1,0.775879,1,1,0.866211,1,0,0.000000,0,0,0.000000,0,0,0.000000,0,0.000000,0,0.000000,0,0.000000
1057,96.090909,1,1,0.772949,1,1,0.869141,1,0,0.000000,0,0,0.000000,0,0,0.000000,0,0.000000,0,0.000000,0,0.000000
1058,96.181818,1,1,0.739746,1,1,0.792969,1,0,0.000000,0,0,0.000000,0,0,0.000000,0,0.000000,0,0.000000,0,0.000000
1059,96.272727,1,1,0.735840,1,1,0.794922,1,0,0.000000,0,0,0.000000,0,0,0.000000,0,0.000000,0,0.000000,0,0.000000
1060,96.363636,1,1,0.750977,1,1,0.792969,1,0,0.000000,0,0,0.000000,0,0,0.000000,0,0.000000,0,0.000000,0,0.000000
1061,96.454545,1,1,0.702148,1,1,0.781738,1,0,0.000000,0,0,0.000000,0,0,0.000000,0,0.000000,0,0.000000,0,0.000000
1062,96.545455,1,1,0.534668,1,1,0.770020,1,0,0.000000,0,0,0.000000,0,0,0.000000,0,0.000000,0,0.000000,0,0.000000
1063,96.636364,1,1,0.567383,1,1,0.836426,1,0,0.000000,0,0,0.000000,0,0,0.000000,0,0.000000,0,0.000000,0,0.000000
1064,96.727273,1,1,0.570312,1,1,0.835449,1,0,0.000000,0,0,0.000000,0,0,0.000000,0,0.000000,0,0.000000,0,0.000000
1065,96.818182,1,1,0.641602,1,1,0.867188,1,0,0.000000,0,0,0.000000,0,0,0.000000,0,0.000000,0,0.000000,0,0.000000
1066,96.909091,1,1,0.627441,1,1,0.934082,1,0,0.000000,0,0,0.000000,0,0,0.000000,0,0.000000,0,0.000000,0,0.000000
1067,97.000000,1,1,0.516113,1,1,0.940430,1,0,0.000000,0,0,0.000000,0,0,0.000000,0,0.000000,0,0.000000,0,0.000000
1068,97.090909,1,1,0.638184,1,1,0.937012,1,0,0.000000,0,0,0.000000,0,0,0.000000,0,0.000000,0,0.000000,0,0.000000
1069,97.181818,1,1,0.623535,1,1,0.904785,1,0,0.000000,0,0,0.000000,0,0,0.000000,0,0.000000,0,0.000000,0,0.000000
1070,97.272727,1,1,0.570312,1,1,0.858398,1,0,0.000000,0,0,0.000000,0,0,0.000000,0,0.000000,0,0.000000,0,0.000000
1071,97.363636,1,1,0.638184,1,1,0.820312,1,0,0.000000,0,1,0.305420,1,0,0.000000,0,0.000000,0,0.000000,0,0.000000
1072,97.454545,1,1,0.563965,1,1,0.864746,1,0,0.000000,0,1,0.313232,1,0,0.000000,0,0.000000,0,0.000000,0,0.000000
1073,97.545455,1,1,0.555176,1,1,0.899902,1,0,0.000000,0,1,0.360596,1,0,0.000000,0,0.000000,0,0.000000,0,0.000000
1074,97.636364,1,1,0.498535,1,1,0.866211,1,0,0.000000,0,1,0.254395,1,0,0.000000,0,0.000000,0,0.000000,0,0.000000
1075,97.727273,1,1,0.552246,1,1,0.833984,1,0,0.000000,0,0,0.000000,0,0,0.000000,0,0.000000,0,0.000000,0,0.000000
1076,97.818182,1,1,0.553223,1,1,0.833008,1,0,0.000000,0,0,0.000000,0,0,0.000000,0,0.000000,0,0.000000,0,0.000000
1077,97.909091,1,1,0.607422,1,1,0.885254,1,0,0.000000,0,0,0.000000,0,0,0.000000,0,0.000000,0,0.000000,0,0.000000
1078,98.000000,1,1,0.726562,1,1,0.807129,1,0,0.000000,0,0,0.000000,0,0,0.000000,0,0.000000,0,0.000000,0,0.000000
1079,98.090909,1,1,0.733398,1,1,0.810547,1,0,0.000000,0,0,0.000000,0,0,0.000000,0,0.000000,0,0.000000,0,0.000000
1080,98.181818,1,1,0.725098,1,1,0.825684,1,0,0.000000,0,0,0.000000,0,0,0.000000,0,0.000000,0,0.000000,0,0.000000
1081,98.272727,1,1,0.729980,1,1,0.830566,1,0,0.000000,0,0,0.000000,0,0,0.000000,0,0.000000,0,0.000000,0,0.000000
1082,98.363636,1,1,0.813477,1,2,0.807617,1,0,0.000000,0,0,0.000000,0,0,0.000000,0,0.000000,0,0.000000,0,0.000000
1083,98.454545,1,1,0.799805,1,1,0.770020,1,0,0.000000,0,0,0.000000,0,0,0.000000,0,0.000000,0,0.000000,0,0.000000
1084,98.545455,1,1,0.726074,1,2,0.736816,1,0,0.000000,0,0,0.000000,0,0,0.000000,0,0.000000,0,0.000000,0,0.000000
1085,98.636364,1,1,0.783691,1,1,0.746582,1,0,0.000000,0,0,0.000000,0,0,0.000000,0,0.000000,0,0.000000,0,0.000000
1086,98.727273,1,1,0.778809,1,1,0.815430,1,0,0.000000,0,0,0.000000,0,0,0.000000,0,0.000000,0,0.000000,0,0.000000
1087,98.818182,1,1,0.777344,1,1,0.813477,1,0,0.000000,0,0,0.000000,0,0,0.000000,0,0.000000,0,0.000000,0,0.000000
1088,98.909091,1,1,0.802734,1,1,0.774414,1,0,0.000000,0,1,0.320312,1,0,0.000000,0,0.000000,0,0.000000,0,0.000000
1089,99.000000,1,1,0.732422,1,1,0.807617,1,0,0.000000,0,1,0.340332,1,0,0.000000,0,0.000000,0,0.000000,0,0.000000
1090,99.090909,1,1,0.867188,1,1,0.766602,1,0,0.000000,0,1,0.290527,1,0,0.000000,0,0.000000,0,0.000000,0,0.000000
1091,99.181818,1,1,0.833008,1,1,0.813477,1,0,0.000000,0,0,0.000000,0,0,0.000000,0,0.000000,0,0.000000,0,0.000000
1092,99.272727,1,1,0.820312,1,1,0.837891,1,0,0.000000,0,0,0.000000,0,0,0.000000,0,0.000000,0,0.000000,0,0.000000
1093,99.363636,1,1,0.760742,1,1,0.878418,1,0,0.000000,0,0,0.000000,0,0,0.000000,0,0.000000,0,0.000000,0,0.000000
1094,99.454545,1,1,0.763184,1,1,0.875977,1,0,0.000000,0,0,0.000000,0,0,0.000000,0,0.000000,0,0.000000,0,0.000000
1095,99.545455,1,1,0.721191,1,1,0.868652,1,0,0.000000,0,0,0.000000,0,0,0.000000,0,0.000000,0,0.000000,0,0.000000
1096,99.636364,1,1,0.594727,1,1,0.838867,1,0,0.000000,0,0,0.000000,0,0,0.000000,0,0.000000,0,0.000000,0,0.000000
1097,99.727273,1,1,0.601074,1,1,0.839355,1,0,0.000000,0,0,0.000000,0,0,0.000000,0,0.000000,0,0.000000,0,0.000000
1098,99.818182,1,1,0.455566,1,1,0.775879,1,0,0.000000,0,0,0.000000,0,0,0.000000,0,0.000000,0,0.000000,0,0.000000
1099,99.909091,1,1,0.687988,1,1,0.804199,1,0,0.000000,0,0,0.000000,0,0,0.000000,0,0.000000,0,0.000000,0,0.000000
1100,100.000000,1,1,0.636230,1,1,0.807617,1,0,0.000000,0,0,0.000000,0,0,0.000000,0,0.000000,0,0.000000,0,0.000000
1101,100.090909,1,1,0.865723,1,1,0.863281,1,0,0.000000,0,2,0.283447,1,0,0.000000,0,0.000000,0,0.000000,0,0.000000
1102,100.181818,1,1,0.883301,1,1,0.855469,1,0,0.000000,0,2,0.596680,1,0,0.000000,0,0.000000,0,0.000000,0,0.000000
1103,100.272727,1,1,0.873535,1,1,0.854980,1,0,0.000000,0,2,0.595703,1,0,0.000000,0,0.000000,0,0.000000,0,0.000000
1104,100.363636,1,1,0.909180,1,1,0.852051,1,1,0.308350,1,0,0.000000,0,0,0.000000,0,0.000000,0,0.000000,0,0.000000
1105,100.454545,1,1,0.903809,1,1,0.848145,1,1,0.305664,1,0,0.000000,0,0,0.000000,0,0.000000,0,0.000000,0,0.000000
1106,100.545455,1,1,0.843262,1,1,0.862793,1,1,0.448242,1,0,0.000000,0,0,0.000000,0,0.000000,0,0.000000,0,0.000000
1107,100.636364,1,1,0.870605,1,1,0.855469,1,0,0.000000,0,0,0.000000,0,0,0.000000,0,0.000000,0,0.000000,0,0.000000
1108,100.727273,1,1,0.892090,1,1,0.864746,1,0,0.000000,0,0,0.000000,0,0,0.000000,0,0.000000,0,0.000000,0,0.000000
1109,100.818182,1,1,0.918457,1,1,0.803223,1,1,0.325439,1,0,0.000000,0,0,0.000000,0,0.000000,0,0.000000,0,0.000000
1110,100.909091,1,1,0.889648,1,1,0.801758,1,0,0.000000,0,0,0.000000,0,0,0.000000,0,0.000000,0,0.000000,0,0.000000
1111,101.000000,1,1,0.888672,1,1,0.801270,1,0,0.000000,0,0,0.000000,0,0,0.000000,0,0.000000,0,0.000000,0,0.000000
1112,101.090909,1,1,0.799316,1,1,0.780273,1,1,0.470703,1,0,0.000000,0,0,0.000000,0,0.000000,0,0.000000,0,0.000000
1113,101.181818,1,1,0.904785,1,1,0.670898,1,1,0.382080,1,0,0.000000,0,0,0.000000,0,0.000000,0,0.000000,0,0.000000
1114,101.272727,1,1,0.878418,1,1,0.737793,1,2,0.433105,1,0,0.000000,0,0,0.000000,0,0.000000,0,0.000000,0,0.000000
1115,101.363636,1,1,0.849121,1,1,0.720215,1,1,0.298828,1,0,0.000000,0,0,0.000000,0,0.000000,0,0.000000,0,0.000000
1116,101.454545,1,1,0.852539,1,1,0.714844,1,1,0.297607,1,0,0.000000,0,0,0.000000,0,0.000000,0,0.000000,0,0.000000
1117,101.545455,1,1,0.853516,1,1,0.764160,1,0,0.000000,0,1,0.411865,1,0,0.000000,0,0.000000,0,0.000000,0,0.000000
1118,101.636364,1,1,0.854980,1,1,0.831055,1,0,0.000000,0,1,0.283447,1,0,0.000000,0,0.000000,0,0.000000,0,0.000000
1119,101.727273,1,1,0.845703,1,1,0.855469,1,0,0.000000,0,0,0.000000,0,0,0.000000,0,0.000000,0,0.000000,0,0.000000
1120,101.818182,1,1,0.842285,1,1,0.863281,1,0,0.000000,0,0,0.000000,0,0,0.000000,0,0.000000,0,0.000000,0,0.000000
1121,101.909091,1,1,0.868652,1,1,0.853516,1,0,0.000000,0,0,0.000000,0,0,0.000000,0,0.000000,0,0.000000,0,0.000000
1122,102.000000,1,1,0.869141,1,1,0.857422,1,0,0.000000,0,0,0.000000,0,0,0.000000,0,0.000000,0,0.000000,0,0.000000
1123,102.090909,1,1,0.825195,1,1,0.852051,1,0,0.000000,0,0,0.000000,0,0,0.000000,0,0.000000,0,0.000000,0,0.000000
1124,102.181818,1,1,0.827148,1,1,0.851074,1,0,0.000000,0,0,0.000000,0,0,0.000000,0,0.000000,0,0.000000,0,0.000000
1125,102.272727,1,1,0.864258,1,1,0.883301,1,0,0.000000,0,0,0.000000,0,0,0.000000,0,0.000000,0,0.000000,0,0.000000
1126,102.363636,1,1,0.867188,1,1,0.881836,1,0,0.000000,0,0,0.000000,0,0,0.000000,0,0.000000,0,0.000000,0,0.000000
1127,102.454545,1,1,0.807129,1,1,0.855957,1,0,0.000000,0,0,0.000000,0,0,0.000000,0,0.000000,0,0.000000,0,0.000000
1128,102.545455,1,1,0.808105,1,1,0.853516,1,0,0.000000,0,0,0.000000,0,0,0.000000,0,0.000000,0,0.000000,0,0.000000
1129,102.636364,1,1,0.791992,1,1,0.842285,1,0,0.000000,0,0,0.000000,0,0,0.000000,0,0.000000,0,0.000000,0,0.000000
1130,102.727273,1,1,0.791504,1,1,0.842285,1,0,0.000000,0,0,0.000000,0,0,0.000000,0,0.000000,0,0.000000,0,0.000000
1131,102.818182,1,1,0.826660,1,1,0.842285,1,0,0.000000,0,0,0.000000,0,0,0.000000,0,0.000000,0,0.000000,0,0.000000
1132,102.909091,1,1,0.846191,1,1,0.858887,1,0,0.000000,0,0,0.000000,0,0,0.000000,0,0.000000,0,0.000000,0,0.000000
1133,103.000000,1,1,0.889648,1,1,0.864746,1,0,0.000000,0,0,0.000000,0,0,0.000000,0,0.000000,0,0.000000,0,0.000000
1134,103.090909,1,1,0.864746,1,1,0.875977,1,0,0.000000,0,0,0.000000,0,0,0.000000,0,0.000000,0,0.000000,0,0.000000
1135,103.181818,1,1,0.861328,1,1,0.867188,1,0,0.000000,0,1,0.364746,1,0,0.000000,0,0.000000,0,0.000000,0,0.000000
1136,103.272727,1,1,0.843262,1,1,0.863281,1,0,0.000000,0,0,0.000000,0,0,0.000000,0,0.000000,0,0.000000,0,0.000000
1137,103.363636,1,1,0.796875,1,1,0.863281,1,0,0.000000,0,0,0.000000,0,0,0.000000,0,0.000000,0,0.000000,0,0.000000
1138,103.454545,1,1,0.798340,1,1,0.864746,1,0,0.000000,0,0,0.000000,0,0,0.000000,0,0.000000,0,0.000000,0,0.000000
1139,103.545455,1,1,0.835938,1,1,0.897461,1,0,0.000000,0,1,0.288818,1,0,0.000000,0,0.000000,0,0.000000,0,0.000000
1140,103.636364,1,1,0.748535,1,1,0.853516,1,0,0.000000,0,0,0.000000,0,0,0.000000,0,0.000000,0,0.000000,0,0.000000
1141,103.727273,1,1,0.761230,1,1,0.854980,1,0,0.000000,0,0,0.000000,0,0,0.000000,0,0.000000,0,0.000000,0,0.000000
1142,103.818182,1,1,0.621582,1,1,0.867676,1,0,0.000000,0,0,0.000000,0,0,0.000000,0,0.000000,0,0.000000,0,0.000000
1143,103.909091,1,1,0.655762,1,1,0.881348,1,0,0.000000,0,0,0.000000,0,0,0.000000,0,0.000000,0,0.000000,0,0.000000
1144,104.000000,1,1,0.535645,1,1,0.884277,1,0,0.000000,0,0,0.000000,0,0,0.000000,0,0.000000,0,0.000000,0,0.000000
1145,104.090909,1,1,0.443604,1,1,0.848145,1,0,0.000000,0,0,0.000000,0,0,0.000000,0,0.000000,0,0.000000,0,0.000000
1146,104.181818,1,1,0.708984,1,1,0.800781,1,0,0.000000,0,0,0.000000,0,0,0.000000,0,0.000000,0,0.000000,0,0.000000
1147,104.272727,1,1,0.616211,1,1,0.809082,1,1,0.354492,1,1,0.451904,1,0,0.000000,0,0.000000,0,0.000000,0,0.000000
1148,104.363636,1,1,0.621582,1,1,0.875000,1,0,0.000000,0,1,0.426025,1,0,0.000000,0,0.000000,0,0.000000,0,0.000000
1149,104.454545,1,1,0.625977,1,1,0.885742,1,0,0.000000,0,0,0.000000,0,0,0.000000,0,0.000000,0,0.000000,0,0.000000
1150,104.545455,1,1,0.537109,1,1,0.859863,1,0,0.000000,0,0,0.000000,0,0,0.000000,0,0.000000,0,0.000000,0,0.000000
1151,104.636364,1,0,0.000000,0,1,0.833984,1,0,0.000000,0,0,0.000000,0,0,0.000000,0,0.000000,0,0.000000,0,0.000000
1152,104.727273,1,0,0.000000,0,1,0.835449,1,0,0.000000,0,0,0.000000,0,0,0.000000,0,0.000000,0,0.000000,0,0.000000
1153,104.818182,1,0,0.000000,0,1,0.739746,1,0,0.000000,0,0,0.000000,0,0,0.000000,0,0.000000,0,0.000000,0,0.000000
1154,104.909091,1,0,0.000000,0,1,0.746582,1,0,0.000000,0,0,0.000000,0,0,0.000000,0,0.000000,0,0.000000,0,0.000000
1155,105.000000,1,0,0.000000,0,1,0.744629,1,0,0.000000,0,0,0.000000,0,0,0.000000,0,0.000000,0,0.000000,0,0.000000
1156,105.090909,1,0,0.000000,0,1,0.746582,1,0,0.000000,0,0,0.000000,0,0,0.000000,0,0.000000,0,0.000000,0,0.000000
1157,105.181818,1,0,0.000000,0,1,0.837402,1,0,0.000000,0,0,0.000000,0,0,0.000000,0,0.000000,0,0.000000,0,0.000000
1158,105.272727,1,0,0.000000,0,1,0.842773,1,0,0.000000,0,0,0.000000,0,0,0.000000,0,0.000000,0,0.000000,0,0.000000
1159,105.363636,1,0,0.000000,0,1,0.877441,1,0,0.000000,0,0,0.000000,0,0,0.000000,0,0.000000,0,0.000000,0,0.000000
1160,105.454545,1,1,0.330078,1,1,0.896484,1,0,0.000000,0,0,0.000000,0,0,0.000000,0,0.000000,0,0.000000,0,0.000000
1161,105.545455,1,1,0.335938,1,1,0.901367,1,0,0.000000,0,0,0.000000,0,0,0.000000,0,0.000000,0,0.000000,0,0.000000
1162,105.636364,1,0,0.000000,0,1,0.860352,1,0,0.000000,0,0,0.000000,0,0,0.000000,0,0.000000,0,0.000000,0,0.000000
1163,105.727273,1,0,0.000000,0,1,0.854004,1,0,0.000000,0,0,0.000000,0,0,0.000000,0,0.000000,0,0.000000,0,0.000000
1164,105.818182,1,0,0.000000,0,1,0.798340,1,0,0.000000,0,0,0.000000,0,0,0.000000,0,0.000000,0,0.000000,0,0.000000
1165,105.909091,1,1,0.424561,1,1,0.706543,1,0,0.000000,0,0,0.000000,0,0,0.000000,0,0.000000,0,0.000000,0,0.000000
1166,106.000000,1,1,0.373779,1,1,0.789062,1,0,0.000000,0,0,0.000000,0,0,0.000000,0,0.000000,0,0.000000,0,0.000000
1167,106.090909,1,1,0.382080,1,1,0.764160,1,0,0.000000,0,0,0.000000,0,0,0.000000,0,0.000000,0,0.000000,0,0.000000
1168,106.181818,1,1,0.376953,1,1,0.762695,1,0,0.000000,0,0,0.000000,0,0,0.000000,0,0.000000,0,0.000000,0,0.000000
1169,106.272727,1,1,0.541992,1,1,0.839844,1,0,0.000000,0,0,0.000000,0,0,0.000000,0,0.000000,0,0.000000,0,0.000000
1170,106.363636,1,1,0.322266,1,1,0.821777,1,0,0.000000,0,0,0.000000,0,0,0.000000,0,0.000000,0,0.000000,0,0.000000
1171,106.454545,1,1,0.325195,1,1,0.812500,1,0,0.000000,0,0,0.000000,0,0,0.000000,0,0.000000,0,0.000000,0,0.000000
1172,106.545455,1,1,0.253906,1,1,0.883301,1,0,0.000000,0,0,0.000000,0,0,0.000000,0,0.000000,0,0.000000,0,0.000000
1173,106.636364,1,0,0.000000,0,1,0.763672,1,0,0.000000,0,0,0.000000,0,0,0.000000,0,0.000000,0,0.000000,0,0.000000
1174,106.727273,1,0,0.000000,0,1,0.764648,1,0,0.000000,0,0,0.000000,0,0,0.000000,0,0.000000,0,0.000000,0,0.000000
1175,106.818182,1,1,0.329102,1,1,0.819336,1,0,0.000000,0,0,0.000000,0,0,0.000000,0,0.000000,0,0.000000,0,0.000000
1176,106.909091,1,1,0.559082,1,1,0.854980,1,0,0.000000,0,0,0.000000,0,0,0.000000,0,0.000000,0,0.000000,0,0.000000
1177,107.000000,1,1,0.556641,1,1,0.857422,1,0,0.000000,0,0,0.000000,0,0,0.000000,0,0.000000,0,0.000000,0,0.000000
1178,107.090909,1,1,0.591797,1,1,0.823730,1,0,0.000000,0,0,0.000000,0,0,0.000000,0,0.000000,0,0.000000,0,0.000000
1179,107.181818,1,1,0.650391,1,1,0.794922,1,0,0.000000,0,0,0.000000,0,0,0.000000,0,0.000000,0,0.000000,0,0.000000
1180,107.272727,1,1,0.636230,1,1,0.794922,1,0,0.000000,0,0,0.000000,0,0,0.000000,0,0.000000,0,0.000000,0,0.000000
1181,107.363636,1,1,0.751953,1,1,0.867188,1,0,0.000000,0,0,0.000000,0,0,0.000000,0,0.000000,0,0.000000,0,0.000000
1182,107.454545,1,1,0.533691,1,1,0.875000,1,0,0.000000,0,0,0.000000,0,0,0.000000,0,0.000000,0,0.000000,0,0.000000
1183,107.545455,1,1,0.638184,1,1,0.888184,1,0,0.000000,0,0,0.000000,0,0,0.000000,0,0.000000,0,0.000000,0,0.000000
1184,107.636364,1,1,0.846191,1,1,0.891113,1,0,0.000000,0,1,0.306885,1,0,0.000000,0,0.000000,0,0.000000,0,0.000000
1185,107.727273,1,1,0.736816,1,1,0.853516,1,0,0.000000,0,1,0.298584,1,0,0.000000,0,0.000000,0,0.000000,0,0.000000
1186,107.818182,1,1,0.703613,1,1,0.850586,1,0,0.000000,0,1,0.287354,1,0,0.000000,0,0.000000,0,0.000000,0,0.000000
1187,107.909091,1,1,0.759766,1,1,0.836426,1,0,0.000000,0,0,0.000000,0,0,0.000000,0,0.000000,0,0.000000,0,0.000000
1188,108.000000,1,1,0.568359,1,1,0.812500,1,0,0.000000,0,0,0.000000,0,0,0.000000,0,0.000000,0,0.000000,0,0.000000
1189,108.090909,1,1,0.593262,1,1,0.819336,1,0,0.000000,0,0,0.000000,0,0,0.000000,0,0.000000,0,0.000000,0,0.000000
1190,108.181818,1,1,0.383789,1,1,0.832031,1,0,0.000000,0,1,0.286865,1,0,0.000000,0,0.000000,0,0.000000,0,0.000000
1191,108.272727,1,1,0.558105,1,1,0.840820,1,0,0.000000,0,1,0.268555,1,0,0.000000,0,0.000000,0,0.000000,0,0.000000
1192,108.363636,1,1,0.718750,1,1,0.835449,1,0,0.000000,0,2,0.261719,1,0,0.000000,0,0.000000,0,0.000000,0,0.000000
1193,108.454545,1,1,0.629883,1,1,0.844727,1,0,0.000000,0,1,0.365723,1,0,0.000000,0,0.000000,0,0.000000,0,0.000000
1194,108.545455,1,1,0.633301,1,1,0.842773,1,0,0.000000,0,1,0.398193,1,0,0.000000,0,0.000000,0,0.000000,0,0.000000
1195,108.636364,1,1,0.537109,1,1,0.870605,1,0,0.000000,0,2,0.359131,1,0,0.000000,0,0.000000,0,0.000000,0,0.000000
1196,108.727273,1,1,0.459717,1,1,0.879883,1,0,0.000000,0,2,0.412842,1,0,0.000000,0,0.000000,0,0.000000,0,0.000000
1197,108.818182,1,1,0.495117,1,1,0.880371,1,0,0.000000,0,2,0.429443,1,0,0.000000,0,0.000000,0,0.000000,0,0.000000
1198,108.909091,1,1,0.857422,1,1,0.852539,1,0,0.000000,0,2,0.432373,1,0,0.000000,0,0.000000,0,0.000000,0,0.000000
1199,109.000000,1,1,0.842285,1,1,0.850586,1,0,0.000000,0,2,0.545898,1,0,0.000000,0,0.000000,0,0.000000,0,0.000000
1200,109.090909,1,1,0.855469,1,1,0.855469,1,0,0.000000,0,1,0.520020,1,0,0.000000,0,0.000000,0,0.000000,0,0.000000
1201,109.181818,1,1,0.856934,1,1,0.856934,1,0,0.000000,0,1,0.516602,1,0,0.000000,0,0.000000,0,0.000000,0,0.000000
1202,109.272727,1,1,0.861328,1,1,0.856934,1,0,0.000000,0,1,0.510254,1,0,0.000000,0,0.000000,0,0.000000,0,0.000000
1203,109.363636,1,1,0.907715,1,1,0.853516,1,0,0.000000,0,1,0.406982,1,0,0.000000,0,0.000000,0,0.000000,0,0.000000
1204,109.454545,1,1,0.899902,1,1,0.854980,1,0,0.000000,0,1,0.333740,1,0,0.000000,0,0.000000,0,0.000000,0,0.000000
1205,109.545455,1,1,0.894531,1,1,0.861328,1,0,0.000000,0,1,0.325439,1,0,0.000000,0,0.000000,0,0.000000,0,0.000000
1206,109.636364,1,1,0.892578,1,1,0.858887,1,0,0.000000,0,1,0.282959,1,0,0.000000,0,0.000000,0,0.000000,0,0.000000
1207,109.727273,1,1,0.890625,1,1,0.864746,1,0,0.000000,0,1,0.289307,1,0,0.000000,0,0.000000,0,0.000000,0,0.000000
1208,109.818182,1,1,0.883301,1,1,0.859863,1,0,0.000000,0,2,0.299072,1,0,0.000000,0,0.000000,0,0.000000,0,0.000000
1209,109.909091,1,1,0.882812,1,1,0.855957,1,0,0.000000,0,2,0.306396,1,0,0.000000,0,0.000000,0,0.000000,0,0.000000
1210,110.000000,1,1,0.810547,1,1,0.864746,1,0,0.000000,0,2,0.349854,1,0,0.000000,0,0.000000,0,0.000000,0,0.000000
1211,110.090909,1,1,0.810059,1,1,0.865723,1,0,0.000000,0,2,0.343506,1,0,0.000000,0,0.000000,0,0.000000,0,0.000000
1212,110.181818,1,1,0.811523,1,1,0.870117,1,0,0.000000,0,2,0.351074,1,0,0.000000,0,0.000000,0,0.000000,0,0.000000
1213,110.272727,1,1,0.832520,1,1,0.870605,1,0,0.000000,0,2,0.393799,1,0,0.000000,0,0.000000,0,0.000000,0,0.000000
1214,110.363636,1,1,0.847168,1,1,0.867676,1,0,0.000000,0,2,0.314941,1,0,0.000000,0,0.000000,0,0.000000,0,0.000000
1215,110.454545,1,1,0.836426,1,1,0.868652,1,0,0.000000,0,2,0.318115,1,0,0.000000,0,0.000000,0,0.000000,0,0.000000
1216,110.545455,1,1,0.799316,1,1,0.873047,1,0,0.000000,0,2,0.307373,1,0,0.000000,0,0.000000,0,0.000000,0,0.000000
1217,110.636364,1,1,0.839355,1,1,0.863281,1,0,0.000000,0,2,0.388672,1,0,0.000000,0,0.000000,0,0.000000,0,0.000000
1218,110.727273,1,1,0.835938,1,1,0.861816,1,0,0.000000,0,2,0.399170,1,0,0.000000,0,0.000000,0,0.000000,0,0.000000
1219,110.818182,1,1,0.834473,1,1,0.851074,1,0,0.000000,0,2,0.407715,1,0,0.000000,0,0.000000,0,0.000000,0,0.000000
1220,110.909091,1,1,0.807617,1,1,0.840820,1,0,0.000000,0,2,0.395264,1,0,0.000000,0,0.000000,0,0.000000,0,0.000000
1221,111.000000,1,1,0.810059,1,1,0.844727,1,0,0.000000,0,2,0.404541,1,0,0.000000,0,0.000000,0,0.000000,0,0.000000
1222,111.090909,1,1,0.842773,1,1,0.854980,1,0,0.000000,0,2,0.351074,1,0,0.000000,0,0.000000,0,0.000000,0,0.000000
1223,111.181818,1,1,0.835449,1,1,0.853516,1,0,0.000000,0,2,0.367188,1,0,0.000000,0,0.000000,0,0.000000,0,0.000000
1224,111.272727,1,1,0.833008,1,1,0.849609,1,0,0.000000,0,2,0.371582,1,0,0.000000,0,0.000000,0,0.000000,0,0.000000
1225,111.363636,1,1,0.839355,1,1,0.845703,1,0,0.000000,0,2,0.366455,1,0,0.000000,0,0.000000,0,0.000000,0,0.000000
1226,111.454545,1,1,0.840820,1,1,0.844238,1,0,0.000000,0,2,0.370850,1,0,0.000000,0,0.000000,0,0.000000,0,0.000000
1227,111.545455,1,1,0.840820,1,1,0.852051,1,0,0.000000,0,2,0.360596,1,0,0.000000,0,0.000000,0,0.000000,0,0.000000
1228,111.636364,1,1,0.831055,1,1,0.842773,1,0,0.000000,0,2,0.382568,1,0,0.000000,0,0.000000,0,0.000000,0,0.000000
1229,111.727273,1,1,0.829102,1,1,0.847656,1,0,0.000000,0,2,0.384033,1,0,0.000000,0,0.000000,0,0.000000,0,0.000000
1230,111.818182,1,1,0.811523,1,1,0.839844,1,0,0.000000,0,2,0.383057,1,0,0.000000,0,0.000000,0,0.000000,0,0.000000
1231,111.909091,1,1,0.814453,1,1,0.837891,1,0,0.000000,0,2,0.396484,1,0,0.000000,0,0.000000,0,0.000000,0,0.000000
1232,112.000000,1,1,0.808105,1,1,0.837891,1,0,0.000000,0,2,0.392090,1,0,0.000000,0,0.000000,0,0.000000,0,0.000000
1233,112.090909,1,1,0.825684,1,1,0.833984,1,0,0.000000,0,2,0.383057,1,0,0.000000,0,0.000000,0,0.000000,0,0.000000
1234,112.181818,1,1,0.830566,1,1,0.837891,1,0,0.000000,0,2,0.380859,1,0,0.000000,0,0.000000,0,0.000000,0,0.000000
1235,112.272727,1,1,0.873047,1,1,0.848145,1,0,0.000000,0,2,0.404541,1,0,0.000000,0,0.000000,0,0.000000,0,0.000000
1236,112.363636,1,1,0.876953,1,1,0.846191,1,0,0.000000,0,2,0.385010,1,0,0.000000,0,0.000000,0,0.000000,0,0.000000
1237,112.454545,1,1,0.889648,1,1,0.850586,1,0,0.000000,0,2,0.380615,1,0,0.000000,0,0.000000,0,0.000000,0,0.000000
1238,112.545455,1,1,0.888184,1,1,0.854004,1,0,0.000000,0,2,0.387695,1,0,0.000000,0,0.000000,0,0.000000,0,0.000000
1239,112.636364,1,1,0.863281,1,1,0.839355,1,0,0.000000,0,2,0.405273,1,0,0.000000,0,0.000000,0,0.000000,0,0.000000
1240,112.727273,1,1,0.854980,1,1,0.839844,1,0,0.000000,0,2,0.432129,1,0,0.000000,0,0.000000,0,0.000000,0,0.000000
1241,112.818182,1,1,0.842773,1,1,0.835938,1,0,0.000000,0,2,0.411865,1,0,0.000000,0,0.000000,0,0.000000,0,0.000000
1242,112.909091,1,1,0.833984,1,1,0.834473,1,0,0.000000,0,2,0.414795,1,0,0.000000,0,0.000000,0,0.000000,0,0.000000
1243,113.000000,1,1,0.840820,1,1,0.840820,1,0,0.000000,0,2,0.427490,1,0,0.000000,0,0.000000,0,0.000000,0,0.000000
1244,113.090909,1,1,0.864258,1,1,0.849121,1,0,0.000000,0,2,0.424561,1,0,0.000000,0,0.000000,0,0.000000,0,0.000000
1245,113.181818,1,1,0.846191,1,1,0.842773,1,0,0.000000,0,2,0.416992,1,0,0.000000,0,0.000000,0,0.000000,0,0.000000
1246,113.272727,1,1,0.842773,1,1,0.843262,1,0,0.000000,0,2,0.397461,1,0,0.000000,0,0.000000,0,0.000000,0,0.000000
1247,113.363636,1,1,0.853516,1,1,0.835449,1,0,0.000000,0,2,0.409668,1,0,0.000000,0,0.000000,0,0.000000,0,0.000000
1248,113.454545,1,1,0.854004,1,1,0.836426,1,0,0.000000,0,2,0.412354,1,0,0.000000,0,0.000000,0,0.000000,0,0.000000
1249,113.545455,1,1,0.892578,1,1,0.854980,1,0,0.000000,0,2,0.419678,1,0,0.000000,0,0.000000,0,0.000000,0,0.000000
1250,113.636364,1,1,0.897461,1,1,0.855469,1,0,0.000000,0,3,0.424561,1,0,0.000000,0,0.000000,0,0.000000,0,0.000000
1251,113.727273,1,1,0.892578,1,1,0.854980,1,0,0.000000,0,2,0.424805,1,0,0.000000,0,0.000000,0,0.000000,0,0.000000
1252,113.818182,1,1,0.897461,1,1,0.854004,1,0,0.000000,0,2,0.374268,1,0,0.000000,0,0.000000,0,0.000000,0,0.000000
1253,113.909091,1,1,0.894531,1,1,0.839355,1,0,0.000000,0,2,0.365967,1,0,0.000000,0,0.000000,0,0.000000,0,0.000000
1254,114.000000,1,1,0.893555,1,1,0.797363,1,0,0.000000,0,2,0.380859,1,0,0.000000,0,0.000000,0,0.000000,0,0.000000
1255,114.090909,1,1,0.867676,1,1,0.825195,1,0,0.000000,0,2,0.352539,1,0,0.000000,0,0.000000,0,0.000000,0,0.000000
1256,114.181818,1,1,0.872070,1,1,0.836426,1,0,0.000000,0,2,0.375977,1,0,0.000000,0,0.000000,0,0.000000,0,0.000000
1257,114.272727,1,1,0.904785,1,1,0.842285,1,0,0.000000,0,2,0.347412,1,0,0.000000,0,0.000000,0,0.000000,0,0.000000
1258,114.363636,1,1,0.890625,1,1,0.861816,1,0,0.000000,0,2,0.393799,1,0,0.000000,0,0.000000,0,0.000000,0,0.000000
1259,114.454545,1,1,0.898926,1,1,0.864746,1,0,0.000000,0,2,0.387207,1,0,0.000000,0,0.000000,0,0.000000,0,0.000000
1260,114.545455,1,1,0.843262,1,1,0.839844,1,0,0.000000,0,2,0.461182,1,0,0.000000,0,0.000000,0,0.000000,0,0.000000
1261,114.636364,1,1,0.828613,1,1,0.837891,1,0,0.000000,0,2,0.372070,1,0,0.000000,0,0.000000,0,0.000000,0,0.000000
1262,114.727273,1,1,0.809570,1,1,0.831055,1,0,0.000000,0,2,0.378662,1,0,0.000000,0,0.000000,0,0.000000,0,0.000000
1263,114.818182,1,1,0.841309,1,1,0.828613,1,0,0.000000,0,2,0.392578,1,0,0.000000,0,0.000000,0,0.000000,0,0.000000
1264,114.909091,1,1,0.828613,1,1,0.839355,1,0,0.000000,0,2,0.360596,1,0,0.000000,0,0.000000,0,0.000000,0,0.000000
1265,115.000000,1,1,0.864746,1,1,0.837891,1,0,0.000000,0,2,0.369385,1,0,0.000000,0,0.000000,0,0.000000,0,0.000000
1266,115.090909,1,1,0.811523,1,1,0.835938,1,0,0.000000,0,1,0.338135,1,0,0.000000,0,0.000000,0,0.000000,0,0.000000
1267,115.181818,1,1,0.842285,1,1,0.839844,1,0,0.000000,0,2,0.272949,1,0,0.000000,0,0.000000,0,0.000000,0,0.000000
1268,115.272727,1,1,0.837891,1,1,0.838867,1,0,0.000000,0,2,0.292480,1,0,0.000000,0,0.000000,0,0.000000,0,0.000000
1269,115.363636,1,1,0.847656,1,1,0.849609,1,0,0.000000,0,2,0.304932,1,0,0.000000,0,0.000000,0,0.000000,0,0.000000
1270,115.454545,1,1,0.873535,1,1,0.864258,1,0,0.000000,0,2,0.320312,1,0,0.000000,0,0.000000,0,0.000000,0,0.000000
1271,115.545455,1,1,0.878418,1,1,0.859863,1,0,0.000000,0,1,0.266846,1,0,0.000000,0,0.000000,0,0.000000,0,0.000000
1272,115.636364,1,1,0.849609,1,1,0.861816,1,0,0.000000,0,2,0.377930,1,0,0.000000,0,0.000000,0,0.000000,0,0.000000
1273,115.727273,1,1,0.864746,1,1,0.874512,1,0,0.000000,0,2,0.363037,1,0,0.000000,0,0.000000,0,0.000000,0,0.000000
1274,115.818182,1,1,0.823730,1,1,0.873047,1,0,0.000000,0,2,0.418213,1,0,0.000000,0,0.000000,0,0.000000,0,0.000000
1275,115.909091,1,1,0.716797,1,1,0.863281,1,0,0.000000,0,2,0.359131,1,0,0.000000,0,0.000000,0,0.000000,0,0.000000
1276,116.000000,1,1,0.754395,1,1,0.850586,1,0,0.000000,0,2,0.340820,1,0,0.000000,0,0.000000,0,0.000000,0,0.000000
1277,116.090909,1,1,0.742676,1,1,0.845703,1,0,0.000000,0,1,0.343506,1,0,0.000000,0,0.000000,0,0.000000,0,0.000000
1278,116.181818,1,1,0.746582,1,1,0.841309,1,0,0.000000,0,2,0.315186,1,0,0.000000,0,0.000000,0,0.000000,0,0.000000
1279,116.272727,1,1,0.739746,1,1,0.843262,1,0,0.000000,0,2,0.313965,1,0,0.000000,0,0.000000,0,0.000000,0,0.000000
1280,116.363636,1,1,0.734863,1,1,0.846191,1,0,0.000000,0,1,0.322998,1,0,0.000000,0,0.000000,0,0.000000,0,0.000000
1281,116.454545,1,1,0.729492,1,1,0.832520,1,0,0.000000,0,1,0.319824,1,0,0.000000,0,0.000000,0,0.000000,0,0.000000
1282,116.545455,1,1,0.714355,1,1,0.840820,1,0,0.000000,0,2,0.332764,1,0,0.000000,0,0.000000,0,0.000000,0,0.000000
1283,116.636364,1,1,0.722168,1,1,0.861816,1,0,0.000000,0,2,0.317871,1,0,0.000000,0,0.000000,0,0.000000,0,0.000000
1284,116.727273,1,1,0.757324,1,1,0.858887,1,0,0.000000,0,2,0.343750,1,0,0.000000,0,0.000000,0,0.000000,0,0.000000
1285,116.818182,1,1,0.725098,1,1,0.855957,1,0,0.000000,0,2,0.424072,1,0,0.000000,0,0.000000,0,0.000000,0,0.000000
1286,116.909091,1,1,0.772461,1,1,0.833984,1,0,0.000000,0,2,0.368896,1,0,0.000000,0,0.000000,0,0.000000,0,0.000000
1287,117.000000,1,1,0.774414,1,1,0.855469,1,0,0.000000,0,2,0.400635,1,0,0.000000,0,0.000000,0,0.000000,0,0.000000
1288,117.090909,1,1,0.753906,1,1,0.867188,1,0,0.000000,0,2,0.372070,1,0,0.000000,0,0.000000,0,0.000000,0,0.000000
1289,117.181818,1,1,0.760254,1,1,0.879883,1,0,0.000000,0,2,0.409668,1,0,0.000000,0,0.000000,0,0.000000,0,0.000000
1290,117.272727,1,1,0.810547,1,1,0.870605,1,0,0.000000,0,1,0.333008,1,0,0.000000,0,0.000000,0,0.000000,0,0.000000
1291,117.363636,1,1,0.825195,1,1,0.854004,1,0,0.000000,0,1,0.317871,1,0,0.000000,0,0.000000,0,0.000000,0,0.000000
1292,117.454545,1,1,0.867676,1,1,0.840820,1,0,0.000000,0,1,0.389648,1,0,0.000000,0,0.000000,0,0.000000,0,0.000000
1293,117.545455,1,1,0.866211,1,1,0.847656,1,0,0.000000,0,2,0.365723,1,0,0.000000,0,0.000000,0,0.000000,0,0.000000
1294,117.636364,1,1,0.880371,1,1,0.843262,1,0,0.000000,0,1,0.391357,1,0,0.000000,0,0.000000,0,0.000000,0,0.000000
1295,117.727273,1,1,0.875000,1,1,0.847656,1,0,0.000000,0,1,0.409668,1,0,0.000000,0,0.000000,0,0.000000,0,0.000000
1296,117.818182,1,1,0.887207,1,1,0.844238,1,0,0.000000,0,3,0.410645,1,0,0.000000,0,0.000000,0,0.000000,0,0.000000
1297,117.909091,1,1,0.837402,1,1,0.824707,1,0,0.000000,0,3,0.434326,1,0,0.000000,0,0.000000,0,0.000000,0,0.000000
1298,118.000000,1,1,0.842285,1,1,0.832520,1,0,0.000000,0,3,0.495605,1,0,0.000000,0,0.000000,0,0.000000,0,0.000000
1299,118.090909,1,1,0.842285,1,1,0.832031,1,0,0.000000,0,3,0.510254,1,0,0.000000,0,0.000000,0,0.000000,0,0.000000
1300,118.181818,1,1,0.791504,1,1,0.836426,1,0,0.000000,0,3,0.526367,1,0,0.000000,0,0.000000,0,0.000000,0,0.000000
1301,118.272727,1,1,0.816406,1,1,0.837891,1,0,0.000000,0,3,0.568359,1,0,0.000000,0,0.000000,0,0.000000,0,0.000000
1302,118.363636,1,1,0.781250,1,1,0.855957,1,0,0.000000,0,2,0.619629,1,0,0.000000,0,0.000000,0,0.000000,0,0.000000
1303,118.454545,1,1,0.792480,1,1,0.845703,1,0,0.000000,0,2,0.591797,1,0,0.000000,0,0.000000,0,0.000000,0,0.000000
1304,118.545455,1,1,0.796387,1,1,0.850586,1,0,0.000000,0,2,0.589355,1,0,0.000000,0,0.000000,0,0.000000,0,0.000000
1305,118.636364,1,1,0.743164,1,1,0.852539,1,0,0.000000,0,3,0.462891,1,0,0.000000,0,0.000000,0,0.000000,0,0.000000
1306,118.727273,1,1,0.725586,1,1,0.820312,1,0,0.000000,0,3,0.478516,1,0,0.000000,0,0.000000,0,0.000000,0,0.000000
1307,118.818182,1,1,0.742188,1,1,0.818359,1,0,0.000000,0,3,0.480225,1,0,0.000000,0,0.000000,0,0.000000,0,0.000000
1308,118.909091,1,1,0.748047,1,1,0.840820,1,0,0.000000,0,3,0.449951,1,0,0.000000,0,0.000000,0,0.000000,0,0.000000
1309,119.000000,1,1,0.671875,1,1,0.829102,1,0,0.000000,0,3,0.465576,1,0,0.000000,0,0.000000,0,0.000000,0,0.000000
1310,119.090909,1,1,0.671875,1,1,0.849609,1,0,0.000000,0,2,0.458252,1,0,0.000000,0,0.000000,0,0.000000,0,0.000000
1311,119.181818,1,1,0.717773,1,1,0.858887,1,0,0.000000,0,2,0.465576,1,0,0.000000,0,0.000000,0,0.000000,0,0.000000
1312,119.272727,1,1,0.798340,1,1,0.851074,1,0,0.000000,0,2,0.475342,1,0,0.000000,0,0.000000,0,0.000000,0,0.000000
1313,119.363636,1,1,0.831055,1,1,0.854004,1,0,0.000000,0,3,0.476807,1,0,0.000000,0,0.000000,0,0.000000,0,0.000000
1314,119.454545,1,1,0.802734,1,1,0.860352,1,0,0.000000,0,3,0.489014,1,0,0.000000,0,0.000000,0,0.000000,0,0.000000
1315,119.545455,1,1,0.806152,1,1,0.862793,1,0,0.000000,0,3,0.497070,1,0,0.000000,0,0.000000,0,0.000000,0,0.000000
1316,119.636364,1,1,0.815430,1,1,0.859863,1,0,0.000000,0,3,0.626953,1,0,0.000000,0,0.000000,0,0.000000,0,0.000000
1317,119.727273,1,1,0.833984,1,1,0.849121,1,0,0.000000,0,3,0.620605,1,0,0.000000,0,0.000000,0,0.000000,0,0.000000
1318,119.818182,1,1,0.860352,1,1,0.827148,1,0,0.000000,0,3,0.513184,1,0,0.000000,0,0.000000,0,0.000000,0,0.000000
1319,119.909091,1,1,0.862793,1,1,0.829590,1,0,0.000000,0,3,0.520020,1,0,0.000000,0,0.000000,0,0.000000,0,0.000000
1320,120.000000,1,1,0.907715,1,1,0.836426,1,0,0.000000,0,2,0.362305,1,0,0.000000,0,0.000000,0,0.000000,0,0.000000
1321,120.090909,1,1,0.907227,1,1,0.850586,1,0,0.000000,0,0,0.000000,0,0,0.000000,0,0.000000,0,0.000000,0,0.000000
1322,120.181818,1,1,0.881348,1,1,0.855469,1,0,0.000000,0,0,0.000000,0,0,0.000000,0,0.000000,0,0.000000,0,0.000000
1323,120.272727,1,1,0.881836,1,1,0.852051,1,0,0.000000,0,0,0.000000,0,0,0.000000,0,0.000000,0,0.000000,0,0.000000
1324,120.363636,1,1,0.788086,1,1,0.853516,1,0,0.000000,0,0,0.000000,0,0,0.000000,0,0.000000,0,0.000000,0,0.000000
1325,120.454545,1,1,0.793945,1,1,0.857422,1,0,0.000000,0,0,0.000000,0,0,0.000000,0,0.000000,0,0.000000,0,0.000000
1326,120.545455,1,1,0.620605,1,1,0.847168,1,0,0.000000,0,0,0.000000,0,0,0.000000,0,0.000000,0,0.000000,0,0.000000
1327,120.636364,1,1,0.723633,1,1,0.846191,1,0,0.000000,0,1,0.316406,1,0,0.000000,0,0.000000,0,0.000000,0,0.000000
1328,120.727273,1,1,0.727051,1,1,0.846191,1,0,0.000000,0,1,0.316162,1,0,0.000000,0,0.000000,0,0.000000,0,0.000000
1329,120.818182,1,1,0.773438,1,1,0.895996,1,0,0.000000,0,2,0.472656,1,0,0.000000,0,0.000000,0,0.000000,0,0.000000
1330,120.909091,1,1,0.769531,1,1,0.894531,1,0,0.000000,0,2,0.474854,1,0,0.000000,0,0.000000,0,0.000000,0,0.000000
1331,121.000000,1,1,0.647461,1,1,0.888184,1,0,0.000000,0,2,0.535156,1,0,0.000000,0,0.000000,0,0.000000,0,0.000000
1332,121.090909,1,1,0.495117,1,1,0.811523,1,0,0.000000,0,1,0.507324,1,0,0.000000,0,0.000000,0,0.000000,0,0.000000
1333,121.181818,1,1,0.640137,1,1,0.878418,1,0,0.000000,0,1,0.528320,1,0,0.000000,0,0.000000,0,0.000000,0,0.000000
1334,121.272727,1,1,0.463867,1,1,0.836426,1,0,0.000000,0,1,0.510742,1,0,0.000000,0,0.000000,0,0.000000,0,0.000000
1335,121.363636,1,1,0.478516,1,1,0.881836,1,0,0.000000,0,1,0.398682,1,0,0.000000,0,0.000000,0,0.000000,0,0.000000
1336,121.454545,1,1,0.684570,1,1,0.865723,1,0,0.000000,0,1,0.314209,1,0,0.000000,0,0.000000,0,0.000000,0,0.000000
1337,121.545455,1,1,0.494629,1,1,0.907227,1,0,0.000000,0,1,0.334229,1,0,0.000000,0,0.000000,0,0.000000,0,0.000000
1338,121.636364,1,1,0.489502,1,1,0.872070,1,0,0.000000,0,1,0.343506,1,0,0.000000,0,0.000000,0,0.000000,0,0.000000
1339,121.727273,1,1,0.506836,1,1,0.873047,1,0,0.000000,0,1,0.337158,1,0,0.000000,0,0.000000,0,0.000000,0,0.000000
1340,121.818182,1,1,0.350586,1,1,0.755371,1,0,0.000000,0,1,0.331299,1,0,0.000000,0,0.000000,0,0.000000,0,0.000000
1341,121.909091,1,1,0.268799,1,1,0.744629,1,0,0.000000,0,1,0.343506,1,0,0.000000,0,0.000000,0,0.000000,0,0.000000
1342,122.000000,1,1,0.268799,1,1,0.747070,1,0,0.000000,0,1,0.342285,1,0,0.000000,0,0.000000,0,0.000000,0,0.000000
1343,122.090909,1,1,0.460449,1,1,0.766602,1,0,0.000000,0,1,0.316406,1,0,0.000000,0,0.000000,0,0.000000,0,0.000000
1344,122.181818,1,1,0.441406,1,1,0.823730,1,0,0.000000,0,1,0.305420,1,0,0.000000,0,0.000000,0,0.000000,0,0.000000
1345,122.272727,1,1,0.438477,1,1,0.855469,1,0,0.000000,0,1,0.411621,1,0,0.000000,0,0.000000,0,0.000000,0,0.000000
1346,122.363636,1,1,0.437988,1,1,0.832520,1,0,0.000000,0,1,0.560547,1,0,0.000000,0,0.000000,0,0.000000,0,0.000000
1347,122.454545,1,1,0.446045,1,1,0.837891,1,0,0.000000,0,1,0.554199,1,0,0.000000,0,0.000000,0,0.000000,0,0.000000
1348,122.545455,1,1,0.569336,1,1,0.949707,1,0,0.000000,0,2,0.433105,1,0,0.000000,0,0.000000,0,0.000000,0,0.000000
1349,122.636364,1,1,0.691895,1,1,0.943848,1,0,0.000000,0,1,0.424072,1,0,0.000000,0,0.000000,0,0.000000,0,0.000000
1350,122.727273,1,1,0.843262,1,1,0.907715,1,0,0.000000,0,0,0.000000,0,0,0.000000,0,0.000000,0,0.000000,0,0.000000
1351,122.818182,1,1,0.843262,1,1,0.907227,1,0,0.000000,0,0,0.000000,0,0,0.000000,0,0.000000,0,0.000000,0,0.000000
1352,122.909091,1,1,0.692871,1,1,0.865723,1,0,0.000000,0,0,0.000000,0,0,0.000000,0,0.000000,0,0.000000,0,0.000000
1353,123.000000,1,1,0.722168,1,1,0.841309,1,0,0.000000,0,0,0.000000,0,0,0.000000,0,0.000000,0,0.000000,0,0.000000
1354,123.090909,1,1,0.772949,1,1,0.832031,1,0,0.000000,0,0,0.000000,0,0,0.000000,0,0.000000,0,0.000000,0,0.000000
1355,123.181818,1,1,0.787109,1,1,0.872070,1,0,0.000000,0,0,0.000000,0,0,0.000000,0,0.000000,0,0.000000,0,0.000000
1356,123.272727,1,1,0.911133,1,1,0.869141,1,0,0.000000,0,0,0.000000,0,0,0.000000,0,0.000000,0,0.000000,0,0.000000
1357,123.363636,1,1,0.885254,1,1,0.864258,1,0,0.000000,0,2,0.364990,1,0,0.000000,0,0.000000,0,0.000000,0,0.000000
1358,123.454545,1,1,0.878906,1,1,0.889648,1,0,0.000000,0,1,0.633301,1,0,0.000000,0,0.000000,0,0.000000,0,0.000000
1359,123.545455,1,1,0.887207,1,1,0.823730,1,0,0.000000,0,2,0.319092,1,0,0.000000,0,0.000000,0,0.000000,0,0.000000
1360,123.636364,1,1,0.877441,1,1,0.825684,1,0,0.000000,0,2,0.409180,1,0,0.000000,0,0.000000,0,0.000000,0,0.000000
1361,123.727273,1,1,0.866211,1,1,0.829590,1,0,0.000000,0,1,0.387207,1,0,0.000000,0,0.000000,0,0.000000,0,0.000000
1362,123.818182,1,1,0.868652,1,1,0.832520,1,0,0.000000,0,1,0.388184,1,0,0.000000,0,0.000000,0,0.000000,0,0.000000
1363,123.909091,1,1,0.855469,1,1,0.848145,1,0,0.000000,0,1,0.371826,1,0,0.000000,0,0.000000,0,0.000000,0,0.000000
1364,124.000000,1,1,0.911133,1,1,0.861328,1,0,0.000000,0,0,0.000000,0,0,0.000000,0,0.000000,0,0.000000,0,0.000000
1365,124.090909,1,1,0.913574,1,1,0.859863,1,0,0.000000,0,0,0.000000,0,0,0.000000,0,0.000000,0,0.000000,0,0.000000
1366,124.181818,1,1,0.855957,1,1,0.861328,1,0,0.000000,0,0,0.000000,0,0,0.000000,0,0.000000,0,0.000000,0,0.000000
1367,124.272727,1,1,0.708496,1,1,0.817871,1,0,0.000000,0,1,0.292969,1,0,0.000000,0,0.000000,0,0.000000,0,0.000000
1368,124.363636,1,1,0.820312,1,1,0.829102,1,0,0.000000,0,0,0.000000,0,0,0.000000,0,0.000000,0,0.000000,0,0.000000
1369,124.454545,1,1,0.819824,1,1,0.824707,1,1,0.257812,1,0,0.000000,0,0,0.000000,0,0.000000,0,0.000000,0,0.000000
1370,124.545455,1,1,0.812012,1,1,0.819824,1,0,0.000000,0,0,0.000000,0,0,0.000000,0,0.000000,0,0.000000,0,0.000000
1371,124.636364,1,1,0.835449,1,1,0.835938,1,1,0.279785,1,0,0.000000,0,0,0.000000,0,0.000000,0,0.000000,0,0.000000
1372,124.727273,1,1,0.767578,1,1,0.870605,1,0,0.000000,0,0,0.000000,0,0,0.000000,0,0.000000,0,0.000000,0,0.000000
1373,124.818182,1,1,0.635254,1,1,0.864258,1,0,0.000000,0,0,0.000000,0,0,0.000000,0,0.000000,0,0.000000,0,0.000000
1374,124.909091,1,1,0.729492,1,1,0.815430,1,0,0.000000,0,0,0.000000,0,0,0.000000,0,0.000000,0,0.000000,0,0.000000
1375,125.000000,1,1,0.659180,1,1,0.858887,1,0,0.000000,0,0,0.000000,0,0,0.000000,0,0.000000,0,0.000000,0,0.000000
1376,125.090909,1,0,0.000000,0,1,0.828613,1,0,0.000000,0,0,0.000000,0,0,0.000000,0,0.000000,0,0.000000,0,0.000000
1377,125.181818,1,0,0.000000,0,1,0.829102,1,0,0.000000,0,0,0.000000,0,0,0.000000,0,0.000000,0,0.000000,0,0.000000
1378,125.272727,1,0,0.000000,0,1,0.833008,1,0,0.000000,0,0,0.000000,0,0,0.000000,0,0.000000,0,0.000000,0,0.000000
1379,125.363636,1,0,0.000000,0,1,0.800781,1,0,0.000000,0,0,0.000000,0,0,0.000000,0,0.000000,0,0.000000,0,0.000000
1380,125.454545,1,0,0.000000,0,1,0.829590,1,0,0.000000,0,0,0.000000,0,0,0.000000,0,0.000000,0,0.000000,0,0.000000
1381,125.545455,1,0,0.000000,0,1,0.871582,1,0,0.000000,0,0,0.000000,0,0,0.000000,0,0.000000,0,0.000000,0,0.000000
1382,125.636364,1,0,0.000000,0,1,0.835449,1,0,0.000000,0,0,0.000000,0,0,0.000000,0,0.000000,0,0.000000,0,0.000000
1383,125.727273,1,0,0.000000,0,1,0.833984,1,0,0.000000,0,0,0.000000,0,0,0.000000,0,0.000000,0,0.000000,0,0.000000
1384,125.818182,1,0,0.000000,0,1,0.885254,1,0,0.000000,0,0,0.000000,0,0,0.000000,0,0.000000,0,0.000000,0,0.000000
1385,125.909091,1,0,0.000000,0,1,0.878418,1,0,0.000000,0,0,0.000000,0,0,0.000000,0,0.000000,0,0.000000,0,0.000000
1386,126.000000,1,0,0.000000,0,1,0.881348,1,0,0.000000,0,0,0.000000,0,0,0.000000,0,0.000000,0,0.000000,0,0.000000
1387,126.090909,1,0,0.000000,0,1,0.845703,1,0,0.000000,0,0,0.000000,0,0,0.000000,0,0.000000,0,0.000000,0,0.000000
1388,126.181818,1,0,0.000000,0,1,0.854004,1,0,0.000000,0,0,0.000000,0,0,0.000000,0,0.000000,0,0.000000,0,0.000000
1389,126.272727,1,0,0.000000,0,1,0.854980,1,0,0.000000,0,0,0.000000,0,0,0.000000,0,0.000000,0,0.000000,0,0.000000
1390,126.363636,1,1,0.278320,1,1,0.880371,1,0,0.000000,0,0,0.000000,0,0,0.000000,0,0.000000,0,0.000000,0,0.000000
1391,126.454545,1,0,0.000000,0,1,0.821777,1,0,0.000000,0,0,0.000000,0,0,0.000000,0,0.000000,0,0.000000,0,0.000000
1392,126.545455,1,0,0.000000,0,1,0.821777,1,0,0.000000,0,0,0.000000,0,0,0.000000,0,0.000000,0,0.000000,0,0.000000
1393,126.636364,1,0,0.000000,0,1,0.767578,1,0,0.000000,0,0,0.000000,0,0,0.000000,0,0.000000,0,0.000000,0,0.000000
1394,126.727273,1,0,0.000000,0,1,0.803223,1,0,0.000000,0,0,0.000000,0,0,0.000000,0,0.000000,0,0.000000,0,0.000000
1395,126.818182,1,0,0.000000,0,1,0.800781,1,0,0.000000,0,0,0.000000,0,0,0.000000,0,0.000000,0,0.000000,0,0.000000
1396,126.909091,1,0,0.000000,0,1,0.786621,1,0,0.000000,0,0,0.000000,0,1,0.260986,0,0.000000,0,0.000000,0,0.000000
1397,127.000000,1,0,0.000000,0,1,0.839355,1,0,0.000000,0,0,0.000000,0,0,0.000000,0,0.000000,0,0.000000,0,0.000000
1398,127.090909,1,0,0.000000,0,1,0.849121,1,0,0.000000,0,0,0.000000,0,0,0.000000,0,0.000000,0,0.000000,0,0.000000
1399,127.181818,1,0,0.000000,0,1,0.832031,1,0,0.000000,0,0,0.000000,0,0,0.000000,0,0.000000,0,0.000000,0,0.000000
1400,127.272727,1,0,0.000000,0,1,0.825195,1,0,0.000000,0,0,0.000000,0,0,0.000000,0,0.000000,0,0.000000,0,0.000000
1401,127.363636,1,0,0.000000,0,1,0.852539,1,0,0.000000,0,0,0.000000,0,0,0.000000,0,0.000000,0,0.000000,0,0.000000
1402,127.454545,1,0,0.000000,0,1,0.875977,1,0,0.000000,0,0,0.000000,0,0,0.000000,0,0.000000,0,0.000000,0,0.000000
1403,127.545455,1,0,0.000000,0,1,0.875977,1,0,0.000000,0,0,0.000000,0,0,0.000000,0,0.000000,0,0.000000,0,0.000000
1404,127.636364,1,0,0.000000,0,1,0.868652,1,0,0.000000,0,0,0.000000,0,0,0.000000,0,0.000000,0,0.000000,0,0.000000
1405,127.727273,1,0,0.000000,0,1,0.867188,1,0,0.000000,0,0,0.000000,0,0,0.000000,0,0.000000,0,0.000000,0,0.000000
1406,127.818182,1,0,0.000000,0,1,0.862793,1,0,0.000000,0,0,0.000000,0,0,0.000000,0,0.000000,0,0.000000,0,0.000000
1407,127.909091,1,0,0.000000,0,1,0.854004,1,0,0.000000,0,0,0.000000,0,0,0.000000,0,0.000000,0,0.000000,0,0.000000
1408,128.000000,1,0,0.000000,0,1,0.818359,1,0,0.000000,0,0,0.000000,0,0,0.000000,0,0.000000,0,0.000000,0,0.000000
1409,128.090909,1,0,0.000000,0,1,0.821777,1,0,0.000000,0,0,0.000000,0,0,0.000000,0,0.000000,0,0.000000,0,0.000000
1410,128.181818,1,0,0.000000,0,1,0.800781,1,0,0.000000,0,1,0.260254,1,0,0.000000,0,0.000000,0,0.000000,0,0.000000
1411,128.272727,1,0,0.000000,0,1,0.786621,1,0,0.000000,0,0,0.000000,0,0,0.000000,0,0.000000,0,0.000000,0,0.000000
1412,128.363636,1,0,0.000000,0,1,0.820312,1,0,0.000000,0,0,0.000000,0,0,0.000000,0,0.000000,0,0.000000,0,0.000000
1413,128.454545,1,0,0.000000,0,1,0.825684,1,0,0.000000,0,1,0.255371,1,0,0.000000,0,0.000000,0,0.000000,0,0.000000
1414,128.545455,1,0,0.000000,0,1,0.841309,1,0,0.000000,0,0,0.000000,0,0,0.000000,0,0.000000,0,0.000000,0,0.000000
1415,128.636364,1,0,0.000000,0,1,0.839844,1,0,0.000000,0,1,0.377197,1,0,0.000000,0,0.000000,0,0.000000,0,0.000000
1416,128.727273,1,0,0.000000,0,1,0.834473,1,0,0.000000,0,1,0.365479,1,0,0.000000,0,0.000000,0,0.000000,0,0.000000
1417,128.818182,1,0,0.000000,0,1,0.825684,1,0,0.000000,0,1,0.335205,1,0,0.000000,0,0.000000,0,0.000000,0,0.000000
1418,128.909091,1,0,0.000000,0,1,0.828613,1,0,0.000000,0,1,0.272949,1,0,0.000000,0,0.000000,0,0.000000,0,0.000000
1419,129.000000,1,0,0.000000,0,1,0.816406,1,0,0.000000,0,1,0.277100,1,0,0.000000,0,0.000000,0,0.000000,0,0.000000
1420,129.090909,1,0,0.000000,0,1,0.838867,1,0,0.000000,0,1,0.288330,1,0,0.000000,0,0.000000,0,0.000000,0,0.000000
1421,129.181818,1,0,0.000000,0,1,0.839355,1,0,0.000000,0,1,0.287354,1,0,0.000000,0,0.000000,0,0.000000,0,0.000000
1422,129.272727,1,0,0.000000,0,1,0.844727,1,0,0.000000,0,1,0.300781,1,0,0.000000,0,0.000000,0,0.000000,0,0.000000
1423,129.363636,1,0,0.000000,0,1,0.848145,1,0,0.000000,0,1,0.354980,1,0,0.000000,0,0.000000,0,0.000000,0,0.000000
1424,129.454545,1,0,0.000000,0,1,0.870605,1,0,0.000000,0,1,0.305176,1,0,0.000000,0,0.000000,0,0.000000,0,0.000000
1425,129.545455,1,0,0.000000,0,1,0.846191,1,0,0.000000,0,1,0.311279,1,0,0.000000,0,0.000000,0,0.000000,0,0.000000
1426,129.636364,1,0,0.000000,0,1,0.838867,1,0,0.000000,0,2,0.347900,1,0,0.000000,0,0.000000,0,0.000000,0,0.000000
1427,129.727273,1,0,0.000000,0,1,0.813477,1,0,0.000000,0,1,0.317139,1,0,0.000000,0,0.000000,0,0.000000,0,0.000000
1428,129.818182,1,0,0.000000,0,1,0.816406,1,0,0.000000,0,1,0.252441,1,0,0.000000,0,0.000000,0,0.000000,0,0.000000
1429,129.909091,1,0,0.000000,0,1,0.837402,1,0,0.000000,0,1,0.251221,1,0,0.000000,0,0.000000,0,0.000000,0,0.000000
1430,130.000000,1,0,0.000000,0,1,0.842285,1,0,0.000000,0,2,0.316650,1,0,0.000000,0,0.000000,0,0.000000,0,0.000000
1431,130.090909,1,0,0.000000,0,1,0.836426,1,0,0.000000,0,1,0.275391,1,0,0.000000,0,0.000000,0,0.000000,0,0.000000
1432,130.181818,1,0,0.000000,0,1,0.852539,1,0,0.000000,0,1,0.271240,1,0,0.000000,0,0.000000,0,0.000000,0,0.000000
1433,130.272727,1,0,0.000000,0,1,0.855469,1,0,0.000000,0,1,0.258789,1,0,0.000000,0,0.000000,0,0.000000,0,0.000000
1434,130.363636,1,0,0.000000,0,1,0.848145,1,0,0.000000,0,0,0.000000,0,0,0.000000,0,0.000000,0,0.000000,0,0.000000
1435,130.454545,1,0,0.000000,0,1,0.853516,1,0,0.000000,0,0,0.000000,0,0,0.000000,0,0.000000,0,0.000000,0,0.000000
1436,130.545455,1,0,0.000000,0,1,0.855469,1,0,0.000000,0,1,0.274414,1,0,0.000000,0,0.000000,0,0.000000,0,0.000000
1437,130.636364,1,0,0.000000,0,1,0.857422,1,0,0.000000,0,1,0.271484,1,0,0.000000,0,0.000000,0,0.000000,0,0.000000
1438,130.727273,1,0,0.000000,0,1,0.855957,1,0,0.000000,0,1,0.275391,1,0,0.000000,0,0.000000,0,0.000000,0,0.000000
1439,130.818182,1,0,0.000000,0,1,0.858398,1,0,0.000000,0,0,0.000000,0,0,0.000000,0,0.000000,0,0.000000,0,0.000000
1440,130.909091,1,0,0.000000,0,1,0.855957,1,0,0.000000,0,0,0.000000,0,0,0.000000,0,0.000000,0,0.000000,0,0.000000
1441,131.000000,1,0,0.000000,0,1,0.855957,1,0,0.000000,0,0,0.000000,0,0,0.000000,0,0.000000,0,0.000000,0,0.000000
1442,131.090909,1,0,0.000000,0,1,0.858887,1,0,0.000000,0,0,0.000000,0,0,0.000000,0,0.000000,0,0.000000,0,0.000000
1443,131.181818,1,0,0.000000,0,1,0.849121,1,0,0.000000,0,1,0.253174,1,0,0.000000,0,0.000000,0,0.000000,0,0.000000
1444,131.272727,1,0,0.000000,0,1,0.850586,1,0,0.000000,0,1,0.252441,1,0,0.000000,0,0.000000,0,0.000000,0,0.000000
1445,131.363636,1,0,0.000000,0,1,0.853516,1,0,0.000000,0,1,0.279541,1,0,0.000000,0,0.000000,0,0.000000,0,0.000000
1446,131.454545,1,0,0.000000,0,1,0.849121,1,0,0.000000,0,1,0.301758,1,0,0.000000,0,0.000000,0,0.000000,0,0.000000
1447,131.545455,1,0,0.000000,0,1,0.845703,1,0,0.000000,0,1,0.286621,1,0,0.000000,0,0.000000,0,0.000000,0,0.000000
1448,131.636364,1,0,0.000000,0,1,0.849121,1,0,0.000000,0,1,0.302246,1,0,0.000000,0,0.000000,0,0.000000,0,0.000000
1449,131.727273,1,0,0.000000,0,1,0.847168,1,0,0.000000,0,1,0.294189,1,0,0.000000,0,0.000000,0,0.000000,0,0.000000
1450,131.818182,1,0,0.000000,0,1,0.828613,1,0,0.000000,0,2,0.339600,1,0,0.000000,0,0.000000,0,0.000000,0,0.000000
1451,131.909091,1,0,0.000000,0,1,0.828613,1,0,0.000000,0,0,0.000000,0,0,0.000000,0,0.000000,0,0.000000,0,0.000000
1452,132.000000,1,0,0.000000,0,1,0.852051,1,0,0.000000,0,2,0.324219,1,0,0.000000,0,0.000000,0,0.000000,0,0.000000
1453,132.090909,1,0,0.000000,0,1,0.870117,1,0,0.000000,0,1,0.275391,1,0,0.000000,0,0.000000,0,0.000000,0,0.000000
1454,132.181818,1,0,0.000000,0,1,0.871582,1,0,0.000000,0,0,0.000000,0,0,0.000000,0,0.000000,0,0.000000,0,0.000000
1455,132.272727,1,0,0.000000,0,1,0.866211,1,0,0.000000,0,0,0.000000,0,0,0.000000,0,0.000000,0,0.000000,0,0.000000
1456,132.363636,1,0,0.000000,0,1,0.896484,1,0,0.000000,0,0,0.000000,0,0,0.000000,0,0.000000,0,0.000000,0,0.000000
1457,132.454545,1,0,0.000000,0,1,0.819336,1,0,0.000000,0,0,0.000000,0,0,0.000000,0,0.000000,0,0.000000,0,0.000000
1458,132.545455,1,0,0.000000,0,1,0.837891,1,0,0.000000,0,1,0.278809,1,0,0.000000,0,0.000000,0,0.000000,0,0.000000
1459,132.636364,1,0,0.000000,0,1,0.882812,1,0,0.000000,0,0,0.000000,0,0,0.000000,0,0.000000,0,0.000000,0,0.000000
1460,132.727273,1,0,0.000000,0,1,0.844727,1,0,0.000000,0,0,0.000000,0,0,0.000000,0,0.000000,0,0.000000,0,0.000000
1461,132.818182,1,0,0.000000,0,1,0.855469,1,0,0.000000,0,0,0.000000,0,0,0.000000,0,0.000000,0,0.000000,0,0.000000
1462,132.909091,1,0,0.000000,0,1,0.890625,1,0,0.000000,0,0,0.000000,0,0,0.000000,0,0.000000,0,0.000000,0,0.000000
1463,133.000000,1,0,0.000000,0,1,0.815918,1,0,0.000000,0,0,0.000000,0,0,0.000000,0,0.000000,0,0.000000,0,0.000000
1464,133.090909,1,0,0.000000,0,1,0.812500,1,0,0.000000,0,0,0.000000,0,0,0.000000,0,0.000000,0,0.000000,0,0.000000
1465,133.181818,1,0,0.000000,0,1,0.907715,1,0,0.000000,0,0,0.000000,0,0,0.000000,0,0.000000,0,0.000000,0,0.000000
1466,133.272727,1,0,0.000000,0,1,0.918457,1,0,0.000000,0,1,0.395020,1,0,0.000000,0,0.000000,0,0.000000,0,0.000000
1467,133.363636,1,0,0.000000,0,1,0.870117,1,0,0.000000,0,1,0.286621,1,0,0.000000,0,0.000000,0,0.000000,0,0.000000
1468,133.454545,1,0,0.000000,0,1,0.870605,1,0,0.000000,0,1,0.280029,1,0,0.000000,0,0.000000,0,0.000000,0,0.000000
1469,133.545455,1,0,0.000000,0,1,0.875000,1,0,0.000000,0,0,0.000000,0,0,0.000000,0,0.000000,0,0.000000,0,0.000000
1470,133.636364,1,0,0.000000,0,1,0.840820,1,0,0.000000,0,0,0.000000,0,0,0.000000,0,0.000000,0,0.000000,0,0.000000
1471,133.727273,1,0,0.000000,0,1,0.841309,1,0,0.000000,0,0,0.000000,0,0,0.000000,0,0.000000,0,0.000000,0,0.000000
1472,133.818182,1,0,0.000000,0,1,0.860352,1,0,0.000000,0,0,0.000000,0,0,0.000000,0,0.000000,0,0.000000,0,0.000000
1473,133.909091,1,0,0.000000,0,1,0.849609,1,0,0.000000,0,0,0.000000,0,0,0.000000,0,0.000000,0,0.000000,0,0.000000
1474,134.000000,1,0,0.000000,0,1,0.840820,1,0,0.000000,0,0,0.000000,0,0,0.000000,0,0.000000,0,0.000000,0,0.000000
1475,134.090909,1,0,0.000000,0,1,0.847656,1,0,0.000000,0,0,0.000000,0,0,0.000000,0,0.000000,0,0.000000,0,0.000000
1476,134.181818,1,0,0.000000,0,1,0.845703,1,0,0.000000,0,0,0.000000,0,0,0.000000,0,0.000000,0,0.000000,0,0.000000
1477,134.272727,1,0,0.000000,0,1,0.829590,1,0,0.000000,0,0,0.000000,0,0,0.000000,0,0.000000,0,0.000000,0,0.000000
1478,134.363636,1,0,0.000000,0,1,0.831055,1,0,0.000000,0,0,0.000000,0,0,0.000000,0,0.000000,0,0.000000,0,0.000000
1479,134.454545,1,0,0.000000,0,1,0.818359,1,0,0.000000,0,0,0.000000,0,0,0.000000,0,0.000000,0,0.000000,0,0.000000
1480,134.545455,1,0,0.000000,0,1,0.825195,1,0,0.000000,0,0,0.000000,0,0,0.000000,0,0.000000,0,0.000000,0,0.000000
1481,134.636364,1,0,0.000000,0,1,0.805176,1,0,0.000000,0,0,0.000000,0,0,0.000000,0,0.000000,0,0.000000,0,0.000000
1482,134.727273,1,0,0.000000,0,1,0.744141,1,0,0.000000,0,0,0.000000,0,0,0.000000,0,0.000000,0,0.000000,0,0.000000
1483,134.818182,1,0,0.000000,0,1,0.803711,1,0,0.000000,0,0,0.000000,0,0,0.000000,0,0.000000,0,0.000000,0,0.000000
1484,134.909091,1,0,0.000000,0,1,0.805176,1,0,0.000000,0,0,0.000000,0,0,0.000000,0,0.000000,0,0.000000,0,0.000000
1485,135.000000,1,0,0.000000,0,1,0.873047,1,0,0.000000,0,0,0.000000,0,0,0.000000,0,0.000000,0,0.000000,0,0.000000
1486,135.090909,1,0,0.000000,0,1,0.858398,1,0,0.000000,0,0,0.000000,0,0,0.000000,0,0.000000,0,0.000000,0,0.000000
1487,135.181818,1,1,0.258545,1,1,0.861328,1,0,0.000000,0,0,0.000000,0,0,0.000000,0,0.000000,0,0.000000,0,0.000000
1488,135.272727,1,1,0.516602,1,1,0.864258,1,0,0.000000,0,0,0.000000,0,0,0.000000,0,0.000000,0,0.000000,0,0.000000
1489,135.363636,1,0,0.000000,0,1,0.856934,1,0,0.000000,0,1,0.498047,1,0,0.000000,0,0.000000,0,0.000000,0,0.000000
1490,135.454545,1,0,0.000000,0,1,0.817871,1,0,0.000000,0,1,0.365723,1,0,0.000000,0,0.000000,0,0.000000,0,0.000000
1491,135.545455,1,0,0.000000,0,1,0.849609,1,0,0.000000,0,0,0.000000,0,0,0.000000,0,0.000000,0,0.000000,0,0.000000
1492,135.636364,1,0,0.000000,0,1,0.826660,1,0,0.000000,0,0,0.000000,0,0,0.000000,0,0.000000,0,0.000000,0,0.000000
1493,135.727273,1,0,0.000000,0,1,0.867188,1,0,0.000000,0,0,0.000000,0,0,0.000000,0,0.000000,0,0.000000,0,0.000000
1494,135.818182,1,0,0.000000,0,1,0.839844,1,0,0.000000,0,1,0.255371,1,0,0.000000,0,0.000000,0,0.000000,0,0.000000
1495,135.909091,1,0,0.000000,0,1,0.843262,1,0,0.000000,0,1,0.257812,1,0,0.000000,0,0.000000,0,0.000000,0,0.000000
1496,136.000000,1,0,0.000000,0,1,0.817871,1,0,0.000000,0,0,0.000000,0,0,0.000000,0,0.000000,0,0.000000,0,0.000000
1497,136.090909,1,1,0.266846,1,1,0.876953,1,0,0.000000,0,0,0.000000,0,0,0.000000,0,0.000000,0,0.000000,0,0.000000
1498,136.181818,1,1,0.271729,1,1,0.875977,1,0,0.000000,0,0,0.000000,0,0,0.000000,0,0.000000,0,0.000000,0,0.000000
1499,136.272727,1,0,0.000000,0,1,0.884277,1,0,0.000000,0,0,0.000000,0,0,0.000000,0,0.000000,0,0.000000,0,0.000000
1500,136.363636,1,0,0.000000,0,1,0.835449,1,0,0.000000,0,0,0.000000,0,0,0.000000,0,0.000000,0,0.000000,0,0.000000
1501,136.454545,1,0,0.000000,0,1,0.835449,1,0,0.000000,0,0,0.000000,0,0,0.000000,0,0.000000,0,0.000000,0,0.000000
1502,136.545455,1,0,0.000000,0,1,0.852051,1,0,0.000000,0,1,0.296875,1,0,0.000000,0,0.000000,0,0.000000,0,0.000000
1503,136.636364,1,0,0.000000,0,1,0.851074,1,0,0.000000,0,1,0.292236,1,0,0.000000,0,0.000000,0,0.000000,0,0.000000
1504,136.727273,1,0,0.000000,0,1,0.853516,1,0,0.000000,0,0,0.000000,0,0,0.000000,0,0.000000,0,0.000000,0,0.000000
1505,136.818182,1,0,0.000000,0,1,0.855957,1,0,0.000000,0,0,0.000000,0,0,0.000000,0,0.000000,0,0.000000,0,0.000000
1506,136.909091,1,0,0.000000,0,1,0.871582,1,0,0.000000,0,1,0.284424,1,0,0.000000,0,0.000000,0,0.000000,0,0.000000
1507,137.000000,1,0,0.000000,0,1,0.864746,1,0,0.000000,0,0,0.000000,0,0,0.000000,0,0.000000,0,0.000000,0,0.000000
1508,137.090909,1,0,0.000000,0,1,0.851074,1,0,0.000000,0,0,0.000000,0,0,0.000000,0,0.000000,0,0.000000,0,0.000000
1509,137.181818,1,0,0.000000,0,1,0.841309,1,0,0.000000,0,0,0.000000,0,0,0.000000,0,0.000000,0,0.000000,0,0.000000
1510,137.272727,1,0,0.000000,0,1,0.837402,1,0,0.000000,0,0,0.000000,0,0,0.000000,0,0.000000,0,0.000000,0,0.000000
1511,137.363636,1,0,0.000000,0,1,0.858887,1,0,0.000000,0,0,0.000000,0,0,0.000000,0,0.000000,0,0.000000,0,0.000000
1512,137.454545,1,0,0.000000,0,1,0.835449,1,0,0.000000,0,0,0.000000,0,0,0.000000,0,0.000000,0,0.000000,0,0.000000
1513,137.545455,1,0,0.000000,0,1,0.832520,1,0,0.000000,0,0,0.000000,0,0,0.000000,0,0.000000,0,0.000000,0,0.000000
1514,137.636364,1,0,0.000000,0,1,0.778320,1,0,0.000000,0,0,0.000000,0,0,0.000000,0,0.000000,0,0.000000,0,0.000000
1515,137.727273,1,0,0.000000,0,1,0.779297,1,0,0.000000,0,0,0.000000,0,0,0.000000,0,0.000000,0,0.000000,0,0.000000
1516,137.818182,1,0,0.000000,0,1,0.832520,1,1,0.421143,1,0,0.000000,0,0,0.000000,0,0.000000,0,0.000000,0,0.000000
1517,137.909091,1,0,0.000000,0,1,0.856934,1,1,0.374268,1,0,0.000000,0,0,0.000000,0,0.000000,0,0.000000,0,0.000000
1518,138.000000,1,0,0.000000,0,1,0.855469,1,1,0.528809,1,0,0.000000,0,0,0.000000,0,0.000000,0,0.000000,0,0.000000
1519,138.090909,1,0,0.000000,0,1,0.853516,1,1,0.527832,1,0,0.000000,0,0,0.000000,0,0.000000,0,0.000000,0,0.000000
1520,138.181818,1,0,0.000000,0,1,0.842285,1,0,0.000000,0,0,0.000000,0,0,0.000000,0,0.000000,0,0.000000,0,0.000000
1521,138.272727,1,0,0.000000,0,1,0.855957,1,0,0.000000,0,0,0.000000,0,0,0.000000,0,0.000000,0,0.000000,0,0.000000
1522,138.363636,1,0,0.000000,0,1,0.835449,1,0,0.000000,0,0,0.000000,0,0,0.000000,0,0.000000,0,0.000000,0,0.000000
1523,138.454545,1,0,0.000000,0,1,0.848145,1,0,0.000000,0,0,0.000000,0,0,0.000000,0,0.000000,0,0.000000,0,0.000000
1524,138.545455,1,0,0.000000,0,1,0.849121,1,0,0.000000,0,0,0.000000,0,0,0.000000,0,0.000000,0,0.000000,0,0.000000
1525,138.636364,1,0,0.000000,0,1,0.866211,1,0,0.000000,0,0,0.000000,0,0,0.000000,0,0.000000,0,0.000000,0,0.000000
1526,138.727273,1,0,0.000000,0,1,0.866211,1,0,0.000000,0,0,0.000000,0,0,0.000000,0,0.000000,0,0.000000,0,0.000000
1527,138.818182,1,0,0.000000,0,1,0.870605,1,0,0.000000,0,0,0.000000,0,0,0.000000,0,0.000000,0,0.000000,0,0.000000
1528,138.909091,1,0,0.000000,0,1,0.873535,1,0,0.000000,0,0,0.000000,0,0,0.000000,0,0.000000,0,0.000000,0,0.000000
1529,139.000000,1,0,0.000000,0,1,0.887207,1,0,0.000000,0,0,0.000000,0,0,0.000000,0,0.000000,0,0.000000,0,0.000000
1530,139.090909,1,0,0.000000,0,1,0.881836,1,0,0.000000,0,0,0.000000,0,0,0.000000,0,0.000000,0,0.000000,0,0.000000
1531,139.181818,1,0,0.000000,0,1,0.870117,1,0,0.000000,0,0,0.000000,0,0,0.000000,0,0.000000,0,0.000000,0,0.000000
1532,139.272727,1,0,0.000000,0,1,0.860352,1,0,0.000000,0,0,0.000000,0,0,0.000000,0,0.000000,0,0.000000,0,0.000000
1533,139.363636,1,0,0.000000,0,1,0.848145,1,0,0.000000,0,0,0.000000,0,0,0.000000,0,0.000000,0,0.000000,0,0.000000
1534,139.454545,1,0,0.000000,0,1,0.835449,1,0,0.000000,0,0,0.000000,0,0,0.000000,0,0.000000,0,0.000000,0,0.000000
1535,139.545455,1,0,0.000000,0,1,0.884277,1,0,0.000000,0,0,0.000000,0,0,0.000000,0,0.000000,0,0.000000,0,0.000000
1536,139.636364,1,0,0.000000,0,1,0.885742,1,0,0.000000,0,0,0.000000,0,0,0.000000,0,0.000000,0,0.000000,0,0.000000
1537,139.727273,1,0,0.000000,0,1,0.867188,1,0,0.000000,0,0,0.000000,0,0,0.000000,0,0.000000,0,0.000000,0,0.000000
1538,139.818182,1,0,0.000000,0,1,0.848145,1,0,0.000000,0,0,0.000000,0,0,0.000000,0,0.000000,0,0.000000,0,0.000000
1539,139.909091,1,0,0.000000,0,1,0.892090,1,0,0.000000,0,0,0.000000,0,0,0.000000,0,0.000000,0,0.000000,0,0.000000
1540,140.000000,1,0,0.000000,0,1,0.842285,1,0,0.000000,0,0,0.000000,0,0,0.000000,0,0.000000,0,0.000000,0,0.000000
1541,140.090909,1,0,0.000000,0,1,0.835938,1,0,0.000000,0,0,0.000000,0,0,0.000000,0,0.000000,0,0.000000,0,0.000000
1542,140.181818,1,0,0.000000,0,1,0.833984,1,0,0.000000,0,0,0.000000,0,0,0.000000,0,0.000000,0,0.000000,0,0.000000
1543,140.272727,1,0,0.000000,0,1,0.881836,1,1,0.340576,1,0,0.000000,0,0,0.000000,0,0.000000,0,0.000000,0,0.000000
1544,140.363636,1,0,0.000000,0,1,0.869141,1,1,0.625000,1,0,0.000000,0,0,0.000000,0,0.000000,0,0.000000,0,0.000000
1545,140.454545,1,0,0.000000,0,1,0.872070,1,1,0.509766,1,0,0.000000,0,0,0.000000,0,0.000000,0,0.000000,0,0.000000
1546,140.545455,1,0,0.000000,0,1,0.859863,1,1,0.322021,1,0,0.000000,0,0,0.000000,0,0.000000,0,0.000000,0,0.000000
1547,140.636364,1,0,0.000000,0,1,0.846191,1,1,0.372803,1,0,0.000000,0,0,0.000000,0,0.000000,0,0.000000,0,0.000000
1548,140.727273,1,0,0.000000,0,1,0.863281,1,1,0.434326,1,0,0.000000,0,0,0.000000,0,0.000000,0,0.000000,0,0.000000
1549,140.818182,1,0,0.000000,0,1,0.873535,1,0,0.000000,0,0,0.000000,0,0,0.000000,0,0.000000,0,0.000000,0,0.000000
1550,140.909091,1,0,0.000000,0,1,0.871582,1,0,0.000000,0,0,0.000000,0,0,0.000000,0,0.000000,0,0.000000,0,0.000000
1551,141.000000,1,0,0.000000,0,1,0.833008,1,0,0.000000,0,0,0.000000,0,0,0.000000,0,0.000000,0,0.000000,0,0.000000
1552,141.090909,1,0,0.000000,0,1,0.839355,1,0,0.000000,0,0,0.000000,0,0,0.000000,0,0.000000,0,0.000000,0,0.000000
1553,141.181818,1,0,0.000000,0,1,0.855469,1,0,0.000000,0,0,0.000000,0,0,0.000000,0,0.000000,0,0.000000,0,0.000000
1554,141.272727,1,0,0.000000,0,1,0.864258,1,0,0.000000,0,0,0.000000,0,0,0.000000,0,0.000000,0,0.000000,0,0.000000
1555,141.363636,1,0,0.000000,0,1,0.870605,1,0,0.000000,0,0,0.000000,0,0,0.000000,0,0.000000,0,0.000000,0,0.000000
1556,141.454545,1,0,0.000000,0,1,0.857422,1,0,0.000000,0,0,0.000000,0,0,0.000000,0,0.000000,0,0.000000,0,0.000000
1557,141.545455,1,0,0.000000,0,1,0.889648,1,0,0.000000,0,0,0.000000,0,0,0.000000,0,0.000000,0,0.000000,0,0.000000
1558,141.636364,1,0,0.000000,0,1,0.890625,1,0,0.000000,0,0,0.000000,0,0,0.000000,0,0.000000,0,0.000000,0,0.000000
1559,141.727273,1,0,0.000000,0,1,0.898438,1,0,0.000000,0,0,0.000000,0,0,0.000000,0,0.000000,0,0.000000,0,0.000000
1560,141.818182,1,0,0.000000,0,1,0.870117,1,0,0.000000,0,0,0.000000,0,0,0.000000,0,0.000000,0,0.000000,0,0.000000
1561,141.909091,1,0,0.000000,0,1,0.872070,1,0,0.000000,0,0,0.000000,0,0,0.000000,0,0.000000,0,0.000000,0,0.000000
1562,142.000000,1,0,0.000000,0,1,0.845703,1,0,0.000000,0,0,0.000000,0,0,0.000000,0,0.000000,0,0.000000,0,0.000000
1563,142.090909,1,0,0.000000,0,1,0.882812,1,0,0.000000,0,0,0.000000,0,0,0.000000,0,0.000000,0,0.000000,0,0.000000
1564,142.181818,1,0,0.000000,0,1,0.799805,1,0,0.000000,0,0,0.000000,0,0,0.000000,0,0.000000,0,0.000000,0,0.000000
1565,142.272727,1,0,0.000000,0,1,0.789062,1,0,0.000000,0,0,0.000000,0,0,0.000000,0,0.000000,0,0.000000,0,0.000000
1566,142.363636,1,0,0.000000,0,1,0.710449,1,0,0.000000,0,0,0.000000,0,0,0.000000,0,0.000000,0,0.000000,0,0.000000
1567,142.454545,1,0,0.000000,0,1,0.554199,1,0,0.000000,0,0,0.000000,0,0,0.000000,0,0.000000,0,0.000000,0,0.000000
1568,142.545455,1,0,0.000000,0,1,0.299561,1,0,0.000000,0,0,0.000000,0,0,0.000000,0,0.000000,0,0.000000,0,0.000000
1569,142.636364,1,0,0.000000,0,1,0.516602,1,0,0.000000,0,0,0.000000,0,0,0.000000,0,0.000000,0,0.000000,0,0.000000
1570,142.727273,1,0,0.000000,0,1,0.509766,1,0,0.000000,0,0,0.000000,0,0,0.000000,0,0.000000,0,0.000000,0,0.000000
1571,142.818182,1,0,0.000000,0,1,0.439209,1,0,0.000000,0,0,0.000000,0,0,0.000000,0,0.000000,0,0.000000,0,0.000000
1572,142.909091,1,0,0.000000,0,1,0.489502,1,0,0.000000,0,0,0.000000,0,0,0.000000,0,0.000000,0,0.000000,0,0.000000
1573,143.000000,1,0,0.000000,0,1,0.473145,1,0,0.000000,0,0,0.000000,0,0,0.000000,0,0.000000,0,0.000000,0,0.000000
1574,143.090909,1,0,0.000000,0,1,0.484863,1,0,0.000000,0,0,0.000000,0,0,0.000000,0,0.000000,0,0.000000,0,0.000000
1575,143.181818,1,0,0.000000,0,0,0.000000,0,0,0.000000,0,0,0.000000,0,0,0.000000,0,0.000000,0,0.000000,0,0.000000
1576,143.272727,1,0,0.000000,0,0,0.000000,0,0,0.000000,0,0,0.000000,0,0,0.000000,0,0.000000,0,0.000000,1,0.389160
1577,143.363636,1,0,0.000000,0,0,0.000000,0,0,0.000000,0,0,0.000000,0,0,0.000000,0,0.000000,0,0.000000,0,0.000000
1578,143.454545,1,0,0.000000,0,0,0.000000,0,0,0.000000,0,1,0.254639,1,0,0.000000,0,0.000000,0,0.000000,0,0.000000
1579,143.545455,1,0,0.000000,0,0,0.000000,0,0,0.000000,0,0,0.000000,0,0,0.000000,0,0.000000,0,0.000000,0,0.000000
1580,143.636364,1,0,0.000000,0,0,0.000000,0,0,0.000000,0,0,0.000000,0,0,0.000000,0,0.000000,0,0.000000,0,0.000000
1581,143.727273,1,0,0.000000,0,0,0.000000,0,0,0.000000,0,0,0.000000,0,0,0.000000,0,0.000000,0,0.000000,1,0.341309
1582,143.818182,1,0,0.000000,0,0,0.000000,0,0,0.000000,0,0,0.000000,0,0,0.000000,0,0.000000,0,0.000000,1,0.344971
1583,143.909091,1,0,0.000000,0,0,0.000000,0,0,0.000000,0,0,0.000000,0,0,0.000000,0,0.000000,0,0.000000,1,0.414307
1584,144.000000,1,0,0.000000,0,0,0.000000,0,0,0.000000,0,0,0.000000,0,0,0.000000,0,0.000000,0,0.000000,1,0.331787
1585,144.090909,1,1,0.269043,1,1,0.287354,1,0,0.000000,0,0,0.000000,0,0,0.000000,0,0.000000,0,0.000000,0,0.000000
1586,144.181818,1,1,0.281738,1,1,0.296875,1,0,0.000000,0,0,0.000000,0,0,0.000000,0,0.000000,0,0.000000,0,0.000000
1587,144.272727,1,0,0.000000,0,0,0.000000,0,0,0.000000,0,0,0.000000,0,0,0.000000,0,0.000000,0,0.000000,1,0.432373
1588,144.363636,1,0,0.000000,0,1,0.384766,1,0,0.000000,0,0,0.000000,0,0,0.000000,0,0.000000,0,0.000000,0,0.000000
1589,144.454545,1,0,0.000000,0,1,0.415527,1,0,0.000000,0,0,0.000000,0,0,0.000000,0,0.000000,0,0.000000,0,0.000000
1590,144.545455,1,0,0.000000,0,1,0.296143,1,0,0.000000,0,0,0.000000,0,0,0.000000,0,0.000000,0,0.000000,0,0.000000
1591,144.636364,1,0,0.000000,0,0,0.000000,0,0,0.000000,0,1,0.421387,1,0,0.000000,0,0.000000,0,0.000000,0,0.000000
1592,144.727273,1,0,0.000000,0,0,0.000000,0,0,0.000000,0,1,0.336426,1,0,0.000000,0,0.000000,0,0.000000,0,0.000000
1593,144.818182,1,0,0.000000,0,0,0.000000,0,0,0.000000,0,1,0.343506,1,0,0.000000,0,0.000000,0,0.000000,1,0.260010
1594,144.909091,1,0,0.000000,0,0,0.000000,0,0,0.000000,0,0,0.000000,0,0,0.000000,0,0.000000,0,0.000000,1,0.413574
1595,145.000000,1,0,0.000000,0,0,0.000000,0,0,0.000000,0,0,0.000000,0,0,0.000000,0,0.000000,0,0.000000,1,0.586426
1596,145.090909,1,0,0.000000,0,0,0.000000,0,0,0.000000,0,0,0.000000,0,0,0.000000,0,0.000000,0,0.000000,1,0.579590
1597,145.181818,1,0,0.000000,0,0,0.000000,0,0,0.000000,0,0,0.000000,0,0,0.000000,0,0.000000,0,0.000000,1,0.640137
1598,145.272727,1,0,0.000000,0,0,0.000000,0,0,0.000000,0,0,0.000000,0,0,0.000000,0,0.000000,0,0.000000,1,0.663086
1599,145.363636,1,0,0.000000,0,0,0.000000,0,0,0.000000,0,0,0.000000,0,0,0.000000,0,0.000000,0,0.000000,1,0.701172
1600,145.454545,1,0,0.000000,0,0,0.000000,0,0,0.000000,0,0,0.000000,0,0,0.000000,0,0.000000,0,0.000000,1,0.713867
1601,145.545455,1,0,0.000000,0,0,0.000000,0,0,0.000000,0,0,0.000000,0,0,0.000000,0,0.000000,0,0.000000,1,0.703613
1602,145.636364,1,0,0.000000,0,0,0.000000,0,0,0.000000,0,0,0.000000,0,0,0.000000,0,0.000000,0,0.000000,1,0.656738
1603,145.727273,1,0,0.000000,0,0,0.000000,0,0,0.000000,0,0,0.000000,0,0,0.000000,0,0.000000,0,0.000000,1,0.576172
1604,145.818182,1,0,0.000000,0,0,0.000000,0,0,0.000000,0,1,0.254150,1,0,0.000000,0,0.000000,0,0.000000,1,0.584961
1605,145.909091,1,0,0.000000,0,0,0.000000,0,0,0.000000,0,0,0.000000,0,0,0.000000,0,0.000000,0,0.000000,1,0.518555
1606,146.000000,1,0,0.000000,0,0,0.000000,0,0,0.000000,0,0,0.000000,0,0,0.000000,0,0.000000,0,0.000000,1,0.422363
1607,146.090909,1,0,0.000000,0,0,0.000000,0,0,0.000000,0,0,0.000000,0,0,0.000000,0,0.000000,0,0.000000,0,0.000000
1608,146.181818,1,0,0.000000,0,0,0.000000,0,0,0.000000,0,0,0.000000,0,0,0.000000,0,0.000000,0,0.000000,1,0.283447
1609,146.272727,1,0,0.000000,0,0,0.000000,0,0,0.000000,0,0,0.000000,0,0,0.000000,0,0.000000,0,0.000000,1,0.282471
1610,146.363636,1,0,0.000000,0,0,0.000000,0,0,0.000000,0,0,0.000000,0,0,0.000000,0,0.000000,0,0.000000,1,0.255859
1611,146.454545,1,0,0.000000,0,0,0.000000,0,0,0.000000,0,0,0.000000,0,0,0.000000,0,0.000000,0,0.000000,1,0.315674
1612,146.545455,1,0,0.000000,0,0,0.000000,0,0,0.000000,0,1,0.287598,1,0,0.000000,0,0.000000,0,0.000000,1,0.384277
1613,146.636364,1,0,0.000000,0,0,0.000000,0,0,0.000000,0,1,0.279053,1,0,0.000000,0,0.000000,0,0.000000,1,0.354980
1614,146.727273,1,0,0.000000,0,0,0.000000,0,0,0.000000,0,0,0.000000,0,0,0.000000,0,0.000000,0,0.000000,1,0.313232
1615,146.818182,1,0,0.000000,0,0,0.000000,0,0,0.000000,0,1,0.263428,1,0,0.000000,0,0.000000,0,0.000000,1,0.292969
1616,146.909091,1,0,0.000000,0,0,0.000000,0,0,0.000000,0,1,0.272217,1,0,0.000000,0,0.000000,0,0.000000,1,0.322266
1617,147.000000,1,0,0.000000,0,0,0.000000,0,0,0.000000,0,0,0.000000,0,0,0.000000,0,0.000000,0,0.000000,1,0.430176
1618,147.090909,1,0,0.000000,0,0,0.000000,0,0,0.000000,0,0,0.000000,0,0,0.000000,0,0.000000,0,0.000000,1,0.403809
1619,147.181818,1,0,0.000000,0,0,0.000000,0,0,0.000000,0,0,0.000000,0,0,0.000000,0,0.000000,0,0.000000,1,0.375977
1620,147.272727,1,0,0.000000,0,1,0.288330,1,0,0.000000,0,0,0.000000,0,0,0.000000,0,0.000000,0,0.000000,1,0.255127
1621,147.363636,1,0,0.000000,0,0,0.000000,0,0,0.000000,0,0,0.000000,0,0,0.000000,0,0.000000,0,0.000000,0,0.000000
1622,147.454545,1,0,0.000000,0,0,0.000000,0,0,0.000000,0,0,0.000000,0,0,0.000000,0,0.000000,0,0.000000,0,0.000000
1623,147.545455,1,0,0.000000,0,0,0.000000,0,0,0.000000,0,0,0.000000,0,0,0.000000,0,0.000000,0,0.000000,1,0.286865
1624,147.636364,1,0,0.000000,0,0,0.000000,0,0,0.000000,0,0,0.000000,0,0,0.000000,0,0.000000,0,0.000000,0,0.000000
1625,147.727273,1,0,0.000000,0,0,0.000000,0,0,0.000000,0,0,0.000000,0,0,0.000000,0,0.000000,0,0.000000,0,0.000000
1626,147.818182,1,0,0.000000,0,0,0.000000,0,0,0.000000,0,0,0.000000,0,0,0.000000,0,0.000000,0,0.000000,0,0.000000
1627,147.909091,1,0,0.000000,0,0,0.000000,0,0,0.000000,0,0,0.000000,0,0,0.000000,0,0.000000,0,0.000000,0,0.000000
1628,148.000000,1,0,0.000000,0,0,0.000000,0,0,0.000000,0,0,0.000000,0,0,0.000000,0,0.000000,0,0.000000,0,0.000000
1629,148.090909,1,0,0.000000,0,0,0.000000,0,0,0.000000,0,0,0.000000,0,0,0.000000,0,0.000000,0,0.000000,0,0.000000
1630,148.181818,1,0,0.000000,0,0,0.000000,0,0,0.000000,0,0,0.000000,0,0,0.000000,0,0.000000,0,0.000000,0,0.000000
1631,148.272727,1,0,0.000000,0,0,0.000000,0,0,0.000000,0,0,0.000000,0,0,0.000000,0,0.000000,0,0.000000,0,0.000000
1632,148.363636,1,0,0.000000,0,0,0.000000,0,0,0.000000,0,0,0.000000,0,0,0.000000,0,0.000000,0,0.000000,0,0.000000
1633,148.454545,1,0,0.000000,0,0,0.000000,0,0,0.000000,0,0,0.000000,0,0,0.000000,0,0.000000,0,0.000000,0,0.000000
1634,148.545455,1,0,0.000000,0,0,0.000000,0,0,0.000000,0,0,0.000000,0,0,0.000000,0,0.000000,0,0.000000,0,0.000000
1635,148.636364,1,0,0.000000,0,0,0.000000,0,0,0.000000,0,0,0.000000,0,0,0.000000,0,0.000000,0,0.000000,0,0.000000
1636,148.727273,1,0,0.000000,0,0,0.000000,0,0,0.000000,0,0,0.000000,0,0,0.000000,0,0.000000,0,0.000000,0,0.000000
1637,148.818182,1,0,0.000000,0,1,0.325928,1,0,0.000000,0,0,0.000000,0,0,0.000000,0,0.000000,0,0.000000,1,0.349609
1638,148.909091,1,0,0.000000,0,0,0.000000,0,0,0.000000,0,0,0.000000,0,0,0.000000,0,0.000000,0,0.000000,0,0.000000
1639,149.000000,1,0,0.000000,0,0,0.000000,0,0,0.000000,0,0,0.000000,0,0,0.000000,0,0.000000,0,0.000000,0,0.000000
1640,149.090909,1,0,0.000000,0,0,0.000000,0,0,0.000000,0,0,0.000000,0,0,0.000000,0,0.000000,0,0.000000,0,0.000000
1641,149.181818,1,0,0.000000,0,0,0.000000,0,0,0.000000,0,0,0.000000,0,0,0.000000,0,0.000000,0,0.000000,0,0.000000
1642,149.272727,1,0,0.000000,0,0,0.000000,0,0,0.000000,0,1,0.255371,1,0,0.000000,0,0.000000,0,0.000000,1,0.264160
1643,149.363636,1,0,0.000000,0,0,0.000000,0,0,0.000000,0,1,0.258301,1,0,0.000000,0,0.000000,0,0.000000,1,0.257812
1644,149.454545,1,0,0.000000,0,0,0.000000,0,0,0.000000,0,1,0.274170,1,0,0.000000,0,0.000000,0,0.000000,0,0.000000
1645,149.545455,1,0,0.000000,0,0,0.000000,0,0,0.000000,0,1,0.277832,1,0,0.000000,0,0.000000,0,0.000000,0,0.000000
1646,149.636364,1,0,0.000000,0,0,0.000000,0,0,0.000000,0,1,0.254395,1,0,0.000000,0,0.000000,0,0.000000,0,0.000000
1647,149.727273,1,0,0.000000,0,0,0.000000,0,0,0.000000,0,1,0.250488,1,0,0.000000,0,0.000000,0,0.000000,1,0.312256
1648,149.818182,1,0,0.000000,0,0,0.000000,0,0,0.000000,0,0,0.000000,0,0,0.000000,0,0.000000,0,0.000000,1,0.323486
1649,149.909091,1,0,0.000000,0,0,0.000000,0,0,0.000000,0,0,0.000000,0,0,0.000000,0,0.000000,0,0.000000,1,0.308594
1650,150.000000,1,0,0.000000,0,0,0.000000,0,0,0.000000,0,0,0.000000,0,0,0.000000,0,0.000000,0,0.000000,1,0.311035
1651,150.090909,1,0,0.000000,0,0,0.000000,0,0,0.000000,0,0,0.000000,0,0,0.000000,0,0.000000,0,0.000000,1,0.256104
1652,150.181818,1,0,0.000000,0,0,0.000000,0,0,0.000000,0,1,0.292236,1,0,0.000000,0,0.000000,0,0.000000,1,0.361328
1653,150.272727,1,0,0.000000,0,0,0.000000,0,0,0.000000,0,1,0.295898,1,0,0.000000,0,0.000000,0,0.000000,1,0.356201
1654,150.363636,1,0,0.000000,0,1,0.376709,1,0,0.000000,0,0,0.000000,0,0,0.000000,0,0.000000,0,0.000000,1,0.474121
1655,150.454545,1,0,0.000000,0,0,0.000000,0,0,0.000000,0,0,0.000000,0,0,0.000000,0,0.000000,0,0.000000,1,0.503418
1656,150.545455,1,0,0.000000,0,0,0.000000,0,0,0.000000,0,0,0.000000,0,0,0.000000,0,0.000000,0,0.000000,1,0.420410
1657,150.636364,1,0,0.000000,0,0,0.000000,0,0,0.000000,0,0,0.000000,0,0,0.000000,0,0.000000,0,0.000000,1,0.424805
1658,150.727273,1,0,0.000000,0,0,0.000000,0,0,0.000000,0,0,0.000000,0,0,0.000000,0,0.000000,0,0.000000,0,0.000000
1659,150.818182,1,0,0.000000,0,0,0.000000,0,0,0.000000,0,1,0.254150,1,0,0.000000,0,0.000000,0,0.000000,0,0.000000
1660,150.909091,1,0,0.000000,0,0,0.000000,0,0,0.000000,0,0,0.000000,0,0,0.000000,0,0.000000,0,0.000000,1,0.260498
1661,151.000000,1,0,0.000000,0,0,0.000000,0,0,0.000000,0,0,0.000000,0,0,0.000000,0,0.000000,0,0.000000,1,0.418213
1662,151.090909,1,0,0.000000,0,0,0.000000,0,0,0.000000,0,0,0.000000,0,0,0.000000,0,0.000000,0,0.000000,1,0.554688
1663,151.181818,1,0,0.000000,0,0,0.000000,0,0,0.000000,0,0,0.000000,0,0,0.000000,0,0.000000,0,0.000000,1,0.562500
1664,151.272727,1,0,0.000000,0,0,0.000000,0,0,0.000000,0,1,0.285645,1,0,0.000000,0,0.000000,0,0.000000,1,0.398193
1665,151.363636,1,0,0.000000,0,0,0.000000,0,0,0.000000,0,1,0.307617,1,0,0.000000,0,0.000000,0,0.000000,1,0.399902
1666,151.454545,1,0,0.000000,0,0,0.000000,0,0,0.000000,0,0,0.000000,0,0,0.000000,0,0.000000,0,0.000000,0,0.000000
1667,151.545455,1,0,0.000000,0,0,0.000000,0,0,0.000000,0,0,0.000000,0,0,0.000000,0,0.000000,0,0.000000,0,0.000000
1668,151.636364,1,0,0.000000,0,0,0.000000,0,0,0.000000,0,0,0.000000,0,0,0.000000,0,0.000000,0,0.000000,0,0.000000
1669,151.727273,1,0,0.000000,0,0,0.000000,0,0,0.000000,0,0,0.000000,0,0,0.000000,0,0.000000,0,0.000000,0,0.000000
1670,151.818182,1,0,0.000000,0,0,0.000000,0,0,0.000000,0,0,0.000000,0,0,0.000000,0,0.000000,0,0.000000,0,0.000000
1671,151.909091,1,0,0.000000,0,0,0.000000,0,0,0.000000,0,1,0.421631,1,0,0.000000,0,0.000000,0,0.000000,0,0.000000
1672,152.000000,1,0,0.000000,0,0,0.000000,0,0,0.000000,0,2,0.501465,1,0,0.000000,0,0.000000,0,0.000000,1,0.258789
1673,152.090909,1,0,0.000000,0,0,0.000000,0,0,0.000000,0,1,0.252197,1,0,0.000000,0,0.000000,0,0.000000,0,0.000000
1674,152.181818,1,0,0.000000,0,0,0.000000,0,0,0.000000,0,0,0.000000,0,0,0.000000,0,0.000000,0,0.000000,0,0.000000
1675,152.272727,1,0,0.000000,0,0,0.000000,0,0,0.000000,0,0,0.000000,0,0,0.000000,0,0.000000,0,0.000000,1,0.439941
1676,152.363636,1,0,0.000000,0,0,0.000000,0,0,0.000000,0,0,0.000000,0,0,0.000000,0,0.000000,0,0.000000,1,0.315918
1677,152.454545,1,0,0.000000,0,0,0.000000,0,0,0.000000,0,0,0.000000,0,0,0.000000,0,0.000000,0,0.000000,1,0.461182
1678,152.545455,1,0,0.000000,0,0,0.000000,0,0,0.000000,0,0,0.000000,0,0,0.000000,0,0.000000,0,0.000000,1,0.468750
1679,152.636364,1,0,0.000000,0,0,0.000000,0,0,0.000000,0,0,0.000000,0,0,0.000000,0,0.000000,0,0.000000,2,0.519043
1680,152.727273,1,0,0.000000,0,0,0.000000,0,0,0.000000,0,0,0.000000,0,0,0.000000,0,0.000000,0,0.000000,1,0.512695
1681,152.818182,1,0,0.000000,0,0,0.000000,0,0,0.000000,0,0,0.000000,0,0,0.000000,0,0.000000,0,0.000000,1,0.501465
1682,152.909091,1,0,0.000000,0,0,0.000000,0,0,0.000000,0,0,0.000000,0,0,0.000000,0,0.000000,0,0.000000,1,0.302979
1683,153.000000,1,0,0.000000,0,0,0.000000,0,0,0.000000,0,1,0.280762,1,0,0.000000,0,0.000000,0,0.000000,1,0.281982
1684,153.090909,1,0,0.000000,0,0,0.000000,0,0,0.000000,0,1,0.295166,1,0,0.000000,0,0.000000,0,0.000000,1,0.271729
1685,153.181818,1,0,0.000000,0,0,0.000000,0,0,0.000000,0,0,0.000000,0,0,0.000000,0,0.000000,0,0.000000,1,0.315918
1686,153.272727,1,0,0.000000,0,0,0.000000,0,0,0.000000,0,0,0.000000,0,0,0.000000,0,0.000000,0,0.000000,1,0.312500
1687,153.363636,1,0,0.000000,0,0,0.000000,0,0,0.000000,0,0,0.000000,0,0,0.000000,0,0.000000,0,0.000000,1,0.489502
1688,153.454545,1,0,0.000000,0,0,0.000000,0,0,0.000000,0,0,0.000000,0,1,0.327393,0,0.000000,1,0.270996,0,0.000000
1689,153.545455,1,0,0.000000,0,0,0.000000,0,0,0.000000,0,0,0.000000,0,1,0.317139,0,0.000000,0,0.000000,0,0.000000
1690,153.636364,1,0,0.000000,0,0,0.000000,0,0,0.000000,0,0,0.000000,0,0,0.000000,0,0.000000,0,0.000000,1,0.536621
1691,153.727273,1,0,0.000000,0,0,0.000000,0,0,0.000000,0,0,0.000000,0,0,0.000000,0,0.000000,0,0.000000,1,0.534180
1692,153.818182,1,0,0.000000,0,0,0.000000,0,0,0.000000,0,0,0.000000,0,0,0.000000,0,0.000000,0,0.000000,1,0.633789
1693,153.909091,1,0,0.000000,0,0,0.000000,0,0,0.000000,0,0,0.000000,0,0,0.000000,0,0.000000,0,0.000000,1,0.632324
1694,154.000000,1,0,0.000000,0,0,0.000000,0,0,0.000000,0,0,0.000000,0,0,0.000000,0,0.000000,0,0.000000,1,0.766602
1695,154.090909,1,0,0.000000,0,0,0.000000,0,0,0.000000,0,0,0.000000,0,0,0.000000,0,0.000000,0,0.000000,1,0.799316
1696,154.181818,1,0,0.000000,0,0,0.000000,0,0,0.000000,0,0,0.000000,0,0,0.000000,0,0.000000,0,0.000000,1,0.794922
1697,154.272727,1,0,0.000000,0,0,0.000000,0,0,0.000000,0,1,0.421143,1,1,0.267822,0,0.000000,0,0.000000,1,0.832520
1698,154.363636,1,0,0.000000,0,0,0.000000,0,0,0.000000,0,0,0.000000,0,1,0.407959,0,0.000000,0,0.000000,1,0.802734
1699,154.454545,1,0,0.000000,0,0,0.000000,0,0,0.000000,0,0,0.000000,0,1,0.489502,0,0.000000,0,0.000000,1,0.467041
1700,154.545455,1,0,0.000000,0,0,0.000000,0,0,0.000000,0,0,0.000000,0,2,0.469727,0,0.000000,0,0.000000,1,0.517578
1701,154.636364,1,0,0.000000,0,0,0.000000,0,0,0.000000,0,0,0.000000,0,1,0.260010,0,0.000000,0,0.000000,1,0.596191
1702,154.727273,1,0,0.000000,0,0,0.000000,0,0,0.000000,0,0,0.000000,0,0,0.000000,0,0.000000,0,0.000000,1,0.710938
1703,154.818182,1,0,0.000000,0,0,0.000000,0,0,0.000000,0,0,0.000000,0,0,0.000000,0,0.000000,0,0.000000,1,0.320312
1704,154.909091,1,0,0.000000,0,0,0.000000,0,0,0.000000,0,0,0.000000,0,0,0.000000,0,0.000000,0,0.000000,1,0.329590
1705,155.000000,1,0,0.000000,0,0,0.000000,0,0,0.000000,0,0,0.000000,0,0,0.000000,0,0.000000,0,0.000000,0,0.000000
1706,155.090909,1,0,0.000000,0,0,0.000000,0,0,0.000000,0,0,0.000000,0,0,0.000000,0,0.000000,0,0.000000,1,0.293701
1707,155.181818,1,0,0.000000,0,0,0.000000,0,0,0.000000,0,0,0.000000,0,0,0.000000,0,0.000000,0,0.000000,0,0.000000
1708,155.272727,0,0,0.000000,0,0,0.000000,0,0,0.000000,0,0,0.000000,0,0,0.000000,0,0.000000,0,0.000000,0,0.000000
1709,155.363636,0,0,0.000000,0,0,0.000000,0,0,0.000000,0,0,0.000000,0,0,0.000000,0,0.000000,0,0.000000,0,0.000000
1710,155.454545,0,0,0.000000,0,0,0.000000,0,0,0.000000,0,0,0.000000,0,0,0.000000,0,0.000000,0,0.000000,0,0.000000
1711,155.545455,1,0,0.000000,0,0,0.000000,0,0,0.000000,0,0,0.000000,0,0,0.000000,0,0.000000,0,0.000000,0,0.000000
1712,155.636364,1,0,0.000000,0,0,0.000000,0,0,0.000000,0,0,0.000000,0,0,0.000000,0,0.000000,0,0.000000,0,0.000000
1713,155.727273,1,0,0.000000,0,0,0.000000,0,0,0.000000,0,0,0.000000,0,0,0.000000,0,0.000000,0,0.000000,0,0.000000
1714,155.818182,1,0,0.000000,0,0,0.000000,0,0,0.000000,0,0,0.000000,0,0,0.000000,0,0.000000,0,0.000000,0,0.000000
1715,155.909091,1,0,0.000000,0,0,0.000000,0,0,0.000000,0,0,0.000000,0,0,0.000000,0,0.000000,0,0.000000,0,0.000000
1716,156.000000,1,0,0.000000,0,0,0.000000,0,0,0.000000,0,0,0.000000,0,0,0.000000,0,0.000000,0,0.000000,0,0.000000
1717,156.090909,1,0,0.000000,0,0,0.000000,0,0,0.000000,0,0,0.000000,0,0,0.000000,0,0.000000,0,0.000000,0,0.000000
1718,156.181818,2,0,0.000000,0,0,0.000000,0,0,0.000000,0,0,0.000000,0,0,0.000000,0,0.000000,0,0.000000,0,0.000000
1719,156.272727,2,0,0.000000,0,0,0.000000,0,0,0.000000,0,0,0.000000,0,0,0.000000,0,0.000000,0,0.000000,0,0.000000
1720,156.363636,1,0,0.000000,0,0,0.000000,0,0,0.000000,0,0,0.000000,0,0,0.000000,0,0.000000,0,0.000000,1,0.342529
1721,156.454545,1,0,0.000000,0,0,0.000000,0,0,0.000000,0,0,0.000000,0,0,0.000000,0,0.000000,0,0.000000,1,0.467041
1722,156.545455,2,0,0.000000,0,0,0.000000,0,0,0.000000,0,0,0.000000,0,0,0.000000,0,0.000000,0,0.000000,1,0.316895
1723,156.636364,1,0,0.000000,0,0,0.000000,0,0,0.000000,0,0,0.000000,0,0,0.000000,0,0.000000,0,0.000000,1,0.560059
1724,156.727273,1,0,0.000000,0,0,0.000000,0,0,0.000000,0,0,0.000000,0,0,0.000000,0,0.000000,0,0.000000,1,0.583984
1725,156.818182,1,0,0.000000,0,0,0.000000,0,0,0.000000,0,0,0.000000,0,0,0.000000,0,0.000000,0,0.000000,1,0.548340
1726,156.909091,2,0,0.000000,0,0,0.000000,0,0,0.000000,0,0,0.000000,0,0,0.000000,0,0.000000,0,0.000000,1,0.623047
1727,157.000000,1,0,0.000000,0,0,0.000000,0,0,0.000000,0,0,0.000000,0,0,0.000000,0,0.000000,0,0.000000,1,0.682617
1728,157.090909,1,0,0.000000,0,0,0.000000,0,0,0.000000,0,0,0.000000,0,0,0.000000,0,0.000000,0,0.000000,1,0.569336
1729,157.181818,1,0,0.000000,0,0,0.000000,0,0,0.000000,0,0,0.000000,0,0,0.000000,0,0.000000,0,0.000000,1,0.650391
1730,157.272727,1,0,0.000000,0,0,0.000000,0,0,0.000000,0,0,0.000000,0,1,0.314941,0,0.000000,0,0.000000,1,0.661621
1731,157.363636,1,0,0.000000,0,0,0.000000,0,0,0.000000,0,0,0.000000,0,0,0.000000,0,0.000000,0,0.000000,1,0.490967
1732,157.454545,1,0,0.000000,0,0,0.000000,0,0,0.000000,0,0,0.000000,0,0,0.000000,0,0.000000,0,0.000000,1,0.595215
1733,157.545455,1,0,0.000000,0,0,0.000000,0,0,0.000000,0,0,0.000000,0,1,0.372070,0,0.000000,0,0.000000,1,0.586426
1734,157.636364,1,0,0.000000,0,0,0.000000,0,0,0.000000,0,0,0.000000,0,0,0.000000,0,0.000000,0,0.000000,1,0.529785
1735,157.727273,1,0,0.000000,0,0,0.000000,0,0,0.000000,0,0,0.000000,0,0,0.000000,0,0.000000,0,0.000000,1,0.505859
1736,157.818182,1,0,0.000000,0,0,0.000000,0,0,0.000000,0,0,0.000000,0,0,0.000000,0,0.000000,0,0.000000,1,0.699707
1737,157.909091,1,0,0.000000,0,0,0.000000,0,0,0.000000,0,1,0.314209,1,0,0.000000,0,0.000000,0,0.000000,1,0.690918
1738,158.000000,1,0,0.000000,0,0,0.000000,0,0,0.000000,0,0,0.000000,0,0,0.000000,0,0.000000,0,0.000000,1,0.753906
1739,158.090909,1,0,0.000000,0,0,0.000000,0,0,0.000000,0,0,0.000000,0,0,0.000000,0,0.000000,0,0.000000,1,0.443604
1740,158.181818,1,0,0.000000,0,0,0.000000,0,0,0.000000,0,1,0.253662,1,0,0.000000,0,0.000000,0,0.000000,1,0.394775
1741,158.272727,1,0,0.000000,0,0,0.000000,0,0,0.000000,0,2,0.321777,1,0,0.000000,0,0.000000,0,0.000000,1,0.421631
1742,158.363636,1,0,0.000000,0,0,0.000000,0,0,0.000000,0,3,0.439209,1,0,0.000000,0,0.000000,0,0.000000,1,0.602539
1743,158.454545,1,0,0.000000,0,0,0.000000,0,0,0.000000,0,3,0.423096,1,0,0.000000,0,0.000000,0,0.000000,1,0.582031
1744,158.545455,1,0,0.000000,0,0,0.000000,0,0,0.000000,0,1,0.339111,1,0,0.000000,0,0.000000,0,0.000000,1,0.468018
1745,158.636364,1,0,0.000000,0,0,0.000000,0,0,0.000000,0,1,0.317871,1,0,0.000000,0,0.000000,0,0.000000,1,0.514160
1746,158.727273,1,0,0.000000,0,0,0.000000,0,0,0.000000,0,3,0.360107,1,0,0.000000,0,0.000000,0,0.000000,1,0.543945
1747,158.818182,1,0,0.000000,0,0,0.000000,0,0,0.000000,0,3,0.358643,1,0,0.000000,0,0.000000,0,0.000000,1,0.552734
1748,158.909091,1,0,0.000000,0,0,0.000000,0,0,0.000000,0,4,0.478516,1,0,0.000000,0,0.000000,0,0.000000,1,0.507324
1749,159.000000,1,0,0.000000,0,0,0.000000,0,0,0.000000,0,1,0.268311,1,0,0.000000,0,0.000000,0,0.000000,1,0.486572
1750,159.090909,1,0,0.000000,0,0,0.000000,0,0,0.000000,0,1,0.258057,1,0,0.000000,0,0.000000,0,0.000000,1,0.628906
1751,159.181818,1,0,0.000000,0,0,0.000000,0,0,0.000000,0,1,0.254395,1,0,0.000000,0,0.000000,0,0.000000,0,0.000000
1752,159.272727,1,0,0.000000,0,0,0.000000,0,0,0.000000,0,1,0.253906,1,0,0.000000,0,0.000000,0,0.000000,0,0.000000
1753,159.363636,1,0,0.000000,0,0,0.000000,0,0,0.000000,0,1,0.296631,1,0,0.000000,0,0.000000,0,0.000000,0,0.000000
1754,159.454545,1,1,0.277588,1,0,0.000000,0,0,0.000000,0,0,0.000000,0,0,0.000000,0,0.000000,0,0.000000,1,0.373779
1755,159.545455,1,1,0.451416,1,0,0.000000,0,0,0.000000,0,0,0.000000,0,0,0.000000,0,0.000000,0,0.000000,1,0.553711
1756,159.636364,1,0,0.000000,0,0,0.000000,0,0,0.000000,0,0,0.000000,0,0,0.000000,0,0.000000,0,0.000000,0,0.000000
1757,159.727273,1,0,0.000000,0,0,0.000000,0,0,0.000000,0,0,0.000000,0,0,0.000000,0,0.000000,0,0.000000,0,0.000000
1758,159.818182,1,1,0.590332,1,0,0.000000,0,0,0.000000,0,0,0.000000,0,0,0.000000,0,0.000000,0,0.000000,0,0.000000
1759,159.909091,1,1,0.548828,1,0,0.000000,0,0,0.000000,0,0,0.000000,0,0,0.000000,0,0.000000,0,0.000000,0,0.000000
1760,160.000000,1,1,0.746582,1,0,0.000000,0,0,0.000000,0,1,0.325195,1,0,0.000000,0,0.000000,0,0.000000,0,0.000000
1761,160.090909,1,1,0.768066,1,0,0.000000,0,0,0.000000,0,1,0.325195,1,0,0.000000,0,0.000000,0,0.000000,0,0.000000
1762,160.181818,1,1,0.764160,1,0,0.000000,0,0,0.000000,0,1,0.326172,1,0,0.000000,0,0.000000,0,0.000000,0,0.000000
1763,160.272727,1,1,0.774414,1,0,0.000000,0,0,0.000000,0,1,0.294434,1,0,0.000000,0,0.000000,0,0.000000,0,0.000000
1764,160.363636,1,1,0.805176,1,0,0.000000,0,0,0.000000,0,1,0.256592,1,0,0.000000,0,0.000000,0,0.000000,0,0.000000
1765,160.454545,1,1,0.805176,1,0,0.000000,0,0,0.000000,0,1,0.250732,1,0,0.000000,0,0.000000,0,0.000000,0,0.000000
1766,160.545455,1,1,0.823242,1,0,0.000000,0,0,0.000000,0,0,0.000000,0,0,0.000000,0,0.000000,0,0.000000,0,0.000000
1767,160.636364,1,1,0.746582,1,0,0.000000,0,0,0.000000,0,0,0.000000,0,0,0.000000,0,0.000000,0,0.000000,0,0.000000
1768,160.727273,1,1,0.753418,1,0,0.000000,0,0,0.000000,0,0,0.000000,0,0,0.000000,0,0.000000,0,0.000000,0,0.000000
1769,160.818182,1,1,0.754395,1,0,0.000000,0,0,0.000000,0,0,0.000000,0,0,0.000000,0,0.000000,0,0.000000,0,0.000000
1770,160.909091,1,1,0.740723,1,1,0.350342,1,0,0.000000,0,1,0.257812,1,0,0.000000,0,0.000000,0,0.000000,0,0.000000
1771,161.000000,1,1,0.600098,1,0,0.000000,0,0,0.000000,0,1,0.279541,1,0,0.000000,0,0.000000,0,0.000000,0,0.000000
1772,161.090909,1,0,0.000000,0,0,0.000000,0,0,0.000000,0,0,0.000000,0,0,0.000000,0,0.000000,0,0.000000,0,0.000000
1773,161.181818,1,0,0.000000,0,0,0.000000,0,0,0.000000,0,0,0.000000,0,0,0.000000,0,0.000000,0,0.000000,0,0.000000
1774,161.272727,1,0,0.000000,0,0,0.000000,0,0,0.000000,0,0,0.000000,0,0,0.000000,0,0.000000,0,0.000000,0,0.000000
1775,161.363636,1,0,0.000000,0,0,0.000000,0,0,0.000000,0,0,0.000000,0,0,0.000000,0,0.000000,0,0.000000,0,0.000000
1776,161.454545,1,0,0.000000,0,0,0.000000,0,0,0.000000,0,0,0.000000,0,0,0.000000,0,0.000000,0,0.000000,0,0.000000
1777,161.545455,1,0,0.000000,0,0,0.000000,0,0,0.000000,0,0,0.000000,0,0,0.000000,0,0.000000,0,0.000000,0,0.000000
1778,161.636364,1,0,0.000000,0,0,0.000000,0,0,0.000000,0,1,0.275391,1,0,0.000000,0,0.000000,0,0.000000,0,0.000000
1779,161.727273,1,0,0.000000,0,0,0.000000,0,0,0.000000,0,1,0.295654,1,0,0.000000,0,0.000000,0,0.000000,0,0.000000
1780,161.818182,1,0,0.000000,0,0,0.000000,0,0,0.000000,0,0,0.000000,0,0,0.000000,0,0.000000,0,0.000000,1,0.365723
1781,161.909091,1,0,0.000000,0,0,0.000000,0,0,0.000000,0,0,0.000000,0,0,0.000000,0,0.000000,0,0.000000,1,0.454346
1782,162.000000,1,0,0.000000,0,1,0.416260,1,0,0.000000,0,0,0.000000,0,0,0.000000,0,0.000000,0,0.000000,0,0.000000
1783,162.090909,1,0,0.000000,0,1,0.426025,1,0,0.000000,0,0,0.000000,0,0,0.000000,0,0.000000,0,0.000000,0,0.000000
1784,162.181818,1,0,0.000000,0,0,0.000000,0,0,0.000000,0,0,0.000000,0,0,0.000000,0,0.000000,0,0.000000,1,0.411621
1785,162.272727,1,1,0.477539,1,1,0.254883,1,0,0.000000,0,0,0.000000,0,0,0.000000,0,0.000000,0,0.000000,0,0.000000
1786,162.363636,1,1,0.559570,1,1,0.258789,1,0,0.000000,0,0,0.000000,0,0,0.000000,0,0.000000,0,0.000000,0,0.000000
1787,162.454545,1,1,0.625000,1,1,0.382568,1,0,0.000000,0,0,0.000000,0,0,0.000000,0,0.000000,0,0.000000,0,0.000000
1788,162.545455,1,1,0.613770,1,1,0.384277,1,0,0.000000,0,0,0.000000,0,0,0.000000,0,0.000000,0,0.000000,0,0.000000
1789,162.636364,1,1,0.423096,1,0,0.000000,0,0,0.000000,0,0,0.000000,0,0,0.000000,0,0.000000,0,0.000000,1,0.294189
1790,162.727273,1,1,0.421387,1,0,0.000000,0,0,0.000000,0,0,0.000000,0,0,0.000000,0,0.000000,0,0.000000,1,0.327637
1791,162.818182,1,1,0.526367,1,0,0.000000,0,0,0.000000,0,0,0.000000,0,0,0.000000,0,0.000000,0,0.000000,1,0.636230
1792,162.909091,1,1,0.549805,1,0,0.000000,0,0,0.000000,0,0,0.000000,0,0,0.000000,0,0.000000,0,0.000000,1,0.640137
1793,163.000000,1,1,0.328613,1,1,0.752441,1,0,0.000000,0,0,0.000000,0,0,0.000000,0,0.000000,0,0.000000,1,0.454346
1794,163.090909,1,1,0.340820,1,1,0.756836,1,0,0.000000,0,0,0.000000,0,0,0.000000,0,0.000000,0,0.000000,1,0.467041
1795,163.181818,1,1,0.342285,1,1,0.725586,1,0,0.000000,0,0,0.000000,0,0,0.000000,0,0.000000,0,0.000000,0,0.000000
1796,163.272727,1,1,0.460449,1,2,0.481201,1,0,0.000000,0,0,0.000000,0,0,0.000000,0,0.000000,0,0.000000,0,0.000000
1797,163.363636,1,0,0.000000,0,1,0.428711,1,0,0.000000,0,0,0.000000,0,0,0.000000,0,0.000000,0,0.000000,0,0.000000
1798,163.454545,1,0,0.000000,0,1,0.417969,1,0,0.000000,0,0,0.000000,0,0,0.000000,0,0.000000,0,0.000000,0,0.000000
1799,163.545455,1,0,0.000000,0,0,0.000000,0,0,0.000000,0,0,0.000000,0,0,0.000000,0,0.000000,0,0.000000,0,0.000000
1800,163.636364,1,0,0.000000,0,0,0.000000,0,0,0.000000,0,0,0.000000,0,0,0.000000,0,0.000000,0,0.000000,0,0.000000
1801,163.727273,1,1,0.445312,1,0,0.000000,0,0,0.000000,0,0,0.000000,0,0,0.000000,0,0.000000,0,0.000000,0,0.000000
1802,163.818182,1,1,0.467041,1,0,0.000000,0,0,0.000000,0,0,0.000000,0,0,0.000000,0,0.000000,0,0.000000,0,0.000000
1803,163.909091,1,1,0.367920,1,1,0.362305,1,0,0.000000,0,1,0.417236,1,0,0.000000,0,0.000000,0,0.000000,0,0.000000
1804,164.000000,1,1,0.564941,1,1,0.297363,1,0,0.000000,0,1,0.338135,1,0,0.000000,0,0.000000,0,0.000000,0,0.000000
1805,164.090909,1,1,0.572754,1,1,0.320801,1,0,0.000000,0,1,0.340820,1,0,0.000000,0,0.000000,0,0.000000,0,0.000000
1806,164.181818,1,1,0.457520,1,1,0.481201,1,0,0.000000,0,0,0.000000,0,0,0.000000,0,0.000000,0,0.000000,0,0.000000
1807,164.272727,1,1,0.321777,1,0,0.000000,0,0,0.000000,0,1,0.278564,1,0,0.000000,0,0.000000,0,0.000000,0,0.000000
1808,164.363636,1,0,0.000000,0,1,0.430908,1,0,0.000000,0,0,0.000000,0,0,0.000000,0,0.000000,0,0.000000,1,0.277588
1809,164.454545,1,0,0.000000,0,1,0.395752,1,0,0.000000,0,0,0.000000,0,0,0.000000,0,0.000000,0,0.000000,1,0.300049
1810,164.545455,1,0,0.000000,0,1,0.746582,1,0,0.000000,0,1,0.251221,1,0,0.000000,0,0.000000,0,0.000000,0,0.000000
1811,164.636364,1,1,0.537109,1,1,0.412842,1,0,0.000000,0,0,0.000000,0,0,0.000000,0,0.000000,0,0.000000,1,0.504883
1812,164.727273,1,1,0.503418,1,0,0.000000,0,0,0.000000,0,0,0.000000,0,0,0.000000,0,0.000000,0,0.000000,1,0.442871
1813,164.818182,1,1,0.470947,1,0,0.000000,0,0,0.000000,0,0,0.000000,0,0,0.000000,0,0.000000,0,0.000000,0,0.000000
1814,164.909091,1,1,0.470947,1,0,0.000000,0,0,0.000000,0,0,0.000000,0,0,0.000000,0,0.000000,0,0.000000,0,0.000000
1815,165.000000,1,1,0.344482,1,0,0.000000,0,0,0.000000,0,0,0.000000,0,0,0.000000,0,0.000000,0,0.000000,1,0.257080
1816,165.090909,1,1,0.508301,1,0,0.000000,0,0,0.000000,0,0,0.000000,0,0,0.000000,0,0.000000,0,0.000000,1,0.318848
1817,165.181818,1,1,0.520020,1,0,0.000000,0,0,0.000000,0,0,0.000000,0,0,0.000000,0,0.000000,0,0.000000,1,0.321777
1818,165.272727,1,1,0.401855,1,0,0.000000,0,0,0.000000,0,0,0.000000,0,0,0.000000,0,0.000000,0,0.000000,1,0.383545
1819,165.363636,1,1,0.474854,1,0,0.000000,0,0,0.000000,0,0,0.000000,0,0,0.000000,0,0.000000,0,0.000000,1,0.600098
1820,165.454545,1,0,0.000000,0,0,0.000000,0,0,0.000000,0,0,0.000000,0,0,0.000000,0,0.000000,0,0.000000,1,0.503418
1821,165.545455,1,0,0.000000,0,0,0.000000,0,0,0.000000,0,1,0.280273,1,0,0.000000,0,0.000000,0,0.000000,1,0.614746
1822,165.636364,1,0,0.000000,0,0,0.000000,0,0,0.000000,0,0,0.000000,0,0,0.000000,0,0.000000,0,0.000000,1,0.732910
1823,165.727273,1,0,0.000000,0,0,0.000000,0,0,0.000000,0,0,0.000000,0,0,0.000000,0,0.000000,0,0.000000,1,0.722168
1824,165.818182,1,0,0.000000,0,0,0.000000,0,0,0.000000,0,0,0.000000,0,1,0.250488,0,0.000000,0,0.000000,1,0.524414
1825,165.909091,1,0,0.000000,0,0,0.000000,0,0,0.000000,0,0,0.000000,0,0,0.000000,0,0.000000,0,0.000000,1,0.397461
1826,166.000000,1,0,0.000000,0,0,0.000000,0,0,0.000000,0,0,0.000000,0,0,0.000000,0,0.000000,0,0.000000,1,0.289062
1827,166.090909,1,0,0.000000,0,0,0.000000,0,0,0.000000,0,0,0.000000,0,0,0.000000,0,0.000000,0,0.000000,0,0.000000
1828,166.181818,1,0,0.000000,0,0,0.000000,0,0,0.000000,0,0,0.000000,0,0,0.000000,0,0.000000,0,0.000000,0,0.000000
1829,166.272727,1,0,0.000000,0,0,0.000000,0,0,0.000000,0,0,0.000000,0,0,0.000000,0,0.000000,0,0.000000,0,0.000000
1830,166.363636,1,0,0.000000,0,0,0.000000,0,0,0.000000,0,0,0.000000,0,0,0.000000,0,0.000000,0,0.000000,0,0.000000
1831,166.454545,1,0,0.000000,0,0,0.000000,0,0,0.000000,0,0,0.000000,0,0,0.000000,0,0.000000,0,0.000000,0,0.000000
1832,166.545455,1,0,0.000000,0,0,0.000000,0,0,0.000000,0,0,0.000000,0,0,0.000000,0,0.000000,0,0.000000,0,0.000000
1833,166.636364,1,0,0.000000,0,0,0.000000,0,0,0.000000,0,0,0.000000,0,0,0.000000,0,0.000000,0,0.000000,0,0.000000
1834,166.727273,1,0,0.000000,0,0,0.000000,0,0,0.000000,0,0,0.000000,0,1,0.252441,0,0.000000,0,0.000000,1,0.325195
1835,166.818182,1,0,0.000000,0,0,0.000000,0,0,0.000000,0,0,0.000000,0,0,0.000000,0,0.000000,0,0.000000,1,0.284668
1836,166.909091,1,0,0.000000,0,1,0.267822,1,0,0.000000,0,0,0.000000,0,0,0.000000,0,0.000000,0,0.000000,1,0.288574
1837,167.000000,1,0,0.000000,0,0,0.000000,0,0,0.000000,0,0,0.000000,0,0,0.000000,0,0.000000,0,0.000000,1,0.297363
1838,167.090909,1,0,0.000000,0,0,0.000000,0,0,0.000000,0,1,0.282471,1,0,0.000000,0,0.000000,0,0.000000,1,0.554199
1839,167.181818,1,0,0.000000,0,0,0.000000,0,0,0.000000,0,1,0.255371,1,0,0.000000,0,0.000000,0,0.000000,1,0.344238
1840,167.272727,1,0,0.000000,0,0,0.000000,0,0,0.000000,0,0,0.000000,0,0,0.000000,0,0.000000,0,0.000000,1,0.381592
1841,167.363636,1,0,0.000000,0,0,0.000000,0,0,0.000000,0,0,0.000000,0,0,0.000000,0,0.000000,0,0.000000,1,0.501953
1842,167.454545,1,0,0.000000,0,0,0.000000,0,0,0.000000,0,0,0.000000,0,0,0.000000,0,0.000000,0,0.000000,1,0.465576
1843,167.545455,1,0,0.000000,0,0,0.000000,0,0,0.000000,0,0,0.000000,0,0,0.000000,0,0.000000,0,0.000000,1,0.473145
1844,167.636364,1,0,0.000000,0,0,0.000000,0,0,0.000000,0,0,0.000000,0,0,0.000000,0,0.000000,0,0.000000,1,0.435791
1845,167.727273,1,0,0.000000,0,0,0.000000,0,0,0.000000,0,0,0.000000,0,0,0.000000,0,0.000000,0,0.000000,1,0.626465
1846,167.818182,1,0,0.000000,0,0,0.000000,0,0,0.000000,0,0,0.000000,0,0,0.000000,0,0.000000,0,0.000000,1,0.682129
1847,167.909091,1,1,0.637695,1,0,0.000000,0,0,0.000000,0,0,0.000000,0,0,0.000000,0,0.000000,0,0.000000,1,0.636230
1848,168.000000,1,1,0.559570,1,0,0.000000,0,0,0.000000,0,0,0.000000,0,0,0.000000,0,0.000000,0,0.000000,1,0.757324
1849,168.090909,1,1,0.539551,1,0,0.000000,0,0,0.000000,0,0,0.000000,0,0,0.000000,0,0.000000,0,0.000000,1,0.757812
1850,168.181818,1,1,0.404785,1,0,0.000000,0,0,0.000000,0,0,0.000000,0,0,0.000000,0,0.000000,0,0.000000,1,0.499023
1851,168.272727,1,1,0.431396,1,0,0.000000,0,0,0.000000,0,0,0.000000,0,0,0.000000,0,0.000000,0,0.000000,1,0.482910
1852,168.363636,1,1,0.693359,1,0,0.000000,0,0,0.000000,0,1,0.302734,1,0,0.000000,0,0.000000,0,0.000000,1,0.589355
1853,168.454545,1,1,0.698730,1,0,0.000000,0,0,0.000000,0,1,0.303223,1,0,0.000000,0,0.000000,0,0.000000,1,0.531250
1854,168.545455,1,1,0.617676,1,0,0.000000,0,0,0.000000,0,0,0.000000,0,0,0.000000,0,0.000000,0,0.000000,1,0.602539
1855,168.636364,1,1,0.654785,1,0,0.000000,0,0,0.000000,0,0,0.000000,0,0,0.000000,0,0.000000,0,0.000000,1,0.392090
1856,168.727273,1,1,0.641113,1,0,0.000000,0,0,0.000000,0,0,0.000000,0,0,0.000000,0,0.000000,0,0.000000,1,0.489502
1857,168.818182,1,1,0.641113,1,0,0.000000,0,0,0.000000,0,0,0.000000,0,0,0.000000,0,0.000000,0,0.000000,1,0.518066
1858,168.909091,1,1,0.813477,1,0,0.000000,0,0,0.000000,0,1,0.294189,1,0,0.000000,0,0.000000,0,0.000000,1,0.621582
1859,169.000000,1,1,0.791992,1,0,0.000000,0,0,0.000000,0,1,0.382568,1,0,0.000000,0,0.000000,0,0.000000,1,0.779297
1860,169.090909,1,1,0.424072,1,0,0.000000,0,0,0.000000,0,1,0.348877,1,0,0.000000,0,0.000000,0,0.000000,1,0.807617
1861,169.181818,1,0,0.000000,0,0,0.000000,0,0,0.000000,0,0,0.000000,0,0,0.000000,0,0.000000,0,0.000000,1,0.667480
1862,169.272727,1,0,0.000000,0,0,0.000000,0,0,0.000000,0,1,0.373779,1,0,0.000000,0,0.000000,0,0.000000,1,0.552734
1863,169.363636,1,0,0.000000,0,0,0.000000,0,0,0.000000,0,0,0.000000,0,0,0.000000,0,0.000000,0,0.000000,0,0.000000
1864,169.454545,1,1,0.266846,1,0,0.000000,0,0,0.000000,0,0,0.000000,0,0,0.000000,0,0.000000,0,0.000000,1,0.460449
1865,169.545455,1,1,0.271240,1,0,0.000000,0,0,0.000000,0,0,0.000000,0,0,0.000000,0,0.000000,0,0.000000,1,0.457031
1866,169.636364,1,1,0.400635,1,0,0.000000,0,0,0.000000,0,0,0.000000,0,0,0.000000,0,0.000000,0,0.000000,1,0.372803
1867,169.727273,1,1,0.627441,1,0,0.000000,0,0,0.000000,0,0,0.000000,0,0,0.000000,0,0.000000,0,0.000000,0,0.000000
1868,169.818182,1,1,0.763184,1,1,0.575684,1,0,0.000000,0,1,0.273926,1,0,0.000000,0,0.000000,0,0.000000,0,0.000000
1869,169.909091,1,1,0.594727,1,1,0.645020,1,0,0.000000,0,1,0.274658,1,0,0.000000,0,0.000000,0,0.000000,0,0.000000
1870,170.000000,1,1,0.675781,1,1,0.758301,1,0,0.000000,0,1,0.258545,1,0,0.000000,0,0.000000,0,0.000000,0,0.000000
1871,170.090909,1,1,0.753418,1,1,0.750000,1,0,0.000000,0,0,0.000000,0,0,0.000000,0,0.000000,0,0.000000,0,0.000000
1872,170.181818,1,1,0.492188,1,2,0.650879,1,0,0.000000,0,0,0.000000,0,0,0.000000,0,0.000000,0,0.000000,0,0.000000
1873,170.272727,1,0,0.000000,0,1,0.368896,1,0,0.000000,0,0,0.000000,0,0,0.000000,0,0.000000,0,0.000000,0,0.000000
1874,170.363636,1,0,0.000000,0,0,0.000000,0,0,0.000000,0,0,0.000000,0,2,0.312988,0,0.000000,0,0.000000,1,0.298584
1875,170.454545,1,0,0.000000,0,0,0.000000,0,0,0.000000,0,0,0.000000,0,1,0.295166,0,0.000000,0,0.000000,1,0.265625
1876,170.545455,1,0,0.000000,0,0,0.000000,0,0,0.000000,0,0,0.000000,0,0,0.000000,0,0.000000,0,0.000000,0,0.000000
1877,170.636364,1,0,0.000000,0,0,0.000000,0,0,0.000000,0,0,0.000000,0,0,0.000000,0,0.000000,0,0.000000,0,0.000000
1878,170.727273,1,0,0.000000,0,0,0.000000,0,0,0.000000,0,0,0.000000,0,0,0.000000,0,0.000000,0,0.000000,0,0.000000
1879,170.818182,1,0,0.000000,0,0,0.000000,0,0,0.000000,0,0,0.000000,0,0,0.000000,0,0.000000,0,0.000000,1,0.520996
1880,170.909091,1,0,0.000000,0,0,0.000000,0,0,0.000000,0,0,0.000000,0,0,0.000000,0,0.000000,0,0.000000,1,0.385010
1881,171.000000,1,0,0.000000,0,0,0.000000,0,0,0.000000,0,0,0.000000,0,0,0.000000,0,0.000000,0,0.000000,1,0.310059
1882,171.090909,1,0,0.000000,0,0,0.000000,0,0,0.000000,0,0,0.000000,0,0,0.000000,0,0.000000,0,0.000000,0,0.000000
1883,171.181818,1,0,0.000000,0,0,0.000000,0,0,0.000000,0,0,0.000000,0,0,0.000000,0,0.000000,0,0.000000,0,0.000000
1884,171.272727,1,0,0.000000,0,0,0.000000,0,0,0.000000,0,0,0.000000,0,0,0.000000,0,0.000000,0,0.000000,0,0.000000
1885,171.363636,1,0,0.000000,0,0,0.000000,0,0,0.000000,0,0,0.000000,0,0,0.000000,0,0.000000,0,0.000000,0,0.000000
1886,171.454545,1,0,0.000000,0,0,0.000000,0,0,0.000000,0,0,0.000000,0,2,0.418701,0,0.000000,0,0.000000,0,0.000000
1887,171.545455,1,0,0.000000,0,0,0.000000,0,0,0.000000,0,0,0.000000,0,0,0.000000,0,0.000000,0,0.000000,0,0.000000
1888,171.636364,1,0,0.000000,0,0,0.000000,0,0,0.000000,0,2,0.274658,1,0,0.000000,0,0.000000,0,0.000000,0,0.000000
1889,171.727273,1,0,0.000000,0,0,0.000000,0,0,0.000000,0,1,0.339600,1,0,0.000000,0,0.000000,0,0.000000,0,0.000000
1890,171.818182,1,0,0.000000,0,0,0.000000,0,0,0.000000,0,0,0.000000,0,0,0.000000,0,0.000000,0,0.000000,0,0.000000
1891,171.909091,1,0,0.000000,0,0,0.000000,0,0,0.000000,0,2,0.351074,1,0,0.000000,0,0.000000,0,0.000000,0,0.000000
1892,172.000000,0,0,0.000000,0,0,0.000000,0,0,0.000000,0,1,0.266846,1,0,0.000000,0,0.000000,0,0.000000,0,0.000000
1893,172.090909,0,0,0.000000,0,0,0.000000,0,0,0.000000,0,0,0.000000,0,0,0.000000,0,0.000000,0,0.000000,0,0.000000
1894,172.181818,0,0,0.000000,0,0,0.000000,0,0,0.000000,0,0,0.000000,0,0,0.000000,0,0.000000,0,0.000000,0,0.000000
1895,172.272727,1,0,0.000000,0,0,0.000000,0,0,0.000000,0,1,0.339600,1,0,0.000000,0,0.000000,0,0.000000,0,0.000000
1896,172.363636,1,0,0.000000,0,0,0.000000,0,0,0.000000,0,0,0.000000,0,0,0.000000,0,0.000000,0,0.000000,0,0.000000
1897,172.454545,1,0,0.000000,0,0,0.000000,0,0,0.000000,0,1,0.284180,1,0,0.000000,0,0.000000,0,0.000000,0,0.000000
1898,172.545455,1,0,0.000000,0,0,0.000000,0,0,0.000000,0,0,0.000000,0,0,0.000000,0,0.000000,0,0.000000,0,0.000000
1899,172.636364,1,0,0.000000,0,0,0.000000,0,0,0.000000,0,1,0.457031,1,0,0.000000,0,0.000000,0,0.000000,0,0.000000
1900,172.727273,1,0,0.000000,0,0,0.000000,0,0,0.000000,0,1,0.516602,1,0,0.000000,0,0.000000,0,0.000000,1,0.647461
1901,172.818182,1,0,0.000000,0,0,0.000000,0,0,0.000000,0,2,0.423828,1,0,0.000000,0,0.000000,0,0.000000,1,0.763184
1902,172.909091,1,0,0.000000,0,0,0.000000,0,0,0.000000,0,1,0.488525,1,0,0.000000,0,0.000000,0,0.000000,1,0.766113
1903,173.000000,1,0,0.000000,0,0,0.000000,0,0,0.000000,0,3,0.402100,1,0,0.000000,0,0.000000,0,0.000000,1,0.703125
1904,173.090909,1,0,0.000000,0,0,0.000000,0,0,0.000000,0,3,0.404541,1,0,0.000000,0,0.000000,0,0.000000,1,0.696777
1905,173.181818,1,0,0.000000,0,0,0.000000,0,0,0.000000,0,2,0.329590,1,1,0.340576,0,0.000000,0,0.000000,1,0.748047
1906,173.272727,1,0,0.000000,0,0,0.000000,0,0,0.000000,0,1,0.265625,1,1,0.281250,0,0.000000,0,0.000000,1,0.716309
1907,173.363636,1,0,0.000000,0,0,0.000000,0,0,0.000000,0,0,0.000000,0,0,0.000000,0,0.000000,0,0.000000,1,0.705078
1908,173.454545,1,0,0.000000,0,0,0.000000,0,0,0.000000,0,0,0.000000,0,1,0.292969,0,0.000000,0,0.000000,1,0.614746
1909,173.545455,1,0,0.000000,0,0,0.000000,0,0,0.000000,0,2,0.253662,1,0,0.000000,0,0.000000,0,0.000000,1,0.419434
1910,173.636364,1,0,0.000000,0,0,0.000000,0,0,0.000000,0,0,0.000000,0,0,0.000000,0,0.000000,0,0.000000,1,0.603027
1911,173.727273,1,0,0.000000,0,0,0.000000,0,0,0.000000,0,2,0.271240,1,0,0.000000,0,0.000000,0,0.000000,1,0.601074
1912,173.818182,1,0,0.000000,0,0,0.000000,0,0,0.000000,0,2,0.284180,1,0,0.000000,0,0.000000,0,0.000000,1,0.582520
1913,173.909091,1,0,0.000000,0,0,0.000000,0,0,0.000000,0,0,0.000000,0,0,0.000000,0,0.000000,0,0.000000,1,0.287354
1914,174.000000,1,0,0.000000,0,0,0.000000,0,0,0.000000,0,0,0.000000,0,0,0.000000,0,0.000000,0,0.000000,1,0.575195
1915,174.090909,1,0,0.000000,0,0,0.000000,0,0,0.000000,0,0,0.000000,0,0,0.000000,0,0.000000,0,0.000000,1,0.564453
1916,174.181818,1,0,0.000000,0,0,0.000000,0,0,0.000000,0,0,0.000000,0,0,0.000000,0,0.000000,0,0.000000,1,0.758301
1917,174.272727,1,0,0.000000,0,0,0.000000,0,0,0.000000,0,3,0.390137,1,0,0.000000,0,0.000000,0,0.000000,1,0.562500
1918,174.363636,1,0,0.000000,0,0,0.000000,0,0,0.000000,0,0,0.000000,0,0,0.000000,0,0.000000,0,0.000000,1,0.569824
1919,174.454545,1,0,0.000000,0,0,0.000000,0,0,0.000000,0,0,0.000000,0,0,0.000000,0,0.000000,0,0.000000,1,0.532715
1920,174.545455,1,0,0.000000,0,0,0.000000,0,0,0.000000,0,0,0.000000,0,0,0.000000,0,0.000000,0,0.000000,1,0.582031
1921,174.636364,1,0,0.000000,0,0,0.000000,0,0,0.000000,0,0,0.000000,0,0,0.000000,0,0.000000,0,0.000000,1,0.641602
1922,174.727273,1,0,0.000000,0,0,0.000000,0,0,0.000000,0,0,0.000000,0,0,0.000000,0,0.000000,0,0.000000,1,0.686523
1923,174.818182,1,0,0.000000,0,0,0.000000,0,0,0.000000,0,0,0.000000,0,0,0.000000,0,0.000000,0,0.000000,1,0.638672
1924,174.909091,1,0,0.000000,0,0,0.000000,0,0,0.000000,0,0,0.000000,0,0,0.000000,0,0.000000,0,0.000000,1,0.522949
1925,175.000000,1,0,0.000000,0,0,0.000000,0,0,0.000000,0,0,0.000000,0,0,0.000000,0,0.000000,0,0.000000,1,0.268311
1926,175.090909,1,0,0.000000,0,0,0.000000,0,0,0.000000,0,0,0.000000,0,0,0.000000,0,0.000000,0,0.000000,1,0.277588
1927,175.181818,1,0,0.000000,0,0,0.000000,0,0,0.000000,0,0,0.000000,0,0,0.000000,0,0.000000,0,0.000000,1,0.515137
1928,175.272727,1,0,0.000000,0,0,0.000000,0,0,0.000000,0,0,0.000000,0,0,0.000000,0,0.000000,0,0.000000,1,0.543945
1929,175.363636,1,0,0.000000,0,0,0.000000,0,0,0.000000,0,0,0.000000,0,0,0.000000,0,0.000000,0,0.000000,1,0.528809
1930,175.454545,1,0,0.000000,0,0,0.000000,0,0,0.000000,0,0,0.000000,0,0,0.000000,0,0.000000,0,0.000000,0,0.000000
1931,175.545455,1,0,0.000000,0,0,0.000000,0,0,0.000000,0,0,0.000000,0,0,0.000000,0,0.000000,0,0.000000,0,0.000000
1932,175.636364,1,0,0.000000,0,0,0.000000,0,0,0.000000,0,1,0.386719,1,0,0.000000,0,0.000000,0,0.000000,0,0.000000
1933,175.727273,1,0,0.000000,0,0,0.000000,0,0,0.000000,0,1,0.382080,1,0,0.000000,0,0.000000,0,0.000000,0,0.000000
1934,175.818182,1,0,0.000000,0,0,0.000000,0,0,0.000000,0,1,0.389648,1,0,0.000000,0,0.000000,0,0.000000,0,0.000000
1935,175.909091,1,0,0.000000,0,0,0.000000,0,0,0.000000,0,1,0.392090,1,0,0.000000,0,0.000000,0,0.000000,0,0.000000
1936,176.000000,1,0,0.000000,0,1,0.294434,1,0,0.000000,0,1,0.426270,1,0,0.000000,0,0.000000,0,0.000000,0,0.000000
1937,176.090909,1,0,0.000000,0,0,0.000000,0,0,0.000000,0,0,0.000000,0,0,0.000000,0,0.000000,0,0.000000,0,0.000000
1938,176.181818,1,0,0.000000,0,1,0.270508,1,0,0.000000,0,0,0.000000,0,0,0.000000,0,0.000000,0,0.000000,1,0.340332
1939,176.272727,1,0,0.000000,0,1,0.283936,1,0,0.000000,0,0,0.000000,0,0,0.000000,0,0.000000,0,0.000000,1,0.341797
1940,176.363636,1,0,0.000000,0,1,0.381836,1,0,0.000000,0,0,0.000000,0,0,0.000000,0,0.000000,0,0.000000,0,0.000000
1941,176.454545,1,0,0.000000,0,1,0.382080,1,0,0.000000,0,0,0.000000,0,0,0.000000,0,0.000000,0,0.000000,0,0.000000
1942,176.545455,1,0,0.000000,0,0,0.000000,0,0,0.000000,0,1,0.254395,1,0,0.000000,0,0.000000,0,0.000000,1,0.270264
1943,176.636364,1,0,0.000000,0,0,0.000000,0,0,0.000000,0,0,0.000000,0,0,0.000000,0,0.000000,0,0.000000,1,0.290039
1944,176.727273,1,0,0.000000,0,1,0.512207,1,0,0.000000,0,0,0.000000,0,0,0.000000,0,0.000000,0,0.000000,0,0.000000
1945,176.818182,1,0,0.000000,0,1,0.437500,1,0,0.000000,0,1,0.258789,1,0,0.000000,0,0.000000,0,0.000000,0,0.000000
1946,176.909091,1,0,0.000000,0,1,0.439209,1,0,0.000000,0,0,0.000000,0,0,0.000000,0,0.000000,0,0.000000,0,0.000000
1947,177.000000,1,0,0.000000,0,0,0.000000,0,0,0.000000,0,0,0.000000,0,0,0.000000,0,0.000000,0,0.000000,1,0.318848
1948,177.090909,1,0,0.000000,0,0,0.000000,0,0,0.000000,0,0,0.000000,0,0,0.000000,0,0.000000,0,0.000000,1,0.385010
1949,177.181818,1,0,0.000000,0,0,0.000000,0,0,0.000000,0,0,0.000000,0,0,0.000000,0,0.000000,0,0.000000,0,0.000000
1950,177.272727,1,0,0.000000,0,0,0.000000,0,0,0.000000,0,0,0.000000,0,1,0.326660,0,0.000000,1,0.250488,1,0.382080
1951,177.363636,1,0,0.000000,0,0,0.000000,0,0,0.000000,0,1,0.319336,1,0,0.000000,0,0.000000,0,0.000000,1,0.251465
1952,177.454545,1,0,0.000000,0,0,0.000000,0,0,0.000000,0,0,0.000000,0,0,0.000000,0,0.000000,0,0.000000,0,0.000000
1953,177.545455,1,0,0.000000,0,0,0.000000,0,0,0.000000,0,0,0.000000,0,0,0.000000,0,0.000000,1,0.260010,0,0.000000
1954,177.636364,1,0,0.000000,0,0,0.000000,0,0,0.000000,0,1,0.366211,1,1,0.292725,0,0.000000,0,0.000000,1,0.428467
1955,177.727273,1,0,0.000000,0,0,0.000000,0,0,0.000000,0,0,0.000000,0,1,0.253906,0,0.000000,0,0.000000,1,0.630371
1956,177.818182,1,0,0.000000,0,0,0.000000,0,0,0.000000,0,0,0.000000,0,1,0.303711,0,0.000000,0,0.000000,1,0.266602
1957,177.909091,1,0,0.000000,0,0,0.000000,0,0,0.000000,0,0,0.000000,0,1,0.331299,0,0.000000,0,0.000000,1,0.451904
1958,178.000000,1,0,0.000000,0,0,0.000000,0,0,0.000000,0,0,0.000000,0,2,0.401611,0,0.000000,0,0.000000,1,0.286621
1959,178.090909,1,0,0.000000,0,0,0.000000,0,0,0.000000,0,0,0.000000,0,0,0.000000,0,0.000000,0,0.000000,1,0.364258
1960,178.181818,1,0,0.000000,0,0,0.000000,0,0,0.000000,0,0,0.000000,0,0,0.000000,0,0.000000,0,0.000000,1,0.417236
1961,178.272727,1,0,0.000000,0,0,0.000000,0,0,0.000000,0,0,0.000000,0,1,0.398193,0,0.000000,0,0.000000,0,0.000000
1962,178.363636,1,0,0.000000,0,0,0.000000,0,0,0.000000,0,1,0.280029,1,1,0.363281,0,0.000000,1,0.271240,1,0.364990
1963,178.454545,1,0,0.000000,0,0,0.000000,0,0,0.000000,0,0,0.000000,0,1,0.282471,0,0.000000,1,0.300293,1,0.262695
1964,178.545455,1,0,0.000000,0,0,0.000000,0,0,0.000000,0,0,0.000000,0,0,0.000000,0,0.000000,1,0.371338,1,0.358154
1965,178.636364,1,0,0.000000,0,0,0.000000,0,0,0.000000,0,0,0.000000,0,0,0.000000,0,0.000000,1,0.301758,1,0.657227
1966,178.727273,1,0,0.000000,0,0,0.000000,0,0,0.000000,0,0,0.000000,0,0,0.000000,0,0.000000,1,0.304199,1,0.569336
1967,178.818182,1,0,0.000000,0,0,0.000000,0,0,0.000000,0,0,0.000000,0,1,0.281006,1,0.323975,1,0.306152,0,0.000000
1968,178.909091,1,0,0.000000,0,0,0.000000,0,0,0.000000,0,0,0.000000,0,0,0.000000,1,0.327393,0,0.000000,0,0.000000
1969,179.000000,1,0,0.000000,0,0,0.000000,0,0,0.000000,0,0,0.000000,0,1,0.431396,0,0.000000,0,0.000000,1,0.364746
1970,179.090909,1,0,0.000000,0,0,0.000000,0,0,0.000000,0,0,0.000000,0,1,0.320312,0,0.000000,0,0.000000,0,0.000000
1971,179.181818,1,0,0.000000,0,0,0.000000,0,0,0.000000,0,0,0.000000,0,0,0.000000,0,0.000000,0,0.000000,0,0.000000
1972,179.272727,1,0,0.000000,0,0,0.000000,0,0,0.000000,0,0,0.000000,0,0,0.000000,0,0.000000,0,0.000000,1,0.271240
1973,179.363636,1,0,0.000000,0,0,0.000000,0,0,0.000000,0,0,0.000000,0,1,0.340088,0,0.000000,0,0.000000,1,0.424805
1974,179.454545,1,0,0.000000,0,0,0.000000,0,0,0.000000,0,0,0.000000,0,0,0.000000,0,0.000000,0,0.000000,1,0.252197
1975,179.545455,1,0,0.000000,0,0,0.000000,0,0,0.000000,0,0,0.000000,0,0,0.000000,0,0.000000,0,0.000000,1,0.490479
1976,179.636364,1,0,0.000000,0,0,0.000000,0,0,0.000000,0,0,0.000000,0,0,0.000000,0,0.000000,0,0.000000,1,0.291992
1977,179.727273,1,0,0.000000,0,0,0.000000,0,0,0.000000,0,0,0.000000,0,0,0.000000,0,0.000000,0,0.000000,1,0.619629
1978,179.818182,1,0,0.000000,0,0,0.000000,0,0,0.000000,0,0,0.000000,0,0,0.000000,0,0.000000,0,0.000000,1,0.639160
1979,179.909091,1,0,0.000000,0,0,0.000000,0,0,0.000000,0,0,0.000000,0,0,0.000000,0,0.000000,0,0.000000,1,0.270020
1980,180.000000,1,0,0.000000,0,0,0.000000,0,0,0.000000,0,0,0.000000,0,2,0.342285,0,0.000000,0,0.000000,1,0.461182
1981,180.090909,1,0,0.000000,0,0,0.000000,0,0,0.000000,0,0,0.000000,0,1,0.498535,0,0.000000,0,0.000000,1,0.610840
1982,180.181818,1,0,0.000000,0,0,0.000000,0,0,0.000000,0,0,0.000000,0,1,0.510742,0,0.000000,0,0.000000,1,0.787598
1983,180.272727,1,0,0.000000,0,0,0.000000,0,0,0.000000,0,0,0.000000,0,1,0.402100,0,0.000000,0,0.000000,2,0.767578
1984,180.363636,1,0,0.000000,0,0,0.000000,0,0,0.000000,0,0,0.000000,0,1,0.337402,0,0.000000,0,0.000000,1,0.796875
1985,180.454545,1,0,0.000000,0,0,0.000000,0,0,0.000000,0,0,0.000000,0,1,0.280518,0,0.000000,0,0.000000,1,0.701172
1986,180.545455,1,0,0.000000,0,0,0.000000,0,0,0.000000,0,0,0.000000,0,0,0.000000,0,0.000000,0,0.000000,1,0.703125
1987,180.636364,1,0,0.000000,0,0,0.000000,0,0,0.000000,0,0,0.000000,0,0,0.000000,0,0.000000,0,0.000000,1,0.609375
1988,180.727273,1,0,0.000000,0,0,0.000000,0,0,0.000000,0,0,0.000000,0,1,0.254150,0,0.000000,0,0.000000,1,0.649902
1989,180.818182,1,0,0.000000,0,0,0.000000,0,0,0.000000,0,0,0.000000,0,0,0.000000,0,0.000000,0,0.000000,1,0.705566
1990,180.909091,1,0,0.000000,0,0,0.000000,0,0,0.000000,0,0,0.000000,0,0,0.000000,0,0.000000,0,0.000000,1,0.506836
1991,181.000000,1,0,0.000000,0,0,0.000000,0,0,0.000000,0,0,0.000000,0,0,0.000000,0,0.000000,0,0.000000,1,0.832031
1992,181.090909,1,0,0.000000,0,0,0.000000,0,0,0.000000,0,0,0.000000,0,0,0.000000,0,0.000000,0,0.000000,1,0.763184
1993,181.181818,1,0,0.000000,0,0,0.000000,0,0,0.000000,0,0,0.000000,0,0,0.000000,0,0.000000,0,0.000000,1,0.676270
1994,181.272727,1,0,0.000000,0,0,0.000000,0,0,0.000000,0,0,0.000000,0,0,0.000000,0,0.000000,0,0.000000,1,0.488525
1995,181.363636,1,0,0.000000,0,0,0.000000,0,0,0.000000,0,0,0.000000,0,0,0.000000,0,0.000000,0,0.000000,1,0.666016
1996,181.454545,1,0,0.000000,0,0,0.000000,0,0,0.000000,0,0,0.000000,0,0,0.000000,0,0.000000,0,0.000000,1,0.587891
1997,181.545455,1,0,0.000000,0,0,0.000000,0,0,0.000000,0,0,0.000000,0,0,0.000000,0,0.000000,0,0.000000,1,0.716309
1998,181.636364,1,0,0.000000,0,0,0.000000,0,0,0.000000,0,0,0.000000,0,0,0.000000,0,0.000000,0,0.000000,1,0.796875
1999,181.727273,1,0,0.000000,0,0,0.000000,0,0,0.000000,0,0,0.000000,0,0,0.000000,0,0.000000,0,0.000000,1,0.736816
2000,181.818182,1,0,0.000000,0,0,0.000000,0,0,0.000000,0,0,0.000000,0,0,0.000000,0,0.000000,0,0.000000,1,0.682617
2001,181.909091,1,0,0.000000,0,0,0.000000,0,0,0.000000,0,0,0.000000,0,0,0.000000,0,0.000000,0,0.000000,1,0.766113
2002,182.000000,1,0,0.000000,0,0,0.000000,0,0,0.000000,0,0,0.000000,0,0,0.000000,0,0.000000,0,0.000000,1,0.721191
2003,182.090909,1,0,0.000000,0,0,0.000000,0,0,0.000000,0,0,0.000000,0,0,0.000000,0,0.000000,0,0.000000,1,0.688965
2004,182.181818,1,0,0.000000,0,0,0.000000,0,0,0.000000,0,0,0.000000,0,0,0.000000,0,0.000000,0,0.000000,1,0.708496
2005,182.272727,1,0,0.000000,0,0,0.000000,0,0,0.000000,0,0,0.000000,0,0,0.000000,0,0.000000,0,0.000000,1,0.700684
2006,182.363636,1,0,0.000000,0,0,0.000000,0,0,0.000000,0,0,0.000000,0,0,0.000000,0,0.000000,0,0.000000,1,0.691895
2007,182.454545,1,0,0.000000,0,1,0.294189,1,0,0.000000,0,0,0.000000,0,0,0.000000,0,0.000000,0,0.000000,1,0.624512
2008,182.545455,1,0,0.000000,0,1,0.288330,1,0,0.000000,0,0,0.000000,0,0,0.000000,0,0.000000,0,0.000000,1,0.468750
2009,182.636364,1,0,0.000000,0,1,0.284180,1,0,0.000000,0,0,0.000000,0,0,0.000000,0,0.000000,0,0.000000,1,0.365723
2010,182.727273,1,0,0.000000,0,0,0.000000,0,0,0.000000,0,0,0.000000,0,0,0.000000,0,0.000000,0,0.000000,1,0.541992
2011,182.818182,1,0,0.000000,0,0,0.000000,0,0,0.000000,0,0,0.000000,0,0,0.000000,0,0.000000,0,0.000000,1,0.572266
2012,182.909091,1,0,0.000000,0,0,0.000000,0,0,0.000000,0,0,0.000000,0,0,0.000000,0,0.000000,0,0.000000,1,0.590332
2013,183.000000,1,0,0.000000,0,0,0.000000,0,0,0.000000,0,1,0.406982,1,0,0.000000,0,0.000000,0,0.000000,1,0.644043
2014,183.090909,1,0,0.000000,0,0,0.000000,0,0,0.000000,0,1,0.332520,1,0,0.000000,0,0.000000,0,0.000000,1,0.585938
2015,183.181818,1,0,0.000000,0,0,0.000000,0,0,0.000000,0,1,0.292725,1,0,0.000000,0,0.000000,0,0.000000,1,0.436523
2016,183.272727,1,0,0.000000,0,0,0.000000,0,0,0.000000,0,0,0.000000,0,0,0.000000,0,0.000000,0,0.000000,0,0.000000
2017,183.363636,1,0,0.000000,0,0,0.000000,0,0,0.000000,0,0,0.000000,0,0,0.000000,0,0.000000,0,0.000000,0,0.000000
2018,183.454545,1,0,0.000000,0,0,0.000000,0,0,0.000000,0,0,0.000000,0,0,0.000000,0,0.000000,0,0.000000,0,0.000000
2019,183.545455,1,0,0.000000,0,0,0.000000,0,0,0.000000,0,0,0.000000,0,0,0.000000,0,0.000000,0,0.000000,0,0.000000
2020,183.636364,1,0,0.000000,0,0,0.000000,0,0,0.000000,0,0,0.000000,0,0,0.000000,0,0.000000,0,0.000000,0,0.000000
2021,183.727273,1,0,0.000000,0,0,0.000000,0,0,0.000000,0,0,0.000000,0,0,0.000000,0,0.000000,0,0.000000,0,0.000000
2022,183.818182,1,0,0.000000,0,0,0.000000,0,0,0.000000,0,0,0.000000,0,0,0.000000,0,0.000000,0,0.000000,0,0.000000
2023,183.909091,1,0,0.000000,0,0,0.000000,0,0,0.000000,0,0,0.000000,0,0,0.000000,0,0.000000,0,0.000000,0,0.000000
2024,184.000000,1,0,0.000000,0,0,0.000000,0,0,0.000000,0,1,0.339355,1,0,0.000000,0,0.000000,0,0.000000,0,0.000000
2025,184.090909,1,0,0.000000,0,0,0.000000,0,0,0.000000,0,1,0.330322,1,0,0.000000,0,0.000000,0,0.000000,0,0.000000
2026,184.181818,1,0,0.000000,0,0,0.000000,0,0,0.000000,0,3,0.553711,1,0,0.000000,0,0.000000,0,0.000000,0,0.000000
2027,184.272727,1,0,0.000000,0,0,0.000000,0,0,0.000000,0,3,0.540039,1,0,0.000000,0,0.000000,0,0.000000,0,0.000000
2028,184.363636,1,0,0.000000,0,0,0.000000,0,0,0.000000,0,2,0.524902,1,0,0.000000,0,0.000000,0,0.000000,1,0.633789
2029,184.454545,1,0,0.000000,0,0,0.000000,0,0,0.000000,0,2,0.414307,1,0,0.000000,0,0.000000,0,0.000000,1,0.593750
2030,184.545455,1,0,0.000000,0,0,0.000000,0,0,0.000000,0,3,0.411133,1,0,0.000000,0,0.000000,0,0.000000,1,0.590332
2031,184.636364,1,0,0.000000,0,0,0.000000,0,0,0.000000,0,2,0.484863,1,0,0.000000,0,0.000000,0,0.000000,1,0.527344
2032,184.727273,1,0,0.000000,0,0,0.000000,0,0,0.000000,0,2,0.463867,1,0,0.000000,0,0.000000,0,0.000000,1,0.523438
2033,184.818182,1,0,0.000000,0,0,0.000000,0,0,0.000000,0,0,0.000000,0,0,0.000000,0,0.000000,0,0.000000,1,0.366455
2034,184.909091,1,0,0.000000,0,0,0.000000,0,0,0.000000,0,0,0.000000,0,0,0.000000,0,0.000000,0,0.000000,1,0.368408
2035,185.000000,1,0,0.000000,0,0,0.000000,0,0,0.000000,0,0,0.000000,0,0,0.000000,0,0.000000,0,0.000000,1,0.367920
2036,185.090909,1,0,0.000000,0,0,0.000000,0,0,0.000000,0,0,0.000000,0,0,0.000000,0,0.000000,0,0.000000,1,0.575195
2037,185.181818,1,0,0.000000,0,0,0.000000,0,0,0.000000,0,0,0.000000,0,0,0.000000,0,0.000000,0,0.000000,1,0.280029
2038,185.272727,1,0,0.000000,0,0,0.000000,0,0,0.000000,0,0,0.000000,0,0,0.000000,0,0.000000,0,0.000000,1,0.294678
2039,185.363636,1,0,0.000000,0,0,0.000000,0,0,0.000000,0,0,0.000000,0,0,0.000000,0,0.000000,0,0.000000,0,0.000000
2040,185.454545,1,0,0.000000,0,0,0.000000,0,0,0.000000,0,3,0.331055,1,0,0.000000,0,0.000000,0,0.000000,1,0.333252
2041,185.545455,1,0,0.000000,0,0,0.000000,0,0,0.000000,0,1,0.327148,1,0,0.000000,0,0.000000,0,0.000000,1,0.402100
2042,185.636364,1,0,0.000000,0,0,0.000000,0,0,0.000000,0,1,0.291748,1,0,0.000000,0,0.000000,0,0.000000,1,0.301758
2043,185.727273,1,0,0.000000,0,0,0.000000,0,0,0.000000,0,0,0.000000,0,0,0.000000,0,0.000000,0,0.000000,1,0.487549
2044,185.818182,1,0,0.000000,0,0,0.000000,0,0,0.000000,0,0,0.000000,0,0,0.000000,0,0.000000,0,0.000000,1,0.359619
2045,185.909091,1,0,0.000000,0,0,0.000000,0,0,0.000000,0,0,0.000000,0,0,0.000000,0,0.000000,0,0.000000,1,0.425293
2046,186.000000,1,0,0.000000,0,0,0.000000,0,0,0.000000,0,0,0.000000,0,0,0.000000,0,0.000000,0,0.000000,1,0.400635
2047,186.090909,1,0,0.000000,0,0,0.000000,0,0,0.000000,0,0,0.000000,0,0,0.000000,0,0.000000,0,0.000000,1,0.277344
2048,186.181818,1,0,0.000000,0,0,0.000000,0,0,0.000000,0,0,0.000000,0,0,0.000000,0,0.000000,0,0.000000,0,0.000000
2049,186.272727,1,0,0.000000,0,0,0.000000,0,0,0.000000,0,0,0.000000,0,0,0.000000,0,0.000000,0,0.000000,0,0.000000
2050,186.363636,1,0,0.000000,0,0,0.000000,0,0,0.000000,0,0,0.000000,0,0,0.000000,0,0.000000,0,0.000000,0,0.000000
2051,186.454545,1,0,0.000000,0,0,0.000000,0,0,0.000000,0,1,0.276855,1,0,0.000000,0,0.000000,0,0.000000,1,0.296875
2052,186.545455,1,0,0.000000,0,0,0.000000,0,0,0.000000,0,1,0.288086,1,0,0.000000,0,0.000000,0,0.000000,1,0.266846
2053,186.636364,1,0,0.000000,0,0,0.000000,0,0,0.000000,0,0,0.000000,0,0,0.000000,0,0.000000,0,0.000000,1,0.374268
2054,186.727273,1,0,0.000000,0,0,0.000000,0,0,0.000000,0,0,0.000000,0,0,0.000000,0,0.000000,0,0.000000,1,0.354492
2055,186.818182,1,0,0.000000,0,0,0.000000,0,0,0.000000,0,0,0.000000,0,0,0.000000,0,0.000000,0,0.000000,1,0.387207
2056,186.909091,1,0,0.000000,0,0,0.000000,0,0,0.000000,0,0,0.000000,0,0,0.000000,0,0.000000,0,0.000000,1,0.411133
2057,187.000000,1,0,0.000000,0,0,0.000000,0,0,0.000000,0,0,0.000000,0,0,0.000000,0,0.000000,0,0.000000,1,0.423828
2058,187.090909,1,0,0.000000,0,0,0.000000,0,0,0.000000,0,1,0.274414,1,0,0.000000,0,0.000000,0,0.000000,0,0.000000
2059,187.181818,1,0,0.000000,0,0,0.000000,0,0,0.000000,0,1,0.261963,1,0,0.000000,0,0.000000,0,0.000000,0,0.000000
2060,187.272727,1,0,0.000000,0,0,0.000000,0,0,0.000000,0,0,0.000000,0,0,0.000000,0,0.000000,0,0.000000,0,0.000000
2061,187.363636,1,0,0.000000,0,0,0.000000,0,0,0.000000,0,0,0.000000,0,0,0.000000,0,0.000000,0,0.000000,0,0.000000
2062,187.454545,1,0,0.000000,0,0,0.000000,0,0,0.000000,0,0,0.000000,0,0,0.000000,0,0.000000,0,0.000000,0,0.000000
2063,187.545455,1,0,0.000000,0,0,0.000000,0,0,0.000000,0,0,0.000000,0,0,0.000000,0,0.000000,0,0.000000,0,0.000000
2064,187.636364,1,0,0.000000,0,0,0.000000,0,0,0.000000,0,0,0.000000,0,0,0.000000,0,0.000000,0,0.000000,0,0.000000
2065,187.727273,1,0,0.000000,0,0,0.000000,0,0,0.000000,0,0,0.000000,0,0,0.000000,0,0.000000,0,0.000000,0,0.000000
2066,187.818182,1,0,0.000000,0,0,0.000000,0,0,0.000000,0,0,0.000000,0,0,0.000000,0,0.000000,0,0.000000,0,0.000000
2067,187.909091,1,0,0.000000,0,0,0.000000,0,0,0.000000,0,0,0.000000,0,0,0.000000,0,0.000000,0,0.000000,0,0.000000
2068,188.000000,1,0,0.000000,0,0,0.000000,0,0,0.000000,0,0,0.000000,0,0,0.000000,0,0.000000,0,0.000000,0,0.000000
2069,188.090909,1,0,0.000000,0,0,0.000000,0,0,0.000000,0,0,0.000000,0,0,0.000000,0,0.000000,0,0.000000,0,0.000000
2070,188.181818,1,0,0.000000,0,0,0.000000,0,0,0.000000,0,0,0.000000,0,0,0.000000,0,0.000000,0,0.000000,0,0.000000
2071,188.272727,1,0,0.000000,0,0,0.000000,0,0,0.000000,0,0,0.000000,0,0,0.000000,0,0.000000,0,0.000000,0,0.000000
2072,188.363636,1,0,0.000000,0,0,0.000000,0,0,0.000000,0,0,0.000000,0,0,0.000000,0,0.000000,0,0.000000,0,0.000000
2073,188.454545,1,0,0.000000,0,0,0.000000,0,0,0.000000,0,0,0.000000,0,0,0.000000,0,0.000000,0,0.000000,0,0.000000
2074,188.545455,1,0,0.000000,0,0,0.000000,0,0,0.000000,0,0,0.000000,0,0,0.000000,0,0.000000,0,0.000000,0,0.000000
2075,188.636364,1,0,0.000000,0,0,0.000000,0,0,0.000000,0,0,0.000000,0,0,0.000000,0,0.000000,0,0.000000,0,0.000000
2076,188.727273,1,0,0.000000,0,0,0.000000,0,0,0.000000,0,0,0.000000,0,0,0.000000,0,0.000000,0,0.000000,0,0.000000
2077,188.818182,1,0,0.000000,0,0,0.000000,0,0,0.000000,0,0,0.000000,0,0,0.000000,0,0.000000,0,0.000000,0,0.000000
2078,188.909091,1,0,0.000000,0,0,0.000000,0,0,0.000000,0,0,0.000000,0,0,0.000000,0,0.000000,0,0.000000,0,0.000000
2079,189.000000,1,0,0.000000,0,0,0.000000,0,0,0.000000,0,0,0.000000,0,0,0.000000,0,0.000000,0,0.000000,0,0.000000
2080,189.090909,1,0,0.000000,0,0,0.000000,0,0,0.000000,0,0,0.000000,0,0,0.000000,0,0.000000,0,0.000000,0,0.000000
2081,189.181818,1,0,0.000000,0,0,0.000000,0,0,0.000000,0,0,0.000000,0,0,0.000000,0,0.000000,0,0.000000,0,0.000000
2082,189.272727,1,0,0.000000,0,0,0.000000,0,0,0.000000,0,0,0.000000,0,0,0.000000,0,0.000000,0,0.000000,0,0.000000
2083,189.363636,1,0,0.000000,0,0,0.000000,0,0,0.000000,0,0,0.000000,0,0,0.000000,0,0.000000,0,0.000000,0,0.000000
2084,189.454545,1,0,0.000000,0,0,0.000000,0,0,0.000000,0,0,0.000000,0,0,0.000000,0,0.000000,0,0.000000,0,0.000000
2085,189.545455,1,0,0.000000,0,0,0.000000,0,0,0.000000,0,0,0.000000,0,0,0.000000,0,0.000000,0,0.000000,0,0.000000
2086,189.636364,1,0,0.000000,0,0,0.000000,0,0,0.000000,0,0,0.000000,0,0,0.000000,0,0.000000,0,0.000000,0,0.000000
2087,189.727273,1,0,0.000000,0,0,0.000000,0,0,0.000000,0,0,0.000000,0,0,0.000000,0,0.000000,0,0.000000,1,0.375732
2088,189.818182,1,0,0.000000,0,0,0.000000,0,0,0.000000,0,0,0.000000,0,0,0.000000,0,0.000000,0,0.000000,1,0.354492
2089,189.909091,1,0,0.000000,0,0,0.000000,0,0,0.000000,0,0,0.000000,0,1,0.261963,0,0.000000,0,0.000000,1,0.442871
2090,190.000000,1,0,0.000000,0,0,0.000000,0,0,0.000000,0,0,0.000000,0,0,0.000000,0,0.000000,0,0.000000,1,0.350586
2091,190.090909,1,0,0.000000,0,0,0.000000,0,0,0.000000,0,0,0.000000,0,0,0.000000,0,0.000000,0,0.000000,0,0.000000
2092,190.181818,1,0,0.000000,0,0,0.000000,0,0,0.000000,0,0,0.000000,0,0,0.000000,0,0.000000,0,0.000000,0,0.000000
2093,190.272727,1,0,0.000000,0,0,0.000000,0,0,0.000000,0,0,0.000000,0,0,0.000000,0,0.000000,0,0.000000,0,0.000000
2094,190.363636,1,0,0.000000,0,0,0.000000,0,0,0.000000,0,0,0.000000,0,0,0.000000,0,0.000000,0,0.000000,1,0.347900
2095,190.454545,1,0,0.000000,0,0,0.000000,0,0,0.000000,0,0,0.000000,0,0,0.000000,0,0.000000,0,0.000000,0,0.000000
2096,190.545455,1,0,0.000000,0,0,0.000000,0,0,0.000000,0,0,0.000000,0,0,0.000000,0,0.000000,0,0.000000,0,0.000000
2097,190.636364,1,0,0.000000,0,0,0.000000,0,0,0.000000,0,0,0.000000,0,0,0.000000,0,0.000000,0,0.000000,1,0.368164
2098,190.727273,1,0,0.000000,0,0,0.000000,0,0,0.000000,0,0,0.000000,0,0,0.000000,0,0.000000,0,0.000000,1,0.383301
2099,190.818182,1,0,0.000000,0,1,0.539062,1,0,0.000000,0,0,0.000000,0,0,0.000000,0,0.000000,0,0.000000,1,0.279785
2100,190.909091,1,0,0.000000,0,1,0.412354,1,0,0.000000,0,2,0.283447,1,0,0.000000,0,0.000000,0,0.000000,0,0.000000
2101,191.000000,1,0,0.000000,0,0,0.000000,0,0,0.000000,0,0,0.000000,0,0,0.000000,0,0.000000,0,0.000000,0,0.000000
2102,191.090909,1,0,0.000000,0,0,0.000000,0,0,0.000000,0,1,0.291260,1,0,0.000000,0,0.000000,0,0.000000,0,0.000000
2103,191.181818,1,0,0.000000,0,0,0.000000,0,0,0.000000,0,0,0.000000,0,0,0.000000,0,0.000000,0,0.000000,0,0.000000
2104,191.272727,1,0,0.000000,0,0,0.000000,0,0,0.000000,0,0,0.000000,0,0,0.000000,0,0.000000,0,0.000000,2,0.262695
2105,191.363636,1,0,0.000000,0,0,0.000000,0,0,0.000000,0,0,0.000000,0,0,0.000000,0,0.000000,0,0.000000,0,0.000000
2106,191.454545,1,0,0.000000,0,0,0.000000,0,0,0.000000,0,1,0.413574,1,0,0.000000,0,0.000000,0,0.000000,1,0.301758
2107,191.545455,1,0,0.000000,0,0,0.000000,0,0,0.000000,0,1,0.360596,1,0,0.000000,0,0.000000,0,0.000000,0,0.000000
2108,191.636364,1,0,0.000000,0,0,0.000000,0,0,0.000000,0,0,0.000000,0,0,0.000000,0,0.000000,0,0.000000,0,0.000000
2109,191.727273,1,0,0.000000,0,0,0.000000,0,0,0.000000,0,1,0.274658,1,0,0.000000,0,0.000000,0,0.000000,1,0.597656
2110,191.818182,1,0,0.000000,0,0,0.000000,0,0,0.000000,0,0,0.000000,0,0,0.000000,0,0.000000,0,0.000000,1,0.633789
2111,191.909091,1,0,0.000000,0,0,0.000000,0,0,0.000000,0,1,0.316895,1,0,0.000000,0,0.000000,0,0.000000,1,0.583008
2112,192.000000,1,0,0.000000,0,0,0.000000,0,0,0.000000,0,0,0.000000,0,0,0.000000,0,0.000000,0,0.000000,1,0.416260
2113,192.090909,1,0,0.000000,0,0,0.000000,0,0,0.000000,0,1,0.292969,1,0,0.000000,0,0.000000,0,0.000000,1,0.411621
2114,192.181818,1,0,0.000000,0,0,0.000000,0,0,0.000000,0,1,0.333008,1,0,0.000000,0,0.000000,0,0.000000,2,0.406738
2115,192.272727,1,0,0.000000,0,0,0.000000,0,0,0.000000,0,0,0.000000,0,0,0.000000,0,0.000000,0,0.000000,1,0.362305
2116,192.363636,1,0,0.000000,0,0,0.000000,0,0,0.000000,0,1,0.267334,1,0,0.000000,0,0.000000,0,0.000000,0,0.000000
2117,192.454545,1,0,0.000000,0,0,0.000000,0,0,0.000000,0,1,0.276855,1,0,0.000000,0,0.000000,0,0.000000,1,0.369385
2118,192.545455,1,0,0.000000,0,0,0.000000,0,0,0.000000,0,0,0.000000,0,0,0.000000,0,0.000000,0,0.000000,1,0.386719
2119,192.636364,1,0,0.000000,0,0,0.000000,0,0,0.000000,0,0,0.000000,0,0,0.000000,0,0.000000,0,0.000000,1,0.489502
2120,192.727273,1,0,0.000000,0,0,0.000000,0,0,0.000000,0,0,0.000000,0,0,0.000000,0,0.000000,0,0.000000,1,0.449219
2121,192.818182,1,0,0.000000,0,0,0.000000,0,0,0.000000,0,1,0.280029,1,0,0.000000,0,0.000000,0,0.000000,1,0.651367
2122,192.909091,1,0,0.000000,0,0,0.000000,0,0,0.000000,0,0,0.000000,0,0,0.000000,0,0.000000,0,0.000000,1,0.531738
2123,193.000000,1,0,0.000000,0,0,0.000000,0,0,0.000000,0,0,0.000000,0,0,0.000000,0,0.000000,0,0.000000,1,0.626953
2124,193.090909,1,0,0.000000,0,0,0.000000,0,0,0.000000,0,0,0.000000,0,0,0.000000,0,0.000000,0,0.000000,1,0.675293
2125,193.181818,1,0,0.000000,0,0,0.000000,0,0,0.000000,0,0,0.000000,0,0,0.000000,0,0.000000,0,0.000000,1,0.661133
2126,193.272727,1,0,0.000000,0,0,0.000000,0,0,0.000000,0,0,0.000000,0,0,0.000000,0,0.000000,0,0.000000,1,0.742676
2127,193.363636,1,0,0.000000,0,0,0.000000,0,0,0.000000,0,0,0.000000,0,0,0.000000,0,0.000000,0,0.000000,1,0.717285
2128,193.454545,1,0,0.000000,0,0,0.000000,0,0,0.000000,0,0,0.000000,0,0,0.000000,0,0.000000,0,0.000000,1,0.710938
2129,193.545455,1,0,0.000000,0,0,0.000000,0,0,0.000000,0,0,0.000000,0,0,0.000000,0,0.000000,0,0.000000,1,0.727051
2130,193.636364,1,0,0.000000,0,0,0.000000,0,0,0.000000,0,0,0.000000,0,0,0.000000,0,0.000000,0,0.000000,1,0.770996
2131,193.727273,1,0,0.000000,0,0,0.000000,0,0,0.000000,0,0,0.000000,0,0,0.000000,0,0.000000,0,0.000000,1,0.769531
2132,193.818182,1,0,0.000000,0,0,0.000000,0,0,0.000000,0,0,0.000000,0,1,0.260010,0,0.000000,0,0.000000,1,0.715820
2133,193.909091,1,0,0.000000,0,0,0.000000,0,0,0.000000,0,1,0.266846,1,0,0.000000,0,0.000000,0,0.000000,1,0.653809
2134,194.000000,1,0,0.000000,0,0,0.000000,0,0,0.000000,0,0,0.000000,0,0,0.000000,0,0.000000,0,0.000000,1,0.525391
2135,194.090909,1,0,0.000000,0,0,0.000000,0,0,0.000000,0,2,0.305176,1,0,0.000000,0,0.000000,0,0.000000,0,0.000000
2136,194.181818,1,0,0.000000,0,0,0.000000,0,0,0.000000,0,2,0.306885,1,0,0.000000,0,0.000000,0,0.000000,0,0.000000
2137,194.272727,1,0,0.000000,0,0,0.000000,0,0,0.000000,0,0,0.000000,0,0,0.000000,0,0.000000,0,0.000000,0,0.000000
2138,194.363636,1,0,0.000000,0,0,0.000000,0,0,0.000000,0,0,0.000000,0,0,0.000000,0,0.000000,0,0.000000,1,0.272705
2139,194.454545,1,0,0.000000,0,0,0.000000,0,0,0.000000,0,0,0.000000,0,0,0.000000,0,0.000000,0,0.000000,1,0.268311
2140,194.545455,1,0,0.000000,0,0,0.000000,0,0,0.000000,0,0,0.000000,0,0,0.000000,0,0.000000,0,0.000000,0,0.000000
2141,194.636364,1,0,0.000000,0,0,0.000000,0,0,0.000000,0,0,0.000000,0,1,0.284668,0,0.000000,1,0.251953,1,0.422363
2142,194.727273,1,0,0.000000,0,0,0.000000,0,0,0.000000,0,0,0.000000,0,1,0.407715,0,0.000000,0,0.000000,1,0.416992
2143,194.818182,1,0,0.000000,0,0,0.000000,0,0,0.000000,0,0,0.000000,0,1,0.420410,0,0.000000,0,0.000000,1,0.393799
2144,194.909091,1,0,0.000000,0,0,0.000000,0,0,0.000000,0,2,0.284912,1,1,0.316162,0,0.000000,0,0.000000,1,0.570312
2145,195.000000,1,0,0.000000,0,0,0.000000,0,0,0.000000,0,3,0.437500,1,1,0.270264,0,0.000000,0,0.000000,1,0.263916
2146,195.090909,1,0,0.000000,0,0,0.000000,0,0,0.000000,0,3,0.438721,1,1,0.263916,0,0.000000,0,0.000000,1,0.280029
2147,195.181818,1,0,0.000000,0,0,0.000000,0,0,0.000000,0,2,0.364014,1,0,0.000000,0,0.000000,0,0.000000,1,0.299316
2148,195.272727,1,0,0.000000,0,0,0.000000,0,0,0.000000,0,1,0.344971,1,0,0.000000,0,0.000000,0,0.000000,1,0.386230
2149,195.363636,1,0,0.000000,0,0,0.000000,0,0,0.000000,0,2,0.359619,1,0,0.000000,0,0.000000,0,0.000000,1,0.345459
2150,195.454545,1,0,0.000000,0,0,0.000000,0,0,0.000000,0,2,0.366211,1,0,0.000000,0,0.000000,0,0.000000,1,0.395264
2151,195.545455,1,0,0.000000,0,0,0.000000,0,0,0.000000,0,2,0.369141,1,0,0.000000,0,0.000000,0,0.000000,1,0.351562
2152,195.636364,1,0,0.000000,0,0,0.000000,0,0,0.000000,0,2,0.336426,1,0,0.000000,0,0.000000,0,0.000000,1,0.472412
2153,195.727273,1,0,0.000000,0,0,0.000000,0,0,0.000000,0,2,0.368408,1,0,0.000000,0,0.000000,0,0.000000,1,0.528320
2154,195.818182,1,0,0.000000,0,0,0.000000,0,0,0.000000,0,0,0.000000,0,1,0.309082,0,0.000000,0,0.000000,1,0.741699
2155,195.909091,1,0,0.000000,0,0,0.000000,0,0,0.000000,0,0,0.000000,0,1,0.318115,0,0.000000,0,0.000000,1,0.758301
2156,196.000000,1,0,0.000000,0,0,0.000000,0,0,0.000000,0,0,0.000000,0,0,0.000000,0,0.000000,0,0.000000,1,0.726074
2157,196.090909,1,0,0.000000,0,0,0.000000,0,0,0.000000,0,0,0.000000,0,1,0.327881,0,0.000000,1,0.260498,1,0.796875
2158,196.181818,1,0,0.000000,0,0,0.000000,0,0,0.000000,0,0,0.000000,0,0,0.000000,0,0.000000,0,0.000000,1,0.795410
2159,196.272727,1,0,0.000000,0,0,0.000000,0,0,0.000000,0,0,0.000000,0,1,0.251221,0,0.000000,0,0.000000,1,0.784668
2160,196.363636,1,0,0.000000,0,0,0.000000,0,0,0.000000,0,0,0.000000,0,0,0.000000,0,0.000000,0,0.000000,1,0.776855
2161,196.454545,1,0,0.000000,0,0,0.000000,0,0,0.000000,0,0,0.000000,0,1,0.315430,0,0.000000,0,0.000000,1,0.731445
2162,196.545455,1,0,0.000000,0,0,0.000000,0,0,0.000000,0,0,0.000000,0,1,0.261475,0,0.000000,0,0.000000,1,0.809570
2163,196.636364,1,0,0.000000,0,0,0.000000,0,0,0.000000,0,0,0.000000,0,1,0.263672,0,0.000000,0,0.000000,1,0.745117
2164,196.727273,1,0,0.000000,0,0,0.000000,0,0,0.000000,0,0,0.000000,0,1,0.291260,0,0.000000,0,0.000000,1,0.797363
2165,196.818182,2,0,0.000000,0,0,0.000000,0,0,0.000000,0,0,0.000000,0,1,0.259277,0,0.000000,0,0.000000,1,0.824707
2166,196.909091,2,0,0.000000,0,0,0.000000,0,0,0.000000,0,0,0.000000,0,1,0.257812,0,0.000000,0,0.000000,1,0.815430
2167,197.000000,1,0,0.000000,0,0,0.000000,0,0,0.000000,0,0,0.000000,0,0,0.000000,0,0.000000,0,0.000000,1,0.400635
2168,197.090909,1,0,0.000000,0,0,0.000000,0,0,0.000000,0,0,0.000000,0,0,0.000000,0,0.000000,0,0.000000,1,0.401855
2169,197.181818,1,0,0.000000,0,0,0.000000,0,0,0.000000,0,0,0.000000,0,1,0.293213,0,0.000000,0,0.000000,1,0.403076
2170,197.272727,1,0,0.000000,0,0,0.000000,0,0,0.000000,0,0,0.000000,0,0,0.000000,0,0.000000,0,0.000000,1,0.681152
2171,197.363636,1,0,0.000000,0,0,0.000000,0,0,0.000000,0,0,0.000000,0,0,0.000000,0,0.000000,0,0.000000,1,0.697754
2172,197.454545,1,0,0.000000,0,0,0.000000,0,0,0.000000,0,0,0.000000,0,0,0.000000,0,0.000000,0,0.000000,1,0.689941
2173,197.545455,1,0,0.000000,0,0,0.000000,0,0,0.000000,0,0,0.000000,0,0,0.000000,0,0.000000,0,0.000000,1,0.725586
2174,197.636364,1,0,0.000000,0,0,0.000000,0,0,0.000000,0,0,0.000000,0,0,0.000000,0,0.000000,0,0.000000,1,0.686523
2175,197.727273,1,0,0.000000,0,0,0.000000,0,0,0.000000,0,0,0.000000,0,0,0.000000,0,0.000000,0,0.000000,1,0.691406
2176,197.818182,1,0,0.000000,0,0,0.000000,0,0,0.000000,0,0,0.000000,0,0,0.000000,0,0.000000,0,0.000000,1,0.687988
2177,197.909091,1,0,0.000000,0,0,0.000000,0,0,0.000000,0,0,0.000000,0,0,0.000000,0,0.000000,0,0.000000,1,0.683594
2178,198.000000,1,0,0.000000,0,0,0.000000,0,0,0.000000,0,0,0.000000,0,0,0.000000,0,0.000000,0,0.000000,1,0.687988
2179,198.090909,1,0,0.000000,0,0,0.000000,0,0,0.000000,0,0,0.000000,0,0,0.000000,0,0.000000,0,0.000000,1,0.511230
2180,198.181818,1,0,0.000000,0,0,0.000000,0,0,0.000000,0,0,0.000000,0,0,0.000000,0,0.000000,0,0.000000,1,0.534668
2181,198.272727,1,0,0.000000,0,0,0.000000,0,0,0.000000,0,0,0.000000,0,0,0.000000,0,0.000000,0,0.000000,1,0.572754
2182,198.363636,1,0,0.000000,0,0,0.000000,0,0,0.000000,0,0,0.000000,0,0,0.000000,0,0.000000,0,0.000000,1,0.755371
2183,198.454545,1,0,0.000000,0,0,0.000000,0,0,0.000000,0,0,0.000000,0,0,0.000000,0,0.000000,0,0.000000,1,0.761230
2184,198.545455,1,0,0.000000,0,0,0.000000,0,0,0.000000,0,0,0.000000,0,0,0.000000,0,0.000000,0,0.000000,1,0.843262
2185,198.636364,1,0,0.000000,0,0,0.000000,0,0,0.000000,0,0,0.000000,0,0,0.000000,0,0.000000,0,0.000000,1,0.730957
2186,198.727273,1,0,0.000000,0,0,0.000000,0,0,0.000000,0,0,0.000000,0,0,0.000000,0,0.000000,0,0.000000,1,0.705566
2187,198.818182,1,0,0.000000,0,0,0.000000,0,0,0.000000,0,0,0.000000,0,0,0.000000,0,0.000000,0,0.000000,1,0.772949
2188,198.909091,1,0,0.000000,0,0,0.000000,0,0,0.000000,0,0,0.000000,0,0,0.000000,0,0.000000,0,0.000000,1,0.756348
2189,199.000000,1,0,0.000000,0,0,0.000000,0,0,0.000000,0,0,0.000000,0,0,0.000000,0,0.000000,0,0.000000,1,0.767578
2190,199.090909,1,0,0.000000,0,0,0.000000,0,0,0.000000,0,0,0.000000,0,0,0.000000,0,0.000000,0,0.000000,1,0.762695
2191,199.181818,1,0,0.000000,0,0,0.000000,0,0,0.000000,0,0,0.000000,0,0,0.000000,0,0.000000,0,0.000000,1,0.717285
2192,199.272727,1,0,0.000000,0,0,0.000000,0,0,0.000000,0,0,0.000000,0,0,0.000000,0,0.000000,0,0.000000,1,0.706055
2193,199.363636,1,0,0.000000,0,0,0.000000,0,0,0.000000,0,0,0.000000,0,0,0.000000,0,0.000000,0,0.000000,1,0.530273
2194,199.454545,1,0,0.000000,0,0,0.000000,0,0,0.000000,0,0,0.000000,0,0,0.000000,0,0.000000,0,0.000000,1,0.411865
2195,199.545455,1,0,0.000000,0,0,0.000000,0,0,0.000000,0,0,0.000000,0,0,0.000000,0,0.000000,0,0.000000,1,0.265625
2196,199.636364,1,0,0.000000,0,0,0.000000,0,0,0.000000,0,0,0.000000,0,0,0.000000,0,0.000000,0,0.000000,1,0.351318
2197,199.727273,1,0,0.000000,0,0,0.000000,0,0,0.000000,0,0,0.000000,0,0,0.000000,0,0.000000,0,0.000000,0,0.000000
2198,199.818182,1,0,0.000000,0,0,0.000000,0,0,0.000000,0,0,0.000000,0,0,0.000000,0,0.000000,0,0.000000,1,0.396484
2199,199.909091,1,0,0.000000,0,0,0.000000,0,0,0.000000,0,0,0.000000,0,0,0.000000,0,0.000000,0,0.000000,1,0.291504
2200,200.000000,1,0,0.000000,0,0,0.000000,0,0,0.000000,0,0,0.000000,0,0,0.000000,0,0.000000,0,0.000000,0,0.000000
2201,200.090909,1,0,0.000000,0,0,0.000000,0,0,0.000000,0,0,0.000000,0,0,0.000000,0,0.000000,0,0.000000,1,0.312500
2202,200.181818,1,0,0.000000,0,0,0.000000,0,0,0.000000,0,0,0.000000,0,0,0.000000,0,0.000000,0,0.000000,0,0.000000
2203,200.272727,1,0,0.000000,0,0,0.000000,0,0,0.000000,0,0,0.000000,0,0,0.000000,0,0.000000,0,0.000000,0,0.000000
2204,200.363636,1,0,0.000000,0,0,0.000000,0,0,0.000000,0,0,0.000000,0,0,0.000000,0,0.000000,0,0.000000,1,0.255859
2205,200.454545,1,0,0.000000,0,0,0.000000,0,0,0.000000,0,0,0.000000,0,0,0.000000,0,0.000000,0,0.000000,1,0.488037
2206,200.545455,1,0,0.000000,0,0,0.000000,0,0,0.000000,0,0,0.000000,0,0,0.000000,0,0.000000,0,0.000000,1,0.298096
2207,200.636364,1,0,0.000000,0,0,0.000000,0,0,0.000000,0,0,0.000000,0,0,0.000000,0,0.000000,0,0.000000,0,0.000000
2208,200.727273,1,0,0.000000,0,0,0.000000,0,0,0.000000,0,0,0.000000,0,0,0.000000,0,0.000000,0,0.000000,0,0.000000
2209,200.818182,1,0,0.000000,0,0,0.000000,0,0,0.000000,0,0,0.000000,0,0,0.000000,0,0.000000,0,0.000000,1,0.501953
2210,200.909091,1,0,0.000000,0,0,0.000000,0,0,0.000000,0,0,0.000000,0,0,0.000000,0,0.000000,0,0.000000,0,0.000000
2211,201.000000,1,0,0.000000,0,0,0.000000,0,0,0.000000,0,0,0.000000,0,0,0.000000,0,0.000000,0,0.000000,0,0.000000
2212,201.090909,1,0,0.000000,0,0,0.000000,0,0,0.000000,0,0,0.000000,0,0,0.000000,0,0.000000,0,0.000000,0,0.000000
2213,201.181818,1,0,0.000000,0,0,0.000000,0,0,0.000000,0,0,0.000000,0,0,0.000000,0,0.000000,0,0.000000,0,0.000000
2214,201.272727,1,0,0.000000,0,0,0.000000,0,0,0.000000,0,0,0.000000,0,0,0.000000,0,0.000000,0,0.000000,0,0.000000
2215,201.363636,1,0,0.000000,0,0,0.000000,0,0,0.000000,0,1,0.257812,1,0,0.000000,0,0.000000,0,0.000000,0,0.000000
2216,201.454545,1,0,0.000000,0,0,0.000000,0,0,0.000000,0,0,0.000000,0,0,0.000000,0,0.000000,0,0.000000,0,0.000000
2217,201.545455,1,0,0.000000,0,0,0.000000,0,0,0.000000,0,0,0.000000,0,0,0.000000,0,0.000000,0,0.000000,0,0.000000
2218,201.636364,1,0,0.000000,0,0,0.000000,0,0,0.000000,0,0,0.000000,0,1,0.260498,0,0.000000,0,0.000000,0,0.000000
2219,201.727273,1,0,0.000000,0,0,0.000000,0,0,0.000000,0,0,0.000000,0,0,0.000000,0,0.000000,0,0.000000,0,0.000000
2220,201.818182,1,0,0.000000,0,0,0.000000,0,0,0.000000,0,0,0.000000,0,0,0.000000,0,0.000000,0,0.000000,0,0.000000
2221,201.909091,1,0,0.000000,0,0,0.000000,0,0,0.000000,0,0,0.000000,0,0,0.000000,0,0.000000,0,0.000000,0,0.000000
2222,202.000000,1,0,0.000000,0,0,0.000000,0,0,0.000000,0,0,0.000000,0,0,0.000000,0,0.000000,0,0.000000,0,0.000000
2223,202.090909,1,0,0.000000,0,0,0.000000,0,0,0.000000,0,0,0.000000,0,0,0.000000,0,0.000000,0,0.000000,0,0.000000
2224,202.181818,1,0,0.000000,0,0,0.000000,0,0,0.000000,0,0,0.000000,0,0,0.000000,0,0.000000,0,0.000000,0,0.000000
2225,202.272727,1,0,0.000000,0,0,0.000000,0,0,0.000000,0,0,0.000000,0,0,0.000000,0,0.000000,0,0.000000,0,0.000000
2226,202.363636,1,0,0.000000,0,0,0.000000,0,0,0.000000,0,0,0.000000,0,0,0.000000,0,0.000000,0,0.000000,0,0.000000
2227,202.454545,1,0,0.000000,0,0,0.000000,0,0,0.000000,0,0,0.000000,0,0,0.000000,0,0.000000,0,0.000000,0,0.000000
2228,202.545455,0,0,0.000000,0,0,0.000000,0,0,0.000000,0,0,0.000000,0,0,0.000000,0,0.000000,0,0.000000,0,0.000000
2229,202.636364,1,0,0.000000,0,0,0.000000,0,0,0.000000,0,0,0.000000,0,0,0.000000,0,0.000000,0,0.000000,0,0.000000
2230,202.727273,1,0,0.000000,0,0,0.000000,0,0,0.000000,0,0,0.000000,0,0,0.000000,0,0.000000,0,0.000000,0,0.000000
2231,202.818182,1,0,0.000000,0,0,0.000000,0,0,0.000000,0,0,0.000000,0,0,0.000000,0,0.000000,0,0.000000,0,0.000000
2232,202.909091,1,0,0.000000,0,0,0.000000,0,0,0.000000,0,0,0.000000,0,0,0.000000,0,0.000000,0,0.000000,1,0.320312
2233,203.000000,1,0,0.000000,0,0,0.000000,0,0,0.000000,0,0,0.000000,0,0,0.000000,0,0.000000,0,0.000000,0,0.000000
2234,203.090909,1,0,0.000000,0,0,0.000000,0,0,0.000000,0,0,0.000000,0,0,0.000000,0,0.000000,0,0.000000,0,0.000000
2235,203.181818,1,0,0.000000,0,0,0.000000,0,0,0.000000,0,0,0.000000,0,0,0.000000,0,0.000000,0,0.000000,0,0.000000
2236,203.272727,0,0,0.000000,0,0,0.000000,0,0,0.000000,0,0,0.000000,0,0,0.000000,0,0.000000,0,0.000000,0,0.000000
2237,203.363636,0,0,0.000000,0,0,0.000000,0,0,0.000000,0,0,0.000000,0,0,0.000000,0,0.000000,0,0.000000,0,0.000000
2238,203.454545,1,0,0.000000,0,0,0.000000,0,0,0.000000,0,0,0.000000,0,0,0.000000,0,0.000000,0,0.000000,0,0.000000
2239,203.545455,1,0,0.000000,0,0,0.000000,0,0,0.000000,0,0,0.000000,0,0,0.000000,0,0.000000,0,0.000000,1,0.452393
2240,203.636364,1,0,0.000000,0,0,0.000000,0,0,0.000000,0,0,0.000000,0,0,0.000000,0,0.000000,0,0.000000,1,0.660645
2241,203.727273,1,0,0.000000,0,0,0.000000,0,0,0.000000,0,0,0.000000,0,0,0.000000,0,0.000000,0,0.000000,1,0.657227
2242,203.818182,1,0,0.000000,0,0,0.000000,0,0,0.000000,0,0,0.000000,0,0,0.000000,0,0.000000,0,0.000000,1,0.583496
2243,203.909091,1,0,0.000000,0,0,0.000000,0,0,0.000000,0,0,0.000000,0,0,0.000000,0,0.000000,0,0.000000,1,0.652832
2244,204.000000,1,0,0.000000,0,0,0.000000,0,0,0.000000,0,0,0.000000,0,0,0.000000,0,0.000000,0,0.000000,1,0.632324
2245,204.090909,1,0,0.000000,0,0,0.000000,0,0,0.000000,0,0,0.000000,0,0,0.000000,0,0.000000,0,0.000000,1,0.608887
2246,204.181818,1,0,0.000000,0,0,0.000000,0,0,0.000000,0,0,0.000000,0,0,0.000000,0,0.000000,0,0.000000,1,0.772949
2247,204.272727,1,0,0.000000,0,0,0.000000,0,0,0.000000,0,0,0.000000,0,0,0.000000,0,0.000000,0,0.000000,1,0.755371
2248,204.363636,1,0,0.000000,0,0,0.000000,0,0,0.000000,0,0,0.000000,0,1,0.253906,0,0.000000,0,0.000000,1,0.410156
2249,204.454545,1,0,0.000000,0,0,0.000000,0,0,0.000000,0,0,0.000000,0,0,0.000000,0,0.000000,0,0.000000,0,0.000000
2250,204.545455,1,0,0.000000,0,0,0.000000,0,0,0.000000,0,0,0.000000,0,0,0.000000,0,0.000000,0,0.000000,0,0.000000
2251,204.636364,1,0,0.000000,0,0,0.000000,0,0,0.000000,0,0,0.000000,0,0,0.000000,0,0.000000,0,0.000000,0,0.000000
2252,204.727273,1,0,0.000000,0,0,0.000000,0,0,0.000000,0,0,0.000000,0,0,0.000000,0,0.000000,0,0.000000,1,0.266357
2253,204.818182,1,0,0.000000,0,0,0.000000,0,0,0.000000,0,0,0.000000,0,0,0.000000,0,0.000000,0,0.000000,1,0.446045
2254,204.909091,1,0,0.000000,0,0,0.000000,0,0,0.000000,0,0,0.000000,0,0,0.000000,0,0.000000,0,0.000000,1,0.462402
2255,205.000000,1,0,0.000000,0,0,0.000000,0,0,0.000000,0,0,0.000000,0,0,0.000000,0,0.000000,0,0.000000,1,0.281738
2256,205.090909,1,0,0.000000,0,0,0.000000,0,0,0.000000,0,0,0.000000,0,0,0.000000,0,0.000000,0,0.000000,1,0.254150
2257,205.181818,1,0,0.000000,0,0,0.000000,0,0,0.000000,0,0,0.000000,0,0,0.000000,0,0.000000,0,0.000000,1,0.541016
2258,205.272727,1,0,0.000000,0,0,0.000000,0,0,0.000000,0,0,0.000000,0,0,0.000000,0,0.000000,0,0.000000,1,0.563477
2259,205.363636,1,0,0.000000,0,0,0.000000,0,0,0.000000,0,0,0.000000,0,0,0.000000,0,0.000000,0,0.000000,1,0.464111
2260,205.454545,1,0,0.000000,0,0,0.000000,0,0,0.000000,0,0,0.000000,0,0,0.000000,0,0.000000,0,0.000000,1,0.748535
2261,205.545455,1,0,0.000000,0,0,0.000000,0,0,0.000000,0,0,0.000000,0,1,0.265869,0,0.000000,0,0.000000,1,0.805664
2262,205.636364,1,0,0.000000,0,0,0.000000,0,0,0.000000,0,0,0.000000,0,0,0.000000,0,0.000000,0,0.000000,1,0.827148
2263,205.727273,1,0,0.000000,0,0,0.000000,0,0,0.000000,0,0,0.000000,0,0,0.000000,0,0.000000,0,0.000000,1,0.826660
2264,205.818182,1,0,0.000000,0,0,0.000000,0,0,0.000000,0,0,0.000000,0,0,0.000000,0,0.000000,0,0.000000,1,0.818359
2265,205.909091,1,0,0.000000,0,0,0.000000,0,0,0.000000,0,0,0.000000,0,0,0.000000,0,0.000000,0,0.000000,1,0.550781
2266,206.000000,1,0,0.000000,0,0,0.000000,0,0,0.000000,0,0,0.000000,0,0,0.000000,0,0.000000,0,0.000000,0,0.000000
2267,206.090909,1,0,0.000000,0,0,0.000000,0,0,0.000000,0,0,0.000000,0,0,0.000000,0,0.000000,0,0.000000,0,0.000000
2268,206.181818,1,0,0.000000,0,0,0.000000,0,0,0.000000,0,0,0.000000,0,0,0.000000,0,0.000000,0,0.000000,0,0.000000
2269,206.272727,1,0,0.000000,0,0,0.000000,0,0,0.000000,0,0,0.000000,0,0,0.000000,0,0.000000,0,0.000000,1,0.377686
2270,206.363636,1,0,0.000000,0,0,0.000000,0,0,0.000000,0,0,0.000000,0,0,0.000000,0,0.000000,0,0.000000,1,0.447510
2271,206.454545,2,0,0.000000,0,0,0.000000,0,0,0.000000,0,0,0.000000,0,0,0.000000,0,0.000000,0,0.000000,0,0.000000
2272,206.545455,1,0,0.000000,0,0,0.000000,0,0,0.000000,0,0,0.000000,0,0,0.000000,0,0.000000,0,0.000000,0,0.000000
2273,206.636364,1,0,0.000000,0,0,0.000000,0,0,0.000000,0,0,0.000000,0,0,0.000000,0,0.000000,0,0.000000,0,0.000000
2274,206.727273,1,0,0.000000,0,0,0.000000,0,0,0.000000,0,0,0.000000,0,0,0.000000,0,0.000000,0,0.000000,0,0.000000
2275,206.818182,1,0,0.000000,0,0,0.000000,0,0,0.000000,0,0,0.000000,0,0,0.000000,0,0.000000,0,0.000000,0,0.000000
2276,206.909091,1,0,0.000000,0,0,0.000000,0,0,0.000000,0,0,0.000000,0,0,0.000000,0,0.000000,0,0.000000,0,0.000000
2277,207.000000,1,0,0.000000,0,0,0.000000,0,0,0.000000,0,0,0.000000,0,0,0.000000,0,0.000000,0,0.000000,0,0.000000
2278,207.090909,1,0,0.000000,0,0,0.000000,0,0,0.000000,0,0,0.000000,0,0,0.000000,0,0.000000,0,0.000000,0,0.000000
2279,207.181818,2,0,0.000000,0,0,0.000000,0,0,0.000000,0,0,0.000000,0,0,0.000000,0,0.000000,0,0.000000,2,0.457031
2280,207.272727,2,0,0.000000,0,0,0.000000,0,0,0.000000,0,0,0.000000,0,0,0.000000,0,0.000000,0,0.000000,2,0.452637
2281,207.363636,1,0,0.000000,0,0,0.000000,0,0,0.000000,0,0,0.000000,0,0,0.000000,0,0.000000,0,0.000000,2,0.531250
2282,207.454545,1,0,0.000000,0,0,0.000000,0,0,0.000000,0,0,0.000000,0,0,0.000000,0,0.000000,0,0.000000,0,0.000000
2283,207.545455,1,0,0.000000,0,0,0.000000,0,0,0.000000,0,0,0.000000,0,0,0.000000,0,0.000000,0,0.000000,2,0.614746
2284,207.636364,1,0,0.000000,0,0,0.000000,0,0,0.000000,0,0,0.000000,0,0,0.000000,0,0.000000,0,0.000000,2,0.490479
2285,207.727273,1,0,0.000000,0,0,0.000000,0,0,0.000000,0,0,0.000000,0,0,0.000000,0,0.000000,0,0.000000,1,0.312500
2286,207.818182,1,0,0.000000,0,0,0.000000,0,0,0.000000,0,0,0.000000,0,0,0.000000,0,0.000000,0,0.000000,0,0.000000
2287,207.909091,1,0,0.000000,0,0,0.000000,0,0,0.000000,0,0,0.000000,0,0,0.000000,0,0.000000,0,0.000000,0,0.000000
2288,208.000000,1,1,0.789551,1,0,0.000000,0,0,0.000000,0,0,0.000000,0,0,0.000000,0,0.000000,0,0.000000,0,0.000000
2289,208.090909,1,1,0.793945,1,0,0.000000,0,0,0.000000,0,0,0.000000,0,0,0.000000,0,0.000000,0,0.000000,0,0.000000
2290,208.181818,1,1,0.890625,1,0,0.000000,0,0,0.000000,0,0,0.000000,0,0,0.000000,0,0.000000,0,0.000000,0,0.000000
2291,208.272727,1,1,0.825195,1,0,0.000000,0,0,0.000000,0,0,0.000000,0,0,0.000000,0,0.000000,0,0.000000,0,0.000000
2292,208.363636,1,0,0.000000,0,0,0.000000,0,0,0.000000,0,0,0.000000,0,0,0.000000,0,0.000000,0,0.000000,2,0.298096
2293,208.454545,1,0,0.000000,0,0,0.000000,0,0,0.000000,0,0,0.000000,0,0,0.000000,0,0.000000,0,0.000000,2,0.318359
2294,208.545455,1,0,0.000000,0,0,0.000000,0,0,0.000000,0,0,0.000000,0,0,0.000000,0,0.000000,0,0.000000,0,0.000000
2295,208.636364,1,0,0.000000,0,0,0.000000,0,0,0.000000,0,0,0.000000,0,0,0.000000,0,0.000000,0,0.000000,0,0.000000
2296,208.727273,1,0,0.000000,0,0,0.000000,0,0,0.000000,0,0,0.000000,0,0,0.000000,0,0.000000,0,0.000000,0,0.000000
2297,208.818182,1,0,0.000000,0,0,0.000000,0,0,0.000000,0,0,0.000000,0,0,0.000000,0,0.000000,0,0.000000,0,0.000000
2298,208.909091,1,0,0.000000,0,0,0.000000,0,0,0.000000,0,0,0.000000,0,0,0.000000,0,0.000000,0,0.000000,0,0.000000
2299,209.000000,1,0,0.000000,0,0,0.000000,0,0,0.000000,0,0,0.000000,0,0,0.000000,0,0.000000,0,0.000000,0,0.000000
2300,209.090909,1,0,0.000000,0,0,0.000000,0,0,0.000000,0,0,0.000000,0,0,0.000000,0,0.000000,0,0.000000,0,0.000000
2301,209.181818,1,0,0.000000,0,0,0.000000,0,0,0.000000,0,0,0.000000,0,0,0.000000,0,0.000000,0,0.000000,0,0.000000
2302,209.272727,1,0,0.000000,0,0,0.000000,0,0,0.000000,0,0,0.000000,0,0,0.000000,0,0.000000,0,0.000000,0,0.000000
2303,209.363636,1,0,0.000000,0,0,0.000000,0,0,0.000000,0,0,0.000000,0,0,0.000000,0,0.000000,0,0.000000,0,0.000000
2304,209.454545,1,0,0.000000,0,0,0.000000,0,0,0.000000,0,0,0.000000,0,0,0.000000,0,0.000000,0,0.000000,0,0.000000
2305,209.545455,1,0,0.000000,0,0,0.000000,0,0,0.000000,0,0,0.000000,0,0,0.000000,0,0.000000,0,0.000000,0,0.000000
2306,209.636364,1,0,0.000000,0,0,0.000000,0,0,0.000000,0,0,0.000000,0,0,0.000000,0,0.000000,0,0.000000,0,0.000000
2307,209.727273,1,1,0.381348,1,0,0.000000,0,0,0.000000,0,0,0.000000,0,0,0.000000,0,0.000000,0,0.000000,0,0.000000
2308,209.818182,1,0,0.000000,0,0,0.000000,0,0,0.000000,0,0,0.000000,0,0,0.000000,0,0.000000,0,0.000000,0,0.000000
2309,209.909091,1,0,0.000000,0,0,0.000000,0,0,0.000000,0,0,0.000000,0,0,0.000000,0,0.000000,0,0.000000,0,0.000000
2310,210.000000,1,1,0.316650,1,0,0.000000,0,0,0.000000,0,0,0.000000,0,0,0.000000,0,0.000000,0,0.000000,0,0.000000
2311,210.090909,1,1,0.759766,1,0,0.000000,0,0,0.000000,0,0,0.000000,0,0,0.000000,0,0.000000,0,0.000000,0,0.000000
2312,210.181818,1,1,0.761230,1,0,0.000000,0,0,0.000000,0,0,0.000000,0,0,0.000000,0,0.000000,0,0.000000,0,0.000000
2313,210.272727,1,1,0.782227,1,0,0.000000,0,0,0.000000,0,0,0.000000,0,0,0.000000,0,0.000000,0,0.000000,0,0.000000
2314,210.363636,1,1,0.895020,1,0,0.000000,0,0,0.000000,0,0,0.000000,0,0,0.000000,0,0.000000,0,0.000000,2,0.581543
2315,210.454545,1,1,0.891113,1,0,0.000000,0,0,0.000000,0,0,0.000000,0,0,0.000000,0,0.000000,0,0.000000,2,0.600098
2316,210.545455,1,1,0.822266,1,0,0.000000,0,0,0.000000,0,0,0.000000,0,0,0.000000,0,0.000000,0,0.000000,1,0.745117
2317,210.636364,1,1,0.840820,1,0,0.000000,0,0,0.000000,0,0,0.000000,0,0,0.000000,0,0.000000,0,0.000000,1,0.292480
2318,210.727273,1,1,0.659180,1,0,0.000000,0,0,0.000000,0,0,0.000000,0,0,0.000000,0,0.000000,0,0.000000,1,0.365234
2319,210.818182,1,1,0.560059,1,0,0.000000,0,0,0.000000,0,0,0.000000,0,0,0.000000,0,0.000000,0,0.000000,1,0.379883
2320,210.909091,1,1,0.556641,1,0,0.000000,0,0,0.000000,0,0,0.000000,0,0,0.000000,0,0.000000,0,0.000000,1,0.418213
2321,211.000000,1,0,0.000000,0,0,0.000000,0,0,0.000000,0,0,0.000000,0,0,0.000000,0,0.000000,0,0.000000,1,0.795410
2322,211.090909,1,0,0.000000,0,0,0.000000,0,0,0.000000,0,0,0.000000,0,0,0.000000,0,0.000000,0,0.000000,1,0.804199
2323,211.181818,1,0,0.000000,0,0,0.000000,0,0,0.000000,0,0,0.000000,0,0,0.000000,0,0.000000,0,0.000000,1,0.753418
2324,211.272727,1,0,0.000000,0,0,0.000000,0,0,0.000000,0,0,0.000000,0,1,0.268799,0,0.000000,0,0.000000,1,0.765137
2325,211.363636,1,0,0.000000,0,0,0.000000,0,0,0.000000,0,0,0.000000,0,0,0.000000,0,0.000000,0,0.000000,1,0.810059
2326,211.454545,1,0,0.000000,0,0,0.000000,0,0,0.000000,0,0,0.000000,0,0,0.000000,0,0.000000,0,0.000000,1,0.744141
2327,211.545455,1,0,0.000000,0,0,0.000000,0,0,0.000000,0,0,0.000000,0,0,0.000000,0,0.000000,0,0.000000,1,0.697754
2328,211.636364,1,0,0.000000,0,0,0.000000,0,0,0.000000,0,0,0.000000,0,0,0.000000,0,0.000000,0,0.000000,2,0.693848
2329,211.727273,1,0,0.000000,0,0,0.000000,0,0,0.000000,0,0,0.000000,0,0,0.000000,0,0.000000,0,0.000000,1,0.782227
2330,211.818182,1,0,0.000000,0,0,0.000000,0,0,0.000000,0,0,0.000000,0,0,0.000000,0,0.000000,0,0.000000,1,0.765137
2331,211.909091,1,0,0.000000,0,0,0.000000,0,0,0.000000,0,0,0.000000,0,0,0.000000,0,0.000000,0,0.000000,1,0.711914
2332,212.000000,1,0,0.000000,0,0,0.000000,0,0,0.000000,0,0,0.000000,0,0,0.000000,0,0.000000,0,0.000000,1,0.713379
2333,212.090909,1,0,0.000000,0,0,0.000000,0,0,0.000000,0,0,0.000000,0,0,0.000000,0,0.000000,0,0.000000,1,0.744141
2334,212.181818,1,0,0.000000,0,0,0.000000,0,0,0.000000,0,0,0.000000,0,0,0.000000,0,0.000000,0,0.000000,1,0.729980
2335,212.272727,1,0,0.000000,0,0,0.000000,0,0,0.000000,0,0,0.000000,0,0,0.000000,0,0.000000,0,0.000000,1,0.722168
2336,212.363636,1,0,0.000000,0,0,0.000000,0,0,0.000000,0,0,0.000000,0,0,0.000000,0,0.000000,0,0.000000,1,0.663574
2337,212.454545,1,0,0.000000,0,0,0.000000,0,0,0.000000,0,0,0.000000,0,0,0.000000,0,0.000000,0,0.000000,1,0.680664
2338,212.545455,1,1,0.263672,1,0,0.000000,0,0,0.000000,0,0,0.000000,0,0,0.000000,0,0.000000,0,0.000000,1,0.681641
2339,212.636364,1,1,0.321777,1,0,0.000000,0,0,0.000000,0,0,0.000000,0,0,0.000000,0,0.000000,0,0.000000,1,0.709961
2340,212.727273,1,0,0.000000,0,0,0.000000,0,0,0.000000,0,0,0.000000,0,0,0.000000,0,0.000000,0,0.000000,1,0.687988
2341,212.818182,1,0,0.000000,0,0,0.000000,0,0,0.000000,0,0,0.000000,0,0,0.000000,0,0.000000,0,0.000000,1,0.678223
2342,212.909091,1,0,0.000000,0,0,0.000000,0,0,0.000000,0,0,0.000000,0,1,0.289307,0,0.000000,0,0.000000,1,0.673340
2343,213.000000,1,1,0.737793,1,0,0.000000,0,0,0.000000,0,0,0.000000,0,0,0.000000,0,0.000000,0,0.000000,0,0.000000
2344,213.090909,1,1,0.740723,1,0,0.000000,0,0,0.000000,0,0,0.000000,0,0,0.000000,0,0.000000,0,0.000000,0,0.000000
2345,213.181818,0,0,0.000000,0,0,0.000000,0,0,0.000000,0,0,0.000000,0,0,0.000000,0,0.000000,0,0.000000,0,0.000000
2346,213.272727,0,0,0.000000,0,0,0.000000,0,0,0.000000,0,0,0.000000,0,0,0.000000,0,0.000000,0,0.000000,0,0.000000
2347,213.363636,0,0,0.000000,0,0,0.000000,0,0,0.000000,0,0,0.000000,0,0,0.000000,0,0.000000,0,0.000000,0,0.000000
2348,213.454545,0,0,0.000000,0,0,0.000000,0,0,0.000000,0,0,0.000000,0,0,0.000000,0,0.000000,0,0.000000,0,0.000000
2349,213.545455,0,0,0.000000,0,0,0.000000,0,0,0.000000,0,0,0.000000,0,0,0.000000,0,0.000000,0,0.000000,0,0.000000
2350,213.636364,0,0,0.000000,0,0,0.000000,0,0,0.000000,0,0,0.000000,0,0,0.000000,0,0.000000,0,0.000000,0,0.000000
2351,213.727273,0,0,0.000000,0,0,0.000000,0,0,0.000000,0,0,0.000000,0,0,0.000000,0,0.000000,0,0.000000,0,0.000000
2352,213.818182,0,0,0.000000,0,0,0.000000,0,0,0.000000,0,0,0.000000,0,0,0.000000,0,0.000000,0,0.000000,0,0.000000
2353,213.909091,1,1,0.428711,1,0,0.000000,0,0,0.000000,0,0,0.000000,0,0,0.000000,0,0.000000,0,0.000000,0,0.000000
2354,214.000000,1,0,0.000000,0,0,0.000000,0,0,0.000000,0,0,0.000000,0,0,0.000000,0,0.000000,0,0.000000,0,0.000000
2355,214.090909,1,1,0.503906,1,0,0.000000,0,0,0.000000,0,0,0.000000,0,0,0.000000,0,0.000000,0,0.000000,1,0.410889
2356,214.181818,1,1,0.523438,1,0,0.000000,0,0,0.000000,0,0,0.000000,0,0,0.000000,0,0.000000,0,0.000000,1,0.734863
2357,214.272727,1,1,0.690430,1,0,0.000000,0,0,0.000000,0,0,0.000000,0,0,0.000000,0,0.000000,0,0.000000,1,0.660645
2358,214.363636,1,1,0.536133,1,0,0.000000,0,0,0.000000,0,0,0.000000,0,0,0.000000,0,0.000000,0,0.000000,1,0.589355
2359,214.454545,1,1,0.565918,1,0,0.000000,0,0,0.000000,0,0,0.000000,0,0,0.000000,0,0.000000,0,0.000000,1,0.590332
2360,214.545455,1,1,0.679688,1,0,0.000000,0,0,0.000000,0,0,0.000000,0,0,0.000000,0,0.000000,0,0.000000,1,0.507324
2361,214.636364,1,1,0.777344,1,0,0.000000,0,0,0.000000,0,0,0.000000,0,0,0.000000,0,0.000000,0,0.000000,1,0.561035
2362,214.727273,1,1,0.776855,1,0,0.000000,0,0,0.000000,0,0,0.000000,0,0,0.000000,0,0.000000,0,0.000000,1,0.680176
2363,214.818182,1,1,0.909180,1,1,0.378174,1,0,0.000000,0,0,0.000000,0,0,0.000000,0,0.000000,0,0.000000,0,0.000000
2364,214.909091,1,1,0.898438,1,0,0.000000,0,0,0.000000,0,0,0.000000,0,0,0.000000,0,0.000000,0,0.000000,1,0.431641
2365,215.000000,1,1,0.867676,1,1,0.299805,1,0,0.000000,0,0,0.000000,0,0,0.000000,0,0.000000,0,0.000000,1,0.483398
2366,215.090909,1,1,0.817871,1,0,0.000000,0,0,0.000000,0,0,0.000000,0,0,0.000000,0,0.000000,0,0.000000,1,0.507812
2367,215.181818,1,1,0.829590,1,1,0.409912,1,0,0.000000,0,0,0.000000,0,0,0.000000,0,0.000000,0,0.000000,1,0.528320
2368,215.272727,1,1,0.837891,1,1,0.436768,1,0,0.000000,0,0,0.000000,0,0,0.000000,0,0.000000,0,0.000000,1,0.484863
2369,215.363636,1,1,0.788086,1,1,0.365967,1,0,0.000000,0,0,0.000000,0,0,0.000000,0,0.000000,0,0.000000,1,0.479736
2370,215.454545,1,1,0.799805,1,1,0.370361,1,0,0.000000,0,0,0.000000,0,0,0.000000,0,0.000000,0,0.000000,1,0.446777
2371,215.545455,1,1,0.810547,1,1,0.326172,1,0,0.000000,0,0,0.000000,0,0,0.000000,0,0.000000,0,0.000000,1,0.460449
2372,215.636364,1,1,0.812500,1,1,0.327148,1,0,0.000000,0,0,0.000000,0,0,0.000000,0,0.000000,0,0.000000,1,0.452393
2373,215.727273,1,1,0.821777,1,1,0.349365,1,0,0.000000,0,0,0.000000,0,0,0.000000,0,0.000000,0,0.000000,1,0.416016
2374,215.818182,1,1,0.847168,1,1,0.335938,1,0,0.000000,0,0,0.000000,0,0,0.000000,0,0.000000,0,0.000000,1,0.498047
2375,215.909091,1,1,0.800781,1,1,0.337402,1,0,0.000000,0,0,0.000000,0,0,0.000000,0,0.000000,0,0.000000,1,0.368164
2376,216.000000,1,1,0.828613,1,0,0.000000,0,0,0.000000,0,0,0.000000,0,0,0.000000,0,0.000000,0,0.000000,1,0.456299
2377,216.090909,1,1,0.811523,1,0,0.000000,0,0,0.000000,0,0,0.000000,0,0,0.000000,0,0.000000,0,0.000000,1,0.564453
2378,216.181818,1,1,0.815918,1,0,0.000000,0,1,0.250977,1,0,0.000000,0,0,0.000000,0,0.000000,0,0.000000,1,0.513672
2379,216.272727,1,1,0.810059,1,0,0.000000,0,0,0.000000,0,0,0.000000,0,0,0.000000,0,0.000000,0,0.000000,1,0.494141
2380,216.363636,1,1,0.791504,1,0,0.000000,0,0,0.000000,0,0,0.000000,0,0,0.000000,0,0.000000,0,0.000000,1,0.554199
2381,216.454545,1,1,0.823242,1,1,0.385010,1,0,0.000000,0,0,0.000000,0,0,0.000000,0,0.000000,0,0.000000,0,0.000000
2382,216.545455,1,1,0.851074,1,1,0.421631,1,0,0.000000,0,0,0.000000,0,0,0.000000,0,0.000000,0,0.000000,0,0.000000
2383,216.636364,1,1,0.857422,1,1,0.486572,1,0,0.000000,0,0,0.000000,0,0,0.000000,0,0.000000,0,0.000000,0,0.000000
2384,216.727273,1,1,0.896484,1,1,0.372559,1,0,0.000000,0,0,0.000000,0,0,0.000000,0,0.000000,0,0.000000,1,0.338623
2385,216.818182,1,1,0.910156,1,1,0.421387,1,0,0.000000,0,0,0.000000,0,0,0.000000,0,0.000000,0,0.000000,0,0.000000
2386,216.909091,1,1,0.911133,1,1,0.525879,1,0,0.000000,0,0,0.000000,0,0,0.000000,0,0.000000,0,0.000000,0,0.000000
2387,217.000000,1,1,0.896484,1,1,0.688477,1,0,0.000000,0,0,0.000000,0,0,0.000000,0,0.000000,0,0.000000,0,0.000000
2388,217.090909,1,1,0.852051,1,1,0.686523,1,0,0.000000,0,0,0.000000,0,0,0.000000,0,0.000000,0,0.000000,0,0.000000
2389,217.181818,1,1,0.849121,1,1,0.512695,1,0,0.000000,0,0,0.000000,0,0,0.000000,0,0.000000,0,0.000000,0,0.000000
2390,217.272727,1,1,0.628418,1,1,0.476807,1,0,0.000000,0,0,0.000000,0,0,0.000000,0,0.000000,0,0.000000,0,0.000000
2391,217.363636,1,1,0.673828,1,0,0.000000,0,0,0.000000,0,0,0.000000,0,0,0.000000,0,0.000000,0,0.000000,1,0.462158
2392,217.454545,1,1,0.661621,1,0,0.000000,0,0,0.000000,0,1,0.300537,1,0,0.000000,0,0.000000,0,0.000000,1,0.632812
2393,217.545455,1,1,0.751953,1,0,0.000000,0,0,0.000000,0,0,0.000000,0,0,0.000000,0,0.000000,0,0.000000,1,0.365967
2394,217.636364,1,1,0.337646,1,0,0.000000,0,0,0.000000,0,0,0.000000,0,0,0.000000,0,0.000000,0,0.000000,1,0.634277
2395,217.727273,1,1,0.359131,1,0,0.000000,0,0,0.000000,0,0,0.000000,0,0,0.000000,0,0.000000,0,0.000000,1,0.644043
2396,217.818182,1,0,0.000000,0,0,0.000000,0,0,0.000000,0,1,0.287598,1,0,0.000000,0,0.000000,0,0.000000,1,0.664062
2397,217.909091,1,0,0.000000,0,0,0.000000,0,0,0.000000,0,0,0.000000,0,0,0.000000,0,0.000000,0,0.000000,2,0.713379
2398,218.000000,1,1,0.369873,1,0,0.000000,0,0,0.000000,0,0,0.000000,0,0,0.000000,0,0.000000,0,0.000000,1,0.751465
2399,218.090909,1,0,0.000000,0,0,0.000000,0,1,0.312500,1,0,0.000000,0,0,0.000000,0,0.000000,0,0.000000,1,0.737305
2400,218.181818,1,0,0.000000,0,0,0.000000,0,1,0.303223,1,0,0.000000,0,0,0.000000,0,0.000000,0,0.000000,1,0.738770
2401,218.272727,1,0,0.000000,0,0,0.000000,0,0,0.000000,0,0,0.000000,0,0,0.000000,0,0.000000,0,0.000000,1,0.749512
2402,218.363636,1,0,0.000000,0,0,0.000000,0,0,0.000000,0,0,0.000000,0,1,0.289551,0,0.000000,0,0.000000,1,0.796875
2403,218.454545,1,0,0.000000,0,0,0.000000,0,0,0.000000,0,0,0.000000,0,1,0.312256,0,0.000000,0,0.000000,1,0.798828
2404,218.545455,1,1,0.460449,1,0,0.000000,0,0,0.000000,0,0,0.000000,0,0,0.000000,0,0.000000,0,0.000000,1,0.770020
2405,218.636364,1,1,0.725098,1,0,0.000000,0,0,0.000000,0,0,0.000000,0,0,0.000000,0,0.000000,0,0.000000,1,0.663086
2406,218.727273,1,1,0.887207,1,0,0.000000,0,0,0.000000,0,0,0.000000,0,0,0.000000,0,0.000000,0,0.000000,1,0.370850
2407,218.818182,1,1,0.893555,1,0,0.000000,0,0,0.000000,0,0,0.000000,0,0,0.000000,0,0.000000,0,0.000000,1,0.392334
2408,218.909091,1,1,0.852539,1,1,0.267578,1,0,0.000000,0,0,0.000000,0,0,0.000000,0,0.000000,0,0.000000,1,0.336914
2409,219.000000,1,1,0.842773,1,0,0.000000,0,0,0.000000,0,0,0.000000,0,0,0.000000,0,0.000000,0,0.000000,1,0.264404
2410,219.090909,1,1,0.843262,1,0,0.000000,0,0,0.000000,0,0,0.000000,0,0,0.000000,0,0.000000,0,0.000000,1,0.254639
2411,219.181818,1,1,0.907715,1,0,0.000000,0,0,0.000000,0,0,0.000000,0,0,0.000000,0,0.000000,0,0.000000,0,0.000000
2412,219.272727,1,1,0.797363,1,0,0.000000,0,0,0.000000,0,0,0.000000,0,0,0.000000,0,0.000000,0,0.000000,0,0.000000
2413,219.363636,1,1,0.839355,1,0,0.000000,0,0,0.000000,0,0,0.000000,0,0,0.000000,0,0.000000,0,0.000000,0,0.000000
2414,219.454545,1,1,0.825684,1,0,0.000000,0,0,0.000000,0,0,0.000000,0,0,0.000000,0,0.000000,0,0.000000,1,0.253906
2415,219.545455,1,1,0.828613,1,0,0.000000,0,0,0.000000,0,0,0.000000,0,0,0.000000,0,0.000000,0,0.000000,0,0.000000
2416,219.636364,1,1,0.468018,1,0,0.000000,0,0,0.000000,0,0,0.000000,0,0,0.000000,0,0.000000,0,0.000000,1,0.337402
2417,219.727273,1,0,0.000000,0,0,0.000000,0,0,0.000000,0,0,0.000000,0,0,0.000000,0,0.000000,0,0.000000,0,0.000000
2418,219.818182,1,0,0.000000,0,0,0.000000,0,0,0.000000,0,0,0.000000,0,0,0.000000,0,0.000000,0,0.000000,0,0.000000
2419,219.909091,1,0,0.000000,0,0,0.000000,0,0,0.000000,0,0,0.000000,0,0,0.000000,0,0.000000,0,0.000000,0,0.000000
2420,220.000000,1,0,0.000000,0,0,0.000000,0,0,0.000000,0,0,0.000000,0,0,0.000000,0,0.000000,0,0.000000,0,0.000000
2421,220.090909,1,0,0.000000,0,0,0.000000,0,0,0.000000,0,0,0.000000,0,0,0.000000,0,0.000000,0,0.000000,0,0.000000
2422,220.181818,1,0,0.000000,0,0,0.000000,0,0,0.000000,0,0,0.000000,0,0,0.000000,0,0.000000,0,0.000000,0,0.000000
2423,220.272727,1,0,0.000000,0,0,0.000000,0,0,0.000000,0,0,0.000000,0,0,0.000000,0,0.000000,0,0.000000,0,0.000000
2424,220.363636,1,0,0.000000,0,0,0.000000,0,0,0.000000,0,0,0.000000,0,0,0.000000,0,0.000000,0,0.000000,0,0.000000
2425,220.454545,1,1,0.533203,1,0,0.000000,0,0,0.000000,0,0,0.000000,0,0,0.000000,0,0.000000,0,0.000000,0,0.000000
2426,220.545455,1,1,0.504395,1,0,0.000000,0,0,0.000000,0,0,0.000000,0,0,0.000000,0,0.000000,0,0.000000,0,0.000000
2427,220.636364,1,1,0.803711,1,0,0.000000,0,0,0.000000,0,0,0.000000,0,0,0.000000,0,0.000000,0,0.000000,0,0.000000
2428,220.727273,2,1,0.723145,1,0,0.000000,0,0,0.000000,0,0,0.000000,0,0,0.000000,0,0.000000,0,0.000000,0,0.000000
2429,220.818182,1,1,0.661621,1,0,0.000000,0,0,0.000000,0,0,0.000000,0,0,0.000000,0,0.000000,0,0.000000,0,0.000000
2430,220.909091,1,1,0.831055,1,0,0.000000,0,0,0.000000,0,0,0.000000,0,0,0.000000,0,0.000000,0,0.000000,0,0.000000
2431,221.000000,1,1,0.932617,1,0,0.000000,0,0,0.000000,0,0,0.000000,0,0,0.000000,0,0.000000,0,0.000000,0,0.000000
2432,221.090909,1,1,0.908691,1,0,0.000000,0,0,0.000000,0,0,0.000000,0,0,0.000000,0,0.000000,0,0.000000,0,0.000000
2433,221.181818,1,1,0.891113,1,1,0.368408,1,0,0.000000,0,0,0.000000,0,0,0.000000,0,0.000000,0,0.000000,0,0.000000
2434,221.272727,1,1,0.892090,1,1,0.372070,1,0,0.000000,0,0,0.000000,0,0,0.000000,0,0.000000,0,0.000000,0,0.000000
2435,221.363636,1,1,0.887207,1,0,0.000000,0,0,0.000000,0,0,0.000000,0,0,0.000000,0,0.000000,0,0.000000,0,0.000000
2436,221.454545,1,1,0.834473,1,0,0.000000,0,1,0.538086,1,0,0.000000,0,0,0.000000,0,0.000000,0,0.000000,1,0.382080
2437,221.545455,1,1,0.767090,1,0,0.000000,0,1,0.518066,1,0,0.000000,0,0,0.000000,0,0.000000,0,0.000000,1,0.402832
2438,221.636364,1,1,0.613770,1,0,0.000000,0,0,0.000000,0,0,0.000000,0,0,0.000000,0,0.000000,0,0.000000,1,0.427979
2439,221.727273,1,1,0.609375,1,0,0.000000,0,0,0.000000,0,0,0.000000,0,0,0.000000,0,0.000000,0,0.000000,1,0.396240
2440,221.818182,1,1,0.828613,1,2,0.586426,1,1,0.404541,1,0,0.000000,0,0,0.000000,0,0.000000,0,0.000000,0,0.000000
2441,221.909091,1,1,0.624512,1,1,0.628906,1,0,0.000000,0,0,0.000000,0,0,0.000000,0,0.000000,0,0.000000,0,0.000000
2442,222.000000,1,1,0.595215,1,1,0.427490,1,1,0.294678,1,0,0.000000,0,0,0.000000,0,0.000000,0,0.000000,1,0.356689
2443,222.090909,1,1,0.826660,1,1,0.772461,1,0,0.000000,0,0,0.000000,0,0,0.000000,0,0.000000,0,0.000000,0,0.000000
2444,222.181818,1,1,0.837891,1,2,0.792480,1,0,0.000000,0,0,0.000000,0,0,0.000000,0,0.000000,0,0.000000,0,0.000000
2445,222.272727,2,2,0.837891,1,1,0.802734,1,0,0.000000,0,0,0.000000,0,0,0.000000,0,0.000000,0,0.000000,0,0.000000
2446,222.363636,1,1,0.885742,1,0,0.000000,0,1,0.405273,1,0,0.000000,0,0,0.000000,0,0.000000,0,0.000000,0,0.000000
2447,222.454545,1,1,0.888184,1,0,0.000000,0,1,0.392822,1,0,0.000000,0,0,0.000000,0,0.000000,0,0.000000,0,0.000000
2448,222.545455,1,1,0.864746,1,0,0.000000,0,0,0.000000,0,0,0.000000,0,0,0.000000,0,0.000000,0,0.000000,0,0.000000
2449,222.636364,1,1,0.803711,1,0,0.000000,0,0,0.000000,0,0,0.000000,0,0,0.000000,0,0.000000,0,0.000000,0,0.000000
2450,222.727273,1,1,0.798340,1,0,0.000000,0,0,0.000000,0,0,0.000000,0,0,0.000000,0,0.000000,0,0.000000,0,0.000000
2451,222.818182,1,1,0.839844,1,0,0.000000,0,0,0.000000,0,0,0.000000,0,0,0.000000,0,0.000000,0,0.000000,0,0.000000
2452,222.909091,2,1,0.813477,1,1,0.556641,1,0,0.000000,0,0,0.000000,0,0,0.000000,0,0.000000,0,0.000000,0,0.000000
2453,223.000000,1,0,0.000000,0,1,0.650391,1,0,0.000000,0,0,0.000000,0,0,0.000000,0,0.000000,0,0.000000,0,0.000000
2454,223.090909,1,0,0.000000,0,2,0.553711,1,0,0.000000,0,0,0.000000,0,0,0.000000,0,0.000000,0,0.000000,0,0.000000
2455,223.181818,1,0,0.000000,0,2,0.558105,1,0,0.000000,0,0,0.000000,0,0,0.000000,0,0.000000,0,0.000000,0,0.000000
2456,223.272727,1,0,0.000000,0,1,0.778809,1,0,0.000000,0,0,0.000000,0,0,0.000000,0,0.000000,0,0.000000,0,0.000000
2457,223.363636,1,0,0.000000,0,1,0.854980,1,0,0.000000,0,0,0.000000,0,0,0.000000,0,0.000000,0,0.000000,0,0.000000
2458,223.454545,1,0,0.000000,0,1,0.874512,1,0,0.000000,0,0,0.000000,0,0,0.000000,0,0.000000,0,0.000000,0,0.000000
2459,223.545455,1,0,0.000000,0,1,0.868652,1,0,0.000000,0,0,0.000000,0,0,0.000000,0,0.000000,0,0.000000,0,0.000000
2460,223.636364,1,1,0.821777,1,1,0.821777,1,1,0.352295,1,0,0.000000,0,0,0.000000,0,0.000000,0,0.000000,0,0.000000
2461,223.727273,1,1,0.838867,1,1,0.793945,1,0,0.000000,0,0,0.000000,0,0,0.000000,0,0.000000,0,0.000000,0,0.000000
2462,223.818182,1,1,0.842285,1,1,0.798828,1,0,0.000000,0,0,0.000000,0,0,0.000000,0,0.000000,0,0.000000,0,0.000000
2463,223.909091,1,1,0.858398,1,2,0.765137,1,1,0.513184,1,0,0.000000,0,0,0.000000,0,0.000000,0,0.000000,0,0.000000
2464,224.000000,1,1,0.776855,1,1,0.862793,1,0,0.000000,0,0,0.000000,0,0,0.000000,0,0.000000,0,0.000000,0,0.000000
2465,224.090909,1,1,0.778320,1,1,0.863281,1,0,0.000000,0,0,0.000000,0,0,0.000000,0,0.000000,0,0.000000,0,0.000000
2466,224.181818,1,1,0.638672,1,1,0.894531,1,0,0.000000,0,0,0.000000,0,0,0.000000,0,0.000000,0,0.000000,0,0.000000
2467,224.272727,1,1,0.833984,1,1,0.864746,1,0,0.000000,0,0,0.000000,0,0,0.000000,0,0.000000,0,0.000000,0,0.000000
2468,224.363636,1,1,0.775391,1,1,0.855469,1,0,0.000000,0,0,0.000000,0,0,0.000000,0,0.000000,0,0.000000,0,0.000000
2469,224.454545,1,1,0.722168,1,1,0.864258,1,0,0.000000,0,0,0.000000,0,0,0.000000,0,0.000000,0,0.000000,0,0.000000
2470,224.545455,1,1,0.706543,1,1,0.898438,1,0,0.000000,0,0,0.000000,0,0,0.000000,0,0.000000,0,0.000000,0,0.000000
2471,224.636364,1,1,0.766113,1,1,0.906250,1,0,0.000000,0,0,0.000000,0,0,0.000000,0,0.000000,0,0.000000,0,0.000000
2472,224.727273,1,1,0.719238,1,1,0.902344,1,0,0.000000,0,0,0.000000,0,0,0.000000,0,0.000000,0,0.000000,0,0.000000
2473,224.818182,1,1,0.797363,1,1,0.920898,1,0,0.000000,0,0,0.000000,0,0,0.000000,0,0.000000,0,0.000000,0,0.000000
2474,224.909091,1,1,0.766602,1,1,0.896484,1,0,0.000000,0,0,0.000000,0,0,0.000000,0,0.000000,0,0.000000,0,0.000000
2475,225.000000,1,1,0.770996,1,1,0.876953,1,0,0.000000,0,0,0.000000,0,0,0.000000,0,0.000000,0,0.000000,0,0.000000
2476,225.090909,1,1,0.613281,1,1,0.870117,1,0,0.000000,0,0,0.000000,0,0,0.000000,0,0.000000,0,0.000000,0,0.000000
2477,225.181818,1,0,0.000000,0,1,0.862793,1,0,0.000000,0,0,0.000000,0,0,0.000000,0,0.000000,0,0.000000,0,0.000000
2478,225.272727,1,1,0.478516,1,1,0.879883,1,0,0.000000,0,0,0.000000,0,0,0.000000,0,0.000000,0,0.000000,0,0.000000
2479,225.363636,1,1,0.667480,1,1,0.897461,1,0,0.000000,0,0,0.000000,0,0,0.000000,0,0.000000,0,0.000000,0,0.000000
2480,225.454545,1,1,0.616211,1,1,0.881836,1,0,0.000000,0,0,0.000000,0,0,0.000000,0,0.000000,0,0.000000,0,0.000000
2481,225.545455,1,1,0.625000,1,1,0.860352,1,0,0.000000,0,0,0.000000,0,0,0.000000,0,0.000000,0,0.000000,0,0.000000
2482,225.636364,1,1,0.613770,1,1,0.825195,1,0,0.000000,0,0,0.000000,0,0,0.000000,0,0.000000,0,0.000000,0,0.000000
2483,225.727273,1,1,0.492188,1,1,0.820312,1,0,0.000000,0,0,0.000000,0,0,0.000000,0,0.000000,0,0.000000,0,0.000000
2484,225.818182,1,1,0.675293,1,1,0.854004,1,0,0.000000,0,0,0.000000,0,0,0.000000,0,0.000000,0,0.000000,0,0.000000
2485,225.909091,1,1,0.661133,1,1,0.887207,1,0,0.000000,0,0,0.000000,0,0,0.000000,0,0.000000,0,0.000000,0,0.000000
2486,226.000000,1,1,0.696777,1,1,0.904785,1,0,0.000000,0,0,0.000000,0,0,0.000000,0,0.000000,0,0.000000,0,0.000000
2487,226.090909,1,1,0.649902,1,1,0.817871,1,0,0.000000,0,1,0.285400,1,0,0.000000,0,0.000000,0,0.000000,0,0.000000
2488,226.181818,1,1,0.653809,1,1,0.850586,1,0,0.000000,0,0,0.000000,0,0,0.000000,0,0.000000,0,0.000000,0,0.000000
2489,226.272727,1,1,0.708008,1,1,0.842285,1,0,0.000000,0,0,0.000000,0,0,0.000000,0,0.000000,0,0.000000,0,0.000000
2490,226.363636,1,1,0.744141,1,1,0.837891,1,0,0.000000,0,0,0.000000,0,0,0.000000,0,0.000000,0,0.000000,0,0.000000
2491,226.454545,1,1,0.749512,1,1,0.854980,1,0,0.000000,0,0,0.000000,0,0,0.000000,0,0.000000,0,0.000000,0,0.000000
2492,226.545455,1,1,0.757324,1,1,0.869141,1,0,0.000000,0,0,0.000000,0,0,0.000000,0,0.000000,0,0.000000,0,0.000000
2493,226.636364,1,1,0.763672,1,1,0.884277,1,0,0.000000,0,0,0.000000,0,0,0.000000,0,0.000000,0,0.000000,0,0.000000
2494,226.727273,1,1,0.778320,1,1,0.841309,1,0,0.000000,0,0,0.000000,0,0,0.000000,0,0.000000,0,0.000000,0,0.000000
2495,226.818182,1,1,0.783691,1,1,0.849121,1,0,0.000000,0,0,0.000000,0,0,0.000000,0,0.000000,0,0.000000,0,0.000000
2496,226.909091,1,1,0.762695,1,1,0.825195,1,0,0.000000,0,0,0.000000,0,0,0.000000,0,0.000000,0,0.000000,0,0.000000
2497,227.000000,1,1,0.764160,1,1,0.825684,1,0,0.000000,0,0,0.000000,0,0,0.000000,0,0.000000,0,0.000000,0,0.000000
2498,227.090909,1,1,0.764160,1,1,0.830566,1,0,0.000000,0,0,0.000000,0,0,0.000000,0,0.000000,0,0.000000,0,0.000000
2499,227.181818,1,1,0.752441,1,1,0.852051,1,0,0.000000,0,0,0.000000,0,0,0.000000,0,0.000000,0,0.000000,0,0.000000
2500,227.272727,1,1,0.744141,1,1,0.851074,1,0,0.000000,0,0,0.000000,0,0,0.000000,0,0.000000,0,0.000000,0,0.000000
2501,227.363636,1,1,0.740723,1,1,0.861816,1,0,0.000000,0,0,0.000000,0,0,0.000000,0,0.000000,0,0.000000,0,0.000000
2502,227.454545,1,1,0.585938,1,1,0.833984,1,0,0.000000,0,0,0.000000,0,0,0.000000,0,0.000000,0,0.000000,0,0.000000
2503,227.545455,1,1,0.658691,1,1,0.870605,1,0,0.000000,0,0,0.000000,0,0,0.000000,0,0.000000,0,0.000000,0,0.000000
2504,227.636364,1,1,0.652832,1,1,0.839355,1,0,0.000000,0,1,0.300049,1,0,0.000000,0,0.000000,0,0.000000,0,0.000000
2505,227.727273,1,1,0.658203,1,1,0.837402,1,0,0.000000,0,1,0.293701,1,0,0.000000,0,0.000000,0,0.000000,0,0.000000
2506,227.818182,1,1,0.609375,1,1,0.831055,1,0,0.000000,0,0,0.000000,0,0,0.000000,0,0.000000,0,0.000000,0,0.000000
2507,227.909091,1,1,0.742188,1,1,0.858887,1,0,0.000000,0,0,0.000000,0,0,0.000000,0,0.000000,0,0.000000,0,0.000000
2508,228.000000,1,1,0.706055,1,1,0.838867,1,0,0.000000,0,0,0.000000,0,0,0.000000,0,0.000000,0,0.000000,0,0.000000
2509,228.090909,1,1,0.713867,1,1,0.839844,1,0,0.000000,0,0,0.000000,0,0,0.000000,0,0.000000,0,0.000000,0,0.000000
2510,228.181818,1,1,0.579102,1,1,0.814453,1,0,0.000000,0,0,0.000000,0,0,0.000000,0,0.000000,0,0.000000,0,0.000000
2511,228.272727,1,1,0.805176,1,1,0.853516,1,1,0.363037,1,0,0.000000,0,0,0.000000,0,0.000000,0,0.000000,0,0.000000
2512,228.363636,1,1,0.739258,1,1,0.862793,1,0,0.000000,0,1,0.281250,1,0,0.000000,0,0.000000,0,0.000000,0,0.000000
2513,228.454545,1,1,0.735840,1,1,0.861816,1,0,0.000000,0,1,0.263916,1,0,0.000000,0,0.000000,0,0.000000,0,0.000000
2514,228.545455,1,1,0.670898,1,1,0.875000,1,0,0.000000,0,0,0.000000,0,0,0.000000,0,0.000000,0,0.000000,0,0.000000
2515,228.636364,1,1,0.559082,1,1,0.841309,1,0,0.000000,0,0,0.000000,0,0,0.000000,0,0.000000,0,0.000000,0,0.000000
2516,228.727273,1,1,0.563965,1,1,0.817871,1,0,0.000000,0,0,0.000000,0,0,0.000000,0,0.000000,0,0.000000,0,0.000000
2517,228.818182,1,1,0.566895,1,1,0.823730,1,0,0.000000,0,0,0.000000,0,0,0.000000,0,0.000000,0,0.000000,0,0.000000
2518,228.909091,1,1,0.618164,1,1,0.801758,1,0,0.000000,0,0,0.000000,0,0,0.000000,0,0.000000,0,0.000000,0,0.000000
2519,229.000000,1,0,0.000000,0,1,0.842773,1,0,0.000000,0,0,0.000000,0,0,0.000000,0,0.000000,0,0.000000,0,0.000000
2520,229.090909,1,0,0.000000,0,1,0.812500,1,0,0.000000,0,0,0.000000,0,0,0.000000,0,0.000000,0,0.000000,0,0.000000
2521,229.181818,1,0,0.000000,0,1,0.811523,1,0,0.000000,0,0,0.000000,0,0,0.000000,0,0.000000,0,0.000000,0,0.000000
2522,229.272727,1,1,0.434570,1,1,0.764160,1,0,0.000000,0,0,0.000000,0,0,0.000000,0,0.000000,0,0.000000,0,0.000000
2523,229.363636,1,1,0.708984,1,1,0.871582,1,0,0.000000,0,0,0.000000,0,0,0.000000,0,0.000000,0,0.000000,0,0.000000
2524,229.454545,1,1,0.812012,1,1,0.823242,1,0,0.000000,0,0,0.000000,0,0,0.000000,0,0.000000,0,0.000000,0,0.000000
2525,229.545455,1,1,0.816406,1,1,0.818359,1,0,0.000000,0,0,0.000000,0,0,0.000000,0,0.000000,0,0.000000,0,0.000000
2526,229.636364,1,1,0.900391,1,1,0.808105,1,0,0.000000,0,0,0.000000,0,0,0.000000,0,0.000000,0,0.000000,0,0.000000
2527,229.727273,1,1,0.901367,1,1,0.807129,1,0,0.000000,0,0,0.000000,0,0,0.000000,0,0.000000,0,0.000000,0,0.000000
2528,229.818182,1,1,0.820312,1,1,0.876953,1,0,0.000000,0,0,0.000000,0,0,0.000000,0,0.000000,0,0.000000,0,0.000000
2529,229.909091,1,1,0.811523,1,1,0.877441,1,0,0.000000,0,0,0.000000,0,0,0.000000,0,0.000000,0,0.000000,0,0.000000
2530,230.000000,1,1,0.824707,1,1,0.833984,1,2,0.366455,1,0,0.000000,0,0,0.000000,0,0.000000,0,0.000000,0,0.000000
2531,230.090909,1,1,0.826660,1,1,0.872070,1,2,0.486328,1,0,0.000000,0,0,0.000000,0,0.000000,0,0.000000,0,0.000000
2532,230.181818,1,1,0.848145,1,1,0.883301,1,0,0.000000,0,0,0.000000,0,0,0.000000,0,0.000000,0,0.000000,0,0.000000
2533,230.272727,1,1,0.870117,1,1,0.858398,1,0,0.000000,0,0,0.000000,0,0,0.000000,0,0.000000,0,0.000000,0,0.000000
2534,230.363636,1,1,0.825195,1,1,0.839355,1,1,0.251221,1,0,0.000000,0,0,0.000000,0,0.000000,0,0.000000,0,0.000000
2535,230.454545,1,1,0.856934,1,1,0.837891,1,0,0.000000,0,0,0.000000,0,0,0.000000,0,0.000000,0,0.000000,0,0.000000
2536,230.545455,1,1,0.773438,1,1,0.821289,1,1,0.451172,1,0,0.000000,0,0,0.000000,0,0.000000,0,0.000000,0,0.000000
2537,230.636364,1,1,0.355957,1,1,0.850586,1,1,0.280273,1,0,0.000000,0,0,0.000000,0,0.000000,0,0.000000,0,0.000000
2538,230.727273,1,1,0.757324,1,1,0.828613,1,0,0.000000,0,0,0.000000,0,0,0.000000,0,0.000000,0,0.000000,0,0.000000
2539,230.818182,1,1,0.774414,1,1,0.849121,1,0,0.000000,0,0,0.000000,0,0,0.000000,0,0.000000,0,0.000000,0,0.000000
2540,230.909091,1,1,0.823730,1,1,0.864746,1,0,0.000000,0,0,0.000000,0,0,0.000000,0,0.000000,0,0.000000,0,0.000000
2541,231.000000,1,1,0.844238,1,1,0.866211,1,0,0.000000,0,0,0.000000,0,0,0.000000,0,0.000000,0,0.000000,0,0.000000
2542,231.090909,1,1,0.839355,1,1,0.845703,1,2,0.592773,1,0,0.000000,0,0,0.000000,0,0.000000,0,0.000000,0,0.000000
2543,231.181818,1,1,0.852051,1,1,0.843262,1,2,0.561523,1,0,0.000000,0,0,0.000000,0,0.000000,0,0.000000,0,0.000000
2544,231.272727,1,1,0.867188,1,1,0.840820,1,1,0.487549,1,0,0.000000,0,0,0.000000,0,0.000000,0,0.000000,0,0.000000
2545,231.363636,1,1,0.804199,1,1,0.857422,1,0,0.000000,0,0,0.000000,0,0,0.000000,0,0.000000,0,0.000000,0,0.000000
2546,231.454545,1,1,0.854980,1,1,0.851074,1,0,0.000000,0,0,0.000000,0,0,0.000000,0,0.000000,0,0.000000,0,0.000000
2547,231.545455,1,1,0.829102,1,1,0.856934,1,0,0.000000,0,0,0.000000,0,0,0.000000,0,0.000000,0,0.000000,0,0.000000
2548,231.636364,1,1,0.852051,1,1,0.846191,1,0,0.000000,0,0,0.000000,0,0,0.000000,0,0.000000,0,0.000000,0,0.000000
2549,231.727273,1,1,0.816406,1,1,0.864746,1,0,0.000000,0,0,0.000000,0,0,0.000000,0,0.000000,0,0.000000,0,0.000000
2550,231.818182,1,1,0.868652,1,1,0.842773,1,1,0.350586,1,0,0.000000,0,0,0.000000,0,0.000000,0,0.000000,0,0.000000
2551,231.909091,1,1,0.862793,1,1,0.842773,1,1,0.365723,1,0,0.000000,0,0,0.000000,0,0.000000,0,0.000000,0,0.000000
2552,232.000000,1,1,0.842285,1,1,0.843262,1,0,0.000000,0,0,0.000000,0,0,0.000000,0,0.000000,0,0.000000,0,0.000000
2553,232.090909,1,1,0.813965,1,1,0.821289,1,0,0.000000,0,0,0.000000,0,0,0.000000,0,0.000000,0,0.000000,0,0.000000
2554,232.181818,1,1,0.810547,1,1,0.821777,1,0,0.000000,0,0,0.000000,0,0,0.000000,0,0.000000,0,0.000000,0,0.000000
2555,232.272727,1,1,0.787109,1,1,0.864746,1,0,0.000000,0,0,0.000000,0,0,0.000000,0,0.000000,0,0.000000,0,0.000000
2556,232.363636,1,1,0.784180,1,1,0.885742,1,0,0.000000,0,0,0.000000,0,0,0.000000,0,0.000000,0,0.000000,0,0.000000
2557,232.454545,1,1,0.789551,1,1,0.856934,1,0,0.000000,0,0,0.000000,0,0,0.000000,0,0.000000,0,0.000000,0,0.000000
2558,232.545455,1,1,0.786621,1,1,0.858398,1,0,0.000000,0,0,0.000000,0,0,0.000000,0,0.000000,0,0.000000,0,0.000000
2559,232.636364,1,1,0.653320,1,1,0.855469,1,0,0.000000,0,0,0.000000,0,0,0.000000,0,0.000000,0,0.000000,0,0.000000
2560,232.727273,1,1,0.662109,1,1,0.871582,1,0,0.000000,0,0,0.000000,0,0,0.000000,0,0.000000,0,0.000000,0,0.000000
2561,232.818182,1,1,0.541016,1,1,0.864746,1,0,0.000000,0,0,0.000000,0,0,0.000000,0,0.000000,0,0.000000,0,0.000000
2562,232.909091,1,1,0.520020,1,1,0.866211,1,0,0.000000,0,0,0.000000,0,0,0.000000,0,0.000000,0,0.000000,0,0.000000
2563,233.000000,1,1,0.632324,1,1,0.874512,1,0,0.000000,0,0,0.000000,0,0,0.000000,0,0.000000,0,0.000000,0,0.000000
2564,233.090909,1,1,0.612305,1,1,0.867188,1,0,0.000000,0,0,0.000000,0,0,0.000000,0,0.000000,0,0.000000,0,0.000000
2565,233.181818,1,1,0.431641,1,1,0.924316,1,0,0.000000,0,0,0.000000,0,0,0.000000,0,0.000000,0,0.000000,0,0.000000
2566,233.272727,1,1,0.473145,1,1,0.883301,1,0,0.000000,0,0,0.000000,0,0,0.000000,0,0.000000,0,0.000000,0,0.000000
2567,233.363636,1,1,0.369873,1,1,0.784180,1,0,0.000000,0,0,0.000000,0,0,0.000000,0,0.000000,0,0.000000,0,0.000000
2568,233.454545,1,1,0.365234,1,1,0.781738,1,0,0.000000,0,0,0.000000,0,0,0.000000,0,0.000000,0,0.000000,0,0.000000
2569,233.545455,1,0,0.000000,0,1,0.861816,1,0,0.000000,0,0,0.000000,0,0,0.000000,0,0.000000,0,0.000000,0,0.000000
2570,233.636364,1,1,0.288818,1,1,0.867676,1,0,0.000000,0,0,0.000000,0,0,0.000000,0,0.000000,0,0.000000,0,0.000000
2571,233.727273,1,1,0.293457,1,1,0.867188,1,0,0.000000,0,0,0.000000,0,0,0.000000,0,0.000000,0,0.000000,0,0.000000
2572,233.818182,1,1,0.277344,1,1,0.917480,1,0,0.000000,0,0,0.000000,0,0,0.000000,0,0.000000,0,0.000000,0,0.000000
2573,233.909091,1,1,0.277588,1,1,0.916504,1,0,0.000000,0,0,0.000000,0,0,0.000000,0,0.000000,0,0.000000,0,0.000000
2574,234.000000,1,0,0.000000,0,1,0.887207,1,0,0.000000,0,0,0.000000,0,0,0.000000,0,0.000000,0,0.000000,0,0.000000
2575,234.090909,1,1,0.361328,1,1,0.801270,1,0,0.000000,0,0,0.000000,0,0,0.000000,0,0.000000,0,0.000000,0,0.000000
2576,234.181818,1,1,0.376953,1,1,0.873047,1,0,0.000000,0,0,0.000000,0,0,0.000000,0,0.000000,0,0.000000,0,0.000000
2577,234.272727,1,1,0.472412,1,1,0.874512,1,0,0.000000,0,0,0.000000,0,0,0.000000,0,0.000000,0,0.000000,0,0.000000
2578,234.363636,1,0,0.000000,0,1,0.916016,1,0,0.000000,0,0,0.000000,0,0,0.000000,0,0.000000,0,0.000000,0,0.000000
2579,234.454545,1,1,0.537109,1,1,0.914062,1,0,0.000000,0,0,0.000000,0,0,0.000000,0,0.000000,0,0.000000,0,0.000000
2580,234.545455,1,1,0.558594,1,1,0.913574,1,0,0.000000,0,0,0.000000,0,0,0.000000,0,0.000000,0,0.000000,0,0.000000
2581,234.636364,1,1,0.585938,1,1,0.877441,1,0,0.000000,0,0,0.000000,0,0,0.000000,0,0.000000,0,0.000000,0,0.000000
2582,234.727273,1,1,0.617676,1,1,0.888672,1,0,0.000000,0,0,0.000000,0,0,0.000000,0,0.000000,0,0.000000,0,0.000000
2583,234.818182,1,1,0.684570,1,1,0.883301,1,1,0.306885,1,0,0.000000,0,0,0.000000,0,0.000000,0,0.000000,0,0.000000
2584,234.909091,1,1,0.684570,1,1,0.881836,1,1,0.280029,1,0,0.000000,0,0,0.000000,0,0.000000,0,0.000000,0,0.000000
2585,235.000000,1,1,0.731445,1,1,0.885742,1,0,0.000000,0,0,0.000000,0,0,0.000000,0,0.000000,0,0.000000,0,0.000000
2586,235.090909,1,1,0.644043,1,1,0.816406,1,0,0.000000,0,0,0.000000,0,0,0.000000,0,0.000000,0,0.000000,0,0.000000
2587,235.181818,1,1,0.709473,1,1,0.805176,1,0,0.000000,0,0,0.000000,0,0,0.000000,0,0.000000,0,0.000000,0,0.000000
2588,235.272727,1,1,0.634766,1,1,0.798828,1,0,0.000000,0,0,0.000000,0,0,0.000000,0,0.000000,0,0.000000,0,0.000000
2589,235.363636,1,1,0.676270,1,1,0.810059,1,0,0.000000,0,0,0.000000,0,0,0.000000,0,0.000000,0,0.000000,0,0.000000
2590,235.454545,1,1,0.689453,1,1,0.898926,1,0,0.000000,0,0,0.000000,0,0,0.000000,0,0.000000,0,0.000000,0,0.000000
2591,235.545455,1,1,0.681641,1,1,0.898438,1,0,0.000000,0,0,0.000000,0,0,0.000000,0,0.000000,0,0.000000,0,0.000000
2592,235.636364,1,1,0.690918,1,1,0.916504,1,0,0.000000,0,0,0.000000,0,0,0.000000,0,0.000000,0,0.000000,0,0.000000
2593,235.727273,1,1,0.693359,1,1,0.919922,1,0,0.000000,0,0,0.000000,0,0,0.000000,0,0.000000,0,0.000000,0,0.000000
2594,235.818182,1,1,0.742188,1,1,0.930176,1,0,0.000000,0,0,0.000000,0,0,0.000000,0,0.000000,0,0.000000,0,0.000000
2595,235.909091,1,1,0.738770,1,1,0.931152,1,0,0.000000,0,0,0.000000,0,0,0.000000,0,0.000000,0,0.000000,0,0.000000
2596,236.000000,1,1,0.656738,1,1,0.894531,1,0,0.000000,0,0,0.000000,0,0,0.000000,0,0.000000,0,0.000000,0,0.000000
2597,236.090909,1,1,0.659180,1,1,0.896484,1,0,0.000000,0,0,0.000000,0,0,0.000000,0,0.000000,0,0.000000,0,0.000000
2598,236.181818,1,1,0.732422,1,1,0.787598,1,0,0.000000,0,0,0.000000,0,0,0.000000,0,0.000000,0,0.000000,0,0.000000
2599,236.272727,1,1,0.728516,1,1,0.781738,1,0,0.000000,0,0,0.000000,0,0,0.000000,0,0.000000,0,0.000000,0,0.000000
2600,236.363636,1,1,0.644531,1,1,0.760742,1,0,0.000000,0,0,0.000000,0,0,0.000000,0,0.000000,0,0.000000,0,0.000000
2601,236.454545,1,1,0.649902,1,1,0.763672,1,0,0.000000,0,0,0.000000,0,0,0.000000,0,0.000000,0,0.000000,0,0.000000
2602,236.545455,1,1,0.674805,1,1,0.801758,1,0,0.000000,0,0,0.000000,0,0,0.000000,0,0.000000,0,0.000000,0,0.000000
2603,236.636364,1,1,0.581055,1,1,0.737793,1,0,0.000000,0,0,0.000000,0,0,0.000000,0,0.000000,0,0.000000,0,0.000000
2604,236.727273,1,0,0.000000,0,1,0.689453,1,0,0.000000,0,0,0.000000,0,0,0.000000,0,0.000000,0,0.000000,0,0.000000
2605,236.818182,1,0,0.000000,0,2,0.675293,1,0,0.000000,0,0,0.000000,0,0,0.000000,0,0.000000,0,0.000000,0,0.000000
2606,236.909091,1,1,0.622070,1,2,0.805176,1,0,0.000000,0,0,0.000000,0,0,0.000000,0,0.000000,0,0.000000,0,0.000000
2607,237.000000,1,1,0.641113,1,2,0.809082,1,0,0.000000,0,0,0.000000,0,0,0.000000,0,0.000000,0,0.000000,0,0.000000
2608,237.090909,1,1,0.460449,1,1,0.827637,1,0,0.000000,0,0,0.000000,0,0,0.000000,0,0.000000,0,0.000000,0,0.000000
2609,237.181818,1,1,0.630371,1,1,0.734375,1,0,0.000000,0,0,0.000000,0,0,0.000000,0,0.000000,0,0.000000,0,0.000000
2610,237.272727,1,0,0.000000,0,1,0.515137,1,0,0.000000,0,0,0.000000,0,0,0.000000,0,0.000000,0,0.000000,0,0.000000
2611,237.363636,1,0,0.000000,0,1,0.364258,1,0,0.000000,0,0,0.000000,0,0,0.000000,0,0.000000,0,0.000000,0,0.000000
2612,237.454545,1,0,0.000000,0,1,0.287598,1,0,0.000000,0,0,0.000000,0,0,0.000000,0,0.000000,0,0.000000,0,0.000000
2613,237.545455,1,0,0.000000,0,1,0.267334,1,0,0.000000,0,0,0.000000,0,0,0.000000,0,0.000000,0,0.000000,0,0.000000
2614,237.636364,1,0,0.000000,0,2,0.474854,1,0,0.000000,0,0,0.000000,0,0,0.000000,0,0.000000,0,0.000000,0,0.000000
2615,237.727273,1,0,0.000000,0,2,0.575195,1,0,0.000000,0,0,0.000000,0,0,0.000000,0,0.000000,0,0.000000,0,0.000000
2616,237.818182,1,0,0.000000,0,2,0.568359,1,0,0.000000,0,0,0.000000,0,0,0.000000,0,0.000000,0,0.000000,0,0.000000
2617,237.909091,1,0,0.000000,0,1,0.567383,1,0,0.000000,0,0,0.000000,0,0,0.000000,0,0.000000,0,0.000000,0,0.000000
2618,238.000000,1,0,0.000000,0,1,0.644043,1,0,0.000000,0,0,0.000000,0,0,0.000000,0,0.000000,0,0.000000,0,0.000000
2619,238.090909,1,1,0.578125,1,1,0.817383,1,0,0.000000,0,0,0.000000,0,0,0.000000,0,0.000000,0,0.000000,0,0.000000
2620,238.181818,1,1,0.337402,1,1,0.666016,1,0,0.000000,0,0,0.000000,0,0,0.000000,0,0.000000,0,0.000000,0,0.000000
2621,238.272727,1,1,0.345459,1,1,0.663574,1,0,0.000000,0,0,0.000000,0,0,0.000000,0,0.000000,0,0.000000,0,0.000000
2622,238.363636,1,1,0.322266,1,1,0.659668,1,0,0.000000,0,0,0.000000,0,0,0.000000,0,0.000000,0,0.000000,0,0.000000
2623,238.454545,1,1,0.363525,1,1,0.667480,1,0,0.000000,0,0,0.000000,0,0,0.000000,0,0.000000,0,0.000000,0,0.000000
2624,238.545455,1,1,0.334961,1,1,0.638184,1,0,0.000000,0,0,0.000000,0,0,0.000000,0,0.000000,0,0.000000,0,0.000000
2625,238.636364,1,0,0.000000,0,2,0.630371,1,0,0.000000,0,0,0.000000,0,0,0.000000,0,0.000000,0,0.000000,0,0.000000
2626,238.727273,1,0,0.000000,0,1,0.285645,1,0,0.000000,0,0,0.000000,0,0,0.000000,0,0.000000,0,0.000000,0,0.000000
2627,238.818182,1,0,0.000000,0,1,0.326172,1,0,0.000000,0,0,0.000000,0,0,0.000000,0,0.000000,0,0.000000,0,0.000000
2628,238.909091,1,0,0.000000,0,1,0.264648,1,0,0.000000,0,0,0.000000,0,0,0.000000,0,0.000000,0,0.000000,0,0.000000
2629,239.000000,1,0,0.000000,0,0,0.000000,0,0,0.000000,0,0,0.000000,0,0,0.000000,0,0.000000,0,0.000000,0,0.000000
2630,239.090909,1,0,0.000000,0,0,0.000000,0,0,0.000000,0,0,0.000000,0,0,0.000000,0,0.000000,0,0.000000,0,0.000000
2631,239.181818,1,0,0.000000,0,0,0.000000,0,0,0.000000,0,0,0.000000,0,0,0.000000,0,0.000000,0,0.000000,0,0.000000
2632,239.272727,1,1,0.442627,1,1,0.845703,1,0,0.000000,0,0,0.000000,0,0,0.000000,0,0.000000,0,0.000000,0,0.000000
2633,239.363636,1,1,0.727051,1,1,0.930176,1,0,0.000000,0,1,0.415527,1,0,0.000000,0,0.000000,0,0.000000,0,0.000000
2634,239.454545,1,1,0.729980,1,1,0.929199,1,0,0.000000,0,1,0.422852,1,0,0.000000,0,0.000000,0,0.000000,0,0.000000
2635,239.545455,1,1,0.469727,1,1,0.898438,1,0,0.000000,0,0,0.000000,0,0,0.000000,0,0.000000,0,0.000000,0,0.000000
2636,239.636364,1,1,0.457031,1,1,0.898438,1,0,0.000000,0,0,0.000000,0,0,0.000000,0,0.000000,0,0.000000,0,0.000000
2637,239.727273,1,1,0.604980,1,1,0.907715,1,0,0.000000,0,0,0.000000,0,0,0.000000,0,0.000000,0,0.000000,0,0.000000
2638,239.818182,1,1,0.601562,1,1,0.908691,1,0,0.000000,0,0,0.000000,0,0,0.000000,0,0.000000,0,0.000000,0,0.000000
2639,239.909091,1,1,0.607422,1,1,0.810059,1,0,0.000000,0,0,0.000000,0,0,0.000000,0,0.000000,0,0.000000,0,0.000000
2640,240.000000,1,1,0.604004,1,1,0.809082,1,0,0.000000,0,0,0.000000,0,0,0.000000,0,0.000000,0,0.000000,0,0.000000
2641,240.090909,1,1,0.608398,1,1,0.802734,1,0,0.000000,0,0,0.000000,0,0,0.000000,0,0.000000,0,0.000000,0,0.000000
2642,240.181818,1,1,0.598633,1,1,0.803223,1,0,0.000000,0,0,0.000000,0,0,0.000000,0,0.000000,0,0.000000,0,0.000000
2643,240.272727,1,1,0.378662,1,1,0.811523,1,0,0.000000,0,0,0.000000,0,0,0.000000,0,0.000000,0,0.000000,0,0.000000
2644,240.363636,1,1,0.361328,1,1,0.805176,1,0,0.000000,0,0,0.000000,0,0,0.000000,0,0.000000,0,0.000000,0,0.000000
2645,240.454545,1,1,0.382080,1,1,0.810059,1,0,0.000000,0,0,0.000000,0,0,0.000000,0,0.000000,0,0.000000,0,0.000000
2646,240.545455,1,1,0.800781,1,1,0.829590,1,0,0.000000,0,0,0.000000,0,0,0.000000,0,0.000000,0,0.000000,0,0.000000
2647,240.636364,1,1,0.812012,1,1,0.823242,1,0,0.000000,0,0,0.000000,0,0,0.000000,0,0.000000,0,0.000000,0,0.000000
2648,240.727273,1,1,0.692871,1,1,0.894531,1,0,0.000000,0,0,0.000000,0,0,0.000000,0,0.000000,0,0.000000,0,0.000000
2649,240.818182,1,1,0.680664,1,1,0.892090,1,0,0.000000,0,0,0.000000,0,0,0.000000,0,0.000000,0,0.000000,0,0.000000
2650,240.909091,1,1,0.582031,1,1,0.808105,1,0,0.000000,0,0,0.000000,0,0,0.000000,0,0.000000,0,0.000000,0,0.000000
2651,241.000000,1,1,0.586426,1,1,0.809570,1,0,0.000000,0,0,0.000000,0,0,0.000000,0,0.000000,0,0.000000,0,0.000000
2652,241.090909,0,0,0.000000,0,0,0.000000,0,0,0.000000,0,0,0.000000,0,0,0.000000,0,0.000000,0,0.000000,0,0.000000
2653,241.181818,0,0,0.000000,0,0,0.000000,0,0,0.000000,0,0,0.000000,0,0,0.000000,0,0.000000,0,0.000000,0,0.000000
2654,241.272727,0,1,0.282471,1,0,0.000000,0,0,0.000000,0,0,0.000000,0,0,0.000000,0,0.000000,0,0.000000,0,0.000000
2655,241.363636,0,0,0.000000,0,0,0.000000,0,0,0.000000,0,0,0.000000,0,0,0.000000,0,0.000000,0,0.000000,0,0.000000
2656,241.454545,0,0,0.000000,0,0,0.000000,0,0,0.000000,0,0,0.000000,0,0,0.000000,0,0.000000,0,0.000000,0,0.000000
2657,241.545455,0,0,0.000000,0,0,0.000000,0,0,0.000000,0,0,0.000000,0,0,0.000000,0,0.000000,0,0.000000,0,0.000000
2658,241.636364,0,0,0.000000,0,0,0.000000,0,0,0.000000,0,0,0.000000,0,0,0.000000,0,0.000000,0,0.000000,0,0.000000
2659,241.727273,0,1,0.273438,1,0,0.000000,0,0,0.000000,0,0,0.000000,0,0,0.000000,0,0.000000,0,0.000000,0,0.000000
2660,241.818182,0,1,0.252930,1,0,0.000000,0,0,0.000000,0,0,0.000000,0,0,0.000000,0,0.000000,0,0.000000,0,0.000000
2661,241.909091,0,0,0.000000,0,0,0.000000,0,0,0.000000,0,0,0.000000,0,0,0.000000,0,0.000000,0,0.000000,0,0.000000
2662,242.000000,1,1,0.367920,1,1,0.792969,1,0,0.000000,0,0,0.000000,0,0,0.000000,0,0.000000,0,0.000000,0,0.000000
2663,242.090909,1,1,0.755371,1,1,0.784668,1,0,0.000000,0,1,0.330811,1,0,0.000000,0,0.000000,0,0.000000,0,0.000000
2664,242.181818,1,1,0.689941,1,1,0.871582,1,0,0.000000,0,1,0.355469,1,0,0.000000,0,0.000000,0,0.000000,0,0.000000
2665,242.272727,1,1,0.687012,1,1,0.870605,1,0,0.000000,0,1,0.396240,1,0,0.000000,0,0.000000,0,0.000000,0,0.000000
2666,242.363636,1,1,0.832031,1,1,0.892578,1,0,0.000000,0,0,0.000000,0,0,0.000000,0,0.000000,0,0.000000,0,0.000000
2667,242.454545,1,0,0.000000,0,1,0.836426,1,0,0.000000,0,0,0.000000,0,0,0.000000,0,0.000000,0,0.000000,0,0.000000
2668,242.545455,1,0,0.000000,0,1,0.839844,1,0,0.000000,0,0,0.000000,0,0,0.000000,0,0.000000,0,0.000000,0,0.000000
2669,242.636364,1,1,0.622070,1,1,0.852539,1,0,0.000000,0,0,0.000000,0,0,0.000000,0,0.000000,0,0.000000,0,0.000000
2670,242.727273,1,1,0.371582,1,1,0.839844,1,0,0.000000,0,0,0.000000,0,0,0.000000,0,0.000000,0,0.000000,0,0.000000
2671,242.818182,1,1,0.576172,1,1,0.866211,1,0,0.000000,0,0,0.000000,0,0,0.000000,0,0.000000,0,0.000000,0,0.000000
2672,242.909091,1,1,0.553711,1,1,0.869141,1,0,0.000000,0,0,0.000000,0,0,0.000000,0,0.000000,0,0.000000,0,0.000000
2673,243.000000,1,1,0.619629,1,1,0.878906,1,0,0.000000,0,0,0.000000,0,0,0.000000,0,0.000000,0,0.000000,0,0.000000
2674,243.090909,1,1,0.598633,1,1,0.886719,1,0,0.000000,0,0,0.000000,0,0,0.000000,0,0.000000,0,0.000000,0,0.000000
2675,243.181818,1,1,0.609375,1,1,0.889648,1,0,0.000000,0,0,0.000000,0,0,0.000000,0,0.000000,0,0.000000,0,0.000000
2676,243.272727,1,1,0.545410,1,1,0.888672,1,0,0.000000,0,0,0.000000,0,0,0.000000,0,0.000000,0,0.000000,0,0.000000
2677,243.363636,1,1,0.396240,1,1,0.854004,1,0,0.000000,0,0,0.000000,0,0,0.000000,0,0.000000,0,0.000000,0,0.000000
2678,243.454545,1,1,0.340576,1,1,0.847168,1,0,0.000000,0,0,0.000000,0,0,0.000000,0,0.000000,0,0.000000,0,0.000000
2679,243.545455,1,1,0.358643,1,1,0.845703,1,0,0.000000,0,0,0.000000,0,0,0.000000,0,0.000000,0,0.000000,0,0.000000
2680,243.636364,1,1,0.318115,1,1,0.895020,1,0,0.000000,0,0,0.000000,0,0,0.000000,0,0.000000,0,0.000000,0,0.000000
2681,243.727273,1,0,0.000000,0,1,0.832520,1,0,0.000000,0,0,0.000000,0,0,0.000000,0,0.000000,0,0.000000,0,0.000000
2682,243.818182,1,0,0.000000,0,1,0.833984,1,0,0.000000,0,0,0.000000,0,0,0.000000,0,0.000000,0,0.000000,0,0.000000
2683,243.909091,1,1,0.484863,1,1,0.852051,1,0,0.000000,0,0,0.000000,0,0,0.000000,0,0.000000,0,0.000000,0,0.000000
2684,244.000000,1,1,0.639160,1,1,0.842285,1,0,0.000000,0,0,0.000000,0,0,0.000000,0,0.000000,0,0.000000,0,0.000000
2685,244.090909,1,1,0.641602,1,1,0.843262,1,0,0.000000,0,0,0.000000,0,0,0.000000,0,0.000000,0,0.000000,0,0.000000
2686,244.181818,1,1,0.736816,1,1,0.856934,1,0,0.000000,0,0,0.000000,0,0,0.000000,0,0.000000,0,0.000000,0,0.000000
2687,244.272727,1,1,0.839355,1,1,0.885742,1,0,0.000000,0,0,0.000000,0,0,0.000000,0,0.000000,0,0.000000,0,0.000000
2688,244.363636,1,1,0.687500,1,1,0.858398,1,0,0.000000,0,0,0.000000,0,0,0.000000,0,0.000000,0,0.000000,0,0.000000
2689,244.454545,1,1,0.688477,1,1,0.861816,1,0,0.000000,0,0,0.000000,0,0,0.000000,0,0.000000,0,0.000000,0,0.000000
2690,244.545455,1,1,0.674805,1,1,0.825684,1,0,0.000000,0,0,0.000000,0,0,0.000000,0,0.000000,0,0.000000,0,0.000000
2691,244.636364,1,1,0.661621,1,1,0.861816,1,0,0.000000,0,0,0.000000,0,0,0.000000,0,0.000000,0,0.000000,0,0.000000
2692,244.727273,1,1,0.671387,1,1,0.861816,1,0,0.000000,0,0,0.000000,0,0,0.000000,0,0.000000,0,0.000000,0,0.000000
2693,244.818182,1,1,0.812012,1,1,0.864746,1,0,0.000000,0,0,0.000000,0,0,0.000000,0,0.000000,0,0.000000,0,0.000000
2694,244.909091,1,1,0.800781,1,1,0.863281,1,0,0.000000,0,0,0.000000,0,0,0.000000,0,0.000000,0,0.000000,0,0.000000
2695,245.000000,1,1,0.797363,1,1,0.871582,1,0,0.000000,0,0,0.000000,0,0,0.000000,0,0.000000,0,0.000000,0,0.000000
2696,245.090909,1,1,0.753418,1,1,0.878906,1,0,0.000000,0,0,0.000000,0,0,0.000000,0,0.000000,0,0.000000,0,0.000000
2697,245.181818,1,1,0.751465,1,1,0.879883,1,0,0.000000,0,0,0.000000,0,0,0.000000,0,0.000000,0,0.000000,0,0.000000
2698,245.272727,1,1,0.752441,1,1,0.864258,1,0,0.000000,0,0,0.000000,0,0,0.000000,0,0.000000,0,0.000000,0,0.000000
2699,245.363636,1,1,0.801758,1,1,0.872070,1,0,0.000000,0,0,0.000000,0,0,0.000000,0,0.000000,0,0.000000,0,0.000000
2700,245.454545,1,1,0.766602,1,1,0.873535,1,0,0.000000,0,0,0.000000,0,0,0.000000,0,0.000000,0,0.000000,0,0.000000
2701,245.545455,1,1,0.769531,1,1,0.878906,1,0,0.000000,0,0,0.000000,0,0,0.000000,0,0.000000,0,0.000000,0,0.000000
2702,245.636364,1,1,0.821777,1,1,0.852539,1,1,0.423584,1,0,0.000000,0,0,0.000000,0,0.000000,0,0.000000,0,0.000000
2703,245.727273,1,1,0.833984,1,1,0.852051,1,1,0.413574,1,0,0.000000,0,0,0.000000,0,0.000000,0,0.000000,0,0.000000
2704,245.818182,1,1,0.878906,1,1,0.852051,1,0,0.000000,0,0,0.000000,0,0,0.000000,0,0.000000,0,0.000000,0,0.000000
2705,245.909091,1,1,0.876953,1,1,0.852051,1,0,0.000000,0,0,0.000000,0,0,0.000000,0,0.000000,0,0.000000,0,0.000000
2706,246.000000,1,1,0.900391,1,1,0.857422,1,0,0.000000,0,0,0.000000,0,0,0.000000,0,0.000000,0,0.000000,0,0.000000
2707,246.090909,1,1,0.918457,1,1,0.852051,1,1,0.439453,1,0,0.000000,0,0,0.000000,0,0.000000,0,0.000000,0,0.000000
2708,246.181818,1,1,0.913574,1,1,0.856934,1,1,0.500000,1,0,0.000000,0,0,0.000000,0,0.000000,0,0.000000,0,0.000000
2709,246.272727,1,1,0.912598,1,1,0.860352,1,1,0.502930,1,0,0.000000,0,0,0.000000,0,0.000000,0,0.000000,0,0.000000
2710,246.363636,1,1,0.906250,1,1,0.863281,1,1,0.526367,1,0,0.000000,0,0,0.000000,0,0.000000,0,0.000000,0,0.000000
2711,246.454545,1,1,0.919922,1,1,0.844727,1,1,0.677734,1,0,0.000000,0,0,0.000000,0,0.000000,0,0.000000,0,0.000000
2712,246.545455,1,1,0.867676,1,1,0.851074,1,1,0.569336,1,0,0.000000,0,0,0.000000,0,0.000000,0,0.000000,0,0.000000
2713,246.636364,1,1,0.772949,1,1,0.879883,1,1,0.364258,1,0,0.000000,0,0,0.000000,0,0.000000,0,0.000000,0,0.000000
2714,246.727273,1,1,0.818359,1,1,0.837402,1,1,0.411133,1,0,0.000000,0,0,0.000000,0,0.000000,0,0.000000,0,0.000000
2715,246.818182,1,1,0.911133,1,1,0.892578,1,0,0.000000,0,1,0.300293,1,0,0.000000,0,0.000000,0,0.000000,0,0.000000
2716,246.909091,1,1,0.844727,1,1,0.852051,1,1,0.406006,1,0,0.000000,0,0,0.000000,0,0.000000,0,0.000000,0,0.000000
2717,247.000000,1,1,0.841309,1,1,0.881836,1,0,0.000000,0,0,0.000000,0,0,0.000000,0,0.000000,0,0.000000,0,0.000000
2718,247.090909,1,1,0.681641,1,1,0.826660,1,0,0.000000,0,0,0.000000,0,0,0.000000,0,0.000000,0,0.000000,0,0.000000
2719,247.181818,1,1,0.804199,1,1,0.805664,1,1,0.439209,1,0,0.000000,0,0,0.000000,0,0.000000,0,0.000000,0,0.000000
2720,247.272727,1,1,0.819824,1,1,0.818359,1,2,0.339844,1,0,0.000000,0,0,0.000000,0,0.000000,0,0.000000,0,0.000000
2721,247.363636,1,1,0.877441,1,1,0.851074,1,1,0.363037,1,0,0.000000,0,0,0.000000,0,0.000000,0,0.000000,0,0.000000
2722,247.454545,1,1,0.878418,1,1,0.854004,1,1,0.352783,1,0,0.000000,0,0,0.000000,0,0.000000,0,0.000000,0,0.000000
2723,247.545455,1,1,0.833984,1,1,0.855469,1,1,0.271240,1,0,0.000000,0,0,0.000000,0,0.000000,0,0.000000,0,0.000000
2724,247.636364,1,1,0.820312,1,1,0.823730,1,0,0.000000,0,0,0.000000,0,0,0.000000,0,0.000000,0,0.000000,0,0.000000
2725,247.727273,1,1,0.823242,1,1,0.819336,1,0,0.000000,0,0,0.000000,0,0,0.000000,0,0.000000,0,0.000000,0,0.000000
2726,247.818182,1,1,0.798828,1,1,0.849609,1,0,0.000000,0,0,0.000000,0,0,0.000000,0,0.000000,0,0.000000,0,0.000000
2727,247.909091,1,1,0.800781,1,1,0.893555,1,0,0.000000,0,0,0.000000,0,0,0.000000,0,0.000000,0,0.000000,0,0.000000
2728,248.000000,1,1,0.729492,1,1,0.882812,1,1,0.318848,1,0,0.000000,0,0,0.000000,0,0.000000,0,0.000000,0,0.000000
2729,248.090909,1,1,0.703613,1,1,0.878906,1,1,0.317139,1,0,0.000000,0,0,0.000000,0,0.000000,0,0.000000,0,0.000000
2730,248.181818,1,1,0.755371,1,1,0.876953,1,1,0.400635,1,0,0.000000,0,0,0.000000,0,0.000000,0,0.000000,0,0.000000
2731,248.272727,1,1,0.666504,1,1,0.875000,1,1,0.323242,1,0,0.000000,0,0,0.000000,0,0.000000,0,0.000000,0,0.000000
2732,248.363636,1,1,0.727051,1,1,0.861328,1,0,0.000000,0,0,0.000000,0,0,0.000000,0,0.000000,0,0.000000,0,0.000000
2733,248.454545,1,1,0.755371,1,1,0.863281,1,0,0.000000,0,0,0.000000,0,0,0.000000,0,0.000000,0,0.000000,0,0.000000
2734,248.545455,1,1,0.765137,1,1,0.844727,1,0,0.000000,0,0,0.000000,0,0,0.000000,0,0.000000,0,0.000000,0,0.000000
2735,248.636364,1,1,0.836426,1,1,0.826660,1,0,0.000000,0,0,0.000000,0,0,0.000000,0,0.000000,0,0.000000,0,0.000000
2736,248.727273,1,1,0.832520,1,1,0.827637,1,0,0.000000,0,0,0.000000,0,0,0.000000,0,0.000000,0,0.000000,0,0.000000
2737,248.818182,1,1,0.881836,1,1,0.816406,1,0,0.000000,0,0,0.000000,0,0,0.000000,0,0.000000,0,0.000000,0,0.000000
2738,248.909091,1,1,0.890625,1,1,0.827637,1,0,0.000000,0,0,0.000000,0,0,0.000000,0,0.000000,0,0.000000,0,0.000000
2739,249.000000,1,1,0.896484,1,1,0.825195,1,0,0.000000,0,0,0.000000,0,0,0.000000,0,0.000000,0,0.000000,0,0.000000
2740,249.090909,1,1,0.895996,1,1,0.827148,1,0,0.000000,0,0,0.000000,0,0,0.000000,0,0.000000,0,0.000000,0,0.000000
2741,249.181818,1,1,0.900391,1,1,0.814453,1,0,0.000000,0,0,0.000000,0,0,0.000000,0,0.000000,0,0.000000,0,0.000000
2742,249.272727,1,1,0.903809,1,1,0.817383,1,0,0.000000,0,0,0.000000,0,0,0.000000,0,0.000000,0,0.000000,0,0.000000
2743,249.363636,1,1,0.906250,1,1,0.817383,1,0,0.000000,0,0,0.000000,0,0,0.000000,0,0.000000,0,0.000000,0,0.000000
2744,249.454545,1,1,0.907227,1,1,0.813477,1,0,0.000000,0,0,0.000000,0,0,0.000000,0,0.000000,0,0.000000,0,0.000000
2745,249.545455,1,1,0.907227,1,1,0.813965,1,0,0.000000,0,0,0.000000,0,0,0.000000,0,0.000000,0,0.000000,0,0.000000
2746,249.636364,1,1,0.910156,1,1,0.815918,1,0,0.000000,0,0,0.000000,0,0,0.000000,0,0.000000,0,0.000000,0,0.000000
2747,249.727273,1,1,0.911621,1,1,0.819336,1,0,0.000000,0,0,0.000000,0,0,0.000000,0,0.000000,0,0.000000,0,0.000000
2748,249.818182,1,1,0.902344,1,1,0.822266,1,0,0.000000,0,0,0.000000,0,0,0.000000,0,0.000000,0,0.000000,0,0.000000
2749,249.909091,1,1,0.901367,1,1,0.824707,1,0,0.000000,0,0,0.000000,0,0,0.000000,0,0.000000,0,0.000000,0,0.000000
2750,250.000000,1,1,0.896484,1,1,0.821777,1,0,0.000000,0,0,0.000000,0,0,0.000000,0,0.000000,0,0.000000,0,0.000000
2751,250.090909,1,1,0.900391,1,1,0.815918,1,0,0.000000,0,0,0.000000,0,0,0.000000,0,0.000000,0,0.000000,0,0.000000
2752,250.181818,1,1,0.896484,1,1,0.811523,1,0,0.000000,0,0,0.000000,0,0,0.000000,0,0.000000,0,0.000000,0,0.000000
2753,250.272727,1,1,0.892090,1,1,0.812500,1,0,0.000000,0,0,0.000000,0,0,0.000000,0,0.000000,0,0.000000,0,0.000000
2754,250.363636,1,1,0.890625,1,1,0.812500,1,0,0.000000,0,0,0.000000,0,0,0.000000,0,0.000000,0,0.000000,0,0.000000
2755,250.454545,1,1,0.875000,1,1,0.817871,1,0,0.000000,0,0,0.000000,0,0,0.000000,0,0.000000,0,0.000000,0,0.000000
2756,250.545455,1,1,0.885742,1,1,0.826660,1,0,0.000000,0,0,0.000000,0,0,0.000000,0,0.000000,0,0.000000,0,0.000000
2757,250.636364,1,1,0.861816,1,1,0.813965,1,0,0.000000,0,0,0.000000,0,0,0.000000,0,0.000000,0,0.000000,0,0.000000
2758,250.727273,1,1,0.852051,1,1,0.816406,1,0,0.000000,0,0,0.000000,0,0,0.000000,0,0.000000,0,0.000000,0,0.000000
2759,250.818182,1,1,0.837402,1,1,0.817871,1,0,0.000000,0,0,0.000000,0,0,0.000000,0,0.000000,0,0.000000,0,0.000000
2760,250.909091,1,1,0.829102,1,1,0.821777,1,0,0.000000,0,0,0.000000,0,0,0.000000,0,0.000000,0,0.000000,0,0.000000
2761,251.000000,1,1,0.825684,1,1,0.814453,1,0,0.000000,0,0,0.000000,0,0,0.000000,0,0.000000,0,0.000000,0,0.000000
2762,251.090909,1,1,0.817383,1,1,0.819336,1,0,0.000000,0,0,0.000000,0,0,0.000000,0,0.000000,0,0.000000,0,0.000000
2763,251.181818,1,1,0.798340,1,1,0.822266,1,0,0.000000,0,0,0.000000,0,0,0.000000,0,0.000000,0,0.000000,0,0.000000
2764,251.272727,1,1,0.817383,1,1,0.822266,1,0,0.000000,0,0,0.000000,0,0,0.000000,0,0.000000,0,0.000000,0,0.000000
2765,251.363636,1,1,0.815430,1,1,0.826660,1,0,0.000000,0,0,0.000000,0,0,0.000000,0,0.000000,0,0.000000,0,0.000000
2766,251.454545,1,1,0.811523,1,1,0.830566,1,0,0.000000,0,0,0.000000,0,0,0.000000,0,0.000000,0,0.000000,0,0.000000
2767,251.545455,1,1,0.821777,1,1,0.832031,1,0,0.000000,0,0,0.000000,0,0,0.000000,0,0.000000,0,0.000000,0,0.000000
2768,251.636364,1,1,0.811523,1,1,0.820312,1,0,0.000000,0,0,0.000000,0,0,0.000000,0,0.000000,0,0.000000,0,0.000000
2769,251.727273,1,1,0.809082,1,1,0.827148,1,0,0.000000,0,0,0.000000,0,0,0.000000,0,0.000000,0,0.000000,0,0.000000
2770,251.818182,1,1,0.803223,1,1,0.825684,1,0,0.000000,0,0,0.000000,0,0,0.000000,0,0.000000,0,0.000000,0,0.000000
2771,251.909091,1,1,0.811523,1,1,0.832031,1,0,0.000000,0,0,0.000000,0,0,0.000000,0,0.000000,0,0.000000,0,0.000000
2772,252.000000,1,1,0.796387,1,1,0.825684,1,0,0.000000,0,0,0.000000,0,0,0.000000,0,0.000000,0,0.000000,0,0.000000
2773,252.090909,1,1,0.795410,1,1,0.818359,1,0,0.000000,0,0,0.000000,0,0,0.000000,0,0.000000,0,0.000000,0,0.000000
2774,252.181818,1,1,0.798340,1,1,0.821289,1,0,0.000000,0,0,0.000000,0,0,0.000000,0,0.000000,0,0.000000,0,0.000000
2775,252.272727,1,1,0.799805,1,1,0.822266,1,0,0.000000,0,0,0.000000,0,0,0.000000,0,0.000000,0,0.000000,0,0.000000
2776,252.363636,1,1,0.807617,1,1,0.822266,1,0,0.000000,0,0,0.000000,0,0,0.000000,0,0.000000,0,0.000000,0,0.000000
2777,252.454545,1,1,0.813965,1,1,0.826660,1,0,0.000000,0,0,0.000000,0,0,0.000000,0,0.000000,0,0.000000,0,0.000000
2778,252.545455,1,1,0.816406,1,1,0.832520,1,0,0.000000,0,1,0.252441,1,0,0.000000,0,0.000000,0,0.000000,0,0.000000
2779,252.636364,1,1,0.822266,1,1,0.833984,1,0,0.000000,0,0,0.000000,0,0,0.000000,0,0.000000,0,0.000000,0,0.000000
2780,252.727273,1,1,0.824707,1,1,0.833008,1,0,0.000000,0,0,0.000000,0,0,0.000000,0,0.000000,0,0.000000,0,0.000000
2781,252.818182,1,1,0.841309,1,1,0.835938,1,0,0.000000,0,0,0.000000,0,0,0.000000,0,0.000000,0,0.000000,0,0.000000
2782,252.909091,1,1,0.839844,1,1,0.837402,1,0,0.000000,0,0,0.000000,0,0,0.000000,0,0.000000,0,0.000000,0,0.000000
2783,253.000000,1,1,0.854980,1,1,0.842285,1,0,0.000000,0,0,0.000000,0,0,0.000000,0,0.000000,0,0.000000,0,0.000000
2784,253.090909,1,1,0.874512,1,1,0.833984,1,0,0.000000,0,0,0.000000,0,0,0.000000,0,0.000000,0,0.000000,0,0.000000
2785,253.181818,1,1,0.883301,1,1,0.836426,1,0,0.000000,0,0,0.000000,0,0,0.000000,0,0.000000,0,0.000000,0,0.000000
2786,253.272727,1,1,0.884277,1,1,0.829590,1,0,0.000000,0,0,0.000000,0,0,0.000000,0,0.000000,0,0.000000,0,0.000000
2787,253.363636,1,1,0.876953,1,1,0.838867,1,0,0.000000,0,0,0.000000,0,0,0.000000,0,0.000000,0,0.000000,0,0.000000
2788,253.454545,1,1,0.878906,1,1,0.839355,1,0,0.000000,0,0,0.000000,0,0,0.000000,0,0.000000,0,0.000000,0,0.000000
2789,253.545455,1,1,0.873535,1,1,0.842285,1,0,0.000000,0,0,0.000000,0,0,0.000000,0,0.000000,0,0.000000,0,0.000000
2790,253.636364,1,1,0.862793,1,1,0.841309,1,0,0.000000,0,0,0.000000,0,0,0.000000,0,0.000000,0,0.000000,0,0.000000
2791,253.727273,1,1,0.870117,1,1,0.839844,1,0,0.000000,0,0,0.000000,0,0,0.000000,0,0.000000,0,0.000000,0,0.000000
2792,253.818182,1,1,0.872070,1,1,0.842285,1,0,0.000000,0,0,0.000000,0,0,0.000000,0,0.000000,0,0.000000,0,0.000000
2793,253.909091,1,1,0.870117,1,1,0.845703,1,0,0.000000,0,0,0.000000,0,0,0.000000,0,0.000000,0,0.000000,0,0.000000
2794,254.000000,1,1,0.878906,1,1,0.842285,1,0,0.000000,0,0,0.000000,0,0,0.000000,0,0.000000,0,0.000000,0,0.000000
2795,254.090909,1,1,0.890625,1,1,0.840820,1,0,0.000000,0,0,0.000000,0,0,0.000000,0,0.000000,0,0.000000,0,0.000000
2796,254.181818,1,1,0.892090,1,1,0.837402,1,0,0.000000,0,0,0.000000,0,0,0.000000,0,0.000000,0,0.000000,0,0.000000
2797,254.272727,1,1,0.895996,1,1,0.842773,1,0,0.000000,0,0,0.000000,0,0,0.000000,0,0.000000,0,0.000000,0,0.000000
2798,254.363636,1,1,0.888672,1,1,0.844238,1,0,0.000000,0,0,0.000000,0,0,0.000000,0,0.000000,0,0.000000,0,0.000000
2799,254.454545,1,1,0.892090,1,1,0.841309,1,0,0.000000,0,0,0.000000,0,0,0.000000,0,0.000000,0,0.000000,0,0.000000
2800,254.545455,1,1,0.877441,1,1,0.840820,1,0,0.000000,0,0,0.000000,0,0,0.000000,0,0.000000,0,0.000000,0,0.000000
2801,254.636364,1,1,0.881348,1,1,0.841309,1,1,0.260010,1,0,0.000000,0,0,0.000000,0,0.000000,0,0.000000,0,0.000000
2802,254.727273,1,1,0.888184,1,1,0.842773,1,0,0.000000,0,0,0.000000,0,0,0.000000,0,0.000000,0,0.000000,0,0.000000
2803,254.818182,1,1,0.882812,1,1,0.842285,1,0,0.000000,0,0,0.000000,0,0,0.000000,0,0.000000,0,0.000000,0,0.000000
2804,254.909091,1,1,0.888672,1,1,0.839355,1,0,0.000000,0,0,0.000000,0,0,0.000000,0,0.000000,0,0.000000,0,0.000000
2805,255.000000,1,1,0.887207,1,1,0.836426,1,0,0.000000,0,0,0.000000,0,0,0.000000,0,0.000000,0,0.000000,0,0.000000
2806,255.090909,1,1,0.889648,1,1,0.831055,1,0,0.000000,0,0,0.000000,0,0,0.000000,0,0.000000,0,0.000000,0,0.000000
2807,255.181818,1,1,0.887207,1,1,0.830566,1,0,0.000000,0,0,0.000000,0,0,0.000000,0,0.000000,0,0.000000,0,0.000000
2808,255.272727,1,1,0.885742,1,1,0.833984,1,0,0.000000,0,0,0.000000,0,0,0.000000,0,0.000000,0,0.000000,0,0.000000
2809,255.363636,1,1,0.884277,1,1,0.833008,1,0,0.000000,0,0,0.000000,0,0,0.000000,0,0.000000,0,0.000000,0,0.000000
2810,255.454545,1,1,0.888184,1,1,0.834473,1,0,0.000000,0,0,0.000000,0,0,0.000000,0,0.000000,0,0.000000,0,0.000000
2811,255.545455,1,1,0.896484,1,1,0.839844,1,0,0.000000,0,0,0.000000,0,0,0.000000,0,0.000000,0,0.000000,0,0.000000
2812,255.636364,1,1,0.902832,1,1,0.831055,1,0,0.000000,0,0,0.000000,0,0,0.000000,0,0.000000,0,0.000000,0,0.000000
2813,255.727273,1,1,0.902832,1,1,0.827148,1,0,0.000000,0,0,0.000000,0,0,0.000000,0,0.000000,0,0.000000,0,0.000000
2814,255.818182,1,1,0.901367,1,1,0.810547,1,0,0.000000,0,0,0.000000,0,0,0.000000,0,0.000000,0,0.000000,0,0.000000
2815,255.909091,1,1,0.915039,1,1,0.803711,1,0,0.000000,0,0,0.000000,0,0,0.000000,0,0.000000,0,0.000000,0,0.000000
2816,256.000000,1,1,0.916504,1,1,0.803711,1,0,0.000000,0,0,0.000000,0,0,0.000000,0,0.000000,0,0.000000,0,0.000000
2817,256.090909,1,1,0.911133,1,1,0.815430,1,0,0.000000,0,0,0.000000,0,0,0.000000,0,0.000000,0,0.000000,0,0.000000
2818,256.181818,1,1,0.908691,1,1,0.824707,1,0,0.000000,0,0,0.000000,0,0,0.000000,0,0.000000,0,0.000000,0,0.000000
2819,256.272727,1,1,0.902832,1,1,0.832031,1,0,0.000000,0,0,0.000000,0,0,0.000000,0,0.000000,0,0.000000,0,0.000000
2820,256.363636,1,1,0.902832,1,1,0.836426,1,0,0.000000,0,0,0.000000,0,0,0.000000,0,0.000000,0,0.000000,0,0.000000
2821,256.454545,1,1,0.902832,1,1,0.841309,1,0,0.000000,0,0,0.000000,0,0,0.000000,0,0.000000,0,0.000000,0,0.000000
2822,256.545455,1,1,0.897461,1,1,0.825684,1,0,0.000000,0,1,0.331299,1,0,0.000000,0,0.000000,0,0.000000,0,0.000000
2823,256.636364,1,1,0.842773,1,1,0.823242,1,0,0.000000,0,1,0.289551,1,0,0.000000,0,0.000000,0,0.000000,0,0.000000
2824,256.727273,1,1,0.842285,1,1,0.814453,1,0,0.000000,0,1,0.302246,1,0,0.000000,0,0.000000,0,0.000000,0,0.000000
2825,256.818182,1,1,0.808105,1,1,0.857422,1,0,0.000000,0,0,0.000000,0,0,0.000000,0,0.000000,0,0.000000,0,0.000000
2826,256.909091,1,1,0.603027,1,1,0.875000,1,0,0.000000,0,0,0.000000,0,0,0.000000,0,0.000000,0,0.000000,0,0.000000
2827,257.000000,1,1,0.558594,1,1,0.871582,1,0,0.000000,0,0,0.000000,0,0,0.000000,0,0.000000,0,0.000000,0,0.000000
2828,257.090909,1,1,0.625977,1,1,0.873535,1,0,0.000000,0,0,0.000000,0,0,0.000000,0,0.000000,0,0.000000,0,0.000000
2829,257.181818,1,1,0.708008,1,1,0.867676,1,0,0.000000,0,1,0.316406,1,0,0.000000,0,0.000000,0,0.000000,0,0.000000
2830,257.272727,1,1,0.750977,1,1,0.858887,1,0,0.000000,0,0,0.000000,0,0,0.000000,0,0.000000,0,0.000000,0,0.000000
2831,257.363636,1,1,0.730957,1,1,0.868652,1,0,0.000000,0,0,0.000000,0,0,0.000000,0,0.000000,0,0.000000,0,0.000000
2832,257.454545,1,1,0.749512,1,1,0.876953,1,0,0.000000,0,0,0.000000,0,0,0.000000,0,0.000000,0,0.000000,0,0.000000
2833,257.545455,1,1,0.820312,1,1,0.886719,1,1,0.312988,1,0,0.000000,0,0,0.000000,0,0.000000,0,0.000000,0,0.000000
2834,257.636364,1,1,0.847168,1,1,0.891113,1,1,0.325439,1,0,0.000000,0,0,0.000000,0,0.000000,0,0.000000,0,0.000000
2835,257.727273,1,1,0.839355,1,1,0.888672,1,1,0.299316,1,0,0.000000,0,0,0.000000,0,0.000000,0,0.000000,0,0.000000
2836,257.818182,1,1,0.836426,1,1,0.894531,1,1,0.408691,1,0,0.000000,0,0,0.000000,0,0.000000,0,0.000000,0,0.000000
2837,257.909091,1,1,0.839355,1,1,0.893555,1,1,0.404053,1,0,0.000000,0,0,0.000000,0,0.000000,0,0.000000,0,0.000000
2838,258.000000,1,1,0.848145,1,1,0.892090,1,1,0.434570,1,0,0.000000,0,0,0.000000,0,0.000000,0,0.000000,0,0.000000
2839,258.090909,1,1,0.837891,1,1,0.896484,1,1,0.429199,1,0,0.000000,0,0,0.000000,0,0.000000,0,0.000000,0,0.000000
2840,258.181818,1,1,0.817871,1,1,0.894531,1,1,0.381348,1,0,0.000000,0,0,0.000000,0,0.000000,0,0.000000,0,0.000000
2841,258.272727,1,1,0.826660,1,1,0.895020,1,1,0.449951,1,0,0.000000,0,0,0.000000,0,0.000000,0,0.000000,0,0.000000
2842,258.363636,1,1,0.798828,1,1,0.894531,1,1,0.411133,1,0,0.000000,0,0,0.000000,0,0.000000,0,0.000000,0,0.000000
2843,258.454545,1,1,0.826660,1,1,0.895020,1,1,0.418701,1,0,0.000000,0,0,0.000000,0,0.000000,0,0.000000,0,0.000000
2844,258.545455,1,1,0.832520,1,1,0.892578,1,1,0.412598,1,0,0.000000,0,0,0.000000,0,0.000000,0,0.000000,0,0.000000
2845,258.636364,1,1,0.842285,1,1,0.894531,1,1,0.488525,1,0,0.000000,0,0,0.000000,0,0.000000,0,0.000000,0,0.000000
2846,258.727273,1,1,0.847168,1,1,0.895020,1,1,0.473633,1,0,0.000000,0,0,0.000000,0,0.000000,0,0.000000,0,0.000000
2847,258.818182,1,1,0.858887,1,1,0.894531,1,1,0.468018,1,0,0.000000,0,0,0.000000,0,0.000000,0,0.000000,0,0.000000
2848,258.909091,1,1,0.855957,1,1,0.887207,1,1,0.486328,1,0,0.000000,0,0,0.000000,0,0.000000,0,0.000000,0,0.000000
2849,259.000000,1,1,0.868652,1,1,0.889648,1,1,0.497559,1,0,0.000000,0,0,0.000000,0,0.000000,0,0.000000,0,0.000000
2850,259.090909,1,1,0.856934,1,1,0.889648,1,1,0.493164,1,0,0.000000,0,0,0.000000,0,0.000000,0,0.000000,0,0.000000
2851,259.181818,1,1,0.861816,1,1,0.885742,1,1,0.475342,1,0,0.000000,0,0,0.000000,0,0.000000,0,0.000000,0,0.000000
2852,259.272727,1,1,0.855469,1,1,0.889648,1,1,0.462891,1,0,0.000000,0,0,0.000000,0,0.000000,0,0.000000,0,0.000000
2853,259.363636,1,1,0.854004,1,1,0.887207,1,1,0.466309,1,0,0.000000,0,0,0.000000,0,0.000000,0,0.000000,0,0.000000
2854,259.454545,1,1,0.861816,1,1,0.890625,1,1,0.492188,1,0,0.000000,0,0,0.000000,0,0.000000,0,0.000000,0,0.000000
2855,259.545455,1,1,0.858887,1,1,0.888672,1,1,0.481201,1,0,0.000000,0,0,0.000000,0,0.000000,0,0.000000,0,0.000000
2856,259.636364,1,1,0.851074,1,1,0.888672,1,1,0.462158,1,0,0.000000,0,0,0.000000,0,0.000000,0,0.000000,0,0.000000
2857,259.727273,1,1,0.848145,1,1,0.888184,1,1,0.479492,1,0,0.000000,0,0,0.000000,0,0.000000,0,0.000000,0,0.000000
2858,259.818182,1,1,0.838867,1,1,0.892578,1,1,0.482178,1,0,0.000000,0,0,0.000000,0,0.000000,0,0.000000,0,0.000000
2859,259.909091,1,1,0.835938,1,1,0.893555,1,1,0.483398,1,0,0.000000,0,0,0.000000,0,0.000000,0,0.000000,0,0.000000
2860,260.000000,1,1,0.821289,1,1,0.891113,1,1,0.471924,1,0,0.000000,0,0,0.000000,0,0.000000,0,0.000000,0,0.000000
2861,260.090909,1,1,0.825195,1,1,0.897461,1,1,0.501953,1,0,0.000000,0,0,0.000000,0,0.000000,0,0.000000,0,0.000000
2862,260.181818,1,1,0.826660,1,1,0.893555,1,1,0.499023,1,0,0.000000,0,0,0.000000,0,0.000000,0,0.000000,0,0.000000
2863,260.272727,1,1,0.815430,1,1,0.892578,1,1,0.464600,1,0,0.000000,0,0,0.000000,0,0.000000,0,0.000000,0,0.000000
2864,260.363636,1,1,0.819336,1,1,0.894531,1,1,0.480713,1,0,0.000000,0,0,0.000000,0,0.000000,0,0.000000,0,0.000000
2865,260.454545,1,1,0.806152,1,1,0.895020,1,1,0.442871,1,0,0.000000,0,0,0.000000,0,0.000000,0,0.000000,0,0.000000
2866,260.545455,1,1,0.797363,1,1,0.888184,1,1,0.430664,1,0,0.000000,0,0,0.000000,0,0.000000,0,0.000000,0,0.000000
2867,260.636364,1,1,0.791504,1,1,0.891113,1,1,0.447510,1,0,0.000000,0,0,0.000000,0,0.000000,0,0.000000,0,0.000000
2868,260.727273,1,1,0.792480,1,1,0.888672,1,1,0.478516,1,0,0.000000,0,0,0.000000,0,0.000000,0,0.000000,0,0.000000
2869,260.818182,1,1,0.768555,1,1,0.892578,1,1,0.456787,1,0,0.000000,0,0,0.000000,0,0.000000,0,0.000000,0,0.000000
2870,260.909091,1,1,0.803711,1,1,0.892090,1,1,0.522461,1,0,0.000000,0,0,0.000000,0,0.000000,0,0.000000,0,0.000000
2871,261.000000,1,1,0.796387,1,1,0.889648,1,1,0.512695,1,0,0.000000,0,0,0.000000,0,0.000000,0,0.000000,0,0.000000
2872,261.090909,1,1,0.807129,1,1,0.890625,1,1,0.514648,1,0,0.000000,0,0,0.000000,0,0.000000,0,0.000000,0,0.000000
2873,261.181818,1,1,0.803223,1,1,0.888184,1,1,0.523438,1,0,0.000000,0,0,0.000000,0,0.000000,0,0.000000,0,0.000000
2874,261.272727,1,1,0.809570,1,1,0.890625,1,1,0.534668,1,0,0.000000,0,0,0.000000,0,0.000000,0,0.000000,0,0.000000
2875,261.363636,1,1,0.822266,1,1,0.892578,1,1,0.560059,1,0,0.000000,0,0,0.000000,0,0.000000,0,0.000000,0,0.000000
2876,261.454545,1,1,0.814453,1,1,0.891113,1,1,0.509277,1,0,0.000000,0,0,0.000000,0,0.000000,0,0.000000,0,0.000000
2877,261.545455,1,1,0.815918,1,1,0.891113,1,1,0.543945,1,0,0.000000,0,0,0.000000,0,0.000000,0,0.000000,0,0.000000
2878,261.636364,1,1,0.812500,1,1,0.894531,1,1,0.505859,1,0,0.000000,0,0,0.000000,0,0.000000,0,0.000000,0,0.000000
2879,261.727273,1,1,0.819824,1,1,0.891113,1,1,0.497070,1,0,0.000000,0,0,0.000000,0,0.000000,0,0.000000,0,0.000000
2880,261.818182,1,1,0.827637,1,1,0.892578,1,1,0.535156,1,0,0.000000,0,0,0.000000,0,0.000000,0,0.000000,0,0.000000
2881,261.909091,1,1,0.823242,1,1,0.892578,1,1,0.489502,1,0,0.000000,0,0,0.000000,0,0.000000,0,0.000000,0,0.000000
2882,262.000000,1,1,0.822266,1,1,0.893555,1,1,0.497559,1,0,0.000000,0,0,0.000000,0,0.000000,0,0.000000,0,0.000000
2883,262.090909,1,1,0.813965,1,1,0.896484,1,1,0.495117,1,0,0.000000,0,0,0.000000,0,0.000000,0,0.000000,0,0.000000
2884,262.181818,1,1,0.812012,1,1,0.894531,1,1,0.489502,1,0,0.000000,0,0,0.000000,0,0.000000,0,0.000000,0,0.000000
2885,262.272727,1,1,0.811523,1,1,0.896484,1,1,0.489502,1,0,0.000000,0,0,0.000000,0,0.000000,0,0.000000,0,0.000000
2886,262.363636,1,1,0.812500,1,1,0.895020,1,1,0.512695,1,0,0.000000,0,0,0.000000,0,0.000000,0,0.000000,0,0.000000
2887,262.454545,1,1,0.801758,1,1,0.892578,1,1,0.493164,1,0,0.000000,0,0,0.000000,0,0.000000,0,0.000000,0,0.000000
2888,262.545455,1,1,0.815430,1,1,0.895996,1,1,0.430908,1,0,0.000000,0,0,0.000000,0,0.000000,0,0.000000,0,0.000000
2889,262.636364,1,1,0.823242,1,1,0.895020,1,1,0.470947,1,0,0.000000,0,0,0.000000,0,0.000000,0,0.000000,0,0.000000
2890,262.727273,1,1,0.809570,1,1,0.895020,1,1,0.486572,1,0,0.000000,0,0,0.000000,0,0.000000,0,0.000000,0,0.000000
2891,262.818182,1,1,0.812012,1,1,0.894531,1,1,0.589844,1,0,0.000000,0,0,0.000000,0,0.000000,0,0.000000,0,0.000000
2892,262.909091,1,1,0.802734,1,1,0.888672,1,1,0.576172,1,0,0.000000,0,0,0.000000,0,0.000000,0,0.000000,0,0.000000
2893,263.000000,1,1,0.807617,1,1,0.892578,1,1,0.497070,1,0,0.000000,0,0,0.000000,0,0.000000,0,0.000000,0,0.000000
2894,263.090909,1,1,0.774414,1,1,0.870117,1,1,0.379883,1,0,0.000000,0,0,0.000000,0,0.000000,0,0.000000,0,0.000000
2895,263.181818,1,1,0.773438,1,1,0.858887,1,1,0.358398,1,0,0.000000,0,0,0.000000,0,0.000000,0,0.000000,0,0.000000
2896,263.272727,1,1,0.761719,1,1,0.858398,1,1,0.373779,1,0,0.000000,0,0,0.000000,0,0.000000,0,0.000000,0,0.000000
2897,263.363636,1,1,0.636230,1,1,0.871582,1,0,0.000000,0,0,0.000000,0,0,0.000000,0,0.000000,0,0.000000,0,0.000000
2898,263.454545,1,1,0.712891,1,1,0.881836,1,0,0.000000,0,0,0.000000,0,0,0.000000,0,0.000000,0,0.000000,0,0.000000
2899,263.545455,1,1,0.701660,1,1,0.882812,1,0,0.000000,0,0,0.000000,0,0,0.000000,0,0.000000,0,0.000000,0,0.000000
2900,263.636364,1,1,0.728027,1,1,0.887207,1,0,0.000000,0,0,0.000000,0,0,0.000000,0,0.000000,0,0.000000,0,0.000000
2901,263.727273,1,1,0.706055,1,1,0.884277,1,0,0.000000,0,0,0.000000,0,0,0.000000,0,0.000000,0,0.000000,0,0.000000
2902,263.818182,1,1,0.616699,1,1,0.874512,1,0,0.000000,0,0,0.000000,0,0,0.000000,0,0.000000,0,0.000000,0,0.000000
2903,263.909091,1,1,0.603027,1,1,0.875977,1,0,0.000000,0,0,0.000000,0,0,0.000000,0,0.000000,0,0.000000,0,0.000000
2904,264.000000,1,1,0.740723,1,1,0.879883,1,0,0.000000,0,0,0.000000,0,0,0.000000,0,0.000000,0,0.000000,0,0.000000
2905,264.090909,1,1,0.751465,1,1,0.881348,1,0,0.000000,0,0,0.000000,0,0,0.000000,0,0.000000,0,0.000000,0,0.000000
2906,264.181818,1,1,0.734375,1,1,0.886719,1,0,0.000000,0,0,0.000000,0,0,0.000000,0,0.000000,0,0.000000,0,0.000000
2907,264.272727,1,1,0.733887,1,1,0.885742,1,0,0.000000,0,0,0.000000,0,0,0.000000,0,0.000000,0,0.000000,0,0.000000
2908,264.363636,1,1,0.738770,1,1,0.875000,1,0,0.000000,0,0,0.000000,0,0,0.000000,0,0.000000,0,0.000000,0,0.000000
2909,264.454545,1,1,0.736816,1,1,0.882812,1,0,0.000000,0,0,0.000000,0,0,0.000000,0,0.000000,0,0.000000,0,0.000000
2910,264.545455,1,1,0.752930,1,1,0.883301,1,1,0.255859,1,0,0.000000,0,0,0.000000,0,0.000000,0,0.000000,0,0.000000
2911,264.636364,1,1,0.755371,1,1,0.868652,1,1,0.317871,1,0,0.000000,0,0,0.000000,0,0.000000,0,0.000000,0,0.000000
2912,264.727273,1,1,0.706055,1,1,0.879883,1,1,0.288574,1,0,0.000000,0,0,0.000000,0,0.000000,0,0.000000,0,0.000000
2913,264.818182,1,1,0.622559,1,1,0.889648,1,0,0.000000,0,0,0.000000,0,0,0.000000,0,0.000000,0,0.000000,0,0.000000
2914,264.909091,1,1,0.602539,1,1,0.889648,1,0,0.000000,0,0,0.000000,0,0,0.000000,0,0.000000,0,0.000000,0,0.000000
2915,265.000000,1,1,0.749023,1,1,0.868652,1,0,0.000000,0,0,0.000000,0,0,0.000000,0,0.000000,0,0.000000,0,0.000000
2916,265.090909,1,1,0.791992,1,1,0.868652,1,1,0.341309,1,0,0.000000,0,0,0.000000,0,0.000000,0,0.000000,0,0.000000
2917,265.181818,1,1,0.770020,1,1,0.869141,1,1,0.282471,1,0,0.000000,0,0,0.000000,0,0.000000,0,0.000000,0,0.000000
2918,265.272727,1,1,0.787598,1,1,0.864258,1,0,0.000000,0,0,0.000000,0,0,0.000000,0,0.000000,0,0.000000,0,0.000000
2919,265.363636,1,1,0.724609,1,1,0.858887,1,0,0.000000,0,0,0.000000,0,0,0.000000,0,0.000000,0,0.000000,0,0.000000
2920,265.454545,1,1,0.670410,1,1,0.894531,1,0,0.000000,0,0,0.000000,0,0,0.000000,0,0.000000,0,0.000000,0,0.000000
2921,265.545455,1,1,0.689453,1,1,0.865723,1,0,0.000000,0,1,0.257568,1,0,0.000000,0,0.000000,0,0.000000,0,0.000000
2922,265.636364,1,1,0.596680,1,1,0.787598,1,0,0.000000,0,1,0.288818,1,0,0.000000,0,0.000000,0,0.000000,0,0.000000
2923,265.727273,1,1,0.770020,1,1,0.779297,1,0,0.000000,0,1,0.413330,1,0,0.000000,0,0.000000,0,0.000000,0,0.000000
2924,265.818182,1,1,0.832520,1,1,0.817871,1,0,0.000000,0,1,0.483887,1,0,0.000000,0,0.000000,0,0.000000,0,0.000000
2925,265.909091,1,1,0.833984,1,1,0.814453,1,0,0.000000,0,1,0.510742,1,0,0.000000,0,0.000000,0,0.000000,0,0.000000
2926,266.000000,1,1,0.858398,1,1,0.844238,1,0,0.000000,0,1,0.414551,1,0,0.000000,0,0.000000,0,0.000000,0,0.000000
2927,266.090909,1,1,0.893555,1,1,0.868652,1,0,0.000000,0,0,0.000000,0,0,0.000000,0,0.000000,0,0.000000,0,0.000000
2928,266.181818,1,1,0.902832,1,1,0.878418,1,0,0.000000,0,0,0.000000,0,0,0.000000,0,0.000000,0,0.000000,0,0.000000
2929,266.272727,1,1,0.914062,1,1,0.873535,1,0,0.000000,0,0,0.000000,0,0,0.000000,0,0.000000,0,0.000000,0,0.000000
2930,266.363636,1,1,0.915039,1,1,0.881348,1,0,0.000000,0,0,0.000000,0,0,0.000000,0,0.000000,0,0.000000,0,0.000000
2931,266.454545,1,1,0.913574,1,1,0.882812,1,0,0.000000,0,0,0.000000,0,0,0.000000,0,0.000000,0,0.000000,0,0.000000
2932,266.545455,1,1,0.911133,1,1,0.875000,1,0,0.000000,0,0,0.000000,0,0,0.000000,0,0.000000,0,0.000000,0,0.000000
2933,266.636364,1,1,0.918457,1,1,0.878906,1,0,0.000000,0,0,0.000000,0,0,0.000000,0,0.000000,0,0.000000,0,0.000000
2934,266.727273,1,1,0.917480,1,1,0.878418,1,0,0.000000,0,0,0.000000,0,0,0.000000,0,0.000000,0,0.000000,0,0.000000
2935,266.818182,1,1,0.922363,1,1,0.879883,1,0,0.000000,0,0,0.000000,0,0,0.000000,0,0.000000,0,0.000000,0,0.000000
2936,266.909091,1,1,0.920898,1,1,0.879883,1,0,0.000000,0,0,0.000000,0,0,0.000000,0,0.000000,0,0.000000,0,0.000000
2937,267.000000,1,1,0.918457,1,1,0.875000,1,0,0.000000,0,0,0.000000,0,0,0.000000,0,0.000000,0,0.000000,0,0.000000
2938,267.090909,1,1,0.917480,1,1,0.873047,1,0,0.000000,0,0,0.000000,0,0,0.000000,0,0.000000,0,0.000000,0,0.000000
2939,267.181818,1,1,0.911621,1,1,0.868652,1,0,0.000000,0,0,0.000000,0,0,0.000000,0,0.000000,0,0.000000,0,0.000000
2940,267.272727,1,1,0.907227,1,1,0.864258,1,0,0.000000,0,0,0.000000,0,0,0.000000,0,0.000000,0,0.000000,0,0.000000
2941,267.363636,1,1,0.902344,1,1,0.870605,1,0,0.000000,0,0,0.000000,0,0,0.000000,0,0.000000,0,0.000000,0,0.000000
2942,267.454545,1,1,0.902832,1,1,0.875000,1,0,0.000000,0,0,0.000000,0,0,0.000000,0,0.000000,0,0.000000,0,0.000000
2943,267.545455,1,1,0.897461,1,1,0.875000,1,0,0.000000,0,0,0.000000,0,0,0.000000,0,0.000000,0,0.000000,0,0.000000
2944,267.636364,1,1,0.892578,1,1,0.879883,1,0,0.000000,0,0,0.000000,0,0,0.000000,0,0.000000,0,0.000000,0,0.000000
2945,267.727273,1,1,0.896484,1,1,0.878418,1,0,0.000000,0,0,0.000000,0,0,0.000000,0,0.000000,0,0.000000,0,0.000000
2946,267.818182,1,1,0.895020,1,1,0.879883,1,0,0.000000,0,0,0.000000,0,0,0.000000,0,0.000000,0,0.000000,0,0.000000
2947,267.909091,1,1,0.898438,1,1,0.879883,1,0,0.000000,0,0,0.000000,0,0,0.000000,0,0.000000,0,0.000000,0,0.000000
2948,268.000000,1,1,0.893555,1,1,0.877441,1,0,0.000000,0,0,0.000000,0,0,0.000000,0,0.000000,0,0.000000,0,0.000000
2949,268.090909,1,1,0.892578,1,1,0.878418,1,0,0.000000,0,0,0.000000,0,0,0.000000,0,0.000000,0,0.000000,0,0.000000
2950,268.181818,1,1,0.896484,1,1,0.878418,1,0,0.000000,0,0,0.000000,0,0,0.000000,0,0.000000,0,0.000000,0,0.000000
2951,268.272727,1,1,0.894531,1,1,0.875977,1,0,0.000000,0,0,0.000000,0,0,0.000000,0,0.000000,0,0.000000,0,0.000000
2952,268.363636,1,1,0.894531,1,1,0.878418,1,0,0.000000,0,0,0.000000,0,0,0.000000,0,0.000000,0,0.000000,0,0.000000
2953,268.454545,1,1,0.898438,1,1,0.879883,1,0,0.000000,0,0,0.000000,0,0,0.000000,0,0.000000,0,0.000000,0,0.000000
2954,268.545455,1,1,0.895020,1,1,0.880371,1,0,0.000000,0,0,0.000000,0,0,0.000000,0,0.000000,0,0.000000,0,0.000000
2955,268.636364,1,1,0.885742,1,1,0.878418,1,0,0.000000,0,0,0.000000,0,0,0.000000,0,0.000000,0,0.000000,0,0.000000
2956,268.727273,1,1,0.892090,1,1,0.877441,1,0,0.000000,0,0,0.000000,0,0,0.000000,0,0.000000,0,0.000000,0,0.000000
2957,268.818182,1,1,0.891113,1,1,0.877441,1,0,0.000000,0,0,0.000000,0,0,0.000000,0,0.000000,0,0.000000,0,0.000000
2958,268.909091,1,1,0.876953,1,1,0.874512,1,0,0.000000,0,0,0.000000,0,0,0.000000,0,0.000000,0,0.000000,0,0.000000
2959,269.000000,1,1,0.872070,1,1,0.873535,1,0,0.000000,0,0,0.000000,0,0,0.000000,0,0.000000,0,0.000000,0,0.000000
2960,269.090909,1,1,0.852051,1,1,0.874512,1,0,0.000000,0,0,0.000000,0,0,0.000000,0,0.000000,0,0.000000,0,0.000000
2961,269.181818,1,1,0.854980,1,1,0.876953,1,0,0.000000,0,1,0.348877,1,0,0.000000,0,0.000000,0,0.000000,0,0.000000
2962,269.272727,1,1,0.853516,1,1,0.876953,1,0,0.000000,0,1,0.338379,1,0,0.000000,0,0.000000,0,0.000000,0,0.000000
2963,269.363636,1,1,0.860352,1,1,0.870117,1,0,0.000000,0,0,0.000000,0,0,0.000000,0,0.000000,0,0.000000,0,0.000000
2964,269.454545,1,1,0.849121,1,1,0.861816,1,0,0.000000,0,0,0.000000,0,0,0.000000,0,0.000000,0,0.000000,0,0.000000
2965,269.545455,1,1,0.845703,1,1,0.861816,1,0,0.000000,0,0,0.000000,0,0,0.000000,0,0.000000,0,0.000000,0,0.000000
2966,269.636364,1,1,0.618164,1,1,0.862793,1,0,0.000000,0,0,0.000000,0,0,0.000000,0,0.000000,0,0.000000,0,0.000000
2967,269.727273,1,1,0.699219,1,1,0.871582,1,0,0.000000,0,0,0.000000,0,0,0.000000,0,0.000000,0,0.000000,0,0.000000
2968,269.818182,1,1,0.698730,1,1,0.885742,1,0,0.000000,0,0,0.000000,0,0,0.000000,0,0.000000,0,0.000000,0,0.000000
2969,269.909091,1,1,0.700195,1,1,0.864258,1,0,0.000000,0,0,0.000000,0,0,0.000000,0,0.000000,0,0.000000,0,0.000000
2970,270.000000,1,1,0.736328,1,1,0.871582,1,0,0.000000,0,0,0.000000,0,0,0.000000,0,0.000000,0,0.000000,0,0.000000
2971,270.090909,1,1,0.817871,1,1,0.878418,1,0,0.000000,0,0,0.000000,0,0,0.000000,0,0.000000,0,0.000000,0,0.000000
2972,270.181818,1,1,0.828613,1,1,0.876953,1,0,0.000000,0,0,0.000000,0,0,0.000000,0,0.000000,0,0.000000,0,0.000000
2973,270.272727,1,1,0.791504,1,1,0.873535,1,0,0.000000,0,0,0.000000,0,0,0.000000,0,0.000000,0,0.000000,0,0.000000
2974,270.363636,1,1,0.781250,1,1,0.878906,1,0,0.000000,0,0,0.000000,0,0,0.000000,0,0.000000,0,0.000000,0,0.000000
2975,270.454545,1,1,0.744141,1,1,0.877441,1,1,0.298340,1,0,0.000000,0,0,0.000000,0,0.000000,0,0.000000,0,0.000000
2976,270.545455,1,1,0.744141,1,1,0.883301,1,1,0.261963,1,0,0.000000,0,0,0.000000,0,0.000000,0,0.000000,0,0.000000
2977,270.636364,1,1,0.732422,1,1,0.871582,1,0,0.000000,0,0,0.000000,0,0,0.000000,0,0.000000,0,0.000000,0,0.000000
2978,270.727273,1,1,0.770020,1,1,0.861816,1,0,0.000000,0,0,0.000000,0,0,0.000000,0,0.000000,0,0.000000,0,0.000000
2979,270.818182,1,1,0.752930,1,1,0.871582,1,0,0.000000,0,0,0.000000,0,0,0.000000,0,0.000000,0,0.000000,0,0.000000
2980,270.909091,1,1,0.754395,1,1,0.871582,1,0,0.000000,0,0,0.000000,0,0,0.000000,0,0.000000,0,0.000000,0,0.000000
2981,271.000000,1,1,0.763672,1,1,0.866211,1,0,0.000000,0,0,0.000000,0,0,0.000000,0,0.000000,0,0.000000,0,0.000000
2982,271.090909,1,1,0.731445,1,1,0.852051,1,0,0.000000,0,0,0.000000,0,0,0.000000,0,0.000000,0,0.000000,0,0.000000
2983,271.181818,1,1,0.724121,1,1,0.847656,1,0,0.000000,0,0,0.000000,0,0,0.000000,0,0.000000,0,0.000000,0,0.000000
2984,271.272727,1,1,0.680664,1,1,0.840820,1,0,0.000000,0,0,0.000000,0,0,0.000000,0,0.000000,0,0.000000,0,0.000000
2985,271.363636,1,1,0.673828,1,1,0.840820,1,0,0.000000,0,0,0.000000,0,0,0.000000,0,0.000000,0,0.000000,0,0.000000
2986,271.454545,1,1,0.672852,1,1,0.839844,1,1,0.257812,1,0,0.000000,0,0,0.000000,0,0.000000,0,0.000000,0,0.000000
2987,271.545455,1,1,0.645020,1,1,0.837402,1,0,0.000000,0,0,0.000000,0,0,0.000000,0,0.000000,0,0.000000,0,0.000000
2988,271.636364,1,1,0.730469,1,1,0.839844,1,0,0.000000,0,0,0.000000,0,0,0.000000,0,0.000000,0,0.000000,0,0.000000
2989,271.727273,1,1,0.739746,1,1,0.842285,1,0,0.000000,0,0,0.000000,0,0,0.000000,0,0.000000,0,0.000000,0,0.000000
2990,271.818182,1,1,0.766602,1,1,0.842285,1,0,0.000000,0,0,0.000000,0,0,0.000000,0,0.000000,0,0.000000,0,0.000000
2991,271.909091,1,1,0.763184,1,1,0.833984,1,0,0.000000,0,0,0.000000,0,0,0.000000,0,0.000000,0,0.000000,0,0.000000
2992,272.000000,1,1,0.776855,1,1,0.840820,1,0,0.000000,0,0,0.000000,0,0,0.000000,0,0.000000,0,0.000000,0,0.000000
2993,272.090909,1,1,0.613281,1,1,0.841309,1,0,0.000000,0,0,0.000000,0,0,0.000000,0,0.000000,0,0.000000,0,0.000000
2994,272.181818,1,1,0.505859,1,1,0.850586,1,1,0.362793,1,0,0.000000,0,0,0.000000,0,0.000000,0,0.000000,0,0.000000
2995,272.272727,1,1,0.470703,1,1,0.847168,1,1,0.276123,1,0,0.000000,0,0,0.000000,0,0.000000,0,0.000000,0,0.000000
2996,272.363636,1,1,0.478516,1,1,0.847168,1,1,0.291016,1,0,0.000000,0,0,0.000000,0,0.000000,0,0.000000,0,0.000000
2997,272.454545,1,1,0.762695,1,1,0.813965,1,0,0.000000,0,0,0.000000,0,0,0.000000,0,0.000000,0,0.000000,0,0.000000
2998,272.545455,1,1,0.819336,1,1,0.847656,1,0,0.000000,0,0,0.000000,0,0,0.000000,0,0.000000,0,0.000000,0,0.000000
2999,272.636364,1,1,0.696289,1,1,0.880371,1,1,0.320801,1,0,0.000000,0,0,0.000000,0,0.000000,0,0.000000,0,0.000000
3000,272.727273,1,1,0.711426,1,1,0.884277,1,1,0.294922,1,0,0.000000,0,0,0.000000,0,0.000000,0,0.000000,0,0.000000
3001,272.818182,1,1,0.752930,1,1,0.864746,1,1,0.678711,1,0,0.000000,0,0,0.000000,0,0.000000,0,0.000000,0,0.000000
3002,272.909091,1,1,0.744141,1,1,0.866211,1,1,0.413330,1,0,0.000000,0,0,0.000000,0,0.000000,0,0.000000,0,0.000000
3003,273.000000,1,1,0.796387,1,1,0.863281,1,1,0.263672,1,0,0.000000,0,0,0.000000,0,0.000000,0,0.000000,0,0.000000
3004,273.090909,1,1,0.872070,1,1,0.809570,1,1,0.520020,1,0,0.000000,0,0,0.000000,0,0.000000,0,0.000000,0,0.000000
3005,273.181818,1,1,0.870605,1,1,0.808105,1,1,0.514648,1,0,0.000000,0,0,0.000000,0,0.000000,0,0.000000,0,0.000000
3006,273.272727,1,1,0.891113,1,1,0.881348,1,2,0.604004,1,0,0.000000,0,0,0.000000,0,0.000000,0,0.000000,0,0.000000
3007,273.363636,1,1,0.906250,1,1,0.869141,1,2,0.367920,1,1,0.299072,1,0,0.000000,0,0.000000,0,0.000000,0,0.000000
3008,273.454545,1,1,0.902832,1,1,0.862793,1,2,0.358154,1,1,0.291016,1,0,0.000000,0,0.000000,0,0.000000,0,0.000000
3009,273.545455,1,1,0.794922,1,1,0.889648,1,0,0.000000,0,0,0.000000,0,0,0.000000,0,0.000000,0,0.000000,0,0.000000
3010,273.636364,1,1,0.887207,1,1,0.873535,1,1,0.597168,1,0,0.000000,0,0,0.000000,0,0.000000,0,0.000000,0,0.000000
3011,273.727273,1,1,0.838867,1,1,0.899902,1,3,0.374756,1,0,0.000000,0,0,0.000000,0,0.000000,0,0.000000,0,0.000000
3012,273.818182,1,1,0.891113,1,1,0.886719,1,0,0.000000,0,0,0.000000,0,0,0.000000,0,0.000000,0,0.000000,0,0.000000
3013,273.909091,1,1,0.889648,1,1,0.863281,1,0,0.000000,0,0,0.000000,0,0,0.000000,0,0.000000,0,0.000000,0,0.000000
3014,274.000000,1,1,0.864746,1,1,0.867676,1,0,0.000000,0,0,0.000000,0,0,0.000000,0,0.000000,0,0.000000,0,0.000000
3015,274.090909,1,1,0.854004,1,1,0.852539,1,0,0.000000,0,0,0.000000,0,0,0.000000,0,0.000000,0,0.000000,0,0.000000
3016,274.181818,1,1,0.809570,1,1,0.835449,1,1,0.251221,1,0,0.000000,0,0,0.000000,0,0.000000,0,0.000000,0,0.000000
3017,274.272727,1,1,0.784180,1,1,0.832520,1,0,0.000000,0,0,0.000000,0,0,0.000000,0,0.000000,0,0.000000,0,0.000000
3018,274.363636,1,1,0.874512,1,1,0.864746,1,0,0.000000,0,0,0.000000,0,0,0.000000,0,0.000000,0,0.000000,0,0.000000
3019,274.454545,1,1,0.279297,1,1,0.862793,1,1,0.309814,1,0,0.000000,0,0,0.000000,0,0.000000,0,0.000000,0,0.000000
3020,274.545455,1,0,0.000000,0,1,0.820312,1,0,0.000000,0,0,0.000000,0,0,0.000000,0,0.000000,0,0.000000,0,0.000000
3021,274.636364,1,0,0.000000,0,1,0.827637,1,0,0.000000,0,0,0.000000,0,0,0.000000,0,0.000000,0,0.000000,0,0.000000
3022,274.727273,1,0,0.000000,0,1,0.827148,1,0,0.000000,0,0,0.000000,0,0,0.000000,0,0.000000,0,0.000000,0,0.000000
3023,274.818182,1,0,0.000000,0,1,0.801270,1,0,0.000000,0,0,0.000000,0,0,0.000000,0,0.000000,0,0.000000,0,0.000000
3024,274.909091,1,0,0.000000,0,1,0.801758,1,0,0.000000,0,0,0.000000,0,0,0.000000,0,0.000000,0,0.000000,0,0.000000
3025,275.000000,1,0,0.000000,0,1,0.866211,1,0,0.000000,0,0,0.000000,0,0,0.000000,0,0.000000,0,0.000000,0,0.000000
3026,275.090909,1,0,0.000000,0,1,0.825684,1,0,0.000000,0,0,0.000000,0,0,0.000000,0,0.000000,0,0.000000,0,0.000000
3027,275.181818,1,0,0.000000,0,1,0.823242,1,0,0.000000,0,0,0.000000,0,0,0.000000,0,0.000000,0,0.000000,0,0.000000
3028,275.272727,1,0,0.000000,0,1,0.824707,1,0,0.000000,0,0,0.000000,0,0,0.000000,0,0.000000,0,0.000000,0,0.000000
3029,275.363636,1,0,0.000000,0,1,0.779785,1,0,0.000000,0,0,0.000000,0,0,0.000000,0,0.000000,0,0.000000,0,0.000000
3030,275.454545,1,0,0.000000,0,1,0.819336,1,0,0.000000,0,0,0.000000,0,0,0.000000,0,0.000000,0,0.000000,0,0.000000
3031,275.545455,1,0,0.000000,0,1,0.816406,1,0,0.000000,0,0,0.000000,0,0,0.000000,0,0.000000,0,0.000000,0,0.000000
3032,275.636364,1,0,0.000000,0,2,0.573242,1,0,0.000000,0,0,0.000000,0,0,0.000000,0,0.000000,0,0.000000,0,0.000000
3033,275.727273,1,0,0.000000,0,0,0.000000,0,0,0.000000,0,0,0.000000,0,0,0.000000,0,0.000000,0,0.000000,0,0.000000
3034,275.818182,1,0,0.000000,0,1,0.547363,1,0,0.000000,0,0,0.000000,0,0,0.000000,0,0.000000,0,0.000000,0,0.000000
3035,275.909091,1,0,0.000000,0,1,0.679199,1,0,0.000000,0,0,0.000000,0,0,0.000000,0,0.000000,0,0.000000,0,0.000000
3036,276.000000,1,0,0.000000,0,1,0.422363,1,0,0.000000,0,0,0.000000,0,0,0.000000,0,0.000000,0,0.000000,0,0.000000
3037,276.090909,1,0,0.000000,0,1,0.457031,1,0,0.000000,0,0,0.000000,0,0,0.000000,0,0.000000,0,0.000000,0,0.000000
3038,276.181818,1,0,0.000000,0,0,0.000000,0,0,0.000000,0,0,0.000000,0,1,0.257080,0,0.000000,0,0.000000,1,0.352295
3039,276.272727,1,0,0.000000,0,0,0.000000,0,0,0.000000,0,0,0.000000,0,1,0.273682,0,0.000000,0,0.000000,1,0.389404
3040,276.363636,1,0,0.000000,0,0,0.000000,0,0,0.000000,0,0,0.000000,0,1,0.322510,0,0.000000,0,0.000000,1,0.428711
3041,276.454545,1,0,0.000000,0,0,0.000000,0,0,0.000000,0,0,0.000000,0,0,0.000000,0,0.000000,0,0.000000,1,0.269775
3042,276.545455,1,0,0.000000,0,0,0.000000,0,0,0.000000,0,0,0.000000,0,1,0.290771,0,0.000000,0,0.000000,0,0.000000
3043,276.636364,1,0,0.000000,0,1,0.348877,1,0,0.000000,0,0,0.000000,0,1,0.260498,0,0.000000,0,0.000000,0,0.000000
3044,276.727273,1,0,0.000000,0,1,0.378662,1,0,0.000000,0,0,0.000000,0,0,0.000000,0,0.000000,0,0.000000,0,0.000000
3045,276.818182,1,0,0.000000,0,0,0.000000,0,0,0.000000,0,0,0.000000,0,1,0.268311,0,0.000000,0,0.000000,1,0.608887
3046,276.909091,1,0,0.000000,0,0,0.000000,0,0,0.000000,0,0,0.000000,0,1,0.253906,0,0.000000,0,0.000000,1,0.620605
3047,277.000000,1,0,0.000000,0,0,0.000000,0,0,0.000000,0,0,0.000000,0,0,0.000000,0,0.000000,0,0.000000,1,0.378418
3048,277.090909,1,0,0.000000,0,0,0.000000,0,0,0.000000,0,0,0.000000,0,0,0.000000,0,0.000000,0,0.000000,1,0.376465
3049,277.181818,1,0,0.000000,0,0,0.000000,0,0,0.000000,0,0,0.000000,0,0,0.000000,0,0.000000,0,0.000000,1,0.673828
3050,277.272727,1,0,0.000000,0,0,0.000000,0,0,0.000000,0,0,0.000000,0,0,0.000000,0,0.000000,0,0.000000,1,0.475342
3051,277.363636,1,0,0.000000,0,0,0.000000,0,0,0.000000,0,0,0.000000,0,0,0.000000,0,0.000000,0,0.000000,1,0.632324
3052,277.454545,1,0,0.000000,0,0,0.000000,0,0,0.000000,0,0,0.000000,0,0,0.000000,0,0.000000,0,0.000000,1,0.319336
3053,277.545455,2,0,0.000000,0,0,0.000000,0,0,0.000000,0,0,0.000000,0,0,0.000000,0,0.000000,0,0.000000,1,0.711914
3054,277.636364,1,0,0.000000,0,0,0.000000,0,0,0.000000,0,0,0.000000,0,0,0.000000,0,0.000000,0,0.000000,1,0.617676
3055,277.727273,1,0,0.000000,0,0,0.000000,0,0,0.000000,0,0,0.000000,0,0,0.000000,0,0.000000,0,0.000000,1,0.627930
3056,277.818182,1,0,0.000000,0,0,0.000000,0,0,0.000000,0,0,0.000000,0,0,0.000000,0,0.000000,0,0.000000,1,0.743164
3057,277.909091,1,0,0.000000,0,0,0.000000,0,0,0.000000,0,0,0.000000,0,0,0.000000,0,0.000000,0,0.000000,1,0.683594
3058,278.000000,1,0,0.000000,0,0,0.000000,0,0,0.000000,0,0,0.000000,0,1,0.290771,0,0.000000,0,0.000000,1,0.696777
3059,278.090909,1,0,0.000000,0,0,0.000000,0,0,0.000000,0,0,0.000000,0,0,0.000000,0,0.000000,0,0.000000,1,0.755859
3060,278.181818,1,0,0.000000,0,0,0.000000,0,0,0.000000,0,0,0.000000,0,0,0.000000,0,0.000000,0,0.000000,1,0.713867
3061,278.272727,1,0,0.000000,0,0,0.000000,0,0,0.000000,0,0,0.000000,0,0,0.000000,0,0.000000,0,0.000000,1,0.722168
3062,278.363636,1,0,0.000000,0,0,0.000000,0,0,0.000000,0,0,0.000000,0,1,0.306152,0,0.000000,0,0.000000,1,0.722656
3063,278.454545,1,0,0.000000,0,0,0.000000,0,0,0.000000,0,0,0.000000,0,1,0.268311,0,0.000000,0,0.000000,1,0.759766
3064,278.545455,1,0,0.000000,0,0,0.000000,0,0,0.000000,0,0,0.000000,0,1,0.275391,0,0.000000,0,0.000000,1,0.752441
3065,278.636364,1,0,0.000000,0,0,0.000000,0,0,0.000000,0,0,0.000000,0,1,0.313232,0,0.000000,0,0.000000,1,0.714355
3066,278.727273,1,0,0.000000,0,0,0.000000,0,0,0.000000,0,0,0.000000,0,1,0.277588,0,0.000000,0,0.000000,1,0.797363
3067,278.818182,1,0,0.000000,0,0,0.000000,0,0,0.000000,0,0,0.000000,0,1,0.285156,0,0.000000,0,0.000000,1,0.797363
3068,278.909091,1,0,0.000000,0,0,0.000000,0,0,0.000000,0,0,0.000000,0,1,0.261963,0,0.000000,0,0.000000,1,0.750977
3069,279.000000,1,0,0.000000,0,0,0.000000,0,0,0.000000,0,0,0.000000,0,0,0.000000,0,0.000000,0,0.000000,1,0.742188
3070,279.090909,1,0,0.000000,0,0,0.000000,0,0,0.000000,0,0,0.000000,0,0,0.000000,0,0.000000,0,0.000000,1,0.652832
3071,279.181818,1,0,0.000000,0,0,0.000000,0,0,0.000000,0,0,0.000000,0,0,0.000000,0,0.000000,0,0.000000,1,0.643555
3072,279.272727,1,0,0.000000,0,0,0.000000,0,0,0.000000,0,1,0.268311,1,0,0.000000,0,0.000000,0,0.000000,1,0.701172
3073,279.363636,1,0,0.000000,0,0,0.000000,0,0,0.000000,0,2,0.286621,1,0,0.000000,0,0.000000,0,0.000000,1,0.682617
3074,279.454545,1,0,0.000000,0,0,0.000000,0,0,0.000000,0,3,0.389160,1,0,0.000000,0,0.000000,0,0.000000,1,0.691895
3075,279.545455,1,0,0.000000,0,0,0.000000,0,0,0.000000,0,1,0.340820,1,0,0.000000,0,0.000000,0,0.000000,1,0.380615
3076,279.636364,1,0,0.000000,0,0,0.000000,0,0,0.000000,0,1,0.345459,1,0,0.000000,0,0.000000,0,0.000000,0,0.000000
3077,279.727273,1,0,0.000000,0,0,0.000000,0,0,0.000000,0,0,0.000000,0,0,0.000000,0,0.000000,0,0.000000,0,0.000000
3078,279.818182,1,0,0.000000,0,0,0.000000,0,0,0.000000,0,0,0.000000,0,0,0.000000,0,0.000000,0,0.000000,0,0.000000
3079,279.909091,1,0,0.000000,0,0,0.000000,0,0,0.000000,0,0,0.000000,0,0,0.000000,0,0.000000,0,0.000000,0,0.000000
3080,280.000000,1,0,0.000000,0,0,0.000000,0,0,0.000000,0,0,0.000000,0,0,0.000000,0,0.000000,0,0.000000,0,0.000000
3081,280.090909,1,0,0.000000,0,0,0.000000,0,0,0.000000,0,0,0.000000,0,0,0.000000,0,0.000000,0,0.000000,1,0.271240
3082,280.181818,1,0,0.000000,0,0,0.000000,0,0,0.000000,0,0,0.000000,0,0,0.000000,0,0.000000,1,0.282471,1,0.395020
3083,280.272727,1,0,0.000000,0,0,0.000000,0,0,0.000000,0,0,0.000000,0,0,0.000000,0,0.000000,0,0.000000,1,0.494141
3084,280.363636,1,0,0.000000,0,0,0.000000,0,0,0.000000,0,0,0.000000,0,0,0.000000,0,0.000000,0,0.000000,1,0.325439
3085,280.454545,1,0,0.000000,0,0,0.000000,0,0,0.000000,0,0,0.000000,0,0,0.000000,0,0.000000,0,0.000000,1,0.460938
3086,280.545455,1,0,0.000000,0,0,0.000000,0,0,0.000000,0,0,0.000000,0,0,0.000000,0,0.000000,0,0.000000,1,0.449951
3087,280.636364,1,0,0.000000,0,0,0.000000,0,0,0.000000,0,0,0.000000,0,0,0.000000,0,0.000000,0,0.000000,1,0.428467
3088,280.727273,1,0,0.000000,0,0,0.000000,0,0,0.000000,0,0,0.000000,0,0,0.000000,0,0.000000,0,0.000000,1,0.364990
3089,280.818182,1,0,0.000000,0,0,0.000000,0,0,0.000000,0,1,0.263184,1,0,0.000000,0,0.000000,0,0.000000,1,0.407227
3090,280.909091,1,0,0.000000,0,0,0.000000,0,0,0.000000,0,1,0.282471,1,0,0.000000,0,0.000000,0,0.000000,1,0.457031
3091,281.000000,1,0,0.000000,0,0,0.000000,0,0,0.000000,0,1,0.277100,1,0,0.000000,0,0.000000,0,0.000000,1,0.297363
3092,281.090909,1,0,0.000000,0,0,0.000000,0,0,0.000000,0,1,0.287354,1,0,0.000000,0,0.000000,0,0.000000,1,0.401367
3093,281.181818,1,0,0.000000,0,0,0.000000,0,0,0.000000,0,1,0.329590,1,0,0.000000,0,0.000000,0,0.000000,1,0.315674
3094,281.272727,1,0,0.000000,0,0,0.000000,0,0,0.000000,0,1,0.348877,1,0,0.000000,0,0.000000,0,0.000000,1,0.350098
3095,281.363636,1,0,0.000000,0,0,0.000000,0,0,0.000000,0,1,0.274658,1,0,0.000000,0,0.000000,0,0.000000,1,0.553223
3096,281.454545,1,0,0.000000,0,0,0.000000,0,0,0.000000,0,1,0.291016,1,0,0.000000,0,0.000000,0,0.000000,1,0.606445
3097,281.545455,1,0,0.000000,0,0,0.000000,0,0,0.000000,0,1,0.330322,1,0,0.000000,0,0.000000,0,0.000000,1,0.558105
3098,281.636364,1,0,0.000000,0,0,0.000000,0,0,0.000000,0,1,0.390625,1,0,0.000000,0,0.000000,0,0.000000,1,0.529297
3099,281.727273,1,0,0.000000,0,0,0.000000,0,0,0.000000,0,1,0.385498,1,0,0.000000,0,0.000000,0,0.000000,1,0.555176
3100,281.818182,1,0,0.000000,0,0,0.000000,0,0,0.000000,0,1,0.411621,1,0,0.000000,0,0.000000,0,0.000000,1,0.500977
3101,281.909091,1,0,0.000000,0,0,0.000000,0,0,0.000000,0,1,0.400391,1,0,0.000000,0,0.000000,0,0.000000,1,0.486572
3102,282.000000,1,0,0.000000,0,0,0.000000,0,0,0.000000,0,1,0.352051,1,0,0.000000,0,0.000000,0,0.000000,1,0.487549
3103,282.090909,1,0,0.000000,0,0,0.000000,0,0,0.000000,0,1,0.362549,1,0,0.000000,0,0.000000,0,0.000000,1,0.523438
3104,282.181818,1,0,0.000000,0,0,0.000000,0,0,0.000000,0,1,0.374756,1,0,0.000000,0,0.000000,0,0.000000,1,0.482178
3105,282.272727,1,0,0.000000,0,0,0.000000,0,0,0.000000,0,1,0.365234,1,0,0.000000,0,0.000000,0,0.000000,1,0.451172
3106,282.363636,1,0,0.000000,0,0,0.000000,0,0,0.000000,0,1,0.368896,1,0,0.000000,0,0.000000,0,0.000000,1,0.430908
3107,282.454545,1,0,0.000000,0,0,0.000000,0,0,0.000000,0,1,0.323730,1,0,0.000000,0,0.000000,0,0.000000,1,0.436768
3108,282.545455,1,0,0.000000,0,0,0.000000,0,0,0.000000,0,1,0.324463,1,0,0.000000,0,0.000000,0,0.000000,1,0.449951
3109,282.636364,1,0,0.000000,0,0,0.000000,0,0,0.000000,0,1,0.288818,1,0,0.000000,0,0.000000,0,0.000000,1,0.476807
3110,282.727273,1,0,0.000000,0,0,0.000000,0,0,0.000000,0,1,0.328369,1,0,0.000000,0,0.000000,0,0.000000,1,0.423828
3111,282.818182,1,0,0.000000,0,0,0.000000,0,0,0.000000,0,1,0.300537,1,0,0.000000,0,0.000000,0,0.000000,1,0.479492
3112,282.909091,1,0,0.000000,0,0,0.000000,0,0,0.000000,0,1,0.250488,1,0,0.000000,0,0.000000,0,0.000000,1,0.467041
3113,283.000000,1,0,0.000000,0,0,0.000000,0,0,0.000000,0,0,0.000000,0,0,0.000000,0,0.000000,0,0.000000,1,0.437500
3114,283.090909,1,0,0.000000,0,0,0.000000,0,0,0.000000,0,1,0.260986,1,0,0.000000,0,0.000000,0,0.000000,1,0.453857
3115,283.181818,1,0,0.000000,0,0,0.000000,0,0,0.000000,0,1,0.251221,1,0,0.000000,0,0.000000,0,0.000000,1,0.466309
3116,283.272727,1,0,0.000000,0,0,0.000000,0,0,0.000000,0,0,0.000000,0,0,0.000000,0,0.000000,0,0.000000,1,0.457520
3117,283.363636,1,0,0.000000,0,0,0.000000,0,0,0.000000,0,0,0.000000,0,0,0.000000,0,0.000000,0,0.000000,1,0.442627
3118,283.454545,1,0,0.000000,0,0,0.000000,0,0,0.000000,0,1,0.291504,1,0,0.000000,0,0.000000,0,0.000000,1,0.402588
3119,283.545455,1,0,0.000000,0,0,0.000000,0,0,0.000000,0,0,0.000000,0,0,0.000000,0,0.000000,0,0.000000,1,0.402832
3120,283.636364,1,0,0.000000,0,0,0.000000,0,0,0.000000,0,0,0.000000,0,0,0.000000,0,0.000000,0,0.000000,1,0.354492
3121,283.727273,1,0,0.000000,0,0,0.000000,0,0,0.000000,0,0,0.000000,0,0,0.000000,0,0.000000,0,0.000000,1,0.364746
3122,283.818182,1,0,0.000000,0,0,0.000000,0,0,0.000000,0,0,0.000000,0,0,0.000000,0,0.000000,0,0.000000,1,0.385010
3123,283.909091,1,0,0.000000,0,0,0.000000,0,0,0.000000,0,1,0.263428,1,0,0.000000,0,0.000000,0,0.000000,1,0.383789
3124,284.000000,1,0,0.000000,0,0,0.000000,0,0,0.000000,0,1,0.276855,1,0,0.000000,0,0.000000,0,0.000000,1,0.382568
3125,284.090909,1,0,0.000000,0,0,0.000000,0,0,0.000000,0,1,0.271240,1,0,0.000000,0,0.000000,0,0.000000,1,0.348389
3126,284.181818,1,0,0.000000,0,0,0.000000,0,0,0.000000,0,0,0.000000,0,0,0.000000,0,0.000000,0,0.000000,1,0.452393
3127,284.272727,1,0,0.000000,0,0,0.000000,0,0,0.000000,0,1,0.268799,1,0,0.000000,0,0.000000,0,0.000000,1,0.384766
3128,284.363636,1,0,0.000000,0,0,0.000000,0,0,0.000000,0,1,0.253174,1,0,0.000000,0,0.000000,0,0.000000,1,0.423828
3129,284.454545,1,0,0.000000,0,0,0.000000,0,0,0.000000,0,1,0.251953,1,0,0.000000,0,0.000000,0,0.000000,1,0.467529
3130,284.545455,1,0,0.000000,0,0,0.000000,0,0,0.000000,0,1,0.250488,1,0,0.000000,0,0.000000,0,0.000000,1,0.414307
3131,284.636364,1,0,0.000000,0,0,0.000000,0,0,0.000000,0,0,0.000000,0,0,0.000000,0,0.000000,0,0.000000,1,0.422363
3132,284.727273,1,0,0.000000,0,0,0.000000,0,0,0.000000,0,0,0.000000,0,0,0.000000,0,0.000000,0,0.000000,1,0.444336
3133,284.818182,1,0,0.000000,0,0,0.000000,0,0,0.000000,0,0,0.000000,0,0,0.000000,0,0.000000,0,0.000000,1,0.397461
3134,284.909091,1,0,0.000000,0,0,0.000000,0,0,0.000000,0,0,0.000000,0,0,0.000000,0,0.000000,0,0.000000,1,0.395996
3135,285.000000,1,0,0.000000,0,0,0.000000,0,0,0.000000,0,0,0.000000,0,0,0.000000,0,0.000000,0,0.000000,1,0.409668
3136,285.090909,1,0,0.000000,0,0,0.000000,0,0,0.000000,0,0,0.000000,0,0,0.000000,0,0.000000,0,0.000000,1,0.427734
3137,285.181818,1,0,0.000000,0,0,0.000000,0,0,0.000000,0,0,0.000000,0,0,0.000000,0,0.000000,0,0.000000,1,0.466309
3138,285.272727,1,0,0.000000,0,0,0.000000,0,0,0.000000,0,0,0.000000,0,0,0.000000,0,0.000000,0,0.000000,1,0.462158
3139,285.363636,1,0,0.000000,0,0,0.000000,0,0,0.000000,0,0,0.000000,0,0,0.000000,0,0.000000,0,0.000000,1,0.514160
3140,285.454545,1,0,0.000000,0,0,0.000000,0,0,0.000000,0,0,0.000000,0,0,0.000000,0,0.000000,0,0.000000,1,0.478027
3141,285.545455,1,0,0.000000,0,0,0.000000,0,0,0.000000,0,0,0.000000,0,0,0.000000,0,0.000000,0,0.000000,1,0.526855
3142,285.636364,1,0,0.000000,0,0,0.000000,0,0,0.000000,0,0,0.000000,0,0,0.000000,0,0.000000,0,0.000000,1,0.518066
3143,285.727273,1,0,0.000000,0,0,0.000000,0,0,0.000000,0,0,0.000000,0,0,0.000000,0,0.000000,0,0.000000,1,0.552246
3144,285.818182,1,0,0.000000,0,0,0.000000,0,0,0.000000,0,0,0.000000,0,0,0.000000,0,0.000000,0,0.000000,1,0.528809
3145,285.909091,1,0,0.000000,0,0,0.000000,0,0,0.000000,0,0,0.000000,0,0,0.000000,0,0.000000,0,0.000000,1,0.585449
3146,286.000000,1,0,0.000000,0,0,0.000000,0,0,0.000000,0,0,0.000000,0,0,0.000000,0,0.000000,0,0.000000,1,0.614258
3147,286.090909,1,0,0.000000,0,0,0.000000,0,0,0.000000,0,0,0.000000,0,0,0.000000,0,0.000000,0,0.000000,1,0.509766
3148,286.181818,1,0,0.000000,0,0,0.000000,0,0,0.000000,0,0,0.000000,0,0,0.000000,0,0.000000,0,0.000000,1,0.529785
3149,286.272727,1,0,0.000000,0,0,0.000000,0,0,0.000000,0,1,0.251465,1,0,0.000000,0,0.000000,0,0.000000,1,0.448242
3150,286.363636,1,0,0.000000,0,0,0.000000,0,0,0.000000,0,1,0.253906,1,0,0.000000,0,0.000000,0,0.000000,0,0.000000
3151,286.454545,1,0,0.000000,0,0,0.000000,0,0,0.000000,0,0,0.000000,0,0,0.000000,0,0.000000,0,0.000000,0,0.000000
3152,286.545455,1,0,0.000000,0,0,0.000000,0,0,0.000000,0,0,0.000000,0,0,0.000000,0,0.000000,0,0.000000,0,0.000000
3153,286.636364,1,0,0.000000,0,0,0.000000,0,0,0.000000,0,0,0.000000,0,0,0.000000,0,0.000000,0,0.000000,0,0.000000
3154,286.727273,1,0,0.000000,0,0,0.000000,0,0,0.000000,0,0,0.000000,0,0,0.000000,0,0.000000,0,0.000000,0,0.000000
3155,286.818182,1,0,0.000000,0,0,0.000000,0,0,0.000000,0,0,0.000000,0,0,0.000000,0,0.000000,0,0.000000,0,0.000000
3156,286.909091,1,0,0.000000,0,0,0.000000,0,0,0.000000,0,0,0.000000,0,0,0.000000,0,0.000000,0,0.000000,0,0.000000
3157,287.000000,1,0,0.000000,0,0,0.000000,0,0,0.000000,0,0,0.000000,0,0,0.000000,0,0.000000,0,0.000000,0,0.000000
3158,287.090909,1,0,0.000000,0,0,0.000000,0,0,0.000000,0,0,0.000000,0,0,0.000000,0,0.000000,0,0.000000,0,0.000000
3159,287.181818,1,0,0.000000,0,0,0.000000,0,0,0.000000,0,0,0.000000,0,0,0.000000,0,0.000000,0,0.000000,0,0.000000
3160,287.272727,1,0,0.000000,0,0,0.000000,0,0,0.000000,0,0,0.000000,0,0,0.000000,0,0.000000,0,0.000000,0,0.000000
3161,287.363636,1,0,0.000000,0,0,0.000000,0,0,0.000000,0,0,0.000000,0,0,0.000000,0,0.000000,0,0.000000,0,0.000000
3162,287.454545,1,0,0.000000,0,0,0.000000,0,0,0.000000,0,0,0.000000,0,0,0.000000,0,0.000000,0,0.000000,0,0.000000
3163,287.545455,1,0,0.000000,0,0,0.000000,0,0,0.000000,0,0,0.000000,0,0,0.000000,0,0.000000,0,0.000000,0,0.000000
3164,287.636364,1,0,0.000000,0,0,0.000000,0,0,0.000000,0,0,0.000000,0,0,0.000000,0,0.000000,0,0.000000,0,0.000000
3165,287.727273,1,0,0.000000,0,0,0.000000,0,0,0.000000,0,0,0.000000,0,0,0.000000,0,0.000000,0,0.000000,0,0.000000
3166,287.818182,1,0,0.000000,0,0,0.000000,0,0,0.000000,0,0,0.000000,0,0,0.000000,0,0.000000,0,0.000000,0,0.000000
3167,287.909091,1,0,0.000000,0,0,0.000000,0,0,0.000000,0,0,0.000000,0,0,0.000000,0,0.000000,0,0.000000,0,0.000000
3168,288.000000,1,0,0.000000,0,0,0.000000,0,0,0.000000,0,0,0.000000,0,0,0.000000,0,0.000000,0,0.000000,0,0.000000
3169,288.090909,1,0,0.000000,0,0,0.000000,0,0,0.000000,0,0,0.000000,0,0,0.000000,0,0.000000,0,0.000000,0,0.000000
3170,288.181818,1,0,0.000000,0,0,0.000000,0,0,0.000000,0,0,0.000000,0,0,0.000000,0,0.000000,0,0.000000,0,0.000000
3171,288.272727,1,0,0.000000,0,0,0.000000,0,0,0.000000,0,0,0.000000,0,0,0.000000,0,0.000000,0,0.000000,0,0.000000
3172,288.363636,1,0,0.000000,0,0,0.000000,0,0,0.000000,0,0,0.000000,0,0,0.000000,0,0.000000,0,0.000000,0,0.000000
3173,288.454545,1,0,0.000000,0,0,0.000000,0,0,0.000000,0,1,0.279541,1,0,0.000000,0,0.000000,0,0.000000,0,0.000000
3174,288.545455,1,0,0.000000,0,0,0.000000,0,0,0.000000,0,1,0.268799,1,0,0.000000,0,0.000000,0,0.000000,0,0.000000
3175,288.636364,1,0,0.000000,0,0,0.000000,0,0,0.000000,0,0,0.000000,0,0,0.000000,0,0.000000,0,0.000000,0,0.000000
3176,288.727273,1,0,0.000000,0,0,0.000000,0,0,0.000000,0,0,0.000000,0,0,0.000000,0,0.000000,0,0.000000,0,0.000000
3177,288.818182,1,0,0.000000,0,0,0.000000,0,0,0.000000,0,0,0.000000,0,0,0.000000,0,0.000000,0,0.000000,0,0.000000
3178,288.909091,1,0,0.000000,0,0,0.000000,0,0,0.000000,0,0,0.000000,0,0,0.000000,0,0.000000,0,0.000000,0,0.000000
3179,289.000000,1,0,0.000000,0,0,0.000000,0,0,0.000000,0,0,0.000000,0,0,0.000000,0,0.000000,0,0.000000,0,0.000000
3180,289.090909,1,0,0.000000,0,0,0.000000,0,0,0.000000,0,0,0.000000,0,0,0.000000,0,0.000000,0,0.000000,0,0.000000
3181,289.181818,1,0,0.000000,0,0,0.000000,0,0,0.000000,0,1,0.310791,1,0,0.000000,0,0.000000,0,0.000000,0,0.000000
3182,289.272727,1,0,0.000000,0,0,0.000000,0,0,0.000000,0,1,0.315918,1,0,0.000000,0,0.000000,0,0.000000,0,0.000000
3183,289.363636,1,0,0.000000,0,0,0.000000,0,0,0.000000,0,1,0.380371,1,0,0.000000,0,0.000000,0,0.000000,0,0.000000
3184,289.454545,1,0,0.000000,0,0,0.000000,0,0,0.000000,0,3,0.431641,1,0,0.000000,0,0.000000,0,0.000000,0,0.000000
3185,289.545455,1,0,0.000000,0,0,0.000000,0,0,0.000000,0,2,0.437500,1,0,0.000000,0,0.000000,0,0.000000,0,0.000000
3186,289.636364,1,0,0.000000,0,0,0.000000,0,0,0.000000,0,3,0.383545,1,0,0.000000,0,0.000000,0,0.000000,0,0.000000
3187,289.727273,1,0,0.000000,0,0,0.000000,0,0,0.000000,0,2,0.388672,1,0,0.000000,0,0.000000,0,0.000000,0,0.000000
3188,289.818182,1,0,0.000000,0,0,0.000000,0,0,0.000000,0,2,0.361084,1,0,0.000000,0,0.000000,0,0.000000,0,0.000000
3189,289.909091,1,0,0.000000,0,0,0.000000,0,0,0.000000,0,2,0.360352,1,0,0.000000,0,0.000000,0,0.000000,0,0.000000
3190,290.000000,1,0,0.000000,0,0,0.000000,0,0,0.000000,0,0,0.000000,0,0,0.000000,0,0.000000,0,0.000000,0,0.000000
3191,290.090909,1,0,0.000000,0,0,0.000000,0,0,0.000000,0,0,0.000000,0,0,0.000000,0,0.000000,0,0.000000,0,0.000000
3192,290.181818,1,0,0.000000,0,0,0.000000,0,0,0.000000,0,0,0.000000,0,0,0.000000,0,0.000000,0,0.000000,0,0.000000
3193,290.272727,1,0,0.000000,0,0,0.000000,0,0,0.000000,0,0,0.000000,0,0,0.000000,0,0.000000,0,0.000000,1,0.332275
3194,290.363636,1,0,0.000000,0,0,0.000000,0,0,0.000000,0,0,0.000000,0,0,0.000000,0,0.000000,0,0.000000,1,0.255859
3195,290.454545,1,0,0.000000,0,0,0.000000,0,0,0.000000,0,0,0.000000,0,0,0.000000,0,0.000000,0,0.000000,0,0.000000
3196,290.545455,1,0,0.000000,0,0,0.000000,0,0,0.000000,0,0,0.000000,0,0,0.000000,0,0.000000,0,0.000000,0,0.000000
3197,290.636364,1,0,0.000000,0,0,0.000000,0,0,0.000000,0,0,0.000000,0,0,0.000000,0,0.000000,0,0.000000,0,0.000000
3198,290.727273,1,0,0.000000,0,0,0.000000,0,0,0.000000,0,1,0.322266,1,0,0.000000,0,0.000000,0,0.000000,0,0.000000
3199,290.818182,1,0,0.000000,0,0,0.000000,0,0,0.000000,0,0,0.000000,0,0,0.000000,0,0.000000,0,0.000000,0,0.000000
3200,290.909091,1,0,0.000000,0,0,0.000000,0,0,0.000000,0,0,0.000000,0,0,0.000000,0,0.000000,0,0.000000,1,0.480225
3201,291.000000,1,0,0.000000,0,0,0.000000,0,0,0.000000,0,0,0.000000,0,0,0.000000,0,0.000000,0,0.000000,1,0.694824
3202,291.090909,1,0,0.000000,0,0,0.000000,0,0,0.000000,0,0,0.000000,0,0,0.000000,0,0.000000,0,0.000000,1,0.775879
3203,291.181818,1,0,0.000000,0,0,0.000000,0,0,0.000000,0,0,0.000000,0,0,0.000000,0,0.000000,0,0.000000,1,0.795410
3204,291.272727,1,0,0.000000,0,0,0.000000,0,0,0.000000,0,0,0.000000,0,0,0.000000,0,0.000000,0,0.000000,1,0.774414
3205,291.363636,1,0,0.000000,0,0,0.000000,0,0,0.000000,0,0,0.000000,0,0,0.000000,0,0.000000,0,0.000000,1,0.574219
3206,291.454545,1,0,0.000000,0,0,0.000000,0,0,0.000000,0,0,0.000000,0,1,0.305420,0,0.000000,0,0.000000,1,0.592773
3207,291.545455,1,0,0.000000,0,0,0.000000,0,0,0.000000,0,0,0.000000,0,1,0.253174,0,0.000000,0,0.000000,1,0.593262
3208,291.636364,1,0,0.000000,0,0,0.000000,0,0,0.000000,0,1,0.281250,1,0,0.000000,0,0.000000,0,0.000000,1,0.403809
3209,291.727273,1,0,0.000000,0,0,0.000000,0,0,0.000000,0,2,0.331299,1,1,0.260010,0,0.000000,0,0.000000,0,0.000000
3210,291.818182,1,0,0.000000,0,0,0.000000,0,0,0.000000,0,2,0.391357,1,0,0.000000,0,0.000000,0,0.000000,1,0.427979
3211,291.909091,1,0,0.000000,0,0,0.000000,0,0,0.000000,0,1,0.349609,1,2,0.292725,0,0.000000,0,0.000000,1,0.329346
3212,292.000000,1,0,0.000000,0,0,0.000000,0,0,0.000000,0,1,0.350342,1,0,0.000000,0,0.000000,0,0.000000,1,0.309570
3213,292.090909,1,0,0.000000,0,0,0.000000,0,0,0.000000,0,0,0.000000,0,0,0.000000,0,0.000000,0,0.000000,0,0.000000
3214,292.181818,1,0,0.000000,0,0,0.000000,0,0,0.000000,0,0,0.000000,0,0,0.000000,0,0.000000,0,0.000000,1,0.338623
3215,292.272727,1,0,0.000000,0,0,0.000000,0,0,0.000000,0,0,0.000000,0,0,0.000000,0,0.000000,0,0.000000,0,0.000000
3216,292.363636,1,0,0.000000,0,0,0.000000,0,0,0.000000,0,1,0.486572,1,1,0.281250,0,0.000000,0,0.000000,0,0.000000
3217,292.454545,1,0,0.000000,0,0,0.000000,0,0,0.000000,0,1,0.251953,1,1,0.280273,0,0.000000,0,0.000000,1,0.520996
3218,292.545455,1,0,0.000000,0,0,0.000000,0,0,0.000000,0,0,0.000000,0,0,0.000000,0,0.000000,0,0.000000,1,0.473145
3219,292.636364,1,0,0.000000,0,0,0.000000,0,0,0.000000,0,0,0.000000,0,0,0.000000,0,0.000000,0,0.000000,0,0.000000
3220,292.727273,1,0,0.000000,0,0,0.000000,0,0,0.000000,0,0,0.000000,0,0,0.000000,0,0.000000,0,0.000000,0,0.000000
3221,292.818182,1,0,0.000000,0,0,0.000000,0,0,0.000000,0,0,0.000000,0,0,0.000000,0,0.000000,0,0.000000,0,0.000000
3222,292.909091,1,0,0.000000,0,0,0.000000,0,0,0.000000,0,1,0.372559,1,0,0.000000,0,0.000000,0,0.000000,0,0.000000
3223,293.000000,1,0,0.000000,0,0,0.000000,0,0,0.000000,0,0,0.000000,0,0,0.000000,0,0.000000,0,0.000000,1,0.478027
3224,293.090909,1,0,0.000000,0,0,0.000000,0,0,0.000000,0,0,0.000000,0,1,0.251221,0,0.000000,0,0.000000,1,0.507812
3225,293.181818,1,0,0.000000,0,0,0.000000,0,0,0.000000,0,0,0.000000,0,1,0.371826,0,0.000000,0,0.000000,1,0.607910
3226,293.272727,1,0,0.000000,0,0,0.000000,0,0,0.000000,0,0,0.000000,0,1,0.413574,0,0.000000,0,0.000000,1,0.628418
3227,293.363636,1,0,0.000000,0,0,0.000000,0,0,0.000000,0,0,0.000000,0,0,0.000000,0,0.000000,0,0.000000,1,0.479492
3228,293.454545,1,0,0.000000,0,0,0.000000,0,0,0.000000,0,0,0.000000,0,0,0.000000,0,0.000000,0,0.000000,1,0.594238
3229,293.545455,1,0,0.000000,0,0,0.000000,0,0,0.000000,0,0,0.000000,0,1,0.327393,0,0.000000,0,0.000000,1,0.625000
3230,293.636364,1,0,0.000000,0,0,0.000000,0,0,0.000000,0,0,0.000000,0,0,0.000000,0,0.000000,0,0.000000,1,0.767090
3231,293.727273,1,0,0.000000,0,0,0.000000,0,0,0.000000,0,0,0.000000,0,1,0.258301,0,0.000000,0,0.000000,1,0.658203
3232,293.818182,1,0,0.000000,0,0,0.000000,0,0,0.000000,0,0,0.000000,0,0,0.000000,0,0.000000,0,0.000000,1,0.659180
3233,293.909091,1,0,0.000000,0,0,0.000000,0,0,0.000000,0,0,0.000000,0,0,0.000000,0,0.000000,0,0.000000,1,0.696289
3234,294.000000,1,0,0.000000,0,0,0.000000,0,0,0.000000,0,0,0.000000,0,0,0.000000,0,0.000000,0,0.000000,1,0.655273
3235,294.090909,1,0,0.000000,0,0,0.000000,0,0,0.000000,0,1,0.309814,1,0,0.000000,0,0.000000,0,0.000000,1,0.529297
3236,294.181818,1,0,0.000000,0,0,0.000000,0,0,0.000000,0,1,0.324707,1,0,0.000000,0,0.000000,0,0.000000,1,0.563477
3237,294.272727,1,0,0.000000,0,0,0.000000,0,0,0.000000,0,0,0.000000,0,0,0.000000,0,0.000000,0,0.000000,1,0.577637
3238,294.363636,1,0,0.000000,0,0,0.000000,0,0,0.000000,0,0,0.000000,0,0,0.000000,0,0.000000,0,0.000000,1,0.704102
3239,294.454545,1,0,0.000000,0,0,0.000000,0,0,0.000000,0,0,0.000000,0,0,0.000000,0,0.000000,0,0.000000,1,0.759277
3240,294.545455,1,0,0.000000,0,0,0.000000,0,0,0.000000,0,0,0.000000,0,0,0.000000,0,0.000000,0,0.000000,1,0.755371
3241,294.636364,1,0,0.000000,0,0,0.000000,0,0,0.000000,0,0,0.000000,0,0,0.000000,0,0.000000,0,0.000000,1,0.554688
3242,294.727273,1,0,0.000000,0,0,0.000000,0,0,0.000000,0,0,0.000000,0,0,0.000000,0,0.000000,0,0.000000,1,0.568359
3243,294.818182,1,0,0.000000,0,0,0.000000,0,0,0.000000,0,0,0.000000,0,0,0.000000,0,0.000000,0,0.000000,1,0.582031
3244,294.909091,1,0,0.000000,0,0,0.000000,0,0,0.000000,0,0,0.000000,0,0,0.000000,0,0.000000,0,0.000000,1,0.590332
3245,295.000000,1,0,0.000000,0,0,0.000000,0,0,0.000000,0,0,0.000000,0,0,0.000000,0,0.000000,0,0.000000,1,0.510254
3246,295.090909,1,0,0.000000,0,0,0.000000,0,0,0.000000,0,0,0.000000,0,0,0.000000,0,0.000000,0,0.000000,0,0.000000
3247,295.181818,1,0,0.000000,0,0,0.000000,0,0,0.000000,0,0,0.000000,0,0,0.000000,0,0.000000,0,0.000000,0,0.000000
3248,295.272727,1,0,0.000000,0,0,0.000000,0,0,0.000000,0,0,0.000000,0,0,0.000000,0,0.000000,0,0.000000,0,0.000000
3249,295.363636,1,0,0.000000,0,0,0.000000,0,0,0.000000,0,0,0.000000,0,0,0.000000,0,0.000000,0,0.000000,1,0.368896
3250,295.454545,1,0,0.000000,0,0,0.000000,0,0,0.000000,0,1,0.289551,1,0,0.000000,0,0.000000,0,0.000000,1,0.600098
3251,295.545455,1,0,0.000000,0,0,0.000000,0,0,0.000000,0,1,0.299316,1,0,0.000000,0,0.000000,0,0.000000,1,0.583496
3252,295.636364,1,0,0.000000,0,0,0.000000,0,0,0.000000,0,1,0.296387,1,0,0.000000,0,0.000000,0,0.000000,1,0.658203
3253,295.727273,1,0,0.000000,0,0,0.000000,0,0,0.000000,0,1,0.293457,1,0,0.000000,0,0.000000,0,0.000000,1,0.684570
3254,295.818182,1,0,0.000000,0,0,0.000000,0,0,0.000000,0,1,0.286133,1,0,0.000000,0,0.000000,0,0.000000,1,0.703613
3255,295.909091,1,0,0.000000,0,0,0.000000,0,0,0.000000,0,1,0.288818,1,0,0.000000,0,0.000000,0,0.000000,1,0.694824
3256,296.000000,1,0,0.000000,0,0,0.000000,0,0,0.000000,0,1,0.395752,1,0,0.000000,0,0.000000,0,0.000000,0,0.000000
3257,296.090909,1,0,0.000000,0,0,0.000000,0,0,0.000000,0,0,0.000000,0,0,0.000000,0,0.000000,0,0.000000,0,0.000000
3258,296.181818,1,0,0.000000,0,0,0.000000,0,0,0.000000,0,0,0.000000,0,0,0.000000,0,0.000000,0,0.000000,0,0.000000
3259,296.272727,1,0,0.000000,0,0,0.000000,0,0,0.000000,0,0,0.000000,0,0,0.000000,0,0.000000,0,0.000000,0,0.000000
3260,296.363636,1,0,0.000000,0,0,0.000000,0,0,0.000000,0,0,0.000000,0,0,0.000000,0,0.000000,0,0.000000,1,0.318359
3261,296.454545,1,0,0.000000,0,0,0.000000,0,0,0.000000,0,0,0.000000,0,0,0.000000,0,0.000000,0,0.000000,0,0.000000
3262,296.545455,1,0,0.000000,0,0,0.000000,0,0,0.000000,0,0,0.000000,0,0,0.000000,0,0.000000,0,0.000000,1,0.344727
3263,296.636364,1,0,0.000000,0,0,0.000000,0,0,0.000000,0,0,0.000000,0,0,0.000000,0,0.000000,0,0.000000,2,0.468018
3264,296.727273,1,0,0.000000,0,0,0.000000,0,0,0.000000,0,0,0.000000,0,0,0.000000,0,0.000000,0,0.000000,1,0.392334
3265,296.818182,1,0,0.000000,0,0,0.000000,0,0,0.000000,0,0,0.000000,0,0,0.000000,0,0.000000,0,0.000000,1,0.397705
3266,296.909091,1,0,0.000000,0,0,0.000000,0,0,0.000000,0,0,0.000000,0,0,0.000000,0,0.000000,0,0.000000,0,0.000000
3267,297.000000,1,0,0.000000,0,0,0.000000,0,0,0.000000,0,1,0.298096,1,0,0.000000,0,0.000000,0,0.000000,1,0.350586
3268,297.090909,1,0,0.000000,0,0,0.000000,0,0,0.000000,0,1,0.312012,1,0,0.000000,0,0.000000,0,0.000000,1,0.373779
3269,297.181818,1,0,0.000000,0,0,0.000000,0,0,0.000000,0,0,0.000000,0,0,0.000000,0,0.000000,0,0.000000,2,0.425293
3270,297.272727,1,0,0.000000,0,0,0.000000,0,0,0.000000,0,0,0.000000,0,0,0.000000,0,0.000000,0,0.000000,2,0.429443
3271,297.363636,1,0,0.000000,0,0,0.000000,0,0,0.000000,0,0,0.000000,0,0,0.000000,0,0.000000,0,0.000000,2,0.338623
3272,297.454545,1,0,0.000000,0,0,0.000000,0,0,0.000000,0,0,0.000000,0,0,0.000000,0,0.000000,0,0.000000,1,0.390869
3273,297.545455,1,0,0.000000,0,0,0.000000,0,0,0.000000,0,0,0.000000,0,0,0.000000,0,0.000000,0,0.000000,1,0.428467
3274,297.636364,1,0,0.000000,0,0,0.000000,0,0,0.000000,0,0,0.000000,0,0,0.000000,0,0.000000,0,0.000000,1,0.404541
3275,297.727273,1,0,0.000000,0,0,0.000000,0,0,0.000000,0,0,0.000000,0,0,0.000000,0,0.000000,0,0.000000,1,0.373779
3276,297.818182,1,0,0.000000,0,0,0.000000,0,0,0.000000,0,1,0.254639,1,0,0.000000,0,0.000000,0,0.000000,1,0.408203
3277,297.909091,1,0,0.000000,0,0,0.000000,0,0,0.000000,0,0,0.000000,0,0,0.000000,0,0.000000,0,0.000000,1,0.388184
3278,298.000000,1,0,0.000000,0,0,0.000000,0,0,0.000000,0,0,0.000000,0,0,0.000000,0,0.000000,0,0.000000,1,0.314941
3279,298.090909,1,0,0.000000,0,0,0.000000,0,0,0.000000,0,1,0.270996,1,0,0.000000,0,0.000000,0,0.000000,1,0.306885
3280,298.181818,1,0,0.000000,0,0,0.000000,0,0,0.000000,0,1,0.276123,1,0,0.000000,0,0.000000,0,0.000000,1,0.326172
3281,298.272727,1,0,0.000000,0,0,0.000000,0,0,0.000000,0,0,0.000000,0,0,0.000000,0,0.000000,0,0.000000,2,0.312012
3282,298.363636,1,0,0.000000,0,0,0.000000,0,0,0.000000,0,0,0.000000,0,0,0.000000,0,0.000000,0,0.000000,1,0.271240
3283,298.454545,1,0,0.000000,0,0,0.000000,0,0,0.000000,0,0,0.000000,0,0,0.000000,0,0.000000,0,0.000000,1,0.314209
3284,298.545455,1,0,0.000000,0,0,0.000000,0,0,0.000000,0,0,0.000000,0,0,0.000000,0,0.000000,0,0.000000,1,0.294922
3285,298.636364,1,0,0.000000,0,0,0.000000,0,0,0.000000,0,0,0.000000,0,0,0.000000,0,0.000000,0,0.000000,1,0.475342
3286,298.727273,1,0,0.000000,0,0,0.000000,0,0,0.000000,0,0,0.000000,0,0,0.000000,0,0.000000,0,0.000000,2,0.398682
3287,298.818182,1,0,0.000000,0,0,0.000000,0,0,0.000000,0,0,0.000000,0,0,0.000000,0,0.000000,0,0.000000,1,0.541016
3288,298.909091,1,0,0.000000,0,0,0.000000,0,0,0.000000,0,0,0.000000,0,0,0.000000,0,0.000000,0,0.000000,1,0.549805
3289,299.000000,1,0,0.000000,0,0,0.000000,0,0,0.000000,0,0,0.000000,0,0,0.000000,0,0.000000,0,0.000000,1,0.372070
3290,299.090909,1,0,0.000000,0,0,0.000000,0,0,0.000000,0,0,0.000000,0,0,0.000000,0,0.000000,0,0.000000,1,0.252197
3291,299.181818,1,0,0.000000,0,0,0.000000,0,0,0.000000,0,0,0.000000,0,0,0.000000,0,0.000000,0,0.000000,1,0.269531
3292,299.272727,1,0,0.000000,0,0,0.000000,0,0,0.000000,0,0,0.000000,0,0,0.000000,0,0.000000,0,0.000000,1,0.328613
3293,299.363636,1,0,0.000000,0,0,0.000000,0,0,0.000000,0,0,0.000000,0,0,0.000000,0,0.000000,0,0.000000,1,0.344238
3294,299.454545,1,0,0.000000,0,0,0.000000,0,0,0.000000,0,0,0.000000,0,0,0.000000,0,0.000000,0,0.000000,1,0.252686
3295,299.545455,1,0,0.000000,0,0,0.000000,0,0,0.000000,0,0,0.000000,0,0,0.000000,0,0.000000,0,0.000000,1,0.295654
3296,299.636364,1,0,0.000000,0,0,0.000000,0,0,0.000000,0,0,0.000000,0,0,0.000000,0,0.000000,0,0.000000,1,0.316895
3297,299.727273,1,0,0.000000,0,0,0.000000,0,0,0.000000,0,0,0.000000,0,0,0.000000,0,0.000000,0,0.000000,1,0.352783
3298,299.818182,1,0,0.000000,0,0,0.000000,0,0,0.000000,0,0,0.000000,0,0,0.000000,0,0.000000,0,0.000000,1,0.354248
3299,299.909091,1,0,0.000000,0,0,0.000000,0,0,0.000000,0,0,0.000000,0,0,0.000000,0,0.000000,0,0.000000,1,0.383301
3300,300.000000,1,0,0.000000,0,0,0.000000,0,0,0.000000,0,0,0.000000,0,0,0.000000,0,0.000000,0,0.000000,1,0.331543
