frame_index,wall_ms,preprocess_ms,inference_ms,postprocess_ms
11,88.13092600030359,1.2010240025119856,85.83015600015642,0.2715010014071595
12,91.71538399823476,1.0452819988131523,89.1054100029578,0.40261299727717414
13,88.41746400139527,1.0572079991106875,86.27737999995588,0.26351899941801094
14,91.36279000085779,1.1216530001547653,89.02279899848509,0.31181600206764415
15,97.15614800006733,1.8437120015732944,93.21516800264362,0.2695200018933974
16,112.18382199876942,1.088375000108499,109.97436899924651,0.2975390016217716
17,89.36231999905431,0.9355969996249769,86.42849199895863,0.3272239991929382
18,108.81127100219601,1.3833390003128443,104.02525199970114,0.2760010029305704
19,91.7248469995684,1.0394119999546092,89.57915299833985,0.26427900229464285
20,88.78629899845691,2.135804999852553,84.54026199979126,0.27027899704989977
21,94.7765269993397,1.1087639977631625,92.54524000061792,0.3299829986644909
22,92.04553400195437,1.6399699998146389,87.29342199876555,0.26294600320397876
23,121.80217700006324,1.0162270009459462,119.70574299994041,0.2796869994199369
24,96.80790600032196,1.6523400008736644,93.97898600218468,0.2952599970740266
25,97.51259399854462,1.7341550010314677,94.72078600083478,0.2666299988050014
26,90.46821299853036,1.662006998230936,87.65466399927391,0.3009829997608904
27,89.72859900313779,0.9983190029743128,87.61071899789385,0.27689000125974417
28,86.84758599702036,1.0151160022360273,84.73413300089305,0.2690010005608201
29,82.26025200201548,1.046319001034135,80.0400570005877,0.35118599771521986
30,83.9183710013458,1.8261740005982574,80.36300399908214,0.2648350018716883
31,82.587123997655,1.6746000001148786,79.75650099979248,0.26313000125810504
32,88.80757600127254,0.9915039991028607,84.88996699816198,0.2627239991852548
33,83.7257769999269,0.957134001509985,80.78433899936499,0.27035300081479363
34,92.01262699934887,1.295080001000315,89.6346170011384,0.2658340017660521
35,83.01445899996907,1.0025960000348277,79.38038800057257,0.28442700204323046
36,93.9352269997471,1.9322119987918995,90.75728800235083,0.3142790010315366
37,106.62539199984167,1.0462639984325506,104.40499400283443,0.35801999911200255
38,90.23348900154815,1.0608199991111178,86.1507689987775,0.2658160010469146
39,87.08706899778917,1.077356999303447,84.84067099925596,0.2637599973240867
40,80.6290420005098,1.164060002338374,78.35429100305191,0.26402000003145076
41,88.79163199890172,0.9670969993749168,86.55004799948074,0.39546499829157256
42,83.26397800192353,1.4815989998169243,80.1801509987854,0.26651999723981135
43,81.2025259983784,1.1841159976029303,78.6591629985196,0.26390799757791683
44,89.98413700101082,1.8302110001968686,86.47984400158748,0.2632229989103507
45,82.72342100099195,1.0051149984064978,79.9361309982487,0.27124099869979545
46,89.61750500020571,1.0472819994902238,87.44012600072892,0.26692700339481235
47,79.73494600082631,1.0619860004226211,77.38871300171013,0.34378000054857694
48,120.29583699768409,1.4148949994705617,117.76166100025875,0.26472299941815436
49,105.29064599904814,2.9641610017279163,101.04886800036184,0.341112998285098
50,91.70510600233683,2.697308002097998,86.98280899989186,0.2933159994427115
51,84.10852000088198,1.9396190000406932,80.90798799821641,0.2758350019576028
52,81.43145199937862,1.6387659998144954,78.62660699902335,0.28133500018157065
53,84.76672599863377,1.1174489991390146,80.67409800059977,0.25950100098270923
54,80.45035599934636,2.0783609979844186,77.31191699713236,0.26231599986203946
55,85.40893200188293,1.133560999733163,83.12171899888199,0.27185300132259727
56,84.38002099865116,1.0794310001074336,82.190269997227,0.2658710000105202
57,82.97981099894969,0.9473559985053726,80.86835799986147,0.31476000003749505
58,84.63268800187507,0.9787439994397573,81.10515500084148,0.28250200193724595
59,79.79526100098155,0.9439300010853913,77.73064099819749,0.3024639991053846
60,93.13127899804385,1.8160260005970486,90.15926700158161,0.2681500009202864
61,82.23540100152604,2.013490000535967,78.9072940024198,0.2630749986565206
62,84.94507800060092,1.3938199990661815,82.37821600050665,0.2957050019176677
63,89.15481799704139,3.0803459994785953,84.9703749991022,0.26448199787409976
64,78.96299800268025,1.108133998059202,76.70300700192456,0.29464899853337556
65,88.22479599984945,1.7048039990186226,85.43304400154739,0.2667600019776728
66,80.41517099991324,1.0564859985606745,78.2614019990433,0.266409002506407
67,79.70216700050514,1.1796340004366357,77.34430600248743,0.2845570015779231
68,83.3327759974054,1.5085430022736546,80.20076200045878,0.3158530016662553
69,79.40229599989834,1.0491520006326027,77.21741600107634,0.26496399732423015
70,84.84515199961606,1.113356000132626,82.57242000036058,0.2704270009417087
71,80.98806199996034,1.7663040016486775,78.13682800042443,0.2651680006238166
72,80.50298500165809,1.4610799989895895,77.9180860008637,0.26566700034891255
73,89.09661500001675,0.9858560006250627,86.9771990001027,0.3026869999303017
74,80.06079800179577,1.1429309997765813,77.80352999907336,0.26072300170199014
75,85.54367399847251,0.9745589995873161,83.11669999966398,0.26640899886842817
76,82.08401099909679,1.0728749984991737,79.88416800071718,0.2659269994182978
77,83.12801500142086,1.0224670004390646,81.00833999924362,0.31140899955062196
78,96.2645519975922,1.0886349991778843,93.99300499717356,0.27876000240212306
79,101.6141480031365,0.9577080018061679,99.4759730019723,0.3553529968485236
80,129.71619299787562,1.2927650022902526,127.16947800072376,0.26937100119539537
81,100.07984500043676,0.95968900131993,98.0176510020101,0.28138999914517626
82,104.59403099957854,0.9445030009374022,102.59663399847341,0.27713099916581996
83,186.62911600040388,1.3476349995471537,183.8478639983805,0.3468159993644804
84,111.08850299933692,1.7119699987233616,106.83472600067034,0.26379699920653366
85,104.9541259999387,1.4328580000437796,102.38526299872319,0.2793530002236366
86,93.18120500029181,1.1369300009391736,90.91432499917573,0.26661300216801465
87,86.28114000021014,1.1130780003441032,83.97516699915286,0.2840009983628988
88,87.23566200205823,0.9133370003837626,83.94122200115817,0.2658160010469146
89,88.99059499890427,0.9696529996290337,86.71115999823087,0.44311300007393584
90,80.66902399878018,1.1319309996906668,78.27160599845229,0.30163100018398836
91,89.08150299976114,1.246042000275338,86.6724189982051,0.26037099814857356
92,86.25673200003803,1.1183940005139448,83.84322200072347,0.28279799880692735
93,81.43399000255158,0.9960970019164961,79.33355500063044,0.2596869999251794
94,81.48317499944824,1.1507640010677278,79.17635000194423,0.2943719991890248
95,93.4856879975996,1.8769889975374099,90.3041010024026,0.2695379989745561
96,80.51396800146904,2.0516379991022404,77.36228800058598,0.2663160012161825
97,87.31060699938098,0.9777809973456897,85.21615399877192,0.26794600125867873
98,83.81018400177709,1.293634999456117,81.18000700051198,0.31263100026990287
99,80.76798699767096,1.1501160006446298,78.44751399898087,0.2786859986372292
100,100.1598090006155,1.5753959996800404,97.4537229994894,0.2690940018510446
101,117.17638000118313,3.244051000365289,111.4552819999517,0.27862999922945164
102,134.42406399917672,1.714321999315871,131.62119999833521,0.2652789989951998
103,111.7624500002421,1.8162859996664338,108.72147400004906,0.29079700107104145
104,98.36239400101476,1.0971339979732875,96.16331099823583,0.2644830019562505
105,80.76691299720551,1.1161160000483505,78.29395799853955,0.26537099984125234
106,80.57050500065088,1.0764120015664957,78.31595799871138,0.3149270014546346
107,82.33140100128367,1.2811540000257082,78.86860800135764,0.2649829984875396
108,79.6159079982317,1.1427829995227512,77.35599100124091,0.2607790011097677
109,87.82847900147317,1.173523000034038,85.45854399926611,0.2673900016816333
110,79.93185400118819,1.1039679993700702,77.7147890003107,0.26961199910147116
111,81.21754399689962,1.3473769977281336,78.58571899851086,0.2657229997566901
112,81.27226700162282,1.150837997556664,78.90725699689938,0.26948199956677854
113,80.65433799856692,0.9875409996311646,78.5915330015996,0.26285300191375427
114,87.67564600202604,1.6485260020999704,84.89870799894561,0.27552000028663315
115,95.55419699972845,1.8513779978093226,92.48374000162585,0.26389000049675815
116,103.37730399987777,2.7682149993779603,99.3634159967769,0.2980009994644206
117,99.85360399878118,1.0840229988389183,97.44890900037717,0.39324200042756274
118,158.14242200212902,1.2071710007148795,155.66776400009985,0.29322399859665893
119,135.7578659990395,2.1745279991591815,132.3712399971555,0.3621120013121981
120,106.75811400142265,1.0052819998236373,103.4628600027645,0.27744500039261766
121,125.42337799823144,0.9855600001174025,123.19588700120221,0.3886129998136312
122,123.79944500207785,0.991411001450615,120.20813300114241,0.2584270005172584
123,110.77816799661377,1.6118399980769027,107.91297199830296,0.26468600117368624
124,106.78357800134108,1.0421340011816937,104.6221050019085,0.2660200007085223
125,84.57120599996415,1.0688010006560944,82.23080799871241,0.26755699946079403
126,86.44126999934088,2.5237329973606393,82.65223600028548,0.359409001248423
127,85.43832199939061,1.666655000008177,82.527309001307,0.263668000116013
128,82.22912200290011,1.0434110008645803,79.87848299671896,0.44883499867864884
129,90.87801100031356,1.0293749983247835,88.74898299836786,0.26168600015807897
130,84.71122599803493,0.9133549974649213,81.77499100202112,0.30287099798442796
131,89.43835600075545,1.88697100020363,86.20291700208327,0.4910949974146206
132,89.20254099939484,1.768655998603208,85.68210000157706,0.29590900157927535
133,93.27465100068366,0.9765409995452501,90.94608500163304,0.4840950023208279
134,101.92085299786413,1.4501730001938995,95.61230799954501,0.4810389982594643
135,99.30726800303091,1.7308959977526683,95.6456790008815,0.4601130021910649
136,103.47515600005863,1.4286719997471664,100.00221600057557,0.3951130020141136
137,124.53220799943665,1.4235249982448295,121.55487999916659,0.31044600109453313
138,174.391287000617,0.9947270009433851,172.2200000003795,0.3487050016701687
139,117.25273199772346,3.6855709986411966,111.39265200108639,0.2692969974305015
140,82.0098260010127,2.5492510030744597,78.31534700017073,0.26642699958756566
141,91.37941999870236,1.1217820028832648,89.10235599978478,0.266298000497045
142,80.50139300030423,1.0791339991556015,78.25019900337793,0.2964830018754583
143,81.81584300109535,0.9765779977897182,77.06185999995796,0.2681119985936675
144,84.08607499950449,1.7992659995798022,81.18267399913748,0.26174199956585653
145,85.43445100076497,0.9900599980028346,83.36512700043386,0.2689829998416826
146,91.84533000006923,0.927393000893062,88.1595169994398,0.37103800059412606
147,91.10041899839416,2.249398999992991,87.14786500058835,0.275944999884814
148,80.02061300066998,1.0906339994107839,77.8170859994134,0.27222399876336567
149,82.7341250005702,1.0028560027421918,80.63322700036224,0.2665010033524595
150,79.74359400031972,0.9425409989489708,76.43257999734487,0.27274199965177104
151,87.13569899919094,1.3589689988293685,84.67166899936274,0.30227900060708635
152,81.46863799993298,0.9949300001608208,79.39574000192806,0.26246400011586957
153,84.60878000187222,1.5778769993630704,81.90006600125344,0.2708529973460827
154,86.54239999668789,2.702844998566434,82.77092200296465,0.26624200108926743
155,88.654076000239,1.1959300027228892,86.39912199942046,0.2735939997364767
156,82.19223400010378,1.1330789966450538,79.94224200228928,0.2690010005608201
157,84.37002000209759,2.23052799992729,80.95752399822231,0.28929800100740977
158,80.34828100062441,1.622840001800796,77.61321400175802,0.26942700060317293
159,85.37122899724636,1.1035040006390773,83.20358999844757,0.2635749988257885
160,78.81816400185926,0.9813010001380462,76.74576600038563,0.2648900008352939
161,81.68845399995917,1.112707999709528,79.41075900089345,0.2807239980029408
162,83.98520400078269,2.084638999804156,79.94920599958277,0.27213100111112
163,85.35332099927473,1.1449310004536528,83.0983859996195,0.26433399762026966
164,83.40751599826035,0.9728000004542992,81.29798899972229,0.2972049987874925
165,80.24596600080258,1.140690001193434,77.92617900122423,0.26389000049675815
166,79.46609300051932,0.974485999904573,77.31167599922628,0.30040899946470745
167,89.99172900075791,1.0504120000405237,87.76444199975231,0.26955700013786554
168,88.650093999604,1.065115000528749,86.42884400251205,0.27003899958799593
169,84.51218800109928,1.119077998737339,82.23669599829009,0.2627970025059767
170,87.74451599674649,2.4555100026191212,84.17696400283603,0.28281599952606484
171,86.17215800040867,1.0195049981120974,82.33493800071301,0.26279799931216985
172,84.80844800214982,1.3418569978966843,82.2108450011001,0.2782420015137177
173,82.09127000009175,1.304802000959171,79.58694499757257,0.26179700216744095
174,83.94185200086213,1.002355998934945,81.85184299873072,0.26014999821200036
175,81.56823099852772,1.4147459987725597,78.97159099957207,0.3275380004197359
176,81.87917699979153,1.483747000747826,79.2766099984874,0.26694599728216417
177,81.79743599976064,1.1540599989530165,79.5145189986215,0.2687230007722974
178,84.16207499976736,1.6480439990118612,81.37615599844139,0.2924269974755589
179,83.39218300170614,1.3449129983200692,80.91108000007807,0.29553800050052814
180,80.676115998358,1.5001920000941027,77.94567800010554,0.3442610031925142
181,85.94147199983126,1.6756370023358613,83.02471899878583,0.34687199877225794
182,82.89786599925719,0.9666890000517014,80.80419000179972,0.264390000666026
183,80.55259700267925,1.055893000739161,78.29701399896294,0.3334460016048979
184,93.56642999773612,0.9714859988889657,90.53154699722654,0.28166699848952703
185,84.32633499978692,1.3391909997153562,81.7354909995629,0.2615390003484208
186,85.21435700095026,2.6318810014345217,81.45854500253336,0.27661200147122145
187,83.24155299851554,1.0708560002967715,80.96287599983043,0.2821490015776362
188,80.54842999990797,1.0961709995171987,78.16377299968735,0.3735390018846374
189,86.09665800031507,1.0255230008624494,83.97546299966052,0.2755940004135482
190,80.67294899956323,1.8268779967911541,77.75588200092898,0.26626099861459807
191,88.28101900144247,1.4708209964737762,85.67308200144907,0.26514999990467913
192,83.9812960002746,1.4997100006439723,81.19213700047112,0.2704639991861768
193,79.50420400084113,1.264875001652399,77.0786559987755,0.26798299950314686
194,87.40845899956184,1.1468379998404998,85.10407900030259,0.2599830004328396
195,80.92150700031198,1.4067830015846994,78.23260599980131,0.34407600105623715
196,82.148788998893,0.9963369993783999,79.9998170004983,0.2606130001368001
197,90.73176899983082,1.0494300004211254,88.51772299749427,0.31077899984666146
198,79.12742400003481,1.5732100000604987,76.43315400127904,0.281019998510601
199,96.80468399892561,0.991225999314338,94.65808299864875,0.31081699853530154
200,82.85588500075391,1.3653390014951583,80.3195600019535,0.26179699852946214
201,83.71416600130033,1.0105039982590824,81.56447199871764,0.2883909983211197
202,82.88301399807096,1.1492459998407867,80.59489299921552,0.27003899958799593
203,83.08931200008374,1.1162829978275113,80.81468999807839,0.2666120017238427
204,85.82715600277879,1.8193779978901148,82.88016200094717,0.2671860020200256
205,82.28858599977684,1.0875970001507085,79.683093001222,0.2638340010889806
206,80.50450399969122,1.0755790026450995,78.31614300084766,0.2675750001799315
207,82.36440099790343,1.4995800011092797,79.75248300135718,0.26437199994688854
208,79.41903699975228,1.1882830003742129,77.13937899825396,0.2655750031408388
209,87.2939220025728,1.6104690002975985,84.57707699926686,0.26394500309834257
210,80.05953899919405,1.0179679993598256,77.87860500320676,0.33092699959524907
211,83.98288899843465,1.671914000326069,81.1978959973203,0.26233399694319814
212,83.19672000288847,1.3548200004152022,80.63285599928349,0.2585560032457579
213,82.5559759978205,1.579265997861512,79.83807600248838,0.29881600130465813
214,84.63066900003469,0.9819300030358136,82.57699399837293,0.27157499789609574
215,80.49607900102274,1.5952469984767959,77.79051100078505,0.2647789988259319
216,79.6871860002284,1.2939499974891078,77.09787899875664,0.28192699755891226
217,83.93038899885141,1.5817660023458302,81.200656000874,0.26724100098363124
218,80.12092799981474,0.9950229978130665,78.01510499848519,0.26229699869873
219,82.84197800094262,2.024231001996668,79.70690799993463,0.26668599821277894
220,82.9530330011039,1.0944669993477874,80.66461599810282,0.2637229990796186
221,80.31663299698266,1.67645200053812,77.52302799781319,0.2657049990375526
222,85.26633900328306,2.4182509987440426,81.71371299977181,0.27622299967333674
223,82.1176959980221,1.17957900147303,79.82348299992736,0.26972300111083314
224,82.06934500049101,1.1306899978080764,79.7848910005996,0.2703159989323467
225,84.62572500138776,1.1234490011702292,82.34753100259695,0.26648300263332203
226,83.12714499697904,0.9883740021905396,80.99284000127227,0.3182789987477008
227,89.72250599981635,1.9212299994251225,86.63017800063244,0.2808720018947497
228,87.62710800147033,1.0576340027910192,85.38998699805234,0.26092799816979095
229,81.15613699919777,1.0718379999161698,78.95253500100807,0.27805699937744066
230,86.34360300129629,1.2438939993444365,81.2139150002622,0.26840799910132773
231,81.11302500037709,1.0246900019410532,79.03101700139814,0.2625939996505622
232,83.97744499961846,1.1751899983210023,81.65523100251448,0.26657499984139577
233,79.14527599859866,1.1111150015494786,76.86374799959594,0.3046870006073732
234,81.3837860005151,0.9391709972987883,77.19123100105207,0.26427899865666404
235,85.76415599964093,1.3621719990624115,83.21377500033122,0.31816799673833884
236,81.76519500193535,3.405681000003824,77.22389799891971,0.26413099840283394
237,96.81192399875727,1.4039689995115623,94.20130199941923,0.2864089983631857
238,83.53303599869832,1.0866160009754822,81.20346999930916,0.30405600045924075
239,81.13295100338291,1.1462459988251794,78.78829300170764,0.2722610006458126
240,86.2776589965506,0.9862080005405005,84.17003900103737,0.26444499962963164
241,87.95501700296882,1.0317449996364303,85.79276700038463,0.2683159982552752
242,85.1270229977672,1.047653000568971,82.94634800040512,0.27474200032884255
243,86.80021600230248,3.976756997872144,81.30769300259999,0.2659270030562766
244,80.52172699899529,0.9640780008339789,78.42386600168538,0.28457499865908176
245,82.8467549981724,1.3286899993545376,80.23100400168914,0.2657229997566901
246,91.1151410000457,2.5877879998006392,87.36308899824508,0.28520499836304225
247,85.65736000309698,0.9890590008581057,83.51914700324414,0.263668000116013
248,81.59013799740933,0.9937629984051455,79.49096300217207,0.2728159997786861
249,80.22176300073625,1.0273750012856908,78.07123500242596,0.264204998529749
250,86.74049299952458,0.9265039989259094,82.77544000156922,0.281019998510601
251,80.19946599961258,1.0607820004224777,78.05397599804564,0.2621300009195693
252,85.33454300049925,1.0606340001686476,83.13418200123124,0.29415000244625844
253,79.28164799886872,1.0796900023706257,77.02167499883217,0.27303800015943125
254,85.53441399999429,1.0864120013138745,83.31873800125322,0.2718900032050442
255,84.34111300084624,0.97387400091975,82.30951199948322,0.26233400058117695
256,85.3652100013278,1.9609340015449561,82.29110400134232,0.26203800007351674
257,90.82380700056092,1.9282489993202034,87.76421999937156,0.2737240029091481
258,81.9294169996283,0.943448998441454,79.00575799794751,0.31101999775273725
259,86.83091999773751,1.219467998453183,84.46439099861891,0.321055998938391
260,80.80202400014969,1.0832449988811277,78.5897739988286,0.2620189989102073
261,79.41961100004846,1.0080790016218089,77.2648610000033,0.32190800266107544
262,85.60209999996005,1.9000819993379992,81.3594529972761,0.3785940025409218
263,78.54060700265109,1.0541160008870065,76.32726399970124,0.26085299759870395
264,86.73390100011602,1.0166339998249896,83.67816600002698,0.2770749997580424
265,83.35625699692173,1.0092449992953334,79.09133200155338,0.2687050000531599
266,82.53516100012348,1.1311339985695668,80.06661299805273,0.27044499802286737
267,116.06076500174822,4.631371000868967,110.12312900129473,0.3149640033370815
268,83.40677600062918,1.760840998031199,80.4271710003377,0.265038001089124
269,83.13556999928551,1.5565989997412544,80.49454199863249,0.2610930023365654
270,90.34724999946775,1.2497650022851303,86.75236399722053,0.3078900008404162
271,84.95383799890988,1.1629489999904763,82.5981980015058,0.3208349990018178
272,80.98261700069997,1.1151709986734204,78.76694200240308,0.27233500077272765
273,83.38572000138811,0.9557999983371701,81.34930400046869,0.27014900115318596
274,87.85773899944616,0.9932640023180284,85.76863700000104,0.26377899848739617
275,81.19008100038627,1.028282000334002,79.04551699903095,0.2639820013428107
276,83.34925699818996,0.9251709998352453,80.60507900154334,0.2646300017659087
277,79.89813200038043,0.9510409981885459,77.86260400098399,0.2656679971551057
278,79.86902000266127,0.9953379994840361,77.78154799962067,0.28957500035176054
279,86.46521499758819,0.9183550027955789,82.58721600213903,0.2898159982578363
280,80.37387399963336,0.9278180004912429,77.6584550003463,0.3095929969276767
281,88.39492600236554,0.9695970002212562,86.18778700110852,0.3655950022221077
282,84.29007599988836,1.0729860005085357,82.08249200106366,0.2696489973459393
283,83.72983300068881,1.1545419984031469,81.32213699718704,0.26403800075058825
284,83.36592299747281,1.0530409999773838,81.11746999929892,0.32711300082155503
285,81.39035999920452,0.9586520027369261,79.3434260012873,0.2710010012378916
286,85.5960450026032,1.0861160008062143,83.40999799838755,0.2670009998837486
287,81.30563699887716,0.9864489984465763,79.19170299646794,0.27235300149186514
288,79.75513099881937,1.2644119997275993,77.32597200083546,0.2863529989554081
289,85.99360100197373,0.9699109978100751,83.93383300062851,0.26079800227307715
290,79.59838999886415,1.0751340014394373,77.34988000083831,0.30542799868271686
291,86.46338100152207,1.8773779993352946,83.35523799905786,0.3669460020319093
292,79.6689079979842,1.0050419987237547,77.5114370007941,0.3055569977732375
293,81.72876900061965,1.2578200003190432,79.09690599990427,0.26946399884764105
294,85.86173000003328,1.097614996979246,83.66499900148483,0.27992700051981956
295,79.77451999977347,1.2777830015693326,77.3488989980251,0.26138999965041876
296,82.86392200170667,1.0058750012831297,80.55548599804752,0.3762969972740393
297,86.31495399822597,1.697728999715764,83.45355399796972,0.2640570019138977
298,82.0163259995752,1.1535600024217274,79.64009300121688,0.2629830014484469
299,85.3637649997836,2.0706939976662397,82.10602899998776,0.32066800122265704
300,81.99667799999588,0.9638750016165432,77.30265699865413,0.2610749979794491
301,88.94920600141631,2.2353419990395196,85.59596999839414,0.26826000248547643
302,81.71401000072365,1.0606710020510945,79.54290799898445,0.26511200121603906
303,81.26763700056472,1.115911996748764,78.86871899972903,0.318039001285797
304,83.23497899982613,1.026875001116423,81.12847000302281,0.2711300003284123
305,80.19437300026766,1.3435610017040744,77.6786960013851,0.26177899781032465
306,87.34992199970293,1.2712649986497127,84.62781799971708,0.5093170002510305
307,81.1897109997517,2.314860998012591,77.30421299856971,0.2619080005388241
308,80.01150199925178,2.3158060030255,76.22757900026045,0.27420500191510655
309,82.96075600082986,1.2445060019672383,80.56728299925453,0.27766799757955596
310,80.92354299878934,1.8613970023579895,77.80547500078683,0.26961199910147116
311,80.33044799958589,1.0348379983042832,78.1395310004882,0.3110009965894278
312,83.37003500128048,1.0148929977731314,80.07961399925989,0.26240899751428515
313,83.20005199857405,1.276283001061529,80.80880199850071,0.26542799969320185
314,87.95140599977458,1.0171339999942575,82.9275329997472,0.26533500204095617
315,83.00473700001021,1.3743950003117789,80.25987399742007,0.33064899980672635
316,86.51856700089411,2.38727000032668,82.61121699979412,0.2656679971551057
317,83.27357199959806,1.689265998720657,79.01790499818162,0.26333500136388466
318,81.07617299901904,1.037931000610115,78.92807199823437,0.2653719966474455
319,82.78799500112655,1.0831889994733501,80.60967100027483,0.26213100136374123
320,81.51136100059375,0.9908749998430721,77.20743500249228,0.2606859998195432
321,80.32098499825224,1.8399709988443647,77.36382499933825,0.2655569987837225
322,91.88575600273907,1.0028190008597448,89.81632200084277,0.26153799990424886
323,79.93366799928481,1.1675980022118893,77.64002999829245,0.26207500195596367
324,82.70095799889532,1.6595439992670435,79.83953800066956,0.33376099963788874
325,80.47578200057615,1.1027090004063211,78.20688399806386,0.2635930031829048
326,78.97392399900127,0.9564120009599719,76.91469300334575,0.2683339989744127
327,83.14347900159191,1.0295969987055287,80.94982100010384,0.29689000075450167
328,91.12499299953924,1.96197100012796,88.06090700090863,0.26335299844504334
329,81.70384299955913,1.0636529987095855,79.47048200003337,0.26672300009522587
330,91.6957920017012,1.0630409997247625,87.26190300149028,0.4313159988669213
331,79.56125999771757,1.1606900006881915,76.66941400020733,0.3723900008480996
332,83.01484800176695,1.1054860005970113,80.7725800004846,0.2672420014278032
333,80.55009699819493,1.2756169999192934,78.08443799876841,0.2689079992705956
334,84.36596500177984,0.9516710015304852,79.14173999961349,0.2932419993157964
335,82.76717999979155,1.057762998243561,80.300225999963,0.3167239992762916
336,80.36696699855383,1.1045409992220812,78.06275300026755,0.286852999124676
337,85.11291300237644,1.1161900001752656,82.80025500062038,0.2743900004134048
338,80.26498499748413,0.9424300005775876,78.18351300011273,0.29570399783551693
339,82.81438400081242,1.0033379985543434,80.62554199932492,0.31552000291412696
340,83.82038900163025,1.8025999997917097,80.53957900119713,0.27277899789623916
341,80.2785589985433,1.6291549982270226,77.47249200110673,0.2727049977693241
342,89.03411400024197,1.0072639997815713,86.91671600172413,0.26983499992638826
343,82.10884399886709,0.8993180017569102,78.61025599777349,0.30126000274321996
344,85.0272829993628,2.542158999858657,81.31956400029594,0.2684819992282428
345,85.4171730024973,1.8114519989467226,82.4785119984881,0.26342799901613034
346,79.74398299847962,0.9714669977256563,77.70860399978119,0.26111199986189604
347,87.83712700096657,0.9459479988436215,84.37781700195046,0.2646309985721018
348,80.61348699993687,1.0712090006563812,78.22481000039261,0.2613159995235037
349,83.46129399797064,1.0803010009112768,81.2430440018943,0.27659399711410515
350,83.98616700287675,1.1925979997613467,79.84729800227797,0.2661680009623524
351,80.19631799834315,1.8031370018434245,77.288601998589,0.2772230000118725
352,86.62719700078014,1.0599859997455496,84.39733599880128,0.2626309978950303
353,81.08861800064915,1.7465259988966864,78.19088399992324,0.27224199948250316
354,85.02615299948957,0.8889290002116468,80.32513299986022,0.3256490017520264
355,85.70217399756075,1.0215229995083064,83.5596840006474,0.26948199956677854
356,79.53374100179644,0.9405409982718993,76.6080069988675,0.2643530024215579
357,98.58450699903187,2.073119998385664,95.38501099814312,0.26970500039169565
358,92.53033200002392,1.0077080005430616,88.56012999967788,0.2931489980255719
359,83.82835200245609,1.0492260007595178,81.51291600006516,0.3966309996030759
360,83.89581499795895,1.0194489987043198,80.24109600228257,0.2728159997786861
361,80.18459500090103,1.0606340001686476,77.98349299991969,0.2909279974119272
362,83.66051800112473,0.9469670003454667,81.59617599812918,0.26257499848725274
363,81.70134299871279,1.76034100149991,78.78540499950759,0.26188999981968664
364,87.74855299998308,0.9514490011497401,85.57182100048522,0.38603900247835554
365,85.36845100024948,1.9796939996012952,81.76943600119557,0.263556998106651
366,82.32904900069116,1.1118570000689942,79.35396299944841,0.3253540016885381
367,84.84266999948886,1.0767079984361771,82.60558700203546,0.2664640014700126
368,82.33323500098777,0.963504000537796,80.2344300027471,0.2645009990374092
369,83.73018400016008,1.0148000001208857,81.52039799824706,0.34226100251544267
370,79.59429699985776,1.0845420001714956,77.34402799906093,0.30981599775259383
371,82.64462499937508,1.076597000064794,80.31170699905488,0.29648200143128633
372,85.90148999792291,3.165771999192657,81.38347099884413,0.2822599999490194
373,81.48954500211403,1.2462459999369457,77.47789899804047,0.3066500030399766
374,84.39970600011293,1.2969500021426938,81.53828699869337,0.4157049988862127
375,83.46509100010735,1.1007829998561647,78.72194199808291,0.29461200028890744
376,79.797686998063,1.0011339982156642,77.66253000227152,0.2652240000315942
377,84.67781800209195,1.6661730005580466,81.50587899945094,0.2693900023587048
378,80.08555799824535,1.4741169979970437,77.53591800064896,0.2616120000311639
379,80.98522900036187,1.037670997902751,78.77314500001376,0.2669449968379922
380,83.66283199939062,2.598363000288373,79.92833599928417,0.3260569974372629
381,84.54881800207659,2.546918000007281,80.86757999990368,0.26561200138530694
382,90.15119299874641,0.9548560010443907,85.82602700334974,0.26522299958742224
383,82.2211779995996,2.191397998103639,78.91029399979743,0.2867420007532928
384,79.81433500026469,0.9675230030552484,77.72782599931816,0.2692420021048747
385,86.72669700172264,1.0294490020896774,84.51983600025414,0.27592699916567653
386,81.46608199967886,1.1143750016344711,79.14709100077744,0.2621300009195693
387,86.60825299739372,1.3061169993306976,84.1487239995331,0.2813159990182612
388,88.7201309997181,3.2506249990547076,84.38216899958206,0.28294599906075746
389,83.32364600209985,1.0114480028278194,81.1339699976088,0.3169650008203462
390,83.94522199887433,1.1797269980888814,80.55257899832213,0.2962420003314037
391,80.0298180001846,1.0535789988352917,77.76021500103525,0.33157500001834705
392,88.49287100019865,0.9950040002877358,86.3779360006447,0.2645389977260493
393,80.857395001658,2.328973001567647,77.411418002157,0.26242699823342264
394,79.8952239965729,1.058559999364661,76.95898900055909,0.27872300051967613
395,81.97165800083894,2.105102001223713,78.62518200272461,0.2848530020855833
396,79.57753799928469,0.9900409968395252,77.30908400117187,0.26520500250626355
397,85.88021200193907,2.504028998373542,82.01553000253625,0.4115390001970809
398,82.30095600083587,0.9751149991643615,78.07243800198194,0.26918599905911833
399,80.03113199811196,1.0519489987927955,77.85810499990475,0.2625379966048058
400,85.36295100202551,1.2582090021169279,82.6024950001738,0.2673900016816333
401,83.36618300018017,1.0484679987712298,81.18608099903213,0.26718699882621877
402,96.11456999846268,1.0404310014564544,91.16425300089759,0.28770499920938164
403,86.57753000079538,1.0895049999817275,84.27933500206564,0.2685750005184673
404,79.63785199899576,1.042133997543715,76.55130300190649,0.2668529996299185
405,82.20977100063465,0.9830219969444443,79.37016600044444,0.2713899993977975
406,83.36560899988399,3.1055869985721074,78.70177400036482,0.2623899999889545
407,85.49426600075094,1.0478379990672693,83.30712699898868,0.26824200176633894
408,82.8078659978928,1.1115050001535565,78.8658680030494,0.29024199830018915
409,81.77226900079404,0.9712259998195805,78.80170100179384,0.2664460007508751
410,83.76288900035433,1.021190000756178,79.8423529995489,0.34750199847621843
411,81.89097300055437,0.9472450001339894,77.86240099812858,0.2727610008150805
412,82.37245599957532,0.9171519996016286,79.69574199887575,0.26472299941815436
413,82.11441900130012,1.0549309990892652,79.89474199712276,0.2672420014278032
414,83.28923799854238,0.9638369992899243,81.260470997222,0.26403800075058825
415,88.80081700044684,1.2183379985799547,86.32543599742348,0.2979830023832619
416,81.56386100017698,1.8829900000127964,78.59749599811039,0.2603720022307243
417,86.78353099821834,1.3744139978371095,84.18124200034072,0.35261200173408724
418,86.37652900142712,1.4392839984793682,80.42411499991431,0.30614899878855795
419,80.23976199910976,1.0976150006172247,77.28086100178189,0.26150099802180193
420,86.61451200168813,2.7360300009604543,82.24673400036409,0.30150100064929575
421,81.54324899805943,2.501658000255702,77.92782699834788,0.2633340009197127
422,82.94525599922054,1.0457999997015577,80.27044800110161,0.2560379980423022
423,80.90750600240426,1.6448219976155087,77.22061999811558,0.2606859998195432
424,82.47064199895249,3.1004940028651617,78.27053200162482,0.2664640014700126
425,87.15262500118115,1.0160229976463597,84.99120800115634,0.2663529994606506
426,83.2479050004622,2.3501579998992383,79.711001002579,0.26411300132167526
427,87.66636699874653,1.1506160008138977,85.4453400024795,0.26364899895270355
428,80.86796900170157,0.9360959993500728,78.81738600190147,0.27127900102641433
429,80.98585900006583,2.1840269982931204,77.64264000070398,0.2792790000967216
430,85.23007899930235,2.128304997313535,81.95495499967365,0.2681119985936675
431,81.65326900052605,1.0224299985566176,79.39327799977036,0.34452000181772746
432,88.24116599862464,0.9755780010891613,83.97377799701644,0.273390000074869
433,81.17817400125205,1.0959310020552948,78.09562400143477,0.2726120001170784
434,82.47584600030677,0.9144850009761285,78.69834799930686,0.33590900056879036
435,84.26231699922937,1.6478030011057854,78.30164400002104,0.32594599906587973
436,80.68272699892987,0.9832450014073402,76.34641299955547,0.2622419997351244
437,87.57420099937008,1.070801001333166,83.75831399825984,0.27351999960956164
438,85.25928300150554,1.043726999341743,83.10238599733566,0.26827900001080707
439,81.0286179985269,0.960225999733666,78.9673129984294,0.26113000058103353
440,83.52972099964973,2.626844001497375,79.7831119998591,0.2695379989745561
441,80.65367200106266,0.9763740017660893,77.52145499762264,0.28663100238190964
442,86.01497199924779,1.0356519997003488,83.78983300281106,0.30027899993001483
443,80.62348599924007,1.0727629996836185,78.43964399944525,0.29792700297548436
444,86.66517800156726,1.0110959992744029,82.82755099935457,0.264316000539111
445,86.35158499964746,0.930059002712369,83.494646998588,0.2640009988681413
446,81.6424160002498,1.0655229998519644,78.77053400079603,0.2642600011313334
447,88.98992900140001,2.5352699994982686,85.36443200137,0.27088999922852963
448,81.10732199929771,1.635914002690697,78.3544769983564,0.26253900068695657
449,79.2437769996468,1.1988570004177745,76.89950799976941,0.26505699861445464
450,83.15064500129665,1.0879119981836993,80.93578399711987,0.2667779990588315
451,80.65913499740418,0.9616150018700864,78.542032999394,0.3147230017930269
452,86.56725200125948,1.0258930014970247,84.39377899776446,0.2938719990197569
453,78.90007199966931,1.017114998830948,76.71048799966229,0.28137100161984563
454,79.02085000023362,1.1501530025270768,76.6807659965707,0.26548299865680747
455,82.0031029979873,0.9863189989118837,79.89455800270662,0.29507599901990034
456,79.20412800012855,1.0696710014599375,76.94665599774453,0.31157499688561074
457,83.95001900134957,1.0891710007854272,81.60560100077419,0.3113349994237069
458,81.78321400191635,1.259171996935038,78.80110900077852,0.26639000134309754
459,82.23097399968538,0.9859120000328403,80.1427260012133,0.2596119993540924
460,89.51881999746547,1.768193000316387,86.31380700171576,0.3606869977375027
461,82.41910500146332,1.9196370012650732,79.34185100020841,0.2647420005814638
462,87.68705400143517,1.076745000318624,85.4305069988186,0.2587409981060773
463,83.67092499975115,2.017841998167569,80.56172700162278,0.2655569987837225
464,79.99692799785407,1.2553939995996188,77.58219600145821,0.2621489984448999
465,83.87055500134011,1.4799870004935656,81.16115500160959,0.2668529996299185
466,80.01763200081768,1.1166350013809279,77.80378899769858,0.26381499992567115
467,78.82742400033749,1.0614489983709063,76.66619199881097,0.26583499857224524
468,83.67905399791198,0.957745000050636,80.75172800090513,0.26496400096220896
469,81.89282600142178,1.4951179982745089,79.28453600106877,0.2633719996083528
470,97.39337099745171,1.031560001138132,94.93786099847057,0.5508729991561268
471,84.62344800136634,1.6804139995656442,81.30648899896187,0.28776000181096606
472,81.86436200048774,1.1466530013422016,79.54753800004255,0.3307979968667496
473,84.23905699964962,1.143633999163285,81.86047300114296,0.3346679986862
474,89.66254299957654,1.0006339980463963,84.86387399898376,0.2655380012583919
475,90.40682300110348,0.9779859974514693,86.62064100280986,0.26459299988346174
476,88.51214899914339,1.302783999562962,85.98061999873607,0.3172050019202288
477,81.26723000168568,1.082356000551954,79.00771999993594,0.2688710010261275
478,84.80531899840571,0.9003919985843822,82.83734799988451,0.26226099726045504
479,82.09730700036744,1.0705229979066644,79.8607799988531,0.310409002850065
480,87.01158799885889,2.1281199988152366,83.77177700094762,0.26483399778953753
481,81.73299100235454,1.1305049993097782,79.48096299878671,0.26838999838219024
482,79.50399999754154,0.9788740026124287,77.37608400202589,0.2975009992951527
483,85.78245200260426,0.9734859995660372,82.31006799906027,0.26957500085700303
484,79.79474300009315,1.0815409987117164,77.57475200196495,0.26755699946079403
485,84.11661199716036,1.2190790002932772,81.6354720009258,0.34261299879290164
486,83.89088900003117,1.7177299996546935,80.74848699834547,0.30825999783701263
487,81.20995200079051,2.7131409988214727,77.40117700086557,0.2640009988681413
488,94.84374900057446,1.0972449999826495,91.85147799871629,0.2702790006878786
489,81.17661899814266,1.7153779990621842,78.29345800200826,0.30744600007892586
490,86.87825300148688,0.9987259982153773,84.05885299725924,0.27064900132245384
491,82.36440100154141,1.0241529998893384,80.20066999961273,0.2895010002248455
492,78.66282999748364,1.2143019994255155,76.29383899984532,0.26583500221022405
493,82.54023500194307,1.088875000277767,80.32148599886568,0.2652790026331786
494,80.54017199901864,1.0574119987722952,78.18680999844219,0.26192699806415476
495,79.45670299886842,1.1233199984417297,77.20667600005982,0.2640750026330352
496,88.10994400118943,1.0164480008825194,85.83182299844339,0.26305699793738313
497,80.47796699975152,0.9604669976397417,78.38442099819076,0.2972599977510981
498,88.37692700035404,2.5194549998559523,84.70657799989567,0.2845570015779231
499,80.73907899961341,1.032819000101881,78.57244000115315,0.2649449997988995
500,81.71530600156984,1.0642269990057684,78.96027599781519,0.2838709988282062
501,85.90539699798683,3.8467939994006883,80.95196900103474,0.2638529986143112
502,81.56326899916166,1.0867269993468653,79.27275900146924,0.35929799923906103
503,92.21181199973216,0.928003999433713,88.40605600198614,0.27831600164063275
504,81.03421100167907,1.6890070000954438,78.11478999792598,0.2667420012585353
505,87.74872000140022,0.9828189977270085,85.60497000144096,0.32188999830395915
506,86.11234199997853,2.2588799984077923,82.62231000117026,0.2704639991861768
507,79.45235199804301,2.008379000471905,76.29474599889363,0.26283400075044483
508,85.11808000184828,1.171801002783468,82.7069400002074,0.2658339981280733
509,81.12085899847443,1.0160599995288067,78.8488120015245,0.261835000856081
510,95.95427200110862,1.0607639997033402,93.81300400127657,0.26659300056053326
511,82.1233079986996,1.86043299981975,79.14742499997374,0.2636120007082354
512,79.92752100108191,1.0761160010588355,77.22886100236792,0.26681600138545036
513,85.69413700024597,1.0213189998466987,83.56999800162157,0.2692420021048747
514,79.35346199883497,1.009151998005109,77.17611999760265,0.26931600223178975
515,81.53549100097734,0.9942259966919664,79.36924000023282,0.26575999800115824
516,93.41298399886,1.8400820008537266,88.66576099899248,0.2640940001583658
517,84.41605800180696,2.8071790002286434,80.5556900013471,0.2655380012583919
518,94.00335700047435,1.0319670000171755,91.84423700207844,0.26383500153315254
519,79.30846299859695,1.0118370009877253,77.11382300112746,0.3142239984299522
520,90.23263799826964,1.1015420022886246,87.90273900012835,0.34913099807454273
521,89.11903999978676,1.0307449992978945,86.38969599996926,0.2638340010889806
522,81.47095300228102,2.4350290004804265,77.95490200078348,0.2653159972396679
523,84.86424500006251,1.0482819998287596,82.68649500314496,0.26203800007351674
524,82.42866100044921,1.2760060017171782,78.74975700178766,0.2735380003286991
525,84.90668900049059,1.060392998624593,82.68234700153698,0.26570500267553143
526,83.66401799867162,2.2821940001449548,80.25722499951371,0.2660940008354373
527,82.42658599920105,1.5739699992991518,79.70951899915235,0.2651489994605072
528,89.58243199958815,2.168138998968061,86.2548990007781,0.28965000092284754
529,80.96958000169252,2.138971998647321,77.69449300030828,0.27596399741014466
530,87.10845799942035,1.1537269965629093,84.5685219974257,0.2949459994852077
531,81.18697100144345,1.079189998563379,78.92929399895365,0.2695379989745561
532,83.4344239992788,1.0813009976118337,80.25920699947164,0.3551130030245986
533,87.83244199730689,1.0115229997609276,85.71539699914865,0.2639640006236732
534,85.39091400234611,1.59565500143799,82.68238399978145,0.26416800028528087
535,84.37844699801644,2.186472000175854,80.92067299730843,0.36733399974764325
536,82.12860400089994,1.0862090020964388,79.90202000291902,0.2651310023793485
537,85.78923000095529,1.007615999697009,81.90795399787021,0.26838999838219024
538,89.08831799999462,2.206156997999642,85.59865499773878,0.26746399817056954
539,79.1371839986823,1.1299869984213728,76.85278600183665,0.27248300102655776
540,83.3619049990375,0.9291520000260789,80.47543000066071,0.2721860000747256
541,81.73639900269336,0.98218999846722,79.57874099884066,0.2582599991001189
542,81.63369400062948,1.0581529968476389,79.37575899995863,0.26207499831798486
543,84.86720799919567,2.0746560003317427,81.64889800173114,0.2608900031191297
544,82.98164499865379,1.1161900001752656,80.7616540005256,0.2595570003904868
545,92.6389990017924,1.01379999978235,90.39874900190625,0.4014269979961682
546,85.80845299729845,1.1164860006829258,83.03327500107116,0.2765749995887745
547,84.36835400061682,0.952410999161657,81.52813800188596,0.29489000007743016
548,87.2114949997922,0.9541330000502057,84.32046500092838,0.3060569979425054
549,91.58875499997521,3.1105679991014767,87.24569900005008,0.32740899769123644
550,92.38168400042923,2.3326020018430427,88.83615000013378,0.26324200007366017
551,80.93258000008063,1.7732119995343965,78.03271699958714,0.26272299874108285
552,79.57640799941146,0.9730229976412375,77.50619600119535,0.27000100089935586
553,87.01634700264549,1.0944489986286499,84.75204099886469,0.2590749973023776
554,80.71252399895457,1.1584860003495123,78.41538499997114,0.2658159974089358
555,85.89567499802797,1.0401340005046222,83.7839449995954,0.25542699950165115
556,83.34799800286419,0.9665040015534032,81.22148899929016,0.3681680027511902
557,81.46274899991113,1.014559999021003,79.30757400026778,0.2616869969642721
558,84.3447240004025,1.0840789982466958,82.08638199721463,0.2577049999672454
559,80.71880199713632,0.9764300011738669,78.62406999993254,0.2680200013855938
560,79.00479400268523,0.9965419994841795,76.85048900020774,0.3129270007775631
561,87.36827399843605,4.069516999152256,81.57654600290698,0.26661299853003584
562,81.44126800107188,1.2257830021553673,78.9457200007746,0.311482999677537
563,89.87115499985521,1.1226159986108541,84.65372499995283,0.3525200008880347
564,80.84800600045128,1.04311500035692,78.68970100025763,0.26153799990424886
565,80.97465399987414,1.0841709990927484,78.75933000104851,0.2661680009623524
566,82.23732699843822,0.9552449992042966,80.17037299941876,0.26963000345858745
567,80.17855800062534,1.2836719979532063,77.76919599928078,0.2650009992066771
568,81.29936000113958,1.052114999765763,79.08599900110858,0.28055700022378005
569,81.28859999851556,1.0614109996822663,79.10560899836128,0.2701310004340485
570,79.80222400146886,1.0655599980964325,77.57293700342416,0.26498200168134645
571,82.74421799796983,1.0516159964026883,80.63083799788728,0.2601119995233603
572,80.54683700174792,1.154801000666339,78.17942099791253,0.26876100309891626
573,79.14025799982483,1.0256339992338326,76.91563700063853,0.3143719986837823
574,83.98576000035973,1.9907669993699528,80.87009799783118,0.26831499781110324
575,80.16683700043359,1.089948997105239,77.94401199862477,0.32318700323230587
576,91.68190299897105,4.228499998134794,86.32289899833268,0.2674450006452389
577,88.58959400095046,1.0361900021962356,86.43706700240728,0.2867980001610704
578,96.06171799896401,1.1151159997098148,93.77313400182175,0.2688349995878525
579,82.1652329977951,2.067970999632962,78.95499799997197,0.27240800045547076
580,83.14738600165583,1.046096997015411,79.20822199957911,0.32172400096897036
581,89.07302200168488,1.8111919998773374,86.06358399993042,0.3525569991325028
582,83.28197899754741,0.9914859983837232,80.31685500100139,0.26218600032734685
583,84.39731700127595,1.0568560028332286,82.21310400040238,0.2820009976858273
584,80.62909799991758,0.9608370019122958,78.57633000094211,0.2623899999889545
585,80.02044699969701,1.0943929992208723,77.809010999772,0.26057500144816004
586,84.56352099892683,1.1718570021912456,80.98293300281512,0.26557499950286
587,80.09248400048818,0.9873000017250888,78.01701300195418,0.26550099937594496
588,79.0091279995977,1.0855600012291688,76.73032099773991,0.31957600003806874
589,82.88384800107451,1.3345429979381151,80.25344799898448,0.3022599994437769
590,82.60230900123133,1.0566720011411235,80.43398600057117,0.311482999677537
591,84.64113299851306,2.7426220003690105,80.4911160012125,0.5066690027888399
592,81.56713900098111,1.4519870019285008,78.49197700124932,0.2699819997360464
593,89.85311799915507,1.035227000102168,86.80571600052644,0.2862979999918025
594,85.46269100042991,1.1979129994870164,81.38993399916217,0.2649830021255184
595,82.79762600068352,1.0015780026151333,80.69394899939653,0.27161199977854267
596,83.92364799874485,1.1288940004305914,81.52349000010872,0.27194599897484295
597,80.80735800103866,1.095966999855591,77.74825300293742,0.2665570027602371
598,81.37332299884292,1.7639519974181894,78.41227300013998,0.3363169998920057
599,81.71647199924337,0.9710779995657504,79.62207499804208,0.2663160012161825
600,78.77371900030994,1.037856000039028,76.59309900191147,0.29640900174854323
601,82.13480799895478,1.1642829995253123,79.77187100186711,0.3132430028927047
602,80.68706100311829,1.2975050012755673,78.1754390009155,0.2585379988886416
603,80.18848400024581,1.0180050012422726,78.04649399986374,0.2698720018088352
604,84.00701999926241,1.1216150014661252,81.73776900002849,0.2657229997566901
605,85.68259999810834,1.0095219986396842,83.57099799832213,0.2667420012585353
606,87.3527740004647,1.0136900018551387,85.21000599648687,0.2874080018955283
607,95.03506500186631,2.5454919996263925,91.1096780000662,0.2665939973667264
608,82.01362199906725,1.2188379987492226,79.63703800123767,0.2643529987835791
609,82.78027299820678,1.0948749986710027,80.48059700013255,0.26324200007366017
610,82.57536500241258,2.78508599876659,78.61781099927612,0.33274199813604355
611,83.07397899989155,1.0143750005227048,80.93676499993308,0.2667419976205565
612,82.16093699957128,1.0588190016278531,79.96068700231262,0.26800099658430554
613,81.92704699831665,1.033855998684885,79.74846399883972,0.2847050018317532
614,83.42988699951093,0.9889670000120532,81.26724800240481,0.33605700082262047
615,80.85876600307529,1.8285259975527879,77.82401100121206,0.32663100137142465
616,81.94686199931311,1.0437259988975711,79.64453800013871,0.33640900073805824
617,82.3850679989846,1.4565429992217105,78.34736600125325,0.3413909980736207
618,80.91683900056523,2.6454740000190213,77.12874899880262,0.27092700111097656
619,89.05830000003334,1.0613749982439913,86.87223499873653,0.2672789996722713
620,80.10268799989717,1.3075799979560543,77.50212099927012,0.2665190004336182
621,84.3880389984406,0.9438740016776137,81.4165640003921,0.2980760000355076
622,93.95454300101846,2.6982329982274678,89.69622899894603,0.26737100051832385
623,82.20254800107796,1.0214670001005288,80.07092800107785,0.264204998529749
624,86.25347300039721,1.554894999571843,83.56629600166343,0.28659300005529076
625,82.97284799846238,1.016005000565201,79.2732949994388,0.28705700242426246
626,90.96312299880083,1.1895600000570994,86.2410279987671,0.27089000286650844
627,80.84602400049334,1.1147820005135145,78.52040400030091,0.32359399847337045
628,83.18233099998906,1.0163750011997763,80.03622500109486,0.4155020033067558
629,86.30273200105876,1.3802280009258538,83.1783670000732,0.2584650028438773
630,82.6890509997611,0.9975229986594059,80.57780099989031,0.2754640008788556
631,93.28113200172083,0.9263559986720793,89.21600399844465,0.2684460014279466
632,81.5651019984216,1.0575230007816572,79.35779599938542,0.26537099984125234
633,81.33804500175756,1.5778209999552928,78.60184799937997,0.26492700271774083
634,84.19720500023686,0.9775970029295422,82.11673299956601,0.2679270000953693
635,82.76125399788725,1.0237630012852605,80.5959859972063,0.2708159991016146
636,87.06153200182598,1.0794859990710393,84.82542999990983,0.26838999838219024
637,81.74497299842187,2.067637997242855,78.53286699901219,0.29018699933658354
638,81.51148999968427,0.9641519973229151,76.61054299751413,0.26663099924917333
639,85.77215599871124,1.5745809978398029,83.05153400215204,0.26383500153315254
640,82.4921430030372,1.758858998073265,79.58181600042735,0.26124199939658865
641,84.07718599846703,1.2929310032632202,81.65834299870767,0.2635199998621829
642,82.77743999860832,1.049485999828903,80.13359600226977,0.3531680013111327
643,80.53609700073139,1.0570410013315268,78.36567999765975,0.2630929993756581
644,88.79129900014959,1.3623569975607097,86.3138800013985,0.26474099649931304
645,80.8376720015076,1.1427829995227512,78.57762599815032,0.2646309985721018
646,84.37122399845975,1.7355810014123563,81.48113899733289,0.2812230013660155
647,81.53519400002551,1.0876340020331554,79.24296200144454,0.30587100263801403
648,85.33965500100749,1.12124500083155,83.04788600071333,0.2888160015572794
649,82.32254899849067,1.069042002200149,80.11985499979346,0.2651129980222322
650,82.30919700145023,0.9909670006891247,80.21963300052448,0.27161199977854267
651,89.35509699949762,1.0465779996593483,86.88062399960472,0.4377980003482662
652,85.12193199931062,0.9971899999072775,80.7087089997367,0.26418599736643955
653,80.91602400236297,1.2461350015655626,78.50201499968534,0.2782970004773233
654,82.85412599798292,1.0427259985590354,80.68806099981884,0.26633399829734117
655,81.57523100089747,2.132027999323327,78.29695799955516,0.2647970031830482
656,82.95147799799452,2.3824919990147464,79.43707399681443,0.2584269968792796
657,80.69263500146917,1.1614870018092915,78.40671799931442,0.26600099954521284
658,79.66275999933714,0.9803009997995105,77.61404800112359,0.26385300225229
659,87.24421800070559,2.2043429999030195,83.93483399777324,0.2593710014480166
660,81.94023200121592,1.2338199994701426,79.54199999949196,0.2647969995450694
661,86.20619499924942,1.0652259989001323,83.9819639986672,0.26429699937580153
662,81.16302599955816,0.9917080024024472,79.10231300047599,0.2644460000738036
663,83.78505500149913,2.391879999777302,80.21431800079881,0.27113100077258423
664,86.68041999771958,1.1279489990556613,84.3782249976357,0.2635750024637673
665,78.58838500033016,1.8256750008731615,75.64474299942958,0.26583499857224524
666,90.09011899979669,0.9829489972617012,87.8970349986048,0.33170499955303967
667,82.96345900089364,2.746640999248484,78.96620199971949,0.26839000202016905
668,80.94593200075906,1.3871720002498478,78.232735999336,0.2677229967957828
669,84.0760009996302,1.0323739988962188,81.87954800087027,0.264204998529749
670,78.83288700031699,0.9728930017445236,76.77991399759776,0.26568699831841514
671,80.24852100061253,1.7738960013957694,77.35613899785676,0.2630380004120525
672,84.96474599814974,0.945466999837663,80.39272599853575,0.2683530001377221
673,79.37305499945069,1.0306709991709795,77.21684300122433,0.2632610012369696
674,83.51203600250301,1.1297639975964557,81.2425819967757,0.2631489987834357
675,81.4527119982813,1.747951999277575,78.55612600178574,0.31098300314624794
676,82.18647399917245,0.9659850002208259,79.98444699842366,0.38951999886194244
677,93.09044700057711,1.0440420010127127,90.58688000004622,0.26764899666886777
678,90.08015500148758,0.9561890001350548,86.3230469985865,0.29862999872420914
679,87.17201399849728,1.3473760009219404,84.6570409994456,0.28426100107026286
680,82.72466199923656,1.028132999636,80.61552399885841,0.2685760009626392
681,79.11342500301544,1.0419120008009486,76.93056400239584,0.3151499986415729
682,85.06455999668106,1.932267001393484,79.13818400265882,0.26557599994703196
683,84.91113499985659,1.0243189972243272,82.80101499985904,0.26824199812836014
684,88.68650100339437,1.0692089999793097,86.49747399977059,0.26948199956677854
685,78.94579499770771,0.9634859998186585,76.84172999870498,0.26055700072902255
686,87.83290499923169,2.994939000927843,83.7226660005399,0.26801899730344303
687,80.18483700288925,0.977003997832071,77.38602800236549,0.26164900191361085
688,82.59441999689443,1.1014859992428683,80.36589300172636,0.26476100174477324
689,82.51193900287035,0.9516520003671758,80.44561499991687,0.26429699937580153
690,81.17811899865046,2.188768001360586,77.69682599973748,0.26833499941858463
691,86.52162200087332,2.022361000854289,83.38666400231887,0.2635199998621829
692,82.71714299917221,1.1992090003332123,80.4206159991736,0.2659639976627659
693,86.20660299857263,2.0248239998181816,83.03192200037302,0.27081500229542144
694,84.66337299978477,1.0349299991503358,82.52156899834517,0.26470499869901687
695,82.70449600240681,1.0363189976487774,80.54422699933639,0.266222999925958
696,82.8699220000999,1.0192449990427122,80.53507899967371,0.3442050001467578
697,84.03927799736266,1.026077999995323,81.00400699913735,0.3354090003995225
698,82.86125500308117,1.0048559997812845,80.71143199776998,0.28535300225485116
699,91.33991999988211,1.2443009982234798,88.95202200073982,0.2816870000970084
700,85.09463500013226,1.6952299993135966,81.52823099953821,0.2727050014073029
701,80.94072899984894,1.8329710001125932,78.0576610013668,0.2613890028442256
702,85.62969299964607,1.1630599983618595,82.7557730008266,0.31127900001592934
703,83.07919999788282,1.1036350006179418,80.64817099875654,0.30138999863993376
704,86.35123299973202,1.1118750007881317,84.01246400171658,0.2659269994182978
705,80.43293000082485,1.0207630002696533,76.90861899754964,0.2710759981709998
706,80.53265299895429,0.9856150027189869,78.46120000249357,0.26879699726123363
707,88.8945020014944,0.9900590011966415,85.2498200001719,0.2831679994415026
708,81.7747139990388,0.9597259995643981,79.72362999862526,0.27157499789609574
709,88.71313100098632,1.1273199997958727,86.40199300134555,0.2657229997566901
710,81.32817500154488,1.0188560008828063,79.2494249981246,0.2621490020828787
711,84.9321339992457,1.8213410003227182,81.84930700008408,0.4085750006197486
712,82.6943840002059,1.020929998048814,80.63019099790836,0.26340800104662776
713,79.99448400005349,1.1529490002430975,77.66488099878188,0.2744090015767142
714,84.46385400020517,1.0304489987902343,82.23962299962295,0.3648169986263383
715,80.91504399999394,1.0059119995275978,76.29835700208787,0.3045939993171487
716,78.50429199970677,1.1590229987632483,76.27435800168314,0.2642050021677278
717,87.82342400081689,1.4252290020522196,85.08267200159025,0.2696490009839181
718,80.57372699840926,2.2223420019145124,77.27295400036382,0.26150099802180193
719,88.08807300010812,1.8364890020166058,84.97967099901871,0.30520499785779975
720,80.60639399991487,1.021689000481274,78.42140299908351,0.30716800029040314
721,82.25532700089389,1.75382299858029,79.33805499851587,0.30877900280756876
722,83.75399999931687,2.914716002123896,79.69781499923556,0.28959399787709117
723,82.66806900064694,2.025378998951055,79.44164799846476,0.29733500196016394
724,94.14133899917942,1.0278370027663186,90.2165449988388,0.28629699954763055
725,85.20096899883356,1.217985998664517,82.84029199785437,0.2896490004786756
726,83.35672000248451,1.0098189995915163,81.18572899911669,0.27690799834090285
727,82.43997599856812,1.0096339974552393,80.28137400106061,0.2659820020198822
728,79.85435299997334,1.0177080002904404,77.77849299964146,0.26692699975683354
729,86.51988199926564,1.0593010010779835,84.32892799828551,0.29440800062729977
730,81.26161800100817,0.99476300238166,79.16172199838911,0.26201999935437925
731,81.66862099824357,1.0692079995351378,79.4855189997179,0.26790800257003866
732,84.02055600163294,1.0125969965883996,81.93673300047521,0.26600099954521284
733,82.02176999839139,1.4078389976930339,78.92797900058213,0.2904090033553075
734,80.3983750010957,1.0339489999751095,78.23540199751733,0.2801310001814272
735,82.37488200029475,1.1830610019387677,80.00140899821417,0.2655569987837225
736,97.07188899847097,1.1171900005138014,94.63013799904729,0.3221680017304607
737,93.21007700054906,1.8113409969373606,89.61650600031135,0.26427900229464285
738,85.45750600023894,1.0051710014522541,83.37185000345926,0.26350100233685225
739,87.22431100250105,3.1597359993611462,82.95612599977176,0.26629700005287305
740,83.61805399908917,1.7804520030040294,79.73383499847841,0.26611300199874677
741,83.75985200109426,1.4298950009106193,81.00074699905235,0.32159400143427774
742,87.29619999940041,1.0453930008225143,85.1294690000941,0.2685750005184673
743,80.34687399776885,1.0230599982605781,78.10727200194378,0.3656310000224039
744,85.83304500280065,1.212226998177357,81.5766750019975,0.26751900077215396
745,80.41044899800909,1.020966999931261,78.15753199975006,0.2995569993800018
746,80.551060000289,0.9913190006045625,78.30990200091037,0.26150100165978074
747,84.64703999925405,1.6931549980654381,81.79223199840635,0.26444499962963164
748,83.89400099986233,1.7453770014981274,80.01698399675661,0.26879700089921243
749,87.843535002321,1.0567449971858878,85.5683029985812,0.2853719997801818
750,85.51085900035105,1.1766530005843379,83.17053399878205,0.2830199991876725
751,86.85899399642949,3.1174010000540875,82.6061240004492,0.29620499844895676
752,87.6300900017668,1.9917680001526605,84.507855000993,0.2839270018739626
753,87.04154999941238,1.240633999259444,84.4835210009478,0.3080749993387144
754,86.85412400154746,1.6061919995991047,84.09709399711573,0.2878539999073837
755,82.57106900055078,1.025115001539234,80.41583700105548,0.28179700166219845
756,81.76189799996791,2.7431970011093654,77.75917799881427,0.2589269970485475
757,84.07800100030727,1.0433749994263053,81.88312100173789,0.2605199988465756
758,78.8770539984398,1.0607080002955627,76.63796899942099,0.26416800028528087
759,83.99064799959888,3.5687740019056946,79.32299899766804,0.257334002526477
760,82.8460519987857,2.019433999521425,78.86944200072321,0.2628900001582224
761,79.935113000829,1.2688390015682671,77.3365470013232,0.35800200203084387
762,88.22383300139336,1.0451889975229278,86.07726800255477,0.27831599800265394
763,81.0213400000066,1.9901749983546324,77.55795499906526,0.26842700026463717
764,80.74191299965605,1.4254320012696553,78.18890200360329,0.26468600117368624
765,84.49237300010282,1.0860049987968523,82.23782699860749,0.2630929993756581
766,81.88473300106125,1.9390630004636478,78.68342300207587,0.281667998933699
767,84.465353997075,2.1951950002403464,81.12158099902445,0.30438999965554103
768,82.26069699958316,1.1870230009662919,79.6056299986958,0.2632229989103507
769,79.48268600011943,1.0567079989414196,77.27115699890419,0.27514899920788594
770,83.33744199990178,2.194878998125205,80.01468799920985,0.2652420007507317
771,83.34931300123571,3.4576250000100117,78.72944200062193,0.26188999981968664
772,85.91765600067447,1.0431519986013882,83.57685000009951,0.42722400030470453
773,83.2607199990889,1.1628570027824026,80.94835900192265,0.2662600018084049
774,79.65102000162005,1.0683199980121572,77.41297299799044,0.26868600252782926
775,89.54430099765887,3.6004409994347952,84.8643749995972,0.2596680023998488
776,82.0984000019962,2.5592880010663066,78.41690300119808,0.26666800113162026
777,83.74529600041569,1.0454850016685668,81.40706400081399,0.42807499994523823
778,83.57405499918968,1.067597000655951,81.32163699701778,0.27109300208394416
779,80.23922500069602,1.167949001683155,77.96716099983314,0.2641120008775033
780,87.95246199952089,1.2242829980095848,85.60856300027808,0.2635570017446298
781,81.01065499795368,1.1112639986095019,78.74134899975616,0.26777799939736724
782,88.84518700142507,1.048560003255261,86.41630700003589,0.4259650013409555
783,85.22133999940706,1.0564859985606745,79.48646299701068,0.3385199997865129
784,79.0643309992447,1.0196889998042025,76.94204499784973,0.2793710009427741
785,84.19215000321856,0.9934849986166228,80.10800199917867,0.2556869985710364
786,81.4171379970503,2.560010998422513,77.72152899997309,0.2677609991224017
787,84.70446700084722,0.9498920007899869,82.65206899886834,0.2654819982126355
788,83.54442400013795,1.1313009999867063,78.05303100030869,0.26350099869887345
789,80.21179999923334,2.3173980007413775,76.76293300028192,0.2645379972818773
790,84.66337400022894,1.0367819995735772,82.4894020006468,0.2602790009404998
791,81.95119499941939,3.709773998707533,77.15213899791706,0.2683530001377221
792,81.14552600090974,0.9927819992299192,78.99051700223936,0.3407419972063508
793,83.65144400158897,1.0788370018417481,81.41452699783258,0.26613099907990545
794,82.37747499879333,1.1437640023359563,80.0797620031517,0.2877790029742755
795,94.57422999912524,0.9622260004107375,92.50970300126937,0.2827040007105097
796,82.45251300104428,1.7133959991042502,79.61918599903584,0.27777899958891794
797,86.02389799852972,1.0022259994002525,83.93788899775245,0.2714460024435539
798,86.69501199983642,1.1564859996724408,84.11192700077663,0.2679639983398374
799,80.842487001064,0.9456889965804294,78.02803199956543,0.2619090009829961
800,86.13389899983304,1.2507459978223778,83.39823899950716,0.3341859992360696
801,81.94088100208319,0.9665409997978713,78.04132800083607,0.26320499819121324
802,80.30050299930735,1.5343949999078177,77.68190000206232,0.26351899941801094
803,86.14834299805807,1.3482470021699555,83.74092600206495,0.2703339996514842
804,84.97235700269812,1.096616000722861,82.68319899798371,0.2793710009427741
805,87.52779299902613,1.019170998915797,85.42845099873375,0.267668001470156
806,83.50436899854685,1.0600229979900178,81.32365599885816,0.28800099971704185
807,82.42871699985699,0.9963750017050188,80.23955899989232,0.3651869992609136
808,84.85168900006101,1.9584520014177542,81.68421299706097,0.30450199847109616
809,81.54993500284036,1.1736169981304556,79.21422100116615,0.2633160002005752
810,82.13271499698749,1.0970600014843512,79.9051869980758,0.30559399965568446
811,92.47683200010215,0.9628740008338355,87.54875600061496,0.34368699925835244
812,81.35437900273246,1.7674329974397551,78.42303299912601,0.2711870001803618
813,83.9909259993874,0.9587999993527774,81.9638249995478,0.26833500305656344
814,79.79124299890827,1.0252079991914798,77.68504799969378,0.2814639992720913
815,81.05402499859338,1.2580610018630978,78.57719999810797,0.2630749986565206
816,84.73666999998386,1.2131529983889777,82.38082699972438,0.26755699946079403
817,81.83502900283202,1.2129679998906795,79.49433400062844,0.28826000198023394
818,85.28920999742695,1.0737449993030168,83.03514399813139,0.28174200269859284
819,84.17907500188448,1.0946520014840644,81.98513999741408,0.2979459968628362
820,80.10585499869194,1.1065969993069302,77.24980599959963,0.2675559990166221
821,81.6619540019019,1.156096997874556,79.3791850010166,0.2715009977691807
822,81.7154539981857,1.0266890021739528,79.59813099660096,0.2646489992912393
823,86.41378800166422,1.0233559987682384,83.12534899960156,0.3364650001458358
824,82.00941899849568,1.0479310003574938,79.80400100132101,0.2672970003914088
825,82.11271500113071,1.168561000667978,79.76389000032214,0.2610570008982904
826,94.44559999974445,0.9775600010470953,90.98427099888795,0.2646309985721018
827,79.36009200057015,0.9699300026113633,77.19454600010067,0.3078170011576731
828,82.48012399781146,1.0692819996620528,80.27872599996044,0.27901900102733634
829,79.9890950002009,1.725951999105746,76.46306199967512,0.263131001702277
830,80.62370900006499,1.2992839983780868,78.06847599931643,0.2600940024422016
831,86.0056750025251,0.9687450001365505,83.94113000031211,0.26416800028528087
832,79.47416699971654,1.0255969973513857,77.24689799943008,0.32663099773344584
833,82.1194749987626,1.0356160019000527,79.87648299967987,0.2634640004544053
834,81.66000900018844,1.0502449986233842,79.47259299908183,0.2691869995032903
835,79.50649999838788,0.9760040011315141,77.35175099878688,0.25987200206145644
836,83.15418300117017,1.0536890004004817,81.03939500142587,0.26544600041233934
837,81.60037899870076,0.9350589971290901,77.9481970021152,0.2839270018739626
838,89.59343199967407,1.1513559984450694,87.18747700186213,0.26666800113162026
839,85.69791500121937,2.59152899889159,82.04971499799285,0.26757599698612466
840,79.80463100102497,1.026227000693325,77.68853000015952,0.26229699869873
841,94.76680499938084,1.075151998520596,92.47266600141302,0.34355699972365983
842,81.63419500124292,1.9072489994869102,78.52942299723509,0.26653800159692764
843,89.2583189997822,1.1705600009008776,86.89864299958572,0.3555389994289726
844,84.4652989981114,0.9493370016571134,82.36762300293776,0.3197049991285894
845,81.57547200244153,0.958207998337457,78.77021899912506,0.2892239972425159
846,89.29031899970141,1.0883939976338297,86.99899500061292,0.3318350027257111
847,79.95190899964655,0.9856709984887857,77.82579000195256,0.2676130025065504
848,83.5999989976699,1.7404519967385568,80.654412999138,0.26374200024292804
849,80.65704300315701,1.0835790017154068,78.4049590001814,0.26585299929138273
850,81.3833229985903,1.1098930008301977,79.0577760017186,0.26890899971476756
851,87.74988599907374,0.9659299976192415,85.714786000608,0.2617049976834096
852,80.72845000060624,1.0185409992118366,78.5796259988274,0.2747789985733107
853,81.49686099932296,1.0879859983106144,79.23094300349476,0.2851490025932435
854,87.50355200027116,1.227208998898277,84.60789200034924,0.27072400189354084
855,84.89606000148342,0.9700959999463521,82.83603300151299,0.26498199804336764
856,83.27344200006337,1.015819998428924,81.06978499927209,0.2630929993756581
857,80.32267099770252,1.1388010025257245,78.048753002804,0.2679450008145068
858,79.50809300018591,1.0782999997900333,77.28234299793257,0.30629699904238805
859,84.78089300115244,1.0737269985838793,82.51714200014248,0.2648900008352939
860,79.75370499843848,1.2546350008051377,77.16219499707222,0.26676100242184475
861,87.17406900177593,1.1191720004717354,84.25040899965097,0.34872399919549935
862,81.211896998866,0.9683559983386658,78.31790199998068,0.3002420016855467
863,78.69947799918009,0.9824480002862401,76.62176600206294,0.2575010003056377
864,96.12073700191104,1.0310779980500229,94.03848699730588,0.2591119991848245
865,82.16101099969819,1.7878969993034843,79.28544400056126,0.26014999821200036
866,94.63874900029623,1.819136999984039,91.75834800043958,0.26807600079337135
867,85.6487119999656,1.0432640010549221,83.5947590021533,0.2625010019983165
868,87.3693479989015,1.0187999978370499,85.28224599649548,0.290853000478819
869,83.01158900212613,1.2308939985814504,80.65341300243745,0.26218600032734685
870,86.50471500004642,1.0894299994106404,84.34613200006424,0.25450099929003045
871,84.19683499960229,0.9455409999645781,82.21315899936599,0.26090800020028837
872,80.63407900044695,1.7789710000215564,77.79686299909372,0.2566859984654002
873,85.45596899784869,1.8749699993350077,82.51142100198194,0.2545379975344986
874,82.09238199924584,1.0505410027690232,79.90574200084666,0.25987199842347763
875,81.29287800329621,0.9532629992463626,79.23975800076732,0.30335300107253715
876,88.2800369981851,1.0484669983270578,86.06204600073397,0.2642229992488865
877,80.1332260016352,1.6812659996503498,77.30984299996635,0.2629269984026905
878,82.64317999783088,1.0666529997251928,78.59975600149482,0.3564649996405933
879,86.57614100229694,1.1023939987353515,84.31511299932026,0.28055700022378005
880,81.53660099924309,1.1014859992428683,79.27714800098329,0.2659269994182978
881,85.05122799761011,1.0881339985644445,82.81286599958548,0.3007609993801452
882,82.79275500171934,1.0223930003121495,80.61015299972496,0.3012609995494131
883,83.62872100042296,1.152504002675414,81.3268040001276,0.2667049993760884
884,88.36653699836461,1.1206899980606977,85.84067500123638,0.47670600179117173
885,81.46010199925513,1.7794880004657898,78.00929000222823,0.26583499857224524
886,82.16195600107312,0.962281999818515,80.05966999917291,0.2663350023794919
887,81.1418400007824,1.107411997509189,78.89368300311617,0.2829830009432044
888,81.98912200168706,1.1247450020164251,79.63526000094134,0.2640009988681413
889,80.3500959991652,1.0604849994706456,78.12166100120521,0.2652420007507317
890,80.01691000026767,2.0594160014297813,76.87347099999897,0.26155600062338635
891,82.70143999834545,2.120935001585167,79.44679600041127,0.2921310006058775
892,78.58720000149333,1.0705780005082488,76.39420900159166,0.26285300191375427
893,81.11872999870684,1.313764998485567,78.35225499729859,0.28722299975925125
894,84.71311399989645,0.9940409981936682,82.58640200074296,0.26600100318319164
895,79.2449629989278,1.8832669993571471,76.23639399753301,0.26272300237906165
896,99.48951000114903,1.2583579991769511,96.90820300238556,0.2638520018081181
897,80.72857899969677,1.1041159996239003,78.42486600202392,0.2639640006236732
898,87.27632999944035,1.0473930014995858,84.99678299995139,0.40833499951986596
899,85.85350800058222,1.143282999692019,83.48140599991893,0.30033399889362045
900,80.73783900181297,0.9718750006868504,76.41230300214374,0.26761200206237845
901,88.35694499794045,0.9431149992451537,84.93437500146683,0.32040900259744376
902,79.63218599979882,1.2148019995947834,77.23376800277038,0.26246400011586957
903,85.68430400191573,1.0657450002327096,82.04839999962132,0.2693530004762579
904,81.13896999930148,1.8033589985861909,78.00725400011288,0.32676100090611726
905,79.88716899853898,1.137375998951029,77.58936199752497,0.27976100318483077
906,85.21315400139429,1.0066530012409203,83.15081200271379,0.26657499984139577
907,81.73167600034503,1.0009299985540565,79.62464899901533,0.2716310009418521
908,79.21855499807862,1.0247079990222119,77.0615090004867,0.2685390027181711
909,83.9147220031009,1.0873000028368551,81.71343499998329,0.26833499941858463
910,79.27081399975577,1.0389300005044788,77.16056399658555,0.26564899962977506
911,97.0225559976825,1.444820998585783,94.3953589994635,0.26164900191361085
912,83.7453509993793,1.252987000043504,81.07471100083785,0.3040190022147726
913,81.37713800169877,1.1861720013257582,78.89542400153005,0.3233899988117628
914,87.737850000849,1.1418569993111305,85.4655629991612,0.26427900229464285
915,80.08141000027535,1.002929999231128,77.96756799871218,0.2721679993555881
916,83.56860999992932,1.3619319979625288,80.92969199788058,0.34818700078176335
917,82.19412299877149,1.746267000271473,78.47945899993647,0.26750100005301647
918,80.5769299986423,1.9553229976736475,77.55245499720331,0.26503899789531715
919,83.9307970018126,1.2513750007201452,81.57182400100282,0.2660749996721279
920,80.50089400057914,1.0730040012276731,78.30773600289831,0.26374200024292804
921,82.42134600004647,1.1030780005967245,80.1295029996254,0.26744600108941086
922,81.27767399855657,1.083762999769533,78.97807200060925,0.32794600338093005
923,79.68950099893846,0.9993749990826473,77.59215900296113,0.2657980003277771
924,87.45405200170353,1.0408380003354978,85.29713600000832,0.263592999544926
925,80.98422900002333,1.6120250002131797,78.23588400060544,0.26402000003145076
926,89.15924499888206,1.0703929983719718,86.97169800143456,0.26281600003130734
927,83.98392600065563,2.501158000086434,80.34578200022224,0.2618530015752185
928,84.07059399905847,1.7848220013547689,81.16413700190606,0.2614639997773338
929,86.95717999944463,2.433916997688357,83.40177600257448,0.27040799977839924
930,83.02916300090146,1.265801998670213,80.56272700196132,0.27390900140744634
931,83.19357100117486,1.1079300020355731,80.90972900026827,0.2833899998222478
932,83.85872299913899,2.403899001365062,80.20959600253263,0.34214900006190874
933,84.15563100061263,3.445754999120254,79.49142600045889,0.30346399944392033
934,83.81536999877426,1.6817469986563083,80.94002500001807,0.28135300090070814
935,83.06118200198398,3.5570340005506296,78.34405099856667,0.3071489991270937
936,79.28555499893264,1.1316710006212816,76.99208200210705,0.2668350025487598
937,83.68562900068355,1.8742669999483041,80.23743000012473,0.266222999925958
938,81.59691599939833,1.5686369988543447,78.88738600013312,0.2851679964805953
939,90.47982500123908,2.321157997357659,87.06771699871751,0.2680200013855938
940,85.65346999967005,1.0918570005742367,83.38233199901879,0.29246400299598463
941,88.45400099744438,0.9595219999027904,85.01272800276638,0.2857789986592252
942,83.86740800051484,1.7441919990233146,80.89080300123896,0.275111997325439
943,86.38806599992677,0.9496710008534137,84.34605799993733,0.26866799817071296
944,92.34327600279357,2.269750999403186,88.95389100143802,0.26372400316176936
945,79.10072099912213,1.0815790010383353,76.86989699868718,0.26720499954535626
946,79.61366800009273,1.1078190000262111,77.39454700276838,0.27196399969398044
947,82.82790299927001,0.9638179981266148,80.75644999917131,0.2720019983826205
948,79.51844499984873,1.0180229983234312,77.32476900127949,0.29035300030955113
949,82.96131099996273,1.067523000529036,80.69513500231551,0.26509400049690157
950,80.79091300169239,1.0347819988965057,78.60970000183443,0.28385300174704753
951,82.67927299675648,0.9870970025076531,80.56220800062874,0.2697969975997694
952,83.25527500346652,1.0458000033395365,80.59456000046339,0.2668720007932279
953,82.46597599645611,1.301561002037488,80.01148400217062,0.2779079986794386
954,85.51778500259388,0.9662259981269017,81.86108399968361,0.2675200012163259
955,85.58513699972536,1.0060970016638748,83.49640600135899,0.2655569987837225
956,82.7382729985402,1.0137820027011912,80.54545000049984,0.28720500267809257
957,88.88887300054193,1.9858599989674985,85.732655999891,0.2855200000340119
958,83.10831199923996,2.710159998969175,79.21125800203299,0.26100099785253406
959,85.6708780011104,0.9998189998441376,83.44653500171262,0.3564830003597308
960,85.76352700038115,1.3161540009605233,80.60050499989302,0.2636130011524074
961,80.90933899802621,1.034690001688432,78.72986800066428,0.31853899781708606
962,87.18801500072004,5.434504000731977,80.65806100057671,0.26605600214679725
963,80.47896700009005,0.9796150006877724,78.42881100077648,0.26587199681671336
964,82.99384800193366,1.207912002428202,80.40678199904505,0.44496499685919844
965,82.33878999817534,1.7564330009918194,78.995590996783,0.2812229977280367
966,80.94109900048352,0.9657809969212394,77.8225489993929,0.32229700082098134
967,82.40101300179958,0.999800002318807,80.2684299997054,0.2685010003915522
968,80.24144799856003,0.9998929999710526,78.09069799986901,0.26696399800130166
969,82.88886599984835,1.1111709973192774,80.52469000176643,0.3101680013060104
970,81.84073300071759,1.5825989976292476,78.95120100147324,0.30361199969775043
971,104.88682899813284,2.805475000059232,100.80101599669433,0.2643709995027166
972,88.75105700280983,1.0415600008855108,86.59745600016322,0.26903800244326703
973,79.99731800009613,1.8505269981687889,77.06512000004295,0.26603799778968096
974,89.56576399941696,1.1332450012560003,86.17917599985958,0.2672970003914088
975,80.99296999716898,1.0670410010789055,78.73368199943798,0.26957500085700303
976,80.40996700219694,0.9868559973256197,76.20754200252122,0.2628149995871354
977,84.60553999975673,2.4813620002532844,80.67865400153096,0.3202230000169948
978,81.27237900043838,1.175467998109525,79.0476279980794,0.2592609998828266
979,83.70840700081317,1.3201540023146663,81.24150799994823,0.26022299789474346
980,81.04502499918453,1.858637999248458,78.06760599851259,0.26429699937580153
981,81.56426799905603,2.9046790004940704,77.53664099800517,0.26166699899476953
982,88.04066599986982,0.967281997873215,83.7872409974807,0.2661680009623524
983,125.41126699943561,1.2239499992574565,122.9075709998142,0.27818600210594013
984,91.97444200253813,1.8620999981067143,88.88039099838352,0.3241679987695534
985,84.81704099904164,0.9595230003469624,82.5810129972524,0.3034269975614734
986,92.01047899841797,1.0617080006340984,89.61415399971884,0.2656309989106376
987,79.3933509994531,1.0241710006084759,77.16115700168302,0.2646489992912393
988,81.06358100121724,1.0763940008473583,78.81881300272653,0.2704460021050181
989,86.02813900142792,1.0067639996123035,83.89738899859367,0.2666120017238427
990,81.20495199909783,1.279338997846935,77.85764100117376,0.266222999925958
991,85.21582100001979,1.0927829971478786,82.96734800023842,0.30124199838610366
992,83.2489419990452,0.9973189989977982,81.16374800010817,0.26259300284436904
993,80.03707700117957,1.0150039997824933,77.88917799916817,0.2643350017024204
994,85.65100700070616,1.085670999600552,83.42218400139245,0.27053799931309186
995,81.00809899769956,1.0647820017766207,78.78745999914827,0.2622419997351244
996,83.5830550022365,0.9129300015047193,81.60548999876482,0.2707050007302314
997,80.08594700004323,0.9687819983810186,77.85730800242163,0.4242430004524067
998,83.93005600009928,1.044374999764841,81.66425000308664,0.3026119993592147
999,84.85087499866495,1.0133559990208596,82.73105100306566,0.26546400113147683
1000,80.16711399977794,1.06889399830834,77.92738300122437,0.30837200029054657
1001,85.99587999924552,1.1654299996735062,83.466887997929,0.4701139987446368
1002,81.64687899989076,1.201171999127837,78.83801599746221,0.3130750010313932
1003,80.5175790010253,0.9870599969872274,78.42182899912586,0.26800100022228435
1004,84.38468800159171,1.0843010022654198,82.14584500092315,0.266408002062235
1005,84.33557599710184,1.3413010019576177,81.88719600002514,0.26838999838219024
1006,82.78379200055497,1.0537260022829287,80.36015199832036,0.2710010012378916
1007,85.48009900187026,1.7868589966383297,82.4334569988423,0.2812230013660155
1008,89.70145099738147,1.9314150013087783,86.45238100143615,0.37152000004425645
1009,85.78154499991797,2.5266960001317784,81.96490000045742,0.2653339979588054
1010,84.75581900347606,1.0176340001635253,82.5718650012277,0.3023350000148639
1011,89.79957999690669,2.0272299989301246,86.65856800143956,0.26990799960913137
1012,82.29967900115298,1.1287640008958988,78.22382800077321,0.4477059992495924
1013,86.71110499926726,2.9287709985510446,82.20977100063465,0.3411679972487036
1014,87.45821900083683,1.0853940002562013,85.24389499871177,0.27776099886978045
1015,83.61149900156306,1.085634001356084,81.41911999700824,0.26561199774732813
1016,87.3398849980731,1.0465779996593483,85.12976500060176,0.2725199992710259
1017,91.91903399914736,0.9284849984396715,89.8913220007671,0.2705190017877612
1018,87.69749800194404,1.0418929996376392,85.55552499819896,0.26838999838219024
1019,79.47877799961134,1.042281997797545,77.27063900165376,0.28031599867972545
1020,79.10755400007474,0.9767449992068578,76.99062000028789,0.3107230004388839
1021,87.95455400104402,1.0248190010315739,85.75332199689001,0.26711199825513177
1022,80.05855899682501,1.0504489982849918,77.81643699854612,0.2677970005606767
1023,86.39810300155659,1.023597000312293,84.27272400149377,0.264316000539111
1024,83.64822200019262,0.9723380026116502,81.56165800028248,0.2685939980437979
1025,81.23472900115303,1.773452000634279,78.28979099940625,0.27087200214737095
1026,83.11079399936716,2.0344340009614825,79.9389469975722,0.2704090002225712
1027,84.24916799776838,1.0272079998685513,82.14254800259368,0.2586129994597286
1028,88.37718600261724,2.837271000316832,84.42513200134272,0.26761199842439964
1029,83.0914779980958,1.3055800009169616,79.72779800184071,0.267593000899069
1030,85.04824600095162,1.064282998413546,82.84975499918801,0.2671490001375787
1031,84.61050299956696,1.1630970002443064,82.37453100082348,0.26370400155428797
1032,81.2451380006678,0.9823369982768781,79.09234999897308,0.27214899819227867
1033,83.01157000096282,0.9621520002838224,80.88198800032842,0.3231310001865495
1034,82.07232600034331,1.160134001111146,79.4422780018067,0.26218599668936804
1035,80.00057699973695,1.0476339994056616,77.87382699825685,0.2696679985092487
1036,83.33792399935191,1.0195419999945443,81.2091000007058,0.2671120018931106
1037,79.89864999763086,0.9966709985747002,77.74015899849473,0.2833159996953327
1038,79.17892500336166,1.0173189984925557,77.0322499993199,0.2912419986387249
1039,86.17706499717315,1.0485599996172823,84.01977900211932,0.28953900255146436
1040,80.42824500080314,1.084448998881271,78.07564200265915,0.2648350018716883
1041,87.64336799868033,1.0437450000608806,85.30065399827436,0.4177800001343712
1042,83.18101600161754,1.1015230011253152,79.33529599904432,0.30972300010034814
1043,82.74442200126941,0.9499670013610739,78.84323799953563,0.3627239966590423
1044,92.86894499746268,1.905507997435052,89.79767300115782,0.2646309985721018
1045,83.93926000280771,1.1467270014691167,81.60628699988592,0.2664829989953432
1046,84.34268699784297,1.075763997505419,82.1176409990585,0.26179699852946214
1047,79.31640700189746,1.0730229987530038,77.1115280003869,0.29566800003522076
1048,80.55369000067003,0.9960229981516022,78.46827399771428,0.26466800045454875
1049,84.76592999795685,1.0776529998111073,80.81593199676718,0.27200100157642737
1050,79.28655499927117,1.2021350012219045,76.93974900030298,0.29103799897711724
1051,84.87715199953527,1.1488019990792964,82.48236500003259,0.4156679970037658
1052,84.28992799963453,3.104234998318134,80.06337299957522,0.26494600024307147
1053,80.56765300352708,1.1061160003009718,78.26523600306245,0.2762789990811143
1054,88.27394499894581,1.0648190000210889,86.142194999411,0.26344599973526783
1055,81.80280599844991,0.9637820003263187,79.75507499941159,0.26257500212523155
1056,86.95519899993087,1.0307079974154476,84.75731900034589,0.2995750000991393
1057,86.82808600133285,1.0488190018804744,84.5553370018024,0.30574199990951456
1058,81.35761999801616,1.9704160004039295,77.54484399993089,0.3090760001214221
1059,91.94970000316971,0.9477079984208103,89.87704399987706,0.29792699933750555
1060,79.39225899826852,1.0808189981617033,77.02817500103265,0.26440899819135666
1061,81.5533979985048,1.1345420025463682,79.18025799881434,0.324222997733159
1062,80.08026200332097,1.048189998982707,77.91025299957255,0.26385300225229
1063,80.79178399930242,0.9779120009625331,78.74305299992557,0.26985300064552575
1064,86.1663249997946,1.0260970011586323,84.01672300169594,0.2930939990619663
1065,79.6476489995257,1.044077998813009,77.49569500083453,0.26509400049690157
1066,85.66776699808543,1.0406889996374957,83.4976469996036,0.266946000920143
1067,79.88065000245115,0.9220040010404773,77.87917899986496,0.26653800159692764
1068,79.12744299756014,1.0342450004827697,76.94493400049396,0.30207600138965063
1069,85.74193400272634,2.2601950004172977,82.22832699902938,0.26644500030670315
1070,80.28672599903075,1.0722260012698825,78.08393899904331,0.3176120007992722
1071,97.64537299997755,0.9883740021905396,95.56999299820745,0.30490900098811835
1072,81.49339800002053,1.0378750012023374,79.34798099813634,0.2700750010262709
1073,88.82979799818713,1.0020779991464224,85.7234340001014,0.3752230004465673
1074,82.10347500062198,1.2960060012119357,79.17383300082292,0.31670500175096095
1075,80.10116900186404,1.0111900010087993,77.88384499872336,0.27101999876322225
1076,87.81168399946182,1.0173369992116932,83.40090600177064,0.26933399931294844
1077,80.36448499842663,1.140355998359155,78.12764299887931,0.27553800100577064
1078,83.34409100280027,1.2331719990470447,80.92061799834482,0.34226099887746386
1079,84.8049300002458,3.3844960016722325,80.14218799871742,0.42891000339295715
1080,81.3394149990927,0.9810420015128329,76.82002599904081,0.2634640004544053
1081,86.77392000026884,1.9741010000871029,83.67266600180301,0.2661500002432149
1082,84.33791000061319,0.9692070016171783,82.30936399922939,0.26750100005301647
1083,87.03019799941103,1.9745819990930613,83.93820399942342,0.2741310017881915
1084,81.06578499791794,1.2132089977967553,78.74875600100495,0.26403800075058825
1085,82.83651400051895,1.0710050009947736,80.61241199902724,0.2701859993976541
1086,83.29249799862737,0.98481899840408,81.18913699945551,0.3121490008197725
1087,80.64530200135778,0.975134000327671,78.53601500028162,0.28648300212807953
1088,96.34529300092254,1.0004859977925662,91.70781099965097,0.27292800223222
1089,81.4352310007962,1.5293590004148427,78.78058999995119,0.2681129990378395
1090,79.52698199733277,1.1088379978900775,77.30134300072677,0.2638529986143112
1091,87.2691250006028,1.315710000199033,83.02955299950554,0.265463997493498
1092,81.54908299911767,1.1947089988098014,79.2305729992222,0.26170400087721646
1093,86.06262100147433,0.9892640009638853,83.97007399980794,0.26907500068773516
1094,80.70118999967235,1.0669859984773211,78.48023599945009,0.27392700212658383
1095,79.08590599981835,1.0373929981142282,76.89182199828792,0.26761200206237845
1096,86.70223499939311,1.0735970026871655,84.4906140009698,0.27116800265503116
1097,78.97997899999609,1.0040600027423352,76.8582119999337,0.27802000113297254
1098,86.78269800293492,1.0477639989403542,84.65543000056641,0.2668899978743866
1099,81.53243499691598,0.9688370009826031,79.46862999961013,0.2645009990374092
1100,82.10751099977642,1.0702269973990042,79.9085760008893,0.27214899819227867
1101,88.67931700297049,0.933912000618875,85.94323100260226,0.2647050023369957
1102,82.90162599951145,1.15198599814903,80.56981900153914,0.3022420023626182
1103,86.91978999922867,2.7029369994124863,83.09299599932274,0.26520499886828475
1104,81.65945400105556,1.070837999577634,79.45412999833934,0.26698199872043915
1105,83.80042600037996,1.064356001734268,81.60654600214912,0.2692790003493428
1106,86.98442099921522,3.6832559999311343,82.13201100079459,0.2882040025724564
1107,80.62570900074206,1.0459859986440279,78.24949499990907,0.3191309988324065
1108,81.48921199972392,1.0459120021550916,79.2922959990392,0.2654090021678712
1109,82.55479099898366,1.1025050007447135,78.26438399933977,0.28959400151507
1110,79.70557500084396,0.971929999650456,77.6459739972779,0.262944999121828
1111,84.1162609976891,1.183708998723887,81.66071300001931,0.26261200036969967
1112,79.34400000158348,1.1211529999854974,77.05223100128933,0.2738900002441369
1113,78.5692179997568,0.9955229979823343,76.12181999866152,0.26587200045469217
1114,85.50026699958835,1.8566369981272146,80.8517280020169,0.2693530004762579
1115,83.2432749994041,2.428454998153029,79.46970400007558,0.2891309995902702
1116,90.87975200236542,1.0904859991569538,88.65394599706633,0.26213100136374123
1117,85.68617399942013,1.203912001074059,83.1184230009967,0.2664640014700126
1118,87.52373799870838,0.9785590009414591,85.23465400139685,0.2936870005214587
1119,84.32505800010404,3.471755000646226,79.59142699837685,0.3345379991515074
1120,83.07007099938346,0.9918190007738303,80.31205899897031,0.3142419991490897
1121,86.02421300020069,1.0066889990412164,83.00688600138528,0.2938530014944263
1122,83.71166600045399,1.0450049994688015,81.47221300168894,0.2664829989953432
1123,88.95737300190376,0.9669119972386397,86.88440200057812,0.26676100242184475
1124,79.86359499773243,1.0917449981207028,77.64269600011175,0.27155699717695825
1125,83.01477400164003,1.0488189982424956,80.82985799774178,0.26374200024292804
1126,86.38375199734583,2.5466220031375997,82.72327300073812,0.2658339981280733
1127,80.52781900187256,1.0002079980040435,78.38973600155441,0.30433400024776347
1128,83.37666499937768,1.0959120008919854,81.04230399840162,0.27533400134416297
1129,85.8144710000488,0.9947819999069907,82.0749739978055,0.2646489992912393
1130,89.24978299910435,3.2736249995650724,84.81141100128298,0.2887420014303643
1131,80.75709799959441,1.0446340020280331,78.44533000024967,0.25894600184983574
1132,83.62501700321445,1.9069520021730568,80.60085699980846,0.2613340002426412
1133,88.5280939983204,1.2450239992176648,86.16530600193073,0.28129699785495177
1134,81.33691599869053,2.1310640004230663,77.63001100101974,0.2619090009829961
1135,80.3011330026493,0.955948002228979,77.85775299998932,0.27107500136480667
1136,85.62341499782633,1.0948380004265346,82.38899400021182,0.26703900221036747
1137,87.08653199937544,3.159476000291761,82.79308900091564,0.308852999296505
1138,92.60053700199933,0.9541520012135152,88.57077899665455,0.330852999468334
1139,81.10591500008013,1.16120899838279,78.80505299908691,0.2655750031408388
1140,86.19049099797849,1.0813939989020582,84.00627900118707,0.29752000045846216
1141,82.89025600242894,0.9653380002418999,80.80352400065749,0.26692699975683354
1142,79.65729699935764,1.1225969974475447,77.4324730009539,0.261871002294356
1143,87.61757200045395,1.9305079986224882,84.41009499802021,0.2646309985721018
1144,82.2642149978492,1.0538380010984838,80.10454000032041,0.26746399817056954
1145,82.32793800198124,1.0904120026680175,80.13555800062022,0.26153799990424886
1146,88.23405599832768,1.0219859977951273,86.10280600260012,0.2653159972396679
1147,81.76680600081454,1.2234870009706356,79.40550000057556,0.26529800015850924
1148,88.15294400119456,1.0380229978181887,85.82541599753313,0.3660379989014473
1149,83.21270099986577,2.2203980006452184,79.20150000063586,0.34101900018868037
1150,78.4996449983737,1.0250600025756285,76.21433800159139,0.2646489992912393
1151,86.1295840004459,1.262634999875445,83.54714700180921,0.3517049990477972
1152,81.83808399917325,1.047429999744054,77.21343500088551,0.26642699958756566
1153,86.34588100176188,2.2447689989348873,82.99177399749169,0.27500100259203464
1154,81.17324799968628,1.8048590027319733,78.06710599834332,0.2672609989531338
1155,80.00231700134464,1.0393379998276941,77.7967340000032,0.2625380002427846
1156,83.89790799992625,1.0117450001416728,81.28148900141241,0.2721499986364506
1157,81.36124899829156,2.1231569990050048,78.13169899964123,0.2650930000527296
1158,89.71283999926527,0.9199300002364907,86.9970320018183,0.26381499992567115
1159,81.30271100162645,1.9768599995586555,78.19040200047311,0.2642050021677278
1160,79.91633599885972,1.0058750012831297,77.821122999012,0.2654269992490299
1161,88.84348400169984,1.1570050010050181,86.54336299878196,0.26505699861445464
1162,81.20985899950028,1.7108960018958896,78.33310700152651,0.26216799960820936
1163,85.82289799960563,1.1812080010713544,82.4854200000118,0.28437199944164604
1164,83.82057400012854,1.7735080000420567,79.26151799983927,0.33233499925700016
1165,82.17564100050367,1.1742449969460722,79.8008719975769,0.3141859997413121
1166,83.87862999734352,0.9877080010483041,81.02345199949923,0.29805699887219816
1167,79.14398000139045,1.3041349993727636,76.69259999966016,0.26470499869901687
1168,86.25965900137089,0.9634849993744865,84.15616899947054,0.26822400104720145
1169,82.65514300001087,1.539913999295095,77.75154799674056,0.29459399956976995
1170,78.70458999968832,0.9608000000298489,76.64876700073364,0.26570500267553143
1171,83.35833099772572,1.1309859983157367,80.96826600012719,0.26653799795894884
1172,80.16941100140684,1.0602080001262948,77.94549399841344,0.2627419999043923
1173,85.88632299870369,1.134856000135187,83.62383300118381,0.2814090003084857
1174,82.11914100320428,0.9448929995414801,80.00868800081662,0.3199640013917815
1175,80.02405799925327,1.00148499768693,77.9581610004243,0.26203799643553793
1176,87.92046199960168,1.008762999845203,85.79172999816365,0.26881599842454307
1177,82.82838499872014,1.0090229989145882,80.74674700037576,0.2672240007086657
1178,81.49450800192426,0.9365410005557351,79.33650000268244,0.3849829990940634
1179,85.52724800028955,0.9677449997980148,82.50571700045839,0.30589000016334467
1180,79.12836999821593,0.9613750007702038,77.09419400271145,0.26429700301378034
1181,84.08020400020177,1.0292080005456228,81.87777000057395,0.26392699874122627
1182,79.21988900125143,0.978910997218918,77.09750800131587,0.27333400066709146
1183,82.84684699901845,1.925137999933213,79.59433399810223,0.273204997938592
1184,84.9541159986984,1.3446170014503878,82.34097500098869,0.26853799863602035
1185,79.35937000002014,1.0776899980555754,77.10617499833461,0.2865569986170158
1186,82.95492300021579,1.042466999933822,79.09123900026316,0.2682230006030295
1187,81.20515500195324,1.1833749995275866,78.8862750014232,0.26364899895270355
1188,83.50136999797542,1.5747109973744955,80.80563499970594,0.2635380005813204
1189,90.36580500105629,1.9850629978463985,87.24881099988124,0.2642420004121959
1190,82.7265689986234,0.965560000622645,80.63669100010884,0.28290899717831053
1191,90.60973300074693,1.0685410015867092,88.36531600172748,0.3234830001019873
1192,80.35554100206355,1.1055229988414794,78.05193900276208,0.26750100005301647
1193,79.75898299991968,0.9316340001532808,76.89128600031836,0.28574200041475706
1194,86.58532600020408,0.9689670005172957,84.51044799949159,0.27116800265503116
1195,79.19038799809641,1.026949001243338,77.01760099735111,0.276482998742722
1196,86.9786799994472,1.1207089992240071,84.74692999880062,0.2674649986147415
1197,79.81631599977845,1.0748200002126396,77.57571500042104,0.2660200007085223
1198,79.5430940015649,1.107096999476198,77.3597140032507,0.26627900297171436
1199,83.3362199991825,1.4538950017595198,80.72331999937887,0.26826000248547643
1200,80.52504200168187,0.9994480024033692,76.85565599967958,0.32783500137156807
1201,83.79059199796757,1.5507280004385393,81.15006200023345,0.2650379974511452
1202,80.65993100171909,1.0527080012252554,78.49105200148188,0.2622600004542619
1203,88.14122200055863,0.9398740003234707,84.93885600182693,0.26364899895270355
1204,85.95297200008645,1.173597000160953,83.66298100008862,0.2889080024033319
1205,82.56675399752567,1.1439679983595852,80.11687299949699,0.33496499963803217
1206,85.14265399935539,1.5300619998015463,81.56715700170025,0.3655379987321794
1207,81.04659899981925,1.1044120001315605,78.33492099962314,0.2820010013238061
1208,81.20241500000702,0.9665039979154244,76.51028400141513,0.2650009992066771
1209,85.39676600048551,1.9169150000379886,82.34847500352771,0.2628900001582224
1210,82.7632740001718,1.185615998110734,79.81446499979938,0.2765749995887745
1211,80.7289309996122,1.079689998732647,78.46229200004018,0.3102609989582561
1212,84.99244999984512,1.7975069968088064,82.00569600012386,0.32789100077934563
1213,80.6181160005508,1.5427660000568721,77.89027199760312,0.28537100297398865
1214,82.15602999916882,1.0739110002759844,79.91783499892335,0.2631679999467451
1215,82.9433480030275,2.563695998105686,79.27001799907885,0.2718350006034598
1216,80.80459899792913,1.0292639999534003,78.65575600226293,0.26983499992638826
1217,88.63274200120941,1.083726998331258,86.42428899838706,0.2751120009634178
1218,80.53950500107021,1.1977089998254087,78.11119799953303,0.2651489994605072
1219,86.5159369968751,0.9701889975985978,84.30537200183608,0.2732239991019014
1220,86.08241700130748,1.4475429998128675,83.44970199686941,0.30320500081870705
1221,79.85322400054429,1.1823009990621358,77.40773200202966,0.2657049990375526
1222,85.12094999969122,1.0857079978450201,82.86621799925342,0.2735009984462522
1223,82.06349299871363,1.029466999170836,79.91559500078438,0.2788159981719218
1224,84.9716160009848,1.9868420022248756,81.80115899813245,0.2822419992298819
1225,87.22482899975148,1.8026739999186248,84.23342699825298,0.27288999990560114
1226,79.43572200019844,1.288635001401417,76.97199000176624,0.26335300208302215
1227,84.69333700122661,0.9892630005197134,82.56840200192528,0.3139830005238764
1228,81.48936100042192,1.9821749992843252,78.16606900087208,0.3285390012024436
1229,79.88037199902465,1.4578390000679065,77.26015699881827,0.26787100068759173
1230,87.22910700089415,2.680104000319261,83.47211000000243,0.26109399914275855
1231,80.24959599788417,1.034651999361813,78.0336610005179,0.3045939993171487
1232,89.56356199996662,1.1117269968963228,87.2085330011032,0.3576870003598742
1233,80.89439499963191,1.3142469979356974,77.92834599968046,0.26359399998909794
1234,78.84123800249654,0.9702820025268011,76.74961800148594,0.2717790011956822
1235,84.18394599721069,1.036820001900196,82.03623300141771,0.26520500250626355
1236,79.51824100018712,1.0752080015663523,77.29380599994329,0.2652610019140411
1237,85.27345100083039,1.6644330025883391,82.40960499824723,0.2758529990387615
1238,82.10540000072797,1.0459490003995597,79.9270389979938,0.2728529980231542
1239,80.41048599989153,1.0076149992528372,78.30631000251742,0.2645189997565467
1240,83.43692400012515,2.2161950000736397,80.10459599972819,0.2762789990811143
1241,80.19561499895644,1.0889670011238195,77.89523500105133,0.266222999925958
1242,82.97984800083213,2.399436001724098,79.44394399964949,0.3125199982605409
1243,84.32409500164795,2.1682320002582856,80.78085799934343,0.265463997493498
1244,81.24909999969532,1.0686519999580923,78.99031299893977,0.29279699811013415
1245,85.27593200051342,1.0453190006955992,83.06897899819887,0.2643350017024204
1246,82.41321699824766,1.3301350008987356,80.00461300252937,0.268204999883892
1247,88.70148300047731,0.9369479994347785,86.6649569979927,0.27242799842497334
1248,86.18286199998693,1.9282489993202034,83.13053399979253,0.2728160034166649
1249,87.94851700076833,1.0481709978193976,85.72932299648528,0.27564999982132576
1250,91.44993999871076,1.4971549971960485,86.51232599731884,0.27194599897484295
1251,80.3293550015951,0.9992269988288172,78.22510700134444,0.27035300081479363
1252,82.94620099695749,1.0379480008850805,80.72537599946372,0.29537199952756055
1253,83.77487000325345,1.094134000595659,81.50593499885872,0.26376000096206553
1254,81.19543299835641,2.2432690020650625,77.26706500034197,0.26070499734487385
1255,84.60972600005334,1.2986539986741263,82.13058600085787,0.26501899992581457
1256,81.18322999871452,1.0748189997684676,78.84496100086835,0.3471689997240901
1257,81.59945300212712,1.0670599986042362,79.39836999867111,0.26696399800130166
1258,85.06915399993886,1.6513400005351286,79.37398099966231,0.3062599971599411
1259,85.21533900056966,1.0625229988363571,82.97234799829312,0.2814090003084857
1260,87.7025159970799,1.1168569981236942,85.45254400087288,0.2665009997144807
1261,89.3623940028192,1.539525001135189,86.68617899820674,0.2624829976412002
1262,91.50155099996482,2.1302499990270007,88.2671669969568,0.27090900039183907
1263,79.45772200037027,1.28032000066014,77.0609900027921,0.27503800083650276
1264,83.44931399915367,1.4018949987075757,80.80526500270935,0.3494459997455124
1265,86.89643799880287,2.87819799996214,82.76468000258319,0.288871000520885
1266,80.51119000083418,1.7422860000806395,77.59893600086798,0.27372299882699735
1267,84.63724399916828,1.8869159976020455,81.51171300050919,0.354872001480544
1268,81.77212200098438,1.0608190023049247,79.57488900137832,0.27372300246497616
1269,80.25861399801215,1.0814669985848013,78.07512399813277,0.2606490015750751
1270,84.01155700266827,1.2140230028307997,81.50324899906991,0.262944999121828
1271,79.86239099773229,1.9974159986304585,76.6585439996561,0.26416800028528087
1272,82.30134500263375,1.127301002270542,79.96911400186946,0.3200569990440272
1273,82.72410699646571,1.1086340018664487,80.44444900224335,0.26972299747285433
1274,81.7521580029279,0.9906339982990175,79.65235300071072,0.263668000116013
1275,86.74612299728324,1.051318999088835,84.52881799894385,0.26681599774747156
1276,81.81067700206768,1.0478189979039598,79.62538999709068,0.2636860008351505
1277,88.31546299916226,1.8097300016961526,85.39326600293862,0.2617050013213884
1278,82.60567999968771,1.763618998666061,79.69859399963752,0.2635380005813204
1279,88.1637780003075,1.1998570007563103,85.75876699978835,0.32385300073656254
1280,85.22017300128937,2.3188429986475967,81.69747300053132,0.2694449976843316
1281,81.19167399854632,1.039614999172045,78.99433199781924,0.2794089996314142
1282,84.48218800185714,1.3780619992758147,81.88125100059551,0.338779002049705
1283,79.04966499700095,1.081783000699943,76.7817109990574,0.29620500208693556
1284,81.38702700307476,2.6249920010741334,77.57319600204937,0.3146679991914425
1285,87.76157199827139,1.095968000299763,85.53028499954962,0.26379699920653366
1286,81.2308970016602,0.9089670020330232,77.83588299935218,0.3803350009548012
1287,84.33514999705949,1.2728389992844313,81.7053799983114,0.39546499829157256
1288,81.34806400266825,2.289732001372613,77.49108500138391,0.262483001279179
1289,81.70958299888298,1.974063998204656,78.51729300091392,0.26683399846660905
1290,85.40221099974588,1.6822670004330575,82.3663650007802,0.46842799929436296
1291,80.80276500186301,1.803507999284193,77.46843600034481,0.28614899929380044
1292,92.00316399801522,1.75050699908752,89.14205899782246,0.2622600004542619
1293,86.49088200036203,1.0679490005713888,84.31550200111815,0.26398300178698264
1294,81.86391699928208,1.118689000577433,79.61951999823214,0.2691120025701821
1295,82.28912400227273,1.077894001355162,80.05276200128719,0.26518700178712606
1296,80.76035699923523,1.1142459989059716,78.32719900034135,0.44094699842389673
1297,87.07866199983982,1.6061360001913272,83.83066700116615,0.2679459976206999
1298,84.2655950000335,1.0977450001519173,82.04308499989565,0.2672419977898244
1299,82.57753200086881,1.6726369976822753,79.76898299966706,0.29514900234062225
1300,82.85806999992928,2.2878060008224566,79.4855189997179,0.26466800045454875
1301,82.36965999822132,1.1307089989713859,79.61120400068467,0.263019999692915
1302,82.7854400013166,1.1190980003448203,80.49802299865405,0.2851860008377116
1303,84.49520700014546,1.1108939979749266,82.20479000010528,0.2999639982590452
1304,80.47902299949783,1.3234309990366455,78.03434599918546,0.26427900229464285
1305,85.73589699881268,1.2280789997021202,83.34416500292718,0.264926999079762
1306,83.51433200004976,1.776581000740407,80.50191199799883,0.2678159980860073
1307,83.13218300099834,1.3760239999101032,80.60254200245254,0.2887419977923855
1308,89.46219000063138,2.0250460001989268,85.98050899672671,0.28072299755876884
1309,83.39053499730653,1.2455420001060702,80.7795430009719,0.26442699891049415
1310,86.63975300078164,1.0820969982887618,83.27486800044426,0.26800100022228435
1311,80.9023950023402,1.5794319988344796,78.06862399957026,0.26550099937594496
1312,85.81623099962599,0.9870599969872274,83.72053700077231,0.26874100149143487
1313,83.01342199774808,1.2077819992555305,78.24643899948569,0.2677410011528991
1314,79.77174299958278,1.1828749993583187,77.44817699858686,0.2613340002426412
1315,83.9067779998004,1.1494870013848413,81.57619400299154,0.27000100089935586
1316,80.69970900032786,0.9951709980668966,78.5958300002676,0.26627899933373556
1317,80.97691399962059,1.0308379969501402,78.70422000269173,0.33142699976451695
1318,82.9953860011301,1.2045049988955725,80.60722699883627,0.2689829998416826
1319,79.66585300164297,1.003653000225313,77.56830700236605,0.27924200185225345
1320,89.07411399923149,1.0516149995964952,86.90536400172277,0.2619820006657392
1321,81.23080400036997,1.0631709992594551,78.92892400195706,0.3035750014532823
1322,87.9564440001559,1.0899490007432178,85.713600001327,0.271483000688022
1323,81.37958199949935,0.9644670026318636,79.35572199858143,0.26970500039169565
1324,81.20741499806172,1.1086710001109168,78.96660900223651,0.26546400113147683
1325,84.08339000015985,1.0677270001906436,81.83619500050554,0.2640570019138977
1326,79.72089000031701,1.1045970022678375,77.45149099719129,0.2642420004121959
1327,80.06146600018837,0.9902269994199742,77.9104940011166,0.2899080027418677
1328,84.8666530000628,1.187671998195583,79.92246499998146,0.26977800007443875
1329,79.87374300137162,1.0307079974154476,77.65582600040943,0.32631700014462695
1330,84.24581600047532,1.1243930021009874,81.69410299888114,0.5277429991110694
1331,86.40743700016174,1.5770620011608116,83.23323799777427,0.26544599677436054
1332,80.60585699786316,1.486727996962145,77.35417699950631,0.2651860013429541
1333,83.91827800005558,1.0094299977936316,81.80827000251156,0.27029700140701607
1334,81.47519400154124,0.9974669992516283,79.21612900099717,0.40520600305171683
1335,89.95834099914646,0.9695230000943411,85.32615399963106,0.2685569997993298
1336,85.35628400204587,2.08097200084012,82.08456699867384,0.3044829973077867
1337,88.46087199708563,1.074078998499317,86.21612099886988,0.27144500199938193
1338,81.61852700141026,1.158615999884205,79.37818600112223,0.26561199774732813
1339,80.30978199894889,1.019670999085065,78.18545700138202,0.26340799740864895
1340,89.12555899951258,0.9909680011332966,87.0179579978867,0.2865570022549946
1341,87.83657300227787,1.4835799993306864,85.18635799919139,0.264926999079762
1342,80.38570799908484,1.0307820011803415,78.09495699984836,0.2688900021894369
1343,82.57129100093152,1.5073030008352362,79.73083499746281,0.2640940001583658
1344,84.53692900002352,3.6259410007914994,79.70242699957453,0.31735399898025207
1345,89.43172699946444,1.643970001168782,86.0971209986019,0.26270500165992416
1346,80.6922650008346,1.0841900002560578,78.2328659988707,0.2684640021470841
1347,89.28911600014544,0.9595789997547399,84.86498600177583,0.2783720010484103
1348,82.88156999697094,1.2071720011590514,80.48057800260722,0.2847050018317532
1349,82.86882900210912,1.027299997076625,80.68937599819037,0.29131599876563996
1350,90.31843499906245,0.9154850013146643,85.1749870016647,0.2628719994390849
1351,83.23196000128519,1.3386360005824827,80.766469000082,0.2634450029290747
1352,85.18437699967762,1.4169690002745483,82.41054900281597,0.49635400137049146
1353,85.96491600110312,1.7469329977757297,82.46029099973384,0.2848900003300514
1354,81.4179349981714,1.0035230006906204,79.31503700092435,0.2692790003493428
1355,88.78639099930297,1.0198009986197576,86.67360500112409,0.2677789998415392
1356,84.35600200027693,1.0890409976127557,82.19203000044217,0.2630380004120525
1357,86.28730700002052,1.0284490017511416,84.14952000021003,0.2622419997351244
1358,81.02480299930903,0.9619109987397678,79.00533200154314,0.2617050013213884
1359,79.84794600270106,1.0930229982477613,77.6469000011275,0.2715199989324901
1360,87.07929199954378,1.2201540012029,84.73967000099947,0.28631600071094
1361,81.32600799945067,1.1747090029530227,78.73138600189122,0.26227900161757134
1362,84.43165100106853,1.015355999697931,82.29338199816993,0.285019999864744
1363,85.2026169995952,1.0398939994047396,82.98538499730057,0.28850099988630973
1364,82.94395899793017,1.0650779986463021,80.57002300120075,0.39840899989940226
1365,87.07303200208116,1.1395049987186212,84.61181800157647,0.28574200041475706
1366,84.64067100067041,1.010856001812499,82.52343899948755,0.2633719996083528
1367,84.10016799825826,1.0708560002967715,81.88984400112531,0.26564899962977506
1368,86.07736100020702,1.75393300014548,82.94032900084858,0.4400200014060829
1369,85.88593500098796,1.935619002324529,82.25119700000505,0.31392700111609884
1370,85.48383999732323,1.0131710005225614,83.29297899763333,0.27948299975832924
1371,84.94989400060149,1.310061001277063,82.53056899775402,0.2638709993334487
1372,87.93338699979358,1.0394119999546092,85.77626799888094,0.2648899971973151
1373,81.37721200182568,1.0471519999555312,79.20486899820389,0.26583500221022405
1374,81.22934199855081,0.9989110003516544,79.11772100123926,0.2701859993976541
1375,85.11772700148867,0.9674120010458864,80.8716169995023,0.2632229989103507
1376,79.84405800016248,1.3219309985288419,77.41830599843524,0.26972299747285433
1377,88.64564999748836,1.1499499996716622,86.36664099685731,0.2888529998017475
1378,87.43292200233554,0.9807450005610008,85.32087699859403,0.2903710010286886
1379,81.66956499917433,1.8662479997146875,78.43888500065077,0.26153799990424886
1380,87.21686699936981,2.038694001385011,83.81901800021296,0.4632239979400765
1381,84.11272300145356,1.9666199987113941,80.49867199952132,0.27327899806550704
1382,88.89544799967553,3.0335869996633846,84.74344899877906,0.284297999314731
1383,83.50351699846215,1.0854669999389444,81.2190639990149,0.29240799995022826
1384,81.12861799963866,1.1185229996044654,78.84233100048732,0.29185300081735477
1385,82.78151400008937,1.032819000101881,80.54200499827857,0.2995190006913617
1386,79.60574200114934,1.0883379982260522,77.3534540021501,0.28255700090085156
1387,82.79423700150801,1.119800999731524,80.34192999912193,0.41826099914032966
1388,82.02991799771553,1.640766000491567,78.73440500043216,0.2966680003737565
1389,80.25937400088878,1.0275050008203834,78.01747499979683,0.257223000517115
1390,82.23430799989728,1.0218190000159666,80.04770600018674,0.26955699649988674
1391,81.61360200028867,1.0467089996382128,79.44322299954365,0.2837790016201325
1392,89.12920800139545,1.1679859999276232,86.7241979976825,0.3000569995492697
1393,82.29710500017973,1.173746000858955,79.98052100083441,0.2838159998646006
1394,81.80495399938081,1.4589320016966667,79.18753600097261,0.2798159985104576
1395,88.58822399997734,1.0441710001032334,86.2350659990625,0.373408998711966
1396,79.68027899914887,1.173746000858955,77.15982300214819,0.2624459993967321
1397,80.97317300052964,0.9820590021263342,78.89164600055665,0.2628350011946168
1398,84.04592700026114,1.054782002029242,81.87099199858494,0.28901999758090824
1399,79.86570600041887,0.9816159981710371,77.78084599704016,0.2648900008352939
1400,83.30279399888241,1.0089300012623426,81.14293299877318,0.2911500014306512
1401,81.41702699867892,1.1058199997933116,79.12114699865924,0.2817050008161459
1402,80.49165299962624,1.1118199981865473,78.18469899939373,0.2914830001827795
1403,80.11492900186568,1.0163000006286893,77.95038200129056,0.2683710008568596
1404,81.11052599997493,1.0653380013536662,78.88303499930771,0.3422049994696863
1405,82.21134500126936,1.028171001962619,80.0376139995933,0.26300099852960557
1406,79.56598199962173,1.1720420006895438,77.219212998898,0.26376000096206553
1407,81.54182399812271,0.9610779998183716,79.4702410021273,0.2712419991439674
1408,81.69356500002323,1.0683750006137416,79.47279699874343,0.26496399732423015
1409,85.40163699944969,1.102485999581404,83.16822000051616,0.26257500212523155
1410,94.87108300163527,2.791640999930678,90.97730799840065,0.2676679978321772
1411,81.63949099980528,1.1279310019745026,79.37172200036002,0.27283500094199553
1412,78.86077600051067,1.0631349978211801,76.6992669996398,0.25942699721781537
1413,87.50894100012374,1.5045810032461304,84.72913300283835,0.36559399813995697
1414,80.34678200056078,1.0111529991263524,78.20858800187125,0.3029649997188244
1415,86.90614299848676,1.133634999860078,84.5341880012711,0.2681859987205826
1416,88.07688800152391,0.9556340010021813,85.96654600114562,0.3072240033361595
1417,86.8237529975886,1.0650230033206753,84.53570699930424,0.290853000478819
1418,85.56937799949083,1.047041001584148,82.68084700102918,0.2758900009212084
1419,79.9516320003022,1.0671339987311512,77.71584500005702,0.3197980004188139
1420,86.43223300168756,0.978910997218918,84.34918800048763,0.26305699793738313
1421,80.65809799882118,2.1026569993409794,77.36745399961364,0.29566800003522076
1422,84.42170700072893,1.0659489998943172,82.24580800015246,0.27450099878478795
1423,83.79672199953347,1.0514120003790595,81.62282400007825,0.2936119999503717
1424,81.7451209986757,0.9634849993744865,79.72598299966194,0.26094600252690725
1425,88.33270400282345,0.9993929998017848,86.17293600036646,0.3390760030015372
1426,82.70162500048173,1.2768759988830425,80.20478099933825,0.2637049983604811
1427,84.19146499727503,2.130008000676753,80.82307999939076,0.33335400075884536
1428,85.68465600183117,1.089411998691503,83.23979399938253,0.26363099823356606
1429,80.6436719976773,1.0854310021386482,78.46055099798832,0.26574200091999955
1430,86.19504700254765,0.9679479990154505,83.42392399936216,0.2729460029513575
1431,82.14286300062668,1.4951730008760933,79.37292600036017,0.3833350019704085
1432,86.8041979992995,1.0409860005893279,84.64968900079839,0.2662600018084049
1433,79.07479499772307,1.1460969981271774,76.76621100108605,0.3118900021945592
1434,79.85224300136906,1.0240970004815608,77.65219599968987,0.27724200117518194
1435,89.3588010003441,1.0683929976949003,87.18171800137497,0.2647420005814638
1436,82.9050329994061,1.1175600011483766,80.62557900120737,0.2677789998415392
1437,84.9076900012733,0.9444669994991273,82.14421500088065,0.2809270008583553
1438,85.94787900074152,1.0468190012034029,83.74507299959077,0.288111998088425
1439,87.25716299886699,1.5951549976307433,84.52022599885822,0.29939000160084106
1440,92.88550099881832,2.4932890009949915,89.2821899979026,0.2862600013031624
1441,80.1895959993999,1.0327829986636061,78.0168089986546,0.32755700158304535
1442,85.4236920022231,0.94813300165697,82.60429199799546,0.26603799778968096
1443,81.12100699872826,1.8438039987813681,78.10631000029389,0.3107980010099709
1444,81.27135999893653,2.5216209978680126,77.58286299940664,0.267407998762792
1445,84.29411299948697,1.233154001965886,81.95295499899657,0.2618159996927716
1446,83.07462700031465,2.0498789999692235,79.8425020002469,0.30335300107253715
1447,87.53860800061375,2.992585999891162,83.32885000345414,0.3465939989837352
1448,85.24109900099575,0.9742450019984972,81.17002600192791,0.2727049977693241
1449,81.12545200128807,1.8408230025670491,78.15225399826886,0.27035300081479363
1450,87.18993999718805,1.1807830014731735,84.8887089996424,0.26416800028528087
1451,83.24814600200625,2.0104529976379126,80.02576199942268,0.3528720008034725
1452,86.80027199807228,1.0607450021780096,84.28792799895746,0.2630380004120525
1453,83.86400000017602,1.3841540021530818,81.32456399835064,0.2657229997566901
1454,88.03846199953114,1.0518750023038592,85.84239700212493,0.26881599842454307
1455,82.6874400008819,2.01749000189011,79.50931500090519,0.26557499950286
1456,80.14874400032568,1.9470830011414364,77.07075000143959,0.2661680009623524
1457,88.27844500046922,1.424524001777172,85.69874900058494,0.29851900035282597
1458,79.87148300162517,1.1587080007302575,77.43447300163098,0.26472299941815436
1459,79.9975399968389,1.3612279981316533,77.50425199992605,0.2662419974512886
1460,82.14358500117669,1.0885049996431917,79.8999089965946,0.2667980006663129
1461,80.09689200116554,1.0142450009880122,77.97762300106115,0.26788999821292236
1462,82.38284599792678,1.055707998602884,80.17450400075177,0.2765380013443064
1463,81.93958500123699,1.1286160006420687,79.665537999972,0.28118699992774054
1464,82.17573399815592,1.2858390000474174,79.72646400230587,0.2894450008170679
1465,87.15405100156204,1.0070230018754955,84.89639400067972,0.28385300174704753
1466,80.22889199855854,1.2157460005255416,77.89366100041661,0.26918599905911833
1467,85.90832400295767,1.806396001484245,82.98173699949984,0.26785299996845424
1468,85.0977089976368,1.042282998241717,82.89090399921406,0.2703710015339311
1469,84.75659699979587,0.9986709992517717,82.65756899709231,0.26894500115304254
1470,79.42564800032414,1.0889669974858407,77.23745399925974,0.2657040022313595
1471,82.44762400136096,1.0796710012073163,80.21857700077817,0.3008339990628883
1472,84.50563299993519,1.133135003328789,82.25543799926527,0.26213100136374123
1473,82.04419599860557,2.40923199817189,78.57008900100482,0.2646489992912393
1474,85.60365599987563,2.0755820005433634,82.38497499769437,0.3020939984708093
1475,84.3797990019084,1.103931001125602,81.98089999859803,0.3597049981181044
1476,82.4824390001595,2.0394719977048226,79.00436899944907,0.2637409997987561
1477,86.10236099775648,1.0966339978040196,83.92359299978125,0.26263000108883716
1478,79.7481500012509,1.0579859990684781,77.56302900088485,0.26940899988403544
1479,78.30023600035929,0.9606150015315507,76.25104199905763,0.26574199728202075
1480,88.40835299997707,2.0495829994615633,85.1006899974891,0.27050099743064493
1481,82.36690099874977,1.0756720002973452,80.12581799994223,0.26496400096220896
1482,83.21799800251029,1.0467640022397973,81.0493030003272,0.27368600058252923
1483,82.4137529998552,0.9526150024612434,80.29815199915902,0.3437980012677144
1484,82.04738199856365,1.7841930020949803,79.10434999939753,0.26483400142751634
1485,86.82975299961981,0.9571150003466755,83.86899999823072,0.2632969990372658
1486,81.25949000168475,1.1682450021908153,78.98466500046197,0.26846499895327725
1487,85.36111699868343,0.9607440006220713,83.31899800032261,0.2638160003698431
1488,82.02293700014707,1.0775970004033297,79.7305200030678,0.26100099785253406
1489,79.9242620014411,0.9625599996070378,77.79527099773986,0.3299269992567133
1490,86.68273399962345,2.3033990000840276,83.19696000035037,0.26374200024292804
1491,83.06166399779613,0.9380039991810918,81.02784099901328,0.2786859986372292
1492,84.1870940021181,1.1282090017630253,81.3004709998495,0.2723159996094182
1493,79.88070599822095,1.3601539976662025,77.35652900009882,0.2700570003071334
1494,80.74250600111554,1.0517640002944972,77.80645599996205,0.2687230007722974
1495,88.63785300127347,1.0183379999944009,86.44012199874851,0.2822419992298819
1496,87.8847769999993,0.9490970005572308,82.64645799863501,0.30927899933885783
1497,88.91559499897994,0.9907999992719851,86.8112909993215,0.27148200024385005
1498,79.7405390003405,1.0741890000645071,77.55377099965699,0.2671860020200256
1499,80.3217440006847,1.1618570024438668,77.96469700042508,0.26579699988360517
1500,82.29362400015816,1.0593750012048986,80.05763300025137,0.2646309985721018
1501,83.61797999896226,0.9676890003902372,77.5475849986833,0.26164899827563204
1502,86.00367599865422,1.0304299976269249,83.72475899886922,0.33885300217662007
1503,80.65598699977272,0.9722629984025843,77.03434200084303,0.2644640007929411
1504,80.3969299995515,1.0313929997209925,78.22477199806599,0.2872600016416982
1505,84.50983700095094,0.9244859975297004,82.44445699892822,0.3339830000186339
1506,79.82885399906081,1.0517270020500291,77.63203000286012,0.30183499984559603
1507,86.42943700033356,1.0937639999610838,84.18198300205404,0.2628719994390849
1508,83.1767010022304,1.074079002137296,80.97839599940926,0.29307600198080763
1509,84.50824299870874,0.9833929980231915,82.43375299934996,0.2728159997786861
1510,87.19260699945153,2.1752499997091945,83.89005599747179,0.27050099743064493
1511,86.75095700164093,0.9932999964803457,84.64733700020588,0.28231599935679697
1512,95.0306949998776,1.0736709991761018,92.80129699982353,0.2961310019600205
1513,82.74381099909078,1.1351339999237098,80.37785600026837,0.30374200287042186
1514,80.69859800161794,1.0755229995993432,78.47001399932196,0.277204999292735
1515,82.53721699657035,1.0888559991144575,80.41104100266239,0.2659450001374353
1516,81.17823000065982,1.0729489986260887,78.93309100109036,0.2943720028270036
1517,83.90661100202124,1.1102090029453393,81.39126800233498,0.5062979980721138
1518,81.10184099859907,2.204713000537595,77.2977130000072,0.2687600026547443
1519,81.0656920002657,1.0931159995379858,78.74686800278141,0.2679450008145068
1520,84.8446160016465,1.0671160016499925,82.67764300035196,0.26824200176633894
1521,81.48835999963921,1.0123009997187182,78.48768099938752,0.26744600108941086
1522,82.95519999956014,2.3295649989449885,79.46066700242227,0.3177049984515179
1523,81.72595499854651,1.1090789994341321,79.48003799901926,0.2654090021678712
1524,82.96855200023856,1.065503998688655,80.75350600120146,0.27355700149200857
1525,89.34583800146356,0.9290779998991638,84.818652998365,0.2971130015794188
1526,82.4661799997557,1.0679670012905262,80.2573000000848,0.2774460008367896
1527,84.80398499887087,1.1048380001739133,80.93889600058901,0.30666800012113526
1528,83.79000000059023,1.8929899997601751,80.60174600177561,0.3366679993632715
1529,80.23063400105457,0.9745229981490411,78.16084599835449,0.26374200024292804
1530,88.5170189976634,2.005749000090873,85.39019199815812,0.26735299979918636
1531,83.04364500145311,1.5233759986585937,80.36878199709463,0.2749269988271408
1532,78.59570100117708,1.0708929985412396,76.34802499887883,0.31633400067221373
1533,84.48335499997484,1.0103750028065406,81.37202699799673,0.299316001473926
1534,82.36419699824182,1.9056370001635514,78.84544199987431,0.26311199690098874
1535,88.76826200139476,2.2320649986795615,85.36185800039675,0.293186996714212
1536,84.51457699993625,1.141376000305172,82.08062199992128,0.278686002275208
1537,82.64551399770426,3.4848659997805953,78.02264299971284,0.26242700187140144
1538,80.8785799999896,1.0625229988363571,78.72653500089655,0.2639089980220888
1539,83.03207100107102,1.0378740007581655,80.52165299886838,0.30690900166518986
1540,83.6309070000425,1.1046709987567738,81.27741499993135,0.34750200211419724
1541,91.90997800033074,1.1828940005216282,89.28970799752278,0.26203800007351674
1542,83.71492600053898,0.9812270000111312,79.92766899769777,0.26761199842439964
1543,85.03191199997673,1.0525969992158934,82.84420000200043,0.26126000011572614
1544,80.63924700036296,1.8148039998777676,77.71384499937994,0.2655200005392544
1545,86.81649400023161,1.4813580019108485,83.92603699758183,0.2756489993771538
1546,80.24879999720724,1.065078002284281,78.04084600138594,0.26614899979904294
1547,84.34587200099486,0.9300599995185621,81.5540459989279,0.26413100204081275
1548,91.94207200198434,1.0689490009099245,89.71039499738254,0.32913099857978523
1549,80.15390999935335,1.0197629999311175,77.95338299911236,0.3314460009278264
1550,82.39493899964145,1.0921519969997462,80.2134110017505,0.2684639985091053
1551,86.96154999779537,1.9097859985777177,83.2273490013904,0.2899649989558384
1552,80.54483800151502,1.049559999955818,78.32266200057347,0.3124270006082952
1553,86.7532910015143,3.499106998788193,82.02249299938558,0.2694830000109505
1554,82.66969899705146,1.016578000417212,80.52743099688087,0.2650379974511452
1555,89.58559800157673,1.9301939973956905,86.56634500221116,0.26690899903769605
1556,87.27340399855166,1.0592269973130897,85.08939399689552,0.264501002675388
1557,81.50506400124868,0.9773750025487971,79.40035200226703,0.3110750003543217
1558,83.96329700190108,2.441066000756109,80.38739299809095,0.3011310000147205
1559,100.6155340000987,2.083564999338705,97.23727900200174,0.29850200007786043
1560,116.02752399994642,1.7748600002960302,110.82285500015132,0.2635570017446298
1561,98.08567099753418,0.9822629981499631,93.48811500240117,0.2670009998837486
1562,92.76950099956593,1.0546520024945494,90.47776799707208,0.3892980021191761
1563,108.75525300070876,2.0566940002026968,102.48181899805786,0.2914079996116925
1564,109.9564799988002,1.2069680014974438,105.24394199819653,0.38170500192791224
1565,102.01578000123845,1.0911520002991892,97.8077250001661,0.26453800091985613
1566,89.0829109994229,0.9428000012121629,86.29558399843518,0.26496400096220896
1567,82.7542920014821,2.05115599965211,79.59139000013238,0.2683159982552752
1568,87.16020000065328,1.0360419983044267,85.00770899991039,0.2655569987837225
1569,87.04284700070275,1.704785001493292,84.20057599869324,0.25963100051740184
1570,85.60643299642834,1.1056350012950134,83.32521999909659,0.2893349992518779
1571,85.34717300062766,1.0723009982029907,80.49196799765923,0.28981600189581513
1572,91.29255000152625,1.0826529978658073,88.84176200081129,0.3172979995724745
1573,82.02627100035897,1.148893999925349,79.81542800189345,0.266222999925958
1574,91.37112399912439,1.186411998787662,88.97755900034099,0.28364899844746105
1575,102.03752099914709,1.8863410004996695,95.68119800314889,0.3797799981839489
1576,101.26816599949962,2.642215000378201,97.38505700079259,0.31040799876791425
1577,106.04013100237353,1.915266999276355,102.99672900146106,0.281131000519963
1578,106.26577899893164,1.2845050005125813,103.85741699792561,0.261223001871258
1579,85.13167300043278,0.9362450000480749,83.1631639994157,0.25953799922717735
1580,84.42463200117345,1.3689689985767473,81.9508999993559,0.28811200172640383
1581,87.4458299986145,1.2486159976106137,84.98182000039378,0.2990020002471283
1582,185.42063100176165,1.9666560001496691,181.85683800038532,0.4425209990586154
1583,129.72819299830007,2.480307000951143,125.32708200160414,0.48311299906345084
1584,132.39390699891374,1.650228998187231,127.88646300032269,0.42174199916189536
1585,108.5237520019291,3.001809000124922,103.73221400004695,0.44466899998951703
1586,97.95367100014118,1.8789710011333227,93.82146799907787,0.26372400316176936
1587,98.49433999988833,1.4252649998525158,95.89514300023438,0.2645009990374092
1588,111.94124699977692,1.9827309988613706,108.65969700171263,0.2815570005623158
1589,82.97190399753163,1.0029490003944375,80.80959899962181,0.27022399808629416
1590,106.08357599994633,1.0758940006780904,103.8743989993236,0.29577899840660393
1591,166.17308600325487,3.0697349975525867,161.75873500105808,0.40731600165599957
1592,156.3288420002209,1.9416930008446798,152.76621600060025,0.31816800037631765
1593,117.27315899770474,1.3817279977956787,113.99225599961937,0.31766800020704977
1594,83.43288700052653,1.3228569987404626,80.97913700112258,0.29435300166369416
1595,99.01571299997158,2.0512859991868027,94.11796899803448,0.28414899861672893
1596,94.93382399887196,2.0059900016349275,90.7589550006378,0.26177900144830346
1597,82.15658600238385,1.4382279987330548,79.66185300028883,0.2654270028870087
1598,82.27073399757501,2.1566010000242386,78.98223899974255,0.26677899950300343
1599,89.41569099988556,0.9745229981490411,85.79958300106227,0.2605930021672975
1600,81.05550700202002,1.0196900002483744,78.83283100090921,0.31228000079863705
1601,89.39304199884646,2.6082140029757284,85.53524800299783,0.2635380005813204
1602,86.90425399981905,0.901041003089631,83.2393310010957,0.26600099954521284
1603,86.31689899993944,1.0080970023409463,83.45044299858273,0.273926998488605
1604,85.42695100186393,1.713933001155965,82.64134700220893,0.26452000020071864
1605,84.39270699818735,2.8696049994323403,80.38844900147524,0.2613709984871093
1606,84.60994800043409,1.064281997969374,82.40366099926177,0.30757499916944653
1607,80.27000299989595,1.0410050017526373,78.1322539987741,0.2608719987620134
1608,80.16500400117366,1.108320000639651,77.89530800073408,0.26318700111005455
1609,86.6013999984716,0.9677080015535466,84.5432809983322,0.26457499916432425
1610,79.90829900154495,1.0596149986668024,77.69851199918776,0.28377899798215367
1611,83.28977600103826,1.0150970010727178,81.20343399787089,0.26387199977762066
1612,83.2184419996338,1.8713040008151438,80.16418799888925,0.26301900288672186
1613,80.47439299843973,0.995911999780219,78.37371799905668,0.2633160002005752
1614,89.62843200060888,1.0660970001481473,87.4352379978518,0.26537099984125234
1615,98.23894999863114,0.9870040012174286,96.14818200134323,0.28231599935679697
1616,114.0863860018726,1.2141910010541324,111.66863600010402,0.30564899861929007
1617,100.00017899801605,1.0767640014819335,97.69754000080866,0.3277969990449492
1618,104.04854800071917,1.9085079984506592,100.85870100010652,0.2623709988256451
1619,85.58922999873175,1.4473400005954318,80.90672899925266,0.27170500106876716
1620,84.38639200176112,1.1370050015102606,81.63423099904321,0.3361489980306942
1621,83.21942299880902,1.13032000081148,80.0990779971471,0.3161870008625556
1622,81.7068249998556,1.1661339995043818,79.3745740011218,0.2990750035678502
1623,86.83408700017026,2.784362997772405,82.84034799726214,0.35694600228453055
1624,80.3490040016186,1.0525969992158934,77.69786299832049,0.2619820006657392
1625,82.76338399809902,1.0743929997261148,79.08622100148932,0.2665570027602371
1626,81.52095400146209,1.0065780006698333,79.44398100153194,0.26790799893205985
1627,79.86963100120192,1.0467270003573503,77.69375299903913,0.2703339996514842
1628,84.25839099800214,1.1125970013381448,81.99938100005966,0.26072300170199014
1629,81.9116410020797,0.9024669998325408,78.62873699923512,0.2644829983182717
1630,81.41704499939806,0.9552449992042966,79.26668499931111,0.3611489992181305
1631,86.32865899926401,1.7951739973796066,82.66517999800271,0.260278997302521
1632,83.27696099877357,1.272579000215046,80.7615240009909,0.26207500195596367
1633,93.30109499933315,1.0325779985578265,89.53880199987907,0.26653799795894884
1634,81.02523000343353,0.9719109984871466,78.95079499940039,0.27396400037105195
1635,83.51833199776593,1.0347269999329,81.20191499983775,0.3898899994965177
1636,85.10583899987978,2.3156569986895192,80.95643300111988,0.2620010018290486
1637,81.2966929988761,1.8524340011936147,78.28749499822152,0.26009299836005084
1638,81.33223000186263,1.0476899988134392,79.19364700137521,0.2640569982759189
1639,80.2510040011839,1.2183760009065736,77.46019500336843,0.2581310000095982
1640,80.39442999870516,1.1133749976579566,78.19040200047311,0.2562609988672193
1641,83.2326829986414,0.9644860001571942,80.6492090014217,0.3817790020548273
1642,80.25224500306649,1.0286710021318868,78.09703199745854,0.2623350010253489
1643,83.67198099949746,1.115263999963645,81.39300800030469,0.26007500127889216
1644,87.35525500014774,1.1070420005125925,85.10661699983757,0.27792699984274805
1645,86.70819799954188,0.9580039986758493,84.62483699986478,0.281853001069976
1646,86.66940100010834,1.72228500014171,83.85553699918091,0.26427899865666404
1647,84.27746499728528,1.1778379994211718,81.93354799732333,0.298668001050828
1648,91.55864400236169,1.0749859975476284,89.35807899979409,0.26072299806401134
1649,80.25157700103591,0.9651519976614509,78.19653199840104,0.25981599901570007
1650,87.12342199942213,1.7091180015995633,83.76985200084164,0.34635300107765943
1651,84.67604099860182,1.1539309998624958,82.31775300009758,0.27429799956735224
1652,81.03241400021943,1.3448200006678235,78.32818099996075,0.26281600003130734
1653,92.2076280003239,0.9466160008742008,87.38888600055361,0.29357500170590356
1654,81.56578700072714,2.0735270009026863,78.38714399986202,0.2698900025279727
1655,90.73097399959806,1.1159310015500523,87.7054609991319,0.2652410003065597
1656,84.32200199968065,1.6146919988386799,81.6028430017468,0.2631309980642982
1657,79.75576099852333,0.9490410011494532,77.75214100183803,0.2709820000745822
1658,86.98936500150012,1.0150790003535803,83.32810899810283,0.2715199989324901
1659,83.49929500036524,1.6508959997736383,80.71963600013987,0.2619639999466017
1660,86.61664199826191,1.0361889981140848,84.47028099908493,0.26416800028528087
1661,82.22354900135542,1.0546529993007425,79.99192799979937,0.25777900009416044
1662,85.29645000089658,1.042318999679992,83.05216399821802,0.2809830002661329
1663,85.48497099764063,1.0000219990615733,83.32755300216377,0.29698299840674736
1664,129.91711900031078,1.9449900028121192,126.33540100068785,0.6494469998870045
1665,114.42392500248388,3.095234998909291,108.29865800042171,0.29405699751805514
1666,106.4500769971346,1.1523559987836052,104.1007889980392,0.30866799716022797
1667,105.69405500064022,1.437914001144236,100.49707099824445,0.3323900018585846
1668,92.16685000137659,1.0833560008904897,89.35643099903245,0.27700099963112734
1669,125.16558100105613,1.1589299974730238,122.42108799910056,0.4270390018064063
1670,139.7621979995165,1.0772640016512014,137.39953999902355,0.3082790026383009
1671,98.79500799797825,1.906377998238895,95.82312500060652,0.26788999821292236
1672,90.56662100192625,1.1011160022462718,88.40277800118201,0.264316000539111
1673,84.42668799762032,1.3859509999747388,81.93430699975579,0.2644640007929411
1674,94.11985800034017,1.0671710006135982,91.9046269991668,0.287761002255138
1675,98.77000699998462,0.9934670015354641,96.68099899863591,0.2607239985081833
1676,106.01161200247589,2.0546009982354008,102.64054199797101,0.42398299774504267
1677,108.26845499832416,1.3562649983214214,105.18131199933123,0.2631499992276076
1678,104.3350489999284,1.007578001008369,102.18026200163877,0.28083500001230277
1679,83.32103499924415,1.7751929990481585,80.3265789982106,0.30344599872478284
1680,134.83152900153073,1.283338999201078,131.29993999973522,0.28496400045696646
1681,94.35709999888786,1.1383749988453928,91.48799499962479,0.2765750032267533
1682,139.28532600039034,1.2571539991768077,135.3278649985441,0.281556996924337
1683,243.70602400085772,1.841600998886861,240.4417689976981,0.28061199918738566
1684,94.50815599848283,1.789321999240201,91.54284699980053,0.29979700047988445
1685,90.90191900031641,3.1786990002729,86.46460399904754,0.3313349989184644
1686,82.8293289996509,1.112670997827081,80.57376500073588,0.2677789998415392
1687,84.82946699950844,0.9544860004098155,82.78425500247977,0.27307600248605013
1688,81.60093600235996,1.0376149984949734,79.45164799821214,0.259316002484411
1689,80.4848560001119,1.0332259989809245,78.26475500041852,0.28877899967483245
1690,85.36583999739378,1.294431000133045,82.81042199814692,0.27977900026598945
1691,80.86820999960764,1.9189340018783696,77.75708600092912,0.26890899971476756
1692,84.34418800243293,2.323897999303881,80.90133900259389,0.26416800028528087
1693,83.01153299908037,1.0754670001915656,80.74165399739286,0.2852420002454892
1694,90.80777100098203,0.892541000212077,86.98190300128772,0.32109399762703106
1695,85.65672999975504,2.8623449979932047,81.33991499926196,0.29566800003522076
1696,87.66920099878917,1.1148009980388451,85.43546999862883,0.27337199935573153
1697,89.66126599989366,1.1442830000305548,87.1759399997245,0.2646309985721018
1698,81.56262000193237,1.8044339994958136,78.1887920020381,0.33024199728970416
1699,94.81074999712291,1.4686549984617159,91.37525400001323,0.26453800091985613
1700,82.65260600092006,1.106226998672355,80.3810040015378,0.26472299941815436
1701,81.4833059994271,1.0881339985644445,79.19977699930314,0.28911300250911154
1702,91.15303100043093,1.7714149980747607,88.25638899725163,0.2713720023166388
1703,81.443360002595,1.8919899994216394,78.38871800049674,0.2666489999683108
1704,87.75755399983609,1.0549110011197627,85.53671100162319,0.28848299916717224
1705,83.47631299693603,1.3249689982330892,81.01339600034407,0.2592609998828266
1706,82.5541060003161,1.153653000073973,78.60123700083932,0.26240900115226395
1707,85.1809140003752,0.99541200324893,83.13964500121074,0.2592980017652735
1708,84.25172400166048,2.250769000966102,80.89980299700983,0.26577800235827453
1709,91.58249599931878,1.3427279991446994,89.01155900093727,0.2518340006645303
1710,83.41377599936095,1.7202849994646385,80.61337500112131,0.2536489992053248
1711,81.02763699935167,1.1359119998815004,78.7996649996785,0.2768160011328291
1712,85.65450700189103,1.0608930024318397,82.64199499899405,0.25472400011494756
1713,87.03023599809967,1.0705780005082488,84.87541200156556,0.25739000193425454
1714,101.16122100225766,1.0459670011186972,98.91747100118664,0.34250200042151846
1715,171.55429500053287,2.484658998582745,167.54838899942115,0.33140899904537946
1716,205.43889999680687,3.7868489998800214,197.5837549980497,0.4895569982181769
1717,109.78175700074644,2.446602997224545,105.48431300048833,0.26722300026449375
1718,101.01683200264233,3.5036820008826908,96.34270099923015,0.3139830005238764
1719,86.32238099744427,1.183319000119809,83.69877799850656,0.3566310006135609
1720,83.21388600234059,1.0761710000224411,80.88100699751521,0.33470500056864694
1721,82.26614199884352,1.096541996957967,79.90790999974706,0.26007500127889216
1722,81.745454997872,0.9708750003483146,79.69127900287276,0.30013099967618473
1723,129.73502600289066,1.1063199999625795,127.34546099818544,0.3367060016898904
1724,134.16900799711584,3.6225149997335393,129.18124600037117,0.28814899997087196
1725,121.07152700264123,2.169360999687342,117.46560499886982,0.399409000237938
1726,96.98824099905323,1.0880039990297519,94.2815630005498,0.29674200050067157
1727,111.21059599827277,1.787749002687633,108.23117700056173,0.30070499997236766
1728,109.54668300109915,1.0197640003752895,105.78318499756278,0.4495760003919713
1729,102.01846500058309,2.3981220001587644,97.9101709999668,0.43861299855052494
1730,103.54723099953844,1.6388399999414105,100.22501300045406,0.26622400037012994
1731,85.56119300192222,1.0453930008225143,83.30079499864951,0.2893529999710154
1732,82.74558799894294,0.9960600000340492,80.67511599801946,0.26309399981983006
1733,86.4304370006721,1.051505001669284,84.25174299918581,0.26759400134324096
1734,87.93520299877855,1.7198770001414232,85.05569100088906,0.321853000059491
1735,94.71208299873979,2.336825000384124,91.24221700039925,0.27805699937744066
1736,89.68070999981137,0.9495410013187211,85.89300899984664,0.26702000104705803
1737,82.3719380023249,1.0315969993826002,80.21472600012203,0.2878339982999023
1738,86.62978999927873,0.9798749997571576,84.55581799717038,0.2790569997159764
1739,80.66817199869547,1.034651999361813,78.42519900077605,0.310223000269616
1740,84.26263200090034,1.0510409993003123,81.85375099856174,0.5169089999981225
1741,81.69138000084786,1.0893930011661723,79.2668149988458,0.31048299933900125
1742,81.26128599906224,1.433599001757102,77.24186100313091,0.2701680023164954
1743,86.9278280006256,1.1551720017450862,83.99742699839408,0.2710570006456692
1744,78.71195999905467,1.0769120017357636,76.48691400027019,0.26376000096206553
1745,83.49192500099889,2.326917998288991,79.9415030014643,0.34503800270613283
1746,83.31538700076635,1.2452090013539419,81.00037799886195,0.26007499764091335
1747,79.4459819990152,0.9593930008122697,77.38445400173077,0.2694269969651941
1748,89.31602300071972,2.1735089976573363,85.6813600003079,0.31289000253309496
1749,85.62697099841898,1.0331520024919882,83.36183199935476,0.2678160017239861
1750,88.34794500216958,1.0575779997452628,86.1537689997931,0.2883910019590985
1751,82.99397799783037,0.9635970018280204,80.91084000261617,0.26746400180854835
1752,80.18074400024489,1.0283929987053853,78.05184700191603,0.26418599736643955
1753,84.44133599914494,0.9620040000299923,80.48189399778494,0.26505699861445464
1754,78.77055300195934,0.9894110007735435,75.87933700051508,0.28511200071079656
1755,99.28571400087094,0.9418740010005422,94.46043400021154,0.4279280001355801
1756,84.41992799998843,3.2223650014202576,78.66303400078323,0.299852999887662
1757,80.7668579982419,1.0429300018586218,78.51562699943315,0.31416800266015343
1758,88.0824810010381,1.3291360010043718,85.67780399971525,0.26240900115226395
1759,79.47111199973733,0.9334299975307658,77.45925099879969,0.26077800066559575
1760,85.57387700057006,2.3535470027127303,81.91325099687674,0.389150001865346
1761,84.1806499993254,2.019694002228789,80.55424600024708,0.2673349990800489
1762,81.20763799888664,1.1198190004506614,78.90536899867584,0.30305700056487694
1763,85.19493200219586,0.9860600002866704,83.02320100119687,0.26442699891049415
1764,81.69354599885992,1.6330440012097824,78.8841270004923,0.33803800033638254
1765,88.20235199891613,1.1389309984224383,85.90123199974187,0.2660569989529904
1766,79.18222200169112,1.0791710010380484,76.97115699920687,0.2986309991683811
1767,79.9604099993303,1.164672001323197,77.63884399901144,0.26926099963020533
1768,86.86575300089316,2.2213060001377016,83.54744400276104,0.2675199975783471
1769,79.35985199947027,0.9750409990374465,77.28402800057665,0.2825009978550952
1770,79.96155799992266,1.0028750002675224,77.7621410015854,0.3254270013712812
1771,85.19280299879028,0.9621710014471319,82.51238299999386,0.2624829976412002
1772,91.04241900058696,1.7938959972525481,88.12985199983814,0.287574999674689
1773,91.05379000175162,2.5891589975799434,87.39962599793216,0.26561200138530694
1774,78.52588499736157,1.0441710001032334,76.35337600004277,0.26140800036955625
1775,82.54784699965967,1.0987829991790932,80.27659599974868,0.2636300014273729
1776,80.69137600250542,1.0490599997865502,78.49740399979055,0.2622239990159869
1777,82.59569899746566,2.1489720020326786,79.32099999743514,0.26424099996802397
1778,86.8704010026704,1.0299860005034134,84.73189300275408,0.2594639991002623
1779,79.2789070001163,1.0497830007807352,77.11863900112803,0.26311200053896755
1780,86.05336199980229,1.0293380000803154,83.85753699985798,0.29344499853323214
1781,80.75819099758519,0.9599849981896114,78.70040399939171,0.2687599990167655
1782,84.59654000034789,1.094634000764927,82.3958090004453,0.2657049990375526
1783,86.40997399925254,1.098597000236623,84.17981599995983,0.26259299920639023
1784,80.8173400000669,1.1780049972003326,78.4383850004815,0.2663160012161825
1785,86.74290100316284,0.9508189978078008,84.702763997484,0.26351899941801094
1786,81.0770069983846,1.0294109997630585,78.9529979992949,0.264852998952847
1787,78.88244300193037,1.0421160004625563,76.58898900263011,0.3604459998314269
1788,86.63164199970197,1.0646339978848118,84.3543730006786,0.2672789996722713
1789,79.26792499711155,0.9543749984004535,77.21495399891865,0.2638339974510018
1790,83.73705499980133,1.0949679999612272,81.13191499796812,0.37879799856455065
1791,87.01886600101716,1.735785001073964,83.43544300078065,0.3220009966753423
1792,85.7510080022621,0.92137499814271,81.97162200303865,0.26964999779011123
1793,92.70335299879662,2.1194719993218314,89.47061700018821,0.27744500039261766
1794,83.82227800029796,1.267097999516409,81.3958789985918,0.26007499764091335
1795,91.42279099978623,1.6733960001147352,87.36646000033943,0.2887980008381419
1796,85.81228600087343,1.058523001120193,83.63314799862565,0.28326000028755516
1797,89.66963599959854,3.00573500135215,85.52434100056416,0.28824200126109645
1798,89.38157900047372,1.8113410005753394,86.22289900085889,0.2826870004355442
1799,82.05662299951655,1.1067829982494004,79.77603900144459,0.2870010030164849
1800,89.07839200037415,1.1904300008609425,86.74551200238056,0.26155600062338635
1801,81.63082499959273,0.9643560006225016,77.81341900044936,0.261760000284994
1802,84.55618799780495,2.2456200022134,81.09421100016334,0.2625380002427846
1803,81.80408400221495,1.0590410020085983,79.53116700082319,0.2875560021493584
1804,83.90948300075252,1.0678940016077831,81.70162100213929,0.27048300034948625
1805,84.957115999714,0.984743997832993,82.86110799963353,0.2646489992912393
1806,82.1334369975375,0.9854300005827099,80.05933599997661,0.27318600041326135
1807,87.11671800119802,0.9220779975294136,84.17329700023402,0.26287099899491295
1808,92.47022199997446,1.0501149990886915,90.27862000220921,0.2818159991875291
1809,82.87649599878932,0.974947997747222,80.80006200179923,0.30848300229990855
1810,83.57068400073331,1.6521550023753662,79.77676099835662,0.25953799922717735
1811,79.93439100027899,1.1291160008113366,77.63788100055535,0.270946002274286
1812,89.46846899925731,0.9580229998391587,85.69954500126187,0.3085569987888448
1813,80.30191100260708,0.9616890019970015,78.26086599743576,0.2597050006443169
1814,88.4424459982256,2.1325460002117325,85.13267200032715,0.2945570013253018
1815,83.5643690006691,1.166690002719406,80.41450400196481,0.2650559981702827
1816,82.38008699845523,1.8710999975155573,79.2418329983775,0.28985300014028326
1817,87.58518300237483,2.6622519981174264,83.7883510030224,0.26002000231528655
1818,80.71193099749507,1.2360420005279593,78.39992200024426,0.26252000316162594
1819,88.88518800085876,1.0249480001220945,86.76227199975983,0.28929800100740977
1820,87.79194299859228,1.3043940016359556,82.9337189970829,0.32979800016619265
1821,80.39981900219573,1.071023001713911,77.91819699923508,0.42526099787210114
1822,91.08990199820255,1.9025450019398704,87.73777600072208,0.28251999901840463
1823,84.22729800076922,1.0252630017930642,82.02560300196637,0.28442699840525165
1824,89.09005900204647,1.06870799936587,86.82386500004213,0.26696400163928047
1825,82.36753099845373,1.5228209995257203,78.35001499915961,0.2825379997375421
1826,79.40309300101944,1.0716340002545621,77.26530599757098,0.26418600100441836
1827,86.51525199820753,2.757936999842059,82.68529099950683,0.26363100187154487
1828,80.56820899946615,1.30671000079019,78.1408469993039,0.2612790012790356
1829,87.34814499985077,1.0510040010558441,85.19639499718323,0.2672420014278032
1830,81.2658780014317,2.393861999735236,77.75945699904696,0.2682609992916696
1831,80.22744800109649,1.2723389991151635,77.77178899777937,0.2646310022100806
1832,86.32395499807899,1.0967079979309347,84.07946399893262,0.26413099840283394
1833,79.57305699892459,0.9656520014686976,77.40065899997717,0.36835299761150964
1834,84.3702430029225,1.0450789995957166,82.20658600112074,0.26629700005287305
1835,84.06855700013693,1.165708999906201,81.6961029995582,0.26326000079279765
1836,81.13435899940669,1.2044499999319669,78.83571999991545,0.2687050000531599
1837,84.76924500064342,0.9567080014676321,82.71216299908701,0.2801310001814272
1838,82.50166099969647,1.0793740002554841,80.3295409968996,0.26281600003130734
1839,83.08268299879273,1.047319998178864,80.87124699886772,0.30453799990937114
1840,82.83192200178746,1.186524001241196,80.37654199870303,0.2621870007715188
1841,83.44499799932237,2.8834379991167225,79.47172299827798,0.26668600185075775
1842,83.58472200052347,1.0484300000825897,81.43308299986529,0.2678339988051448
1843,80.74257999760448,1.0167449981963728,78.53816299757455,0.2651679969858378
1844,88.05631400173297,2.180489998863777,84.50348400219809,0.2861119974113535
1845,83.61281399993459,1.419727999746101,80.9478399969521,0.3121679983451031
1846,89.72082100081025,1.080671001545852,87.4568109975371,0.3290759996161796
1847,85.0778209969576,1.0641900007613003,82.91838500008453,0.26527799855102785
1848,80.40428200183669,1.021190000756178,78.20866200199816,0.28931600172654726
1849,89.32626399837318,1.0128190006071236,87.04479099833407,0.2690379988052882
1850,79.8378910003521,1.0594679988571443,77.63367799998377,0.26266799977747723
1851,85.67795199996908,1.1448559998825658,83.37768400087953,0.27035300081479363
1852,86.14365800167434,1.0675049998098984,83.96994500071742,0.26603800142765976
1853,82.36362399838981,1.121357003285084,80.12816900009057,0.2618159996927716
1854,82.42605000123149,1.0518369999772403,80.26093000080436,0.265686001512222
1855,80.66717199835693,1.0739860008470714,78.38182900013635,0.2955559975816868
1856,82.09990100294817,1.2538939990918152,79.71483499932219,0.2710570006456692
1857,83.07753400004003,0.9532449985272251,81.02184000017587,0.2646309985721018
1858,79.6261859977676,1.0086340007546823,77.50786299948231,0.26813099975697696
1859,79.02351699885912,1.0810410021804273,76.8145080000977,0.2660200007085223
1860,83.80627800215734,0.9861329999694135,81.71238000068115,0.27337199935573153
1861,79.68564999828232,0.9997449997172225,77.56421500016586,0.2643530024215579
1862,82.70419900145498,1.0467639986018185,80.4924120020587,0.26322300254832953
1863,80.48470799985807,1.1839859980682377,78.16019800156937,0.26216799960820936
1864,87.24634800091735,1.5951179993862752,83.4266279998701,0.31500099794357084
1865,89.29420899949037,0.9828559996094555,85.53558199855615,0.2700749973882921
1866,81.27885900103138,1.0247999998682644,78.75312699979986,0.29303799965418875
1867,93.47385599903646,1.0576710010354873,91.28942100142012,0.27259399939794093
1868,88.09611099786707,1.7357110009470489,85.21154299887712,0.26912999965134077
1869,81.0233030024392,0.9749300006660633,78.95835100134718,0.2630750022944994
1870,86.00893499897211,1.0457079988555051,83.36042399969301,0.26503899789531715
1871,80.59346899972297,1.0220969998044893,78.47384900014731,0.26496400096220896
1872,85.33602500028792,1.876637998066144,82.33536400075536,0.2749819977907464
1873,82.26891899903421,0.9774850004760083,79.54475999940769,0.35490799928084016
1874,81.00171100159059,0.9141890004684683,76.85365699944668,0.2647600013006013
1875,84.33922499898472,2.034304998232983,81.2153410006431,0.2634640004544053
1876,82.63206899937359,2.0081379989278503,79.51557499836781,0.2609820003272034
1877,79.46703700145008,0.9727450014906935,77.3697139993601,0.2641120008775033
1878,83.37653600028716,1.0480230012035463,81.22387799812714,0.2937050012405962
1879,80.61104199805413,0.9676340014266316,78.58988600128214,0.2650200003699865
1880,91.2616240020725,1.0622830013744533,88.90220700050122,0.2667980006663129
1881,88.43524199983221,1.9630269998742733,85.30132099986076,0.27024199880543165
1882,81.4621379977325,2.2698989996570162,78.00554999994347,0.2657980003277771
1883,87.37094100069953,1.6720069979783148,84.5934290009609,0.27088999922852963
1884,84.37363300254219,2.323824999621138,80.89706199825741,0.2826119998644572
1885,88.30712999770185,1.160856001661159,84.11331599927507,0.28296399977989495
1886,87.9006280010799,0.9687079982541036,85.50046999880578,0.282389999483712
1887,82.5864209982683,0.9784489993762691,80.47728199744597,0.2884269997593947
1888,88.69253900047624,1.7679140000836924,85.29358099985984,0.2817050008161459
1889,83.40816599957179,1.1642640019999817,79.52905600177473,0.31148199923336506
1890,87.09719900070922,1.1075049987994134,84.64452199768857,0.43176100007258356
1891,83.71148100195569,2.2703429967805278,79.49994499722379,0.5174280013306998
1892,80.14403999914066,1.5420799973071553,76.94654599981732,0.26337099916418083
1893,100.13716200046474,1.7999709998548497,97.1218160011631,0.2748529987002257
1894,83.79590699769324,1.6804700026114006,79.45701899734559,0.25646399808465503
1895,93.8531910032907,1.0143559993593954,91.73514500071178,0.25763099984033033
1896,83.93948199955048,1.0739120007201564,79.66783400115673,0.2625380002427846
1897,86.42397400035406,1.7574520024936646,83.53388799878303,0.2653900010045618
1898,82.74851399983163,1.0351340024499223,80.59682000020985,0.2623349973873701
1899,79.39122300012968,0.9855409989540931,77.31856600003084,0.2517789980629459
1900,84.50033599729068,2.328861999558285,81.10835899788071,0.26188999981968664
1901,79.49577800172847,1.0220229996775743,77.27834300021641,0.2637049983604811
1902,81.65180599826272,1.0916889987129252,79.43207399875973,0.2676500007510185
1903,82.72923700133106,1.0601710018818267,80.5400599965651,0.2664079984242562
1904,79.3378140006098,2.184453998779645,76.0288009987562,0.3025759979209397
1905,83.08775700061233,1.2545980025606696,80.65546799844014,0.26514999990467913
1906,82.69419899806962,1.6484879997733515,79.91266899989569,0.2604080000310205
1907,81.8711030005943,0.964040998951532,79.76546500140103,0.2778899979603011
1908,84.91989400135935,0.98230000003241,82.83918199958862,0.2658159974089358
1909,80.36794899817323,1.2210790009703487,77.97556799778249,0.26537099984125234
1910,91.92970100048115,1.9540270004654303,88.86457699918537,0.2619639999466017
1911,80.57996799834655,1.2588749996211845,78.19579200076987,0.28590799774974585
1912,84.15520500057028,1.5518399995926302,81.31428600245272,0.34505699659348466
1913,83.16646100138314,1.412710000295192,80.0735579978209,0.29213000016170554
1914,80.96822899824474,1.1012459981429856,78.7705350012402,0.2607419992273208
1915,84.55042900095577,1.029355997161474,82.02677000008407,0.3011130029335618
1916,79.7031309994054,1.0362459979660343,77.55917699978454,0.2615189987409394
1917,80.8605250022083,1.0681890016712714,78.59660800022539,0.32037200071499683
1918,83.68422199782799,1.0650779986463021,81.4748420016258,0.3023899989784695
1919,80.71596800073166,0.9598369979357813,78.63429299686686,0.2664079984242562
1920,82.13304899982177,1.0284110030625015,79.96902100057923,0.27101999876322225
1921,80.10748499873444,1.1190040022484027,77.86753000254976,0.2624459993967321
1922,82.0454000022437,1.1719859976437874,79.71907599858241,0.26937099755741656
1923,86.38265899935504,0.9507639988441952,84.3575030012289,0.26359399998909794
1924,84.67885600111913,1.0342450004827697,82.47593899795902,0.2818350003508385
1925,90.61356500023976,1.6715999990992714,87.75470099863014,0.32579800245002843
1926,80.51515300030587,1.1352270012139343,78.23807000022498,0.2964830018754583
1927,81.93501099958667,0.9964479977497831,79.73242799926084,0.26205600079265423
1928,83.9079449979181,1.0364669979026075,81.7466209991835,0.2726680031628348
1929,80.52361600130098,1.1083009994763415,78.26523599942448,0.26242699823342264
1930,84.04616799816722,1.6264879996015225,81.3165459985612,0.2587240014690906
1931,79.87637300175265,0.9582820021023508,77.75867899908917,0.3337419984745793
1932,80.49893000134034,1.813453000067966,77.55471500058775,0.2596119993540924
1933,83.68277799672796,1.117431002057856,81.42786099779187,0.2682229969650507
1934,79.8616870015394,1.0500050011614803,77.69221499984269,0.26429699937580153
1935,83.43207299913047,1.0556900015217252,80.94813700154191,0.2695200018933974
1936,82.12217800246435,2.0099899993510917,78.19825399928959,0.2608719987620134
1937,83.2194239992532,1.4723399981448893,80.59054299883428,0.26201999935437925
1938,85.30620999954408,1.0674120021576528,82.42997599882074,0.27883499933523126
1939,80.58680099929916,1.002892997348681,78.31520000036107,0.2902229971368797
1940,94.20148899880587,1.0629490025166888,90.01328500016825,0.28144600219093263
1941,82.61155000218423,1.1520780026330613,80.25981800165027,0.28188999931444414
1942,82.62277299945708,0.9209659983753227,79.76535399939166,0.27201900229556486
1943,90.13484200113453,0.9915049995470326,88.02753599957214,0.2920200022344943
1944,89.36494899899117,1.4234500013117213,84.95869000034872,0.2794270003505517
1945,84.4251880007505,1.1243570006627124,81.66145399809466,0.2621489984448999
1946,80.11518899729708,1.2403939981595613,77.7317710017087,0.27063100060331635
1947,85.05306100050802,0.9260959996026941,80.00070599882747,0.2919830003520474
1948,86.53138199952082,1.1594679999689106,82.04201199987438,0.26546400113147683
1949,78.7742940010503,1.0898930013354402,76.48615500147571,0.2690010005608201
1950,84.96333800212597,1.0265780001645908,82.8869230026612,0.26716799766290933
1951,80.79265400010627,1.114190003136173,78.36142200176255,0.41307599894935265
1952,91.88157099924865,1.6534150017832872,88.55011299965554,0.2975940005853772
1953,87.27371900022263,1.0750969995569903,85.00180200280738,0.2643350017024204
1954,85.87845299916808,3.099920002568979,81.55238000108511,0.2648900008352939
1955,82.99590399838053,1.2383569992380217,80.55146799961221,0.3268530017521698
1956,80.74580200263881,2.211416998761706,77.31926899941755,0.27616800070973113
1957,80.3512079983193,1.0378740007581655,78.13701299892273,0.29861200164305046
1958,82.02210400122567,1.7759339971235022,79.13636900048004,0.2659090023371391
1959,81.93964100064477,1.1182269990968052,79.66070499969646,0.29251900195959024
1960,83.96011099830503,1.1027079999621492,81.71626900002593,0.2699270007724408
1961,80.89663699865923,1.828896001825342,77.92006799718365,0.27035300081479363
1962,81.05247000275995,0.9900969998852815,78.95040500079631,0.2858719999494497
1963,86.23999199699028,2.239323999674525,81.97986300001503,0.2658160010469146
1964,80.99417300036293,1.8921369992312975,77.98023500072304,0.26546400113147683
1965,88.85828100028448,1.0732830014603678,86.7013080023753,0.2835200029949192
1966,83.67325899962452,1.041670999256894,81.51432399972691,0.2652789989951998
1967,84.93461600301089,0.9661149997555185,81.79286200174829,0.302483000268694
1968,83.65240700004506,1.8983599984494504,80.55009800227708,0.26550099937594496
1969,84.20542699968792,1.1010230009560473,82.00806600143551,0.27750200024456717
1970,87.9580740001984,1.7029699993145186,85.03756100253668,0.3286680002929643
1971,78.058234998025,1.0343190006096847,75.87715200133971,0.2642600011313334
1972,79.53959299993585,1.0543009993853047,77.32821399986278,0.2871129981940612
1973,84.541669999453,1.0593010010779835,82.28275299916277,0.3433169986237772
1974,80.24418900095043,1.0108930000569671,78.10477200109744,0.26426099793752655
1975,86.1736769984418,1.0398370031907689,84.02850100173964,0.25753800218808465
1976,80.82800600095652,1.1510789991007186,78.491385000234,0.2691670015337877
1977,78.50786700146273,1.0635420003382023,76.31633900018642,0.2814090003084857
1978,85.80682300089393,3.250532001402462,81.4700279988756,0.2706679988477845
1979,78.73431299958611,1.0116710000147577,76.5580619990942,0.303667999105528
1980,80.50257799914107,1.2499129989009816,77.93058700190159,0.3015389993379358
1981,83.8282969998545,1.081282000086503,81.29011900018668,0.2700570003071334
1982,82.35075300035533,1.2711540002783295,77.75140100056888,0.2770380015135743
1983,86.52040100059821,1.0355589984101243,83.13994199852459,0.28626099810935557
1984,91.03999299986754,3.4567930015327875,86.26519599783933,0.2725749982346315
1985,82.13490100024501,1.0384109991719015,79.86665000134963,0.30757499916944653
1986,83.5968329993193,1.6410069983976427,80.13761399706709,0.2661299986357335
1987,81.43037899935734,1.0353190009482205,79.29855499969563,0.2602599997771904
1988,87.10414300003322,1.1826529989775736,84.46024399745511,0.27077899721916765
1989,79.88722500158474,0.9748369993758388,77.827029999753,0.26290900132153183
1990,78.57151499774773,1.0197269984928425,76.46719200056395,0.2625189990794752
1991,84.08072400197852,1.1226719980186317,80.26124500247533,0.3022050004801713
1992,81.60293499895488,1.8383780006843153,78.58719999785535,0.26785299996845424
1993,83.89176000127918,0.9325230021204334,79.44235199829563,0.26574200091999955
1994,86.27008399707847,2.5002700022014324,82.63223600079073,0.26566700034891255
1995,80.7476170011796,1.5533949990640394,78.07408699954976,0.26859299759962596
1996,91.75266400052351,1.072393002687022,87.20588500000304,0.27033500009565614
1997,81.9388620002428,0.9897820018522907,79.84683600079734,0.26364900259068236
1998,93.06509499947424,1.1254500022914726,90.68765899792197,0.37402000089059584
1999,87.57755300030112,2.3966210028447676,83.33509099975345,0.2721499986364506
2000,83.75931499904254,2.0676019994425587,80.58083899959456,0.2694079994398635
2001,86.59177099980297,0.9707259996503126,84.47652199902222,0.29068599906167947
2002,81.72136199937086,1.067411998519674,79.54676000008476,0.2728709987422917
2003,84.12007500010077,1.1157090011693072,81.8969929969171,0.27079700157628395
2004,83.31712800281821,1.069429999915883,81.11078499860014,0.2750940002442803
2005,83.65935199981323,1.2733389994536992,81.27384099861956,0.26520500250626355
2006,83.65357299771858,1.3068020016362425,80.99239500006661,0.26272300237906165
2007,81.44019400060643,1.0284119998686947,79.35279700177489,0.2657229997566901
2008,84.75963399905595,1.6050439990067389,81.36306400047033,0.2684460014279466
2009,81.59362100195722,1.2191349997010548,79.1911100022844,0.26942700060317293
2010,83.65623999998206,1.0904670016316231,81.4310089990613,0.28859299709438346
2011,88.50289000110934,1.2209310007165186,84.24433599793701,0.26177899781032465
2012,81.35815700006788,2.1160649994271807,78.12264299718663,0.26518700178712606
2013,87.20201399773941,1.0841340008482803,84.97900500151445,0.2659460005816072
2014,80.93950699912966,0.9269299989682622,78.13545799945132,0.34387199775665067
2015,82.85797800272121,3.0156049979268573,78.6441640011617,0.31350200151791796
2016,83.55249899977935,1.0339850014133845,81.40943499893183,0.26014999821200036
2017,82.05597399864928,1.8158780003432184,79.06138799808105,0.2867420007532928
2018,87.35871899989434,1.0423010025988333,85.20150600088527,0.26457499916432425
2019,81.89808500173967,0.9228369999618735,79.88337300048443,0.26398300178698264
2020,81.63160199910635,0.9315410025010351,77.87330800056225,0.26972300111083314
2021,85.34465499906219,1.1797449988080189,82.67368099768646,0.27007599783246405
2022,80.23305900132982,1.3981539996166248,77.6762149980641,0.26359399998909794
2023,85.33456199802458,0.9630040003685281,83.30772000044817,0.25983399973483756
2024,82.91197800281225,0.9484479996899609,79.42894500229158,0.26468600117368624
2025,86.34375199835631,1.0744119972514454,84.10466799978167,0.26272299874108285
2026,95.74614300072426,1.0890419980569277,93.49224499965203,0.2629270020406693
2027,88.72865000012098,1.7696930008241907,85.463952000282,0.2713350004341919
2028,87.90946199951577,1.0508010018384084,85.73410100143519,0.26618600168148987
2029,79.41025900072418,1.0600599998724647,77.17028700062656,0.26339000032749027
2030,81.70088099723216,1.1331899986544158,79.37459299864713,0.27870499980053864
2031,81.7678990024433,1.4688580013171304,79.19368400325766,0.2630380004120525
2032,81.26534099937999,0.9981520015571732,79.177757997968,0.2766309989965521
2033,84.12150200092583,1.0635970029397868,81.8197689986846,0.3658719979284797
2034,80.50048599761794,0.9916890012391377,78.42016300128307,0.2650559981702827
2035,83.3444240015524,1.021838001179276,81.12110000001849,0.3239090001443401
2036,83.24846100003924,1.909082002384821,80.15657699797885,0.2594639991002623
2037,80.74183899952914,1.1959500006923918,78.39775499815005,0.27064900132245384
2038,88.03387000079965,1.0022259994002525,85.82434200070566,0.3332980013510678
2039,87.46125600009691,1.048189998982707,85.25808100239374,0.2685389990801923
2040,80.99145199958002,0.9950040002877358,78.65647899961914,0.2897240010497626
2041,83.17864499986172,2.2445649992732797,78.67622000048868,0.25942699721781537
2042,82.66568099861615,0.9935050002241042,80.56645000033313,0.26279800295014866
2043,83.86972300286288,1.8856189999496564,80.88050699734595,0.2631490024214145
2044,79.24088799700257,0.9638740011723712,76.34243199936463,0.25768599880393595
2045,80.33007800258929,1.1090610023529734,78.09954999902402,0.281131000519963
2046,82.94264500000281,2.303879999089986,79.4459629978519,0.2663160012161825
2047,83.08345999830635,0.9388739999849349,79.44672300072853,0.2654819982126355
2048,85.33769200221286,0.9734859995660372,80.74296899940236,0.26290900132153183
2049,78.71205299670692,1.0427449997223448,76.57621100224787,0.29474199982360005
2050,80.60276400283328,0.9546889996272512,77.63456700195093,0.2669079985935241
2051,84.15544599847635,1.0631889999785926,82.02038099989295,0.2761489995464217
2052,80.4134489990247,2.4667139987286646,76.8267300009029,0.2694450013223104
2053,82.13514200178906,1.078042001608992,79.92581800135667,0.2689079992705956
2054,82.26291900064098,1.1954309993598145,79.91896599924075,0.2638160003698431
2055,82.32977199804736,1.469598999392474,79.7304459993029,0.2657789991644677
2056,89.42296800159966,0.9374120018037502,85.56597100323415,0.263668000116013
2057,82.7035509973939,1.3389129999268334,80.22776299912948,0.26255700140609406
2058,91.6489220035146,1.9201939976483118,88.55011299965554,0.2631309980642982
2059,87.74351699685212,1.948471002833685,84.53994800220244,0.2657049990375526
2060,81.08798900138936,1.2894690007669851,78.2116810005391,0.3222049999749288
2061,85.59398899888038,1.0869859979720786,83.34462799757603,0.2615200028230902
2062,81.77058400178794,1.0232269996777177,79.68237100067199,0.26216799960820936
2063,86.18580699840095,1.039763999870047,83.97957499983022,0.26085300123668276
2064,81.11848900080076,0.9676150002633221,77.71434499954921,0.26300099852960557
2065,80.18500300022424,1.0266890021739528,78.08505000139121,0.26203800007351674
2066,85.69537899893476,1.121968001825735,83.45107299828669,0.2681679980014451
2067,82.82710700223106,2.4696030013728887,79.25996199992369,0.26218600032734685
2068,85.49571099865716,2.1864530026505236,82.20841900038067,0.26783499924931675
2069,83.7705369995092,1.0720419995777775,81.60838000185322,0.2610199990158435
2070,88.39446400088491,1.6788039974926505,85.43580300101894,0.33353799881297164
2071,89.03965200079256,2.516067001124611,84.4787060013914,0.30877899916958995
2072,82.22825299890246,1.047392997861607,78.81810900289565,0.260501001321245
2073,84.22133500062046,0.9771330005605705,82.17288200103212,0.27405700166127644
2074,80.46909699987737,1.7659520017332397,77.57499299987103,0.2769640013866592
2075,84.69328199862503,1.0806719983520452,82.27775300110807,0.43559400000958703
2076,80.56796800156008,1.0632820012688171,78.28836599946953,0.31429799855686724
2077,82.11336399836,2.660733000084292,78.36108799892827,0.2678159980860073
2078,85.86373100115452,1.2093570003344212,83.37825800117571,0.2675199975783471
2079,81.57930499874055,1.073393999831751,79.18964800046524,0.45307599793886766
2080,86.03160300117452,1.821915000618901,83.00788600172382,0.2763900010904763
2081,85.23537599830888,0.9625780003261752,83.15090499672806,0.28877899967483245
2082,86.21080700322636,1.8209160007245373,83.22172000043793,0.2656680007930845
2083,88.32453699869802,1.8130630014638882,85.40467399870977,0.2594270008557942
2084,81.04935899973498,1.0569860023679212,78.78212699870346,0.34942699858220294
2085,83.13923899913789,2.7047709991165902,79.32900000014342,0.25911200282280333
2086,85.91863800029387,2.219953999883728,82.59760600049049,0.25979700149036944
2087,81.8392520013731,1.2593210012710188,79.42429600007017,0.26318699747207575
2088,88.81692800059682,1.080745001672767,86.54275300068548,0.3297240000392776
2089,83.50807299939333,2.2648249978374224,80.02787299847114,0.33392700061085634
2090,81.92665900060092,1.389912999002263,79.37001900063478,0.28968700280529447
2091,81.79401099914685,1.8808229979185853,78.71623800019734,0.2619090009829961
2092,80.248706999555,1.060392998624593,78.05040200037183,0.264926999079762
2093,84.0266490013164,1.0285419994033873,81.8631580004876,0.26079799863509834
2094,81.09030400009942,1.0791160020744428,78.8555159997486,0.28637200011871755
2095,86.64438199775759,1.0543749995122198,84.4392990002234,0.2621870007715188
2096,80.54635699954815,1.0609300006763078,78.36093999867444,0.2661680009623524
2097,80.6844690014259,0.9862080005405005,78.61581199904322,0.26118700043298304
2098,88.83676199911861,1.063671999872895,86.66017900031875,0.2691309964575339
2099,82.2532530000899,1.0611709985823836,80.02437300092424,0.2625380002427846
2100,93.90302400061046,1.1050969987991266,91.66060700226808,0.2931680028268602
2101,80.56722699984675,0.9965229983208701,78.49181100027636,0.264316000539111
2102,79.3543520012463,1.0585039999568835,77.18569399730768,0.26396500106784515
2103,86.86669899907429,2.30582400035928,83.44825799940736,0.26398300178698264
2104,78.4669960012252,1.0871519989450462,76.28096800181083,0.25718699907884
2105,83.29201599917724,0.9705779993964825,81.2343960024009,0.2614269978948869
2106,81.48793500004103,1.0298929992131889,79.34442600162583,0.2690010005608201
2107,80.17422600096324,1.0490599997865502,78.02269799867645,0.2649449997988995
2108,84.55878099994152,1.0793200017360505,82.37286399889854,0.26414899912197143
2109,81.1251369996171,1.0356339989812113,78.98466600090615,0.2562789995863568
2110,86.08271399862133,0.9526329995424021,82.32832800058532,0.27187099840375595
2111,82.3320679992321,1.480580998759251,79.73905700055184,0.2706300001591444
2112,83.4731280010601,1.1306159976811614,81.15739599816152,0.270223001280101
2113,84.79944899954717,0.9376699999847915,80.48800500182551,0.26490899836062454
2114,84.95119000144769,1.0713930023484863,82.75049599978956,0.2640749989950564
2115,85.56882300035795,1.0525780016905628,83.40735000092536,0.264926999079762
2116,81.63882399821887,1.549136002722662,78.91236800060142,0.26072300170199014
2117,79.68015000005835,0.9842450017458759,77.62182599981315,0.2692420021048747
2118,86.29508499871008,1.0336160012229811,84.11772299950826,0.2958900004159659
2119,81.47812000242993,1.2193759976071306,79.11425799829885,0.29526100115617737
2120,83.66059199761366,2.9328089985938277,79.62103799945908,0.2594090001366567
2121,81.92667700132006,1.0441160011396278,79.74405699860654,0.27698299891198985
2122,79.6620389992313,1.0930229982477613,77.43093600220163,0.2677230004337616
2123,85.37532099944656,1.7905450004036538,82.47647600001073,0.2642050021677278
2124,84.05314999981783,2.6114549982594326,80.35896699948353,0.2676490003068466
2125,83.89853700282401,1.0520969990466256,81.6985650017159,0.29381599961197935
2126,83.05881199703435,1.5191730017249938,80.364745001134,0.28407599893398583
2127,83.58568500261754,1.0962269989249762,81.35393499833299,0.2647600013006013
2128,85.59000799868954,1.052003997756401,83.4353869977349,0.2639820013428107
2129,81.809510000312,2.2916950001672376,78.01036499949987,0.2680750003491994
2130,90.35267600120278,1.0432259987283032,88.09381500032032,0.36472400097409263
2131,84.54396600063774,1.684192000539042,81.03137799844262,0.32315000134985894
2132,87.52038599777734,0.9934299996530171,85.39997000116273,0.2660749996721279
2133,88.46053900197148,2.1588609997706953,85.16700600011973,0.2634270022099372
2134,82.27699299823144,1.095430001441855,80.01253999827895,0.2669829991646111
2135,82.40347600076348,1.085820000298554,80.17902200299432,0.2715010014071595
2136,82.5223100000585,2.8254929966351483,78.33405100245727,0.26148299730266444
2137,79.24653599911835,1.0699489976104815,77.06826800131239,0.26924099802272394
2138,81.5091209988168,1.1049120003008284,79.31075899978168,0.25742700017872266
2139,80.1076509997074,1.145837999501964,77.84078999975463,0.26177900144830346
2140,87.9191840031126,0.9859849997155834,83.08634900095058,0.26564899962977506
2141,81.3256569999794,1.045597000484122,79.11383299870067,0.2682599988474976
2142,84.0995379985543,1.6782289967522956,81.18306300093536,0.4022049979539588
2143,91.75138600039645,1.0939310013782233,89.47191300103441,0.26457499916432425
2144,88.66709399808315,2.489955000783084,85.11265400011325,0.2636120007082354
2145,88.06188900052803,2.1265639988996554,82.83451399984187,0.2660749996721279
2146,80.20517000113614,1.0961529987980612,77.9902909998782,0.27398199745221063
2147,81.9634559993574,1.0936899998341687,79.68111300215241,0.29592700229841284
2148,86.64778900129022,1.2038940003549214,80.53193099840428,0.26696400163928047
2149,78.99255499796709,1.1012830000254326,76.8071560014505,0.27250100174569525
2150,86.61532600308419,1.107633997889934,84.27242799734813,0.3488160000415519
2151,80.2818379997916,2.1698429991374724,76.96895299886819,0.29077900035190396
2152,80.17511399884825,1.369691002764739,77.62045500203385,0.28159399880678393
2153,82.08919699973194,1.121856999816373,79.84611299980315,0.26798299950314686
2154,83.10529400114319,1.832637997722486,80.17607800138649,0.26261200036969967
2155,86.30210299816099,1.0369109986640979,84.11142800105154,0.2627789981488604
2156,83.08734900128911,1.1267820009379648,80.86556199850747,0.26681600138545036
2157,85.7776009979716,1.0828189988387749,83.55436899728375,0.2747230028035119
2158,84.39846600231249,1.0111520023201592,79.51000100001693,0.3094080020673573
2159,84.75794799960568,1.0684299995773472,82.15306700003566,0.2754829984041862
2160,87.91566600120859,2.32519499695627,84.496780000336,0.26427899865666404
2161,80.9672289979062,0.92476300051203,77.38586200139252,0.26096399960806593
2162,82.6059399987571,1.0198739983025007,79.86265100043966,0.29753799753962085
2163,79.87483500255621,1.2050050027028192,77.36454800033243,0.3416680010559503
2164,81.97569699768792,0.9338749987364281,79.17511000050581,0.272019999101758
2165,81.51180500135524,1.3119129980623256,78.98346099682385,0.27381600011722185
2166,81.93649199893116,1.0191159999521915,79.84635400134721,0.26150100165978074
2167,85.04576500126859,1.0841900002560578,82.11951200064505,0.28996399851166643
2168,84.04429800066282,1.817989999835845,79.34999999997672,0.2703710015339311
2169,80.11618800082942,1.1242830005357973,76.97302700034925,0.2920010010711849
2170,88.02033299798495,1.0036710009444505,83.88468499833834,0.35748300069826655
2171,81.99914099895977,1.1455790008767508,79.55722299811896,0.26587199681671336
2172,84.4498910009861,1.191560000734171,81.22104500216665,0.26290900132153183
2173,86.8596250002156,1.8690629985940177,83.80822299659485,0.26800100022228435
2174,82.29673399910098,0.9673739987192675,80.25046700277016,0.26514999990467913
2175,86.40571499927319,1.0774490001494996,84.20413199928589,0.2715379996516276
2176,86.64717900319374,1.7876559977594297,82.27947500199662,0.2803899988066405
2177,84.70581899746321,1.0693570002331398,82.54184700126643,0.2633339972817339
2178,82.60903200061875,0.9347819977847394,79.77322399892728,0.2917609999713022
2179,79.7867059991404,1.2050789991917554,77.48825100134127,0.26318700111005455
2180,86.08462000120198,3.15292000232148,81.79636199929519,0.26663099924917333
2181,82.27699399867561,1.1765230010496452,79.96426200043061,0.3260199991927948
2182,86.35706700079027,1.58158000340336,81.7987139998877,0.26666799749364145
2183,82.12606700180913,2.2208609989320394,78.81151599940495,0.2685569997993298
2184,80.85598799880245,0.9982270021282602,78.68247899750713,0.31650200253352523
2185,85.44539600188727,1.0731710026448127,83.1896269992285,0.29464900217135437
2186,80.25889299824485,1.030948002153309,78.13129099668004,0.2703160025703255
2187,89.76091400108999,1.0755049988802057,87.45218299736734,0.32013099917094223
2188,87.2772549992078,0.9604849983588792,82.70492199881119,0.2966680003737565
2189,82.00184499946772,1.2278199974389281,79.57827899736003,0.2672789996722713
2190,87.67051600079867,1.7090440014726482,84.80241100187413,0.2723159996094182
2191,80.21483699849341,1.5651359972252976,77.52239900219138,0.2696490009839181
2192,87.55479400133481,1.011355998343788,84.0094829982263,0.3039820003323257
2193,82.79570000013337,1.0823010015883483,80.57304199974169,0.27709400092135184
2194,84.7119850004674,0.9898740026983432,82.65331000075093,0.26902000172412954
2195,83.46918399911374,0.9427639997738879,80.00948399785557,0.2713530011533294
2196,82.57177300038165,0.9742260008351877,78.09206799720414,0.2729640000325162
2197,84.85998600008315,1.04033800016623,82.54769900304382,0.383317001251271
2198,83.51786999992328,1.1209120020794217,81.19476700085215,0.29739000092376955
2199,83.2689790004224,1.6840620010043494,80.341856002633,0.26281600003130734
2200,93.47292999882484,3.6450330007937737,88.70064999791794,0.27925999893341213
2201,82.84901500155684,2.7859380024892744,78.91790499706985,0.2588160023151431
2202,94.72526799800107,1.0641709995979909,92.56414800256607,0.27005599986296147
2203,82.447143002355,1.055929998983629,80.27305999712553,0.25611200180719607
2204,81.82036199650611,0.9758559972397052,79.77237199884257,0.26170400087721646
2205,86.10034299999825,1.0709669986681547,83.91298299829941,0.26757600062410347
2206,79.98854000106803,1.0563380019448232,77.72158599982504,0.34842800232581794
2207,85.99549100108561,1.0434860014356673,83.83377800055314,0.2678720011317637
2208,80.06417000069632,1.0335970000596717,77.93106900135172,0.26109399914275855
2209,84.07701900068787,1.0623929993016645,80.7370609982172,0.26287099899491295
2210,84.68583799913176,1.0027260032074992,81.4763979979034,0.2612040007079486
2211,80.25311500023236,1.873895998869557,77.2433429992816,0.26207500195596367
2212,86.20339899789542,1.0343559988541529,83.74562899916782,0.3178160004608799
2213,81.30193400211283,0.9949300001608208,77.18949100308237,0.26085300123668276
2214,85.97108299727552,1.0960969993902836,83.10247800181969,0.25107500187004916
2215,91.80631200069911,2.052102001471212,88.56676100185723,0.35827900137519464
2216,82.3585500002082,2.7388079979573376,78.41155200003413,0.28737100001308136
2217,89.20968900201842,1.7176920009660535,86.27062199957436,0.3366130003996659
2218,86.17095499721472,0.9632260007492732,82.39934599987464,0.26666800113162026
2219,84.9943200009875,1.0585969976091292,82.86073699855478,0.26663099924917333
2220,85.82825000121375,1.0020039990195073,83.69362899975386,0.28174199906061403
2221,80.07876199917519,2.235935000499012,76.62791400071,0.33855700166895986
2222,87.64773900111322,0.9804110013647005,84.1303169981984,0.2606859998195432
2223,80.2449289985816,1.0586889984551817,78.09410600020783,0.264926999079762
2224,81.12823000192293,0.9691519990155939,79.09773999926983,0.2667050030140672
2225,87.46368199717836,1.641914997890126,84.70220800154493,0.2577049999672454
2226,83.33538700026111,0.9581710000929888,79.53211200219812,0.2621489984448999
2227,84.80150499963202,1.057301000400912,82.63223600079073,0.26150099802180193
2228,79.7923170030117,1.090707999537699,77.53956699889386,0.26266800341545604
2229,82.3334380002052,1.0519479983486235,80.13489199947799,0.28990799910388887
2230,84.88002299782238,0.9893370006466284,82.81312599865487,0.2602050008135848
2231,88.71489200100768,1.0274490014126059,86.60117899853503,0.26109400278073736
2232,89.28067099986947,1.2168940011179075,86.86186499835458,0.2701500015973579
2233,82.2540859990113,1.068857000063872,80.12768900152878,0.26398299814900383
2234,85.17080300225643,1.0272639992763288,80.65261700176052,0.28844500047853217
2235,87.29779199711629,1.1384680001356173,84.93995000026189,0.3538710006978363
2236,80.7050250004977,1.8743779983196873,77.70599300056347,0.26129699836019427
2237,85.95417600008659,0.9380040028190706,83.31751700097811,0.27987199791823514
2238,81.44050800183322,0.9603560029063374,79.37198100262322,0.26379699920653366
2239,80.51376499861362,1.0826350007846486,78.32364400019287,0.2627789981488604
2240,88.66598299937323,2.152619999833405,85.39598800052772,0.25944499793695286
2241,79.25416600119206,1.0160220008401666,77.21330500135082,0.2648720001161564
2242,88.00636999876588,1.7391549990861677,83.81463000114309,0.2668900015123654
2243,85.6480639995425,2.585918002296239,81.9464189989958,0.26140800036955625
2244,80.46844899945427,1.3024309992033523,77.90993900198373,0.3382599970791489
2245,92.43588800018188,1.0123190004378557,88.77096599826473,0.2759079980023671
2246,88.2682230003411,0.955040999542689,86.2264370007324,0.28642700272030197
2247,90.34771300139255,1.1185420007677749,85.5804340026225,0.2826309973897878
2248,82.82464399962919,2.0705460010503884,79.4517040012579,0.2702790006878786
2249,81.47475000077975,1.0491159991943277,79.29475900164107,0.2683159982552752
2250,88.50098299808451,0.9786329974303953,86.33825200013234,0.3341129995533265
2251,80.73404300012044,1.0267819998261984,78.60666400301852,0.27129799855174497
2252,86.32738100277493,1.1410050028644037,84.05961300013587,0.2735939997364767
2253,79.03766500021447,1.0466530002304353,76.84300799883204,0.2671490001375787
2254,83.1407939986093,1.57243300054688,79.21407300091232,0.264926999079762
2255,85.29880299829529,1.2298200017539784,80.72676500160014,0.2645389977260493
2256,80.81708000099752,2.400622001005104,77.28591699924436,0.26574200091999955
2257,87.96966600129963,1.0590970014163759,83.94431600027019,0.273390000074869
2258,81.2695269996766,0.9576330012350809,79.20631399974809,0.2718899995670654
2259,84.40048400007072,2.62273299813387,80.61041299879435,0.3004829995916225
2260,88.57061299931956,1.7000629995891359,85.06126499923994,0.27557499925023876
2261,81.16489600070054,1.0391340001660865,79.05616499920143,0.26174200320383534
2262,90.43386199846282,1.1531529999047052,88.1208520004293,0.28794600075343624
2263,90.03665600175736,1.8056929984595627,87.01751400076319,0.3351129998918623
2264,87.64720199906151,1.710118001938099,84.77830000265385,0.2632240029925015
2265,85.68715599903953,2.1632680000038818,82.41053199890302,0.2693150017876178
2266,83.01646000109031,1.1660409982141573,80.69141300074989,0.26512999829719774
2267,83.17268300015712,1.0610410026856698,80.95841400063364,0.25898300009430386
2268,82.39497500107973,2.759604001767002,78.53023699863115,0.2740009986155201
2269,81.61634299904108,1.8038229973171838,78.6685339990072,0.28663099874393083
2270,85.4563219982083,1.8725640002230648,82.33584600020549,0.29977899976074696
2271,84.3240579997655,2.5222699987352826,80.67407899943646,0.28681600088020787
2272,96.69755499999155,1.1026719985238742,94.44489700035774,0.28290900081628934
2273,86.7809200026386,1.073319999704836,84.37572500042734,0.40966799861053005
2274,90.15934199851472,1.255467999726534,87.24249700026121,0.2604450019134674
2275,83.52309100155253,1.0307449992978945,81.396860001405,0.2610199990158435
2276,79.46740799889085,1.0562080024101306,77.28688000133843,0.2753529988694936
2277,83.89200099918526,1.0518369999772403,81.7402510001557,0.2544449998822529
2278,81.45271200191928,1.0721530015871394,79.28870300020208,0.26057500144816004
2279,82.49455099939951,1.0214489993813913,80.43913499932387,0.25689000176498666
2280,82.24475300085032,1.104466999095166,79.99920699876384,0.26114900174434297
2281,80.4172819989617,1.6638029992463998,77.57534499978647,0.2737789982347749
2282,83.49599899884197,1.0028010001406074,81.40821299821255,0.26455699844518676
2283,81.30410100056906,1.1195980005140882,78.94203499745345,0.2833899998222478
2284,84.70063400091021,1.0085600006277673,82.54993900118279,0.28335300157777965
2285,84.35940900017158,1.9375629999558441,81.26317400092375,0.282389999483712
2286,81.72725099939271,1.0550970000622328,79.42938999985927,0.32216799809248187
2287,88.02994399957242,1.8985630013048649,84.96780199857312,0.26218600032734685
2288,85.36324799933936,2.7244740012974944,81.51148999968427,0.28422400282579474
2289,95.79540200138581,1.0622450026858132,93.59467100148322,0.27053799931309186
2290,79.5540750004875,1.0845409997273237,77.29843599736341,0.2942610008176416
2291,80.26350399813964,1.9813229991996195,77.15708399700816,0.26814899683813564
2292,83.40844300255412,1.19628299944452,81.0874149974552,0.2687050000531599
2293,79.46666699717753,1.3350619992706925,76.94658300169976,0.26227899797959253
2294,83.2011650018103,1.0873749997699633,80.71846799794002,0.2620569975988474
2295,80.99419199788827,1.0409120004624128,78.8693680005963,0.2678339988051448
2296,83.9694820024306,0.9225960020557977,80.54461600113427,0.2663160012161825
2297,83.81350099807605,1.6131360025610775,81.06484100062517,0.26909299776889384
2298,80.22528100264026,1.0792449975269847,77.96943799985456,0.2599459985503927
2299,85.3168959984032,0.970023000263609,83.22857200255385,0.26653799795894884
2300,84.34922399828793,0.9751709985721391,80.29363300011028,0.3149819967802614
2301,85.73752700249315,1.512840000941651,83.1119420035975,0.28335299793980084
2302,88.69402100026491,1.5863029984757304,85.9143240013509,0.32385300073656254
2303,83.27748000010615,0.9965040007955395,81.12080299906665,0.30596500073443167
2304,86.46162199875107,1.0524120007175952,83.5354249975353,0.32479799847351387
2305,86.12201000141795,2.158953000616748,82.73371800169116,0.28150099751655944
2306,84.34594699792797,1.0688000002119225,82.05186300256173,0.2768160011328291
2307,84.73246699941228,0.931206999666756,82.04075199682848,0.2727049977693241
2308,84.41578100246261,1.028393002343364,82.21766100177774,0.2857789986592252
2309,85.81619399774354,2.583677000075113,82.10869699905743,0.2882610024244059
2310,83.27455300241127,1.1434490006649867,80.18818900018232,0.2863529989554081
2311,80.42650499919546,0.985466998827178,78.29951399980928,0.26312999762012623
2312,83.15792299981695,1.0696899989852682,80.9608780000417,0.2634820011735428
2313,81.00911899964558,1.0793569999805186,78.71421999880113,0.3138530009891838
2314,80.43935599926044,1.7533040008856915,77.49447399692144,0.2831499987223651
2315,83.45577699947171,3.1450869973923545,79.05614700212027,0.2635570017446298
2316,81.70212100230856,1.0613189988362137,79.4359820029058,0.3415020000829827
2317,86.15537999867229,1.0462639984325506,83.89881599941873,0.27901900102733634
2318,89.14404100141837,1.0676899983081967,86.93958699950599,0.27157500153407454
2319,81.63628799957223,0.9463559981668368,79.57013099803589,0.273204997938592
2320,86.0477690002881,1.030375002301298,83.90170400161878,0.2703160025703255
2321,82.17808599874843,1.047727000695886,79.99144699715544,0.2672609989531338
2322,83.92944500155863,1.2761910002154764,81.51134199943044,0.26677899950300343
2323,81.52617599989753,0.9550040012982208,79.46774099764298,0.2663529994606506
2324,80.84915499784984,1.084911997168092,78.6178310008836,0.28677899899776094
2325,83.14051600245875,1.097374999517342,80.82056199782528,0.261946002865443
2326,83.430127997417,1.90363699948648,79.69272400077898,0.26681599774747156
2327,80.52833799956716,0.9776700026122853,78.42520000122022,0.28394499895512126
2328,84.51131800029543,1.2810609987354837,81.33897100196918,0.2775749999273103
2329,80.32465300129843,0.9298920012952294,77.95525400069891,0.27235300149186514
2330,87.94744300030288,1.8546549981692806,84.94509699812625,0.26735299979918636
2331,82.10056700045243,1.1456530010036658,79.85344599728705,0.26113000058103353
2332,89.04887400058215,0.8648740003991406,85.42993299852242,0.2610750016174279
2333,90.71771500020986,1.442913999198936,88.12227700036601,0.25925999943865463
2334,80.36654099851148,1.0770230001071468,78.11266100179637,0.27379799939808436
2335,84.93200500015519,1.003429999400396,82.7374040018185,0.27631599732558243
2336,81.8272149990662,2.285195001604734,78.36282999778632,0.30942699959268793
2337,80.38507799938088,0.972392997937277,78.224755001429,0.2822599999490194
2338,81.77628799967351,1.0390050010755658,79.61527899897192,0.26750100005301647
2339,80.92380300149671,1.15198599814903,78.61940500151832,0.266871000349056
2340,83.4759249992203,1.1470780009403825,81.19324900326319,0.26652000087779015
2341,81.3915270009602,0.9942819997377228,79.30711100198096,0.2642420004121959
2342,91.21449400117854,1.1498570020194165,88.96163299868931,0.2634270022099372
2343,88.85231800013571,2.0059160015080124,85.28915499846335,0.26798299950314686
2344,82.151011996757,1.044151998939924,80.0003549993562,0.26298200100427493
2345,91.04947500236449,1.024893001158489,88.9335959982418,0.2627419999043923
2346,82.5299210009689,1.1874310002895072,80.07728099983069,0.27255600070930086
2347,81.66530599919497,1.0917820000031497,79.45481599745108,0.26692699975683354
2348,85.88278699971852,1.1223200017411727,82.78775500002666,0.25187099890899844
2349,80.55013500052155,0.969300999713596,78.51033000042662,0.2543159971537534
2350,83.5026469976583,1.0808940023707692,81.22069299861323,0.2547779986343812
2351,81.4342490011768,1.0184859966102522,79.32862899906468,0.25651900068623945
2352,82.04688199839438,0.9259670005121734,78.31631099907099,0.38001999928383157
2353,83.09844200266525,1.4869329970679246,80.24802199724945,0.25583400201867335
2354,82.58612499776063,1.1194489998160861,80.39426400137017,0.2626310015330091
2355,86.26475100027164,2.1462309996422846,83.0182749996311,0.2587229973869398
2356,81.72562099935021,1.0589119992800988,79.49292699777288,0.263592999544926
2357,84.74085600028047,1.0333370009902865,82.59956999972928,0.2689829998416826
2358,84.90170900040539,1.4898759982315823,80.55159700234071,0.28466799994930625
2359,82.07810400199378,1.1105240009783302,79.80007600053796,0.2951679998659529
2360,88.80655800021486,1.060244998370763,86.41551099935896,0.27901899738935754
2361,82.87751500029117,1.0878009998123161,80.5344860018522,0.3686679992824793
2362,91.13710499877925,1.018097002088325,89.00096700017457,0.26946399884764105
2363,81.53013899936923,1.494690997787984,78.86151600177982,0.29355700098676607
2364,79.41776000006939,1.0089860006701201,77.3182140001154,0.2659450001374353
2365,89.89124800064019,4.4991489994572476,82.66127400202095,0.2900380022765603
2366,83.78657399953227,0.9469110009376891,80.91145100115682,0.2661120015545748
2367,86.00338000178454,0.9322820005763788,82.79368099829298,0.37531699854298495
2368,85.14730199749465,2.75045599846635,81.24074900115374,0.3222980012651533
2369,84.14555800118251,1.0406150031485595,81.86976999786566,0.36687199826701544
2370,82.4763089985936,1.8868039987864904,79.2798699985724,0.2676309995877091
2371,79.40533399960259,1.0788190011226106,77.1801390001201,0.27616800070973113
2372,85.16643199982354,0.9932630018738564,83.01749699967331,0.30125999910524115
2373,80.87813600286609,1.354598000034457,78.38086699848645,0.2690010005608201
2374,86.76497499982361,1.105301002098713,84.51131800029543,0.30887200045981444
2375,86.99534699917422,1.1317639982735272,84.73022600082913,0.2636120007082354
2376,80.54135700149345,1.9881930020346772,77.4243439991551,0.2701310004340485
2377,93.25502199862967,1.0232270033156965,91.07854899775703,0.26985299700754695
2378,79.0443879996019,1.0814859997481108,76.81093400242389,0.2925200024037622
2379,78.3570880012121,1.0613189988362137,76.11707899923204,0.29566800003522076
2380,84.17996500065783,0.9631890025048051,82.064640999306,0.2641300015966408
2381,81.42530499753775,1.0178929987887386,78.31310700203176,0.2620390005176887
2382,83.86594500188949,1.0582819995761383,81.66041699951165,0.27426000087871216
2383,82.23530800023582,1.3477100001182407,79.73516899801325,0.2734830013650935
2384,80.89565499903983,0.9477260027779266,78.88001700121094,0.2653159972396679
2385,85.47098900089622,1.1121150018880144,83.20216399806668,0.2878339982999023
2386,81.4291200003936,0.9879300014290493,79.31557399933808,0.26227899797959253
2387,88.47813099782798,1.0419120008009486,86.3075300003402,0.28681600088020787
2388,83.1932750006672,1.1188200005562976,80.95511800274835,0.26798299950314686
2389,183.06134399972507,2.0706569994217716,179.8255710018566,0.2937419994850643
2390,87.06053200148745,1.293209999857936,84.64704099969822,0.2672789996722713
2391,86.51664100034395,1.2304310002946295,84.11890899878927,0.2730009982769843
2392,81.53632399989874,1.007653001579456,78.51305199801573,0.2619090009829961
2393,82.76749599826871,1.9828410004265606,79.51089000198408,0.2648349982337095
2394,89.93448899855139,3.653034000308253,85.1492470028461,0.2887420014303643
2395,83.98420500088832,1.7996370006585494,81.05189599882578,0.2667240005393978
2396,89.90358200026094,0.9908559986797627,87.77023899892811,0.2939080004580319
2397,80.78354299868806,1.0963189997710288,78.47325599868782,0.2626309978950303
2398,80.45894899987616,1.1152449988003355,78.15745799962315,0.2715199989324901
2399,84.50679900124669,0.9325589999207295,81.51406400065753,0.37533499926212244
2400,79.79589100068551,1.241968999238452,77.45027000055416,0.26096399960806593
2401,85.82378700157278,0.9855789976427332,82.54431000023033,0.26118700043298304
2402,87.0532729968545,1.3108020029903855,84.59815199967124,0.2620390005176887
2403,84.98207900265697,0.9204109992424492,82.06854899981408,0.26118700043298304
2404,82.37560599809512,0.9375219997309614,80.3414479996718,0.28968699916731566
2405,88.18324100138852,1.948470999195706,85.09611699992092,0.27975999910268
2406,85.00865300084115,1.0361149979871698,82.55601400014712,0.3906130004907027
2407,84.29646500007948,1.4649510012532119,81.18789700165507,0.28800099971704185
2408,83.64511099716765,1.100967998354463,81.36324899896863,0.290130999928806
2409,88.71585400265758,1.2042270027450286,86.34834500116995,0.26100099785253406
2410,82.29953099726117,1.007466998999007,80.18218900178908,0.2957969991257414
2411,86.61464200122282,1.047505000315141,84.4629659986822,0.2651489994605072
2412,81.2286190011946,1.0943010020127986,78.96062799773063,0.29409399940050207
2413,79.70896500046365,1.0631339973770082,77.5304739981948,0.262371999269817
2414,87.22008899712819,2.301935001014499,83.81200000076205,0.26444499962963164
2415,81.63982400219538,1.2471160007407889,78.77473899861798,0.2640569982759189
2416,82.6220140006626,1.0768559986900073,80.38980100172921,0.26476100174477324
2417,84.59800299897324,1.075986001524143,82.41406800152618,0.27463099831948057
2418,82.061529999919,1.0133560026588384,79.96137300142436,0.2637779980432242
2419,88.70565100005479,0.974485999904573,85.26270999936969,0.26507499933359213
2420,82.38332800101489,1.0154119991057087,80.29300400085049,0.26007499764091335
2421,91.25064199906774,1.9273969992354978,88.16122200005339,0.2845759991032537
2422,80.90611800071201,1.0216889968432952,78.6538299980748,0.3571310007828288
2423,82.78321800025878,1.0876349988393486,80.0465219981561,0.260389999311883
2424,87.47421999942162,1.051356997777475,85.349673001474,0.2627970025059767
2425,81.30304499718477,2.220102000137558,77.73875199927716,0.2832790014508646
2426,88.65355800298858,1.0670420015230775,86.48856700165197,0.26274100309819914
2427,84.13385299718357,1.087578999431571,81.9172699993942,0.28211300013936125
2428,82.25845700144419,1.0193939997407142,80.07924399862532,0.28813099925173447
2429,85.97521300180233,1.0920970016741194,81.59180599977844,0.26177899781032465
2430,80.16281799791614,1.0866890006582253,77.88334599899827,0.3028720020665787
2431,91.1053460004041,1.5175430016824976,88.46218699909514,0.26398300178698264
2432,84.81939400007832,3.281903002061881,80.41556000171113,0.28720500267809257
2433,85.88193499963381,0.9921150012814905,81.5155460004462,0.4737609997391701
2434,85.64685999954236,1.7090260007535107,82.23632699809968,0.2632609975989908
2435,81.71480600140058,0.9716149979794864,79.62931600195589,0.2704640028241556
2436,89.52296899951762,1.0501889992156066,86.92805000100634,0.2845379967766348
2437,82.4678649987618,0.9390410014020745,79.53522400202928,0.271944998530671
2438,87.86423900164664,1.0960229992633685,85.63993399729952,0.2645389977260493
2439,80.6047279984341,0.9757080006238539,78.52586700028041,0.26487099967198446
2440,83.5792580000998,2.5192699977196753,79.89500299663632,0.3139830005238764
2441,87.18673700059298,1.8047480007226113,84.21916899897042,0.2683340026123915
2442,80.87574700039113,1.0359489970142022,78.73421999829588,0.26163099755649455
2443,86.10914000018965,1.0022640017268714,83.94240800043917,0.2659460005816072
2444,82.17706800132873,2.153508998162579,78.9029620027577,0.2735009984462522
2445,81.35752699672594,1.0880970003199764,79.08883200070704,0.26496400096220896
2446,87.8562760008208,0.9193750011036173,84.97789399916655,0.2688710010261275
2447,84.36133600116591,0.9639670024625957,79.13829600147437,0.2668720007932279
2448,92.09649799959152,2.4256399992736988,88.46279699719162,0.311594001686899
2449,81.59350999994786,1.030152001476381,79.35898199866642,0.27572299950406887
2450,90.13974900153698,2.169360999687342,86.83693900093203,0.2696859992283862
2451,81.5056569990702,2.5446219988225494,77.87173399992753,0.2632789983181283
2452,82.4567540003045,1.08289299896569,80.2417080012674,0.28990799910388887
2453,86.31621499807807,1.2068379983247723,83.99159299733583,0.2712970017455518
2454,80.93580300192116,1.0536890004004817,78.71212700047181,0.29277900102897547
2455,83.61018399955356,0.9336889997939579,81.57286099958583,0.28203799956827424
2456,81.68021399978898,1.0331710000173189,79.37105599921779,0.2742970027611591
2457,78.34690299932845,1.1436349996074568,76.09352299914462,0.2811500016832724
2458,85.9745470006601,1.1371159998816438,83.48961000228883,0.31887099976302125
2459,82.69723600096768,1.7545260016049724,79.84850199864013,0.26261200036969967
2460,85.6729160004761,1.0171519970754161,83.55992599899764,0.26426100157550536
2461,88.177221998194,1.1622829988482408,85.92445400063298,0.26770499971462414
2462,83.04866400067112,1.0264480006298982,80.92467399910674,0.2625009983603377
2463,87.93844300089404,1.315671997872414,85.50083999944036,0.2994089991261717
2464,81.0165259972564,1.0155039999517612,78.8857570005348,0.26702000104705803
2465,87.62668300187215,1.0988190006173681,85.31356300227344,0.3422600020712707
2466,82.80347799882293,0.942188999033533,79.17914700010442,0.264390000666026
2467,85.33248800085858,1.9585080008255318,82.25743900038651,0.2647420005814638
2468,83.57979499851353,0.9976900000765454,81.50536099856254,0.27351999960956164
2469,83.27168400137452,0.9463749993301462,81.21710100022028,0.2640570019138977
2470,85.11569099937333,1.291726999625098,82.71273599893902,0.2717789975577034
2471,81.1870630022895,1.0169109991693404,79.05331399888382,0.26557499950286
2472,79.23890699748881,1.0899669978243764,76.63785900149378,0.2798159985104576
2473,87.34858900061226,1.002744997094851,84.17427899985341,0.26325999715481885
2474,82.86408899948583,1.7249519987672102,80.02918800048064,0.2717419993132353
2475,87.0146070010378,0.9944860030373093,84.90496800004621,0.2672609989531338
2476,88.57659400018747,1.038430000335211,86.37243699922692,0.29490800079656765
2477,86.76371700130403,2.409120999800507,83.246459998918,0.2678720011317637
2478,89.45615299671772,3.030976000445662,85.10089400078868,0.2912240015575662
2479,81.09773000251153,1.0511149994272273,78.88962800279842,0.28546400062623434
2480,87.43807099745027,1.4529130021401215,84.36353999786661,0.27500099895405583
2481,80.99797000249964,0.9390229970449582,78.98049800132867,0.26561199774732813
2482,79.52968599784072,1.4685989990539383,76.92165600019507,0.2785199976642616
2483,82.17669700024999,1.0385970017523505,80.02042800217168,0.26779800100484863
2484,81.79913999993005,0.9504670015303418,78.05162500153529,0.2681119985936675
2485,85.42959999977029,0.9560779981256928,81.03554400076973,0.5095390006317757
2486,86.23952900234144,2.426547001959989,82.09791899935226,0.2848530020855833
2487,83.29935000074329,1.0704119995352812,81.07419199950527,0.2882979970308952
2488,85.69869399798336,1.0615050014166627,83.50770300239674,0.26826000248547643
2489,85.00848599942401,1.0318370004824828,81.5191940018849,0.2667050030140672
2490,87.79774000140605,1.0879490000661463,85.2198579996184,0.2809090001392178
2491,81.79891699910513,1.018597002257593,79.67294599802699,0.2712970017455518
2492,84.205651000957,0.9967820005840622,82.10375199996633,0.2666869986569509
2493,96.67933200034895,0.9528930022497661,93.31102199939778,0.2693530004762579
2494,81.33354500023415,1.7362110011163168,78.52931200250168,0.264390000666026
2495,85.55902599982801,1.74554499972146,82.65120000214665,0.2676309995877091
2496,80.7105429994408,0.9372819986310787,78.63525599896093,0.2636120007082354
2497,84.31322500109673,2.208564997999929,80.9684699997888,0.2796119988488499
2498,85.48109999901499,3.0474750019493513,81.00669199848198,0.2684459977899678
2499,82.65456899971468,1.113541999075096,80.39785599976312,0.2682230006030295
2500,85.15365499988548,1.0364490008214489,83.00012700055959,0.2704640028241556
2501,80.08850300029735,0.9631149987399112,78.03947600041283,0.2683530001377221
2502,81.86306599964155,2.071063998300815,78.68008999867016,0.26761200206237845
2503,88.42109399847686,1.1240229978284333,85.98336100112647,0.39652000123169273
2504,83.27488700160757,3.8147939994814806,78.10551299917279,0.2682599988474976
2505,87.41718199962634,0.9275039992644452,85.42411799862748,0.267593000899069
2506,83.4032759994443,1.0080790016218089,81.26310099760303,0.26324200007366017
2507,80.42168999963906,1.092375001462642,78.00469799985876,0.27961299929302186
2508,82.39993900133413,1.0787639985210262,80.06294699953287,0.26546400113147683
2509,83.09062699845526,0.9294849987782072,81.09641500050202,0.26351899941801094
2510,86.16547299970989,2.244582999992417,82.82860699910088,0.26351899941801094
2511,82.13277100003324,1.0880609988817014,79.87209500060999,0.25831599850789644
2512,80.19648499976029,1.0244490003969986,78.07740200223634,0.2640749989950564
2513,84.66574500198476,1.031948999298038,80.97271099904901,0.2610200026538223
2514,84.62629999849014,0.9912630011967849,82.4996800001827,0.2687050000531599
2515,81.5130280025187,1.074040999810677,79.27320299859275,0.2877970000554342
2516,85.3181919992494,1.3296910001372453,82.86751500054379,0.28326000028755516
2517,81.4985090000846,0.9160779991361778,79.50605600126437,0.26440900182933547
2518,87.94624000074691,1.1060789984185249,85.49591499831877,0.27105699700769037
2519,84.1382420003356,1.1378010021871887,81.66484300090815,0.2782970004773233
2520,87.65634999872418,1.0777999996207654,85.33111799988546,0.3478899998299312
2521,86.95905100103118,0.9500409978500102,84.5060769970587,0.2619080005388241
2522,80.98291399801383,1.4211910020094365,78.40453300013905,0.306945999909658
2523,86.61784500145586,1.098098000511527,84.34331700118491,0.27009399855160154
2524,85.44126699780463,1.1388940001779702,83.25260899800924,0.2642420004121959
2525,84.77526400019997,1.7055259995686356,81.55939800053602,0.26926099963020533
2526,83.73588800168363,1.2218010015203618,79.78042800095864,0.2697970012377482
2527,81.01306299795397,1.8510629997763317,77.8831240022555,0.2621490020828787
2528,83.87553800275782,1.0238929971819744,81.74432500163675,0.2670009998837486
2529,82.44877199831535,0.9098380032810383,77.42806600072072,0.2611859999888111
2530,80.6333580003411,2.156250000552973,76.69130299836979,0.3726680006366223
2531,83.03757099929499,2.097823002259247,79.3587039988779,0.2638529986143112
2532,80.28017000106047,1.043615000526188,78.05708800151478,0.32776000080048107
2533,95.55388299850165,1.7421739976271056,92.6403709963779,0.30325999978231266
2534,83.3102950018656,2.025416000833502,79.03923999765539,0.26681600138545036
2535,85.03393099817913,1.2797829986084253,82.60740300102043,0.2652420007507317
2536,83.08677500099293,1.804302999516949,80.09113300067838,0.269501000730088
2537,81.22606400138466,1.903100001072744,78.18688400220708,0.2676859985513147
2538,87.01443999962066,2.843048998329323,83.03988500119885,0.30157599758240394
2539,83.41422100056661,1.1262270018050913,81.10587799819768,0.2965200001199264
2540,80.88322799812886,1.0610600002110004,78.69377500173869,0.26827900001080707
2541,90.19408300082432,1.2151350019848906,87.66051699785748,0.27116800265503116
2542,79.26059199962765,1.0509120002097916,77.09482399877743,0.2862050023395568
2543,86.0130469991418,2.311436001036782,82.57114400112187,0.26189000345766544
2544,79.95952100100112,1.6071179998107255,77.19928699953016,0.30079800126259215
2545,87.04271800161223,1.6905070006032474,82.5695879975683,0.2823350005201064
2546,84.1568539981381,2.206157998443814,80.52111700089881,0.27224199948250316
2547,91.04364100130624,1.0259859991492704,88.87057700121659,0.2929820002464112
2548,89.49285799826612,1.0173379996558651,87.28620000329101,0.2885189969674684
2549,80.73722799963434,0.9667630001786165,78.62138600103208,0.29644599999301136
2550,91.54710700022406,2.9103460001351777,87.35445899947081,0.27248299738857895
2551,82.9477000006591,1.0302080008841585,80.71996900252998,0.3026869999303017
2552,82.41184700091253,2.667418997589266,78.61458999832394,0.26402000003145076
2553,84.27268699961132,1.103208000131417,82.02873399932287,0.2620009981910698
2554,83.8273150002351,3.2977179980662186,79.40635300110443,0.26601999707054347
2555,89.37450599842123,2.3632690026715863,85.85260200197808,0.2773159976641182
2556,82.77969900154858,1.2145979999331757,80.31892999861157,0.2663160012161825
2557,84.31370700054686,1.2244680001458619,80.32976400136249,0.2684279970708303
2558,89.11270699900342,1.6394140002375934,86.3435479986947,0.2847049981937744
2559,87.32405299815582,2.4092509993351996,83.57203700143145,0.30144600168569013
2560,84.56615100294584,1.0633010024321266,82.35016099934,0.2759080016403459
2561,82.80584800013457,0.9300040001107845,80.08166999934474,0.2811679987644311
2562,83.27079499940737,3.244162002374651,78.90744299947983,0.2709280015551485
2563,87.91451700017205,1.0288190023857169,85.7760459985002,0.2630200033308938
2564,84.50246599750244,1.7865259978862014,80.80550600061542,0.26733400227385573
2565,85.23208100086777,1.1065229991800152,82.93694099847926,0.2636300014273729
2566,84.13774200016633,1.0150970010727178,78.80120200206875,0.3101309994235635
2567,81.81651099948795,2.228695000667358,78.42305200028932,0.2615570010675583
2568,85.36922900020727,1.381709000270348,82.79555099943536,0.2983529993798584
2569,80.04729900130769,0.9280230005970225,77.04534200092894,0.2603530010674149
2570,86.86862399918027,1.003503999527311,81.41837999937707,0.3612789987528231
2571,85.12007999888738,1.3312280025274958,82.62312499937252,0.3240389996790327
2572,82.34856900162413,2.2021200020390097,78.88918300159276,0.29077900035190396
2573,88.51726099965163,2.473177002684679,84.72446700034197,0.3524269995978102
2574,91.23438299866393,1.04235599792446,89.09781799957273,0.26394499946036376
2575,113.19812399960938,1.0182080004597083,110.99887299860711,0.31116799800656736
2576,112.75797400230658,1.7121359996963292,109.88483199980692,0.29924199770903215
2577,105.69518500051345,1.0763570026028901,103.45508300088113,0.2622419997351244
2578,99.95428999900469,0.9588930006430019,97.85139299856382,0.3333710010338109
2579,98.26450599939562,1.0067260009236634,96.11610700085294,0.2863529989554081
2580,87.20484700097586,0.978837997536175,83.19142300024396,0.26335300208302215
2581,79.69609499923536,1.3220790024206508,77.24025100105791,0.2626669993333053
2582,83.17560800060164,1.0386519970779773,81.05198900011601,0.2629830014484469
2583,81.37336100116954,1.0013930004788563,79.26720300019952,0.2655200005392544
2584,80.89304399982211,1.0428189998492599,78.66071900207317,0.3037230017071124
2585,86.0986209991097,2.537510998081416,82.42029100074433,0.26442699891049415
2586,82.40136400127085,3.02849400031846,78.11923599729198,0.26351899941801094
2587,81.88967800015234,2.5176589988404885,78.23764300337643,0.2947229986602906
2588,98.33806099777576,1.1630970002443064,94.99106599832885,0.3135939987259917
2589,96.90516699993168,1.2445050015230663,93.8893390011799,0.4192060005152598
2590,109.57749700173736,2.4062880002020393,105.32321999926353,0.2679639983398374
2591,101.77018700051121,1.0826159996213391,99.4499549997272,0.2680749967112206
2592,94.49961999780498,0.9595599985914305,91.76246000060928,0.2707230014493689
2593,83.83292600046843,0.9941149983205833,80.80339500156697,0.2644830019562505
2594,89.43265400012024,0.9680780021881219,85.26422799695865,0.2608340000733733
2595,82.4319569983345,1.5938029973767698,78.95448000272154,0.2642420004121959
2596,80.32194900079048,1.041670999256894,78.08458799991058,0.2671309994184412
2597,86.21143600248615,1.0405779976281337,80.99130400296417,0.26683399846660905
2598,91.26832799665863,1.0325410003133584,89.02307799871778,0.3122229973087087
2599,122.16958800127031,1.2042649977956899,119.69663200216019,0.2672789996722713
2600,81.10437700088369,1.0914119993685745,78.64868199976627,0.27302000307827257
2601,90.1393050007755,2.88723500125343,85.91749100014567,0.3158899999107234
2602,93.83778299888945,2.1278979984344915,90.47506600109045,0.2977980002469849
2603,87.74409100078628,1.240633999259444,85.13531999778934,0.4320760017435532
2604,82.85373699982301,1.121208999393275,80.28428200123017,0.3007790000992827
2605,86.2375479991897,1.5778400011186022,83.00210800007335,0.28287100212764926
2606,86.58064200062654,1.7047849978553131,83.21934999912628,0.2908159985963721
2607,81.81286199760507,1.0357080027461052,79.57283399809967,0.2860749991668854
2608,85.03728300274815,1.065652999386657,82.74519900078303,0.34578000122564845
2609,81.31963800042286,1.02554199838778,79.05857299920171,0.3191309988324065
2610,79.19322199813905,1.0403569976915605,77.04258300145739,0.2657049990375526
2611,86.27449200139381,1.0883930008276366,83.99800200277241,0.26507499933359213
2612,81.00204400034272,1.0549859980528709,77.93903100173338,0.28174200269859284
2613,86.64997599771596,1.6974150021269452,83.62253700033762,0.4432990026543848
2614,82.26956799990148,1.7265809983655345,78.92264600013732,0.2743160002864897
2615,80.58920899929944,1.083227001799969,78.13129100031801,0.26392699874122627
2616,84.21168700078852,1.0664490000635851,81.99052900090464,0.29548199745477177
2617,84.9446899992472,1.0040599991043564,82.75218099879567,0.2825560004566796
2618,82.97240400133887,1.0614120001264382,80.0534290028736,0.28933399880770594
2619,89.87817399975029,1.3453199971991125,87.32582999800798,0.2797409979393706
2620,80.85798799947952,1.268356998480158,78.44160699823988,0.2828719989338424
2621,88.5838540016266,1.0294109997630585,86.40973299770849,0.28472299891291186
2622,86.11588100029621,1.3931720022810623,83.53077700303402,0.28150100115453824
2623,92.74431499943603,1.7085069994209334,89.90830299808295,0.2741310017881915
2624,83.89129699935438,2.196768000430893,80.54681900102878,0.25914900106727146
2625,82.44595799988019,1.0800970012496691,80.18044799973723,0.2836679996107705
2626,84.94789399992442,1.0303929993824568,82.67701500153635,0.33957599953282624
2627,80.81548799964366,1.8963039983646013,77.81947500188835,0.2670559988473542
2628,80.28705900142086,1.0330590012017637,78.18212400161428,0.2709459986363072
2629,84.67618899885565,1.9428970008448232,81.36234199992032,0.39516900142189115
2630,82.13066000098479,1.0696899989852682,79.88559499790426,0.25787200138438493
2631,86.58164200096508,1.0575969972705934,83.9262229965243,0.28746399766532704
2632,83.39264700043714,1.1285779983154498,81.16489699750673,0.2641300015966408
2633,82.87897799891653,1.0564490003162064,80.63241300260415,0.2801669979817234
2634,88.13929600000847,1.0836719993676525,85.09213499928592,0.28520500200102106
2635,81.9030290003866,1.031986001180485,79.78126099988003,0.268204999883892
2636,86.73938299762085,1.0782639983517583,84.57324399932986,0.26455700208316557
2637,82.64725499975611,1.085746000171639,80.40315300240763,0.27505599791766144
2638,84.14348299993435,1.1268380003457423,81.8737699992198,0.2878900013456587
2639,83.1685910015949,1.0099490027641878,81.04487799937488,0.27240800045547076
2640,82.33429000028991,1.0061520006274804,78.17782799975248,0.28676099827862345
2641,83.46938799877535,1.105726998503087,81.21780399960699,0.2635749988257885
2642,81.25082300102804,1.1641720011539292,78.95027599806781,0.31261199910659343
2643,86.25556599872652,0.9972999978344887,84.0774460011744,0.35972399928141385
2644,82.16128999993089,1.0861900009331293,79.8646879993612,0.26725999850896187
2645,81.02235900150845,1.1796719991252758,78.34110700059682,0.26242700187140144
2646,89.04783699836116,1.0716159995354246,86.82503100135364,0.26537099984125234
2647,82.8017740022915,1.0788010004034732,80.5977839991101,0.2879639978345949
2648,88.74900299997535,1.078616001905175,86.53632600180572,0.2688900021894369
2649,83.90237099956721,1.570951000758214,79.46368600096321,0.30466799944406375
2650,81.01217399962479,1.1927460000151768,78.64971900198725,0.2845010021701455
2651,86.27508399877115,2.1335829987947363,83.00314500229433,0.29503800033126026
2652,81.27058300306089,1.0372639990237076,79.13227699827985,0.27468700136523694
2653,86.66823399835266,1.4010980012244545,84.00842699847999,0.34583500018925406
2654,80.3394489994389,1.2660800020967145,77.55936299872701,0.25690800248412415
2655,81.67797300120583,1.1150419995828997,79.43712999986019,0.27713099916581996
2656,85.82067499810364,1.0866150005313102,83.49236999856657,0.3176120007992722
2657,82.70986600109609,0.9807269998418633,79.8577240020677,0.27190900073037483
2658,94.96102900084225,1.1525609988893848,92.57690800222917,0.33481699938420206
2659,110.81528099748539,2.3501579998992383,107.20535799919162,0.3764829998544883
2660,88.26631500051008,1.5574320023006294,85.15250599884894,0.25664899658295326
2661,83.94681600111653,1.0560970004007686,80.10918800209765,0.270835000264924
2662,89.0892259994871,1.065116000972921,86.80508700126666,0.36152100074104965
2663,88.02175900200382,1.8881560026784427,84.94446799886646,0.26290900132153183
2664,81.75032500002999,1.1201159977645148,79.49220400041668,0.2659090023371391
2665,84.82111599732889,1.000023003143724,82.67405199876521,0.27411200062488206
2666,83.09431200177642,1.9682860001921654,79.99529900189373,0.26618599804351106
2667,79.08914699874003,1.1400789990148041,76.81095199950505,0.27327899806550704
2668,83.0157929995039,1.018486000248231,80.73967300151708,0.26383499789517373
2669,80.56272800240549,1.240671997948084,77.5127880006039,0.2615199991851114
2670,85.94960199843626,1.1235970014240593,83.64629599964246,0.26440899819135666
2671,81.96764099920983,1.9218039997213054,78.8027950002288,0.2742969991231803
2672,88.83952100222814,2.5814920008997433,84.81609800219303,0.30340800003614277
2673,87.41670100062038,0.9271890012314543,83.42681399881258,0.2665760002855677
2674,82.07704799860949,1.0524110002734233,79.87679899815703,0.2671120018931106
2675,87.01595900129178,2.7113260002806783,83.19423800276127,0.29953799821669236
2676,81.26295199690503,2.2916580019227695,77.80293799805804,0.26942700060317293
2677,83.57068500117748,1.0279109992552549,81.3275269974838,0.3137050007353537
2678,85.61908200135804,1.0777450006571598,83.29214700279408,0.3290940003353171
2679,83.87505599966971,1.7460259987274185,81.02487700307393,0.2627239991852548
2680,93.56002300046384,1.2542639997263905,91.12899400133756,0.28546400062623434
2681,85.00270899821771,1.2072830031684134,80.68552500117221,0.2621490020828787
2682,85.61485999962315,1.1050600005546585,83.34675800142577,0.2640749989950564
2683,94.7601020016009,1.7304699977103155,91.89170099853072,0.2885750000132248
2684,80.4234120005276,1.648766003199853,77.59508600065601,0.2976120013045147
2685,85.76467499733553,2.2065279990783893,82.38593799978844,0.2924269974755589
2686,80.30370800042874,1.081783000699943,78.0815869984508,0.28613099857466295
2687,87.25784800117253,0.951949001319008,81.95430699925055,0.27533400134416297
2688,80.34320799924899,1.3720060014748015,77.80306800123071,0.32940899836830795
2689,81.6066020015569,1.1187460004293825,79.22703599979286,0.32294599805027246
2690,84.32933599760872,1.4417840029636864,81.73967600305332,0.27342699831933714
2691,83.99898300194764,2.8930490007041954,79.59900100104278,0.3388719997019507
2692,87.99457300119684,2.013971999986097,84.32070600247243,0.2991500005009584
2693,81.48208399870782,1.7153959997813217,78.6769420010387,0.26507499933359213
2694,80.4946159987594,1.8280260010214988,77.4306589992193,0.33102000088547356
2695,85.40471100059221,1.0694859993236605,83.02725600151462,0.39107599877752364
2696,81.90463999926578,0.9713559993542731,77.96982699801447,0.2659820020198822
2697,84.7230600011244,1.050783001119271,82.39090200004284,0.3475940029602498
2698,81.65262100010295,2.613270000438206,77.69915999961086,0.2831859965226613
2699,82.28317899920512,1.116744999308139,80.01470700037316,0.275944999884814
2700,86.98927300065407,1.0137630015378818,83.9445749988954,0.2847420000762213
2701,83.61738800158491,2.6888259999395814,79.71774199904758,0.3397230029804632
2702,87.04553299685358,1.0778380019473843,84.82478199948673,0.28313000075286254
2703,84.16359400143847,1.1088749997725245,81.88895500279614,0.2620939994812943
2704,82.67377399897669,1.0604489980323706,80.40385600179434,0.35772399860434234
2705,87.16555100181722,0.9825599991017953,85.06794999993872,0.2642979998199735
2706,86.0994729991944,1.052690000506118,83.89340799840284,0.26400100250612013
2707,91.88042299865629,1.1195780025445856,89.61789500244777,0.26246400011586957
2708,83.9929089997895,1.9576380000216886,80.91578500170726,0.2618530015752185
2709,80.346726001153,0.9573930001351982,78.2646810002916,0.2847239993570838
2710,85.24328500061529,2.335992001462728,81.6359550008201,0.2644080013851635
2711,79.89535399974557,1.0949679999612272,77.66475300013553,0.26520500250626355
2712,82.53351299936185,0.9909120017255191,80.26481799970497,0.40239000009023584
2713,80.91713700196124,1.4534140027535614,77.87214199925074,0.26707500001066364
2714,79.71807599824388,1.37435699798516,77.15484299842501,0.2673339986358769
2715,86.15186200040625,1.0820970019267406,83.90233400132274,0.2991500005009584
2716,82.14288200178999,1.0979310027323663,78.98327699876972,0.2660200007085223
2717,90.300378997199,2.0972310012439266,85.9193239994056,0.2670379981282167
2718,83.40486900124233,1.2230610009282827,81.04241500041098,0.30229699768824503
2719,86.28151100128889,2.033193999523064,83.14040500044939,0.2622600004542619
2720,88.95074399697478,1.1253189986746293,86.62186400033534,0.2990749999298714
2721,82.11216000199784,1.1211720011488069,79.79326200074865,0.2690939982130658
2722,85.19939499819884,0.9944299999915529,83.09597900006338,0.26261200036969967
2723,80.41533800133038,1.0587079996184912,78.23231099973782,0.2675199975783471
2724,82.30968000134453,1.1006349996023346,79.51311199940392,0.34355700336163864
2725,85.26256199911586,1.0175230017921422,82.21493800010649,0.30055699971853755
2726,82.62221699988004,1.0506529979465995,80.40143100151909,0.28639000083785504
2727,84.56726299846196,1.0413929994683713,82.34867899955134,0.2863340014300775
2728,83.05586800270248,0.977874002273893,79.6429830006673,0.26559400066616945
2729,83.76466699701268,1.107709002099,81.50589800061425,0.28624200058402494
2730,87.59425700191059,0.9922259996528737,85.46298800138175,0.30444500225712545
2731,83.38905399796204,1.1386160003894474,81.03030300117098,0.26511200121603906
2732,93.3120770023379,0.9807269998418633,89.4351539973286,0.27126100030727684
2733,82.89166299800854,1.0804679986904375,80.62650600186316,0.26211299700662494
2734,89.69702600006713,1.26613500106032,87.26786700208322,0.2915190016210545
2735,85.30443200288573,2.469324997946387,81.01028500095708,0.3011130029335618
2736,78.66668299902813,1.012466997053707,76.57021100021666,0.26196500039077364
2737,83.91433399810921,1.092911999876378,81.69756499773939,0.2647599976626225
2738,79.54116700057057,1.083189999917522,77.28976900034468,0.26624200108926743
2739,82.39608700023382,1.1425610027799848,79.81213099992601,0.3242050006520003
2740,82.18880899948999,1.032782001857413,80.01240999874426,0.2651860013429541
2741,81.14021100118407,1.1123379990749527,78.82090600105585,0.31959400075720623
2742,86.93714299806743,1.0764489998109639,84.70017099898541,0.29457600248861127
2743,83.53751800314058,1.1513940007716883,81.2368780025281,0.28022300102747977
2744,84.73750399934943,1.0845040014828555,82.4066059976758,0.2872609984478913
2745,84.35374399778084,2.2971209982642904,80.73665399933816,0.2803349998430349
2746,85.66948900261195,2.0283419980842154,82.5034580011561,0.29157500102883205
2747,95.88153299773694,1.1154309977428056,93.58785700169392,0.27014900115318596
2748,85.09226500245859,2.0489710004767403,81.87625200298498,0.26637199698598124
2749,92.78453799925046,1.3928580010542646,90.22867599924211,0.28707499950542115
2750,81.9126589994994,1.3109499996062368,79.45594500051811,0.30518699713866226
2751,81.32819399907021,1.1349669985065702,79.02531400031876,0.28931600172654726
2752,85.28898800068418,0.9971149993361905,83.23403499889537,0.26613099907990545
2753,81.92501099983929,1.0462820027896669,78.64742300080252,0.2955189993372187
2754,81.43802699851221,2.0473980002861936,78.24632900155848,0.3134639991912991
2755,82.87916400149697,1.3117830021656118,80.29006000288064,0.27000100089935586
2756,80.42059700164828,1.7023960026563145,77.54906700210995,0.26842700026463717
2757,84.87494899964076,1.1168749988428317,82.63155100212316,0.2667049993760884
2758,83.96640899809427,1.9028780006919987,80.93048799855751,0.28364900208543986
2759,81.44761999938055,1.5817480016266927,78.73677499810583,0.2663160012161825
2760,83.96390800044173,1.1447830001998227,81.5884539988474,0.28481600020313635
2761,83.18996100206277,1.3936360010120552,80.63150499947369,0.2791500010062009
2762,86.94475399897783,2.048600999842165,83.49266599907423,0.48611400052323006
2763,81.16130399866961,1.8487480010662694,77.60425200103782,0.26551900009508245
2764,87.13118100058637,2.1890839998377487,83.82475899998099,0.286741997115314
2765,84.60291099981987,1.1091529995610472,81.11272899986943,0.26520499886828475
2766,81.71995500015328,1.0078369996335823,79.60912999988068,0.27131599927088246
2767,92.6037230019574,1.15544999789563,90.24647199839819,0.3042419994017109
2768,82.5341429990658,1.0252259999106172,80.39963400005945,0.2670009998837486
2769,84.62481799870147,1.2050049990648404,82.24193799833301,0.26603799778968096
2770,83.34035100051551,1.8726000016613398,80.32274499782943,0.27396400037105195
2771,79.74716800163151,1.1834869983431417,77.41302999784239,0.2645189997565467
2772,87.26084799855016,1.8741559979389422,83.43642500040005,0.2616120000311639
2773,81.13208199938526,1.209394002216868,78.73299800121458,0.2634820011735428
2774,94.76788000029046,1.0642080014804378,92.60890699806623,0.26663099924917333
2775,84.6474110003328,1.5870999995968305,81.94632599770557,0.26255700140609406
2776,80.82687700152746,1.1726529992301948,78.56484900185023,0.2640940001583658
2777,87.18264399794862,1.311283998802537,84.5798560003459,0.2787229968816973
2778,86.14445499915746,2.1276200022839475,82.90923699678387,0.26948199956677854
2779,83.57751800213009,1.4361169996846002,80.9166360013478,0.3576680028345436
2780,82.96316300038598,0.9720599991851486,78.8541459987755,0.2626310015330091
2781,79.86859499942511,1.1217450010008179,77.58354799807421,0.2676490003068466
2782,83.91875999950571,1.0364670015405864,81.77701000022353,0.26711199825513177
2783,80.83339600125328,1.174781998997787,78.50786700146273,0.2817050008161459
2784,87.73099799873307,1.037596997775836,85.52910000071279,0.2888709968829062
2785,84.1541869995126,1.4504499995382503,81.2036370007263,0.26231599986203946
2786,81.67280600173399,1.6222480007854756,77.97651299915742,0.2685750005184673
2787,83.7925380001252,1.1116530004073866,81.60075100022368,0.2626670029712841
2788,106.36752099890145,1.582469998538727,103.66465800325386,0.2957049982796889
2789,100.94544200183009,2.7573820007091854,97.07929700016393,0.26833499941858463
2790,99.94166099932045,3.972702001192374,94.7079899997334,0.2912420022767037
2791,107.1957839994866,3.898812999977963,101.9667800028401,0.39266900057555176
2792,103.8293249985145,0.9504109984845854,97.88665199812385,0.26801899730344303
2793,87.2687750015757,1.442838998627849,84.50063300188049,0.27166800282429904
2794,82.40182699955767,1.1338010008330457,79.3231299976469,0.2687050000531599
2795,81.7561959993327,1.0354299993196037,79.63407500210451,0.26627899933373556
2796,82.90886699978728,1.002781998977298,80.11083699966548,0.2689649991225451
2797,79.62681600110955,1.0853380008484237,77.2988249991613,0.27074200261267833
2798,84.21187199928681,1.3113390014041215,81.75278799899388,0.30231599885155447
2799,82.4691250018077,1.8866930004151072,79.44270500229322,0.30437199893640354
2800,97.64426199762966,1.143967001553392,95.19706699938979,0.39640899922233075
2801,96.77531399938744,1.2625800009118393,93.24398399985512,0.4895019992545713
2802,98.38608000063687,1.7398599993612152,94.04604299925268,0.39450199983548373
2803,101.20536999966134,1.9551200020941906,97.20022300098208,0.47307599743362516
2804,103.71323200160987,1.6116360020532738,99.28645400214009,0.30442700153798796
2805,88.55592799955048,1.0924670023086946,86.25975199902314,0.27894600134459324
2806,84.16183499866747,1.0490979984751903,80.82926600036444,0.2716859999054577
2807,84.15639099985128,1.022448999719927,81.99640000020736,0.27392700212658383
2808,81.9217700009176,1.0918199986917898,79.72774199879495,0.26522299958742224
2809,84.17870600169408,1.0766529994725715,81.97271500102943,0.2668350025487598
2810,81.15547099805553,1.0918930020125117,78.90212799975416,0.2724820005823858
2811,80.97432200156618,1.009836996672675,78.85344199894462,0.26937099755741656
2812,86.33371399992029,1.3074309972580522,83.807925999281,0.28853800176875666
2813,82.18462399963755,1.1605049985519145,79.81283600020106,0.26611300199874677
2814,84.40492799854837,1.9750640021811705,81.25069299785537,0.2691310000955127
2815,82.50834700083942,1.2450980029825587,80.07431800069753,0.29420499777188525
2816,79.32757399976254,1.0150039997824933,77.21671399849583,0.2603900029498618
2817,89.74130299975513,1.1161709990119562,86.31799199793022,0.2833900034602266
2818,81.69099199949414,1.0231710002699401,79.52481499887654,0.27944500106968917
2819,88.32164900013595,1.0881340022024233,86.04210199700901,0.3099269997619558
2820,91.7466080027225,1.0516900001675822,89.57994999946095,0.2633719996083528
2821,80.99391399809974,1.141300999734085,77.11045299947727,0.2687229971343186
2822,87.39307100040605,1.1459859997557942,85.08250600061729,0.2666869986569509
2823,84.70618999854196,1.3844320019416045,82.19275300143636,0.2689460015972145
2824,85.85887899971567,1.0180229983234312,83.70386999740731,0.30318700009956956
2825,82.32879000206594,0.9496339989709668,80.28520800144179,0.2715939990594052
2826,79.41014899915899,1.1358009978721384,77.1465090001584,0.2640940001583658
2827,84.00483500008704,1.1165240030095447,81.76125099998899,0.2605009976832662
2828,80.51233800142654,0.9788009992917068,78.44432999991113,0.2714459988055751
2829,87.02779200029909,1.1150790014653467,84.80946799681988,0.2606679991004057
2830,81.28058199872612,0.9637820003263187,79.24301799721434,0.26627899933373556
2831,80.22465199974249,1.1498749991005752,77.9625870018208,0.26798299950314686
2832,87.93557299941313,1.1371159998816438,85.65989799899398,0.26283400075044483
2833,83.99803900101688,1.1176339976373129,81.73632499892847,0.2616870006022509
2834,89.168892998714,2.3171389984781854,85.72600800107466,0.29164999796194024
2835,81.86821400158806,1.9628789996204432,78.78718299980392,0.2639270023792051
2836,81.27626799978316,1.5599879989167675,78.5812750000332,0.26150099802180193
2837,89.7553959985089,1.0936340004263911,87.55957199900877,0.2890189971367363
2838,82.66442100284621,1.0793749970616773,80.34004100045422,0.3796679993683938
2839,87.72668399979011,1.1804870009655133,85.36902600098983,0.2662599981704261
2840,79.62587099973462,1.1397080015740357,77.21925100122462,0.37465000059455633
2841,83.42190699841012,1.046207999024773,81.04582200030563,0.4691680005635135
2842,82.49430900104926,1.9532490005076397,78.86901699748705,0.3054830012843013
2843,80.21129999906407,1.0228559985989705,77.82377100011217,0.27385299836168997
2844,82.62686599846347,1.1349300002621021,80.3308009999455,0.2658710000105202
2845,85.12172800328699,1.9248049975431059,82.08367899715086,0.2638160003698431
2846,135.0922530000389,1.3319319987203926,131.33953400028986,0.28153799939900637
2847,141.9574859974091,4.173888002696913,135.99583099858137,0.30939099815441296
2848,106.5555029999814,1.9354150026629213,102.0900219991745,0.26661300216801465
2849,97.70378100074595,1.8750449999060947,94.64436099733575,0.2631490024214145
2850,80.7497659989167,1.640043999941554,77.81071600038558,0.26535299912211485
2851,84.36803900258383,1.3300620012159925,81.90945499882218,0.26507499933359213
2852,80.4296530004649,1.5425989986397326,77.73564099989017,0.2677609991224017
2853,82.91645999997854,0.9608179971110076,79.76285399854532,0.3228900022804737
2854,83.25234999938402,1.134707999881357,80.88602499992703,0.26359399998909794
2855,82.19943799849716,2.1025829992140643,78.96977699783747,0.2974639974127058
2856,86.30743699904997,1.0913750011241063,84.12213100018562,0.2618530015752185
2857,79.58939000309329,1.15354200170259,77.26893599829054,0.2646300017659087
2858,83.09144199665752,1.1168569981236942,80.84811799926683,0.26694599728216417
2859,82.66545800142922,1.0156339994864538,80.55104300001403,0.26192699806415476
2860,84.18598400021438,1.1465979987406172,81.90743700106395,0.26564899962977506
2861,93.6828379999497,1.7216550004377495,90.74988099746406,0.355297997884918
2862,101.97135500129662,2.3785840021446347,96.27427500163321,0.44374299977789633
2863,104.79197699896758,2.065879001747817,100.75586799939629,0.4096869997738395
2864,100.95022099994821,1.0702460022002924,98.76797100150725,0.3078339977946598
2865,97.58039100051974,1.158115999714937,95.24793699893053,0.3322609991300851
2866,80.6712650010013,1.1620980003499426,78.3708109993313,0.26957500085700303
2867,92.65164899989031,0.9908190004352946,90.5291759991087,0.2991859983012546
2868,81.88043699919945,1.0800970012496691,79.65135300037218,0.26800100022228435
2869,84.18409399746452,1.1950420011999086,81.84765899932245,0.259741998888785
2870,82.66958800231805,1.0183560007135384,80.55511600105092,0.26144499861402437
2871,80.5423019992304,1.1090599982708227,78.31303299826686,0.26676100242184475
2872,81.77571399937733,1.1250789975747466,79.40079699983471,0.3583719990274403
2873,85.66260099905776,1.4752280003449414,82.79186700019636,0.26226100089843385
2874,82.25462300106301,1.0727450026024599,80.10520700190682,0.26398300178698264
2875,85.96638000017265,1.691785000730306,83.11540499926195,0.2722979988902807
2876,83.08957199915312,1.0674669974832796,80.82652500161203,0.3025389996764716
2877,81.65813900268404,0.9325410028395709,78.35812600023928,0.2966680003737565
2878,87.67249799711863,1.6514880007889587,84.91495000271243,0.2818709981511347
2879,80.17900400227518,1.1032270012947265,77.98706899848185,0.2650759997777641
2880,85.64682299765991,1.407375999406213,82.30264200028614,0.273204997938592
2881,82.23138300309074,1.0734120005508885,79.8269290025928,0.2635380005813204
2882,80.05181800035643,1.8908230013039429,77.01367600020603,0.31233499976224266
2883,82.34895699933986,1.078503999451641,80.11379900199245,0.261223001871258
2884,81.48547199743916,1.0527080012252554,78.51508900057524,0.259741998888785
2885,87.59297900178353,1.4391360018635169,84.98765400145203,0.294667999696685
2886,84.35346599799232,1.9713600013346877,81.25221099908231,0.2848900003300514
2887,82.99086700208136,1.40993199966033,80.39176400052384,0.2783900017675478
2888,87.14845899885404,1.2721530001726933,84.77967100043315,0.2659460005816072
2889,84.78687500246451,2.0636760018533096,81.59556499958853,0.27868699908140115
2890,94.17176599890809,1.0981899977196008,91.94284999830415,0.2832790014508646
2891,86.79862400094862,1.1454119994596113,84.51961500031757,0.26535299912211485
2892,79.97518799675163,0.9778560015547555,77.88132700079586,0.2692790003493428
2893,84.34429900080431,1.9266009985585697,81.26145300047938,0.26696400163928047
2894,79.88066899997648,1.0907639989454765,77.6402160008729,0.2646670000103768
2895,90.00317500249366,1.1081159973400645,87.73796199966455,0.2701859993976541
2896,81.82823300012387,1.2370049989840481,77.10704599958262,0.262833997112466
2897,80.44567099932465,1.0676899983081967,78.25386600234197,0.2693720016395673
2898,82.43166199827101,1.3677649985766038,79.8443909989146,0.29631600045831874
2899,83.59972100151936,1.162004999059718,81.33093399737845,0.2706500017666258
2900,82.89114500075812,0.9805230001802556,80.79507999718771,0.2663710001797881
2901,83.38020199880702,1.7385810024279635,80.43187500152271,0.32692699824110605
2902,80.59806099845446,1.1558379992493428,78.30036599989398,0.2858339976228308
2903,84.5298370004457,1.4344690025609452,80.92361799936043,0.26731600155471824
2904,89.15813400017214,0.981115001195576,87.04608799962443,0.273501002084231
2905,99.08002800148097,1.3082459990982898,96.57372100264183,0.26905699996859767
2906,81.16834099928383,1.0204120007983875,79.05825800116872,0.2645940003276337
2907,85.12330200028373,1.1295049989712425,81.40039700083435,0.26716800130088814
2908,85.58122999966145,1.1881710015586577,83.23738699982641,0.26929800151265226
2909,79.87644699824159,1.1127090001537,77.59708500088891,0.2649080015544314
2910,80.94195100056822,0.993929999822285,78.74070099933306,0.3482610009086784
2911,83.37264700094238,1.0105960027431138,79.02957300029811,0.26064999838126823
2912,79.7562799998559,0.9181519999401644,76.88036000035936,0.27022399808629416
2913,82.19117900080164,1.0931160031759646,79.75153900042642,0.2624449989525601
2914,79.31164799811086,1.0538189999351744,77.15500899939798,0.26794600125867873
2915,81.26160100073321,0.974560000031488,77.47152999945683,0.2710570006456692
2916,83.50640600110637,1.1436900022090413,81.17652700093458,0.2658710000105202
2917,91.00254900113214,1.1106719975941814,86.7428839992499,0.29222300145193003
2918,88.82692899715039,1.731136999296723,85.955880000256,0.2822230017045513
2919,80.2606340002967,1.1067830018873792,77.96668000082718,0.28835300327045843
2920,86.76742000170634,1.902452000649646,83.70833300068625,0.2735380003286991
2921,86.6864199997508,2.0560279990604613,83.49022100082948,0.2698159987630788
2922,81.38182399852667,1.1201709967281204,78.9793500007363,0.3910749983333517
2923,88.44500100167352,2.0483420012169518,85.23887699993793,0.2790199978335295
2924,82.36977200067486,1.9666010011860635,78.45544099836843,0.3431490004004445
2925,89.98904499821947,1.46667199805961,87.32919999965816,0.2876680009649135
2926,83.53449900096166,1.5681360018788837,79.87620600033551,0.2681680016394239
2927,80.60256099997787,1.0028370015788823,78.49266300036106,0.2607419992273208
2928,88.8604289975774,1.6466739980387501,86.08482500130776,0.2654269992490299
2929,82.19729000120424,0.9937819995684549,80.10959600142087,0.2706679988477845
2930,82.18397599921445,1.3910240013501607,79.50698200147599,0.3030379994015675
2931,87.73212800224428,1.069578000169713,85.51411900043604,0.26707500001066364
2932,91.06443799828412,1.8723049979598727,86.94375400227727,0.27888999829883687
2933,85.58489700226346,1.9965270003012847,82.48497599925031,0.2793159983411897
2934,84.11570499811205,1.1040600002161227,81.90110300347442,0.26753900237963535
2935,79.14075900043827,1.1421719973441213,76.71854499858455,0.3689639997901395
2936,86.97271699929843,1.288024002860766,83.24635000099079,0.26315000286558643
2937,88.46587200241629,1.5118960000108927,83.54290699935518,0.2957049982796889
2938,84.85678299985011,1.160097999672871,82.56660699771601,0.26892700043390505
2939,81.00389599712798,1.0139120022358838,78.91916500011575,0.26113000058103353
2940,83.43261000118218,1.1649490006675478,81.14180399934412,0.2654269992490299
2941,85.21578400177532,1.0178190022998024,83.02733000164153,0.33885299853864126
2942,81.06909999696654,1.0091709991684183,77.4123810006131,0.2867049988708459
2943,83.95068600293598,1.1849860020447522,81.62493599957088,0.31377900086226873
2944,81.86106599896448,1.2229679996380582,79.4350010000926,0.2657980003277771
2945,80.67735800068476,1.0351340024499223,78.52133000051253,0.26626099861459807
2946,86.87880899742595,0.9676520021457691,83.34836900030496,0.2631860006658826
2947,82.43558800313622,1.1595049982133787,80.18129999982193,0.2753159969870467
2948,83.31373900000472,0.9530589995847549,80.3012079995824,0.3838720003841445
2949,89.67639499678626,2.5525470009597484,85.89171199855627,0.28427899815142155
2950,82.01975200063316,1.0328749995096587,79.77033499992103,0.3744280002138112
2951,88.42642799936584,0.9942639990185853,85.03398700122489,0.3278340009273961
2952,82.07278900226811,0.9726329990371596,78.81864600130939,0.284408000879921
2953,81.07147099872236,1.2400419982441235,78.46783000059077,0.29011200240347534
2954,84.6918370007188,1.1521340020408388,80.83993199761608,0.26270499802194536
2955,79.81035400007386,1.1259120001341216,77.50041899998905,0.34477900044294074
2956,85.43147000091267,0.9705779993964825,82.03727099680691,0.3378350011189468
2957,80.41382000010344,1.0588930017547682,78.23636600005557,0.2673900016816333
2958,80.02313199904165,1.041319002979435,77.83984500201768,0.27631599732558243
2959,84.34509599828743,1.1110409977845848,82.08590100184665,0.2632790019561071
2960,80.2990040028817,1.1497829982545227,77.87095700041391,0.2627419999043923
2961,86.65628999733599,1.0143379986402579,84.51229999991483,0.26359399998909794
2962,81.22802700017928,1.0555600019870326,79.02777699928265,0.26437199994688854
2963,85.79550799913704,1.1182090020156465,83.52011000170023,0.26725999850896187
2964,86.07495500109508,1.1044120001315605,83.83864899951732,0.27344499903847463
2965,81.04452599945944,0.9981330003938638,78.94225800191634,0.26653800159692764
2966,85.78437899996061,1.1987079997197725,83.13066399932723,0.29061299937893637
2967,90.18706400092924,1.0926340000878554,87.93729600074585,0.26698199872043915
2968,81.71193599991966,0.9608010004740208,78.1012909974379,0.34502000198699534
2969,93.90076500130817,2.213935000327183,90.51323299718206,0.2602790009404998
2970,81.62215799893602,1.26443099725293,79.16788900183747,0.2727050014073029
2971,84.92744999966817,1.1127270008728374,82.70058799826074,0.26574200091999955
2972,86.266213998897,1.4891179998812731,83.61285100181703,0.2858719999494497
2973,85.08917300059693,1.0156710013689008,82.88562600137084,0.2865940004994627
2974,85.26248800262692,1.7033780022757128,80.86678499967093,0.3213720010535326
2975,84.83218999754172,2.1735279988206457,81.59280600011698,0.2632970026752446
2976,89.96100700096576,1.1568189984245691,87.59357100279885,0.34833500103559345
2977,87.13140400141128,1.1849490001623053,84.45941000172752,0.3343349999340717
2978,90.73725099733565,0.968152002315037,87.57907200197224,0.2667779990588315
2979,81.33654600169393,2.0013050016132183,78.22601400039275,0.29722299950663
2980,80.22648499900242,1.1460790010460187,77.94273499894189,0.27142700128024444
2981,83.83570500154747,1.0179300006711856,81.6986209974857,0.2788160018099006
2982,81.90143599858857,0.9890040018945001,78.7429229967529,0.2660940008354373
2983,80.48602399867377,2.4955469998531044,76.9290819989692,0.26129699836019427
2984,92.23488800125779,1.271522996830754,89.85904400105937,0.2635380005813204
2985,81.6480280009273,1.180041999759851,79.29646300181048,0.29446400003507733
2986,83.4850360006385,0.9653560009610374,80.68982099939603,0.35135400321451016
2987,81.99101100035477,2.6091769977938384,78.22019900049781,0.3206129986210726
2988,82.60447700013174,1.1283940002613235,80.30091199907474,0.3135009974357672
2989,89.66196999972453,1.0422080013086088,85.82856499924674,0.2664640014700126
2990,82.59940299831214,1.239337998413248,80.25172599809594,0.27875999876414426
2991,90.28024900180753,2.4916780021158047,86.61919700170984,0.30476100073428825
2992,84.16365099765244,1.0653190001903567,81.93812199897366,0.2641300015966408
2993,79.85757600181387,1.180541999929119,77.3857140011387,0.2678709970496129
2994,86.72547599780955,1.0646720002114307,84.49616999860154,0.2722789977269713
2995,80.93928400194272,1.0448929970152676,78.78127599906293,0.2620939994812943
2996,85.3204890008783,0.9547269983158913,83.2802389995777,0.29513100162148476
2997,82.53771699673962,1.030577997880755,77.13234299808391,0.26318699747207575
2998,84.2036130015913,1.2118199992983136,81.78021399726276,0.3323909986647777
2999,83.33851700081141,2.009601001191186,80.1029659996857,0.2761309988272842
3000,81.89632599896868,2.1046760011813603,78.63018299758551,0.3031859996553976
3001,83.09479400122655,0.971096997091081,81.02478500222787,0.3022230011993088
3002,81.74515800055815,2.2464350004156586,78.34279199960292,0.26574199728202075
3003,80.62635699752718,1.10443100129487,78.37784799994552,0.2709830005187541
3004,86.40114100126084,1.171542000520276,84.08800200049882,0.28387199927237816
3005,84.98602400140953,0.9525040004518814,79.72111200069776,0.26746399817056954
3006,82.84962600009749,0.9968570011551492,80.74124600170762,0.2645940003276337
3007,85.4957489973458,2.2795289987698197,82.09738200093852,0.26481600070837885
3008,80.07485499911127,1.0371159987698775,77.92427200183738,0.2750189996731933
3009,93.72187500048312,1.2991539988433942,89.25904200077639,0.2842049980245065
3010,84.64689300308237,2.5914919970091432,80.90659899971797,0.2812979982991237
3011,89.77235899874358,0.9610779998183716,86.09738099767128,0.26692699975683354
3012,81.67080600105692,1.044911998178577,77.93690199832781,0.2635199998621829
3013,81.83175099838991,1.035375000355998,79.65159399827826,0.27220499760005623
3014,85.43100799943204,0.9856340002443176,81.23076800256968,0.27420499827712774
3015,84.04753799914033,1.0941529981209897,81.85660399976769,0.28716800079564564
3016,84.02742800171836,1.7237850006495137,81.09223000064958,0.2722790013649501
3017,83.14699699985795,2.9303820010682102,79.13918399935937,0.2765200006251689
3018,81.7725659981079,1.0936339967884123,79.49846400151728,0.31322399809141643
3019,85.37321100084228,0.9863560007943306,81.57245400070678,0.275222999334801
3020,79.94698400216294,1.0821709984156769,77.71658599813236,0.2671490001375787
3021,96.38925699982792,1.0904490009124856,92.92229799757479,0.27744500039261766
3022,81.80358499885187,1.109115000872407,78.63766399896122,0.26261199673172086
3023,82.94847800061689,1.542394998978125,79.74702100182185,0.34422400131006725
3024,81.5924359994824,1.09379999776138,79.35066699792515,0.26750100005301647
3025,81.57769399986137,1.0538200003793463,79.23699899765779,0.26468600117368624
3026,85.59443400008604,1.1656530004984234,80.94356299989158,0.2900200015574228
3027,84.15077999961795,2.060268001514487,80.84093199795461,0.26440899819135666
3028,79.08218400189071,1.1268749985902105,76.8707679999352,0.2590570002212189
3029,85.19452499967883,1.5290249975805636,80.88628399855224,0.36139100120635703
3030,79.42577799985884,1.1236530008318368,76.94758299840032,0.26637200062396005
3031,79.6806309990643,1.094134000595659,77.33427000130177,0.385224000638118
3032,82.75708899964229,1.1809860006906092,80.44898599837325,0.26644500030670315
3033,81.71262099858723,2.3640660001547076,78.2304029999068,0.26546400113147683
3034,87.57051700013108,1.0823000011441763,85.42808100173716,0.2625380002427846
3035,82.79892200152972,1.160671999969054,80.47785699818633,0.2620390005176887
3036,80.25304100010544,1.080060003005201,78.01962500161608,0.2646489992912393
3037,87.21505200082902,2.078194000205258,84.00551999875461,0.26705699929152615
3038,81.71886199852452,1.271708999411203,79.23625900002662,0.2617050013213884
3039,86.12038000137545,1.0550410006544553,83.94500099893776,0.2613159995235037
3040,79.15061099993181,1.0937090009974781,76.8915089975053,0.27459400007501245
3041,82.78390299892635,2.4869549997674767,79.16787000067416,0.2653900010045618
3042,85.4852859993116,1.5355440009443555,82.8523119998863,0.2603350003482774
3043,80.91850600249018,1.2725609994959086,78.45960800113971,0.2619080005388241
3044,85.78373099953751,1.0392450021754485,83.59731399832526,0.26548299865680747
3045,83.67288899898995,3.9740719985275064,78.59673799976008,0.26198300110991113
3046,79.8061499990581,1.0392080002930015,77.64916000087396,0.2668350025487598
3047,84.77876400138484,1.2754870003846008,82.37953100251616,0.26690900267567486
3048,81.19680399977369,1.0719300007622223,78.99649899991346,0.28388999999151565
3049,90.79884499806212,0.9997819979616906,88.6674840003252,0.2806490010698326
3050,84.31850300257793,1.3543579989345744,81.823381002323,0.2684639985091053
3051,83.06151500073611,1.0660420011845417,80.90950699988753,0.26379699920653366
3052,87.75005499774124,1.5010060014901683,85.15561800231808,0.2646490029292181
3053,80.61983800143935,1.0787450009956956,78.35355099814478,0.2708909996727016
3054,88.23277899864479,1.123153000662569,85.7490640009928,0.26672300009522587
3055,82.31604899992817,0.9914480033330619,80.19981799952802,0.26281600003130734
3056,79.76672500080895,1.035227000102168,77.53095500083873,0.3228899986424949
3057,87.60551600062172,3.375865999259986,82.91960700080381,0.3602979995775968
3058,83.09453499896335,1.0226710001006722,79.13127700157929,0.2700380027818028
3059,88.16283299893257,1.430635998985963,85.59802599847899,0.27576099819270894
3060,79.9593920019106,1.1535230005392805,77.65180800197413,0.26472299941815436
3061,80.2058549998037,0.9912270033964887,77.9951800031995,0.33272400105488487
3062,84.54654099841719,1.5088770014699548,79.66350100105046,0.31953799771144986
3063,86.03693600161932,3.7804409985255916,81.18411900068168,0.26696400163928047
3064,83.78572199944756,1.0750599976745434,81.58419499886804,0.2674089992069639
3065,82.71760700154118,1.210393998917425,80.31324499825132,0.27235300149186514
3066,90.3141950002464,2.0604159981303383,87.13299599912716,0.26509400049690157
3067,80.33413399971323,1.0188929991272744,78.20482900206116,0.2603350003482774
3068,82.01134499904583,1.0635409998940304,77.69151200045599,0.26652000087779015
3069,85.40613600052893,1.0945230023935437,83.16255400131922,0.2672790033102501
3070,80.09963299991796,1.1375969988876022,77.85495699863532,0.26135299776797183
3071,88.18459299800452,1.0528560014790855,85.93000900145853,0.2797230008582119
3072,81.05045200136374,1.0505040008865763,78.74466499924893,0.2736490023380611
3073,81.95354800045607,1.0602270012896042,79.75179799905163,0.2638160003698431
3074,84.66248599870596,1.191857001686003,81.90236299924436,0.2662049992068205
3075,80.6098020002537,1.0777080024126917,78.43994100039708,0.26374200024292804
3076,84.79448599973693,2.3430100009136368,81.1774339999829,0.27361300089978613
3077,83.07305299967993,0.9605229970475193,80.08172599875252,0.2591499978734646
3078,89.8445630009519,1.1398009992262814,86.1262699982035,0.26916799833998084
3079,83.84124100120971,1.1091529995610472,81.65913999982877,0.2737969989539124
3080,87.96123999854899,0.9823930013226345,83.8305750003201,0.2675380019354634
3081,87.64435000193771,1.5424510020238813,84.99072799895657,0.2666670006874483
3082,84.34892899822444,1.1274680000497028,81.19613699818728,0.26403799711260945
3083,87.77077600097982,0.987448998785112,85.72673100206885,0.26996399901690893
3084,83.23214600022766,1.5216179999697488,78.67509000061546,0.31087199749890715
3085,79.7937239985913,1.0859490030270535,77.59715999782202,0.26340800104662776
3086,84.44578100170474,1.0109479990205728,81.25787899916759,0.26335300208302215
3087,84.62357799726306,2.4579539967817254,81.02919299926725,0.28568699781317264
3088,89.1720970030292,1.1428569996496662,86.66084600190516,0.4544099974737037
3089,81.15743399685016,2.4148990014509764,77.19634300156031,0.2637229990796186
3090,81.9031780010846,1.2610609992407262,79.4494819965621,0.2636120007082354
3091,83.91659300104948,1.074042000254849,80.99411799776135,0.27433500144979917
3092,116.78513899823884,1.7225999981747009,113.95112699756282,0.273390000074869
3093,104.65442200074904,1.0833749984158203,100.90912799932994,0.29405699751805514
3094,90.16624899959425,1.0002449998864904,87.10197700202116,0.2655200005392544
3095,88.77731800021138,2.1508050012926105,85.522415000014,0.2611500021885149
3096,81.31911899909028,1.1548200018296484,77.80947500214097,0.2620190025481861
3097,80.11361500030034,1.0390230017947033,77.98097599879839,0.26216799960820936
3098,83.88214899969171,1.8198040015704464,80.94885900209192,0.2598160026536789
3099,81.37952700053575,1.8861190001189243,78.3592369989492,0.3072970030189026
3100,85.90939799978514,1.1492650010040961,83.63131399892154,0.2647789988259319
3101,84.43250300115324,1.0535219989833422,82.25634599875775,0.2802599992719479
3102,81.22376800019993,1.235783001902746,78.84627599923988,0.28194499827804975
3103,84.97057899876381,1.0547640013101045,82.710254999256,0.28915000075357966
3104,82.56697700198856,1.3161530005163513,80.03226299842936,0.2800759975798428
3105,91.12751299835509,1.8746370005828794,87.76379499977338,0.4042049986310303
3106,88.3778160023212,1.0428009991301224,85.11283899861155,0.2592230011941865
3107,82.72577299794648,2.1945459993730765,79.41425999888452,0.27938999846810475
3108,87.4262200013618,0.996410999505315,85.23104300184059,0.26148300094064325
3109,92.99764999741456,1.1730609985534102,90.68764099720283,0.2618159996927716
3110,88.18881500337739,1.639655001781648,85.41845200306852,0.26911299937637523
3111,80.2220599980501,1.288673000090057,77.8160680019937,0.26070500098285265
3112,81.57852799922694,1.266560000658501,79.06464699772187,0.27033500009565614
3113,85.00789400204667,1.9183229996997397,81.98697499756236,0.2620570012368262
3114,83.58303699787939,1.2419129998306744,81.21789700089721,0.25820500013651326
3115,85.19815399995423,0.9324299971922301,81.03793299960671,0.2638709993334487
3116,81.57162100178539,1.141115997597808,79.24374099820852,0.32618700060993433
3117,83.08364500044263,1.0515779977140483,80.84587700068369,0.283761000900995
3118,84.09703899815213,1.4925059986126143,81.47245299915085,0.2621120002004318
3119,80.94843300204957,1.1300419973849785,78.66042299792753,0.2612970019981731
3120,82.46106899969163,1.148893999925349,79.90948400038178,0.4695389980042819
3121,82.55312499750289,1.0127450004802085,80.40768999853753,0.2822980022756383
3122,82.3461239997414,1.4936360021238215,79.72926100046607,0.264852998952847
3123,88.07596200131229,1.1632079986156896,85.7886200028588,0.26537099984125234
3124,80.99174800008768,1.1847089990624227,78.7002199976996,0.26868599888985045
3125,86.1383070005104,0.9970780010917224,84.01514900106122,0.2651680006238166
3126,81.07217399810906,1.1362460027157795,78.7511460002861,0.32583500069449656
3127,79.87089100060984,1.128912001149729,77.55393700062996,0.26998300018021837
3128,84.9013940023724,1.1625980005192105,82.63310700203874,0.2648900008352939
3129,79.96046599873807,1.0384299966972321,77.75180799944792,0.263241003267467
3130,81.81058500122163,1.1699119968398008,79.43461199829471,0.2585379988886416
3131,81.83923300020979,1.0865779986488633,79.6016120002605,0.25951999850803986
3132,79.44833399960771,1.1430049999034964,77.19710300079896,0.26079800227307715
3133,87.37212599953637,1.0496709983272012,85.23411699934513,0.261298002442345
3134,82.97377499911818,1.1882079998031259,80.62524600245524,0.25916700178640895
3135,82.77925500078709,1.1441159986134153,80.35691199984285,0.4068349990120623
3136,84.98974599933717,2.771622999716783,81.11010099673877,0.26402000003145076
3137,81.08817500033183,1.0736889998952392,78.89075799903367,0.2751120009634178
3138,90.27273099854938,1.1805790018115658,87.70920199822285,0.4903539993392769
3139,81.70038100070087,1.4029870035301428,78.60136700037401,0.29064900081721134
3140,80.51394900030573,2.212102001067251,77.15730600102688,0.26226100089843385
3141,88.97565200095414,1.8490449983801227,85.98073200118961,0.278389998129569
3142,83.45968399953563,1.1363189987605438,81.20126799985883,0.26335300208302215
3143,84.4128360004106,1.0968370006594341,82.20653100215713,0.2684639985091053
3144,85.12298799905693,1.9697309980983846,82.01425299921539,0.26946400248561986
3145,86.79742000094848,1.1435600026743487,84.49685500090709,0.27235299785388634
3146,85.00480200018501,2.046305002295412,81.71713900082977,0.2627969988679979
3147,82.90607099843328,3.039142000488937,78.77731199914706,0.26135299776797183
3148,86.2683260020276,1.0951340009341948,83.86487099778606,0.2658340017660521
3149,80.2533919995767,1.0647640010574833,78.0412720014283,0.2610560004541185
3150,85.00013599768863,0.9529300004942343,82.22162300080527,0.2625560009619221
3151,86.46049300295999,2.5256959997932427,82.82458900066558,0.2821500020218082
3152,88.27925999867148,1.2952460019732825,84.71991099941079,0.6853539998701308
3153,88.68870600053924,1.6967660012596752,85.69787900341908,0.26300099852960557
3154,82.17171599972062,1.1675229980028234,79.87420700010261,0.26468599753570743
3155,85.46428499903413,2.292823999596294,82.10093800153118,0.2587240014690906
3156,82.5044209996122,1.0672079988580663,80.30978199894889,0.2733530018304009
3157,81.9896040011372,1.1046340005123056,79.74313200247707,0.2709639993554447
3158,88.6700019982527,1.1233199984417297,86.46202999807429,0.26018599965027533
3159,81.31345299989334,2.1257129992591217,77.98129000002518,0.3507979999994859
3160,85.90593500048271,1.1077269991801586,83.59446200120146,0.29876000189688057
3161,82.12929000001168,1.4343580005515832,79.54161200177623,0.2638339974510018
3162,79.45622300030664,1.0911899989878293,77.21847300126683,0.2651859977049753
3163,86.26273300251341,2.326991001609713,82.78984799835598,0.2619639999466017
3164,86.42178899754072,1.1092819986515678,84.20622400080902,0.26044599871966057
3165,88.5091870004544,1.3692470020032488,85.89993500208948,0.354224001057446
3166,84.75724500021897,1.0308189994248096,81.27384199906373,0.2615939993120264
3167,84.30272500118008,1.718322000670014,81.52254599917796,0.2771500003291294
3168,83.36688800045522,1.1926170009246562,79.2039259977173,0.26518699814914726
3169,80.47339299810119,1.9914529984816909,77.36767699680058,0.26659300056053326
3170,86.50943799875677,1.3766539996140637,83.79611100099282,0.34292700001969934
3171,81.67971400325769,0.9149850011453964,78.88475799700245,0.26759400134324096
3172,83.19953499812982,1.0981529994751327,80.97022899892181,0.2845759991032537
3173,82.09321500180522,1.0100040017277934,79.9759660003474,0.2580380023573525
3174,79.83555799728492,1.0465779996593483,77.66719599749194,0.2652969997143373
3175,83.96203799929935,1.383006001560716,81.40552800250589,0.26440899819135666
3176,80.92137800122146,1.6436180012533441,77.43539999864879,0.294019999273587
3177,83.42705399991246,3.073217001656303,79.27420299893129,0.26329799948143773
3178,85.21754300090834,3.880887001287192,80.1718559996516,0.257723997492576
3179,84.26805799899739,1.1663760014926083,81.34084199991776,0.3519829988363199
3180,88.77105899955495,2.076008000585716,85.54978599931928,0.26452000020071864
3181,79.94615099960356,1.012800999887986,77.83725299668731,0.26788999821292236
3182,83.92677800293313,1.0483559999556746,81.78902899817331,0.2620559971546754
3183,83.54781500020181,0.94222600091598,80.95050700285356,0.26433400125824846
3184,80.84870999664417,1.131504999648314,78.59234900024603,0.28426100107026286
3185,83.48409200334572,1.1160039975948166,80.91230299760355,0.48190999950747937
3186,81.86556599684991,1.8201370003225747,78.46021899968036,0.27166800282429904
3187,80.24268900044262,1.0023929971794132,77.51084400297259,0.2642050021677278
3188,83.1644240024616,0.9907450003083795,79.68268699914915,0.2623899999889545
3189,97.48352099995827,1.0403929991298355,95.2890299995488,0.3293899972049985
3190,114.57166699983645,2.063749998342246,111.37552400032291,0.2800559996103402
3191,105.28783100016881,1.140578999184072,103.00160000042524,0.2960560013889335
3192,121.91016100041452,0.9650220017647371,118.32210800275789,0.9630780004954431
3193,119.67676199856214,2.0064159980393015,114.45394399925135,0.3054270018765237
3194,109.77964699850418,1.9668419990921393,106.59230000237585,0.263778001681203
3195,95.31247500126483,2.3390659989672713,91.82810800120933,0.27059400235884823
3196,105.70440700030304,1.08868999814149,102.88556199884624,0.2661299986357335
3197,98.9434529983555,1.4780249985051341,96.31545999945956,0.2646489992912393
3198,95.30823400200461,3.728867999598151,90.48795499984408,0.264204998529749
3199,83.96916799756582,1.035188997775549,81.15221100160852,0.2640569982759189
3200,104.13904900269699,2.197269001044333,100.80797899718164,0.2864460002456326
3201,89.10304099845234,1.222671999130398,86.69773399742553,0.31365000177174807
3202,91.69175599890877,0.9650780011725146,88.16866699999082,0.29290800011949614
3203,85.52715600308147,3.0359570009750314,81.36478600135888,0.2872789991670288
3204,84.24603899766225,1.123040998209035,81.91080699907616,0.32927899883361533
3205,87.03262500057463,1.3774869985354599,84.38398399812286,0.29805699887219816
3206,94.58052700210828,1.1790610005846247,92.1558499976527,0.3318720009701792
3207,80.60902399665792,1.7543590001878329,77.77636399987387,0.27251900246483274
3208,93.4957450008369,1.0285230018780567,91.32473600038793,0.26237200290779583
3209,84.05498299907777,1.7637860000832006,81.16593399972771,0.2700750010262709
3210,88.43848300239188,1.807970998925157,85.52200700069079,0.26583500221022405
3211,85.04278399777832,1.7398780000803526,82.21193799909088,0.2655200005392544
3212,80.7545610005036,1.084300998627441,78.54558899998665,0.28138999914517626
3213,84.20004000072367,1.6914330008148681,81.37097100188839,0.2615929988678545
3214,82.43362400025944,1.8601560004753992,79.27176000157488,0.2599079998617526
3215,80.40244899893878,1.503801999206189,77.78234500074177,0.26192700170213357
3216,85.63576800224837,1.3815620004606899,83.05212699997355,0.29616800020448864
3217,79.53463000012562,1.0909119991993066,77.32838000083575,0.25635299971327186
3218,94.39169299730565,1.08117100171512,92.18238799803657,0.26520499886828475
3219,103.48073200293584,4.145794999203645,97.92224500051816,0.44761299795936793
3220,110.37879699870246,2.824457002134295,105.88298199945712,0.2597599996079225
3221,109.86181399857742,1.0704310006985907,107.51565600003232,0.34105699887732044
3222,111.45813500115764,1.2314309969951864,108.10904699974344,0.3977980013587512
3223,136.03594199958025,1.5433769985975232,132.6327240021783,0.38329800008796155
3224,122.80557200210751,1.6402479996031616,117.53656799919554,0.2943719991890248
3225,114.88996499974746,1.8490820002625696,111.91985899858992,0.2642420004121959
3226,83.4097209990432,1.1258939994149841,81.17052700254135,0.26672300009522587
3227,85.8229340010439,0.9977079971577041,83.67207400078769,0.3083340016019065
3228,106.61607799920603,1.035301000229083,104.08253100104048,0.6155769988254178
3229,129.8344540009566,1.534192000690382,124.96171000020695,0.2762039985100273
3230,125.26850799986278,1.952822996827308,122.2151069996471,0.27611200130195357
3231,117.27536299804342,2.230138998129405,113.94673799804877,0.2903339991462417
3232,108.32877000211738,2.048361002380261,105.003033997491,0.32761200054665096
3233,83.39179499671445,1.3778760003333446,80.60298700002022,0.26653799795894884
3234,95.68858800048474,1.9821569985651877,92.57701800015639,0.28100099734729156
3235,94.00308000113,1.0339310028939508,91.80318300059298,0.3281130011600908
3236,101.75146500114352,2.6840479986276478,97.73361499901512,0.2953340008389205
3237,98.45943300024373,1.2621899986697827,95.96897699884721,0.26524199711275287
3238,81.45913800035487,1.8542669968155678,78.53386699935072,0.27083399982075207
3239,79.38288999866927,1.0202080011367798,77.2569549990294,0.25963099687942304
3240,83.52257300066412,2.1156380025786348,80.21737399758422,0.2989650020026602
3241,83.11083099761163,2.3395839998556767,79.56370500323828,0.26965000142809004
3242,84.24081700286479,1.6406180002377369,81.35704599771998,0.2773529995465651
3243,95.07315899827518,1.5912479975668248,91.48119900055462,0.2760940005828161
3244,86.57808600037242,1.774100001057377,83.70351900157402,0.2630750022944994
3245,86.95508800155949,1.1377459995856043,83.00549699924886,0.30201999834389426
3246,105.27986799934297,1.81056299697957,99.99288299877662,0.2708709980652202
3247,92.8535950006335,2.904457000113325,88.41033399949083,0.3696870007843245
3248,81.12495199748082,1.3975990004837513,78.49194200025522,0.2710389999265317
3249,82.81562599950121,1.1487449992273469,80.49326399850543,0.26585299929138273
3250,91.43438400133164,1.805675001378404,87.96131400231388,0.4047980000905227
3251,92.52933300012955,1.090744997782167,89.6930800008704,0.2704639991861768
3252,98.36915499909082,1.0711149989219848,96.13071900093928,0.26403800075058825
3253,110.82331800207612,1.6344880023098085,108.07263999959105,0.28138999914517626
3254,87.49627499855706,1.065503998688655,85.27628400042886,0.26318700111005455
3255,84.08009399863658,0.9793749995878898,81.95206700111157,0.3136490013275761
3256,83.76326000143308,1.3800250017084181,81.23436000096262,0.28242700136615895
3257,107.91452700141235,1.0793190012918785,105.55436899812776,0.4065200009790715
3258,104.33417999956873,1.2992100018891506,100.96925800098688,0.3168900002492592
3259,90.10160099933273,2.0753600001626182,86.90297700013616,0.26653799795894884
3260,106.45098399982089,1.6383769980166107,103.61767699941993,0.3257979988120496
3261,88.07588900162955,1.2644859998545144,85.57408200067584,0.27874199804500677
3262,85.03913499953342,1.1704120006470475,82.68936600143206,0.2838910004356876
3263,83.57903700016323,1.3294689997565001,81.1357480015431,0.26200199863524176
3264,79.73350199972629,1.051430001098197,77.5399180020031,0.2810379992297385
3265,80.34702299846685,1.0976160010613967,78.13280999835115,0.2796869994199369
3266,83.19568300066749,1.2866729994129855,79.55994599979022,0.26509400049690157
3267,79.44318600129918,1.0076699982164428,77.2215100005269,0.3332980013510678
3268,84.33248399887816,1.1495239996293094,81.90084400121123,0.39837200165493414
3269,81.58454699878348,1.4632840029662475,78.4798109998519,0.28522300272015855
3270,80.3138930023124,1.1253010015934706,77.8086419995816,0.26150100165978074
3271,91.04747499804944,1.0707630026445258,88.52746499906061,0.2771860017674044
3272,83.34761000151047,1.0138930010725744,81.25074899726314,0.2703159989323467
3273,102.36557799726143,1.1083559984399471,99.99814199909451,0.3420749999349937
3274,93.14218800136587,1.893101001769537,90.03034099805518,0.35714899786398746
3275,112.52988100022776,1.7250989985768683,106.83996699663112,0.28426099743228406
3276,99.36708399982308,1.101078996725846,97.14964899831102,0.29703799737035297
3277,100.66707200167002,1.077781998901628,98.41547000178252,0.2611679992696736
3278,81.17943399702199,1.145079000707483,78.82586900086608,0.2641120008775033
3279,80.78071000272757,1.035375000355998,78.68440500169527,0.2700749973882921
3280,86.89829099967028,1.109504999476485,84.737873999984,0.26457499916432425
3281,96.97242599941092,1.0951719996228348,94.51237800021772,0.4166309990978334
3282,103.47102800005814,2.3962880004546605,99.7829379994073,0.30046399842831306
3283,101.29618499922799,1.005596001050435,99.16962100032833,0.28207499781274237
3284,109.94842500076629,1.825693001592299,106.90324600000167,0.3349090002302546
3285,93.23787299945252,1.4969330004532821,90.15632299997378,0.26187199910054915
3286,87.33942300023045,1.425672002369538,84.41059599863365,0.31833400134928524
3287,82.0896420009376,1.6854700006661005,79.3088889986393,0.26774199795909226
3288,82.52875399921322,1.8285820005985443,79.54533399970387,0.26520499886828475
3289,85.32102499884786,1.1841710002045147,83.01142300115316,0.2630380004120525
3290,79.79118799994467,0.9750970020832028,77.59169600103633,0.3801680031756405
3291,89.26341200276511,1.1427270001149736,86.85266099928413,0.32744599957368337
3292,80.09357799892314,1.052838000759948,77.8786789996957,0.26574200091999955
3293,83.87650000076974,1.0848940000869334,81.69089899820392,0.2609090006444603
3294,92.51309299725108,1.4466169996012468,89.98741500181495,0.26527800218900666
3295,92.87616800065734,1.0944120003841817,90.65721400111215,0.2788159981719218
3296,101.67120500045712,1.2498010000854265,97.56233599910047,0.3815569980361033
3297,104.36460599885322,0.875726000231225,102.36137500032783,0.29476000054273754
3298,93.56933800154366,0.8953369979280978,91.67799699935131,0.2883910019590985
3299,79.94777999920188,1.0279119996994268,77.9426240005705,0.26642699958756566
3300,87.5067199995101,0.8939109975472093,85.61302599991905,0.2635570017446298
3301,81.44263900248916,0.9549669994157739,79.11486900047748,0.2664079984242562
